Ticker,AAPL,AAPL,AAPL,AAPL,AAPL,MSFT,MSFT,MSFT,MSFT,MSFT,GOOG,GOOG,GOOG,GOOG,GOOG,AMZN,AMZN,AMZN,AMZN,AMZN,XOM,XOM,XOM,XOM,XOM,TLT,TLT,TLT,TLT,TLT,SPY,SPY,SPY,SPY,SPY
Field,Open,High,Low,Close,Volume,Open,High,Low,Close,Volume,Open,High,Low,Close,Volume,Open,High,Low,Close,Volume,Open,High,Low,Close,Volume,Open,High,Low,Close,Volume,Open,High,Low,Close,Volume
Date,,,,,,,,,,,,,,,,,,,,,,,,,,,,,,,,,,,
2018-01-01,42.4299,43.4969,41.7742,42.9066,93036855.0,85.8021,86.6717,85.495,85.9405,31152026.0,53.2221,54.6959,53.1303,53.9062,25570210.0,58.7197,60.459,57.9646,60.3322,100474538.0,83.8122,84.2903,83.0553,83.6021,5873571.0,126.7017,127.2953,124.3846,126.2381,7632095.0,268.1396,272.1207,267.5903,271.0496,188052990.0
2018-01-02,42.9728,43.7497,42.7128,43.5243,117053610.0,86.1142,86.5236,85.5452,86.3614,19842834.0,54.0825,55.177,53.673,54.5838,32591971.0,59.952,61.7079,59.7957,60.561,46102617.0,83.5694,84.6009,82.1006,83.3633,8793509.0,126.151,126.8338,125.7603,126.2798,6376004.0,270.8355,273.4338,269.4463,271.1382,44847143.0
2018-01-03,43.6293,44.6472,41.9926,42.2521,334382494.0,85.8209,87.4304,83.2264,84.1854,102428888.0,54.4867,54.8205,51.6083,52.8238,129828225.0,61.0532,61.6809,58.9266,59.0923,125457473.0,83.1016,84.2437,78.8775,81.3083,48244726.0,126.2803,126.6814,124.1302,125.3476,18420996.0,270.9448,272.012,265.6461,266.3666,202195109.0
2018-01-04,42.4546,42.5602,40.3435,40.4907,640000000.0,83.7864,85.1972,82.9968,84.0801,14235448.0,52.8182,53.1038,51.4759,51.9581,54894509.0,58.6867,59.6847,56.6618,58.3169,57253858.0,81.4888,83.5462,79.9969,81.279,6398766.0,125.3337,125.5662,121.9843,124.1683,21633378.0,266.5768,269.641,263.8604,265.6195,36577956.0
2018-01-05,40.4221,41.0992,40.0149,40.0944,56433111.0,84.1331,85.1221,83.0332,83.2916,33829252.0,52.1303,52.2665,50.8992,51.2274,28330493.0,58.7348,59.171,58.0389,58.9858,49280115.0,80.9062,81.6905,80.4532,80.9612,10772208.0,123.8979,124.1514,121.8726,123.1185,17318628.0,267.1318,268.071,260.1671,264.9774,58334967.0
2018-01-08,39.8979,40.7791,39.0024,39.2701,322088541.0,83.0278,83.2196,81.3294,82.3366,38473382.0,51.206,51.9623,48.9554,49.5768,102090863.0,58.4296,58.7504,55.8499,56.88,199481882.0,81.1789,81.7216,79.0561,80.5524,15341108.0,123.3542,125.3493,122.307,124.6046,33048598.0,266.1416,266.5794,258.7551,260.8767,170348497.0
2018-01-09,39.1345,39.3365,39.0616,39.2198,64309415.0,82.5502,83.0469,81.344,82.0251,27225783.0,49.5886,50.3742,48.1805,48.7029,62171975.0,57.4214,57.9989,55.3815,55.9605,93789500.0,80.6656,81.0407,78.5387,79.8271,25651287.0,124.9472,126.8785,124.4498,126.1152,35470543.0,260.6779,263.2331,256.3092,259.0938,51959949.0
2018-01-10,39.387,39.7479,37.9298,38.0478,318798185.0,82.5681,83.4465,79.8694,80.6637,64921467.0,48.8548,49.3145,47.4843,47.724,64462020.0,56.1152,56.9435,53.117,54.3285,168798201.0,79.6149,80.3107,77.8889,79.7892,8946244.0,126.4058,130.2259,124.3087,127.9932,22918656.0,259.163,262.4331,253.9553,255.5383,291401659.0
2018-01-11,38.3987,38.8157,36.6518,37.5173,125867299.0,80.3522,81.2532,78.4974,79.6679,50403115.0,47.7091,48.0046,46.8987,47.3781,17380368.0,54.5321,55.9376,53.6583,54.3689,27522180.0,80.1023,80.4915,77.7529,78.8428,20094408.0,128.2211,128.7017,127.2776,128.0437,10235305.0,255.6429,256.7358,251.5715,252.8164,158840128.0
2018-01-12,37.6556,38.0342,36.4684,36.7619,147687031.0,79.3876,79.619,77.983,79.2742,22859227.0,47.0717,48.1807,46.9812,47.6289,19856485.0,54.0193,54.6386,53.1554,54.0241,42782426.0,79.0708,81.8492,78.5312,79.6957,21086515.0,127.2388,130.2839,126.445,128.6682,8657520.0,251.4214,252.6124,249.7916,251.6907,49578631.0
2018-01-15,36.5579,37.5485,36.4153,37.0251,77260014.0,78.9067,81.1703,78.5552,80.9567,90276153.0,47.5177,49.5747,46.6708,48.228,24886977.0,53.9418,56.402,53.2238,55.8447,163327759.0,79.5908,80.2233,75.3281,76.9369,122064909.0,128.3448,130.4027,127.6241,129.5284,16896815.0,251.5264,256.2664,250.7889,253.0049,45345086.0
2018-01-16,37.156,37.4618,36.7612,36.8583,102169069.0,80.8757,81.5767,79.0793,80.8059,29857357.0,47.8497,48.5965,46.9809,47.1269,93848159.0,55.7768,57.2222,54.1522,55.1816,86834185.0,77.1069,78.7607,76.9043,77.1436,9333995.0,129.0435,133.1945,127.8708,131.6442,41732829.0,253.1557,254.7835,250.3829,251.1043,122820424.0
2018-01-17,36.7052,37.2614,36.0121,36.364,93595213.0,80.8226,82.4568,78.8369,79.6774,34346122.0,47.0787,47.5374,46.0256,47.0391,16861407.0,55.1553,55.3082,54.4896,54.8577,53136325.0,76.7239,78.1882,75.1005,76.184,28300782.0,131.0575,133.3468,130.5313,132.5617,20605624.0,250.459,252.3362,247.2699,248.9101,74272510.0
2018-01-18,36.3081,37.7999,36.0253,37.0188,139500150.0,79.6842,80.3352,79.3914,80.0639,15032136.0,47.13,47.3666,46.0244,47.2512,15955001.0,55.1885,55.5661,54.3063,55.0209,29556040.0,76.3374,77.3212,73.3094,74.836,33943773.0,132.9443,133.3253,131.2944,132.7587,9412315.0,250.1317,251.7329,248.9408,249.4922,54029746.0
2018-01-19,37.0493,37.6223,36.6069,37.0502,38499234.0,80.3474,80.6079,78.7058,79.5205,32441119.0,47.2753,47.8642,46.233,46.5296,36645242.0,55.2009,56.2449,53.9794,54.4444,44709465.0,74.3903,74.9332,73.9469,74.3616,13351491.0,133.327,133.8545,130.9997,131.9123,16342570.0,248.6973,253.2443,247.3144,248.4029,72964692.0
2018-01-22,37.1083,37.596,36.8425,37.3436,64684791.0,79.6436,81.9889,78.5326,81.5443,90381855.0,46.7961,47.5794,46.5175,47.3291,42614022.0,54.4018,56.2398,53.5041,55.5845,108049771.0,74.4007,75.0046,73.4146,74.6789,11706586.0,131.9148,133.0444,128.6941,129.1724,84723547.0,247.689,253.3543,245.2796,251.9244,160552396.0
2018-01-23,37.3543,37.8863,37.0338,37.4117,44938570.0,81.5254,84.7737,80.8047,83.7828,91774261.0,47.5783,48.2045,47.2238,47.9169,25906964.0,55.8475,57.2971,54.9887,56.6559,109832468.0,74.8899,75.0544,74.7758,74.9385,22930233.0,129.3259,130.2092,126.7934,127.5126,26849875.0,252.4187,253.8963,251.006,251.5771,37307301.0
2018-01-24,37.3126,38.015,37.0032,37.94,86685921.0,83.7963,85.8941,82.8791,85.2903,73222223.0,47.9673,48.6093,47.4784,48.1043,25531141.0,56.9735,59.117,56.5061,58.3144,238978621.0,75.0424,76.2246,72.7946,73.7415,39007559.0,127.3973,128.6654,126.2662,128.0038,8126205.0,251.776,255.7489,249.0332,254.7047,94590786.0
2018-01-25,38.1177,38.793,36.9433,37.3112,128136925.0,85.319,86.9646,83.1945,83.8621,46378987.0,47.6355,48.3349,47.3592,47.493,46842676.0,58.1582,58.5259,55.345,57.084,112400742.0,74.2121,74.3824,71.0005,71.5661,81406209.0,128.3816,130.3221,127.8876,128.5832,7979457.0,254.3783,255.1389,247.0707,250.0247,328606894.0
2018-01-26,37.2245,38.2289,36.6876,37.6527,82728358.0,83.843,84.566,83.2517,83.5882,31039941.0,47.6237,48.7754,46.9597,48.3179,43824804.0,56.9231,57.9159,56.7374,56.9001,31362316.0,71.334,71.9588,70.7946,71.3975,6385753.0,128.674,130.1255,128.1992,129.3889,11847541.0,250.7396,254.1468,249.0615,249.6892,86032821.0
2018-01-29,37.8616,37.9819,37.7142,37.8328,54918927.0,83.3656,85.5389,83.2005,85.0225,62599915.0,48.1654,48.7206,47.6708,47.9985,20617715.0,57.4842,57.8639,55.2876,57.3706,43114244.0,71.5171,73.088,71.211,71.8475,10223046.0,129.219,131.0917,128.5731,130.2906,18911788.0,249.8618,253.0207,245.647,250.2928,39891680.0
2018-01-30,37.6067,37.6667,36.8147,36.9899,114449390.0,84.6208,84.758,82.5337,84.223,32151352.0,48.172,48.9232,46.808,47.5815,19635821.0,57.3057,58.3296,55.9746,56.8394,27861174.0,71.2229,72.2598,70.5547,71.7711,10913146.0,130.4753,131.1343,129.6061,129.8143,7928540.0,251.6083,254.4756,247.6223,248.4892,68969965.0
2018-01-31,37.0251,37.4084,36.9571,37.2099,63231405.0,84.2702,84.9376,83.7663,83.9482,17198327.0,47.6425,48.9921,46.8342,48.52,55131348.0,56.667,59.4445,56.2346,57.5181,47127692.0,71.6207,72.0463,70.3174,70.6376,29490337.0,129.7549,130.1411,129.3618,129.9143,9765705.0,247.2396,248.6777,245.4132,248.1329,58153719.0
2018-02-01,37.0092,38.4987,36.8615,37.7587,117492774.0,83.7834,86.891,82.8164,85.8222,93428824.0,48.6505,49.4411,48.4655,48.87,26253515.0,57.4762,59.8267,57.0058,59.0632,145505183.0,70.5501,71.9976,69.6952,71.5114,18232369.0,129.9784,131.131,128.9043,130.5646,9234573.0,247.7662,253.3235,246.8489,252.5381,144081159.0
2018-02-02,37.6201,37.9558,37.2414,37.6242,89946092.0,85.9998,86.1987,83.8315,84.965,23768277.0,48.9705,49.6881,47.5238,48.1161,57586208.0,59.3638,59.8993,57.5335,57.8997,49678954.0,71.9719,73.0315,70.8324,71.2123,12994370.0,130.7929,131.4611,129.9641,131.2507,11796224.0,253.7251,255.5822,250.0556,250.618,75775485.0
2018-02-05,37.5392,38.5416,36.8848,38.2062,125589389.0,84.9891,87.4944,84.0688,85.8719,19948079.0,48.5893,48.8161,47.7479,48.4089,17103740.0,58.0966,59.077,57.2854,58.6482,58393335.0,71.2054,75.5163,70.9009,74.6726,144000000.0,132.5002,132.8254,130.5235,131.4294,8667975.0,250.9596,254.9145,250.1079,254.4981,220442948.0
2018-02-06,38.4632,38.8003,36.8877,37.5198,190437928.0,85.8769,86.0313,84.049,85.2804,18902375.0,48.5123,49.1761,47.5645,47.8556,20900946.0,58.6134,60.0384,57.8311,58.5039,23571044.0,74.9523,76.1451,73.9627,74.8199,9722688.0,132.0222,132.3044,131.2505,131.6488,10382705.0,254.4222,255.7196,250.8996,252.4555,78516833.0
2018-02-07,37.7368,37.9749,36.0893,36.5583,230845863.0,85.6116,86.3485,82.8753,83.4388,115473723.0,47.6055,47.8825,46.9881,47.3661,22657264.0,58.6732,59.4014,56.6224,57.5633,102527258.0,74.5433,75.5548,71.4683,72.7922,70813725.0,131.6986,134.3799,131.4467,132.4472,12343977.0,252.1669,254.1378,247.1119,248.3183,269284591.0
2018-02-08,36.6995,37.4075,35.8101,36.0201,166589287.0,82.9786,84.2364,82.3466,82.7634,24273731.0,47.5743,48.6127,46.0462,46.9809,28680686.0,57.6314,58.0438,55.5076,56.2277,102127747.0,72.693,72.9731,72.2731,72.841,8047864.0,132.134,134.3878,131.3799,133.4877,18856552.0,248.5647,250.8681,243.5127,246.8858,84191105.0
2018-02-09,36.0254,36.9419,35.5917,36.7238,129297986.0,83.342,83.8824,80.0654,82.6648,12596480.0,46.8981,46.9959,46.5318,46.771,18840766.0,56.1899,57.8619,55.6621,56.7321,40766712.0,72.5918,74.852,71.8032,73.6903,16334752.0,132.7319,134.5808,130.8442,133.8886,9925140.0,246.0859,252.2741,245.26,250.3581,185726834.0
2018-02-12,36.7543,37.3922,35.8924,37.1236,104064331.0,81.9567,85.3314,81.1185,84.2743,69989727.0,47.0293,48.078,46.8531,47.8625,95314304.0,56.6517,58.3736,55.1257,58.2077,121847012.0,73.391,75.157,71.7858,73.7699,7620686.0,134.3226,135.3221,133.8496,134.0883,7388312.0,249.3422,256.3497,245.025,252.9053,99388187.0
2018-02-13,37.3315,38.2241,36.7144,36.997,68349417.0,84.7571,85.2266,83.2545,83.6746,49477966.0,48.1658,48.5277,47.3224,47.676,18453968.0,58.2484,60.1308,57.4413,59.5464,104522505.0,73.4909,74.0929,71.4241,71.6011,79472743.0,134.4672,137.2616,134.2336,135.115,12596067.0,253.3095,254.8429,248.1491,250.453,104180407.0
2018-02-14,37.1116,37.2916,36.1916,36.7182,87363622.0,83.7408,84.8124,83.3133,84.2187,35445043.0,47.7976,48.0218,47.6091,47.7523,23102737.0,59.4295,59.8182,58.0231,58.8499,63560534.0,71.4213,72.4783,70.3156,70.7472,16015138.0,134.9014,137.6618,134.1232,136.1617,18424146.0,251.061,253.721,248.7073,249.1968,71464739.0
2018-02-15,36.7211,37.3976,36.3875,36.8866,102974498.0,84.0451,84.6933,83.6235,84.5345,17926748.0,47.5032,48.0655,46.6129,47.5846,11944850.0,58.8696,61.2653,57.9667,60.4773,128082593.0,71.3415,71.8908,71.0147,71.5401,38647952.0,136.1316,136.4236,132.5023,133.3777,77584885.0,249.8623,253.1078,248.2755,251.2107,101693356.0
2018-02-16,37.1292,37.5156,35.8179,36.4862,79711324.0,84.0461,85.2278,82.7609,84.6846,15360435.0,47.495,47.6354,46.99,47.0753,16194168.0,60.4632,61.2123,59.4481,60.0648,38363190.0,71.523,72.1526,70.9664,71.8832,17712892.0,133.4476,135.2825,132.6553,134.7097,19847749.0,250.9051,252.1869,248.2932,249.6431,114057999.0
2018-02-19,36.6175,36.8314,34.8435,34.911,640000000.0,84.485,86.1604,81.5569,81.8279,184382197.0,47.3344,47.4219,46.064,46.4847,48529808.0,59.6546,61.197,59.2249,60.8209,66728874.0,71.4862,73.1616,71.3427,72.1484,15488584.0,134.9115,135.4628,132.9729,133.2068,25773042.0,249.3115,251.139,246.9781,249.8008,52805061.0
2018-02-20,34.9484,36.4752,34.7764,36.2701,640000000.0,81.7752,85.7227,80.8356,84.8725,212148724.0,46.8667,47.4662,46.7053,47.1658,32644154.0,60.669,62.7321,60.0732,62.2464,107753384.0,71.9937,75.3329,71.1757,74.4989,82924389.0,133.7633,135.8107,130.228,131.4996,35285774.0,249.7984,257.1615,246.976,256.5211,600000000.0
2018-02-21,36.1968,37.0568,35.8628,36.797,118583896.0,84.9377,85.3715,84.761,84.89,19159750.0,47.1778,47.6945,46.8464,47.3487,18854544.0,62.1704,62.4913,59.5661,60.1465,257113561.0,74.8096,74.9797,72.7594,73.5429,20585642.0,131.0685,131.6523,129.8946,131.1478,5952913.0,255.7997,256.6495,253.5082,255.0119,88513695.0
2018-02-22,36.708,38.0446,36.4499,37.9007,519258309.0,85.3745,85.5969,84.525,85.3236,22319579.0,47.2954,47.8485,47.0022,47.6842,23803847.0,60.6773,61.621,60.2643,60.9373,50633960.0,73.3319,76.9501,72.008,75.7266,59156159.0,131.3706,132.2722,127.8767,128.8036,49190141.0,255.4923,260.71,254.1567,259.4336,297363418.0
2018-02-23,37.8445,38.0844,37.2672,37.9363,45120373.0,85.3483,86.2729,83.4731,84.526,25496136.0,47.4543,48.1379,47.1109,47.696,15160706.0,60.8912,61.694,60.3114,60.8581,29280858.0,76.1893,76.6937,73.7589,74.9792,32350968.0,128.8746,130.507,127.4478,128.9392,5851357.0,259.2159,260.9153,256.6432,258.1628,58743568.0
2018-02-26,38.0128,38.1576,37.6303,38.0412,53276409.0,84.6325,85.7709,84.2132,85.2859,23314357.0,47.4686,48.9492,47.1448,48.7514,60585442.0,60.9367,61.9762,60.5279,60.6321,43388290.0,75.296,79.1401,74.4634,77.6683,144000000.0,128.7736,130.5353,125.4621,126.2164,66777144.0,258.1141,258.721,247.7973,249.4507,600000000.0
2018-02-27,38.1817,38.5818,37.8154,38.4672,93531950.0,85.4036,86.8346,85.1502,86.1937,65575016.0,48.7979,49.1716,48.1082,48.8636,12798293.0,61.2515,61.4356,60.4978,60.9498,40010249.0,77.6065,78.1077,77.1983,77.3589,15657114.0,126.4731,126.8999,124.3982,125.3539,12232090.0,249.3267,255.13,246.4068,251.2134,81760794.0
2018-02-28,38.223,39.5896,37.8736,38.7396,51615172.0,86.0826,87.3871,84.6524,85.9966,23578286.0,49.004,50.6039,48.8944,49.3703,22572589.0,60.4967,62.9859,60.3049,61.4168,25118397.0,77.1513,78.6301,76.6128,78.4781,27455737.0,125.3188,127.0263,123.5841,125.8912,14421960.0,251.5797,254.187,250.7186,251.9096,59345426.0
2018-03-01,38.4085,38.4931,38.0889,38.3879,98785901.0,85.9315,86.8591,84.9098,85.3634,23343126.0,49.0705,50.1192,48.4857,49.5908,22114683.0,60.9732,61.489,60.8422,61.3911,29139751.0,78.1732,79.1473,76.5231,78.5005,9154146.0,125.8657,128.4105,125.4947,127.5186,33030083.0,252.1141,254.7202,247.8104,251.2049,71255097.0
2018-03-02,38.2272,38.5375,37.6022,38.1026,84844893.0,85.3274,85.9386,83.9634,85.797,32799486.0,49.7595,50.8088,49.0802,49.7632,21458250.0,61.1658,62.974,60.8674,62.561,61362963.0,78.5624,80.235,77.4491,79.7442,35464320.0,127.6195,128.4805,126.2927,128.2553,9932253.0,252.5661,255.3901,251.4142,253.8839,163466921.0
2018-03-05,38.0342,38.9258,37.9666,38.1457,46188392.0,86.0089,86.8857,84.9503,86.4916,22817098.0,50.0436,51.0608,49.5819,49.8221,14055516.0,62.4626,63.3028,62.1985,63.0498,32125707.0,79.8798,80.4227,78.7666,79.6785,15645505.0,128.1074,129.6972,127.3179,128.3266,7370425.0,253.6075,256.6173,252.5393,254.9934,52544320.0
2018-03-06,38.3474,39.4679,35.9571,36.5662,640000000.0,86.1813,88.3544,85.8296,87.6096,42331228.0,49.9509,50.502,49.1274,49.4164,21514043.0,62.9807,63.514,61.1063,62.0885,74084606.0,80.1169,82.3801,79.9711,80.9048,35519330.0,128.5383,130.1304,127.603,129.4958,21581509.0,256.2927,257.0971,239.1862,242.3434,600000000.0
2018-03-07,36.521,37.1893,36.418,37.0018,88093867.0,87.4351,89.5336,87.0187,88.3138,28490479.0,49.752,50.4138,49.0446,49.3343,17865975.0,61.9389,63.5749,61.7617,62.4933,29279218.0,81.023,81.7026,79.8068,80.3301,12608516.0,129.3662,130.9584,126.8021,130.5946,16464484.0,241.102,245.3399,239.6043,242.8345,79534324.0
2018-03-08,37.0434,37.1045,35.9449,36.4946,72857555.0,88.4378,88.8931,86.521,87.2267,44282709.0,49.4062,50.5725,47.991,49.0229,15065246.0,62.1301,62.3404,60.836,61.4134,56600726.0,80.2143,81.3128,76.8319,78.9501,29033130.0,131.152,131.7577,130.2535,131.2544,8698071.0,243.1717,243.8548,238.1324,240.2857,196331126.0
2018-03-09,36.5619,36.7723,36.132,36.1972,123253410.0,86.8578,87.6812,85.762,86.343,28263512.0,49.0963,49.869,48.5494,48.7609,33083387.0,61.6967,61.9487,59.7189,59.8681,124469188.0,79.3956,80.1902,76.5989,77.006,68997091.0,131.33,131.8663,129.7665,130.6832,8431973.0,239.2081,242.2964,235.7947,237.5325,167377792.0
2018-03-12,36.0342,36.7835,35.7715,36.4239,86449458.0,86.3816,89.0441,85.5326,88.0654,76583938.0,48.83,50.2033,47.8635,49.7904,71009707.0,59.7398,61.0562,58.8419,60.7293,52469851.0,77.2648,77.7312,77.1069,77.344,10971961.0,130.4627,134.52,128.5186,133.1174,39868867.0,236.844,241.1608,236.1092,240.3171,131220611.0
2018-03-13,36.6592,37.2027,36.1406,36.2665,68941623.0,87.8764,88.0198,84.4474,85.2443,127100637.0,50.0683,50.7909,48.8303,49.3115,26763970.0,61.0701,61.517,59.2723,60.869,19013257.0,77.1266,79.2196,76.6709,79.06,43832919.0,133.221,133.975,132.6324,133.0102,12376528.0,239.6541,244.3925,239.1626,241.0787,53462384.0
2018-03-14,36.1603,36.9254,35.8497,36.7385,97222749.0,85.414,86.352,84.7916,85.6445,21411079.0,49.4202,50.2994,48.151,49.7401,31827605.0,60.5772,61.7408,59.9986,61.3511,46826937.0,79.0331,80.1639,78.8166,79.4768,21182604.0,133.3422,133.7981,129.8686,131.7616,13139086.0,240.3605,246.1414,237.3648,242.7183,66016630.0
2018-03-15,36.9921,37.5514,36.1285,37.0908,91543499.0,86.109,88.6665,85.7589,87.5241,120209451.0,49.6323,51.9145,49.2703,50.9467,93003328.0,61.9218,64.5629,61.8193,64.1586,360000000.0,79.692,81.7234,78.2808,79.0399,13675920.0,131.2397,132.8469,130.1574,132.432,8807323.0,242.3003,246.5306,239.9966,246.0961,187631162.0
2018-03-16,37.0702,38.9578,36.7926,38.5808,467014921.0,87.3367,89.7237,86.4641,89.1278,84860948.0,51.0351,51.8467,50.6777,51.5927,36627587.0,63.6557,65.1695,62.4526,65.0529,74573987.0,79.1387,79.4848,76.0217,77.361,32120808.0,132.8555,134.7767,129.5789,131.2365,19272683.0,247.6361,249.5161,243.4137,248.295,102339368.0
2018-03-19,38.5234,39.1376,38.0505,38.7126,52346258.0,89.3941,90.4106,89.2564,89.6685,21933870.0,51.6843,53.5847,51.4751,52.8261,48295401.0,65.0484,66.8164,64.787,66.5099,80525548.0,77.0425,77.2457,76.4236,76.9164,31004837.0,131.3491,131.7007,129.0064,129.8423,14875357.0,247.6778,251.5898,246.95,250.4222,99162080.0
2018-03-20,38.5235,39.0677,37.2778,37.8503,162181176.0,89.7393,91.1162,89.1025,90.0454,15477731.0,52.7802,53.5295,52.1133,53.2206,26225705.0,66.1969,67.4296,66.0704,66.6342,30812911.0,76.9718,78.4297,74.1481,74.632,118070546.0,129.8323,132.6173,129.1838,131.8905,31774091.0,249.2792,249.8854,245.6121,248.2274,78376943.0
2018-03-21,37.8832,38.8173,37.5925,38.7151,218010407.0,89.9095,91.4845,88.6331,89.9306,10513819.0,53.4439,53.9088,52.5169,53.2208,19748987.0,66.6454,68.1266,65.969,66.966,29921871.0,74.4258,75.6952,74.1423,75.0328,14394799.0,131.6626,131.9647,130.0842,131.0308,14764381.0,248.5751,252.0362,247.9928,249.8677,104895301.0
2018-03-22,39.1019,39.5078,37.3813,38.0218,189117861.0,89.9329,91.3137,88.0126,88.7352,53261270.0,53.2408,53.8476,52.5386,52.6279,27135666.0,66.6569,67.0357,65.6019,66.4695,28856473.0,75.0523,75.5344,74.4556,75.4042,14158798.0,131.1455,132.7726,127.7857,129.9387,18769216.0,250.0394,251.4407,246.4441,247.2643,139502415.0
2018-03-23,38.0912,39.1547,37.9395,38.9179,164843868.0,89.1898,91.8915,87.6784,90.4612,76607323.0,52.7801,53.3684,52.4592,53.1125,34125286.0,65.7992,69.1178,65.5301,68.8492,191206831.0,75.004,76.5022,74.0545,76.1281,11689985.0,129.6497,132.3829,129.2966,130.9125,17748983.0,248.8227,252.9989,246.5474,250.8537,212042514.0
2018-03-26,38.9644,40.9403,38.3004,40.3892,640000000.0,90.4,95.9661,90.1428,94.6946,240000000.0,53.2235,55.6676,52.3363,54.7804,163472080.0,68.5957,73.6127,67.5963,72.2662,264422137.0,75.8509,78.4132,75.5247,78.0077,53473429.0,130.258,132.5067,128.9292,131.671,15667081.0,250.8247,261.5637,249.3916,257.6629,448258448.0
2018-03-27,40.2707,41.412,39.9006,40.912,110707557.0,95.1839,97.7272,93.3404,96.5921,113933558.0,54.6179,55.2392,53.9925,54.5468,20196542.0,72.8132,73.9737,71.0689,71.9531,24980209.0,78.6809,80.4501,74.059,75.9389,58774463.0,131.4346,132.1788,130.6263,131.313,9016041.0,255.9975,262.2724,251.4757,258.4857,39470248.0
2018-03-28,41.0189,42.5421,40.7607,42.0425,332780891.0,96.5465,99.2369,94.254,98.4674,74037809.0,54.3285,56.6621,54.209,56.4967,187689284.0,71.6139,73.064,71.296,72.6053,30356746.0,75.8064,76.4288,74.3712,74.7201,33121821.0,131.2228,131.4276,130.3041,130.6773,9878950.0,258.1727,263.2785,256.7428,261.8666,123709842.0
2018-03-29,42.0717,43.0333,41.8926,42.0502,41842137.0,97.9213,101.3129,96.0504,96.4008,87741924.0,56.3315,56.499,55.2505,55.8358,37373498.0,72.7799,73.7781,70.2973,70.5796,156674256.0,75.0616,76.5843,74.4479,75.2461,24810055.0,130.8794,132.0741,130.2731,131.3209,13252688.0,261.5348,262.4963,257.6922,258.9504,163374381.0
2018-03-30,42.0385,42.1224,41.6055,41.7024,92111824.0,96.3451,96.5694,93.3967,94.8336,40481009.0,55.8173,57.0732,54.7658,55.1897,35719552.0,70.5815,70.737,69.7267,70.5007,28520722.0,75.2074,75.3249,72.4602,73.8196,44823499.0,131.2486,133.5281,129.89,132.2548,21676611.0,258.0469,259.0194,253.9263,255.8823,128579489.0
2018-04-02,41.7935,42.1178,39.9928,40.282,389866089.0,94.2788,95.8847,92.5878,93.9117,52013111.0,55.5505,56.3481,53.9818,54.1023,94588105.0,70.3494,72.0792,68.6092,69.0789,59018642.0,73.4569,73.9042,71.258,72.1004,92249037.0,131.8738,135.7902,130.7808,135.272,96000000.0,255.4746,257.4365,251.1704,252.1107,152990095.0
2018-04-03,39.9607,40.6642,39.3019,39.8181,63400175.0,93.7943,94.7297,93.1139,93.413,23709972.0,54.0918,54.1914,53.0559,53.6975,30289901.0,69.749,69.981,67.6426,68.3777,58060327.0,71.7822,73.1094,71.0911,72.5178,10636803.0,135.0468,137.5925,134.2897,136.4804,15299351.0,252.0038,253.4793,247.1754,250.5591,93159313.0
2018-04-04,39.8005,40.2679,39.2306,39.4457,57850264.0,93.2822,93.5951,91.7429,92.5803,26557342.0,53.7797,53.974,51.9276,52.0325,164572782.0,68.2762,68.4865,65.3893,66.069,187861910.0,72.2828,76.2467,71.9724,73.6528,20960881.0,136.4875,139.9849,135.7089,139.089,73157217.0,250.5159,252.4258,247.3641,247.8265,121145684.0
2018-04-05,39.238,40.2319,38.7752,39.8791,81440292.0,93.2449,94.0249,92.7067,93.5822,39382953.0,52.2189,55.1709,51.2399,54.2035,200000000.0,66.1219,68.5748,65.4851,68.3159,158035171.0,74.3028,75.2463,73.1383,73.9736,18528042.0,139.3155,140.1587,136.9482,137.2213,37876670.0,246.8586,250.9955,245.8299,250.6166,147754608.0
2018-04-06,39.8842,40.2033,39.7011,40.0529,39437577.0,94.177,95.8428,92.8,93.1374,39027595.0,54.1239,54.6381,52.9627,53.3451,52742854.0,68.3435,69.1594,67.032,67.3756,38057136.0,73.9036,74.0275,72.4091,72.7058,35978002.0,137.5027,140.2251,136.4778,139.6739,39839989.0,251.0499,252.5022,246.1997,249.0512,61934054.0
2018-04-09,39.9252,40.379,38.3567,40.0777,67472474.0,93.1688,95.1459,91.992,94.6428,95269898.0,53.2546,55.0806,52.5159,53.8346,15927442.0,67.8788,68.6552,67.1537,67.3213,21278101.0,72.7598,75.07,72.456,74.5782,71527493.0,139.1954,141.115,138.1324,140.1905,9642180.0,250.2088,251.7592,248.2752,250.6866,81729324.0
2018-04-10,39.962,40.0704,39.6486,39.9737,51318844.0,95.0952,96.1883,92.9534,93.6395,29098266.0,54.067,54.705,52.54,52.7316,60733772.0,66.8463,68.0542,66.3872,67.2838,24709704.0,74.7867,76.9676,74.1324,76.561,67100730.0,140.2086,141.5776,137.2448,138.4271,34249490.0,250.886,253.7417,249.7173,250.9319,63740818.0
2018-04-11,39.7394,40.1772,39.1782,39.5476,114542772.0,93.493,94.5111,91.4623,92.5181,55314671.0,52.8544,53.1669,51.293,51.9112,37069435.0,68.001,68.3522,64.9256,65.747,137387871.0,76.7194,77.3069,75.2431,76.2537,13927857.0,138.6972,139.2932,136.841,137.6951,16551072.0,251.7201,252.9218,246.719,248.7505,141384256.0
2018-04-12,39.7427,40.0196,38.6865,39.5426,53915193.0,91.9997,92.7938,91.2555,92.299,21451186.0,51.7915,52.6195,50.9731,51.3558,32754032.0,66.2206,66.6797,63.7155,64.9966,49860167.0,76.5242,77.4575,76.2614,77.0504,25125983.0,137.3925,139.8192,136.7116,138.4496,10738834.0,248.8783,251.319,247.2529,247.6854,53161587.0
2018-04-13,39.4246,39.8329,39.3256,39.6421,52169432.0,92.491,93.686,91.4634,93.1998,44172954.0,51.2691,51.9114,49.4609,50.7582,28141764.0,65.1188,65.7124,63.5952,65.4775,36454042.0,76.8848,77.2705,75.786,76.3373,20797025.0,139.079,140.0949,138.1049,139.2811,9332916.0,246.9517,249.441,246.2835,247.2281,46718395.0
2018-04-16,39.5331,39.6749,38.0871,38.4291,640000000.0,93.3325,93.5028,87.5517,89.7641,240000000.0,50.7759,50.8758,48.8128,49.3412,126612935.0,65.669,66.1768,63.3201,63.5974,181586297.0,75.9682,76.091,73.063,74.3664,58208678.0,139.1077,142.9185,138.7361,141.0266,32945825.0,247.418,249.2712,239.2404,239.9067,600000000.0
2018-04-17,38.6894,39.1239,37.7805,38.4135,93837686.0,89.4334,89.9136,87.69,88.6328,50470070.0,49.4078,49.7274,48.2976,48.6819,33085363.0,63.5289,65.3102,61.8672,63.018,45734922.0,74.0793,74.7078,71.6732,73.2264,54857142.0,141.3895,141.9496,139.4532,140.7432,7864799.0,239.5652,243.7019,236.3957,238.4941,78617786.0
2018-04-18,38.5098,38.9445,36.4993,37.1362,620604223.0,88.3216,89.6266,87.1903,88.8638,27934279.0,48.9305,49.3732,47.2989,48.0345,55934295.0,63.0627,65.1734,62.3439,63.0685,17837490.0,72.7685,75.3645,72.1286,74.6627,41976212.0,140.9885,141.7752,137.275,137.5744,96000000.0,237.7452,240.4916,236.6295,238.6517,48212630.0
2018-04-19,36.8045,37.7032,36.6845,37.5446,73691154.0,89.1931,91.0239,87.9638,89.3461,16059988.0,48.1393,49.666,47.8045,48.5146,42944375.0,63.1938,63.3614,62.9964,63.1115,23120396.0,74.5038,76.1806,74.255,75.0153,13272608.0,137.3362,138.3099,137.0357,137.568,6945041.0,238.5989,245.6032,238.1002,240.6131,138333211.0
2018-04-20,37.7747,38.0177,36.9241,37.7421,89769054.0,88.7558,90.798,88.6176,89.9947,31263670.0,48.3196,49.2615,47.5247,48.5615,10258146.0,62.8411,63.8326,62.05,63.0233,23375149.0,73.8794,75.3934,73.6683,74.6554,12888150.0,137.5736,138.6875,135.3054,138.0385,10263135.0,241.1733,243.618,238.2962,240.7196,45547791.0
2018-04-23,38.0174,38.2103,37.8712,37.9644,42278990.0,90.1927,92.8788,88.7212,92.3424,87456139.0,48.4054,49.8434,47.6544,49.7404,86229858.0,63.4774,64.632,61.0098,64.0177,64278808.0,74.8773,77.4599,74.2744,76.4468,61125262.0,138.5138,139.0573,136.5221,137.0512,13959045.0,240.4873,245.7511,238.2426,243.5315,121278950.0
2018-04-24,38.2255,38.4207,36.8687,37.3236,198194527.0,92.2282,93.8107,88.5526,89.5521,151903459.0,49.8035,49.9173,47.0572,48.53,74319582.0,64.0855,65.0294,62.3312,62.4635,104421015.0,76.6261,78.3701,75.5153,77.7673,32606004.0,136.8659,138.4333,135.9046,137.944,17897540.0,244.8744,246.2184,237.6051,240.1171,251077940.0
2018-04-25,37.4337,38.3506,36.7272,37.9024,66019453.0,89.7496,90.8697,88.2155,88.4375,42767787.0,48.5584,49.0012,48.3812,48.5656,15419918.0,62.5053,63.8649,61.2043,62.9648,33534881.0,77.4573,77.6374,75.4758,76.1948,26571639.0,138.0057,140.1421,136.9661,139.3616,17992333.0,240.7652,243.8958,238.1238,239.3662,46677735.0
2018-04-26,37.7187,38.1708,37.5554,37.6544,63368418.0,88.7823,89.4267,87.0616,88.6498,15362950.0,48.3981,49.7904,47.7793,49.6856,84433102.0,62.7075,64.0202,61.8714,63.5128,61755169.0,75.7664,77.928,75.4901,76.5101,12546853.0,138.8339,141.3309,136.3219,138.5995,13519695.0,238.9948,241.595,238.1043,239.983,53739774.0
2018-04-27,37.6462,39.1942,37.3926,38.2389,169419388.0,88.3452,88.9891,87.773,88.7919,16084897.0,49.9003,51.0416,49.5224,49.9971,15754440.0,63.8648,65.515,62.834,63.548,25291288.0,76.9903,78.3993,75.9554,77.3593,16916348.0,138.7251,139.9212,137.8439,138.7604,8336471.0,239.5899,243.0015,238.2704,241.8736,81717254.0
2018-04-30,37.9955,38.5062,37.4223,37.9253,84663015.0,88.3942,89.5305,87.3655,88.0735,21542239.0,49.539,50.422,48.9164,49.1576,37197395.0,63.5342,64.8244,61.0617,62.5261,77887096.0,77.6661,78.5193,77.1128,77.508,12157152.0,138.6191,139.6825,134.9539,135.7815,83082676.0,243.3486,244.7421,238.7551,239.5042,86582742.0
2018-05-01,37.7807,39.2185,37.5654,38.5407,90701737.0,88.5835,90.4561,87.3394,90.3125,96134603.0,49.2252,50.9534,48.8324,50.2528,55760872.0,62.3711,66.2005,61.5459,65.3269,360000000.0,77.4264,77.7645,75.682,77.1954,13183521.0,135.9608,136.611,133.4285,133.6524,52712533.0,239.276,245.5682,234.679,242.5174,150682605.0
2018-05-02,38.3524,39.7949,37.9369,39.6013,290475890.0,90.2922,93.5894,89.4208,92.6172,127639411.0,49.9355,51.5788,49.8423,51.2987,54070671.0,64.9926,67.7725,64.5361,67.1067,166878776.0,76.9823,77.6123,75.0543,76.624,14421543.0,133.3684,137.7809,132.5289,136.2563,58316692.0,242.768,247.0269,240.244,245.7906,172667314.0
2018-05-03,39.492,39.8923,38.8292,39.708,58053988.0,92.7368,95.0324,91.8324,93.5072,42363978.0,51.4841,52.1584,51.2517,51.849,26313947.0,67.0555,68.254,66.233,67.8204,47263702.0,76.636,77.1714,75.3676,75.8764,25635777.0,136.3661,138.6377,135.0533,136.7564,18088049.0,246.0846,251.4927,244.5815,247.7248,88612096.0
2018-05-04,39.7367,40.8813,39.5373,40.6924,244543511.0,93.8431,98.5368,93.4414,96.6636,170460813.0,51.7928,52.935,51.5042,52.8502,67988431.0,67.4466,69.038,67.1489,68.7615,75549968.0,75.4301,76.7733,74.8737,76.4671,17131216.0,136.6357,138.2991,135.8097,136.2627,10746944.0,246.5171,254.8325,244.9212,252.7244,438000321.0
2018-05-07,40.6127,40.9351,39.0156,39.3024,421922872.0,96.2985,97.0503,95.0636,96.3407,29609542.0,53.0123,54.5839,51.2622,52.2008,35886271.0,68.8739,69.6436,67.4504,67.5553,37071868.0,76.5589,77.0312,74.1973,74.7337,48237324.0,135.36,136.4961,133.3261,134.712,35064012.0,251.5017,252.1075,249.5065,250.2689,95659135.0
2018-05-08,39.218,39.4742,39.1168,39.3832,62517444.0,96.6834,97.4153,94.6203,95.2049,46955850.0,52.1173,52.8099,51.0112,51.2198,44305566.0,67.8029,68.1159,66.4572,66.5781,63862719.0,74.3668,77.4011,73.5481,76.4973,49837495.0,134.7418,135.3942,134.1356,134.472,10167561.0,250.8772,252.7058,247.6945,248.7248,86735009.0
2018-05-09,39.3327,39.4226,38.955,39.2426,74550662.0,95.4452,95.5897,94.2906,94.7271,34568994.0,51.4986,52.5447,48.3922,49.6159,130304969.0,66.4546,66.8629,64.2329,65.6662,63285070.0,75.7521,77.2109,75.1033,76.0874,13302449.0,134.9,137.8059,133.9716,135.7536,29082490.0,247.9874,252.7286,245.7614,247.505,51143663.0
2018-05-10,39.503,40.4026,38.733,40.0606,171919012.0,95.2769,97.6526,94.6793,95.7956,24858773.0,49.2383,49.9887,49.0196,49.6409,7872033.0,65.7395,68.5207,64.4883,68.3983,354654086.0,75.8343,77.8779,75.5171,76.6149,18602928.0,135.3791,136.3202,134.9264,135.3521,9579332.0,247.5133,251.9866,246.0117,250.4169,258486675.0
2018-05-11,40.4447,40.7213,39.8408,40.2314,85739106.0,96.345,97.4386,95.2646,95.944,20023917.0,49.82,50.9283,48.1776,49.4462,30316471.0,68.7937,69.0097,67.2437,67.9714,28028534.0,76.2971,77.3898,75.3044,76.6273,8226091.0,135.1324,135.9972,132.7098,134.649,16228127.0,249.3473,251.5818,248.3133,250.0565,40690613.0
2018-05-14,40.1515,40.5702,39.9032,40.3376,50518761.0,95.9679,96.473,95.1885,95.878,20213924.0,49.3233,50.7654,48.9509,50.2472,44734038.0,67.9159,69.616,66.0524,66.1865,111689009.0,77.1963,79.3597,76.5862,77.9943,36726879.0,135.0994,137.0371,134.1474,136.1305,34872540.0,249.8238,252.0126,248.5452,249.1969,39526480.0
2018-05-15,40.3974,40.5389,39.3034,40.125,55652712.0,96.1627,97.0525,94.2217,95.1897,18552105.0,50.3245,51.4314,49.0447,49.2512,76249419.0,66.1535,66.4239,63.8448,64.8694,68181815.0,78.531,79.1824,74.7282,76.425,38612463.0,136.3215,139.5926,135.9225,138.8375,73786533.0,249.3479,251.3416,243.3645,246.6986,112793491.0
2018-05-16,39.9764,41.1784,39.8161,41.0662,298504947.0,95.2064,98.3059,94.9469,97.4286,177007284.0,49.3353,50.0938,49.2509,49.6073,28360784.0,64.8711,65.9259,63.6651,65.5981,56700315.0,76.0765,77.9335,74.9978,77.5906,25498668.0,138.7225,139.3305,135.3731,136.7495,33594323.0,245.2621,251.7617,244.3489,250.8696,256849139.0
2018-05-17,41.2055,41.654,40.2161,40.9236,77389846.0,97.4843,97.9102,96.2221,96.8427,22234174.0,49.3252,49.9282,49.1621,49.7661,17185259.0,65.4617,66.122,64.8272,65.7883,37207815.0,77.5588,77.7174,75.417,77.0784,18062358.0,136.8515,139.6456,135.7417,138.3323,40953501.0,250.908,252.7896,248.9823,249.3997,95591132.0
2018-05-18,40.8377,41.5667,40.7555,41.402,82912751.0,96.4133,99.8463,96.038,98.2242,55505747.0,49.9697,51.3446,49.2751,50.4095,19385485.0,65.679,67.7656,64.2224,66.7773,42232949.0,76.8715,77.2462,74.5931,75.9578,22864832.0,138.1144,139.7409,135.5161,139.361,15986671.0,249.477,252.9913,248.9014,250.4837,85177734.0
2018-05-21,41.2724,41.5904,40.9261,41.0532,64477354.0,98.1375,99.3025,96.7202,98.7625,31477762.0,50.4908,50.9885,48.8054,50.0478,20226443.0,66.5352,67.5066,64.0528,65.5091,87835453.0,76.5315,76.6506,72.5907,74.0252,74353450.0,140.2316,142.1653,139.7238,140.5096,17846856.0,250.1512,251.1964,246.0152,247.7389,154352348.0
2018-05-22,41.4172,42.9885,41.2216,42.3759,590247418.0,98.0671,99.5547,97.7163,98.7379,17209042.0,50.0717,51.6727,49.7542,51.4301,110331205.0,65.6422,66.9606,65.079,66.7474,65336431.0,73.4755,75.4869,73.0524,74.549,17893244.0,140.824,141.2946,138.0571,139.0811,23786558.0,246.9673,252.0086,246.5042,251.0612,207992059.0
2018-05-23,42.1233,43.2618,41.0492,42.38,43071720.0,98.6845,101.252,97.9072,99.9059,57038413.0,51.5113,52.0176,50.5218,51.8004,23562865.0,66.7248,67.6093,66.2474,67.3415,67102625.0,74.6911,74.8696,72.7478,74.2616,18268362.0,139.6812,140.321,138.6359,138.9206,6212493.0,250.7933,254.9151,248.6497,252.3041,91471376.0
2018-05-24,41.9241,42.4144,40.5054,41.1519,324855952.0,100.4265,101.1407,94.9176,96.6115,240000000.0,51.827,52.3464,50.5057,50.8509,69024647.0,67.5322,67.8859,64.9792,65.6773,139234950.0,74.6513,75.6918,72.8102,73.2466,17443171.0,138.9528,140.465,137.9814,139.6521,13399754.0,252.0359,255.2271,245.7805,247.3932,350559068.0
2018-05-25,41.2855,42.1731,40.5003,40.793,74814290.0,96.9078,97.8579,93.871,95.2902,35627368.0,51.025,51.6938,47.8046,48.3551,200000000.0,65.9952,67.2719,63.6294,64.2347,92667285.0,73.0832,74.1446,72.748,73.4087,14984995.0,139.2046,140.7843,137.3254,137.6406,40421118.0,248.7468,251.8631,243.7753,246.373,52676810.0
2018-05-28,40.7269,41.481,40.6461,41.1657,113433087.0,95.3323,97.9272,94.2355,96.1479,33549170.0,48.2619,49.9192,47.8791,49.2117,78716662.0,63.9166,67.9752,63.3179,66.2869,175896762.0,73.4158,75.9651,73.1549,74.8735,38951094.0,137.8153,139.4921,133.4987,134.7901,79353319.0,246.2886,249.6447,244.2849,249.1379,137116751.0
2018-05-29,41.0486,41.5044,40.671,40.7454,150834659.0,96.0714,96.7231,95.1841,95.5348,33700755.0,49.3804,50.158,49.0463,49.158,11402876.0,66.0254,66.3878,65.2128,65.3409,85084981.0,75.197,76.2562,74.047,74.8552,6432594.0,135.2171,135.8937,133.1918,134.0044,12991695.0,248.8102,253.4093,246.0602,247.6783,64090738.0
2018-05-30,41.2392,41.5688,39.4516,39.7771,229487494.0,95.3318,96.0474,92.8611,93.1276,76516125.0,49.2733,50.2499,47.256,47.4873,196693899.0,65.5549,67.213,62.6134,62.8237,303559639.0,74.5167,76.0759,73.9109,75.2919,12830372.0,134.4431,134.8274,133.1848,133.4763,9968819.0,247.5921,248.9977,236.8682,238.3215,600000000.0
2018-05-31,39.9054,40.2714,39.3396,40.1552,152949134.0,92.7914,94.1138,91.4953,93.9192,40943135.0,47.4539,47.686,47.2897,47.404,12065689.0,62.7482,63.8771,62.4648,63.6837,37446569.0,75.4884,76.3009,73.8596,74.8466,17338710.0,132.9099,134.6649,132.1124,133.51,6171260.0,238.6079,242.8609,234.2601,240.6818,157739682.0
2018-06-01,40.1449,40.8644,39.813,40.1177,40731610.0,94.2224,96.2329,93.397,95.0101,60813262.0,47.7637,47.935,46.1783,47.3205,19620944.0,63.708,64.4633,62.952,63.9046,44962643.0,74.3735,77.5573,73.6336,76.9598,74351169.0,133.5812,134.2789,132.114,132.5953,17904747.0,240.9458,244.9742,238.9289,243.6653,207883814.0
2018-06-04,39.9927,41.3467,39.3663,40.6525,100715034.0,94.4376,97.3272,93.4471,95.3158,28989252.0,47.408,48.1074,47.1048,47.9036,27883782.0,63.9298,65.9932,63.7041,65.1994,108151519.0,76.4587,78.6806,75.6239,78.0122,37430037.0,132.0625,132.9194,129.6009,130.2484,59364488.0,243.9762,246.1801,242.2216,245.7502,76060201.0
2018-06-05,40.7325,41.1563,38.3159,38.4843,640000000.0,94.7329,95.5391,93.6336,95.0314,23067652.0,47.9419,49.0141,47.5555,48.0847,11659909.0,64.908,65.8691,64.4079,65.2708,23147294.0,78.2844,79.5622,76.2077,76.3745,42959953.0,130.0562,132.7487,128.7927,130.8296,14122649.0,246.1706,246.9811,241.9392,244.9878,74572165.0
2018-06-06,38.1914,39.1784,38.1128,38.8957,73787860.0,95.3704,98.0149,95.1239,96.8138,99677455.0,48.1979,49.5727,47.4191,49.1248,45385125.0,65.4271,67.1161,65.1991,66.7557,119726839.0,76.0727,77.7325,74.7727,76.7236,13682611.0,131.0227,131.8481,127.3198,128.3695,55401847.0,243.9758,249.7654,240.9786,248.6043,168178181.0
2018-06-07,38.8073,39.4136,38.3038,39.0681,69963377.0,96.8931,97.5762,95.8704,97.3958,28424785.0,49.1037,49.2205,48.4146,48.6882,23451448.0,66.8343,68.2784,65.3405,65.9335,46534403.0,76.7799,79.6248,76.0088,78.0232,32292769.0,128.8008,130.0208,127.8686,128.3045,9273392.0,248.9686,250.8216,248.2941,249.6217,69539976.0
2018-06-08,39.0617,39.5398,38.1151,39.1173,42016068.0,97.413,99.6691,95.3074,97.528,13126348.0,48.9282,49.6987,48.6877,49.2168,44685911.0,65.6201,67.8299,64.9919,65.7987,23966415.0,77.6477,78.886,77.0489,78.2145,9156374.0,128.3764,128.6977,126.3358,127.6407,15261258.0,249.752,251.4817,248.9668,249.9913,59199565.0
2018-06-11,39.1542,39.789,38.7924,38.9342,41072322.0,97.6075,99.1568,96.4184,97.4669,15156686.0,49.2125,49.7357,48.2989,48.883,27189402.0,65.7474,67.1445,65.2088,66.5565,49574207.0,78.3045,78.9237,76.7107,77.0513,29400438.0,127.2721,127.8462,125.5712,127.5446,6778802.0,249.5501,251.5071,246.5166,248.9893,43954446.0
2018-06-12,38.9097,41.0518,38.7188,39.971,169769303.0,98.2413,100.0019,97.835,99.421,70091717.0,49.0473,51.394,48.8373,50.3176,127720844.0,66.5222,69.2409,65.3854,66.9444,41500313.0,76.5297,78.5115,75.8521,78.0842,24808539.0,127.7374,128.6523,126.6833,128.0354,8806964.0,249.0645,254.0099,246.1406,252.8405,259160984.0
2018-06-13,39.849,41.5514,39.512,40.7602,153135308.0,99.4429,101.397,97.842,100.2103,29600178.0,50.098,51.9481,49.5648,51.575,82353092.0,67.1813,70.427,65.9438,69.9183,360000000.0,78.4995,80.0553,77.406,78.1974,11227685.0,127.7612,128.1198,126.4372,126.9458,21139122.0,252.7617,258.4539,251.9107,257.2381,173375501.0
2018-06-14,40.926,42.4499,40.3452,41.9436,341580090.0,100.3261,102.4012,99.0589,101.6152,46454370.0,51.1971,52.7433,51.1088,52.1711,24030689.0,70.3069,72.2492,68.6706,70.8276,70930688.0,78.4582,78.8693,73.9633,75.8087,97329641.0,126.8523,128.5278,125.1532,125.4251,18600613.0,257.2229,260.5848,256.6592,259.0845,83477941.0
2018-06-15,41.6393,42.0621,41.0202,41.4109,74546168.0,102.4419,103.4021,99.9574,100.7331,29398946.0,52.2572,52.5343,51.5904,51.8588,16872202.0,70.8248,72.2718,70.0503,71.5333,52192770.0,75.6223,77.2625,74.2344,74.3807,39809788.0,125.4537,127.767,124.8999,126.8659,23127958.0,259.2126,261.5122,255.1333,256.923,127515689.0
2018-06-18,41.3602,41.6747,40.7354,41.4062,46263985.0,100.7079,104.2983,99.072,101.4566,30001146.0,51.7773,52.3677,51.1277,51.4392,21675870.0,70.9675,72.6644,69.4985,71.8819,48360925.0,73.8155,74.9361,73.1777,74.5847,12368402.0,126.652,128.8283,125.6852,127.4987,12758102.0,255.7036,259.4739,254.5386,257.4196,70357669.0
2018-06-19,41.3117,43.5302,41.1061,43.2716,640000000.0,102.1485,104.5416,100.7873,103.8243,139081303.0,51.3986,52.9426,50.5934,52.4661,49727971.0,72.1289,73.8168,71.5084,73.2613,127068150.0,74.5222,75.2052,73.6175,74.9164,17999185.0,127.7034,128.7244,125.4917,125.9851,26294536.0,257.6117,266.2736,257.1639,263.017,490861164.0
2018-06-20,43.4651,44.8007,42.687,44.4032,243809545.0,102.9666,105.4722,102.3268,105.0299,41862338.0,51.9655,53.2461,51.6789,52.7355,16944026.0,74.0261,74.9774,72.4396,74.6149,85170275.0,74.8065,75.459,73.46,74.8146,8546292.0,126.2242,126.876,125.7732,126.3694,7240545.0,263.5024,267.4931,262.5034,265.5063,96858439.0
2018-06-21,44.3135,45.4551,42.9315,43.2647,203912235.0,104.5505,105.2108,104.0316,104.9174,20905836.0,53.104,53.715,52.9656,53.2712,22681218.0,74.8684,75.219,73.0924,73.7894,46014538.0,74.6481,74.8196,72.2534,73.9924,18523857.0,126.6972,127.7365,125.4755,127.0145,12350930.0,265.6898,267.2979,263.4578,264.027,63993255.0
2018-06-22,43.3483,43.9656,42.9177,43.8034,108202629.0,104.6418,110.0214,104.1124,108.0509,89584243.0,53.294,54.5205,53.0602,54.1819,47580266.0,73.6943,74.1708,72.4281,73.811,24055838.0,74.3114,74.4681,71.749,72.9307,40587494.0,127.4714,128.3029,123.5924,125.8517,15334603.0,263.4849,270.5082,261.6293,266.854,122608851.0
2018-06-25,43.8678,45.4516,43.7805,45.2464,384359383.0,108.2997,111.4423,105.9748,109.8503,59810148.0,54.4788,56.0713,54.3308,55.3148,51786009.0,73.951,75.5714,73.6318,75.3799,58023195.0,73.294,75.1845,72.5789,75.0063,106059312.0,125.8063,128.4904,124.1786,128.2335,65511676.0,266.2019,274.1756,264.1826,271.1233,223785323.0
2018-06-26,44.8818,45.3173,44.2349,44.8916,95882391.0,110.6203,112.188,108.6656,110.4901,33629745.0,55.0002,56.1961,53.4249,55.7363,31754295.0,75.6654,77.7908,74.4189,77.2888,121483868.0,75.1377,75.9445,73.3344,75.6558,19822810.0,127.8376,128.7408,126.7343,127.7107,9712225.0,271.2634,273.6512,254.3286,255.1517,600000000.0
2018-06-27,44.8786,46.6159,44.0827,45.8129,126587740.0,110.2334,113.176,108.9941,112.9878,123495313.0,55.7588,57.3914,54.5358,57.0277,97267140.0,77.33,80.9014,77.0396,79.9802,186045918.0,76.1189,78.1152,75.6165,77.6591,111193230.0,127.3474,129.6592,126.7614,128.7826,17208482.0,255.7333,262.5393,254.9086,260.4312,353837208.0
2018-06-28,45.4622,45.9082,45.0068,45.7128,52425459.0,113.4238,114.5595,112.1356,113.0178,22370446.0,57.1229,58.6952,56.9572,57.7146,38335584.0,80.4786,81.3081,78.3873,79.4541,31482863.0,76.7729,79.7253,75.4147,78.2515,19477732.0,129.3469,131.4905,121.3674,122.2993,96000000.0,261.3991,262.2791,256.5325,260.9364,45023955.0
2018-06-29,45.7836,46.8924,45.194,46.7908,156002861.0,114.0177,116.9283,110.9297,115.0479,68962294.0,57.7463,59.1472,57.1605,58.6866,52662868.0,79.0302,80.2452,78.6282,79.6039,27570793.0,78.1541,81.4416,77.8537,79.7523,63485782.0,122.7981,124.2964,121.693,122.5934,10637458.0,261.5027,268.6176,257.3403,265.7863,264218386.0
2018-07-02,46.6404,47.1359,45.4654,46.5728,56850482.0,115.7588,117.6869,114.1646,114.9742,19173186.0,58.7427,59.0891,57.865,58.7323,9853572.0,79.4521,80.2563,75.1645,75.2904,360000000.0,79.6375,80.2063,78.2273,79.5753,16746099.0,123.0076,125.3109,122.4325,122.9303,8803106.0,266.1721,268.4963,262.8471,266.322,67661607.0
2018-07-03,46.8172,47.6871,46.5127,46.7619,43985260.0,114.7915,115.9711,114.1996,114.7749,15882071.0,58.399,58.8492,56.6469,56.9574,200000000.0,75.4539,77.4842,74.6236,76.339,56839714.0,79.8501,80.5663,77.5631,78.4159,43490065.0,122.7491,123.4291,121.5375,123.0499,6148486.0,264.4094,266.3047,263.5973,265.736,52702601.0
2018-07-04,46.7246,47.8784,46.5223,47.7943,154227546.0,115.1681,115.4143,112.3535,114.6556,22013996.0,57.0314,57.2723,56.7064,56.9752,13084942.0,76.5913,77.3137,76.3293,77.0646,47388755.0,78.3137,81.104,77.932,80.6813,59733246.0,123.5745,125.194,120.546,122.6057,9829346.0,265.2742,270.3863,263.8969,267.8345,138503337.0
2018-07-05,47.6323,49.9677,46.6421,49.4443,441474128.0,114.8089,116.8853,114.2642,115.5589,25337566.0,56.779,56.9307,55.4527,56.4931,31186560.0,76.8657,80.3699,75.3747,78.1578,41147016.0,80.865,81.9591,79.8078,80.6693,11802510.0,122.5532,123.2063,120.7687,121.0609,45978444.0,268.0721,271.3884,266.4506,270.5779,153499517.0
2018-07-06,49.7066,49.8332,49.1665,49.6951,53777108.0,115.2593,117.7883,113.7132,115.2952,23231290.0,56.3504,56.9935,55.3329,55.7635,43795259.0,77.9908,78.7981,77.5716,78.6739,52625538.0,80.5104,81.9338,79.8233,81.4816,20157221.0,121.1656,121.8048,119.6316,120.9346,8108207.0,270.0569,272.6053,266.4179,272.0442,63983500.0
2018-07-09,49.5044,50.3184,48.2828,48.803,217268566.0,115.4893,115.7786,110.7351,112.1321,138556059.0,55.7672,56.3378,53.1632,54.2751,76760227.0,78.4265,78.6201,76.067,76.7166,136614630.0,81.257,82.0212,80.0594,81.0871,10087991.0,121.1867,123.1839,120.8531,121.1679,10840640.0,271.3278,274.5772,265.4847,267.749,198233210.0
2018-07-10,48.9959,49.3404,47.6732,47.7737,251387903.0,111.9231,113.956,111.1228,112.2407,17791548.0,54.1969,55.2601,52.9043,53.8978,19549930.0,76.4471,77.0904,75.1725,75.9456,64758422.0,81.3535,82.3702,80.465,81.1263,14293083.0,121.5536,122.4264,120.8008,121.9617,9577463.0,266.9439,268.3465,265.9918,267.1234,51316249.0
2018-07-11,47.8723,48.3657,46.9957,48.189,96750141.0,112.2957,114.3441,108.9533,113.6746,55635080.0,53.8329,55.6058,53.5006,55.1486,81378550.0,76.1321,77.6789,74.5466,77.2394,80466577.0,81.1257,83.0142,80.4353,82.3917,41385501.0,122.1281,123.0086,120.4099,121.4832,10009712.0,268.4631,274.2555,267.6154,271.3129,206487748.0
2018-07-12,48.1114,49.3458,46.9949,47.6537,114236252.0,113.0594,116.7997,112.5126,114.9874,45441295.0,55.4029,56.6782,55.0766,55.2566,10759464.0,77.2257,78.5538,75.662,76.1109,68819848.0,82.4953,82.7859,81.5226,82.4394,9939340.0,121.9049,122.421,119.7607,120.8236,9807739.0,270.315,272.6339,269.4245,271.9262,69785565.0
2018-07-13,47.3738,48.1795,46.8786,47.1441,94261593.0,114.1921,115.5052,113.1856,113.6562,42911131.0,55.2213,55.9952,53.5946,53.6775,112261430.0,76.5788,76.8688,72.6788,74.44,147920958.0,82.0218,83.0392,78.8179,79.0074,144000000.0,120.8276,123.1773,119.3062,119.549,20443954.0,271.7626,274.3443,265.4372,267.9222,172822305.0
2018-07-16,47.4029,48.9926,46.8811,47.8384,164490434.0,113.5281,115.9071,112.8034,115.3076,43636992.0,53.5903,54.5249,53.2743,53.7713,8568018.0,74.0564,75.8606,71.9902,75.1453,62446109.0,79.227,79.9576,78.8434,79.3721,14046038.0,119.4879,121.4246,117.7332,118.004,25584392.0,267.3699,273.0426,264.935,271.5212,173748028.0
2018-07-17,47.9441,48.9644,47.0156,48.6214,123102483.0,115.4521,117.9117,114.838,116.3236,47953897.0,53.7442,54.5922,53.6165,54.2957,28007899.0,75.0895,76.6403,74.6502,76.1351,92112799.0,79.0228,79.3923,77.1618,77.3227,42665435.0,117.9088,119.4088,116.2536,117.5418,14505238.0,270.8572,273.6015,269.8145,271.9581,53061411.0
2018-07-18,48.4561,49.353,47.527,47.8062,235602446.0,115.8082,116.3877,113.7248,114.701,52184650.0,54.0492,54.7919,53.9476,54.6381,30666505.0,76.4003,77.2486,75.9194,76.1062,24526492.0,77.867,78.5885,74.8759,76.3028,18660454.0,117.2019,118.8081,116.3221,118.3954,18645653.0,272.2755,275.0337,269.9911,270.6917,80466921.0
2018-07-19,47.8578,49.1851,47.2929,48.6292,110797662.0,114.9389,117.7388,112.2301,116.1152,50489616.0,54.6744,55.2462,54.179,54.8968,19381991.0,76.2301,78.0834,75.8254,77.5707,67915904.0,76.2227,77.4741,75.5007,77.1696,20970875.0,117.5635,119.5003,116.8212,119.1009,11061428.0,271.3239,278.1144,270.2365,273.7398,151504660.0
2018-07-20,48.8454,49.8738,48.7519,49.5755,122848255.0,116.1347,117.4362,113.3048,116.9932,29827330.0,55.0592,57.0429,54.4816,56.1991,53033502.0,77.1693,79.9484,76.9201,78.9428,56291599.0,77.0389,81.5612,75.9675,80.1658,144000000.0,119.4139,119.6826,117.1788,117.7615,22540024.0,272.828,280.8716,272.2754,279.5882,425660155.0
2018-07-23,49.5999,50.0377,49.5246,49.7866,41365327.0,117.2931,117.6524,115.1912,116.5569,18402156.0,56.2714,56.5162,55.5346,55.8799,18137306.0,79.3736,80.4446,78.003,78.4485,28820772.0,80.4592,81.4746,79.8459,80.6896,15199313.0,117.692,119.2503,117.0131,118.353,13094117.0,279.6298,280.7066,277.5156,278.926,46947792.0
2018-07-24,49.839,50.1316,49.4568,49.803,33090678.0,116.9916,119.4805,116.6319,119.2376,101759431.0,55.8883,57.7816,55.6636,57.5622,140581396.0,78.4841,82.4115,77.5566,80.356,134524556.0,80.6726,82.0106,80.1564,81.0929,12387102.0,118.5748,119.7284,116.0521,118.1722,9871078.0,278.8362,284.0385,274.8365,282.9868,172824803.0
2018-07-25,50.0302,50.9369,48.6212,48.9498,94667518.0,119.8701,121.2113,117.3068,117.5741,41381388.0,57.7041,58.5945,54.8511,55.8648,128196727.0,81.0871,82.9758,76.57,79.1728,125238872.0,81.3315,82.4178,81.1703,81.3198,9857030.0,118.3505,119.581,117.8305,118.0614,9552443.0,282.6243,286.2368,278.8943,280.9361,94552793.0
2018-07-26,49.2827,49.8231,47.486,47.9392,191483494.0,117.8537,118.3207,112.0482,114.2111,167656531.0,55.7382,56.0653,54.6653,54.8151,61661401.0,79.1234,79.5485,77.1577,78.3344,70795053.0,81.2204,82.9128,81.0153,82.7269,63872089.0,118.1085,118.823,117.5862,117.8962,9119907.0,280.1935,283.9284,277.5118,278.6093,94671885.0
2018-07-27,47.9139,48.1067,47.5606,47.9431,54649446.0,114.0784,114.3578,113.6251,114.0352,8185176.0,54.8239,55.5846,54.0914,55.2766,24292726.0,78.7641,79.667,78.1765,79.104,43927622.0,82.969,83.8645,80.0887,80.7999,42467738.0,118.1771,120.5759,117.8947,119.5889,56580676.0,279.4863,281.0278,277.4362,278.6161,32685451.0
2018-07-30,47.6612,47.8268,46.6006,47.453,89083015.0,114.12,114.4569,113.49,113.7443,18094667.0,55.594,56.1436,54.2796,55.3111,11859032.0,78.9702,79.6717,78.5799,79.0756,30600972.0,80.7746,82.4897,79.5462,79.9314,13807308.0,119.9122,120.728,118.2634,118.9703,13584922.0,277.8006,278.759,275.738,277.6111,54055573.0
2018-07-31,47.1812,48.8313,46.8304,48.4816,133572587.0,114.7921,117.5217,113.6213,116.0682,76612345.0,55.2445,56.2909,54.387,56.0361,36756940.0,78.9875,81.5038,78.6909,81.2354,119033506.0,80.2156,81.2617,76.0011,77.1158,118377540.0,118.6854,120.2441,118.451,120.0093,16590867.0,276.5877,282.2605,274.5878,281.0781,159778033.0
2018-08-01,48.3341,48.7014,47.8432,48.2092,57275246.0,116.5195,117.5534,113.5167,114.3136,41399682.0,56.1757,56.7391,53.8069,54.7588,75580275.0,81.4253,82.5887,80.2724,81.1449,23445507.0,77.48,77.6927,75.2551,76.252,25665468.0,120.4737,121.2839,118.7617,120.7006,10644881.0,281.9549,283.9736,276.4089,278.2422,162013243.0
2018-08-02,48.0109,49.0046,47.3819,48.6535,101140830.0,114.3458,117.8612,113.3239,115.1335,31083541.0,54.9009,55.0506,53.4313,54.38,29494877.0,80.4949,84.0147,78.7497,82.3636,49139174.0,75.7588,77.6144,75.3217,75.8589,14821163.0,120.9637,121.2663,118.3322,118.8321,32217888.0,278.3999,280.279,275.788,279.1323,45611535.0
2018-08-03,48.2939,50.4717,47.7101,49.9966,257011874.0,115.0653,118.7696,114.3458,118.3192,118556560.0,54.2116,55.6085,54.071,55.4034,47818291.0,81.5817,84.531,80.5647,83.9913,67176120.0,75.9701,76.484,75.7066,76.226,11661702.0,118.5702,121.1706,117.153,120.7033,31268699.0,278.1994,288.0466,276.8222,283.5829,166721649.0
2018-08-06,50.4056,50.6957,49.5067,50.4155,63443395.0,118.0409,120.9367,117.8555,120.2905,57901450.0,55.5597,57.1134,55.1501,56.1534,37193867.0,83.7231,86.6786,83.144,84.8279,53243188.0,76.7992,77.3182,75.3958,76.3235,11383106.0,120.506,120.7649,119.8621,120.3876,10648096.0,283.5209,288.5886,279.9479,285.9857,121576979.0
2018-08-07,50.5331,51.2043,48.637,49.0414,197095380.0,119.7295,120.4194,116.0959,117.648,77931832.0,56.014,57.4638,55.0762,57.1042,45279453.0,84.3087,86.8192,82.6038,85.8211,74923892.0,76.5168,78.1891,75.6969,76.7951,20470343.0,120.0111,121.2984,117.5208,117.7779,96000000.0,285.4803,292.3503,285.024,289.6914,145153480.0
2018-08-08,48.9282,49.7025,48.7398,49.3795,63041532.0,118.4419,120.2715,117.1063,119.4499,66845475.0,57.2047,57.6496,55.6904,55.9547,107476152.0,84.9114,89.0674,81.9464,88.1348,173492959.0,77.5657,78.4081,69.842,71.0394,144000000.0,117.9644,120.3499,116.6233,119.0187,23542758.0,290.9166,292.8966,288.6971,290.1635,39569270.0
2018-08-09,49.3724,50.4205,48.964,49.954,80913555.0,119.6752,120.3009,117.2438,119.0893,23762120.0,55.8122,55.9094,55.1487,55.7015,15847222.0,88.4445,90.7813,86.8469,90.1943,154128249.0,70.7699,71.4109,69.6278,70.9859,10848725.0,118.9657,119.5054,118.4226,119.1249,11565452.0,289.9649,293.6947,288.8241,291.5696,68337153.0
2018-08-10,49.5621,51.4849,49.0194,50.431,82016331.0,118.4958,120.2721,116.2404,120.0618,32963540.0,55.7656,56.8322,55.6489,56.3079,27550390.0,89.8578,94.1825,88.5181,93.6847,334807478.0,71.0609,72.552,70.0259,71.2056,12884790.0,118.3789,119.8012,117.456,119.0572,7095116.0,292.0093,293.2468,280.2517,284.3506,466823818.0
2018-08-13,50.689,52.068,50.1002,51.4631,196255812.0,120.0026,125.0636,119.5214,123.2409,122494593.0,56.3377,57.065,55.0565,56.6492,16816191.0,93.5327,95.3314,93.2926,94.6451,46792379.0,71.3479,75.0621,70.8898,73.6248,94804974.0,118.891,119.8957,116.7061,117.186,50538049.0,284.332,292.4947,283.5127,290.5332,600000000.0
2018-08-14,51.0225,51.3242,50.6806,50.8215,96050318.0,123.8589,124.8833,121.657,122.1531,60909420.0,56.6752,56.8701,55.8344,56.3654,27462263.0,94.7074,95.4988,93.4271,94.2121,28975537.0,73.4661,73.966,73.1071,73.8115,13307655.0,117.0736,119.701,116.8443,119.204,33854720.0,291.7191,292.4897,288.1226,289.0612,58063024.0
2018-08-15,50.9359,51.5653,49.7761,50.6416,58530566.0,121.9384,126.6584,121.6646,123.1183,28833782.0,56.4282,57.7072,56.1372,57.2324,59247439.0,94.4369,95.5138,91.8293,93.4905,46482800.0,73.439,74.7258,72.5725,74.5467,26495473.0,119.2357,121.5054,118.5111,119.9204,16467556.0,289.2279,291.6944,287.8606,289.9232,59157566.0
2018-08-16,50.2327,52.0307,48.9519,51.9248,271114781.0,122.7241,125.9074,121.056,125.0287,44711551.0,57.1082,58.3482,56.2582,58.2034,44580767.0,93.6156,95.7366,91.9169,94.9647,43823787.0,75.212,75.3366,71.7175,73.0544,60944265.0,119.4562,119.691,117.1273,118.1981,31434254.0,290.8761,294.2505,290.0994,292.9898,142661633.0
2018-08-17,51.8301,53.7043,50.4762,53.4465,230360738.0,125.2045,125.7938,118.1997,119.4711,240000000.0,57.9261,60.1816,56.9242,58.4361,24719016.0,95.0554,95.9684,92.3194,95.4922,30183536.0,73.3909,74.3112,71.804,72.86,13370123.0,118.2329,119.0157,116.1781,116.418,49366221.0,293.4398,300.5067,291.384,296.166,163295466.0
2018-08-20,53.7402,55.6855,53.0521,54.4483,248883246.0,119.7811,120.9178,117.4989,120.1265,31324248.0,58.4556,61.2341,58.2012,60.3312,154350698.0,95.7043,98.5964,94.0151,98.2658,124936559.0,73.0267,73.1845,72.5592,72.9918,11318762.0,116.8591,118.6344,112.7612,113.1736,96000000.0,295.7019,302.6948,293.2871,301.986,246515012.0
2018-08-21,54.0574,55.0048,52.6723,53.1704,183550279.0,119.9159,122.4629,116.0454,116.2455,240000000.0,60.6042,61.2833,58.1497,59.5222,43964363.0,98.0341,101.6235,97.5622,98.8147,48008410.0,73.0062,74.4543,72.1189,73.8869,38572474.0,113.2269,114.6833,112.8937,114.1037,18831711.0,301.9876,303.7284,297.721,298.9943,132238153.0
2018-08-22,53.1355,53.7968,49.2163,49.9952,640000000.0,115.9714,118.9721,115.4223,118.4394,55360204.0,59.6646,60.7019,59.3311,60.5607,37992532.0,98.4826,100.9829,97.6172,100.6336,55727366.0,73.9294,74.656,72.0686,74.2911,15182821.0,114.2733,115.3905,112.1468,112.9223,25336952.0,298.814,303.3038,296.2051,302.6791,99808122.0
2018-08-23,50.1338,50.958,47.8155,48.5612,239346065.0,118.6544,119.4913,113.3713,116.0583,72057499.0,60.6717,61.6633,57.6099,58.7893,125743459.0,99.538,101.116,96.6705,96.8465,355955711.0,74.4824,75.4517,72.051,73.7171,15449690.0,113.3681,115.4767,113.1628,115.0956,65633917.0,302.1874,303.8144,295.1365,297.2675,300068837.0
2018-08-24,48.6607,48.7806,46.9115,47.2704,282165796.0,115.5454,117.6138,112.1656,112.8372,128516637.0,58.6665,58.9908,57.4752,58.0338,56518864.0,97.139,98.1287,88.1275,89.0096,360000000.0,74.1538,75.1497,71.7426,72.7545,21784142.0,115.0682,116.7368,114.5234,116.2481,25307638.0,296.3613,298.1615,289.7346,290.8932,402234344.0
2018-08-27,47.285,47.5972,46.2263,47.3943,54425200.0,112.5983,113.1841,110.5363,111.4979,39644845.0,58.0782,59.1011,57.0998,57.3637,46487432.0,88.7218,88.9826,88.1118,88.6331,35722215.0,72.5442,72.7758,70.5155,70.9061,53247127.0,116.211,117.4429,114.977,116.9176,20840659.0,292.0165,293.6757,287.1486,288.2079,132538209.0
2018-08-28,47.498,48.5503,46.2756,47.8948,135837070.0,111.4451,114.0949,110.299,112.57,21942926.0,57.169,58.7955,56.8963,58.6559,85825232.0,89.4676,91.4808,89.1307,89.971,56889976.0,70.9367,71.198,70.3817,70.7729,9996292.0,117.0193,118.7105,115.2568,116.754,7803420.0,286.5289,292.792,284.9556,290.9739,120716743.0
2018-08-29,47.7659,48.1127,47.4492,47.9725,46255069.0,112.8981,115.0211,111.8348,112.7629,22949478.0,58.5543,58.8322,58.1732,58.3055,26995153.0,90.2852,90.4793,88.7964,89.1748,30122689.0,70.6658,71.5413,68.1925,69.2714,76948868.0,116.4939,119.4907,115.6005,118.8646,57928740.0,292.0743,292.8388,287.2528,288.3474,104513008.0
2018-08-30,48.3831,48.6909,47.348,47.4257,132517230.0,112.5732,113.4505,110.2881,111.089,69294590.0,58.3908,58.9043,57.2943,58.1945,28984050.0,89.576,90.6998,87.7055,87.9981,65053058.0,68.9723,70.4957,68.7728,70.3066,24239753.0,118.6568,119.1558,116.8391,118.2361,7936610.0,287.2561,290.082,286.6398,287.3344,59216044.0
2018-08-31,47.0901,47.2144,46.4849,46.7676,122167125.0,111.3356,113.6679,109.5104,112.564,27941938.0,57.7632,58.5018,57.3739,57.6164,34698953.0,88.292,89.7528,87.1146,88.218,36112108.0,70.1302,71.6564,69.4102,70.8289,24885194.0,117.6301,119.3831,116.3387,118.8749,13899757.0,287.7772,289.2993,285.1405,287.4436,29782345.0
2018-09-03,47.0078,47.417,46.6164,46.6961,77414262.0,113.0819,114.5856,111.7928,112.5228,26272476.0,58.0259,58.741,56.1514,57.4873,13705797.0,88.4395,90.1765,87.4881,89.1279,53652556.0,70.8916,73.4905,69.1829,73.2308,108031946.0,119.5623,120.7351,116.7762,118.1255,11502044.0,286.9669,290.2749,286.3703,288.388,47514825.0
2018-09-04,46.7351,47.0665,45.8943,46.6588,29703744.0,112.2987,115.9372,110.9328,115.5493,186406768.0,57.1741,57.9543,56.4942,57.7694,26595177.0,89.3286,93.6807,87.7157,92.0246,181552463.0,73.1411,76.056,72.5835,75.3658,105254448.0,118.373,118.8671,116.6888,117.2509,15184232.0,287.0287,296.2,285.8443,293.38,370174541.0
2018-09-05,46.786,49.0277,45.9652,48.0549,368083895.0,117.0248,117.6848,115.9049,117.4125,25857255.0,58.2179,58.8656,58.0492,58.6468,40637578.0,92.2723,93.3394,92.0782,93.09,38594182.0,75.3742,75.5994,73.5914,74.8617,12334215.0,116.9713,118.3815,115.7644,116.095,24138220.0,294.334,297.3878,292.7944,295.8373,104728446.0
2018-09-06,48.2235,48.724,47.6907,48.1203,24689306.0,118.0705,118.649,116.0352,116.6044,16185504.0,58.4457,58.8022,58.2994,58.6039,16356350.0,93.167,94.3524,89.5512,91.099,83403734.0,75.0842,76.171,73.5231,75.1807,13429286.0,116.3949,117.7108,116.1513,117.0776,11993613.0,293.832,294.9036,291.9879,293.2902,121885452.0
2018-09-07,48.2384,49.3228,48.0579,48.4756,71381877.0,116.7295,118.9165,116.1581,118.7125,62381618.0,58.4006,58.687,58.1067,58.5318,15466621.0,90.8341,94.0704,90.3157,93.7682,172945841.0,75.5371,77.1053,73.9987,75.935,13704427.0,116.8395,117.7592,114.8649,116.0866,20355774.0,293.9529,299.0705,291.179,296.4291,108826831.0
2018-09-10,48.3026,49.1519,46.363,47.1739,361119586.0,118.6276,121.3466,117.2635,119.6777,42404409.0,58.4366,59.5904,57.5818,59.2953,29701208.0,93.2475,94.4584,92.1154,93.6605,21804472.0,76.7646,77.0085,75.5991,76.4166,15786042.0,116.1065,117.0329,113.3611,114.3016,44373318.0,296.5383,300.7613,295.5767,298.56,109205032.0
2018-09-11,47.1144,47.55,45.6926,46.463,177053561.0,119.4164,120.0192,116.4158,117.5867,67812142.0,59.1887,60.2902,58.4335,59.2442,15787350.0,93.8478,95.7104,93.5893,93.8225,21668430.0,76.6583,76.8691,76.3773,76.749,16529593.0,114.3197,114.89,111.7048,113.2705,23095041.0,299.4507,301.3766,295.3259,296.8195,71266386.0
2018-09-12,46.1666,47.8831,45.8818,47.504,238427744.0,118.3583,120.5304,117.8539,119.5449,58267154.0,59.0976,63.1821,58.5327,61.6226,200000000.0,94.3967,98.6066,91.2821,96.6173,110931693.0,76.5554,78.4293,76.0323,77.6741,30260298.0,113.1432,114.2743,111.9411,112.3225,15269980.0,297.347,303.1965,295.1964,302.4219,207928442.0
2018-09-13,47.4415,48.333,47.281,47.4124,46557247.0,119.644,121.13,118.1538,120.2989,30681418.0,61.5291,63.4549,60.8345,62.3995,41325425.0,96.5601,97.6126,94.5215,96.2805,35240841.0,78.0256,78.8898,75.3212,76.1788,40994026.0,112.0927,112.7494,109.0675,110.3668,70403187.0,302.9479,307.4016,302.094,305.4369,115205562.0
2018-09-14,47.4799,47.9051,45.9878,46.5339,179590795.0,119.6193,121.0395,114.9505,116.1907,189954088.0,62.4229,62.5308,60.2395,61.1931,64661535.0,96.3494,98.371,95.4033,96.7396,37988055.0,76.0797,76.2135,75.3671,75.5312,16882137.0,110.7034,112.7942,109.3126,111.6334,27651251.0,306.2153,307.9709,292.7996,300.7512,292204456.0
2018-09-17,46.6586,47.2776,45.8943,46.4881,88069035.0,115.4101,118.1254,112.8397,117.2549,45388290.0,60.9687,61.3943,60.3193,61.2714,14330833.0,96.1393,99.2874,95.7855,97.4238,51557328.0,75.3153,76.3706,74.1657,75.9649,15357332.0,111.6572,112.1532,110.4957,110.8749,12416281.0,301.4661,305.5831,300.2946,302.8189,50702714.0
2018-09-18,46.5684,46.8703,44.9958,46.3801,52413059.0,117.3068,118.6501,115.1822,116.1779,32407408.0,61.4827,62.2902,61.0711,61.2776,9129731.0,97.2151,99.0422,95.3242,95.9443,38181334.0,76.1588,76.4256,75.2664,75.8724,9361070.0,111.3458,112.0155,109.9518,110.9467,5051196.0,303.2061,305.1272,297.9257,302.2416,60545854.0
2018-09-19,46.0225,47.0547,45.4841,46.8056,103916783.0,116.2394,119.3111,114.9269,116.8838,17366231.0,61.633,62.7591,60.9951,62.1645,38852759.0,95.3889,100.502,93.8329,98.4647,171768957.0,76.3129,77.8546,75.7133,76.8067,20983076.0,110.6561,111.0031,110.1985,110.664,7793615.0,301.9551,305.1805,300.5798,304.2605,86611266.0
2018-09-20,46.6897,46.8479,45.0326,45.9693,134445259.0,116.4626,119.7155,113.8421,115.1381,42477329.0,61.6714,62.8868,60.6598,60.9554,66454863.0,97.9268,101.1678,95.901,96.5883,110694438.0,76.6165,77.1305,76.015,76.3546,13748382.0,110.5323,112.2133,109.7629,111.6257,22937057.0,304.0629,308.2779,297.404,300.3572,308622405.0
2018-09-21,45.8353,46.8953,45.6322,46.4007,108321358.0,114.4536,117.0306,113.737,115.9619,31084188.0,61.4202,62.0298,59.4428,60.1013,22488082.0,96.6333,97.5209,95.0753,95.5655,65680059.0,76.4532,77.0318,75.9359,76.3069,10947069.0,111.6129,111.8481,109.6974,110.3599,28620134.0,300.4481,304.4657,299.4094,301.0754,94060383.0
2018-09-24,46.1334,47.9371,45.5617,47.7068,363983195.0,115.0691,120.4255,113.9781,119.6713,168685768.0,60.2917,61.7354,59.8105,61.4602,69424663.0,95.5395,100.3606,93.6551,99.9421,360000000.0,76.4496,77.7223,76.0836,77.3153,37012769.0,110.6671,111.2454,108.561,109.3993,10906108.0,300.8483,308.0912,297.1501,307.4882,246389664.0
2018-09-25,47.5313,47.6105,46.7216,47.489,51454325.0,119.3141,120.0396,112.3677,112.7566,240000000.0,61.5251,61.802,60.977,61.2628,16959933.0,100.3147,101.3686,99.3145,99.6246,31950137.0,77.0156,77.8308,76.1106,77.171,15673828.0,109.182,110.254,108.8754,109.9516,11036461.0,309.3996,312.1652,302.6187,307.1773,64710425.0
2018-09-26,47.4893,49.0014,47.2974,48.3278,175472897.0,112.5957,113.0419,110.9836,112.3581,22685122.0,61.1189,61.6185,59.5344,59.8654,59192658.0,99.9859,101.2699,99.5375,100.2921,39844216.0,76.72,77.4737,74.5511,75.7267,36414036.0,110.11,110.5493,109.3924,109.7478,8475285.0,307.1019,309.0366,304.5818,305.2563,72514257.0
2018-09-27,48.63,49.2519,46.3438,46.8515,445381309.0,112.6645,113.1102,108.8462,110.6928,56184382.0,59.9063,60.2688,58.5002,59.3096,32864597.0,99.8788,100.8073,97.3592,97.9317,89182490.0,75.2929,76.0466,71.4974,72.1449,144000000.0,109.8426,110.8119,109.181,109.7771,10957613.0,304.263,305.9162,296.7172,299.4045,304101061.0
2018-09-28,46.655,46.9601,45.6046,45.6798,295904887.0,110.636,111.1829,108.4058,109.0616,37519498.0,59.5279,60.2727,57.9642,58.3918,54467423.0,97.0403,97.4292,96.7151,96.9148,38545157.0,72.5237,73.1965,70.3437,71.7082,12833603.0,110.1729,111.099,97.8774,98.3112,96000000.0,299.3021,303.2817,296.0065,296.9107,86374973.0
2018-10-01,45.453,45.6932,45.3576,45.5869,49914344.0,109.5194,110.6994,108.4392,108.9041,24958028.0,59.0191,59.9074,57.3772,57.7449,48842146.0,96.4815,98.98,94.5174,95.9431,49549202.0,71.5721,71.7917,69.8965,70.6443,20404869.0,98.4347,99.7547,97.5249,98.3027,6363726.0,296.2058,300.5633,294.9418,296.4324,40988262.0
2018-10-02,45.4665,46.0743,44.1263,44.5308,294097993.0,109.1638,110.2509,104.0794,105.4426,186723225.0,58.2655,58.5158,55.9408,57.2588,25311426.0,95.6216,96.7318,93.5202,94.1916,74763224.0,70.4622,71.4689,68.7505,69.3028,48277300.0,97.8588,100.1738,97.6377,99.6993,36957547.0,298.0821,301.1609,286.7096,290.2851,525653650.0
2018-10-03,44.5971,46.1583,44.4417,46.0233,327396783.0,105.6559,108.7729,105.4257,108.5822,171029643.0,56.9015,58.7992,56.5859,58.4158,82063711.0,94.4376,101.1623,93.0855,99.2644,360000000.0,69.3933,70.5563,68.67,69.4743,8356386.0,99.4449,100.9797,98.6132,99.8476,5591229.0,290.3655,298.4091,288.1396,296.5863,221767633.0
2018-10-04,46.2723,47.7284,45.2019,47.128,221012536.0,109.0017,112.5361,107.5308,112.1526,198490884.0,58.3661,59.9984,56.8953,59.8415,65417764.0,99.552,101.5846,98.7948,101.0333,69347941.0,69.8453,71.4518,69.7203,70.6524,19257549.0,99.6055,99.9039,97.7059,98.7304,13037442.0,297.1205,306.6845,295.4396,304.1088,493712613.0
2018-10-05,47.1101,47.9063,46.5519,47.2776,56001960.0,111.542,112.1777,110.5392,111.9866,16635312.0,59.8605,60.795,59.668,59.9665,14569919.0,101.0111,101.4483,97.2516,97.4509,169340309.0,70.3162,70.6687,68.8509,69.6384,34184414.0,98.6179,100.2333,97.9801,99.9231,24909852.0,304.5532,305.7615,300.8398,302.2193,94270752.0
2018-10-08,46.9771,47.2807,46.0496,46.4478,196270777.0,111.7504,112.3904,110.3297,111.3096,32823652.0,60.2973,61.4582,60.0405,60.1916,21395749.0,97.7922,99.2262,96.8446,97.731,20768758.0,69.102,70.7349,68.5575,70.4181,26510757.0,100.2571,101.5144,98.4975,99.3008,17804415.0,303.0305,305.932,298.3661,300.8807,39550259.0
2018-10-09,46.1959,48.2614,45.9567,47.7305,220010287.0,112.367,115.23,111.711,113.0013,53026601.0,60.1709,61.378,59.8921,61.0051,31139904.0,98.9213,101.5142,97.2665,101.0172,166720334.0,70.8448,71.8893,70.7028,71.6203,26061309.0,99.2345,99.7773,97.804,99.2796,7068121.0,301.0841,310.7061,300.368,307.3235,365824853.0
2018-10-10,47.7701,48.2963,46.3582,47.2276,95856736.0,112.1564,113.7835,109.6797,111.0894,61542776.0,60.8167,61.6398,59.9109,60.9257,14493541.0,100.9606,101.9826,99.8084,101.1444,32077177.0,71.7712,74.0305,71.6446,73.16,50621082.0,99.2882,100.8662,97.5629,99.7981,10153113.0,306.9763,309.5836,305.7991,308.38,43753990.0
2018-10-11,47.4353,48.3368,46.4598,48.1661,148060143.0,110.9592,113.1876,110.6993,112.1585,18335361.0,60.9392,62.2998,59.9873,61.0572,19820587.0,101.0331,101.7911,99.9615,100.8192,26611590.0,72.8393,73.5241,70.4169,71.3593,44103888.0,99.7415,102.5198,98.9565,101.6813,76615952.0,308.4213,314.5851,304.3129,307.4499,60080272.0
2018-10-12,48.5533,48.7139,47.4341,48.0149,55881137.0,112.369,113.3931,110.5531,111.6231,29101902.0,60.961,61.429,60.8065,61.041,13969204.0,100.4196,102.5484,99.1488,101.5147,41172814.0,71.2314,72.5982,70.8084,72.2247,23316020.0,101.8195,102.1986,100.7031,101.0975,20465882.0,306.3827,309.1671,304.1806,307.7975,46972907.0
2018-10-15,47.7653,48.48,47.3792,48.2915,71583374.0,110.8013,112.5607,110.0928,111.7861,17632028.0,61.2881,62.6194,60.787,62.2242,44504452.0,101.6677,104.1466,100.1707,102.9341,39263401.0,71.9288,73.6456,71.4429,73.2357,29922608.0,100.9138,101.6902,100.4845,101.505,7327034.0,307.6669,313.7311,305.047,310.9053,150500704.0
2018-10-16,48.3213,48.8194,47.961,48.4828,41733865.0,111.4553,111.9602,110.024,110.6009,44795845.0,62.8355,63.35,61.0535,62.2165,11947475.0,103.4887,104.1478,99.1162,101.7624,53202630.0,73.4279,73.6088,71.6502,72.6164,21889882.0,101.4614,103.0001,100.7284,102.1144,13254643.0,312.4904,316.7574,308.8632,310.2294,29021162.0
2018-10-17,48.2631,49.1177,47.9228,48.5378,65055109.0,111.4734,113.0818,109.5931,111.0641,34155860.0,62.4489,64.7832,62.2681,63.4835,56120917.0,101.5229,103.1275,98.0861,102.9055,50673320.0,72.9211,76.6393,71.871,75.7088,144000000.0,102.0674,102.5799,101.8696,102.3814,7866254.0,310.8766,311.8357,304.0634,309.6504,55856479.0
2018-10-18,48.3459,49.3322,48.0525,49.2244,127060204.0,111.1387,113.1319,108.9413,112.5827,56928981.0,63.7311,65.2992,63.5726,65.0672,96656473.0,102.7155,106.5622,101.8772,105.4962,161257872.0,75.9166,76.5213,75.0348,76.0111,8237911.0,102.3631,102.7596,100.6109,100.8315,40940658.0,309.5571,314.6223,306.4279,313.6162,131208234.0
2018-10-19,49.0115,49.9792,48.2624,48.5283,93348003.0,112.3283,114.0054,110.5584,110.8642,53879790.0,65.3973,66.3612,64.4703,64.6671,19878435.0,105.2365,107.6286,103.4028,106.3629,43154414.0,76.0629,77.3014,75.352,76.1065,11679580.0,100.6878,101.4212,98.4409,99.8368,19129130.0,315.4097,315.9163,309.8289,312.4342,88214893.0
2018-10-22,48.4569,50.2749,47.9112,49.6011,178458471.0,110.9562,113.2575,107.7642,111.8099,29276407.0,64.7875,65.856,63.8055,65.2922,15050964.0,105.7862,108.7344,105.0383,107.6461,64000243.0,76.2244,76.5532,75.1999,75.6625,26159668.0,99.5015,101.7084,98.9702,100.1967,20315090.0,311.8949,319.1057,308.3457,314.4426,72594151.0
2018-10-23,49.4085,50.5377,48.9318,50.0075,111127870.0,111.5565,112.5344,110.8094,111.4106,40660222.0,65.1857,65.4635,63.6724,65.0362,22270201.0,107.7144,109.7448,106.8221,108.4964,66197803.0,75.4331,75.8259,74.1583,75.3234,15145910.0,100.4325,103.8706,100.1306,103.2148,96000000.0,314.7483,315.9902,312.9699,313.7298,42664047.0
2018-10-24,50.5571,50.7447,49.7134,50.2442,67173445.0,112.1643,114.327,109.0128,112.8774,50335167.0,64.9563,65.8857,63.4716,64.6027,26318191.0,108.5835,109.3033,104.9572,106.682,72782248.0,75.1865,75.512,72.5835,73.7037,34352492.0,103.1845,105.7693,102.4337,104.5728,33659807.0,313.4605,318.2151,311.058,312.2263,59643836.0
2018-10-25,50.1425,53.966,49.7841,52.6032,640000000.0,112.4378,116.1103,111.0723,115.7407,117020488.0,64.8932,66.6985,63.9384,66.4896,86649939.0,106.6612,113.2713,106.3028,112.0637,360000000.0,73.7055,77.521,73.0531,77.1044,144000000.0,104.8706,106.7306,104.3463,105.7654,26493207.0,312.0453,325.7282,308.1378,322.2875,600000000.0
2018-10-26,52.8329,54.316,52.715,53.6027,129890503.0,115.5027,119.6329,115.262,117.9583,66796126.0,66.5684,68.254,66.2375,68.0737,58008047.0,113.0416,114.7181,110.9668,113.5499,58807801.0,77.0171,77.3258,76.4353,76.7114,12640055.0,105.8933,106.8021,105.1556,105.409,7195371.0,322.6476,328.1449,320.3131,325.8478,156694344.0
2018-10-29,53.447,53.5501,52.9893,53.2163,83967588.0,117.2674,121.9608,116.916,118.2669,16056550.0,67.8004,68.9902,65.3075,65.9572,194563235.0,113.7648,115.679,113.4862,113.9028,26314586.0,76.7115,80.0295,75.4509,78.4051,27318888.0,105.5458,106.0623,103.7285,104.193,27584750.0,326.3803,329.3584,324.9408,327.5233,70380126.0
2018-10-30,53.743,53.9594,52.0012,52.5876,118717257.0,118.1294,118.8984,114.8212,115.0936,80315155.0,66.3117,67.001,64.4746,64.7499,50010827.0,113.3036,114.0209,109.6273,111.4676,94804902.0,77.8875,80.2715,77.5328,79.7075,33870558.0,104.4903,106.1155,103.8636,105.0844,12568165.0,327.3351,330.4405,322.5565,323.113,135319404.0
2018-10-31,52.6663,54.7447,51.6188,54.3771,468398734.0,115.0145,122.0651,114.2513,119.2326,240000000.0,64.545,67.1588,63.3641,67.0136,200000000.0,111.8011,115.3093,111.3791,114.9632,154584554.0,79.9956,80.5341,79.4185,79.573,10241907.0,105.7746,106.212,103.5565,104.0871,32171279.0,322.3481,331.8742,321.7398,331.1598,413503834.0
2018-11-01,54.5782,56.5959,53.4754,56.2577,412538786.0,119.7952,124.7337,118.9224,123.9803,240000000.0,66.7049,68.9228,65.9898,68.7289,73489219.0,114.779,118.5994,113.1281,117.1587,72981197.0,79.2244,81.4503,78.5287,80.7623,27151779.0,104.4296,105.3131,101.3217,101.7457,96000000.0,332.8843,340.3203,331.5572,339.5672,600000000.0
2018-11-02,56.1113,56.6202,55.8414,56.1541,60940830.0,123.485,124.1499,122.948,123.2526,24585133.0,68.4825,68.7524,66.6134,67.3518,71203488.0,116.9768,120.2953,114.5135,116.7822,26249714.0,80.0682,80.3008,79.1382,79.9253,20543888.0,101.9733,102.1826,100.4277,100.7925,17486679.0,339.6649,343.0876,333.4681,335.3252,177478355.0
2018-11-05,56.3964,56.9353,54.3397,56.1695,41376089.0,123.4875,126.686,123.2601,125.5977,67412008.0,67.4364,69.5043,66.9189,69.1926,78549749.0,116.6866,119.1297,116.1155,118.0481,45395463.0,79.6915,80.2123,78.7924,79.4839,12373492.0,100.8667,101.4458,100.3952,101.0614,8674397.0,334.3409,340.4613,331.7962,337.2645,83970891.0
2018-11-06,56.2525,56.714,55.6697,56.5122,53633345.0,125.6406,125.882,120.4194,124.3824,49419575.0,69.4688,70.2009,67.9054,68.6837,26187628.0,117.8891,119.6812,115.7746,119.4549,62587604.0,79.4138,79.9039,78.8349,79.5448,12938115.0,101.3824,101.8333,97.9903,99.9971,30020270.0,336.2886,340.5663,331.1455,339.5968,126789143.0
2018-11-07,56.4178,57.4557,55.0638,56.3297,81352184.0,123.4591,128.1205,122.6302,127.4938,89322070.0,68.7554,70.1208,68.6198,69.3336,29905253.0,119.6073,119.9117,117.7927,118.641,24914654.0,80.2046,80.9148,76.3569,77.3332,81634083.0,99.8092,99.9863,99.4059,99.6585,10559478.0,341.5189,343.5097,339.599,341.108,54007078.0
2018-11-08,56.0621,56.3016,54.9172,55.6344,115493247.0,127.1303,128.92,122.2691,123.31,223180507.0,69.1757,69.827,68.0769,68.5255,19329636.0,119.8327,122.0606,114.6215,117.2468,56207839.0,77.1785,78.0802,75.7392,76.4826,19438359.0,99.8054,100.2806,99.1174,100.0019,6564451.0,343.4988,348.3148,331.3703,336.4676,287575414.0
2018-11-09,55.5761,56.1098,53.9834,54.1631,223456275.0,122.9391,123.1738,119.8416,120.4755,110082191.0,68.2992,69.5689,66.5863,67.7138,33883732.0,117.0429,118.9424,112.0151,113.1901,238089582.0,76.5483,77.2049,75.5985,76.125,15564171.0,100.3243,100.6862,97.3126,99.1323,19431115.0,336.7889,339.221,330.4687,331.7544,199287614.0
2018-11-12,54.086,54.8592,53.6342,54.1702,45809331.0,121.2764,121.5718,117.9623,118.4999,41054822.0,67.9279,69.4511,65.7108,67.9625,14996454.0,113.2377,115.2477,110.2705,111.5466,88364910.0,76.225,77.0861,74.4256,75.0686,30056444.0,99.3705,100.4106,98.1534,99.4003,11913960.0,331.1776,336.7583,327.8516,330.131,60969248.0
2018-11-13,54.3782,54.5164,52.5724,53.2487,142048510.0,118.7548,119.9024,115.2554,117.2453,25601219.0,67.9367,69.0589,67.1173,67.535,28627865.0,111.6702,114.0806,110.4841,111.2811,26221597.0,74.6044,75.1711,73.9411,74.889,9273796.0,99.3812,99.5582,98.9246,99.264,4326948.0,330.4424,332.3655,324.1075,327.3136,100581578.0
2018-11-14,53.1941,54.271,52.4315,53.3701,46973658.0,117.3121,118.7244,115.8162,116.1438,28266373.0,67.6294,68.4673,64.5977,65.2381,183625021.0,111.0119,114.1994,109.0899,110.2677,58584258.0,74.8567,76.4223,74.2349,75.7213,21263304.0,99.378,99.9348,95.986,97.2113,82042653.0,327.0302,331.6905,324.4355,325.2355,59946017.0
2018-11-15,52.9198,54.8232,52.6797,53.9972,103034709.0,114.1962,121.342,113.9143,119.616,165118320.0,65.2007,66.6516,64.4544,66.477,51178453.0,110.0588,112.4265,109.1942,111.6142,43050113.0,75.6394,76.7712,74.5355,76.0093,12488751.0,97.1307,99.0586,95.5298,98.2287,18459883.0,325.7647,329.332,320.4555,328.8183,101673750.0
2018-11-16,54.1512,54.4086,52.8253,53.2818,86250639.0,118.7206,120.8735,116.9145,117.9817,48353288.0,66.5585,66.8483,64.8937,65.0878,94243679.0,112.1393,114.2107,108.173,110.0306,54614624.0,76.0353,77.9069,75.2357,77.4761,34622804.0,98.0387,99.2946,97.7386,98.7643,17274684.0,329.1448,330.0986,322.5135,326.3484,88876703.0
2018-11-19,53.5865,54.5805,52.4735,53.0485,73621925.0,118.3203,119.1857,113.217,115.7591,68072722.0,65.1919,65.5285,64.8112,64.9625,9818824.0,109.7656,110.391,108.6841,108.8681,53797769.0,77.6104,78.3002,76.6321,77.0255,10789370.0,99.1261,102.724,98.7409,101.9634,96000000.0,326.3184,328.0506,319.3155,323.2684,136347990.0
2018-11-20,52.6602,52.8344,52.0971,52.3895,102613343.0,116.1161,116.4848,113.7008,114.3086,50657761.0,65.6108,65.7451,64.2183,65.0674,25002716.0,108.4123,110.5983,107.5832,108.159,43534328.0,77.2943,78.443,74.3402,75.0616,56182133.0,101.8519,105.9036,101.5888,103.088,21155956.0,323.191,323.6911,317.0463,319.3299,126303226.0
2018-11-21,52.8081,54.5987,52.4432,54.1906,292740405.0,113.9751,119.4503,113.07,118.2724,178475267.0,65.1747,67.428,64.8218,66.5887,119226614.0,109.0739,114.3795,107.0581,113.1433,360000000.0,74.7988,76.4812,73.0819,76.0789,36352341.0,102.973,103.8232,102.5114,103.3026,10374969.0,319.1307,329.145,318.5672,327.2778,600000000.0
2018-11-22,54.5254,54.6116,52.7277,53.4282,108738822.0,118.2853,118.5244,113.8273,116.3964,53349234.0,66.4832,67.5945,66.0885,66.465,14263892.0,112.5008,113.2927,111.1774,111.4765,67005476.0,76.2296,76.9048,74.7181,75.2426,18877699.0,103.1931,103.6426,102.2738,102.5893,12006250.0,328.159,329.841,323.7453,324.6075,96915795.0
2018-11-23,53.2798,56.058,53.0788,55.4498,470951743.0,116.3766,119.8654,116.0112,118.0319,46338778.0,66.5128,67.0876,65.5524,65.98,29300187.0,111.9427,116.2846,109.3399,115.7631,260211432.0,75.0185,76.3987,73.4409,75.9674,24965668.0,102.4096,102.6386,101.8821,102.4565,7846890.0,324.4302,332.4729,320.7203,329.4384,169073342.0
2018-11-26,55.1773,56.127,55.0372,55.9127,36600445.0,118.1106,119.0928,117.706,118.4837,17901941.0,65.7239,67.0956,65.1114,66.9586,45555465.0,115.653,118.7054,113.4725,118.3938,125382129.0,75.6848,79.8974,74.5979,79.2913,144000000.0,102.2695,103.6249,101.6761,102.6756,9111842.0,331.3636,341.0693,328.186,334.1865,135758778.0
2018-11-27,56.1729,56.642,55.6013,56.1474,56148571.0,118.3103,119.6688,117.7512,118.4042,30807823.0,66.6963,68.4529,66.2812,67.2549,10187427.0,117.716,119.0402,115.9564,118.2131,26232572.0,79.8624,79.9951,77.7394,79.5762,13397816.0,102.2302,104.7214,101.6013,103.9168,26231709.0,336.2283,338.8206,327.8069,333.5583,44105627.0
2018-11-28,55.8093,57.5716,55.6878,57.3312,235271863.0,118.7849,124.7638,118.5452,124.244,240000000.0,67.6,69.0617,66.2792,68.572,55252828.0,118.0029,118.6096,117.0638,117.8751,28016346.0,78.9876,79.7304,77.8421,79.4882,7888729.0,103.5111,105.8226,102.4724,104.8923,14461018.0,333.2008,339.1499,327.4368,337.311,192886994.0
2018-11-29,57.1625,57.456,55.1129,56.3723,134635048.0,124.7863,126.4895,119.9864,122.2292,78035812.0,68.6575,69.9328,67.4712,68.2405,14263631.0,117.7495,118.2917,112.0937,117.1726,46248308.0,79.3202,80.3061,77.1156,78.7611,25910454.0,104.8414,105.9576,104.309,104.7745,6054351.0,336.9663,338.8571,333.184,333.8815,186794372.0
2018-11-30,56.0463,56.5555,54.7593,55.5047,150548776.0,121.7683,123.7998,120.4549,123.0439,33362559.0,68.5538,69.8778,66.6775,67.9144,13883941.0,116.2736,119.3952,115.5021,118.5847,55695948.0,78.8328,80.912,78.5049,80.3884,73982810.0,104.8951,107.545,104.2379,105.8581,21698383.0,333.835,338.7938,331.9223,334.3713,56046011.0
2018-12-03,55.5061,56.2169,54.6243,55.9438,75210687.0,122.4667,124.7853,121.8461,123.6889,30013434.0,67.464,68.0341,66.7123,67.6183,17590697.0,118.8247,122.3934,116.4346,119.3596,44137774.0,80.1914,80.559,77.6392,79.1085,26890335.0,105.412,108.0579,105.1457,107.0615,15754768.0,333.7635,336.1298,330.6342,333.6757,52035039.0
2018-12-04,56.3064,57.0006,54.9215,56.1853,52509416.0,123.3018,126.8954,121.6556,124.4381,26716446.0,67.3488,68.6877,66.1742,67.7307,14550287.0,119.5442,121.1546,117.0245,120.6845,92966970.0,79.1572,79.2931,77.5472,78.6717,20530629.0,107.1105,108.5348,106.6815,107.8982,16999506.0,334.4819,335.6175,329.2571,333.2655,32747808.0
2018-12-05,56.2783,56.7445,55.5207,56.3535,44810782.0,124.4619,127.743,123.4604,127.2571,126663425.0,67.8135,68.1869,67.1615,67.8593,21364802.0,120.486,122.6607,118.654,120.9667,17438832.0,78.2403,80.2899,77.735,79.5212,15799402.0,108.2476,109.7765,107.3382,107.9799,6747684.0,334.3864,338.0116,329.0305,336.2619,55806359.0
2018-12-06,56.6071,57.0567,55.2087,56.885,60341451.0,127.4354,129.6396,126.794,128.9353,39940604.0,67.6306,70.3681,67.3672,69.3054,53291516.0,121.2376,125.1976,119.9777,123.3148,64748694.0,78.9227,80.4704,77.77,79.608,10557376.0,107.8517,109.5676,106.7375,108.3939,11983935.0,337.4877,345.3959,333.7199,340.9579,187237086.0
2018-12-07,56.7969,57.1738,56.5589,56.7952,61618446.0,129.3362,131.3809,124.7824,127.524,42012284.0,68.9025,69.839,68.7072,69.6782,18415007.0,123.4337,124.6651,114.3798,114.8162,360000000.0,79.3235,79.6766,76.3224,76.921,91194564.0,108.124,110.0752,107.3781,109.4075,23462170.0,340.7568,341.3713,336.2886,337.3997,113092134.0
2018-12-10,56.8196,57.2477,56.6603,56.7477,55795129.0,128.0127,129.6618,126.5255,127.92,21236942.0,69.371,71.1637,69.1719,69.9054,24514927.0,115.5201,117.3855,112.8753,116.0329,38963375.0,76.9689,78.243,75.2034,76.445,17106112.0,109.3909,110.3841,108.9956,109.93,8772230.0,337.1889,338.0538,331.9488,337.4504,36471686.0
2018-12-11,56.4416,58.4646,56.081,57.5357,104657478.0,128.1027,131.0099,125.9997,129.9634,51971981.0,69.8136,71.2682,69.3838,70.0837,15792834.0,115.4434,120.619,112.4878,118.819,159036970.0,76.3914,76.5366,75.5432,76.194,11945147.0,110.0739,110.9342,108.8511,110.5714,11561860.0,335.5511,346.3388,333.7877,340.4074,114449773.0
2018-12-12,57.5111,59.6715,56.7453,59.4769,253014439.0,130.081,133.8093,129.653,132.6015,78482661.0,70.2024,72.098,69.4146,71.2703,41294011.0,118.6549,122.8988,117.2646,121.3934,49450036.0,76.3928,76.8224,75.0135,76.6199,14673527.0,110.4157,112.0463,110.2193,110.8976,7416321.0,339.7741,346.8102,337.4148,344.2745,97369613.0
2018-12-13,59.2816,59.3762,58.2082,58.426,166134665.0,133.4652,135.4432,127.8326,129.605,74116587.0,71.7726,71.9345,69.3433,70.7502,29072268.0,121.969,123.2108,116.5831,121.9201,36671230.0,76.1742,77.4325,75.2736,76.0122,24577589.0,111.1642,112.0995,110.2422,110.9865,6351155.0,343.3662,343.8994,337.4914,340.8522,170739810.0
2018-12-14,58.3848,60.5792,57.6449,59.6811,148673504.0,129.6076,130.636,128.7202,130.2254,20066251.0,70.4459,72.2197,69.7155,71.562,36141587.0,122.2324,126.0466,121.7952,124.6868,69988022.0,75.8332,77.211,74.8854,77.0494,36388729.0,111.1178,112.5889,110.5125,110.802,7538281.0,339.7841,346.1436,338.3674,345.3538,262867912.0
2018-12-17,59.6208,59.8625,56.8498,56.9454,640000000.0,130.5283,131.766,126.8109,127.1174,153993937.0,71.2693,71.4861,67.8698,69.1938,165585740.0,123.3384,125.2311,116.9975,118.0918,360000000.0,77.0267,77.1474,75.5739,76.4899,16139886.0,111.2863,113.6577,111.1131,113.1628,96000000.0,344.8774,345.6565,335.3425,336.2999,600000000.0
2018-12-18,56.8665,58.1886,56.3834,57.9546,98674922.0,127.2777,133.303,126.4452,130.8265,240000000.0,68.7839,72.9394,68.3182,71.5686,200000000.0,117.1642,125.1332,113.1712,123.7184,360000000.0,76.187,79.9199,75.3072,78.075,58557650.0,112.6844,118.8664,111.7361,118.1043,96000000.0,336.0072,345.6687,334.8702,342.7794,287657769.0
2018-12-19,58.4957,58.5972,56.4918,57.7475,57319110.0,130.7373,132.0021,127.348,129.398,43281467.0,71.7368,73.3172,71.4741,72.7114,32061800.0,123.7188,124.1011,121.6771,123.3905,36662273.0,78.1191,78.2749,77.0541,78.1498,14127527.0,117.685,120.0464,117.4748,118.6832,14712966.0,342.7554,348.9095,337.5148,342.2438,41757757.0
2018-12-20,58.1993,59.8818,57.7247,59.5453,342038935.0,129.3132,134.2548,127.0527,131.2547,60047935.0,72.7486,75.1297,72.219,74.0831,46648470.0,124.3501,124.9526,120.8732,124.6655,44392133.0,78.0599,78.9043,77.1504,77.288,29375135.0,118.5582,118.8669,117.3563,117.5404,22242418.0,343.5654,349.4337,340.752,345.8651,116082877.0
2018-12-21,59.9183,60.5068,58.8469,59.141,38209822.0,131.9396,133.291,129.5096,129.7446,42349016.0,73.791,74.7815,71.1363,72.4195,119401224.0,124.4115,124.9402,122.4368,122.8383,60398950.0,77.4423,77.9266,73.4997,75.2166,75019044.0,117.1445,120.2365,116.9289,118.7898,32795703.0,347.0097,352.54,338.9433,341.1934,188028408.0
2018-12-24,59.611,59.74,56.9329,57.6837,359211014.0,129.6985,131.3181,124.9751,127.2105,82926932.0,72.1735,72.5856,68.5077,70.5857,42072049.0,123.2155,124.041,111.7055,112.6395,360000000.0,75.3056,76.4039,74.743,76.0809,24780398.0,119.2619,119.7205,116.8329,117.1371,31965165.0,340.1072,343.6919,336.5533,337.5634,164296423.0
2018-12-25,58.0459,59.8558,56.8627,57.5647,46576454.0,127.034,128.4388,125.3911,127.9521,29373968.0,70.5499,73.8377,70.1743,70.9041,16126594.0,112.6835,113.8013,111.1734,111.9825,63315594.0,75.5057,76.5148,73.5012,75.7321,12885939.0,117.2059,118.9651,114.9344,116.264,13096786.0,337.9733,341.1383,336.9872,338.7252,66264842.0
2018-12-26,57.559,57.8538,57.3552,57.6301,44453767.0,127.5814,132.1646,126.7883,130.6372,103801552.0,70.8846,72.8673,70.6658,71.6366,21670991.0,112.2892,112.7117,111.8734,112.3734,33265363.0,76.1901,77.475,73.9752,74.2165,77863632.0,116.1673,116.6829,113.5121,114.2258,56065877.0,337.9582,342.7528,335.186,339.1175,63765337.0
2018-12-27,57.5984,59.8578,56.2756,57.9463,72814477.0,130.8547,133.9189,130.6556,131.8401,48611492.0,71.3323,73.621,70.6661,70.9129,29387807.0,112.9433,116.0632,111.9596,113.7982,61339553.0,73.5593,73.9663,72.7573,73.7861,16715142.0,114.6739,115.3428,113.4263,114.379,5168707.0,339.2597,341.7538,336.5731,341.1159,87997550.0
2018-12-28,58.0065,59.7544,57.6932,58.9149,133918770.0,131.5745,136.2553,129.4276,132.9665,25237547.0,70.9643,71.0978,70.1045,70.9209,16094065.0,114.307,114.8962,109.8451,111.7226,103937793.0,73.3187,73.6483,72.9154,73.2717,16156498.0,114.4633,115.2569,108.5976,108.962,96000000.0,342.3859,343.0493,339.4247,340.8804,57333692.0
2018-12-31,58.8602,59.3076,58.0146,58.8233,53456208.0,133.1403,133.7152,130.6346,132.9614,33483587.0,70.5224,71.2955,69.9583,70.7159,22369665.0,112.2035,112.8404,108.2714,109.7901,73535595.0,73.2493,74.2722,72.5154,73.4098,12859958.0,108.9047,109.6976,108.4946,109.4809,13356330.0,340.4107,344.9119,335.7006,339.4139,64477615.0
2019-01-01,58.5542,60.8871,58.3716,60.3514,188805239.0,133.0545,135.716,132.1479,135.1531,59238679.0,70.7301,72.7472,69.7574,71.8846,41147264.0,109.4716,114.1145,109.0325,112.7579,149350432.0,73.4988,74.435,72.644,74.2867,25234538.0,109.2655,110.455,108.832,110.0107,15398374.0,338.4652,346.5914,337.5905,344.6144,154387637.0
2019-01-02,60.4304,60.9238,58.426,59.7484,83909477.0,134.9259,136.665,133.4551,134.7811,21028565.0,71.8323,72.8417,69.5625,70.7106,36400324.0,112.6774,114.086,110.5718,111.9018,47916233.0,74.2008,74.3864,73.5973,73.9867,22251591.0,110.1649,111.0652,108.8016,110.0335,7471289.0,344.6647,346.5445,341.94,342.4875,109331013.0
2019-01-03,59.3372,60.2692,56.6637,57.8416,247459714.0,134.0426,134.6184,130.8423,131.1603,118267160.0,70.8268,71.7146,68.3326,69.1037,51430582.0,112.1762,112.7777,107.7725,109.171,82002366.0,73.8227,74.066,70.9199,72.0206,70679913.0,110.1783,112.9457,109.9075,112.0431,54820700.0,343.7716,346.2142,330.1297,333.9433,600000000.0
2019-01-04,57.8767,59.2941,57.7468,58.8839,139439378.0,130.6299,134.0701,128.9425,133.3574,52706363.0,69.4473,70.1311,68.8349,69.6032,23535070.0,109.4201,115.2666,106.6583,113.0394,257329401.0,71.9964,72.7846,70.8112,71.1654,28704455.0,112.2358,113.1972,111.6499,112.7464,22536172.0,335.8469,338.6699,333.223,337.7657,147792725.0
2019-01-07,58.6262,58.8444,57.1609,58.2357,133803230.0,132.9004,136.9805,132.6319,134.3339,33488104.0,69.4976,70.1136,68.9633,69.4407,27713221.0,113.3574,114.6317,111.4204,113.371,49972788.0,71.3192,72.0026,70.133,71.3233,11278285.0,112.9756,113.4103,111.4305,112.7051,6862831.0,337.1764,340.2374,321.5337,324.3821,600000000.0
2019-01-08,58.2149,59.4514,57.6598,59.1013,82218723.0,133.8039,135.7572,132.7281,133.2462,35872713.0,69.4408,71.0078,68.6837,70.4138,32835207.0,112.4276,114.2885,110.3336,111.6283,102208490.0,70.9892,73.0221,69.4991,72.665,25380529.0,113.1178,114.434,112.052,113.6841,14153749.0,324.5031,326.5316,321.4859,324.4561,47464409.0
2019-01-09,59.1512,59.9316,58.1553,58.7192,62530180.0,133.4852,133.8974,129.4939,131.176,62529450.0,69.845,70.1986,69.1088,69.5536,33166297.0,112.2614,113.1028,106.7526,109.8791,98750371.0,72.3342,73.6577,71.5575,73.2479,17744856.0,113.4472,116.2926,113.0673,115.312,35480225.0,324.7095,325.6732,316.3112,322.9756,61152256.0
2019-01-10,58.6279,59.2572,57.9187,58.184,48133477.0,132.2802,133.6067,128.6631,130.1167,27256183.0,70.1174,70.9714,67.465,67.8669,85759129.0,108.9984,109.4217,107.0315,107.3598,173657863.0,72.9887,74.179,72.6253,73.9931,25670882.0,115.9637,117.6793,115.5867,117.4207,40707084.0,321.6769,322.3326,317.7281,319.1867,144645941.0
2019-01-11,57.7646,58.6403,56.7514,57.6229,85055410.0,129.8552,130.6656,127.7705,129.2658,13816374.0,67.3518,68.3165,66.065,67.6316,15920191.0,106.9796,108.2041,105.4067,105.6488,49993983.0,74.3941,74.6635,73.5971,74.2383,13023481.0,117.9545,119.4507,116.203,117.055,7013211.0,317.8539,319.2472,315.6599,317.7479,67816062.0
2019-01-14,57.3218,58.6047,57.1887,58.225,100060813.0,129.0704,130.426,128.0549,130.2039,18234048.0,67.6087,68.5135,66.7733,67.787,23169846.0,105.7463,107.2506,105.0674,106.1613,29450753.0,74.3517,74.659,73.2089,74.3644,8378369.0,117.5626,118.5493,115.5368,116.4931,12406031.0,318.0403,326.3776,314.2719,322.8424,183371481.0
2019-01-15,58.3428,60.2572,57.9473,59.9357,346519191.0,129.9046,135.0034,127.9117,133.5584,114748205.0,67.0833,70.0265,66.4455,69.0721,73490796.0,106.1465,110.6974,104.4162,109.5993,148795504.0,74.5389,75.5192,73.5217,74.7384,21206052.0,116.4326,117.6919,116.0682,117.253,10252695.0,322.4988,330.1237,319.2113,328.6118,224157302.0
2019-01-16,59.7885,60.5989,58.6488,59.8678,40798895.0,134.0101,134.3458,132.1423,134.1081,24488007.0,68.839,69.3928,66.6422,68.0666,49295769.0,110.3364,111.1852,106.3801,107.7623,173076998.0,75.2269,75.5855,72.7289,73.3129,30081909.0,117.0423,118.1718,116.8442,117.6414,8368606.0,327.309,329.6613,323.2837,327.8674,51396314.0
2019-01-17,60.016,63.1643,59.4891,62.3183,393550724.0,134.3334,139.3375,131.039,138.7064,193466220.0,68.552,70.9534,67.0204,70.4726,200000000.0,107.1679,109.9723,106.1954,109.1713,59889285.0,73.5496,74.4934,72.4299,73.7291,12328539.0,117.6725,118.0581,115.0728,116.0145,25809958.0,328.5065,338.3577,326.92,334.764,354610666.0
2019-01-18,62.3209,62.6876,60.2762,62.1809,37402677.0,138.6973,140.0111,136.1471,137.8501,22193237.0,70.8037,71.582,68.5957,68.7662,69651122.0,108.9837,109.1675,107.3989,108.9573,19642420.0,73.7763,76.2652,71.418,72.3409,30016976.0,116.0974,116.768,115.2065,116.5558,11871643.0,334.822,336.724,332.0531,333.4817,71247524.0
2019-01-21,62.1267,62.6187,60.9042,61.2272,172042112.0,137.1933,139.1487,132.4912,132.9087,240000000.0,69.0441,70.9418,66.7476,66.9713,71494113.0,107.9483,109.1054,106.3806,107.4279,46009390.0,72.804,74.0153,72.6472,73.8938,36140812.0,116.8078,117.6313,114.3776,115.5332,15737716.0,333.4926,335.085,327.0528,329.9059,137831038.0
2019-01-22,61.3211,61.547,59.4152,60.7729,90783407.0,132.4033,133.4536,130.4293,132.1284,25101785.0,66.9185,69.1473,66.4993,68.4736,58844662.0,107.4947,108.1741,104.8004,105.778,67777509.0,73.6004,74.4195,72.9384,74.103,12289964.0,115.4854,117.1378,115.2778,116.0244,12465973.0,328.8832,331.2962,327.8214,330.3575,55355362.0
2019-01-23,60.5923,61.4957,59.5285,60.9242,50827554.0,132.2197,133.8003,131.5511,132.8011,21520156.0,68.9381,69.8989,68.1983,68.4207,15573922.0,105.6741,107.9495,105.3422,106.3718,25063280.0,74.0226,75.108,72.89,73.7901,15692743.0,116.2941,117.0886,115.3806,116.6973,14676978.0,328.7633,333.0451,324.9315,330.3778,39994572.0
2019-01-24,61.0319,61.8066,60.7823,61.3774,75700690.0,132.9179,135.6729,132.0724,133.4482,15922099.0,68.4929,69.8085,68.2647,69.5547,42185964.0,105.7505,109.89,104.5794,107.2581,66732727.0,74.1402,74.7953,71.933,72.0442,49301708.0,116.5952,118.9343,116.2941,117.9948,17729184.0,329.8183,330.8566,328.7836,329.8206,40223125.0
2019-01-25,61.264,61.9992,60.5587,60.7198,70666667.0,133.4397,133.7849,130.7006,131.6962,36494832.0,69.7515,71.2166,69.5391,69.8468,21502756.0,107.9236,110.3397,100.6165,103.8135,239129888.0,71.3999,75.7847,70.9754,75.2901,144000000.0,118.009,119.8653,117.5071,119.234,28761545.0,329.8661,333.8088,321.4106,329.5557,34525651.0
2019-01-28,61.4027,61.5325,60.2072,60.7071,61490981.0,132.0415,132.333,130.6781,132.0969,26201480.0,70.6079,71.2453,69.7456,70.3277,23303762.0,104.3446,105.2418,103.8006,104.9655,53821304.0,75.0449,76.914,74.3011,75.9914,23616686.0,119.4514,119.8406,117.686,119.2269,6354336.0,328.8942,333.4229,324.5035,330.8334,79388732.0
2019-01-29,60.4043,61.3316,58.7948,60.5914,41766725.0,131.4626,135.372,130.6468,131.6873,16398092.0,70.6424,71.401,69.898,71.0046,19803259.0,105.0012,106.1207,103.8661,105.8413,32165118.0,76.2375,77.1795,72.0045,72.6549,144000000.0,119.2635,121.012,118.4121,120.086,11399442.0,329.8061,331.4038,321.0527,328.6908,72511921.0
2019-01-30,60.496,61.3129,58.5889,60.6174,50428788.0,131.8448,132.7098,129.8364,131.2198,25485306.0,70.9855,72.4425,69.9573,71.7158,38835572.0,106.4121,108.3389,105.052,107.2352,40739884.0,72.6866,72.9049,71.2261,71.8398,15464651.0,119.8816,121.762,119.6791,120.4968,10856684.0,328.3443,329.9337,318.816,319.9246,600000000.0
2019-01-31,60.5327,61.6899,58.9368,59.2051,156636063.0,131.348,131.9898,127.577,128.3501,125545901.0,71.8659,72.862,70.0921,71.0286,24448278.0,107.1884,107.8857,105.5163,106.5268,41051998.0,71.9911,72.3728,71.5978,71.8413,14445846.0,120.2233,123.2112,119.6728,121.7123,33785669.0,319.9564,320.4493,314.3467,316.5783,172445156.0
2019-02-01,58.8532,59.5117,57.9092,58.5834,86106536.0,127.867,128.5166,126.7184,128.0468,16178992.0,71.4381,72.3705,70.7793,71.3007,22100627.0,106.8866,108.8701,106.7066,107.2332,38889111.0,71.2798,73.7174,70.9439,72.9995,26964829.0,122.0394,123.5473,121.3538,122.5587,14308551.0,317.8504,318.6918,311.2344,317.2049,45988385.0
2019-02-04,58.7712,59.8561,58.061,59.7451,228145282.0,127.7422,130.5565,127.5272,129.7321,39898612.0,71.4826,72.1656,70.7263,71.5497,14330686.0,107.6714,111.0179,105.115,108.2311,32264772.0,72.7486,73.365,71.2394,72.5859,8620553.0,122.712,122.9311,120.5399,121.5132,12095278.0,317.34,320.9764,316.5238,319.4382,50151064.0
2019-02-05,59.6323,60.3489,58.1584,58.9606,85159810.0,130.0866,130.4897,125.6171,128.2031,52009453.0,71.7795,72.6749,68.1768,69.4418,98448676.0,107.686,110.5589,105.7579,106.6028,63799965.0,72.7791,73.0871,71.2624,72.1515,13914421.0,121.9388,122.9745,120.4945,120.9977,13760871.0,318.1125,318.9557,315.5502,316.4041,119414146.0
2019-02-06,58.3451,60.0002,57.8294,59.8937,154108632.0,127.6296,129.1131,126.4153,127.5688,32698507.0,69.809,70.2965,68.8585,69.0809,15932222.0,106.8208,109.1559,104.7394,105.6649,42733538.0,71.8855,72.7791,70.1311,71.3125,26931194.0,121.3473,123.3028,120.2144,121.899,23626257.0,314.5956,317.0345,311.9961,315.3919,50365885.0
2019-02-07,60.0776,60.5545,58.2442,59.6602,43710380.0,128.8122,129.7143,123.3635,124.6325,82628427.0,69.8003,71.0101,67.9534,68.6306,15488624.0,105.749,106.2188,100.7658,102.7758,172692729.0,71.5538,71.6903,70.3192,71.0977,14802897.0,121.8125,122.9947,120.3006,122.4402,8518310.0,313.2059,317.3158,311.3839,312.9674,77749708.0
2019-02-08,59.4931,59.6175,58.2096,58.343,160046652.0,124.9055,126.0593,118.457,119.0054,240000000.0,68.3684,69.2539,66.2026,66.694,78574811.0,102.2797,102.5455,101.2936,101.5397,90162003.0,71.1814,71.8867,70.0279,71.6532,13149253.0,122.7511,123.7627,122.3936,123.2054,11333305.0,313.2691,314.2472,303.2653,306.7555,331756357.0
2019-02-11,58.316,60.0309,57.9464,59.2245,121509992.0,118.9785,120.9738,117.3221,119.0177,22710380.0,66.886,67.529,66.1839,67.3356,30432974.0,100.9287,104.3443,99.7665,102.8403,32948643.0,71.3101,73.7494,70.581,73.1054,27065265.0,123.3148,126.9201,121.5795,126.1707,96000000.0,305.8418,310.8719,303.9203,309.0177,53685886.0
2019-02-12,59.4015,59.5716,58.6503,58.7398,97907735.0,118.8996,119.7103,116.7096,118.3571,29116474.0,67.4625,68.7318,65.3982,65.7485,62467030.0,103.0825,103.2932,99.967,100.7685,109863019.0,73.2089,73.435,71.5159,72.3549,22711925.0,126.1346,126.4842,125.3767,125.9136,5176744.0,309.4541,310.0609,303.3278,306.2073,68004480.0
2019-02-13,58.6454,59.4913,57.7582,57.9379,103826005.0,118.725,120.3344,117.6504,118.6741,22313478.0,65.6447,67.3972,65.256,65.557,18522702.0,100.6343,102.4775,98.8931,100.4248,25775990.0,72.5771,74.093,69.3809,71.7857,20050933.0,126.7572,127.4673,125.7555,126.317,16218264.0,307.2332,307.8591,301.0102,305.6516,44463902.0
2019-02-14,57.8427,58.1379,56.8339,57.1018,137766333.0,118.4821,119.3002,116.5135,116.7454,72143123.0,65.3835,66.1705,64.2463,64.5122,45668202.0,99.7322,100.49,96.039,97.2846,206301117.0,71.892,72.2367,69.9926,70.4601,51182159.0,127.0659,128.2682,125.955,126.212,7179429.0,306.1635,309.9775,299.8914,301.7919,181757105.0
2019-02-15,57.7258,58.887,56.5438,57.4104,84335339.0,116.5753,117.8456,116.106,117.428,19088881.0,64.9501,66.605,64.19,65.3855,45787109.0,97.5513,98.2702,97.2326,97.8916,37876600.0,70.6152,72.0242,70.3321,71.0634,23708209.0,126.419,127.6356,125.5788,125.874,9156974.0,301.5976,307.977,297.848,303.8906,80249006.0
2019-02-18,56.8678,58.1081,55.4961,56.8665,69191800.0,118.1014,119.6647,111.2386,112.768,240000000.0,65.1124,65.8487,63.2576,64.0574,47834687.0,98.3249,100.6102,96.9439,97.4146,38162655.0,70.5622,72.1759,70.3806,71.6136,18030685.0,125.6047,127.6584,125.1267,127.3393,28565224.0,305.4871,308.3579,299.7282,301.1672,98846091.0
2019-02-19,56.545,57.5581,56.3218,57.2236,45906512.0,112.5588,114.8587,112.148,113.1989,20501755.0,63.6889,64.2328,63.4544,63.813,23669449.0,96.8771,98.1564,93.0618,97.1247,21870969.0,72.2779,73.1634,72.0685,72.3281,16250511.0,127.1859,129.4801,126.6443,128.7931,23854045.0,300.7739,302.6257,299.3774,301.4299,45119603.0
2019-02-20,56.9487,57.4572,56.1554,56.8141,65477558.0,113.2596,113.4998,111.3466,112.6794,27178162.0,63.6661,64.8984,62.8184,63.9181,12341664.0,97.124,97.2811,94.2379,95.1387,116855733.0,73.1683,74.9062,68.4094,69.684,134063036.0,128.6174,129.4771,127.1349,128.4026,8311746.0,300.6591,301.3252,294.3927,297.4925,206751456.0
2019-02-21,57.2641,57.9249,55.9118,56.35,105467151.0,112.3426,113.097,111.0159,111.9124,33830278.0,63.4534,65.1931,61.4007,63.2321,15238695.0,95.8236,96.8722,94.3842,96.0111,44545123.0,70.0929,70.4516,68.5147,69.8263,10794915.0,128.6663,130.8965,127.3795,130.1457,25919255.0,297.774,300.5328,292.234,296.9483,50452620.0
2019-02-22,56.19,57.134,54.9135,55.2713,133458986.0,112.0266,113.5715,111.3699,111.6983,24319838.0,63.0135,63.2673,62.5916,62.7426,25426431.0,95.5986,96.9096,95.1341,96.0079,35048616.0,69.8593,70.4978,68.0683,68.3677,36899728.0,130.2717,131.4625,128.0831,128.5826,20675832.0,297.6,302.2268,274.9457,276.5187,600000000.0
2019-02-25,55.3299,55.5747,52.4398,52.5267,640000000.0,111.9539,114.3665,110.6426,111.2258,26412211.0,62.4728,63.5496,61.9059,62.1804,21318684.0,96.7854,98.1928,96.1029,97.0366,72353476.0,68.2544,68.5794,67.0496,67.1853,46470809.0,128.4815,128.9196,126.8826,128.1074,11328524.0,274.4996,277.9828,272.0457,274.7942,69441277.0
2019-02-26,52.417,53.4559,51.448,53.1619,93143237.0,111.9652,112.4654,110.4207,111.7642,25325492.0,62.2023,63.7491,61.9486,62.9559,49497927.0,96.8883,98.0662,96.1907,97.2504,30133059.0,67.0798,67.5327,66.5057,67.2693,13997506.0,128.7762,130.8194,127.4941,127.9172,11023573.0,275.6607,276.3059,274.817,275.5615,50160738.0
2019-02-27,53.3034,54.1952,53.2197,53.902,174466977.0,111.3525,113.1722,108.233,112.2251,24187905.0,63.3296,65.1357,62.8705,63.2034,19718636.0,97.2182,98.8172,94.8527,96.6925,45581139.0,67.4856,67.9282,64.6178,64.9103,95278493.0,127.7787,127.9772,126.3048,127.6552,10659288.0,274.2952,283.7051,272.348,276.3815,58951276.0
2019-02-28,53.899,56.1265,52.9171,54.6947,207799542.0,111.5872,113.7262,111.2161,113.3279,38014513.0,63.051,64.2278,62.3879,63.6281,21939756.0,96.0574,97.9869,95.0309,97.6555,58077910.0,65.1951,66.3368,65.04,65.751,23399426.0,128.2561,128.646,124.82,125.9153,31391729.0,274.7784,276.3729,261.8616,262.9037,600000000.0
2019-03-01,54.7557,56.3754,54.5332,55.4313,141177289.0,113.2089,115.9871,112.6187,115.2297,50060345.0,63.8539,64.8359,63.46,64.7277,50636419.0,97.0308,99.8683,95.4212,99.2028,93649920.0,65.5763,67.3864,64.8143,66.8062,53115745.0,126.2873,126.9277,125.934,126.2324,8467314.0,262.6473,267.2148,262.1455,265.9788,149544231.0
2019-03-04,55.7468,57.0476,54.0953,54.9149,54983358.0,114.9501,115.7555,114.4728,114.6547,21971476.0,64.9272,65.5618,63.5707,65.4202,26421881.0,98.8958,99.7392,97.1624,97.6233,93915187.0,66.8003,67.1668,63.514,65.1913,79354731.0,126.4374,127.2666,125.7193,126.6132,14126847.0,265.1788,267.574,262.2671,264.0676,72034765.0
2019-03-05,55.0217,55.786,53.7505,55.125,31214929.0,114.6478,117.0689,113.837,115.264,27266102.0,64.8281,65.6347,63.3442,65.5187,23339802.0,98.0326,100.3578,97.4468,99.7394,72048343.0,65.5277,65.6678,63.0079,63.7252,54814642.0,126.3649,127.1889,124.9867,125.5777,14338375.0,264.379,266.0476,263.1821,264.3306,42424102.0
2019-03-06,54.9466,55.2885,53.4527,53.5909,304137311.0,115.5012,117.0015,111.569,112.922,92577191.0,65.3708,66.2248,65.2502,65.3924,13779152.0,100.8484,101.5349,97.1999,98.165,72712468.0,63.6985,64.6953,62.973,63.4216,18435119.0,126.0863,126.5878,123.886,124.4846,12288837.0,264.5978,265.5205,260.2024,260.951,211931890.0
2019-03-07,53.6647,53.8784,52.8464,53.2778,82044142.0,113.9335,114.2449,111.6669,112.131,23904829.0,65.2918,67.1643,64.4143,65.9109,27476778.0,99.3811,102.4191,96.5818,98.6324,23598262.0,63.4507,63.6946,62.0696,62.2682,57252836.0,125.105,126.2149,122.9057,124.8581,10018643.0,261.1793,261.9452,258.5732,260.1245,58717868.0
2019-03-08,53.8491,55.1536,52.1309,54.4014,205845178.0,111.9318,117.4855,111.6116,115.6201,129918969.0,66.014,67.8655,65.22,66.9159,33878393.0,98.5749,101.6634,96.0389,99.7793,45163703.0,62.6201,62.8982,60.5638,61.5854,22687374.0,124.9324,126.4991,123.9385,124.2378,14746093.0,261.0288,264.7237,259.1322,263.5381,115754274.0
2019-03-11,54.5371,56.2407,53.6998,55.3992,126165718.0,114.6183,117.6798,113.3995,116.967,26177820.0,67.0722,67.6186,66.1568,67.4619,24896603.0,99.6114,101.453,98.4714,101.14,51750758.0,61.8927,62.0123,60.4629,61.146,11890191.0,124.629,126.9568,123.8693,126.4737,29564122.0,263.3025,265.1481,262.222,263.9761,54690126.0
2019-03-12,55.4363,56.29,55.2688,55.6222,39800756.0,116.8575,120.3501,116.62,119.8049,74629822.0,67.5533,68.8605,67.3602,67.7478,13728016.0,100.6708,102.9382,99.5672,102.4416,64383348.0,61.3479,61.8356,60.5193,61.0655,13489525.0,126.505,126.8688,125.4034,126.0496,10852810.0,264.2511,267.9123,262.8542,267.4032,137226364.0
2019-03-13,55.2871,55.6553,53.1347,53.5346,640000000.0,119.9704,121.5421,116.9593,118.6793,29536725.0,67.5,67.7503,65.5071,65.6481,145860501.0,102.9825,103.3312,99.0669,99.7538,126135777.0,60.7987,60.965,59.5982,59.9851,45881889.0,126.5285,128.9673,124.6749,127.5914,21122812.0,266.1408,270.5348,259.6112,261.3438,349300872.0
2019-03-14,53.7059,54.3014,52.4569,54.0138,128117812.0,118.2271,122.5304,117.5335,121.9586,117503396.0,65.4781,66.0482,64.7658,65.8073,16651422.0,99.4122,102.2559,97.855,101.4053,67315085.0,59.7261,60.6714,57.8075,59.671,11285643.0,127.2869,128.3495,126.235,127.9343,6358333.0,262.0563,264.3217,258.1945,263.7119,109210594.0
2019-03-15,54.222,54.4902,52.7233,53.4467,76144238.0,122.0709,123.8036,121.404,121.7413,17573043.0,65.4035,67.0282,63.6637,66.7736,45792557.0,101.2917,102.9769,100.5335,101.2901,34077326.0,59.4916,61.9802,59.2597,60.2367,21045955.0,128.2536,128.7772,124.9289,126.3372,27336916.0,263.3374,264.8346,260.2026,263.7124,33360617.0
2019-03-18,53.5204,54.3409,53.0407,53.9348,100171541.0,121.8072,125.1178,119.5714,124.4183,63899503.0,66.7918,69.5887,66.4994,67.9568,55854056.0,101.5282,103.6009,100.4393,102.6065,69857251.0,60.1081,61.1711,59.9269,60.5521,11886848.0,125.538,125.7675,124.172,124.5175,27758188.0,263.5001,267.8631,262.5327,267.3819,217694319.0
2019-03-19,53.962,56.4767,53.7813,54.8224,255501003.0,124.5457,125.5462,123.4514,125.2201,17073871.0,67.8547,68.8307,67.5985,68.1852,17673574.0,102.8255,104.8208,101.0099,103.7227,52598020.0,60.6057,60.9392,59.7351,60.413,7750128.0,124.151,124.4156,123.2817,124.2092,5683695.0,267.1224,273.8889,265.2268,270.2038,127877697.0
2019-03-20,55.5114,55.7765,54.3627,54.6255,53482799.0,125.6109,127.6957,124.205,124.4787,26718631.0,68.3341,69.943,67.3112,67.4433,50925662.0,103.4239,104.9439,102.1183,103.9352,33918187.0,60.39,61.7669,57.8594,58.0342,144000000.0,123.878,124.0755,123.0957,123.5784,12404684.0,270.1276,271.2255,269.1936,270.0858,60323386.0
2019-03-21,54.832,56.4114,54.7283,56.0531,243433784.0,124.4382,127.9511,121.6883,125.8838,39974184.0,67.636,68.9929,64.6111,67.0521,20916627.0,103.8885,106.8435,103.0911,106.1591,111323785.0,57.9958,58.9378,57.4718,57.8001,19096903.0,123.5827,124.7899,122.8677,124.2248,12121042.0,269.8032,271.1894,266.9871,270.7363,57909134.0
2019-03-22,56.3605,57.8035,56.2726,56.9859,155204400.0,126.1555,127.915,125.0463,125.7125,21334126.0,66.9605,68.1232,65.6301,67.8574,33228268.0,105.8667,106.6604,102.7137,102.933,286421543.0,57.7391,58.5801,56.679,57.2002,22990776.0,123.9485,125.763,123.1111,123.5,8602902.0,269.0801,274.3,267.8648,272.0683,61102096.0
2019-03-25,57.0027,57.2406,56.8499,57.1358,48895196.0,124.8252,128.1879,124.4364,126.7285,37275958.0,67.9358,69.934,66.7613,69.6067,86693255.0,102.5289,104.0688,101.5285,102.2219,36403534.0,56.9951,59.839,56.8481,58.7903,76981007.0,123.2277,123.7727,122.5824,123.3225,5498324.0,273.0265,279.0931,268.3283,274.1032,79719149.0
2019-03-26,57.1026,57.2007,55.0931,55.8531,287592115.0,126.2493,126.8835,122.2528,124.5959,66185034.0,69.5452,71.1689,69.0172,69.1822,22594815.0,101.7279,102.7122,99.0092,100.5798,57223431.0,58.6794,60.3346,58.1873,59.7386,22864706.0,123.2668,123.7018,121.6551,121.9131,29067219.0,273.5983,274.2977,269.726,272.2982,75665270.0
2019-03-27,56.009,57.0014,54.4488,54.6743,169394268.0,124.4285,126.0741,122.393,123.32,37120538.0,68.8675,69.9417,68.3351,68.9995,15502769.0,99.883,100.1566,98.6974,99.0305,69639910.0,60.3368,61.0371,56.9811,57.0733,144000000.0,121.8739,123.8801,121.0845,122.6298,15101846.0,272.0095,274.53,267.1567,268.2871,223950401.0
2019-03-28,54.6424,55.6189,53.781,55.1075,74521295.0,122.833,126.0542,121.7322,125.6051,83026399.0,68.7739,69.7041,67.8195,69.0411,13078097.0,99.2,102.2803,98.2022,100.8107,60363616.0,57.237,59.0231,55.7589,58.3362,42754518.0,122.274,122.7102,119.5397,120.3111,32983847.0,268.1404,276.0533,264.9856,271.9594,121006468.0
2019-03-29,55.0952,55.6386,54.1908,54.6611,53237544.0,125.6083,129.0249,124.1349,124.8421,37391996.0,68.4027,69.5687,68.0992,68.8997,19242808.0,100.6962,101.3762,98.2557,99.6924,45742547.0,58.341,59.1058,57.4177,57.5861,20989630.0,119.9047,121.1417,119.2414,120.5432,6040175.0,272.364,273.2358,268.356,269.4891,115753301.0
2019-04-01,54.7728,55.7453,52.8486,53.6649,144669677.0,124.6733,125.7161,122.4195,124.2149,20405638.0,68.7881,69.0937,67.0009,67.5183,59781669.0,99.159,101.5449,96.8735,99.1858,38194444.0,57.2334,57.8001,56.3988,57.6643,13603744.0,120.285,120.4897,117.665,118.9108,32705505.0,269.1128,271.8421,266.4296,267.4603,72776730.0
2019-04-02,53.5437,55.183,53.3524,54.8488,150615361.0,123.9925,125.1097,123.4744,124.787,28329635.0,67.3544,68.1769,65.7963,67.8006,24242726.0,98.612,101.2457,98.4132,100.5876,53034971.0,57.4309,59.2019,57.2754,58.676,26068175.0,119.2114,119.6414,118.0165,118.264,14014006.0,268.2696,270.9987,265.9602,269.7227,175735491.0
2019-04-03,54.9021,57.0184,54.4447,56.285,277842003.0,125.222,131.8304,122.6984,129.3127,212664713.0,67.4972,70.5946,67.1195,70.3071,122138743.0,99.9983,104.8354,98.1681,104.0145,195762096.0,58.6658,59.2903,58.4044,58.6297,9926860.0,119.0525,119.7126,116.2294,116.6806,36323125.0,271.1598,279.1948,269.7306,276.0396,547631187.0
2019-04-04,56.3049,57.1261,56.146,56.745,50385996.0,129.3554,135.0309,127.1579,131.9585,81387478.0,70.5433,72.3407,70.1168,71.697,84254094.0,103.7141,104.8829,101.7966,103.8437,25603964.0,58.957,60.319,58.7245,59.8647,34150628.0,117.1105,117.4614,114.971,115.2613,32875473.0,277.3228,280.3935,273.2946,279.3869,173437665.0
2019-04-05,56.9875,57.2397,56.6505,57.0393,79750717.0,131.3966,135.4313,130.3147,135.2253,138656118.0,71.8517,76.3944,71.1197,75.104,200000000.0,104.3974,107.8527,102.048,107.3575,183355330.0,59.9209,60.4008,59.2966,60.1022,12249492.0,115.1576,116.2029,114.3742,115.2127,5783695.0,279.5875,287.5011,278.35,284.7744,316410788.0
2019-04-08,56.8857,56.9947,56.0192,56.7607,49272553.0,134.9045,138.2901,133.754,137.3547,50567410.0,75.2745,76.4791,73.6382,75.7693,25847603.0,107.0125,109.7627,104.8146,108.8649,45508141.0,60.1552,61.0507,59.8096,60.7884,13120588.0,115.3336,116.2011,114.5314,115.5771,10027349.0,284.3093,289.6997,279.2675,287.4479,74265249.0
2019-04-09,56.2623,56.7687,55.8467,56.1887,136605211.0,137.7626,140.6713,133.3058,135.6627,33368758.0,75.9842,77.1156,73.5755,74.1974,62518745.0,109.1521,111.3811,107.3012,107.8818,56585328.0,61.0653,61.625,60.7742,61.2216,19029621.0,115.5766,117.1393,114.8438,116.3512,13213441.0,286.9568,287.9097,285.7099,286.408,60685146.0
2019-04-10,56.1118,56.807,55.9098,56.2258,64693962.0,135.7694,138.4783,134.423,136.6993,26216224.0,74.1969,75.4977,73.3361,73.6555,27554316.0,108.6801,109.1044,106.5916,107.4748,44221746.0,60.9786,62.5861,60.2942,61.8948,24269483.0,116.3093,117.8722,115.5019,117.3134,15261942.0,286.108,287.331,284.7989,286.7057,50660391.0
2019-04-11,56.3244,56.955,55.7394,56.1975,51945232.0,137.3445,138.2128,134.0352,134.5369,43725226.0,73.6518,74.6977,72.3612,72.7713,25717092.0,107.5603,109.258,106.9084,107.4815,31454045.0,62.2522,63.5846,61.7471,62.2889,27101951.0,117.3458,118.8078,115.1357,117.9694,8766602.0,286.0149,286.7374,280.9986,285.3375,59206842.0
2019-04-12,56.437,57.3914,54.787,54.9465,138267361.0,134.986,135.8339,132.8756,133.7209,20008898.0,73.0191,73.3919,72.7678,73.0912,19103220.0,107.0938,108.1634,104.3989,107.9166,40401888.0,62.1912,63.467,60.9375,62.751,18038551.0,118.0519,118.8365,116.4112,117.3098,13830704.0,285.6741,287.9123,280.8822,284.2526,60427526.0
2019-04-15,54.7789,58.913,54.2888,57.2756,632407953.0,133.5162,135.2107,131.9464,134.887,43139365.0,73.2912,75.2741,71.9501,74.642,66419178.0,107.8709,110.3588,107.2771,109.7974,66677940.0,63.0493,63.7622,62.4319,62.7123,8248744.0,116.7947,119.4112,116.3048,118.239,11155534.0,284.0701,285.1985,271.0358,274.5253,600000000.0
2019-04-16,57.4127,58.1178,56.326,58.0144,83923373.0,135.6515,137.6775,131.9085,134.1548,28475599.0,74.9567,76.5191,73.4314,75.6739,22506783.0,109.7749,111.2927,107.8863,110.7086,43609991.0,63.1426,63.495,61.6087,62.5524,15262493.0,118.0546,119.5057,117.3884,118.1728,5253467.0,274.5126,278.9046,273.3213,274.1671,48597013.0
2019-04-17,58.3056,59.3794,57.6388,58.4785,62258510.0,134.9589,137.6951,133.085,133.4611,20416346.0,75.6604,76.6393,73.0388,74.5965,42798817.0,111.616,114.8568,106.7046,108.1716,88576113.0,62.3204,63.9635,62.2085,63.6168,43330013.0,118.1602,119.0102,117.0617,117.4896,15593341.0,273.9279,276.6722,272.2767,274.8561,57461163.0
2019-04-18,58.6726,60.4519,57.1356,57.9725,117626846.0,132.5262,133.2916,129.1554,130.3741,76574905.0,74.2958,75.8938,71.1758,72.6589,67293259.0,107.2899,108.5568,106.6303,107.5913,33599945.0,63.6168,65.1081,62.5281,63.0972,24975255.0,118.1976,119.8534,116.0739,117.219,8314029.0,275.2079,275.694,269.8766,271.6229,164197551.0
2019-04-19,57.7707,58.7981,57.0326,58.5323,81261451.0,130.3904,133.2436,128.8717,132.779,52724525.0,72.7295,75.6576,72.6088,74.672,133222125.0,108.1599,111.4169,106.9327,109.122,59868914.0,63.3014,63.5897,61.2472,62.1821,17647658.0,117.4074,118.1681,116.1623,116.4653,18464912.0,271.82,277.0035,270.8591,274.2678,156306619.0
2019-04-22,58.3562,59.421,57.1713,57.5894,112438187.0,132.4919,134.8761,129.1487,130.0663,66296631.0,74.4955,77.3786,74.0773,76.8938,164273223.0,108.227,109.1114,106.6947,107.2778,51554801.0,62.1091,63.1313,61.5099,61.8142,12805229.0,116.7891,117.9074,109.4351,110.994,96000000.0,273.9932,274.585,265.1782,270.9638,120509127.0
2019-04-23,57.7,58.3563,55.4004,56.7012,104842717.0,129.933,130.609,128.6328,129.9451,23579437.0,77.0998,77.6658,76.4333,77.3154,29877564.0,107.69,108.3818,103.1073,104.6467,123529200.0,61.7487,62.4721,60.24,60.7351,28612268.0,110.9632,111.4451,108.3751,109.6514,24408459.0,270.8499,274.8462,267.4399,268.7697,158036107.0
2019-04-24,57.1091,58.1756,56.5409,58.0548,191352862.0,129.5282,131.2384,126.6517,127.9626,51684861.0,77.4065,80.3421,75.5624,75.9565,46407682.0,104.4445,105.5265,100.4683,102.128,101594240.0,60.6361,61.0711,60.5403,60.7368,14506662.0,110.0497,110.5998,109.3198,109.93,11867328.0,268.6559,269.6906,261.916,265.9018,207918830.0
2019-04-25,58.0585,58.5915,57.309,58.2804,65302711.0,127.4892,128.4944,125.1801,127.5927,34975656.0,75.9725,77.5207,74.8514,75.7161,15910800.0,103.0128,104.3042,102.667,104.0659,87058262.0,60.2758,62.8172,58.9839,62.0278,56415433.0,110.0088,110.1911,107.5822,108.4373,30345853.0,266.4078,269.7726,261.9754,268.0621,84390227.0
2019-04-26,58.238,60.1455,57.3107,59.1654,81499466.0,128.0462,129.3152,124.8598,127.3804,18507716.0,75.5947,77.3194,75.2335,76.6501,20553412.0,104.3976,107.645,103.8088,106.7324,116098944.0,62.2969,63.5403,60.1633,61.2239,34080398.0,108.6631,110.0609,106.6822,107.2519,26149148.0,267.4715,269.9802,264.9874,266.2549,99631638.0
2019-04-29,58.8092,60.7905,58.2028,59.4946,65629979.0,126.7959,129.3794,125.4568,128.6172,29772223.0,76.9648,78.2994,76.2653,77.4311,34183554.0,107.022,108.9902,106.6636,108.1468,62127264.0,60.9713,61.6029,59.5367,60.1697,26888987.0,107.2993,109.4245,106.0602,108.238,18801014.0,265.9038,268.438,265.2689,267.619,111471266.0
2019-04-30,59.3991,60.1466,59.0885,59.2994,61039120.0,128.6645,129.4559,125.5056,128.3024,25025026.0,77.7246,78.4688,75.0738,76.0297,35870337.0,107.6667,108.3485,106.9238,107.9829,32376188.0,59.6083,61.1314,58.7843,60.5691,16581599.0,108.3887,109.2314,107.449,108.308,7329528.0,266.1815,272.0194,263.183,267.6427,59561499.0
2019-05-01,59.1127,59.5319,58.4376,58.9958,40342714.0,127.6227,131.8534,127.2842,128.6424,13268036.0,75.8554,76.2141,74.953,75.2054,21227128.0,108.9078,111.1324,106.5066,107.5508,23286652.0,60.8293,61.5475,58.861,60.312,8981323.0,108.1782,109.1749,107.5404,108.6858,9432524.0,266.8283,268.987,265.1471,266.6059,40401009.0
2019-05-02,59.0029,59.7889,58.3182,58.9038,34251995.0,129.287,130.1539,128.9861,129.645,31182655.0,74.8281,76.781,73.9474,75.1215,13800147.0,108.9908,112.0342,105.2812,105.739,67058774.0,60.4319,62.0638,60.1265,61.9474,53245633.0,109.1881,111.5922,108.2817,110.109,38602081.0,266.4274,267.4853,265.9981,266.6015,39680075.0
2019-05-03,58.5122,60.5504,58.1497,59.6701,104523906.0,129.6604,131.1941,128.9277,130.115,16020841.0,75.1768,76.2918,74.6495,75.7641,19422461.0,106.7487,108.6789,105.0554,106.8868,41686904.0,61.6139,62.842,61.3451,61.9548,10279054.0,109.9754,110.7995,108.2038,109.0762,20572025.0,266.2714,269.3194,265.6636,267.7366,56901713.0
2019-05-06,59.5837,59.7817,58.3826,58.7582,179474808.0,130.4974,132.3905,126.799,127.695,39895019.0,76.1329,76.7739,73.4576,74.6294,32589622.0,106.3814,107.635,100.6575,104.2403,162915323.0,62.231,62.4881,61.5797,62.2044,14018373.0,108.8158,111.8429,108.4037,110.9727,47187547.0,266.2513,267.2988,262.7694,264.0947,217222089.0
2019-05-07,58.4974,59.1621,57.747,59.0517,83234425.0,127.7931,132.8435,126.6551,131.3003,133395778.0,74.2448,76.5403,73.8432,75.4446,30771433.0,104.1468,105.8258,103.3233,105.1913,67208564.0,62.3742,63.1755,61.7546,63.0802,30358240.0,111.0176,113.0061,110.392,112.7128,44735829.0,264.4881,268.2695,263.5043,265.2654,83264491.0
2019-05-08,59.297,60.3145,58.5324,60.0095,112681245.0,131.1694,134.5676,129.2303,133.9822,94691081.0,75.59,76.4846,74.3776,75.996,29159117.0,104.6023,106.0947,104.1157,105.5414,30823388.0,63.0803,64.3808,62.2762,64.122,27879188.0,113.246,114.1139,111.7941,112.1629,8005796.0,264.6041,270.2439,263.2958,269.4421,160038019.0
2019-05-09,59.7826,62.9293,59.5871,62.612,640000000.0,134.0183,138.0759,132.7235,136.7496,82477843.0,75.7409,76.2742,74.3377,75.0682,38618650.0,105.2379,108.6611,103.6452,108.247,136329758.0,64.03,66.2574,62.6244,65.5989,58272518.0,111.97,113.2487,110.1345,111.274,21875655.0,268.2075,279.9032,267.7392,275.7922,405820068.0
2019-05-10,62.4542,63.1611,60.5559,61.1974,191862485.0,137.5636,138.1938,133.7777,135.6761,30727725.0,74.7562,74.8701,72.0845,73.7714,51569161.0,108.3921,113.1204,106.0654,108.9217,25348345.0,65.566,68.1199,64.732,67.1815,56718764.0,111.2232,111.7023,109.2084,110.7066,8305493.0,276.0772,277.9125,271.9097,274.705,42177616.0
2019-05-13,61.2736,62.3092,60.6704,62.1796,119479751.0,135.1976,137.0451,134.1481,136.6062,14470022.0,74.0532,75.7471,72.8662,74.3538,32517190.0,109.2979,110.3779,106.9658,109.9524,48446354.0,67.2383,67.7784,64.957,65.5412,89473014.0,110.7781,111.0528,109.9759,110.5425,6656373.0,275.3552,276.1297,274.3859,274.8366,42354421.0
2019-05-14,62.0553,62.3383,60.6301,61.6879,77139112.0,135.2419,139.7423,134.214,137.9688,33741093.0,74.5521,75.4981,73.206,73.5764,30597523.0,110.2297,114.6126,108.3399,110.8935,39771373.0,65.3299,65.4746,64.8393,65.1804,13305819.0,110.1743,110.8005,109.2184,110.3783,7020058.0,272.9443,277.782,272.2329,275.3379,46451987.0
2019-05-15,62.3331,62.6746,61.3361,62.1062,85765884.0,137.542,140.0295,134.8628,139.4491,35804712.0,73.5305,75.8053,73.2147,74.88,43552642.0,109.9956,114.7303,109.525,111.7315,55942515.0,65.4794,65.9769,64.2032,64.8067,9515560.0,109.9964,110.9205,108.5023,109.0479,29695543.0,275.8711,277.634,273.1721,276.6489,76429502.0
2019-05-16,62.3615,66.7952,62.2537,65.472,640000000.0,138.7868,147.4166,138.096,146.3805,240000000.0,75.1224,78.6432,74.997,76.9223,81281432.0,111.7123,115.4417,107.2024,114.6198,117966089.0,64.9543,66.945,63.473,66.453,72420281.0,109.3575,110.2261,107.9413,108.7426,13786643.0,276.4798,286.8784,275.6374,285.5995,600000000.0
2019-05-17,65.4769,65.715,64.9809,65.2277,51254016.0,146.9394,149.1096,139.5699,141.1654,200513626.0,77.1379,78.0717,70.8256,71.532,200000000.0,114.9004,115.3692,112.638,114.4621,21953412.0,66.4163,67.0164,63.7683,64.1648,139986989.0,108.7633,109.4551,107.9498,108.6652,9277466.0,285.3926,286.8001,282.3714,282.9318,118817183.0
2019-05-20,65.3337,66.095,63.9112,65.4793,41758601.0,141.0678,151.4977,139.3086,150.522,240000000.0,71.098,74.2093,70.0826,73.143,53271192.0,114.9763,116.7545,113.5037,116.5567,55836285.0,64.6244,66.67,63.9926,65.4442,33595680.0,108.3752,109.0892,107.9305,108.8432,5538839.0,282.035,289.6254,276.5036,288.0239,252261989.0
2019-05-21,64.8027,66.4485,64.6428,66.2342,104550549.0,151.0132,156.4522,149.7323,154.9978,135175178.0,73.1683,74.165,71.7153,73.6326,24406351.0,116.7927,119.9937,115.8153,119.2278,108926738.0,65.3635,65.6002,63.0067,64.91,16598596.0,108.7572,109.6395,108.3095,109.2119,7893171.0,287.8972,292.8427,286.3772,290.4386,121754930.0
2019-05-22,66.595,67.3859,64.8011,65.7984,86880552.0,155.0173,155.6324,150.1548,153.8717,26628949.0,74.0598,75.4506,72.7834,73.9536,16953306.0,119.5034,121.008,118.0041,120.1474,35115848.0,65.323,66.1145,63.1245,63.5765,47451119.0,109.0581,110.2314,108.6257,109.3685,5504938.0,290.3635,293.9761,283.7881,286.1486,182098965.0
2019-05-23,65.9471,66.4666,64.1888,64.4028,242068501.0,153.8769,155.8063,149.5102,151.3667,65618928.0,74.0972,75.4059,71.784,72.6158,42385066.0,120.0123,122.6988,116.8369,121.5108,68548054.0,63.6527,64.2725,63.2191,63.5471,9294556.0,109.3707,109.9701,106.9596,108.2437,16292041.0,287.9822,290.2117,278.552,283.5746,102391878.0
2019-05-24,64.382,66.6222,63.4106,65.6234,111911445.0,151.4644,157.2746,150.883,156.6847,169857178.0,71.8422,73.2369,70.7668,73.1152,18305755.0,121.667,123.6791,118.8288,121.3071,32185352.0,63.7445,66.19,62.7646,65.8876,105936682.0,108.2974,109.4407,107.5418,108.274,5874662.0,283.9945,291.7103,281.6222,288.1153,230938759.0
2019-05-27,65.7873,67.718,64.9491,66.2954,79800053.0,157.6004,158.5534,151.4469,153.5162,95958720.0,72.7954,73.7322,71.273,72.5816,29870709.0,122.7975,126.9254,120.3318,120.7691,31934598.0,65.7887,67.0472,64.7242,66.7967,25647246.0,107.6894,108.4256,104.9532,107.1676,31037753.0,288.1133,289.7891,287.013,287.6744,35938852.0
2019-05-28,66.4968,67.7736,64.9952,65.2716,172817378.0,153.629,154.2992,151.4562,152.3602,20873713.0,72.8782,73.0872,70.6472,71.2846,41498534.0,121.4597,122.8071,117.3968,118.6518,88817910.0,66.2873,67.3599,64.3701,65.4346,55754305.0,107.5284,109.0635,107.1219,108.2278,19995979.0,288.64,292.2943,283.2439,284.6227,117810769.0
2019-05-29,65.1519,66.1747,64.2097,65.0515,58553820.0,153.027,153.6523,147.5175,152.1073,22011732.0,71.1221,72.0884,69.4233,70.0808,44559494.0,118.8564,122.9568,115.6268,117.3974,74988771.0,65.5632,65.7596,64.8436,65.2462,11147749.0,108.2479,118.1343,107.2822,117.5846,96000000.0,285.3377,286.9727,281.3719,281.9095,92900525.0
2019-05-30,65.1606,67.5833,64.8983,66.8041,270218700.0,152.7345,158.31,149.6228,156.4874,135036282.0,70.4034,73.0307,69.5727,71.8952,79389005.0,117.8023,123.4102,115.2776,123.1018,360000000.0,64.9296,66.1879,61.7886,62.5502,144000000.0,117.3956,117.948,115.7559,117.3536,8812464.0,280.7499,290.0351,278.7796,288.23,526261062.0
2019-05-31,67.1137,69.1036,66.6099,68.3133,201262268.0,156.3869,163.7039,154.7973,160.7035,120119219.0,72.5,73.1532,71.7376,72.9009,49476105.0,123.146,125.6355,121.3276,123.7048,28735584.0,62.3934,64.1431,61.6404,62.8657,13649693.0,117.6154,118.3382,115.7757,116.0714,19260082.0,288.7711,293.7931,285.211,292.2236,136504396.0
2019-06-03,68.4505,71.1762,68.3397,69.8738,233687162.0,160.6567,163.567,159.4167,162.4101,17113338.0,72.8299,74.3999,72.376,73.7699,48019880.0,123.7463,125.7513,123.0703,125.4807,99205743.0,62.8852,64.4998,61.2493,64.1098,30487422.0,115.7693,116.2664,112.7183,113.1726,96000000.0,292.3046,297.5355,291.7105,296.0271,127884361.0
2019-06-04,69.796,71.0347,68.9253,70.188,63989117.0,162.1687,166.5536,161.6467,164.9814,47012763.0,73.5835,75.38,73.1562,74.0826,23478521.0,126.0454,126.3443,121.3766,123.7641,49045200.0,63.9415,65.4111,63.6173,64.8787,23040877.0,113.083,113.2544,112.0789,112.3911,15984605.0,295.4399,299.0752,292.3181,296.9859,48529415.0
2019-06-05,70.2798,70.6515,69.1587,69.472,76380473.0,165.817,167.7945,159.7702,161.8622,66890298.0,73.7781,75.262,72.0233,73.0603,34573114.0,123.4143,124.2745,119.0006,119.2498,308469317.0,64.8702,65.9004,64.4842,65.4819,17412030.0,112.0471,116.5682,111.1612,115.2392,96000000.0,296.1166,297.8158,294.2927,294.7455,75428278.0
2019-06-06,69.8967,70.3252,68.0387,68.1436,203536719.0,161.2636,162.4127,158.0175,159.4803,75036537.0,73.2875,74.271,71.4841,72.0704,40605308.0,119.1769,120.8282,117.2141,118.288,55570142.0,65.5354,67.0004,64.7729,65.7259,15682253.0,115.4556,118.0462,113.5609,114.7452,13838161.0,294.6229,295.1466,291.807,292.3786,146814238.0
2019-06-07,68.3795,69.7357,67.3706,68.7476,59246616.0,159.027,163.4368,158.6535,162.91,82559196.0,71.8928,76.0721,71.5042,73.5906,50439203.0,117.5248,123.2085,116.0394,121.5223,136405788.0,65.3304,66.7244,63.9538,66.1762,22185034.0,115.0908,117.6909,114.7498,115.9602,34831312.0,292.37,296.8711,291.1,296.3345,223833762.0
2019-06-10,68.3959,69.9194,67.2611,67.7628,163072605.0,162.7329,164.0403,162.2524,163.7527,20719804.0,73.4695,74.6422,72.9268,73.9898,21496089.0,121.9688,122.6961,119.7842,120.8984,40684856.0,66.2505,67.1977,64.9347,65.542,24935964.0,116.0725,116.7178,115.7733,116.4484,10938860.0,297.3008,301.6741,293.7565,295.8445,55428390.0
2019-06-11,67.9383,68.9117,66.8994,68.0507,46826804.0,163.0142,165.3274,161.008,164.7851,32736540.0,73.6547,76.3069,73.425,75.6482,44866242.0,121.5109,124.9842,120.7866,123.7669,101712967.0,65.3755,66.7651,64.6031,65.9413,12827842.0,116.393,117.4809,114.7324,117.2222,16535166.0,293.9617,299.8588,292.8092,297.5125,67414655.0
2019-06-12,68.1871,68.7039,67.5912,68.582,85471110.0,164.4019,169.8036,161.9619,168.8314,92144281.0,75.5144,76.892,73.2527,76.5972,36273159.0,124.1201,125.6509,122.6405,124.4591,55421401.0,65.6536,66.1995,65.0669,65.6012,10790145.0,116.846,117.807,115.205,115.8139,29645024.0,296.4527,300.4615,293.3047,299.7561,89716523.0
2019-06-13,68.935,69.2091,67.3425,68.1871,62413291.0,169.5883,170.2366,162.9737,165.7689,85980241.0,76.3759,78.7966,74.9416,75.7573,30352427.0,124.3214,127.375,123.8783,124.2434,24688437.0,65.0658,65.9353,63.9412,64.4581,24527126.0,115.6805,118.3881,114.2727,117.7499,30311807.0,299.9226,304.1512,295.3291,296.7784,175717637.0
2019-06-14,68.1969,69.9125,67.1272,69.4906,141357947.0,166.1946,167.3242,165.5591,166.7718,27830724.0,75.145,77.6617,74.6832,77.1145,56259419.0,124.2175,125.3489,122.7706,124.1804,20089754.0,64.0492,66.4398,63.5587,65.7058,41986783.0,117.8187,119.669,116.8632,117.556,4329696.0,296.6619,305.9086,294.8452,300.1419,125555098.0
2019-06-17,69.3775,69.9596,66.2423,68.1163,239958256.0,166.4958,167.7297,161.8521,163.0618,73007218.0,76.8501,77.67,75.7764,76.2342,31719760.0,124.2667,125.3159,119.0611,120.5828,199459492.0,65.7123,66.1375,65.0242,65.6743,8570260.0,117.386,119.4215,116.1436,116.4172,15842027.0,300.2359,300.7304,294.9877,297.0086,95540915.0
2019-06-18,67.7065,68.0947,65.8052,66.702,220327083.0,163.578,165.7356,160.6237,161.7475,38564657.0,76.4675,76.6805,75.5365,75.9199,22882477.0,121.2082,122.3307,115.9177,118.3936,94400074.0,65.6857,66.1682,65.0865,65.8803,9408609.0,116.2839,118.6038,115.4345,117.0061,16386353.0,296.6229,297.905,291.5975,294.3823,129232405.0
2019-06-19,66.4981,67.0288,65.4003,65.5757,137811474.0,163.0787,165.4873,154.4223,156.7091,213303566.0,76.3404,76.962,73.5257,74.5784,41852789.0,118.9748,119.3287,113.3163,113.5354,360000000.0,66.0203,67.2004,65.2268,65.4247,26822801.0,116.6757,117.4113,116.0459,117.1913,7202991.0,294.59,297.7211,288.8517,289.4705,230283230.0
2019-06-20,65.926,66.2872,64.4232,65.2769,92675742.0,156.9024,157.4252,155.0334,155.7269,33255905.0,74.5458,75.462,74.1702,74.7986,20573348.0,112.7685,113.8397,111.0613,113.6634,26748092.0,65.886,66.3396,64.6067,65.6485,14325980.0,116.972,119.3631,116.1211,117.7455,14029527.0,288.1693,288.9525,286.3946,287.9682,68361647.0
2019-06-21,65.3339,67.5375,64.5685,66.2043,146463603.0,156.6002,161.7363,154.2704,158.2433,53363822.0,74.8089,76.4884,73.8323,74.9402,17734960.0,113.1928,116.1111,111.5123,114.5362,35459640.0,66.014,66.4445,65.1226,65.9176,14500177.0,117.3112,117.7108,116.7404,117.3825,13178662.0,289.6856,292.4137,288.6252,290.5258,99192704.0
2019-06-24,66.1752,68.6559,65.6548,67.9486,210600632.0,158.7748,165.9313,157.9379,162.8811,172873173.0,75.028,76.0237,74.677,75.6212,34953575.0,114.7716,119.844,114.4824,117.8589,126319064.0,66.1869,69.0775,65.1696,67.8883,91864383.0,117.4644,118.167,116.9193,117.2711,5350764.0,290.87,301.8237,288.2952,297.2456,445292648.0
2019-06-25,68.3379,71.172,65.9693,70.4571,293926532.0,162.6924,172.0776,162.0164,168.707,240000000.0,76.2314,79.198,75.0634,78.0537,186357357.0,117.1159,127.0152,115.0949,123.401,360000000.0,68.219,69.1183,67.8796,68.9689,47087146.0,117.2858,117.592,116.073,116.4873,21164091.0,297.6312,307.6085,295.2208,304.927,600000000.0
2019-06-26,70.7965,74.0504,70.5439,72.4821,309978780.0,168.8381,184.6869,168.1748,181.5354,240000000.0,77.7316,80.9189,76.595,80.4363,97903017.0,123.9378,126.2766,120.7727,121.8895,58407967.0,69.0199,69.164,67.6448,68.1336,23134533.0,116.515,117.0831,115.5381,116.3674,5566966.0,304.007,307.7006,302.6743,306.9994,78109324.0
2019-06-27,72.2474,74.1052,71.8021,73.3419,138404071.0,181.9119,186.0634,178.543,184.7071,55776211.0,80.0217,81.3877,79.4016,80.9412,24695470.0,121.731,124.3106,119.4372,123.5369,55007781.0,68.179,72.012,66.9583,70.5256,144000000.0,116.2617,117.5372,114.1523,115.4639,15820893.0,306.4876,313.1978,304.3871,310.7412,160238878.0
2019-06-28,73.7314,76.1592,71.8468,75.3411,318732277.0,184.1662,194.2386,182.493,191.9869,240000000.0,80.9241,83.9902,80.3122,83.241,79851072.0,123.9504,130.6064,123.1813,129.0361,270263862.0,70.971,73.4409,69.8001,72.8313,130741260.0,115.2922,115.8592,112.9658,113.9121,25176213.0,311.1919,324.0726,306.8499,319.2931,600000000.0
2019-07-01,74.7921,78.144,73.0575,77.0532,300135266.0,190.0247,200.786,188.8495,198.3889,236848892.0,83.3755,87.0346,82.085,85.7322,159056253.0,129.057,131.6296,126.6058,131.3429,68489023.0,72.8959,76.5252,71.5564,75.8211,144000000.0,113.8266,114.9039,111.8931,112.6917,25192768.0,318.9762,328.9816,314.543,327.0236,600000000.0
2019-07-02,77.2095,77.9473,77.0808,77.5788,60034579.0,197.7385,203.8687,196.8908,202.5879,72564725.0,85.7204,88.6692,84.6301,87.6072,54096550.0,131.2817,134.5067,130.3034,134.2743,95112733.0,75.895,77.0083,74.1671,76.7467,24023008.0,112.5708,113.2048,110.7362,112.408,8538634.0,327.2722,334.0765,323.0318,331.9294,158800098.0
2019-07-03,77.6956,77.9103,72.5226,74.2499,640000000.0,200.8738,201.3374,195.3088,196.1575,240000000.0,87.1191,87.4553,84.9996,85.2288,93736219.0,133.5864,134.0598,126.795,128.1323,360000000.0,77.1139,77.2562,75.4988,76.0708,25715444.0,112.4514,113.7413,111.9327,112.9992,15010494.0,331.1968,331.9634,323.8829,325.058,486137892.0
2019-07-04,74.6273,78.5074,74.045,76.3968,298294409.0,195.578,200.5851,195.2476,199.0104,36618812.0,85.5381,88.8697,84.9467,86.4759,41996150.0,127.8013,130.8867,126.2681,130.2731,76083541.0,75.9848,76.936,75.4351,76.1904,7016652.0,113.5224,113.7431,111.6485,112.7703,10765353.0,323.8273,333.0899,321.7618,328.3785,160192160.0
2019-07-05,76.5253,78.3908,73.3711,74.9453,171984173.0,197.6771,199.7014,195.4692,197.7891,30040808.0,86.427,87.4542,84.6449,86.2558,19889360.0,130.2022,132.4869,127.2191,127.9655,119150380.0,76.1484,77.6217,74.8329,76.847,31450945.0,112.7165,113.2882,111.1642,112.3222,15705001.0,329.4142,339.2619,327.979,337.6864,600000000.0
2019-07-08,74.8645,76.363,72.7774,76.0953,149899745.0,198.4756,201.3999,198.0127,199.787,47165993.0,86.4519,88.2251,86.1723,87.5161,43573036.0,127.8758,129.1963,125.7908,128.7554,28575254.0,76.4198,77.1367,75.9858,77.0086,12806965.0,112.1548,113.1239,111.4649,111.8245,13484156.0,336.8294,341.9157,335.2834,339.7997,80642884.0
2019-07-09,76.0398,76.1549,75.4927,75.9161,77523476.0,198.859,202.3112,193.2759,196.3197,81710586.0,88.0743,90.0737,85.9361,86.2266,49295752.0,129.1967,131.5939,126.2464,126.7022,78700650.0,76.8629,77.0313,75.8764,76.4491,20357928.0,111.7543,112.6753,110.9233,111.7776,8487193.0,340.6772,344.6179,338.9216,340.8358,53511857.0
2019-07-10,76.823,78.0922,76.3186,76.6189,130281410.0,196.7407,203.8317,193.7798,199.3831,42779189.0,85.7115,87.1271,85.4937,86.566,18353133.0,126.3181,131.2641,124.2376,128.3127,64545714.0,76.346,76.4638,74.562,75.5109,17710275.0,111.639,112.3295,109.8635,111.1796,11151543.0,340.0265,346.5326,337.4098,341.7512,37156591.0
2019-07-11,76.6469,77.6308,75.4923,75.6428,159333098.0,199.9858,205.2058,191.6499,195.0672,63981231.0,85.9591,87.0714,83.1098,84.8573,62836564.0,128.2947,131.9296,125.0511,126.2192,75264785.0,75.4264,76.6767,74.4745,75.7199,8634660.0,111.0406,111.5395,109.6699,110.9023,8479544.0,341.5976,344.6642,335.6676,337.6765,150161869.0
2019-07-12,75.8422,76.2153,67.3503,68.3399,640000000.0,195.6067,199.7229,189.3235,193.0178,38991059.0,85.0541,85.3754,81.9386,83.2532,35712179.0,127.1196,127.5086,123.7096,125.2826,36793758.0,75.9716,76.7465,71.5965,73.2719,93378100.0,110.7392,111.4846,110.1845,110.9422,7435050.0,337.3062,338.1825,332.0299,333.299,255684224.0
2019-07-15,67.7336,70.2529,66.8125,68.614,52917782.0,191.6032,200.4222,190.1525,199.0822,207387049.0,82.5625,85.525,82.1006,84.9886,80394457.0,125.7698,127.0,122.5044,126.3032,34847009.0,72.9699,74.8937,72.6489,73.5447,13033590.0,111.1339,111.4301,108.4251,108.8282,47714814.0,333.1004,339.9719,331.6181,337.8723,188353324.0
2019-07-16,68.3641,68.909,67.0664,67.6645,119881149.0,199.9641,204.4515,195.2375,199.1633,12971430.0,84.8495,86.2491,83.3174,84.1549,26268116.0,126.3658,127.3841,123.9188,125.3104,40348679.0,73.9945,75.0026,71.8912,72.5697,24642934.0,109.0127,111.2126,107.7682,110.9316,85191527.0,338.5991,339.3827,329.3838,334.9448,97955372.0
2019-07-17,67.8195,70.8175,67.004,69.9405,491061388.0,199.4932,207.8162,196.614,205.4007,186117741.0,83.9582,87.2131,83.5197,86.7965,118604124.0,124.4502,129.9851,123.3996,129.7743,145806913.0,71.9601,74.022,71.173,73.9098,34072912.0,111.1842,111.911,107.0068,108.2012,96000000.0,336.4978,344.0705,333.2806,343.3322,600000000.0
2019-07-18,69.4443,72.1608,68.3705,71.0449,131848002.0,206.0521,209.9662,205.0023,207.5033,24850556.0,86.9245,87.5749,85.2747,86.3928,31333524.0,128.9348,132.4554,127.1291,130.5353,28416110.0,74.0911,77.0836,73.826,76.1628,84871945.0,108.5054,110.0132,107.837,109.2609,22063104.0,343.1457,349.5901,340.8657,346.4282,79115280.0
2019-07-19,71.2172,73.0539,70.1834,72.3021,115236168.0,209.0037,212.5919,208.6091,209.1976,39886189.0,86.1575,86.8508,84.7687,85.6834,12753316.0,130.929,132.2035,128.2635,129.7307,28661701.0,76.4179,78.792,76.2383,78.2992,41831658.0,109.1606,110.4803,108.2345,108.7752,7658438.0,346.5472,351.648,345.1844,348.963,83160955.0
2019-07-22,72.0713,72.5527,67.7279,68.6334,640000000.0,209.8529,214.8277,205.8412,212.7854,52149090.0,85.8561,88.5413,85.4513,87.7801,82601116.0,130.185,135.8016,127.7658,135.0516,359584816.0,78.5214,79.599,78.0923,78.3238,11245714.0,108.3464,110.2726,108.1071,108.8548,6560733.0,348.6966,353.0461,347.159,351.5221,109342015.0
2019-07-23,68.3212,69.4758,67.2097,67.4907,170928637.0,211.7969,214.9095,208.9425,214.0642,24947128.0,87.3974,90.4636,87.1738,88.9746,21098643.0,133.8162,134.3422,132.3224,133.6845,55095869.0,78.676,80.1482,76.9592,78.1668,10967658.0,109.3964,109.7939,107.4169,107.6475,30831005.0,351.6084,355.4955,351.0334,353.7829,93287952.0
2019-07-24,67.2742,68.3487,66.1159,66.9028,74864607.0,214.6155,216.6507,210.413,211.6447,48590973.0,88.5233,89.4681,88.2379,88.9855,15069577.0,134.1272,135.5787,127.6969,131.005,68322843.0,78.0991,79.1003,77.8474,78.174,12615827.0,107.0369,109.5349,106.8618,109.0678,34826167.0,353.0637,354.7229,345.7075,350.7743,89682750.0
2019-07-25,67.3549,67.5402,66.8176,67.1281,55527313.0,210.3954,212.9413,208.0775,209.5033,43331262.0,88.9925,89.5572,88.7151,89.286,14747714.0,130.6575,132.8269,128.7502,130.5019,22738830.0,78.5762,78.7593,76.4859,77.282,20333268.0,108.9739,110.4671,107.8261,109.7346,16744082.0,349.746,351.6995,346.7372,347.5232,172230098.0
2019-07-26,67.2269,68.251,65.8975,67.9914,102690474.0,209.4514,214.8943,206.9576,212.2479,49971482.0,89.3245,92.2458,88.7076,89.9423,11267451.0,130.2522,132.0711,128.0209,130.5839,17828417.0,77.0637,78.316,75.8454,76.5757,17638704.0,109.3409,111.9036,107.5694,110.1478,9468430.0,347.8435,356.4524,347.1104,351.8955,107311650.0
2019-07-29,67.719,68.19,62.4585,62.6839,640000000.0,211.8278,212.4547,210.6066,211.8152,24880591.0,90.0511,90.9296,87.183,87.6287,121564873.0,131.1335,132.8176,126.8022,128.1496,104165740.0,76.3856,78.7955,75.8873,76.2095,14600720.0,110.2596,111.3015,108.8155,109.5255,13352326.0,352.1181,355.3036,345.7091,348.3436,130248001.0
2019-07-30,62.8986,64.4734,61.5617,61.997,89021405.0,211.8237,212.9636,210.5337,210.9418,24986009.0,88.1612,88.3009,86.3714,86.9732,17228590.0,128.5938,131.5189,122.5178,123.8815,266755939.0,76.8579,77.3837,72.5227,73.5086,144000000.0,109.2617,110.0193,108.5037,109.2584,8581996.0,349.4672,354.8135,341.2438,344.1567,182890599.0
2019-07-31,62.2242,62.7482,58.9625,59.109,640000000.0,209.6918,210.3443,201.9564,203.2906,240000000.0,87.4305,88.5467,82.9918,83.6383,200000000.0,123.8237,125.6679,120.4171,121.092,123364780.0,73.5618,74.4472,71.303,71.8931,67097993.0,109.5704,111.0827,108.8384,110.5556,31699824.0,344.2049,366.2796,342.3509,364.5189,600000000.0
2019-08-01,59.0097,59.1052,56.2198,56.9722,452182584.0,202.1776,203.4733,198.5076,199.9735,37601397.0,83.7931,84.5157,81.956,82.1832,38904559.0,121.4864,123.4794,118.9023,119.2416,95612782.0,72.1739,75.6863,71.1359,75.5232,144000000.0,110.6204,111.3127,107.7711,108.7216,51509052.0,364.4701,366.5263,359.9759,364.5447,42754119.0
2019-08-02,57.2137,59.1082,55.5746,56.7271,45182918.0,199.6201,200.7471,198.4362,200.0354,16608038.0,82.456,82.9525,81.6854,82.0438,13834253.0,119.037,120.5576,117.4238,118.4462,58916886.0,75.6768,76.2762,74.4174,74.7854,22573835.0,109.1364,109.6979,107.9937,109.1725,9795693.0,365.08,368.6755,361.3301,361.9516,106106137.0
2019-08-05,56.9795,59.2926,56.6043,58.6494,413254628.0,199.8603,202.7595,199.0933,201.0867,23928769.0,82.132,82.5714,80.4601,81.648,11049332.0,118.005,120.0273,117.1002,118.2738,21132487.0,75.0072,76.9468,73.725,76.4687,50880625.0,109.2004,109.6048,107.1676,108.4362,7772562.0,362.9635,368.6343,360.2672,364.7588,93334343.0
2019-08-06,58.87,60.9794,57.3092,57.9421,116985393.0,200.7499,201.4823,198.0311,201.0813,15619340.0,82.0432,82.3843,80.1225,80.855,31190227.0,118.9799,122.0449,117.1918,120.6898,80809894.0,75.8434,76.265,75.3282,76.1059,13006050.0,108.7534,109.5342,108.267,109.1989,15832644.0,364.595,366.5075,363.5782,364.6286,64870114.0
2019-08-07,57.7702,59.5436,57.1677,59.3268,289711046.0,202.2329,206.0633,199.5642,202.8038,35712718.0,80.9755,82.9665,79.8971,82.4333,48998216.0,121.4481,122.9813,120.6605,122.2673,68462565.0,76.2232,77.1159,69.8707,70.8674,144000000.0,108.9006,109.6312,108.1477,108.8868,6087123.0,361.9767,372.7529,361.0518,368.8326,150115371.0
2019-08-08,59.0191,59.8897,58.3736,59.2502,33828288.0,203.1424,204.5161,199.5906,203.1236,19584474.0,82.2471,84.8018,80.5716,83.8289,42833153.0,121.8961,127.3186,121.3117,124.4136,37393139.0,70.872,73.1335,70.0262,71.8949,29857835.0,109.1574,109.6748,107.1759,108.2275,16123921.0,367.7362,368.5937,357.9286,362.0381,393559853.0
2019-08-09,58.8096,60.5062,58.6754,60.3028,217381684.0,203.4407,208.3238,202.6942,207.4593,101163307.0,83.571,87.0159,82.9249,86.5113,134663225.0,124.1002,126.7639,120.0316,126.3751,62633378.0,72.1819,72.3923,71.199,72.2083,10820746.0,108.1907,108.9602,105.4844,106.1019,86006370.0,363.1381,370.2023,359.682,367.5012,150450450.0
2019-08-12,60.1288,62.5189,59.6779,61.4188,164484125.0,207.1472,212.0606,205.8056,209.0468,21891460.0,86.9199,87.6096,81.944,82.6942,200000000.0,126.9084,129.5562,124.8767,127.6911,60651628.0,71.9734,73.6196,70.5014,72.9797,26750523.0,106.1656,106.4268,104.0043,104.606,20172742.0,369.2823,375.3105,368.1712,371.5605,127938767.0
2019-08-13,61.3193,61.7361,57.9864,58.3067,640000000.0,207.9044,211.039,199.3089,201.5411,240000000.0,82.6322,83.1676,77.7797,78.5255,200000000.0,127.2734,128.1841,122.7253,123.9345,150749535.0,73.3371,73.7954,71.4497,72.5265,12549401.0,104.8508,106.2043,104.3923,106.0157,34937960.0,372.9676,377.3668,357.3099,362.2799,600000000.0
2019-08-14,58.2331,59.3221,56.1003,56.3046,427612894.0,201.5379,216.1277,200.0211,213.9954,240000000.0,79.1442,80.1353,78.8099,79.8748,41522644.0,124.4043,125.2799,122.8324,123.8165,31502884.0,72.1692,73.9485,71.8434,73.6375,26104739.0,106.1191,106.6283,103.6469,104.9363,23856507.0,361.8295,364.7232,357.884,362.9378,56948159.0
2019-08-15,56.2929,56.8104,55.2648,55.7458,54126307.0,215.5235,218.4699,210.1679,211.4456,44091017.0,79.5144,80.5961,77.4118,78.2732,107411504.0,123.2187,124.1206,120.7293,123.9156,15758166.0,73.5014,74.5327,71.8994,73.0163,14963544.0,104.7275,106.671,103.0059,105.5523,14523206.0,362.6001,368.4604,357.7547,359.2401,105544930.0
2019-08-16,56.1734,56.669,52.4697,54.0251,247062821.0,211.6325,212.6636,201.2383,203.9475,240000000.0,78.6753,80.0572,75.1106,75.2938,200000000.0,123.7479,123.9463,119.7969,120.4505,160546635.0,72.5459,72.7131,70.5119,70.7142,118024721.0,105.4222,108.7841,105.1403,108.3327,96000000.0,359.9942,361.5548,348.5142,351.2324,280907083.0
2019-08-19,53.9443,54.2978,53.7793,54.1671,80717426.0,204.8433,209.4868,203.646,207.0555,53191650.0,75.1624,76.3009,74.5129,75.2688,12752763.0,121.0087,122.9315,117.9469,122.0559,51017647.0,70.402,71.7347,70.2294,71.0825,13399736.0,108.0444,109.3454,106.8333,108.5199,9111952.0,351.8305,356.8866,346.6584,354.4887,70393931.0
2019-08-20,54.1554,56.0175,53.4402,55.6145,221679966.0,208.0683,210.3254,205.0169,209.6329,36969860.0,75.3944,76.086,73.5224,74.7619,16035753.0,121.4984,123.0058,121.125,121.4067,32751937.0,71.0845,71.6986,70.3015,71.1998,12848681.0,108.7156,108.9799,107.5731,108.5268,4844164.0,351.9997,357.0179,348.1814,354.9112,36844402.0
2019-08-21,55.1705,59.1694,54.4779,58.0753,640000000.0,210.0952,220.8815,209.6385,219.2802,240000000.0,74.3645,78.562,74.2513,78.0106,200000000.0,121.07,130.9026,120.6964,126.8018,308130672.0,71.5999,72.7077,70.7037,72.1602,13524515.0,108.4323,109.3227,106.0499,106.6638,61499003.0,354.9547,367.0667,351.2535,366.3051,600000000.0
2019-08-22,58.6487,58.9957,57.1067,58.3843,61264395.0,219.4705,222.0229,214.539,217.2766,38307171.0,77.4256,79.7578,76.7255,78.0393,17552766.0,127.0274,127.3987,125.9649,126.2489,48617138.0,72.1705,73.6322,69.8828,70.0993,135893668.0,106.5433,107.5631,105.358,105.8537,18193576.0,366.2492,367.5482,361.5855,363.7254,40712501.0
2019-08-23,58.0465,60.9039,57.5864,60.4068,447362885.0,216.4333,228.3277,215.881,223.6264,81097762.0,78.5136,79.0719,77.5363,78.9213,40757023.0,125.1808,131.3807,123.483,130.0409,164521178.0,69.7318,70.6461,68.9308,69.2213,19322318.0,105.9077,107.1983,105.6875,106.5101,12659958.0,362.5394,370.5584,358.432,368.541,158787968.0
2019-08-26,60.2188,61.389,59.5456,60.3529,51148321.0,223.4429,229.4799,220.4256,226.6468,42153988.0,78.7797,78.9412,77.5445,78.3804,19716401.0,130.0856,131.1258,128.0028,128.261,61448767.0,68.6256,69.2701,67.4361,68.6375,22266769.0,106.4466,109.2391,105.5495,107.6812,26922513.0,367.9176,369.932,363.1772,366.6282,66333765.0
2019-08-27,60.5384,61.4311,57.1687,57.4557,640000000.0,226.3249,227.7029,217.0897,218.3181,240000000.0,78.6973,79.0978,75.9911,76.1717,114826133.0,128.9666,133.2949,124.9071,125.4341,170241730.0,68.8271,69.0452,66.7181,67.0687,60911834.0,107.9988,108.3715,106.2357,108.0811,8081382.0,366.9027,368.7763,353.992,357.8751,536651632.0
2019-08-28,57.5181,58.5258,55.3904,55.634,546581715.0,218.6019,221.9474,209.9127,212.8384,204054270.0,75.9673,76.9441,72.7415,73.686,200000000.0,125.9476,126.8971,122.5628,122.9772,68822270.0,66.8884,67.5119,65.3753,65.8319,46154415.0,108.2951,109.6826,107.3188,108.7025,11333931.0,357.6543,360.938,348.1075,348.8623,599590061.0
2019-08-29,56.0386,56.6377,54.4367,55.0336,89620104.0,211.6568,217.9108,210.746,212.3411,24396840.0,73.9843,74.8069,72.1934,72.602,43687095.0,122.9484,123.7996,119.8606,122.031,41766585.0,65.6909,66.4621,65.3832,66.0463,10217502.0,108.9007,109.8766,108.3018,108.5572,10330978.0,349.7852,352.8011,345.262,347.4853,48956635.0
2019-08-30,55.2086,55.4217,53.5246,54.1481,116695482.0,211.8924,212.4931,209.2831,209.638,63588966.0,72.4747,72.8783,71.8714,72.2226,22736460.0,122.0429,124.0978,120.1382,120.9167,37293526.0,66.3381,67.2196,64.8233,65.1222,25480074.0,108.4437,110.2862,108.0967,109.07,15288674.0,349.2238,350.2774,342.178,344.6147,127755654.0
2019-09-02,54.1287,54.7525,51.4277,52.2648,548555948.0,209.9718,211.8224,206.6685,207.2561,45216533.0,71.8656,72.6982,69.8856,70.7719,62013281.0,121.772,124.6299,118.8737,119.1365,52775624.0,65.0863,66.5562,64.7061,65.661,19958636.0,109.2652,110.37,107.2075,108.1308,14015405.0,345.5394,346.4485,337.8502,340.4707,98489100.0
2019-09-03,52.506,53.3831,51.9578,52.039,49221871.0,206.6839,208.4278,202.4435,205.0173,38449341.0,70.9595,71.9546,70.1703,71.5641,26344915.0,119.9105,120.7195,115.7803,117.6587,58920938.0,65.5808,65.8244,64.7961,65.0088,20548053.0,108.268,109.3382,108.0562,108.3969,7559510.0,340.9024,343.0874,333.9433,337.7762,152298448.0
2019-09-04,52.3062,52.5932,51.1411,51.7164,70614047.0,204.2796,205.3632,201.8514,204.883,18956654.0,71.8414,72.5293,70.8769,71.1523,23057910.0,117.6062,120.1594,116.1612,117.0879,31343568.0,65.0518,65.2453,64.0316,64.3675,16272071.0,108.0653,108.6105,105.7083,106.9737,27650570.0,337.6338,339.0287,335.0001,337.0207,58404510.0
2019-09-05,51.566,54.2267,51.3056,53.3828,364403752.0,204.2456,211.0978,201.0097,209.3632,113319262.0,71.3392,73.957,70.7378,72.8156,118871096.0,116.7401,121.6602,111.9732,120.9302,314652534.0,64.7592,65.3684,63.3658,63.805,21688333.0,106.9074,108.6444,106.2964,108.2172,26479994.0,337.7823,348.2386,335.6813,342.0183,155619635.0
2019-09-06,53.6099,55.6419,53.4542,54.9833,391377844.0,209.1388,213.6301,206.8129,211.965,65352408.0,72.7724,76.3165,72.5553,75.3553,148509931.0,121.421,125.6133,120.571,124.917,302437186.0,63.8714,65.2678,63.3775,64.9878,67162027.0,108.1705,109.4494,106.1223,107.8112,9962496.0,341.4151,349.9445,338.832,348.327,239646644.0
2019-09-09,54.9295,57.1013,54.6998,56.2027,185090399.0,209.9875,217.7575,208.5624,215.4599,61733004.0,74.8176,75.4187,72.6845,74.947,25374967.0,125.5861,129.3354,123.6729,124.5267,28926497.0,64.4158,66.2003,63.4509,65.1774,11005334.0,108.2182,108.5875,107.7285,107.9419,10507274.0,347.7873,356.4338,347.0152,350.6063,109260167.0
2019-09-10,56.1771,58.906,55.66,57.4678,154308340.0,214.8279,215.2238,210.5226,214.3393,20963987.0,74.6197,77.9465,73.3968,75.3699,21681079.0,125.3405,126.9081,121.3162,122.4357,49239491.0,64.9595,66.34,64.6413,66.2152,35508685.0,107.8278,108.11,106.1822,107.599,14113447.0,349.3844,354.148,348.7802,352.337,49552867.0
2019-09-11,57.5041,57.8465,55.2849,56.6418,128715424.0,215.1448,215.5686,214.6698,215.163,27788258.0,75.1536,76.8984,74.0745,75.998,21747410.0,122.7738,125.3918,122.184,123.3666,37144496.0,66.1381,67.0471,65.7418,65.947,14078527.0,107.7299,109.5063,107.4277,108.2797,21899904.0,350.7919,354.4844,344.1973,351.5415,52935780.0
2019-09-12,56.5468,58.4498,55.1541,57.5467,120627385.0,215.4375,223.6458,212.6108,219.1116,53174880.0,75.9177,79.572,75.6623,78.3347,157820617.0,123.1592,126.6631,121.0713,125.377,89564873.0,66.1806,66.9675,65.7621,66.8499,24385256.0,108.6352,108.9942,106.0944,106.4913,82069375.0,352.8201,360.3711,351.3602,358.5973,334554258.0
2019-09-13,57.4366,58.6402,56.9948,58.05,50358541.0,219.4743,220.2036,214.8237,216.1857,50559469.0,78.6982,79.7576,76.3692,77.0647,55212791.0,124.3917,127.9082,122.9892,123.8657,42738117.0,66.5107,68.1111,65.5913,66.4968,17814440.0,106.2441,106.6357,101.8972,102.7937,96000000.0,358.8718,360.5037,351.9648,356.9947,65174474.0
2019-09-16,58.3026,58.416,57.0761,57.1907,127238865.0,214.6357,216.9893,211.8663,216.5445,22150925.0,77.0277,78.5135,75.824,76.6436,23699562.0,125.0052,126.665,122.5532,125.4551,82883256.0,66.5373,67.779,64.1617,64.2818,144000000.0,102.8661,103.2154,101.5754,102.1911,12649787.0,357.5328,360.739,355.0971,358.8753,82253750.0
2019-09-17,56.8064,57.9431,56.6058,57.7322,72877626.0,216.1917,218.6385,213.6087,217.1482,19812474.0,75.9853,78.0615,75.6382,76.8597,26111885.0,126.4087,128.1396,125.8021,127.1163,65841179.0,64.2603,65.1684,62.4139,62.5965,60301689.0,102.7158,104.1773,101.8217,103.4457,23671213.0,358.7467,361.0928,356.8451,358.4018,55609358.0
2019-09-18,57.4625,58.0187,55.7181,57.3582,74484435.0,217.0492,221.3677,213.9341,216.0483,19335440.0,76.0486,77.0906,74.7044,76.4732,31409950.0,126.6565,127.8899,123.4014,123.8208,97693744.0,62.8576,64.1107,62.4499,63.8746,62143033.0,103.0376,104.7943,101.5921,103.5852,6177211.0,360.327,361.3829,336.9051,338.3318,600000000.0
2019-09-19,57.5291,59.4774,57.0601,58.3733,116955049.0,216.4436,216.8719,214.5685,216.3323,16242892.0,76.256,77.4622,75.2495,75.5394,34210589.0,123.9324,125.0277,122.669,124.4382,28716167.0,63.6144,65.207,62.8278,64.9973,35506712.0,103.4269,104.056,99.8753,101.2037,96000000.0,340.0227,343.3938,338.2566,341.5549,148579121.0
2019-09-20,58.3546,59.4635,57.6303,57.7998,63570403.0,217.2805,218.5845,214.9566,215.9204,17589621.0,75.3808,77.1577,73.8507,75.602,14196896.0,124.3085,125.1721,122.2632,123.004,45289805.0,65.0419,65.68,64.0146,64.1394,34218780.0,101.2733,101.5387,100.3477,101.2538,7759791.0,341.5388,342.9055,336.9584,338.9904,97466534.0
2019-09-23,58.0531,59.7957,57.4106,58.7092,170562993.0,216.7335,217.963,211.7322,217.396,21258541.0,75.7122,76.9583,73.5317,73.9536,48288989.0,123.0424,123.6621,121.5539,122.3971,27637931.0,64.5433,65.533,63.1223,63.2862,28721673.0,101.3468,101.5897,98.5998,99.7179,27313153.0,338.9633,340.0356,336.7764,337.8526,51826009.0
2019-09-24,58.8019,59.2646,58.6851,58.8673,65089994.0,216.8955,221.4321,215.4977,220.8678,49995839.0,73.5151,75.8239,73.0481,74.8563,48963354.0,122.1658,123.2467,121.637,122.8435,23369362.0,63.5196,65.4057,62.8316,63.9099,20466207.0,99.7575,100.0811,98.4814,99.1332,25366515.0,337.6419,341.7525,334.8276,340.1111,62789563.0
2019-09-25,58.5221,59.03,57.4443,57.7246,166325887.0,220.3792,221.8154,212.1767,214.0893,123146984.0,74.4337,74.9737,72.7219,72.9293,91045978.0,123.2455,125.2612,118.8855,119.9079,99358452.0,64.0669,64.6732,62.8324,63.236,21433814.0,99.2696,101.4131,98.3849,100.8518,32375891.0,339.0381,343.1165,329.9911,333.1532,372579260.0
2019-09-26,57.7406,58.9245,56.5006,58.3916,107021585.0,215.2828,216.84,210.1412,212.846,29748388.0,73.0649,75.2381,72.0351,73.5582,22103881.0,119.2671,121.3144,117.8673,118.8255,39935671.0,63.1556,63.7285,62.4964,62.651,23110240.0,101.1728,101.4949,98.9909,99.3496,35989472.0,332.7668,336.0657,332.2402,332.7918,50899103.0
2019-09-27,58.5294,60.2746,58.3824,59.4499,182485680.0,212.5445,220.7117,210.9848,216.6258,68429475.0,73.9612,75.7987,73.2054,75.3947,66172489.0,118.6046,122.2751,117.6692,121.9162,174502604.0,62.6899,63.4431,61.8614,62.0573,15075455.0,99.3632,100.3052,98.246,98.6907,14867079.0,332.4946,339.0077,326.8219,336.1665,76971616.0
2019-09-30,59.5113,61.2354,59.0263,60.9079,227655906.0,215.7044,219.0448,213.5911,217.4855,23794186.0,74.7909,77.7596,73.3863,76.8204,42790310.0,122.4204,125.9748,121.2601,124.8973,127776754.0,62.0286,65.2582,60.293,64.2578,139249251.0,98.6722,99.2121,96.2477,97.826,14149995.0,334.0605,343.8575,331.9059,342.255,307335289.0
2019-10-01,60.7823,63.7166,60.3083,63.4573,528238471.0,217.3082,225.9883,216.4113,222.1515,75353799.0,76.5789,78.8991,76.4221,77.3931,36696153.0,123.7381,126.4195,117.5049,121.6142,151813134.0,64.4836,66.6637,64.0244,65.6808,68212948.0,97.9727,98.9111,95.2544,95.6044,96000000.0,340.0518,349.8295,339.5013,348.0554,195992298.0
2019-10-02,63.3807,64.1806,63.0954,63.9972,84211931.0,223.3349,224.5156,222.5398,223.8924,28021407.0,77.746,78.7995,75.0071,78.247,38375627.0,121.7916,123.4502,120.5126,123.0021,55403274.0,65.8225,68.0214,65.7178,67.1985,59844776.0,96.085,96.2368,93.6853,94.5059,22341388.0,347.992,353.3231,345.3116,351.1862,84770054.0
2019-10-03,63.8394,64.3618,63.0058,63.1789,135382722.0,223.0962,226.6138,218.8735,223.9446,13622672.0,78.5465,79.1272,78.3433,78.6771,14132675.0,122.6842,126.5959,120.1032,123.4941,26077451.0,67.026,69.5708,66.2894,68.2645,20225037.0,94.6489,95.0336,93.1391,93.4663,30190487.0,352.0159,357.1945,345.8202,353.5529,87000438.0
2019-10-04,62.8108,65.6054,61.9637,64.9487,333577228.0,223.5668,233.197,221.1218,229.9276,139283167.0,78.3794,83.061,77.9113,81.9273,185456503.0,124.4402,125.6231,123.4918,124.7894,63817603.0,68.7542,69.2544,68.2729,68.4647,8663685.0,93.7113,94.1868,91.8961,92.3115,31973759.0,352.7817,357.7865,348.2174,354.1372,29004328.0
2019-10-07,64.5311,64.7486,63.6336,63.8052,149209842.0,229.1473,232.2928,228.3694,229.0553,15664501.0,82.3173,83.7528,82.0037,82.487,23295352.0,124.9836,125.7054,123.8699,125.3494,29439618.0,68.8032,69.2935,67.4323,68.5116,10441181.0,91.9463,92.0938,91.1085,91.5409,9552741.0,355.8981,356.4743,350.1061,350.9958,151746199.0
2019-10-08,63.915,66.098,63.2321,65.2767,238545090.0,229.9194,237.546,228.4171,234.5228,101454156.0,82.5022,85.1492,81.368,84.0367,41613507.0,124.8841,129.2787,124.4696,127.385,63155705.0,68.2689,68.8044,66.1987,66.9861,42242824.0,91.4995,93.1194,90.1498,90.3328,21737670.0,350.7161,357.8267,349.1747,356.3893,259630135.0
2019-10-09,65.0263,66.293,63.5422,63.8674,183294491.0,234.7887,240.0894,229.2099,231.6237,36254512.0,84.2641,84.6078,82.694,83.8154,15627510.0,128.2619,129.9598,123.5741,124.0435,146839596.0,66.8918,67.9383,65.3219,66.748,16017095.0,90.057,91.7499,89.0849,91.4229,33961656.0,355.5346,358.1432,351.3806,352.4496,99143194.0
2019-10-10,64.0297,68.1904,62.4895,67.2329,640000000.0,232.4696,237.6483,230.9091,235.6445,94812468.0,83.5741,87.3821,82.8981,86.8505,200000000.0,124.0562,130.225,120.6237,127.6668,287101559.0,66.7047,69.9837,66.0653,68.559,62373770.0,91.4264,91.6801,90.7579,91.0597,11702789.0,351.0299,367.6022,347.677,360.5885,439848638.0
2019-10-11,67.0567,68.0493,66.6203,67.5563,85224113.0,237.101,237.8791,229.0197,231.9189,63258875.0,86.9546,87.5854,85.8642,86.8123,18513248.0,127.746,127.9786,126.6259,127.4006,24480998.0,68.7885,69.5771,68.2739,69.1863,22098928.0,91.3877,92.6781,90.9037,91.953,16290799.0,360.6883,365.4739,359.0852,359.9418,51709719.0
2019-10-14,67.1662,68.6494,66.538,67.7844,39939081.0,230.5423,233.7945,229.7505,230.3663,27464875.0,86.3989,87.0709,85.5257,85.9599,18430396.0,127.9357,129.4089,126.7404,128.5661,29299844.0,68.9574,71.3533,68.7855,70.6873,77302501.0,91.6542,92.2015,91.2417,91.6981,7753243.0,357.8965,364.6476,352.8693,360.8406,44443641.0
2019-10-15,67.6626,68.681,66.5851,66.7621,163184222.0,229.6788,235.6111,227.7231,230.8836,14814539.0,85.7675,86.9261,85.4933,86.2479,13615135.0,128.1987,132.4421,125.7672,131.364,104170059.0,70.4938,71.1267,67.7324,69.5734,31810168.0,92.1003,93.0051,90.9764,91.4692,8675359.0,360.0744,361.7955,354.4111,360.51,40052838.0
2019-10-16,67.3816,68.2335,66.7181,67.5791,175704192.0,230.4899,236.1937,229.407,232.2965,18637965.0,86.1431,86.4528,85.236,86.0511,17248450.0,132.2653,133.7136,131.523,133.3889,77395393.0,69.8241,71.0527,69.1376,70.5675,21690660.0,91.4681,92.4643,90.0605,90.5073,13974668.0,360.5556,365.9877,358.3849,364.5507,129852631.0
2019-10-17,67.5506,69.5595,66.4822,69.0409,214718634.0,232.3595,237.3471,225.6402,236.0272,62749065.0,86.1005,87.9847,84.4051,87.3955,56665862.0,133.753,138.0989,131.7725,136.5359,97397113.0,70.7291,71.1678,69.7288,70.1546,16765898.0,90.7111,91.4691,90.0653,90.6502,14021019.0,363.1094,372.8307,360.5634,366.6703,75808264.0
2019-10-18,69.2378,70.37,68.5563,70.1697,169250396.0,236.4978,238.7522,232.0321,234.8026,38369354.0,88.2609,90.4704,87.4368,88.9772,41575723.0,136.1229,137.3658,134.9179,137.0017,26429277.0,69.5971,70.5172,69.3365,70.2087,11219032.0,90.8855,91.1997,89.6193,89.8822,14192408.0,366.1275,371.5141,358.7821,368.1547,61059862.0
2019-10-21,70.222,72.3888,67.6509,72.0022,215757754.0,234.3487,236.3411,231.8474,232.8273,34714949.0,89.9147,91.7887,88.8054,90.4901,51745755.0,136.7221,142.3061,136.4294,138.672,38795075.0,70.398,71.3181,68.507,69.3253,26593175.0,90.3353,90.7886,88.5461,88.691,32493470.0,368.1805,372.521,363.1924,371.2474,101180796.0
2019-10-22,71.5575,72.4683,70.1759,70.8652,114324446.0,232.1939,234.8932,226.9013,227.654,95315751.0,90.3465,91.4472,88.1343,90.0755,17143960.0,137.8513,140.2775,136.4135,137.1949,53032064.0,68.9081,69.4099,67.2932,67.9319,61560718.0,88.821,89.3244,88.1862,89.1276,17942902.0,369.9683,375.301,361.3072,365.3954,242898617.0
2019-10-23,71.3194,73.1011,70.1153,72.3095,164399802.0,228.513,233.8382,224.2713,233.3633,113981123.0,90.6228,93.7489,88.804,92.2962,126633309.0,137.3945,141.4265,135.5742,140.9725,225308183.0,67.7556,71.2982,66.9786,70.3765,97917840.0,88.932,90.8864,88.0718,88.6696,11614297.0,366.0702,375.7941,364.1204,372.2911,273728233.0
2019-10-24,72.2305,73.9621,72.0044,72.9404,71697065.0,233.8656,246.1601,230.8598,239.9299,139972974.0,91.8779,93.8016,90.8901,92.8733,25309219.0,140.8541,145.4742,140.1769,142.5508,76842379.0,70.2715,71.3874,68.9521,71.1807,29157669.0,88.8961,89.1141,87.8589,88.446,9640960.0,373.2863,376.9762,370.5475,375.9642,129647728.0
2019-10-25,72.5201,74.5764,70.5912,74.4546,127991831.0,240.2285,250.282,238.792,249.2549,240000000.0,93.0252,97.5181,92.1352,95.4913,100213150.0,142.7616,148.1555,140.2081,145.2312,86898852.0,71.0441,71.3863,69.7873,70.2118,23174110.0,87.8528,88.5069,87.7147,88.3279,6078365.0,374.8886,393.4853,369.6879,392.2064,600000000.0
2019-10-28,74.2866,76.0443,73.7086,75.1383,78314234.0,247.158,251.7379,245.3572,250.8299,22418218.0,95.2235,97.216,94.2511,95.476,9553292.0,144.0683,146.0177,141.4543,144.0064,38106422.0,70.0253,71.5553,68.7925,71.2785,42112620.0,88.1262,89.6447,87.8184,89.0102,14353315.0,391.9837,398.825,390.3951,392.2794,47002503.0
2019-10-29,75.07,78.1391,74.3927,77.3339,383981819.0,252.0244,260.6247,251.617,257.3005,89885619.0,95.2999,101.4756,94.6955,99.0157,151507120.0,143.6504,148.8457,142.3133,145.8691,61449943.0,70.9763,72.132,70.1437,70.5717,12060601.0,88.8801,89.1409,88.1963,88.4502,11078446.0,392.1409,401.1059,386.7233,398.9108,374983196.0
2019-10-30,77.5899,81.5708,76.0212,79.8841,288499851.0,257.487,266.3886,252.8442,264.9468,157572458.0,100.1003,101.7232,99.5366,101.2556,37581497.0,145.1939,148.7973,142.9901,148.0284,57887137.0,70.72,73.1063,70.2819,72.7169,144000000.0,87.9826,88.5714,86.5026,87.1355,53939093.0,399.3032,414.3984,390.0941,409.6869,486771174.0
2019-10-31,79.6446,79.8861,79.2516,79.5447,61338265.0,264.7779,271.4943,260.9424,268.6609,69083365.0,101.0952,103.0222,100.1891,102.5621,37573711.0,148.3736,150.8695,147.9456,149.07,32843713.0,72.2382,73.2095,71.0382,72.2369,14998258.0,87.506,88.4422,86.5827,86.8114,8686137.0,409.3414,413.2421,404.9093,411.8897,62755936.0
2019-11-01,80.4692,82.2365,79.1224,79.7136,52635676.0,267.7957,269.8594,264.084,267.4379,28307125.0,102.2896,102.7727,101.2029,102.208,20880456.0,148.6468,149.173,147.7043,148.8269,28531518.0,72.0798,72.3911,69.4336,69.9086,80490291.0,87.1026,88.2492,86.9162,87.2951,10598370.0,411.0472,413.3088,406.0117,407.9261,125432123.0
2019-11-04,79.3848,79.8626,77.2078,78.1677,154320048.0,266.7724,268.6355,256.9896,259.4075,123458337.0,101.7902,102.3495,97.1593,98.1664,200000000.0,149.158,151.1306,141.1424,142.0443,360000000.0,70.1354,70.913,68.2046,68.4497,58116759.0,87.3944,89.6611,87.0764,89.5016,96000000.0,406.706,409.1062,396.1078,396.8659,600000000.0
2019-11-05,78.3789,80.7985,76.9414,79.4421,149357655.0,258.4992,260.4707,246.4981,247.6678,240000000.0,97.8576,99.9791,97.0236,98.7648,18369215.0,141.687,144.0843,138.7123,142.7169,31794060.0,68.5612,68.9976,64.4628,64.6555,144000000.0,89.7228,90.9026,88.7242,90.728,36630405.0,397.808,400.369,396.5955,398.4973,57691341.0
2019-11-06,78.7536,79.3505,75.6375,77.1775,347308564.0,245.7277,250.8597,237.0818,240.389,191792059.0,98.1915,100.8577,95.2603,96.1228,137758535.0,143.8175,146.3002,134.5145,135.614,360000000.0,64.29,65.0137,63.9337,64.428,14324593.0,90.8118,91.4436,89.8202,90.5937,9084745.0,397.8439,401.8705,391.5386,392.6347,230257123.0
2019-11-07,77.1354,79.0404,75.6908,78.8752,175781728.0,239.6166,246.0192,237.1257,244.5077,87782016.0,96.2106,99.2245,95.2252,98.6567,137161143.0,135.647,142.9174,134.7474,140.2787,197926460.0,63.9209,64.6843,63.1502,64.4058,12781751.0,90.7911,91.7112,89.3172,89.4951,17083834.0,391.7714,404.8177,391.1044,398.8114,226209190.0
2019-11-08,79.003,80.5114,77.8388,78.6985,66677156.0,242.9732,253.1707,237.1244,247.5429,65962774.0,98.7395,98.9307,97.3313,98.1389,17083057.0,140.887,142.8685,139.2237,139.9396,35110932.0,64.1191,64.8865,63.5959,64.5994,12421059.0,89.7802,89.9899,88.2529,89.3201,8456181.0,399.997,405.1768,396.1482,402.7599,156672490.0
2019-11-11,78.3109,78.7223,76.2762,76.8562,253077740.0,247.484,250.8849,244.325,244.9837,34480168.0,98.2747,99.149,97.6461,98.4193,22720704.0,139.8647,145.3361,137.8025,142.4857,96025667.0,64.0258,64.3464,63.7084,63.8459,21689699.0,88.9952,90.2737,88.5626,89.9231,15821571.0,402.9251,405.0257,398.9087,400.7694,53347689.0
2019-11-12,77.3659,78.2472,76.5043,77.1803,86629506.0,243.8763,246.2909,243.1717,245.4719,23546007.0,98.4147,99.6584,97.1117,99.0907,23381143.0,143.1083,145.9981,137.8568,138.7433,102271449.0,63.8699,65.8038,63.2246,64.5814,17110506.0,90.1307,90.8845,89.3114,89.9894,10215547.0,399.6097,403.2518,398.3253,400.9433,43697690.0
2019-11-13,77.3283,80.3134,76.1757,80.0784,530234757.0,246.1784,253.62,243.0325,249.8948,68319947.0,98.8607,101.013,98.3082,100.7109,39467678.0,138.2375,145.4427,137.8239,145.196,360000000.0,64.46,65.0017,63.7154,64.4771,10807389.0,90.2458,90.8373,88.871,89.0367,17219781.0,400.7215,413.4393,396.0867,407.9181,228487317.0
2019-11-14,79.9663,83.286,79.6027,81.3365,116995261.0,248.2626,253.7595,242.6286,253.1156,42397424.0,100.4404,101.8941,99.553,100.4922,21888915.0,145.1672,145.7352,144.735,145.4752,36788709.0,64.3762,64.5743,63.9015,64.161,12460668.0,88.9043,89.4946,87.995,88.8604,6300289.0,406.7983,414.7806,404.4768,410.2765,93869013.0
2019-11-15,81.4886,83.1512,80.5333,82.001,72488205.0,254.309,258.4049,248.5907,249.8842,44515625.0,100.5576,105.0725,97.962,103.9509,121087442.0,145.1559,148.0559,142.2138,145.7377,25469227.0,64.2953,65.7594,62.736,65.5882,49410839.0,88.8087,90.1173,88.5559,89.0929,10552897.0,408.9056,414.4918,406.0881,412.4676,82907188.0
2019-11-18,81.7867,84.1747,80.3315,82.7414,108649492.0,250.7086,255.4945,246.53,254.9947,78453077.0,103.929,106.8081,101.7692,105.8917,36705213.0,147.03,149.1517,146.1008,147.9625,91545734.0,65.8233,68.6089,65.2262,68.2537,144000000.0,88.9191,89.9406,88.5114,89.5319,11644022.0,411.8306,423.5364,407.8852,419.9446,244289988.0
2019-11-19,83.1992,83.9105,80.3754,80.961,185814654.0,253.9265,258.1813,244.2242,248.0076,183460575.0,105.6164,108.1463,103.3389,104.0131,46122949.0,147.134,148.4505,144.1238,144.9057,110374635.0,68.3203,68.4229,66.5852,67.0315,57314115.0,89.6021,90.3753,88.7276,90.0433,18315086.0,419.7008,422.1018,413.3249,413.963,241272638.0
2019-11-20,81.3242,82.3561,80.1517,82.0224,104195121.0,247.9156,249.573,246.7381,247.2746,14521661.0,103.8911,108.6117,103.0062,104.8989,24120782.0,146.3299,148.2118,140.2015,143.832,61436134.0,66.9704,67.5821,66.3407,66.7938,10631252.0,90.132,90.9869,89.1323,89.6086,15431057.0,413.2392,414.7639,409.9748,413.6637,44192311.0
2019-11-21,82.1576,82.7819,79.4546,80.2874,306974411.0,246.4442,250.0397,244.9894,249.0739,32158848.0,105.5622,106.9781,100.737,102.7842,40453911.0,142.9011,145.133,131.9987,136.3395,360000000.0,66.602,68.9825,65.7629,68.3655,52412290.0,89.6528,92.0134,89.2751,90.8968,38635135.0,414.2995,416.1842,407.008,408.056,127888916.0
2019-11-22,80.5043,81.7872,79.162,80.3751,33789731.0,249.6419,252.7087,242.8414,246.2824,57103326.0,103.6167,104.824,102.7986,104.0439,37865194.0,136.8144,139.95,135.8471,139.3991,120455894.0,68.2674,68.9436,66.9603,68.5414,10694495.0,90.7215,92.5411,90.1763,91.6821,18036612.0,408.81,410.9141,406.0553,408.7066,45723901.0
2019-11-25,79.8533,81.7584,77.1785,78.5619,226701498.0,248.0338,248.6584,240.9212,241.5586,103012183.0,103.9501,104.1075,101.7695,102.4333,35402997.0,138.9901,141.5758,133.8115,136.0725,137488955.0,68.5996,68.782,66.0041,67.7677,15980679.0,91.9995,92.9765,91.0914,91.9757,9265195.0,407.8873,412.2506,398.1464,402.541,367138615.0
2019-11-26,79.0717,80.5106,78.3434,78.6941,48474601.0,242.6844,244.0091,237.5792,239.2222,39805822.0,102.126,103.2535,100.0364,100.3222,45481967.0,136.2364,137.7484,128.3397,132.9796,139207979.0,68.025,70.0275,67.0375,68.6688,53842436.0,91.841,92.3406,89.6313,90.2067,65999450.0,402.3407,404.2201,400.0003,402.6765,40677026.0
2019-11-27,78.6596,82.3186,78.0616,80.7033,229214867.0,238.5754,243.2564,238.084,242.58,39410165.0,100.3045,101.2221,97.6308,99.0975,39693964.0,132.8723,134.6403,129.701,133.4613,33939718.0,68.2792,69.3268,67.8365,69.0063,11197014.0,90.3324,90.7839,88.7859,89.169,26511049.0,402.1394,407.3719,398.594,405.3134,87131895.0
2019-11-28,81.0689,83.1071,80.4781,82.9742,228511444.0,242.6895,250.3707,241.6431,248.898,141820134.0,99.5595,102.0021,98.3407,100.2935,29681418.0,132.9387,136.3433,130.0846,133.715,36804137.0,68.6884,69.6304,68.0513,69.2848,14552069.0,89.3464,89.7437,88.4581,88.6711,18300766.0,404.1781,413.9348,403.0815,411.2537,206288866.0
2019-11-29,83.249,85.2468,81.4994,82.2569,67138615.0,250.3942,251.9053,247.7093,248.8276,23429680.0,100.2756,103.253,98.6308,102.0419,63403138.0,133.7662,135.1115,126.9763,129.0105,205048739.0,69.283,70.0184,69.0638,69.1901,16703847.0,88.2895,88.7925,87.813,88.4742,5156824.0,411.4371,414.0166,410.2187,411.8076,46952597.0
2019-12-02,82.6239,85.3187,82.2744,84.0516,172162598.0,249.3417,252.9523,246.4245,250.8568,26877721.0,102.1904,103.8751,100.3616,103.1923,34988127.0,128.7565,131.4744,127.6408,130.661,54592705.0,68.5945,70.2658,68.4706,69.0852,8098158.0,88.5489,88.9481,86.1507,87.066,40057446.0,409.6186,420.968,406.2337,415.9059,172184019.0
2019-12-03,83.6641,85.3406,82.2962,84.025,50779837.0,251.8564,254.4422,246.4154,252.1651,26761745.0,102.9148,105.3933,101.4906,102.8779,16328420.0,131.0142,136.3692,127.7869,132.7295,46155160.0,69.166,69.643,67.734,68.1972,31729771.0,87.3414,88.7455,86.6341,88.5301,50477986.0,414.7765,421.8166,412.0331,413.7697,85263301.0
2019-12-04,83.6846,86.0574,82.6394,84.7361,96402083.0,252.8125,256.0498,251.9947,254.9031,35614664.0,102.3876,103.0183,101.8848,102.8546,18356863.0,132.1004,136.0072,131.1452,134.2608,47828416.0,68.4928,70.863,68.3304,69.7454,34822809.0,88.5269,89.3863,85.8472,86.5097,88475649.0,412.4075,421.3963,409.6358,418.7214,170656869.0
2019-12-05,85.5804,86.1233,80.9496,81.152,532498689.0,254.9796,256.983,241.2745,245.2031,240000000.0,103.1758,104.0308,100.085,101.2001,50002361.0,134.5608,136.0711,128.5785,129.133,236649645.0,70.4222,70.6658,67.1453,67.526,86412381.0,86.7059,87.5497,85.3988,86.9615,11398882.0,417.6503,425.7999,406.4345,409.1008,450416463.0
2019-12-06,80.6102,80.9795,77.5574,78.6318,278101382.0,245.1361,250.4299,234.1359,237.5107,172629058.0,101.2809,102.6898,98.4396,100.1472,29377806.0,129.6613,130.4783,125.8637,128.8756,30451858.0,67.5487,67.6512,66.5298,66.7218,27344326.0,86.8131,87.2795,85.9897,86.2917,14807561.0,407.8435,408.5422,401.652,404.8185,149144786.0
2019-12-09,78.2521,81.1851,76.9929,80.936,359241819.0,236.3811,244.6268,235.8033,243.9173,129211162.0,100.4165,101.7934,99.2555,101.5567,43415817.0,128.8097,132.5499,128.4549,131.7206,126430997.0,66.957,68.2933,66.7294,67.2118,15772229.0,86.5213,86.6692,85.4533,86.1917,10473330.0,402.9681,416.9766,400.6264,412.9338,311382230.0
2019-12-10,80.9514,83.7085,80.1693,82.2637,155564183.0,243.183,244.8958,239.5915,243.8871,13211401.0,100.8478,104.5095,99.7805,103.5281,64297415.0,130.8999,134.7736,130.637,133.535,67795237.0,67.2178,69.6854,65.9044,68.2427,43348474.0,85.9451,88.1559,85.6169,87.1282,21450695.0,412.5925,416.403,405.6301,415.2,81739738.0
2019-12-11,82.28,82.9269,81.0695,82.2742,30716136.0,243.0227,247.0618,241.471,242.6107,18737334.0,104.3079,104.7131,100.1913,100.5468,88772502.0,134.6324,135.3839,129.1322,132.989,38933579.0,68.6968,71.1692,68.1728,70.7847,144000000.0,87.1234,87.4227,85.0935,85.6137,44365614.0,414.7634,422.5037,413.5455,416.5423,97049993.0
2019-12-12,82.0785,84.1174,80.4901,83.2722,124078821.0,242.2753,247.6464,240.1369,244.941,27308499.0,100.6508,101.5268,99.5291,101.29,42433178.0,133.2828,136.6172,130.3917,132.1251,38260029.0,70.6621,72.8197,70.1383,71.3041,19225839.0,85.8805,86.5151,84.3158,84.8549,23102979.0,416.5303,418.215,412.5142,416.9988,68293618.0
2019-12-13,83.4987,87.3302,83.3423,86.5104,586403868.0,245.037,253.1202,241.8635,251.0926,118299927.0,100.5432,104.3422,98.4065,103.3237,59874921.0,131.6757,135.9619,130.045,135.4116,113477813.0,71.4003,73.4839,70.5988,73.1025,51567823.0,85.1075,86.3611,84.1407,84.6435,7753747.0,417.2775,427.2442,415.2925,425.9031,374033964.0
2019-12-16,86.8552,88.1897,85.419,86.1231,71815902.0,250.9859,255.358,248.6093,253.8355,26117043.0,103.742,104.3035,103.5459,104.0971,24220452.0,135.7279,140.4715,134.6729,136.4966,30575970.0,73.2834,73.7614,70.6286,71.7455,30069245.0,84.3667,85.4507,84.0437,84.9001,9054021.0,426.3932,429.7811,423.9209,425.2307,51449214.0
2019-12-17,86.1162,86.2974,84.5452,85.2236,72483872.0,254.0513,255.3588,248.429,249.9761,30397699.0,103.9381,105.0782,100.3408,101.8095,45043425.0,135.4203,139.0901,130.7986,137.8039,27959711.0,71.8598,73.7363,70.9007,72.857,22821508.0,84.8543,87.2535,84.6478,86.6312,55224678.0,424.2621,429.6917,419.9051,421.3557,82418719.0
2019-12-18,85.1228,86.1801,82.9792,85.3956,35576748.0,250.6307,251.0457,243.5333,247.0139,57550373.0,101.8222,102.2583,97.7149,100.5175,36117861.0,138.5719,139.2474,133.0089,135.1211,59029942.0,72.6272,74.4821,71.0254,74.1107,27294748.0,86.5004,87.3055,86.0005,86.3596,8647839.0,421.4293,427.7925,414.9501,421.0441,41892618.0
2019-12-19,85.3872,86.6169,84.3844,86.376,88364914.0,246.6101,259.1301,243.4943,255.0062,144644569.0,100.321,102.4912,99.2003,100.9531,19662526.0,136.4842,141.3118,134.0864,139.574,163968623.0,73.695,76.2687,73.0533,75.886,47041859.0,86.6167,86.7865,84.8721,85.2937,28640522.0,420.7315,432.2195,411.9247,429.9322,215360224.0
2019-12-20,86.1868,87.3366,85.7528,86.9556,64780108.0,255.7483,259.8086,254.5357,255.5966,18706955.0,100.9127,101.2548,99.0034,100.4099,15282894.0,140.1184,140.6672,135.6203,138.4779,51182005.0,76.204,78.8994,76.0798,78.3858,141769605.0,85.2777,85.5525,84.9015,85.2025,5452153.0,429.801,436.489,428.2433,433.1169,112948758.0
2019-12-23,86.3069,87.2569,85.5487,85.8162,99424022.0,256.7445,259.0679,249.4572,251.3501,74317296.0,100.3904,101.18,99.1195,100.2686,11729980.0,137.8232,138.7903,133.8719,134.7888,100889350.0,78.4664,78.874,77.2488,77.5085,24923858.0,85.2344,86.3653,84.5999,85.4389,8932929.0,432.5557,433.38,421.7572,428.3616,109808728.0
2019-12-24,85.9301,87.1958,85.383,85.6105,46886135.0,251.7613,252.7449,247.1855,249.3175,21334744.0,99.5853,101.5651,98.6648,101.0551,19423059.0,133.528,137.1674,133.1666,136.381,42391881.0,77.5324,79.8529,76.2341,76.3797,21026260.0,85.5427,85.7917,84.4095,85.2008,10439043.0,427.3885,432.0802,425.8463,429.7385,56434320.0
2019-12-25,85.9001,87.7823,85.4939,87.0382,206539581.0,248.7836,250.5079,246.0483,248.5652,14463151.0,101.4139,102.7208,99.8961,101.7804,21521971.0,137.2628,137.886,132.4794,133.8305,72807042.0,76.6592,77.2814,75.5278,75.9427,13570030.0,84.9406,87.3443,84.2613,86.6419,29487743.0,429.4399,437.1778,427.6245,428.7703,46658981.0
2019-12-26,86.9792,88.083,85.1377,85.8319,74187448.0,249.4934,250.6801,247.8183,248.271,15383397.0,101.8274,103.3577,98.9304,99.663,67524484.0,133.7373,137.4182,130.0474,131.4032,108955955.0,76.2059,78.0093,75.9934,76.2817,13587243.0,86.7072,86.9345,86.1165,86.3554,8299024.0,428.1919,432.1726,416.4107,425.8967,108492587.0
2019-12-27,84.9789,87.4455,84.5164,87.0321,91423045.0,248.7432,254.1681,246.2742,251.7442,60346652.0,99.8452,101.369,98.2696,101.078,36453513.0,131.1604,136.549,129.6741,132.6474,44499172.0,76.3937,77.2609,75.618,77.1147,45579880.0,86.1359,86.7608,85.2266,86.0194,19837994.0,426.2582,435.664,423.9463,430.8512,197104843.0
2019-12-30,86.8129,88.155,84.8585,86.3381,68171847.0,252.3583,253.5023,247.8633,249.9733,28042192.0,101.4162,102.7227,97.523,99.4302,49344421.0,133.3795,134.1154,128.4446,131.2454,50153000.0,77.3156,77.4519,75.6,75.8947,31846129.0,85.9133,86.3905,84.7824,85.317,16608397.0,432.007,432.8759,426.8529,427.573,131451452.0
2019-12-31,86.6836,87.0615,85.7565,86.7285,60037995.0,251.4887,255.7505,250.5237,252.834,39105143.0,99.4794,100.3931,99.1007,99.695,19738231.0,130.8799,135.012,130.1826,132.7589,56678033.0,75.7317,77.0865,74.0288,76.7143,24307555.0,85.2217,86.3377,84.8481,85.5765,12568330.0,426.4346,430.5323,421.3596,429.5487,48720741.0
2020-01-01,86.1802,88.0725,85.4716,87.0234,66067920.0,253.5412,255.6241,252.6859,254.424,24655980.0,99.8302,101.4982,99.4368,100.1214,21484761.0,133.2379,135.4033,128.408,130.0687,128423367.0,76.8822,77.6211,76.6716,76.9967,10089831.0,85.6809,88.192,84.5335,87.3982,80304981.0,428.895,432.0523,399.84,401.7955,600000000.0
2020-01-02,87.2908,88.2778,83.8116,85.9782,124013696.0,256.0059,256.7013,248.2543,253.4086,25698700.0,99.5204,100.3458,98.3139,99.8651,18132915.0,130.0833,133.1793,129.4739,131.221,44153833.0,76.5035,76.8414,74.9264,75.3078,60073253.0,87.2237,88.7349,86.0363,88.1706,17289098.0,404.4451,406.956,394.2791,399.7148,57342699.0
2020-01-03,85.8095,86.249,85.3706,85.8281,64719734.0,253.2605,256.0779,252.8086,254.0583,28624854.0,99.5261,102.6086,98.3288,101.0139,34066086.0,131.3742,134.2479,130.7155,133.1567,40251690.0,75.3139,76.485,73.1945,74.0619,47356836.0,88.0653,89.4035,87.2049,88.8393,20445164.0,397.657,401.3466,391.8743,399.6707,43221141.0
2020-01-06,85.821,86.6207,85.2198,86.0038,56911999.0,253.6272,256.9337,252.0547,254.6522,41475879.0,101.049,101.4013,99.4012,101.0344,14970209.0,134.1856,136.5794,131.4063,135.2741,69420742.0,74.2889,75.8069,73.0155,74.031,9808357.0,88.9119,89.2644,87.6928,87.8409,34116445.0,397.8504,403.3833,395.7247,400.6697,68205773.0
2020-01-07,85.744,86.9844,85.0623,86.3408,37174464.0,255.8067,259.8917,249.7501,258.6628,52189591.0,101.1112,104.2652,99.6543,102.6041,40923982.0,134.962,136.6922,134.2304,135.5379,40064732.0,73.8135,77.4605,73.4063,77.1436,144000000.0,88.148,88.841,87.4834,87.8283,5359792.0,401.8677,412.3306,398.3471,407.3501,221896333.0
2020-01-08,85.9095,87.4245,85.3176,86.1755,32993968.0,257.6609,261.1863,253.8985,259.823,33909850.0,102.7726,103.9118,101.3208,103.6752,24899484.0,135.1668,139.5963,134.5062,138.1695,98294819.0,77.1886,78.6863,76.382,78.4701,39782212.0,87.9252,89.276,87.4134,88.4419,11466250.0,409.5654,413.1136,408.3279,409.7056,80066364.0
2020-01-09,86.7222,87.9741,84.6532,85.3756,110308046.0,261.762,263.3558,258.2207,259.1544,25722401.0,104.2738,105.6868,103.9346,104.2446,20022358.0,138.0375,138.3554,135.3894,137.5595,34513709.0,78.567,80.6087,77.4863,79.5986,28612093.0,88.6942,90.9697,88.5242,89.7065,25358602.0,411.3962,413.2947,407.4479,408.5748,47241755.0
2020-01-10,85.6833,85.9927,84.0214,84.1885,149204884.0,260.4862,264.3862,255.0225,256.4127,39581812.0,104.2044,104.5726,103.3453,103.5593,26191611.0,136.78,138.996,134.4143,135.3265,76274014.0,79.3088,83.3354,78.753,80.8806,43983607.0,89.2276,90.8007,88.5591,90.2225,10467077.0,408.9387,415.5763,404.2926,406.5104,92433613.0
2020-01-13,84.4282,85.2502,81.0925,82.1454,273815696.0,256.5011,257.8285,245.9947,248.8458,92868909.0,103.7133,104.0835,100.7301,101.5088,69823007.0,135.9265,137.0929,127.0185,128.6522,360000000.0,81.2554,81.7867,79.7315,81.3169,11998915.0,90.5493,91.0734,89.893,90.5104,12786433.0,406.014,411.6443,399.8884,402.1696,121441608.0
2020-01-14,82.4751,86.8331,81.9123,85.6233,600717166.0,250.0255,256.332,244.7153,255.4213,109295131.0,101.5333,105.4373,100.1102,104.0712,96770470.0,129.1415,134.9141,127.0683,134.0034,200381330.0,81.4236,84.9788,81.1434,84.5758,141360822.0,90.3151,90.4913,88.2425,88.4299,96000000.0,401.8569,413.2143,399.4767,412.1342,480171401.0
2020-01-15,85.8133,86.3999,84.5956,84.7534,81139549.0,256.0883,257.7014,249.8016,255.277,15795192.0,103.9648,105.3196,94.9177,95.4194,200000000.0,133.9975,136.7932,132.5495,135.4267,60406116.0,83.9974,84.8405,82.548,82.8778,43703294.0,88.2944,88.9287,84.9501,86.5878,96000000.0,412.603,415.8604,409.602,412.1322,44838685.0
2020-01-16,85.107,85.3139,83.105,83.5877,101949579.0,253.9837,256.2706,245.1603,247.7085,178426049.0,95.3371,96.5856,91.8851,93.6997,49270018.0,134.8368,136.3223,132.5174,133.787,73818643.0,82.9086,83.6429,81.8548,82.134,17418290.0,87.0124,87.841,85.3262,86.4843,5864832.0,413.2262,415.6586,400.8512,406.0318,251077586.0
2020-01-17,83.3434,83.5447,81.8417,83.1062,50343814.0,246.9137,252.4243,241.5215,243.3608,60407297.0,93.3993,93.8616,89.7102,91.9982,49818972.0,132.063,134.4406,131.3801,132.6698,35936530.0,82.6244,83.5442,80.4325,82.1909,5019119.0,86.5214,87.1297,85.1265,86.7958,7863863.0,406.6499,408.5129,400.5683,401.5747,93400720.0
2020-01-20,83.6127,84.7905,82.155,82.9036,55308431.0,243.6347,245.2133,231.9865,237.5636,89793942.0,91.9541,92.4774,89.0604,90.9672,26918196.0,132.1483,134.0312,130.7915,133.0612,31250732.0,82.1896,83.1158,79.5067,80.0793,55393727.0,86.632,86.8402,85.3152,86.4729,9304710.0,399.2876,402.5059,396.1052,397.3258,142261921.0
2020-01-21,83.3759,85.3771,82.9827,84.8203,356370697.0,237.7128,240.6805,233.9611,240.1529,62471727.0,90.8857,92.1776,89.7368,91.4516,25316532.0,132.916,136.7612,128.9934,131.4671,62002773.0,79.8663,81.1575,78.4839,80.6832,10057304.0,86.3398,88.3159,85.1887,87.9811,55572232.0,396.0028,403.4671,395.0422,399.7371,68939851.0
2020-01-22,84.9628,86.0862,84.3129,84.8514,39767588.0,241.3929,242.9317,239.795,241.068,30510136.0,91.3948,92.2479,91.2541,91.6243,9943783.0,130.2928,131.953,126.964,130.4655,60781532.0,80.5035,82.8986,79.8756,81.736,23571559.0,87.675,88.5106,87.0288,88.14,7883229.0,400.0521,404.2413,396.396,400.7163,63003650.0
2020-01-23,84.7437,85.0107,82.2392,83.4675,185859621.0,241.3549,244.8536,239.9269,241.7365,12262096.0,90.9731,93.3771,88.8778,91.92,28803236.0,132.0122,133.1796,127.7222,129.3421,41921817.0,81.6824,82.9567,80.7145,82.7339,28725081.0,88.1432,88.5824,87.6537,87.815,12171715.0,399.1472,402.2999,395.8194,399.9437,44353401.0
2020-01-24,83.0184,83.4664,71.7847,74.08,640000000.0,240.5321,242.2363,231.6711,235.3652,117469122.0,91.8828,92.2763,90.1826,90.7614,58366298.0,129.5963,131.9402,122.749,124.2258,360000000.0,82.3242,82.6937,79.8805,80.6585,64408358.0,87.7407,88.6561,85.9883,86.4171,49355314.0,397.7905,401.9001,390.4915,392.9533,214380676.0
2020-01-27,74.1547,75.455,73.3814,73.94,34007401.0,234.8604,235.5031,228.6956,234.3162,27093660.0,90.436,91.5608,88.9575,89.5194,38124409.0,124.5457,125.0663,120.2099,121.6552,153349207.0,81.1231,81.7757,80.4027,81.0672,14790448.0,86.563,87.1824,84.6846,84.9882,54155123.0,393.9284,395.0868,389.7704,391.5643,50136822.0
2020-01-28,74.4914,74.9491,72.216,72.8497,154397628.0,235.0027,240.6546,231.9599,232.4821,41792202.0,89.4968,90.1485,88.924,89.9619,21789600.0,121.569,123.5735,120.8541,121.8502,25489773.0,81.3745,82.1126,78.7419,80.2701,19597568.0,85.3571,85.5422,84.8186,85.3188,12407177.0,391.8505,393.1047,386.9832,389.2589,80139906.0
2020-01-29,72.4778,73.3258,72.3452,72.9152,44187699.0,230.8198,234.5014,229.0899,231.8814,18053382.0,89.5596,90.0117,87.9366,89.7093,20846468.0,122.2756,123.5622,120.7189,121.9355,26240278.0,80.625,81.1182,78.2918,79.0414,32249989.0,85.0496,86.0274,84.0096,84.541,25773462.0,390.9715,393.9615,384.6295,386.9464,88409632.0
2020-01-30,73.2433,73.8316,68.9647,70.9397,390917267.0,230.5965,232.216,222.3433,224.8326,163950054.0,89.7277,90.6688,86.9835,87.7025,59560044.0,121.7623,123.3897,117.0625,117.4404,203438203.0,78.5563,79.4516,77.7048,78.8128,24749244.0,84.668,85.5859,84.4872,84.9994,6777824.0,388.0135,390.0699,369.1289,377.6366,463445680.0
2020-01-31,70.7924,72.4179,70.4709,71.8185,146553034.0,224.503,229.6815,221.5553,228.6631,61077638.0,87.5959,88.427,86.6037,87.8797,18331302.0,117.3505,120.3184,116.9347,119.2879,51111778.0,78.8543,80.5618,77.8813,78.1423,16916939.0,84.6716,85.3061,84.065,84.9559,6977592.0,376.9706,381.3729,375.6286,378.9689,60580383.0
2020-02-03,71.6964,72.085,69.4704,69.6355,334448882.0,229.4989,231.084,221.7739,223.1389,125221225.0,87.6546,88.3665,84.2648,85.8522,105511027.0,120.0824,122.4105,114.027,115.7624,206539692.0,78.488,79.7769,74.7792,75.9221,81362064.0,85.049,85.8125,84.2142,84.6455,12571384.0,379.234,383.4235,367.1594,370.9803,333932708.0
2020-02-04,69.2755,69.9304,68.5181,69.6333,61558330.0,222.9486,224.5916,218.2408,223.6041,13144306.0,85.9539,86.1108,84.4177,85.3403,13548666.0,116.3645,118.8426,114.6299,117.2732,75828444.0,75.6283,76.4011,72.8519,74.57,29688735.0,84.3956,86.2641,83.8748,85.0954,23268064.0,370.1489,375.5377,363.1102,371.1764,39639333.0
2020-02-05,69.4026,71.3433,68.6368,70.7866,107840625.0,224.0102,226.2619,222.4349,224.5637,13785882.0,85.4717,86.4262,84.404,85.2956,9945245.0,117.2671,119.9946,117.0176,119.194,92681215.0,74.548,74.8764,72.5251,73.1522,25050321.0,84.8072,85.8781,83.9579,84.2565,20894917.0,369.4828,373.4456,365.9043,371.4637,39487778.0
2020-02-06,70.9888,72.5757,70.6062,72.4039,163355309.0,224.5679,229.8108,221.9803,228.9366,97942175.0,85.2784,86.8203,84.4641,85.8667,26984981.0,120.3384,122.9085,119.22,120.6082,40340017.0,72.8236,74.2864,72.3086,72.9888,12436477.0,84.7997,85.1168,82.5984,83.4533,11892240.0,372.7247,382.4688,371.1952,376.327,136611067.0
2020-02-07,72.6505,73.1469,69.995,70.7268,282737512.0,228.8097,230.6409,227.7518,229.227,14157771.0,86.0669,87.4796,84.3663,86.0391,14855400.0,120.5615,124.3615,120.3793,121.6296,40073156.0,73.2384,73.8581,71.3646,72.1439,30764698.0,83.9062,84.2114,82.5783,83.5102,10200204.0,376.1197,378.3976,372.6714,373.5001,67391331.0
2020-02-10,70.8003,72.2585,69.0137,70.1285,53143841.0,228.6377,234.9614,224.463,229.1483,28731912.0,85.8936,88.1636,85.3463,86.9607,27188479.0,121.3393,121.9378,118.4721,120.1411,60835455.0,72.0805,72.987,70.2284,71.6431,29391679.0,83.3613,83.9238,82.4675,83.4448,5331962.0,374.9298,378.7602,361.7379,371.347,74502855.0
2020-02-11,69.9738,71.8858,69.7317,70.9176,93965033.0,229.9073,232.1925,227.3419,229.1838,13424651.0,87.1032,88.0705,86.8678,87.0854,14042533.0,120.2131,120.6999,118.5285,119.8656,16172687.0,71.616,72.5698,70.4682,70.9531,19154134.0,83.8458,84.4392,82.5306,83.3828,8074313.0,371.4613,372.6179,364.2408,371.202,56941044.0
2020-02-12,70.5734,70.953,69.9431,70.5075,89032555.0,228.0548,229.1362,225.6961,226.6157,37099532.0,87.0703,87.6743,85.8785,86.7142,14154810.0,120.0361,123.2537,119.5785,121.3568,60701970.0,70.626,71.4107,70.0525,70.9327,9456536.0,83.3744,85.0393,83.0009,84.2389,25422867.0,371.4946,372.4829,368.0028,368.6029,88442397.0
2020-02-13,70.5267,71.2734,70.1279,70.7577,77649491.0,226.4073,231.4167,224.1276,228.5522,34525942.0,86.3601,86.8234,83.8468,85.0931,49355701.0,120.6751,123.1084,117.4191,119.2169,122294037.0,71.3837,73.0246,71.1665,72.1203,42129524.0,83.9485,85.6143,83.4702,85.0822,22250203.0,369.2061,370.1857,365.2082,367.3351,55016691.0
2020-02-14,70.6439,70.992,68.7407,68.9228,235434372.0,229.5858,230.2851,221.6496,224.1529,42487378.0,84.8143,85.0263,83.0926,83.8319,29454160.0,119.4918,122.4178,115.0747,117.1807,97979868.0,72.1353,72.5624,69.358,69.5189,144000000.0,85.2215,85.378,84.3756,84.7766,5929771.0,367.1439,370.2286,357.0667,360.5787,359091783.0
2020-02-17,68.987,69.8622,68.7111,69.6307,113244605.0,223.4794,225.5478,219.659,220.6324,112565065.0,84.2329,84.9534,83.1202,83.273,31066637.0,118.3573,118.7463,116.4529,116.6479,18055854.0,69.7446,71.0723,68.6885,70.4322,18872539.0,84.9796,85.5916,84.6467,85.2929,12391691.0,360.3361,362.0893,359.7051,360.3778,38607303.0
2020-02-18,69.5321,70.029,68.2616,68.7073,82232846.0,219.2846,219.711,211.6806,214.4091,131973265.0,83.8122,85.7813,80.4283,81.3894,75832633.0,117.1726,118.6941,114.2052,115.4391,52848064.0,70.543,72.3786,70.3491,71.4322,32767155.0,85.4547,86.532,85.3244,86.1067,13778587.0,360.6254,362.0409,354.5373,356.621,130941157.0
2020-02-19,68.6178,69.3949,68.1692,69.2215,61708312.0,212.6296,219.3578,211.1598,214.2811,13972284.0,81.6274,83.1119,81.2311,81.4366,14702474.0,115.8019,120.2256,114.0023,117.9787,103795159.0,71.1668,71.8651,68.6489,70.5406,39155763.0,85.7408,87.8216,84.8882,87.387,42757831.0,357.8828,359.9995,353.3192,356.4045,29750451.0
2020-02-20,69.27,74.8469,68.7457,74.0624,640000000.0,214.844,217.8647,210.2162,210.567,46615145.0,81.2424,84.1409,80.6985,84.0019,157257657.0,118.2468,119.365,114.2283,116.1975,69444688.0,70.0682,70.5401,64.8902,65.016,144000000.0,87.1356,88.5312,86.6765,87.7999,9252475.0,356.9149,358.9138,353.1647,356.3364,41957347.0
2020-02-21,74.1775,75.3664,68.0574,68.5138,640000000.0,211.176,212.7714,185.0192,187.0275,240000000.0,84.4944,85.7693,76.387,76.601,200000000.0,115.651,117.362,102.3348,104.9243,360000000.0,64.965,65.6709,61.6983,62.3259,144000000.0,88.0075,92.7731,87.6688,92.5327,96000000.0,356.3537,358.8334,326.8889,330.5256,600000000.0
2020-02-24,68.8846,76.1591,68.4692,75.9565,640000000.0,186.7742,204.7822,185.0322,200.7628,240000000.0,76.7934,81.021,76.4173,80.5451,200000000.0,104.4315,104.9514,102.8543,104.5204,29076461.0,62.6089,64.1036,62.0729,62.4886,14551781.0,92.2645,92.4319,88.9807,90.3713,96000000.0,330.141,348.6983,327.9492,346.1718,600000000.0
2020-02-25,75.8437,78.5832,74.2348,76.7013,135836041.0,199.7607,200.2088,189.1646,191.5043,240000000.0,80.6559,82.2773,78.8896,79.0805,33208251.0,104.601,105.5563,104.2414,105.2686,21720306.0,61.9867,68.1258,61.5148,67.1161,144000000.0,90.6035,93.6991,89.3473,93.3271,96000000.0,346.0559,347.0082,344.9251,346.456,40139794.0
2020-02-26,76.886,78.7945,74.5143,75.3923,88565314.0,191.3942,191.8036,187.7033,190.8885,14933878.0,79.6793,84.6894,78.8421,81.7595,156344922.0,105.0558,105.7042,98.2912,99.6295,360000000.0,67.6536,68.3957,63.9174,64.7249,144000000.0,93.2418,93.7122,90.7181,91.0127,96000000.0,345.6089,351.3297,339.4152,343.3874,58658832.0
2020-02-27,75.9943,80.8715,74.5145,80.1517,640000000.0,191.776,195.2377,190.8102,192.8644,46977958.0,81.4721,82.4378,74.9661,75.887,200000000.0,98.9508,99.6379,97.061,97.2882,130781424.0,64.9463,68.683,64.8232,67.9226,144000000.0,90.6363,93.4462,90.3071,92.7536,52280779.0,342.4325,348.7574,340.7222,345.4912,67784269.0
2020-02-28,80.3542,80.6545,75.3976,77.0084,640000000.0,191.903,194.7017,174.4781,177.2398,240000000.0,76.1276,78.0133,72.6987,72.9743,200000000.0,97.1272,98.2007,87.8346,88.3789,360000000.0,67.9756,76.6003,66.4839,74.5147,144000000.0,92.4459,95.5767,91.8887,95.4214,96000000.0,345.2585,347.5733,328.7715,332.5698,600000000.0
2020-03-02,77.4047,78.1664,71.1614,72.363,640000000.0,177.9797,181.8122,161.1509,161.4787,240000000.0,72.7313,73.4864,68.139,68.7623,200000000.0,88.5672,89.0345,82.8528,83.289,360000000.0,74.4793,74.6363,72.2872,72.7009,90949702.0,95.5306,95.9997,93.6582,94.0039,48104117.0,332.5755,335.0747,323.9035,325.917,278443169.0
2020-03-03,72.1652,73.4392,69.5615,71.0767,207117128.0,160.4046,165.0853,159.7573,163.3233,37700270.0,68.5917,68.7761,66.4316,66.8753,154410259.0,83.5177,85.4647,82.3744,83.9151,26367991.0,72.957,73.2649,72.2017,72.7124,11702181.0,94.1228,94.811,87.5512,88.1081,96000000.0,326.5895,333.7437,326.0004,331.4295,203336886.0
2020-03-04,70.8513,77.5551,70.1169,75.8703,640000000.0,162.5938,169.4558,161.686,166.7756,73305909.0,67.5916,68.0757,65.0253,65.7554,31966534.0,83.5856,88.7225,82.7709,86.8717,144618764.0,72.3499,74.2003,72.0433,73.1919,22611074.0,88.4555,89.3494,87.4803,88.8508,17416931.0,330.3703,337.1958,327.4697,336.4068,136314915.0
2020-03-05,75.817,77.2751,75.3775,76.8392,106700590.0,166.8474,182.0835,165.6631,176.8623,240000000.0,65.8908,69.8263,64.8638,69.2902,200000000.0,86.8529,87.7215,85.2456,86.4653,33976864.0,73.3247,79.5301,73.0417,79.039,144000000.0,88.8553,94.6995,88.3706,93.8062,96000000.0,336.4169,356.8764,333.9151,355.7031,600000000.0
2020-03-06,76.8213,77.9844,68.2375,69.7678,640000000.0,177.5235,182.0415,163.3637,166.2132,240000000.0,69.8168,70.6494,59.5316,59.7645,200000000.0,86.6349,87.5226,80.2001,80.4975,360000000.0,79.1388,79.9259,71.837,72.8317,144000000.0,93.7591,103.957,92.9678,103.0117,96000000.0,356.1338,357.6911,324.4296,325.4393,600000000.0
2020-03-09,70.098,70.3622,60.8804,60.9902,640000000.0,167.179,167.6084,147.1155,148.0445,240000000.0,59.8977,60.797,49.5156,49.7817,200000000.0,80.0166,81.2792,71.6896,72.4719,360000000.0,73.3691,73.7535,60.3345,60.4993,144000000.0,103.4793,107.1483,102.452,106.6066,96000000.0,324.5352,328.493,282.2309,282.8158,600000000.0
2020-03-10,60.7942,62.7975,58.2092,58.4402,613770188.0,148.6237,156.365,148.3581,152.4595,163236947.0,49.8637,51.2639,49.6751,50.3881,40799730.0,72.2079,72.7375,69.0306,70.0035,200386892.0,60.4088,61.8808,58.7462,59.2229,38712300.0,106.3813,108.0258,105.6081,107.2737,15598542.0,282.4473,283.2907,279.4631,281.3314,95747389.0
2020-03-11,58.4174,59.242,51.5653,52.2035,640000000.0,153.3941,156.3432,141.9979,143.6984,240000000.0,50.2591,50.5476,42.0857,42.2543,200000000.0,69.9991,70.818,60.6095,61.0179,360000000.0,59.2338,60.3484,53.4296,54.4421,144000000.0,107.1971,113.662,105.5611,112.9006,96000000.0,281.9376,283.1441,254.3951,256.7774,600000000.0
2020-03-12,52.4515,52.6369,46.1634,46.5115,640000000.0,143.8015,145.1542,126.2709,127.0211,240000000.0,42.4238,42.9112,37.3125,38.4343,200000000.0,60.7563,61.8787,54.0221,54.4605,360000000.0,54.4273,54.6764,49.32,49.7147,144000000.0,113.0358,113.8057,112.2861,113.6129,16061958.0,256.7344,260.6142,234.8059,235.7274,600000000.0
2020-03-13,46.5557,47.0489,43.6566,43.9811,640000000.0,126.7106,127.3456,117.2223,121.0667,240000000.0,38.4383,40.5023,38.1365,40.0062,200000000.0,54.3762,54.483,48.7215,49.9338,360000000.0,49.6096,49.8484,43.0062,43.3838,144000000.0,113.3568,119.3324,113.1736,118.1756,96000000.0,234.3835,235.0662,221.1225,221.9267,600000000.0
2020-03-16,43.979,45.3693,41.9742,42.1481,640000000.0,121.6325,122.0119,112.7706,113.2785,240000000.0,40.0193,40.2124,37.3725,37.6234,200000000.0,50.526,51.1669,50.0172,50.6946,39280669.0,43.6472,44.0782,42.8891,43.9956,20408868.0,118.3087,124.2286,116.8118,123.0163,96000000.0,222.4143,222.954,211.1275,211.8168,600000000.0
2020-03-17,42.1924,42.5821,37.9841,38.1983,640000000.0,113.8882,116.2858,92.781,94.1146,240000000.0,37.5832,37.8178,31.3309,32.026,200000000.0,50.3349,51.5645,45.0747,45.4714,360000000.0,43.8204,44.2617,41.8923,42.5379,84750878.0,123.0177,125.3165,122.0896,125.1164,56366264.0,211.8702,214.0939,190.2499,190.9151,600000000.0
2020-03-18,38.0089,38.5054,35.3599,35.7081,640000000.0,94.4601,95.5019,89.1059,90.0541,240000000.0,32.0128,32.2373,30.892,31.4857,51128161.0,45.7785,46.2435,40.1643,40.5386,360000000.0,42.2744,42.9111,40.5819,41.8038,29133974.0,125.4748,132.9338,124.4426,131.0173,96000000.0,190.048,190.8809,174.7419,175.3544,600000000.0
2020-03-19,35.5285,37.0067,35.1649,36.6386,153304913.0,90.2715,104.508,88.2419,101.6957,240000000.0,31.4889,33.6732,31.2801,33.4956,200000000.0,40.6041,44.7165,40.1636,44.5176,360000000.0,41.8456,42.232,40.3309,40.4031,128895212.0,130.8794,131.5121,129.8973,130.9738,5720132.0,174.9186,186.7982,173.3709,183.6607,600000000.0
2020-03-20,36.3829,37.4192,35.9146,36.3401,76042338.0,102.2546,102.7206,95.5831,96.4552,240000000.0,33.5125,33.7941,32.4124,32.6546,91953440.0,44.2609,47.0473,43.9009,46.0724,149714760.0,40.2834,40.553,39.0596,39.551,41489056.0,130.7632,137.3221,128.9582,136.0978,96000000.0,183.595,186.3861,177.2511,179.6633,395878186.0
2020-03-23,36.3732,38.0059,36.0571,37.4102,256809720.0,96.5852,100.4492,96.0058,98.7413,144222041.0,32.6478,32.787,31.9339,31.9833,41813763.0,46.2204,47.8173,45.8561,47.2014,107033201.0,39.5922,40.6259,36.7512,37.1101,144000000.0,136.7575,137.5293,132.1873,133.1447,96000000.0,179.8225,180.8658,178.0506,179.4799,30258717.0
2020-03-24,37.5621,37.9563,37.1932,37.6919,77300132.0,98.7333,99.6098,96.4324,98.0853,23834308.0,31.7801,32.3566,31.6153,32.3079,37236474.0,47.2109,47.7946,46.6419,47.6321,63227162.0,37.2064,37.5385,36.6616,36.7523,14001671.0,133.4306,133.9357,130.1917,131.0889,36660621.0,180.004,180.7609,178.8014,179.6861,53061975.0
2020-03-25,37.8194,38.6503,37.3462,37.4812,72968316.0,98.3659,100.0539,97.3584,97.9014,18728356.0,32.3796,32.9673,31.9095,32.1066,16851953.0,47.9042,48.3457,46.1535,46.2986,222755469.0,36.7743,37.3293,35.5483,36.4335,21260772.0,131.4482,131.8589,130.1914,130.9814,5235470.0,179.2275,180.1623,177.647,178.7812,86207645.0
2020-03-26,37.6707,37.7512,36.6648,37.1062,96172825.0,98.0856,99.5785,93.6174,95.0948,231761139.0,32.0904,32.1509,31.3799,31.5675,37999969.0,46.4433,47.7433,46.2486,46.8875,44731128.0,36.4371,37.3545,35.9342,36.2196,13874735.0,131.2575,133.2608,130.8171,132.0437,16925394.0,178.5526,180.1058,177.9282,178.5736,32126949.0
2020-03-27,37.3449,38.477,37.2047,37.9452,285488938.0,95.4268,96.9405,94.2002,96.2078,40638756.0,31.1416,31.8047,30.886,31.6181,8625582.0,46.9311,48.9859,46.6726,48.2119,121992121.0,35.9151,36.6677,35.3501,36.3639,12877471.0,131.8196,132.7136,130.6429,131.9748,6286723.0,179.0214,181.4564,178.4852,180.9428,154648339.0
2020-03-30,37.9694,38.4767,36.3511,37.3451,224594665.0,96.1578,96.3792,95.4646,95.8454,20631968.0,31.4132,31.5188,31.1503,31.2172,28453478.0,48.1422,48.2541,46.6115,47.6757,32851390.0,36.4473,37.3783,36.0412,36.2126,15910482.0,131.656,132.0219,130.112,130.4599,32937184.0,181.4796,183.2343,179.1669,179.5293,92221435.0
2020-03-31,37.3344,37.5499,36.9532,37.405,36882769.0,96.1891,99.5396,94.1549,98.5079,127202993.0,31.1567,32.0708,30.6822,31.8988,52547079.0,47.9397,49.7057,47.5315,49.002,82957057.0,36.2417,36.846,35.9623,36.3848,7237364.0,130.1482,130.6096,124.7784,125.7856,96000000.0,179.3648,184.775,178.4397,182.4429,268656650.0
2020-04-01,37.6493,37.8243,37.0046,37.6432,61464475.0,98.8411,100.9555,97.3146,100.1856,49545664.0,32.0662,32.7727,31.3883,31.9852,17662667.0,48.9114,51.3828,47.7816,50.3992,133570886.0,36.6651,37.3618,35.304,35.6493,25844314.0,125.6033,126.497,125.3581,125.8243,10062598.0,182.1676,184.3003,181.3195,182.9949,62784805.0
2020-04-02,37.5271,38.1351,37.163,37.5672,60661725.0,100.2698,101.5069,96.7995,98.1682,86829817.0,32.0649,32.6129,30.5891,31.492,30990799.0,50.0669,51.3094,48.9313,49.0838,112688259.0,35.8157,36.3966,34.7543,35.1666,26402381.0,126.2054,128.0478,125.1301,125.9923,10189399.0,183.2544,183.6712,179.8988,181.1394,109135483.0
2020-04-03,37.3725,38.0809,37.2314,37.7903,63635339.0,97.8786,99.7188,97.198,98.9437,23801896.0,31.4036,31.4681,31.03,31.324,18169355.0,48.6461,48.8805,48.1353,48.7089,67281097.0,34.9539,37.0339,34.8806,36.1792,74780903.0,125.9841,133.4247,124.3566,133.0169,96000000.0,180.079,185.6842,177.6224,183.0764,89078689.0
2020-04-06,37.7339,38.516,37.6209,37.7138,25515495.0,99.4282,100.3155,98.5835,98.8808,20994145.0,31.2996,32.1045,31.1423,31.652,24828446.0,48.4253,49.9515,47.7611,49.5826,83294075.0,36.3367,36.5694,35.9527,36.111,7937693.0,133.3323,133.864,130.9018,132.4588,11852837.0,183.0694,184.9758,182.3464,183.5804,55082392.0
2020-04-07,37.6381,38.2163,37.205,38.0251,73197131.0,98.411,101.077,96.7099,100.4242,53792429.0,31.7955,32.468,31.1665,31.9927,19361436.0,49.771,50.6309,49.6212,50.5437,79329660.0,35.9193,37.5054,35.6572,37.1567,132063787.0,132.7339,133.9212,131.8883,132.6085,12527189.0,183.5664,188.2305,179.2414,186.1603,174519159.0
2020-04-08,38.0332,38.5568,36.7882,37.1036,317201707.0,100.0462,102.7343,95.3522,96.1848,240000000.0,31.9121,31.9809,30.7994,31.1925,93168493.0,50.4571,50.6781,48.3709,48.8967,238482434.0,37.2838,37.5523,36.2609,36.4271,31620163.0,133.1449,135.1179,132.354,133.6923,15704742.0,185.9136,187.1839,181.0405,181.5317,481573664.0
2020-04-09,36.9648,38.4423,36.4997,37.9347,139825368.0,96.2484,98.6517,95.3243,97.7781,88720647.0,31.0541,31.6361,30.8128,31.4321,22753360.0,48.7187,50.5539,48.4678,50.2106,172016287.0,36.6445,36.7119,36.2018,36.5426,10904553.0,133.9626,134.7165,133.5583,133.9708,8814332.0,181.7745,184.567,180.3112,183.4508,212701513.0
2020-04-10,37.9966,38.3247,37.3965,37.5872,86767065.0,96.8174,98.4408,96.3566,97.3306,16255723.0,31.5456,32.2092,31.0717,31.2807,19735663.0,50.1079,50.8939,49.5053,50.2114,33483862.0,36.823,36.9378,35.5961,36.2737,22619909.0,134.0427,134.755,131.1368,131.8465,44115293.0,184.0195,185.2939,182.2229,182.6982,66403532.0
2020-04-13,37.493,38.423,37.0168,38.2034,82391754.0,97.9236,100.1926,97.3501,98.1604,31633739.0,31.424,32.0762,31.1508,31.5003,28188106.0,50.4086,51.8397,49.464,51.3041,103390710.0,36.215,36.2895,35.7478,36.0386,13437139.0,131.4157,132.0002,128.9566,129.6554,48630249.0,182.1935,184.7173,181.4297,184.1104,79035420.0
2020-04-14,38.4109,38.7371,37.6332,37.9642,83665356.0,98.1661,99.1676,96.5405,96.8372,54319749.0,31.4224,31.9137,30.9936,31.1719,29621914.0,51.4578,51.6143,50.4841,51.0667,32957351.0,36.143,36.3188,34.8842,35.8912,10737533.0,130.2912,130.9499,128.5028,130.2798,9378522.0,183.7309,184.7167,182.7353,183.5937,48181750.0
2020-04-15,37.7648,38.2332,37.6704,37.8207,60349619.0,97.4259,98.1216,96.4197,96.94,15302258.0,31.2342,31.443,30.9283,30.9945,19181970.0,51.1058,51.3114,49.672,50.4287,57083016.0,36.0399,36.1859,33.0562,33.1185,144000000.0,130.6298,131.7604,129.0298,129.8875,13080600.0,183.9407,185.113,182.7442,183.0265,70317011.0
2020-04-16,37.7974,40.3061,37.1661,39.8399,640000000.0,97.631,100.5557,96.7753,99.1457,115968870.0,30.9893,32.008,30.8352,31.6467,79456698.0,50.286,52.1202,49.6249,51.7465,125222115.0,33.1824,33.7868,32.7733,33.734,31616114.0,130.0264,130.4686,128.5756,129.4178,8059638.0,182.2745,187.9645,181.784,187.4983,600000000.0
2020-04-17,39.7811,41.3054,37.6976,38.2571,623588452.0,99.0853,99.6411,93.9957,94.1868,240000000.0,31.5702,32.3482,30.166,30.2951,200000000.0,51.6511,52.9629,49.8822,50.123,163774722.0,33.5039,33.7119,31.8899,32.3751,144000000.0,129.4872,129.7292,125.2861,126.8633,96000000.0,187.2156,187.9216,180.4486,181.6513,600000000.0
2020-04-20,38.2961,38.9024,37.8925,38.6539,60895383.0,94.6882,95.7827,92.5227,93.5984,28548870.0,30.4404,30.6647,29.8317,29.9567,27540410.0,50.0917,50.6641,49.0415,49.3126,90245876.0,32.3956,32.6007,32.3308,32.4043,11997417.0,126.2954,127.3177,125.7474,126.2037,18453208.0,182.7712,183.8102,180.6426,181.2945,65343602.0
2020-04-21,38.8122,39.4641,36.2862,36.839,640000000.0,93.2085,94.2042,88.331,89.8896,240000000.0,29.8754,30.1923,28.2347,28.582,200000000.0,49.1046,49.2403,46.5943,47.0681,360000000.0,32.4799,32.6586,31.4148,31.5603,75098625.0,126.3379,128.8753,125.8889,128.4035,54871514.0,181.3918,181.9437,172.6506,174.44,600000000.0
2020-04-22,36.8822,37.3753,36.4957,36.9519,44278363.0,90.043,91.9415,88.5273,90.6628,32926291.0,28.6706,29.4791,28.4895,29.3019,69843617.0,47.0435,47.5362,46.0912,47.3647,28559201.0,31.5601,31.7179,29.9898,30.123,144000000.0,128.232,129.4522,125.0712,125.9591,65015991.0,174.2997,176.5409,173.6187,175.0608,59268525.0
2020-04-23,36.931,37.7529,36.7899,37.5915,159899816.0,90.4939,92.4897,89.7502,91.7694,42270424.0,29.31,30.2458,29.1072,30.0128,106384819.0,47.1533,47.6718,46.827,47.3739,25132478.0,30.0173,30.5805,29.4976,30.5341,24218124.0,125.4397,128.4013,123.7579,127.8402,31675245.0,174.2072,177.3722,173.7825,176.9702,97302096.0
2020-04-24,37.7062,38.0066,37.4789,37.8608,56101588.0,92.0213,93.4222,91.0655,92.2817,24964138.0,29.9916,30.638,29.4956,29.6815,32211115.0,47.4559,48.4257,47.2795,48.1767,85864988.0,30.509,30.7798,29.8069,30.2807,16038400.0,127.6843,128.9776,127.4591,128.478,12124431.0,175.767,178.164,174.6001,176.4993,66711459.0
2020-04-27,38.0018,38.1875,36.8186,37.1651,268610038.0,92.6029,93.3344,92.0635,92.5802,18707082.0,29.6141,30.1741,29.0184,29.461,35073399.0,48.2856,48.972,47.9393,48.7513,36436779.0,30.3926,30.4621,29.5968,30.1097,14640568.0,128.5561,128.7604,126.0663,126.5041,54506156.0,177.0321,178.8157,175.5191,176.6252,55547253.0
2020-04-28,37.2093,37.7725,36.7358,36.8636,112854089.0,92.5219,93.1326,91.7467,92.814,16898166.0,29.3422,29.6144,28.6883,29.4392,14267369.0,49.0093,50.1103,45.2807,45.8877,360000000.0,30.1583,30.2926,29.8282,30.1122,4898802.0,126.6232,130.9835,126.1092,129.398,82000756.0,176.0436,177.2234,173.1623,176.0164,46311708.0
2020-04-29,36.9267,36.9879,36.5894,36.9096,80250981.0,93.0133,94.4504,91.2388,94.0034,47015376.0,29.4091,29.8094,29.073,29.7144,34380607.0,45.9442,46.6054,45.8298,46.3938,40554729.0,30.1697,30.8786,29.5936,29.6625,31384480.0,129.0144,132.2146,128.5721,129.6535,12021477.0,176.0391,179.9244,175.1636,176.9927,63623712.0
2020-04-30,37.015,37.8369,36.3259,36.4515,177543472.0,94.3537,95.3952,93.4075,94.6803,28820767.0,29.6521,29.9301,29.4952,29.6872,9738140.0,46.444,46.5884,45.5377,45.8791,86555168.0,29.6323,30.399,29.3185,30.0344,22665902.0,129.2093,130.1338,128.3909,129.4587,10177297.0,177.6333,178.5698,176.1362,177.4443,42362539.0
2020-05-01,36.1882,36.6978,36.0622,36.3465,45594592.0,94.7504,95.4769,93.2,94.5046,15954183.0,29.6985,30.2762,29.269,29.7919,24465585.0,45.6983,46.0934,45.0438,46.0197,30688569.0,30.0869,30.2152,28.9803,29.1004,110006762.0,129.36,130.139,127.6776,128.2345,19877539.0,177.194,179.5484,176.5632,177.0266,55883924.0
2020-05-04,36.2903,36.8012,36.1441,36.3439,35369157.0,95.4541,96.858,92.7993,94.0516,25871575.0,29.6462,30.0569,29.1244,29.307,54243255.0,46.0093,46.177,45.1856,45.3018,98792022.0,28.8505,28.9,28.0935,28.1484,90313314.0,128.4191,129.0325,127.6195,128.4717,10013407.0,176.7961,177.7159,172.704,174.8083,152441361.0
2020-05-05,36.4042,37.2661,34.0547,34.3239,640000000.0,94.0009,94.6087,92.8054,93.1238,31219374.0,29.2888,29.4443,28.8755,29.143,17612665.0,45.0835,46.1023,44.6835,46.0152,70801157.0,28.1433,28.3428,26.807,27.3752,106416194.0,128.2152,130.6306,127.1503,130.2413,26723487.0,175.1536,176.1528,172.0255,173.1176,116236560.0
2020-05-06,34.2798,34.4405,33.7666,33.932,92568803.0,93.7328,94.3955,92.1117,92.671,35212706.0,29.1915,29.6131,28.772,28.8365,36958792.0,45.6462,46.0351,45.0222,45.7388,39352377.0,27.3325,28.1606,26.874,27.8946,37171886.0,130.0955,131.6144,128.4202,131.2044,15430466.0,173.7838,175.2099,171.9468,172.9157,42917781.0
2020-05-07,33.8889,34.667,33.4157,33.7516,77710046.0,93.0899,93.8468,89.728,90.9878,123987820.0,28.7571,28.9024,28.0308,28.4651,25837279.0,45.6816,45.9501,45.1233,45.8054,26673722.0,27.8977,28.3433,26.983,27.1357,91851917.0,131.2667,131.5553,128.8341,130.2114,28322649.0,173.3314,174.0625,170.109,171.1179,196721745.0
2020-05-08,33.8074,33.9613,32.4309,33.2455,105080205.0,90.324,92.4285,88.5414,89.3939,89583706.0,28.5516,28.6833,27.7256,27.9608,44895839.0,45.6965,46.3197,43.7083,44.3088,192525812.0,27.0057,27.3932,25.9388,26.5465,43461433.0,129.9425,132.3655,128.1617,131.6632,33230697.0,171.8326,174.0016,166.9156,167.7008,442387712.0
2020-05-11,33.3039,33.4578,32.5132,32.8528,84729490.0,89.9209,90.4619,86.7771,87.3417,134849461.0,28.0582,28.2416,27.5597,27.627,26732300.0,44.437,44.8627,42.2455,43.3344,99512381.0,26.5868,26.9556,25.8098,26.1133,37057198.0,130.9991,132.6364,130.5298,132.3222,13516424.0,166.6074,167.0197,163.5137,164.2383,361216002.0
2020-05-12,32.9205,33.43,32.8414,33.2157,114077738.0,87.7118,88.6411,87.3551,88.4004,50543580.0,27.4908,27.8899,27.3033,27.7792,25824721.0,43.1379,45.5626,42.9025,44.2747,81897328.0,26.3197,26.5364,25.5902,25.7581,18267600.0,132.4258,134.1337,132.1708,133.6059,21150458.0,164.4346,165.5492,162.6815,165.0633,47713647.0
2020-05-13,33.0998,33.2133,32.9773,33.0937,34456705.0,88.4401,89.1217,87.8496,88.2264,18153999.0,27.6931,27.8088,25.8598,26.0173,200000000.0,44.8671,45.3212,44.1819,44.8066,52574562.0,25.7666,25.9904,25.1845,25.2982,21350792.0,133.0192,134.364,132.4512,132.7764,13570117.0,165.6652,166.5642,163.2551,165.0412,27328309.0
2020-05-14,32.8875,33.4164,32.3318,32.822,93573238.0,88.3546,89.5932,86.8693,88.6294,14494173.0,25.8748,26.5448,25.768,26.4821,44883977.0,44.7051,45.3086,44.5689,44.831,17034579.0,25.3031,25.6474,25.1096,25.542,18937984.0,132.8869,133.9281,129.8203,131.265,25553300.0,165.252,167.0758,164.5509,166.1279,55010471.0
2020-05-15,32.9386,33.7931,32.4026,33.0122,74156016.0,88.8016,90.7192,88.5738,89.475,26269527.0,26.528,26.6256,26.0353,26.4854,10075536.0,44.8161,44.9696,43.7319,44.1768,65590256.0,25.8056,25.8491,25.5847,25.7722,18971017.0,131.1919,131.548,126.905,128.655,59296812.0,166.0601,167.5651,165.2827,166.7896,69947442.0
2020-05-18,32.9043,34.5757,32.8337,33.6407,138742972.0,89.9608,91.2869,89.6849,90.8569,44697145.0,26.4992,27.8445,25.8178,27.4054,131165651.0,44.0586,46.0603,43.6521,45.7069,158794061.0,25.6724,25.8653,25.5291,25.7065,11630231.0,128.5809,129.4969,127.9086,128.1471,12415435.0,166.2114,169.6271,163.9942,169.238,184692951.0
2020-05-19,33.5205,33.884,32.3773,32.7889,252892885.0,90.7093,91.2497,87.5425,88.501,164842075.0,27.2263,27.5833,26.519,26.6768,101084506.0,45.8752,45.9485,42.0147,42.3249,360000000.0,25.7586,26.3105,25.3012,25.4452,19423497.0,127.7914,129.1226,127.2902,128.5982,12993365.0,168.8864,169.2626,164.6321,165.0221,600000000.0
2020-05-20,32.6588,33.4873,32.3641,33.0982,87009116.0,89.0554,90.0343,87.4713,89.7885,52759703.0,26.6057,27.2391,26.0822,27.0219,35441189.0,42.2821,43.3203,41.6515,42.6807,45533037.0,25.6104,26.0616,25.2683,25.77,22631145.0,128.4907,129.4616,127.8355,129.1822,10604842.0,165.7251,168.4958,164.9713,166.6902,142747126.0
2020-05-21,33.2666,34.3054,31.8106,32.694,107458016.0,89.4061,89.9852,89.206,89.3722,19893682.0,27.056,27.5313,26.9388,27.1984,20306783.0,42.4836,42.7164,41.9718,42.2496,67053487.0,25.7289,26.728,25.6455,26.5182,95219959.0,128.8965,129.8327,128.2172,128.5843,12859153.0,166.6731,168.4642,165.7057,167.0236,29122629.0
2020-05-22,32.7246,32.9677,32.0346,32.3816,100266054.0,88.755,90.2465,87.4779,89.0684,13455687.0,27.211,27.4179,26.253,26.59,58497998.0,41.8852,42.2405,41.3933,41.5133,81626992.0,26.611,26.867,25.8055,25.96,73347555.0,129.5104,131.0826,128.5107,129.2122,9805129.0,166.7255,167.0641,164.0389,165.5806,83970025.0
2020-05-25,32.4306,33.0715,32.0984,32.8268,90668089.0,89.2767,90.9377,85.9808,87.7544,91218160.0,26.7221,27.138,26.5422,27.0754,77588448.0,41.626,42.1072,41.1441,41.7795,34672168.0,25.9777,26.6124,25.3737,25.7059,38782222.0,128.9507,130.4976,128.0127,129.198,6562174.0,164.8541,166.9139,162.1644,165.6422,28142721.0
2020-05-26,32.9268,33.2329,32.1235,32.5163,164507898.0,88.1904,89.1638,87.2088,87.4387,24756247.0,26.948,27.0138,26.7299,26.7826,26067684.0,41.908,42.3905,41.095,41.2722,45839665.0,25.593,25.6807,25.0804,25.3414,36974934.0,129.5365,130.1072,126.7416,127.7544,20309199.0,165.8611,167.898,161.3899,164.6217,71591492.0
2020-05-27,32.5102,33.1175,32.4368,32.9281,98170377.0,87.3769,89.6463,86.7417,88.7148,62320467.0,26.7816,27.5289,26.7082,27.3245,48349940.0,41.3391,42.5897,40.5408,42.0747,100332922.0,25.3243,25.4639,24.7872,25.2606,7045025.0,127.5726,129.2272,126.6395,128.4719,12121228.0,164.2462,167.7085,161.3829,165.6059,83588822.0
2020-05-28,33.0754,33.4569,32.0979,32.4824,107387164.0,87.9274,88.3952,85.0108,87.0912,58831392.0,27.2127,27.3518,26.6326,27.2654,21424959.0,42.0319,42.318,40.4204,42.0576,24721476.0,25.2573,25.4703,24.3174,24.5534,102880587.0,128.5507,130.4157,128.2315,130.0343,28614456.0,165.5909,166.6875,163.4028,164.2823,98059285.0
2020-05-29,32.3114,33.0323,32.1046,32.7567,126498484.0,86.5815,88.6601,85.458,88.1643,40432417.0,27.2777,27.7316,26.9882,27.6551,36166501.0,41.9942,43.3559,41.6065,42.3601,32254706.0,24.4896,24.737,24.4294,24.4734,16268387.0,130.0368,130.7707,128.7999,130.5326,12077517.0,165.0879,166.0212,164.2769,165.3409,80872633.0
2020-06-01,32.6002,32.7476,32.0922,32.446,53146974.0,88.3158,90.2276,87.4663,87.6089,24451672.0,27.6346,27.8339,26.974,27.1898,54058628.0,42.516,42.8319,40.0136,40.6788,335843153.0,24.3129,24.9889,24.1607,24.5091,10718795.0,130.4782,132.7011,130.0997,131.7206,16617539.0,165.7148,166.1442,161.7801,163.702,88091769.0
2020-06-02,32.2832,32.59,31.011,31.4202,633554461.0,87.6055,88.8893,84.7941,85.4912,107968978.0,27.2201,27.5266,25.7499,25.9861,200000000.0,40.6594,41.1479,39.3807,40.0362,42670778.0,24.4678,24.8102,23.7524,23.8013,106596808.0,131.6553,134.7485,131.3329,134.2974,74480959.0,164.3109,164.9535,153.9751,154.8902,600000000.0
2020-06-03,31.4786,32.0141,30.4877,30.995,113565755.0,85.9245,86.9712,82.7576,83.7794,121969939.0,25.9426,26.2116,25.2376,25.7104,34012428.0,40.2495,41.2165,38.7227,39.0341,126012750.0,23.6561,23.9277,23.5435,23.685,15476114.0,134.3812,134.7997,132.6905,134.0894,6235792.0,154.9534,155.8504,151.4909,152.4237,233794153.0
2020-06-04,31.0642,31.1265,29.4464,29.8666,479299259.0,83.8035,84.5505,80.9212,81.9751,64014021.0,25.7908,25.932,24.948,24.9963,129888727.0,39.0158,39.9182,37.0846,37.7376,173537200.0,23.7376,23.7855,23.5678,23.6352,11484912.0,134.5553,137.6841,132.418,136.4673,57801499.0,152.7321,155.2309,148.7793,149.3065,543088484.0
2020-06-05,29.8045,29.9222,29.0481,29.7549,42824668.0,81.7364,83.2468,80.1077,82.2542,21111938.0,24.9232,25.1456,24.591,24.6652,27565597.0,37.7135,38.4343,37.4746,37.6954,24435997.0,23.6884,24.1824,23.6476,23.7896,16959497.0,136.0789,137.8787,133.8125,137.5275,28760094.0,149.8704,150.7512,147.3593,148.4531,92609338.0
2020-06-08,29.7244,29.7878,29.2135,29.4244,68351229.0,82.3543,82.7651,79.9456,80.9543,60655769.0,24.5629,25.0582,24.2627,24.412,25574183.0,37.7615,39.085,37.0819,37.4364,62991836.0,23.6657,24.3612,23.457,24.2121,31242377.0,136.9161,138.1888,136.4621,137.105,8656823.0,148.1047,148.771,147.3475,147.6185,87050599.0
2020-06-09,29.5894,30.5521,29.3522,30.0951,186772977.0,81.2786,83.2309,80.5562,82.4972,67398159.0,24.4345,25.3475,24.3071,25.1555,98595821.0,37.6834,39.385,37.5889,38.4319,115794858.0,24.2203,24.2838,23.5563,23.9834,12503334.0,136.8184,137.1502,133.7245,134.826,34712247.0,147.6031,150.1391,146.8137,149.2316,151460610.0
2020-06-10,30.0031,30.8325,29.8439,30.5175,121474173.0,82.9373,84.5835,81.4087,84.3671,116490966.0,25.3472,26.3734,24.7728,26.0573,158768641.0,38.6462,39.8766,38.5216,39.7581,259381735.0,23.8517,24.9451,23.7693,24.5877,38252941.0,134.8695,135.1845,131.3648,133.438,28250840.0,148.9404,153.2348,147.1168,151.9566,243149811.0
2020-06-11,30.5572,31.6139,30.4483,31.0486,165912884.0,84.3302,86.82,82.476,85.7795,37803465.0,25.8955,27.0045,25.6128,26.4546,62040373.0,39.749,40.9762,39.3788,40.5811,117917812.0,24.5513,24.9963,24.507,24.8539,27347799.0,133.3386,135.0884,131.8756,134.6798,21311813.0,151.6946,156.3682,151.3939,154.2636,174966963.0
2020-06-12,30.9548,31.6069,30.7839,31.4189,105142040.0,85.8023,88.058,85.2554,87.2895,99662793.0,26.3309,27.0267,26.1108,26.9389,55261840.0,40.5095,41.7102,40.2391,40.9989,58587210.0,24.7859,25.6164,24.1546,25.264,25353041.0,135.2041,135.7818,131.506,132.5246,50409497.0,154.1989,157.2184,153.2388,156.7667,220498004.0
2020-06-15,31.5712,31.6491,28.8458,28.9498,640000000.0,87.5577,88.7146,85.7548,86.5143,23063894.0,26.9644,27.436,26.2225,26.4336,89392199.0,40.7655,41.929,40.0996,40.6839,44223051.0,25.3137,25.8192,24.5221,25.0823,11433960.0,132.9995,133.4335,129.9657,130.9733,36773612.0,156.3435,156.7173,154.2085,155.5833,88119943.0
2020-06-16,29.0302,29.5899,28.2335,28.721,105287197.0,86.2597,87.8915,84.9031,86.9101,17574521.0,26.5559,26.7843,26.3335,26.4369,20055325.0,40.8171,41.2644,40.5007,40.8742,25180611.0,24.9166,24.9946,24.3958,24.675,22252697.0,130.8233,131.3651,129.6,130.408,9227533.0,155.4201,156.821,153.7872,155.112,30738392.0
2020-06-17,28.5444,29.7687,28.4438,29.2243,279286258.0,87.1626,89.7386,85.9294,89.5393,142559827.0,26.4701,26.8166,26.3314,26.767,45185725.0,40.5312,42.3939,40.3481,42.2639,175392554.0,24.7746,25.2204,23.8961,24.0431,58681152.0,130.9166,131.4682,128.3204,128.6291,28498023.0,155.414,157.0407,154.8997,156.615,113755825.0
2020-06-18,29.1907,29.5202,28.4568,28.5999,277265331.0,89.4575,90.454,86.3007,86.8705,140466845.0,26.7004,26.8232,25.8673,26.3002,71626300.0,42.6058,43.3079,40.8336,41.1766,96563222.0,24.1643,24.238,23.7218,23.9532,18989822.0,128.7655,131.1343,128.0336,130.0422,27712688.0,156.5721,157.5185,153.7661,154.0385,274714859.0
2020-06-19,28.3389,29.1569,28.2438,28.9991,103052307.0,86.8446,88.2742,85.9965,87.6783,37063779.0,26.3455,26.5245,25.5694,26.2175,23093085.0,41.3409,42.226,40.7864,41.9626,75142762.0,23.939,24.394,23.6675,23.8166,14483981.0,129.8036,130.4285,128.2906,128.7365,28398204.0,153.7001,161.3406,153.0492,158.4852,600000000.0
2020-06-22,29.1145,29.6523,28.5378,28.6005,127638409.0,87.6793,87.8121,85.5969,86.553,47593898.0,26.273,26.5729,22.7137,22.8579,200000000.0,41.815,42.1356,41.1348,41.6754,35079973.0,23.6858,23.8457,23.2538,23.3683,27793702.0,128.6976,128.9263,127.3335,128.4081,9471096.0,158.8389,159.235,156.4757,157.3273,68455984.0
2020-06-23,28.8599,28.9974,28.4133,28.9173,107014850.0,86.5971,90.2538,86.3433,89.1613,162698240.0,22.7943,23.9814,22.3762,23.5793,153175593.0,41.9185,43.7006,41.716,43.313,227112940.0,23.1689,23.543,22.9702,23.0404,40295040.0,128.3457,129.5322,126.2212,128.9337,10520309.0,156.9191,159.981,155.4457,159.602,191134450.0
2020-06-24,28.6406,28.9253,28.5497,28.7024,108897390.0,89.8356,90.093,87.9059,88.9345,14023470.0,23.659,24.0917,23.4696,23.7322,26156134.0,43.4253,43.916,42.7915,43.535,39177871.0,23.144,23.4916,21.8011,22.6893,33022535.0,128.6948,133.3783,128.0873,132.2797,96000000.0,159.1031,159.871,158.4804,158.7976,77869007.0
2020-06-25,28.5223,29.3401,28.4242,28.8775,61021027.0,88.7705,90.522,88.0125,89.0779,17976987.0,23.7288,24.1287,23.4145,23.7472,16940509.0,43.6313,44.6548,43.3503,44.0391,45349098.0,22.8743,23.1023,22.2477,22.3548,26888197.0,132.0686,137.03,131.8612,134.7646,72535905.0,159.3391,161.5481,157.334,157.9085,71516537.0
2020-06-26,28.8988,29.2977,28.5365,28.6393,60599135.0,88.9316,89.5757,88.4186,88.9897,17843954.0,23.5777,23.9508,23.3091,23.8244,15594292.0,43.9836,44.6501,42.5632,43.92,26786613.0,22.3588,22.6303,22.0645,22.2842,14064326.0,134.918,138.3152,133.3891,135.4355,8282274.0,158.2873,159.4582,155.499,157.4644,60452989.0
2020-06-29,28.6369,29.4647,28.4743,29.4181,361775367.0,89.498,92.6833,88.5305,91.4626,180884838.0,23.8113,24.6391,23.4421,24.5887,171360288.0,44.0348,44.9888,43.5551,44.6378,46704512.0,22.1783,22.7819,21.6726,22.4771,18632796.0,135.2991,136.1742,133.6826,134.3942,12887601.0,157.3127,161.1646,156.668,160.0554,239338385.0
2020-06-30,29.3649,29.9571,28.8468,29.6726,87316125.0,91.6229,92.2884,90.2011,91.5418,18485432.0,24.5314,25.2855,24.2319,24.8392,39485260.0,44.34,45.1436,44.1645,44.3134,39932919.0,22.3766,23.2839,22.2611,23.1157,64295869.0,134.2985,134.9243,131.8589,133.0096,22102450.0,160.9177,162.5236,157.8231,161.36,88278506.0
2020-07-01,29.4461,30.3757,28.871,30.158,100362076.0,91.8189,93.2178,91.2239,92.0578,27802422.0,24.9722,25.5447,24.6102,25.2641,40915074.0,44.3265,44.8442,43.3497,44.1713,29578913.0,23.2278,24.0389,23.0659,23.7359,59944699.0,132.9402,133.9413,131.6957,132.6421,10879066.0,161.1016,163.8507,158.7138,162.8127,105327754.0
2020-07-02,30.201,30.4837,29.6538,30.0671,64310345.0,91.6851,94.3185,90.4532,92.7141,46207263.0,25.127,25.2599,24.8286,25.1842,13966422.0,44.0296,44.4196,43.5216,43.8234,35121580.0,23.7523,23.9511,23.316,23.635,9905357.0,132.5859,133.058,129.5002,131.2799,38735922.0,163.1278,165.1433,162.0178,163.5452,65679443.0
2020-07-03,30.185,30.8584,29.3636,29.8356,117630241.0,92.8041,93.3611,92.5292,93.1028,16945644.0,25.1344,25.9286,25.0598,25.2386,14002486.0,43.7638,44.0727,43.187,43.3257,56107718.0,23.5414,23.9208,23.4868,23.5887,10142745.0,131.5849,132.7811,131.0584,132.4246,17996112.0,162.8141,164.3495,162.4796,163.1275,54259095.0
2020-07-06,30.2125,30.8887,29.7957,30.539,180194881.0,93.4004,96.9177,92.0952,95.6456,116430393.0,25.2652,26.1775,25.0627,26.0262,183016474.0,43.1849,44.7996,42.7526,44.2446,96451840.0,23.8118,24.0576,23.2749,23.4145,21452067.0,132.1491,132.7293,129.2838,131.1092,22983405.0,162.6588,168.6659,160.5529,165.8339,226250884.0
2020-07-07,30.7156,31.0245,30.1607,30.9042,78880764.0,95.392,97.0575,93.9721,94.3194,35914370.0,26.2853,26.9496,25.7473,25.9393,16522119.0,44.1115,44.5361,43.6803,44.1518,32683852.0,23.515,23.7237,23.2544,23.3222,16535585.0,131.1853,134.5209,130.438,132.7187,23840175.0,166.3184,166.9489,164.6093,165.3693,60319975.0
2020-07-08,30.7277,31.9321,29.9887,31.6982,248511578.0,94.5531,96.357,94.3991,95.7867,79766685.0,26.1477,26.8652,25.6827,26.614,68318443.0,44.4214,46.3503,44.178,45.9705,360000000.0,23.3748,24.1343,23.1305,23.9938,75659676.0,132.2137,132.7545,128.2614,130.6248,51551961.0,166.0366,174.3909,165.3294,174.0514,600000000.0
2020-07-09,31.6966,31.8089,31.1515,31.5771,67530642.0,95.7097,96.2411,95.3447,96.0967,32012093.0,26.609,27.4231,26.4757,26.8234,18793950.0,45.6603,46.403,44.3482,45.6357,46971238.0,23.939,24.414,23.533,24.0009,9689401.0,130.4532,131.2047,127.4897,128.1527,48678375.0,173.9773,176.8437,173.4528,175.0075,81935470.0
2020-07-10,31.6597,31.8408,30.7242,31.3638,68335512.0,95.8528,97.044,94.9901,95.7841,30926234.0,26.8618,27.2426,26.352,26.6427,17959781.0,45.7239,46.2669,45.4966,46.0288,64613959.0,24.123,24.4454,22.6832,22.9234,144000000.0,127.7312,129.2438,126.0127,128.4588,8724537.0,176.1421,177.7491,172.0007,173.2927,65522493.0
2020-07-13,31.2688,31.4944,30.8522,31.1842,86166274.0,96.167,97.9036,93.922,97.2157,58465868.0,26.7085,26.8389,25.9864,26.5573,14523900.0,45.7835,47.3803,44.7644,46.6284,58011173.0,23.0063,23.2392,22.3933,23.0394,15787501.0,128.9836,130.481,128.3592,130.075,23011324.0,173.9369,174.6408,173.2809,173.6391,35952882.0
2020-07-14,31.2917,31.4257,30.5075,30.8533,96838842.0,97.6522,98.5959,96.8535,97.7002,26447170.0,26.4475,27.1972,26.1748,26.6612,12873717.0,46.9204,47.3363,45.2334,45.7958,61205609.0,23.0293,23.4022,22.6731,22.7957,15235177.0,130.1189,132.5443,128.3289,130.783,7411721.0,173.2967,174.1133,172.386,173.2853,59229377.0
2020-07-15,30.9491,31.6828,30.3312,30.5548,109541000.0,97.7497,98.4992,93.6037,94.2297,231040207.0,26.6623,26.9567,26.0123,26.243,50838264.0,45.8884,46.2834,43.5882,44.1254,234743017.0,22.8975,23.2183,21.7859,21.9355,144000000.0,130.6428,131.9954,127.0542,127.8483,96000000.0,173.0996,174.3841,169.611,170.0259,250469615.0
2020-07-16,30.722,31.0121,30.2884,30.6935,49892903.0,94.3971,94.8992,94.0168,94.3599,22169605.0,26.3892,27.1796,25.8752,26.6872,44751759.0,43.8335,45.7763,43.6826,44.7739,56387718.0,22.0297,22.785,21.8551,22.5219,75768801.0,127.29,127.7264,125.3622,125.8661,51715758.0,169.3591,170.9667,165.8174,167.7363,231784784.0
2020-07-17,30.8023,31.0281,29.6484,29.8981,192757653.0,94.8533,96.5912,91.566,92.5587,51906448.0,26.7026,27.3507,26.1036,26.1508,69410625.0,44.8447,45.4549,43.8631,44.1786,45903236.0,22.5471,22.7188,22.2619,22.3261,17527729.0,125.442,127.5931,124.8718,127.205,28413717.0,167.5259,169.3494,165.151,165.5083,117112868.0
2020-07-20,29.9357,31.4526,29.7822,31.1266,624310989.0,92.4146,95.6366,91.1037,94.843,76531169.0,26.3604,26.9036,26.138,26.5532,23648277.0,44.0336,46.1653,43.827,45.4197,76518224.0,22.2215,22.646,22.1552,22.3101,11608528.0,127.4782,129.1124,126.3674,128.3858,24834012.0,165.6205,169.2724,163.4343,168.109,263443294.0
2020-07-21,31.0392,31.368,30.7765,30.8873,53005133.0,94.9732,97.8168,91.4772,93.9577,30290155.0,26.5048,26.703,26.0387,26.5673,18651313.0,45.4684,45.9326,44.4297,45.0762,42376655.0,22.217,22.4206,21.7125,22.0216,23535698.0,128.5006,131.6231,127.8565,130.6719,76908148.0,168.1282,168.929,164.2573,166.471,93231227.0
2020-07-22,30.7117,31.6574,30.5026,30.9766,59190111.0,93.8149,96.738,93.2308,94.8476,54121347.0,26.5576,27.0251,25.8796,26.2749,30239985.0,44.7941,46.1628,44.4385,45.3848,38410809.0,21.8792,21.949,21.5481,21.6769,32905206.0,130.1984,133.2825,128.7307,131.8308,19623748.0,166.4856,166.7867,165.1694,165.8775,79534377.0
2020-07-23,31.0066,31.6238,30.323,31.4284,71014955.0,94.468,97.2103,92.9682,96.9489,76905123.0,26.2662,27.337,26.04,26.9358,95979647.0,45.6495,46.8581,44.5347,46.4612,176539459.0,21.7948,21.8709,21.4499,21.7394,12873011.0,131.3546,131.8026,130.3495,130.672,23408654.0,166.3471,170.4163,164.639,168.8999,231313279.0
2020-07-24,31.3725,31.6111,31.0115,31.1132,77829548.0,96.7984,97.2721,95.091,95.3287,54096699.0,26.7927,27.2273,26.5935,26.8131,28048059.0,46.0248,46.354,44.7264,45.515,144849531.0,21.6098,21.6516,20.7151,21.3208,54965544.0,131.2819,131.8652,128.9032,129.2227,21926714.0,168.9797,169.7208,164.6536,166.8956,114328329.0
2020-07-27,31.0711,31.5716,30.8289,31.1381,43163566.0,94.9074,96.3574,94.2701,95.6885,23574483.0,26.9348,27.3472,26.4714,27.1448,37030580.0,45.3417,46.2946,45.1984,46.0606,62374371.0,21.3237,21.4963,21.2393,21.2768,12987412.0,129.6647,130.2886,128.6688,128.8821,8637407.0,167.22,173.5435,166.443,172.9491,600000000.0
2020-07-28,31.2926,32.1161,30.9771,31.917,181484148.0,95.8489,97.777,94.6401,97.4809,84770005.0,27.1077,27.6156,26.8834,27.484,57783287.0,45.8257,46.6254,45.4551,46.3212,40675166.0,21.1386,21.5032,20.9197,20.963,38131641.0,128.978,130.3402,127.7085,129.3916,7177473.0,173.1682,175.5972,171.8915,174.5383,75088234.0
2020-07-29,32.1103,32.42,31.7625,32.3166,94821058.0,97.185,99.5879,94.9465,98.2335,40456575.0,27.5131,28.4835,27.387,28.1131,45014339.0,46.4043,47.1686,46.204,46.8708,42445333.0,21.108,21.6738,20.7912,21.3611,43242229.0,129.4295,130.2838,128.5443,128.964,10272953.0,174.6803,176.8427,173.8216,176.2081,88957201.0
2020-07-30,32.1411,33.3084,32.0003,32.73,104360157.0,97.6946,100.1785,97.1987,99.5664,34745102.0,28.0443,28.6077,27.8009,28.5304,37302102.0,46.7618,48.2019,46.4029,47.5442,64047370.0,21.2596,21.7515,21.0314,21.4443,12947053.0,128.9094,130.4034,127.5431,129.831,12808827.0,176.669,178.7578,175.9738,178.0798,156455236.0
2020-07-31,32.6997,33.4976,32.5085,33.225,167409697.0,99.8579,101.5797,97.9168,100.7597,39838358.0,28.7326,29.4438,28.3194,29.1479,41970849.0,47.5028,49.5245,46.8572,48.5801,94276575.0,21.4726,21.816,21.269,21.5672,17079008.0,129.4203,131.517,127.7516,129.0563,12989797.0,178.4851,181.1858,176.3268,180.157,201901574.0
2020-08-03,33.1616,33.4631,31.2608,31.4891,640000000.0,101.0289,102.2971,96.6339,97.4848,215945921.0,29.2954,29.6744,27.7366,28.0535,200000000.0,48.4331,48.5708,47.0192,47.6248,90398285.0,21.4292,21.6063,20.6031,21.1952,38533532.0,129.3364,129.6117,126.8884,128.692,11344367.0,179.5827,182.4261,178.8063,180.6885,53114247.0
2020-08-04,31.5328,32.0981,30.8303,30.9833,144457895.0,97.3581,98.0218,96.5794,96.9779,26565727.0,28.0602,28.4403,27.6254,27.9303,19305874.0,47.3179,48.2827,47.1891,47.8125,26158613.0,21.2709,21.4643,20.5227,20.8422,30887182.0,128.6287,129.6292,127.1344,129.0521,9905118.0,181.6225,182.4533,177.3674,178.8653,106366463.0
2020-08-05,30.6752,31.6423,30.3123,31.44,136520810.0,97.2468,99.3866,96.8751,98.5324,68672692.0,27.7906,28.6839,27.1342,28.4379,39074498.0,47.7609,49.6634,46.7034,48.5748,74878236.0,20.935,21.4953,20.8181,21.0866,16321704.0,129.2898,131.1954,129.0715,130.6751,37727757.0,178.9264,181.666,178.6254,180.749,85227915.0
2020-08-06,31.2381,32.0913,31.0382,31.5883,60149077.0,98.2202,98.4761,96.2005,97.7996,35694738.0,28.5247,28.8354,27.999,28.1214,53640702.0,48.2767,48.5153,47.4336,48.3626,23157163.0,21.0881,21.6034,20.9017,21.4211,27466383.0,130.542,131.2112,128.8166,130.3854,7399430.0,180.2625,182.3536,179.4105,180.614,52204569.0
2020-08-07,31.5719,32.3762,31.3639,31.4333,54166398.0,97.6564,98.2797,96.8491,97.0044,30867295.0,28.2464,28.573,27.9776,28.0541,14948954.0,47.9458,48.7583,46.7689,47.2409,234076842.0,21.4153,21.8407,21.0049,21.7799,29220698.0,130.5047,131.6901,129.2126,129.6845,13764862.0,180.5807,182.8927,179.5605,180.5002,39397055.0
2020-08-10,31.5425,32.0589,30.4887,30.8065,130003147.0,97.1601,97.9162,95.9155,96.4413,34222905.0,27.9477,28.1332,27.6809,27.9992,9123399.0,47.3808,48.1455,46.6919,47.0793,44083751.0,21.8523,22.1787,21.1202,21.3327,51887447.0,129.5277,132.3278,129.0308,130.3831,10640503.0,180.6338,181.6407,177.8693,178.3821,106072323.0
2020-08-11,30.8168,31.0611,30.2982,30.7389,81962864.0,96.8346,97.7174,96.0079,97.4056,44768180.0,27.9827,28.5011,27.6553,28.3633,41918525.0,46.8045,48.8797,46.2472,47.4466,56374684.0,21.2795,21.4177,20.9928,21.0344,27270957.0,130.406,131.4635,129.8965,131.1808,13027864.0,178.6796,179.3788,174.8253,175.4541,254283258.0
2020-08-12,30.83,31.4929,29.3391,29.573,620699106.0,97.259,98.9798,95.1093,95.7596,75328822.0,28.3723,28.8953,27.4512,27.7838,74099646.0,47.7744,48.036,46.4885,47.0367,31148608.0,21.1284,21.2954,20.3926,20.4439,64934832.0,131.4447,132.1108,125.6583,128.0218,96000000.0,175.9325,176.7348,172.3423,172.7031,157631814.0
2020-08-13,29.5987,30.1662,28.8407,29.7927,67136732.0,95.5352,96.1984,93.9844,94.6216,35873407.0,27.9077,28.0403,27.0758,27.4028,33466090.0,47.3528,49.5459,46.9869,48.2571,83755954.0,20.4688,20.6478,20.1859,20.3349,14027404.0,127.8492,129.2127,126.0948,128.9449,12023120.0,173.0795,176.5609,171.3907,172.0548,63659359.0
2020-08-14,29.9608,30.2535,28.5624,28.7792,640000000.0,94.9883,95.9272,92.1768,92.3545,124874780.0,27.3858,27.9452,26.6403,26.7103,108987634.0,48.4594,49.0143,46.585,46.7589,195968520.0,20.2044,20.4463,19.827,20.0521,25439263.0,129.6027,131.0852,127.9586,130.0861,16959194.0,172.9538,173.3813,166.1922,168.4283,355670674.0
2020-08-17,28.9684,29.3919,27.9688,28.2083,181396883.0,92.5775,94.389,90.2496,91.6503,39856168.0,26.8158,27.0175,25.7279,25.9167,98617522.0,46.5086,47.4549,44.6584,44.8173,338163122.0,20.2043,20.4492,19.8132,20.1171,9951882.0,129.8968,131.9792,128.6139,131.3504,24065370.0,168.4788,170.1297,163.4975,166.121,185911462.0
2020-08-18,28.1139,28.6921,27.08,27.5848,379449252.0,91.704,92.5443,87.9143,89.6879,75339485.0,25.8348,26.0529,25.3233,25.3918,55352149.0,45.2688,45.3527,42.455,43.0499,360000000.0,20.1323,20.3068,19.5856,19.7083,64157131.0,131.3955,134.213,130.7399,132.8758,20710753.0,166.0461,169.0605,162.0884,163.386,165860284.0
2020-08-19,27.6925,28.1591,27.3045,27.4434,43708862.0,90.1059,90.8112,89.8225,90.1499,25167656.0,25.2823,25.6098,24.7774,24.9221,59466775.0,42.5741,43.7227,41.9707,43.1718,34578975.0,19.681,19.8819,19.2453,19.4233,27418588.0,133.3393,133.642,127.2381,128.3961,96000000.0,162.7077,164.6801,161.0858,162.561,73900213.0
2020-08-20,27.5049,28.5123,27.3639,28.1536,235322120.0,90.8436,92.2524,90.5205,90.9375,47238745.0,25.1097,25.5905,25.0421,25.4017,69866823.0,42.9921,44.6003,41.6208,43.7131,53918178.0,19.4364,19.5455,19.3378,19.5112,11282427.0,128.8661,129.4641,125.8135,127.7129,16963247.0,163.0087,164.6355,162.5397,163.7605,57470689.0
2020-08-21,28.4662,28.6557,27.9006,28.2102,35741788.0,91.0686,91.4364,88.9835,91.0642,20215011.0,25.2656,25.939,25.1116,25.505,17466596.0,43.8855,44.0422,43.1653,43.8573,44069196.0,19.4539,19.7972,19.328,19.7549,16189183.0,127.8633,129.2629,126.5324,128.7773,25218562.0,164.0437,164.9909,162.4537,163.8379,46306433.0
2020-08-24,28.1112,28.8287,27.9611,28.7106,140856225.0,90.853,91.5272,89.6923,91.0747,16248886.0,25.4267,26.166,25.2928,25.808,28891105.0,44.0139,45.3306,43.0406,44.5418,69101636.0,19.7425,19.8962,19.0149,19.2646,63662517.0,128.8646,129.6247,127.6798,128.6981,8725145.0,163.5754,164.7959,161.2621,163.9558,43434523.0
2020-08-25,28.6959,28.9004,28.0297,28.393,90658525.0,91.2532,92.872,89.6814,91.7439,41447812.0,25.8911,26.0287,24.7478,25.6467,21502037.0,44.3894,44.9374,43.3726,44.0336,54194516.0,19.327,19.561,19.084,19.233,12682801.0,128.7204,130.2848,128.3864,129.7938,27697236.0,164.0687,165.293,162.636,163.4251,36312414.0
2020-08-26,28.2641,29.7653,27.5306,29.0488,185096994.0,91.4482,94.6925,90.5497,93.7396,75435200.0,25.591,25.998,25.4421,25.5329,11391229.0,43.8704,45.1139,43.6884,44.3278,48917843.0,19.2872,19.4596,18.9542,19.1849,10082761.0,130.2382,131.225,128.8488,130.1648,13011535.0,163.4204,165.3496,162.2939,163.7482,50558240.0
2020-08-27,28.9244,30.9493,28.6163,30.4534,640000000.0,94.1991,97.5554,92.9807,97.3556,192728383.0,25.4747,26.9667,25.2508,26.4595,174260736.0,44.2828,47.0284,43.9264,46.7269,360000000.0,19.2336,20.2549,18.8611,20.2023,144000000.0,130.4791,131.512,129.5128,130.0631,7069661.0,163.8295,171.0571,162.6962,170.0531,600000000.0
2020-08-28,30.5052,30.7375,30.1283,30.5927,54068284.0,97.0871,97.9918,96.767,97.578,16122468.0,26.4381,26.778,26.354,26.4022,9801631.0,46.7077,47.0342,46.2001,46.3244,55184951.0,20.1527,20.2086,19.7143,19.9975,15863240.0,130.4207,130.8832,128.0814,128.4525,47738800.0,169.9209,171.7102,167.908,169.9128,40198453.0
2020-08-31,30.6204,31.194,28.1164,28.3814,640000000.0,97.5038,98.2534,95.8591,96.0582,72337627.0,26.1701,26.5282,25.8327,25.9666,37606521.0,46.2217,46.4056,45.3357,45.5519,82756120.0,19.9272,20.1626,19.4807,19.658,32714234.0,128.9826,133.5759,126.8537,132.9433,96000000.0,169.9673,171.9657,166.4187,167.5005,135030285.0
2020-09-01,28.4492,28.6142,27.1547,27.8279,138769081.0,95.7419,96.1459,94.6196,95.0964,40370736.0,26.0861,26.443,25.4088,25.5208,34196883.0,45.9102,47.0002,40.8147,41.5091,360000000.0,19.6892,19.7816,18.9711,19.1223,98089629.0,133.0968,134.3089,123.7145,124.7521,96000000.0,166.7809,168.8245,162.555,164.5907,236229628.0
2020-09-02,27.8918,28.6588,27.6244,28.3711,234590171.0,95.1647,98.3993,94.0513,97.4059,104227684.0,25.5392,26.9245,25.4484,26.3702,172360266.0,41.3752,42.5539,41.239,42.1234,102424830.0,19.1827,19.5564,19.0024,19.4158,28449448.0,124.6242,126.2614,123.8326,124.9659,8598654.0,164.4015,167.6926,163.6968,167.2381,126396723.0
2020-09-03,28.3416,28.6334,27.8153,28.0508,72041882.0,97.4893,99.0437,96.9521,98.3712,45509542.0,26.2827,26.6622,26.1955,26.4794,15470320.0,42.4163,43.5027,41.6291,42.5548,42066410.0,19.3576,19.3878,18.9052,19.1424,23764565.0,125.0766,125.6484,122.1966,123.6518,19649926.0,167.3841,168.8303,166.6178,167.1454,47238109.0
2020-09-04,28.0208,28.4178,27.7053,28.0528,46525914.0,98.6592,99.6356,96.6568,97.3594,37739570.0,26.2939,26.5203,25.7104,26.3434,27261700.0,42.6365,43.0412,40.5905,41.4495,87278482.0,19.1246,19.2855,17.9621,18.0274,144000000.0,123.6693,125.381,122.782,124.6927,17443821.0,166.8116,168.454,165.0476,165.7397,121421567.0
2020-09-07,27.933,28.2311,27.5858,27.9226,44719056.0,97.4053,97.9106,95.4517,96.1001,41997355.0,26.1965,26.4256,25.5881,25.8588,33701096.0,41.6496,42.655,40.2632,40.7514,59785960.0,18.0564,18.2075,18.0258,18.1284,15632461.0,124.6333,127.3384,123.8443,126.0832,16721004.0,165.9226,166.8354,163.668,164.2167,97237992.0
2020-09-08,27.8364,28.3448,26.9238,27.4221,121968527.0,96.1176,96.884,95.1177,95.275,39134557.0,25.6905,25.8263,25.159,25.389,49461469.0,40.4646,41.0198,39.7525,39.9392,68456694.0,18.1213,18.5769,18.0784,18.3759,23519182.0,125.9548,128.3029,124.5985,127.4856,21226714.0,165.1809,167.3691,161.4612,162.967,86604422.0
2020-09-09,27.4153,27.4725,26.5817,26.8744,144393894.0,95.06,95.9086,93.8075,94.2696,33585914.0,25.4127,25.8296,25.2868,25.3802,14374182.0,40.1336,40.2318,38.875,39.3813,63351315.0,18.4631,18.713,18.2005,18.6446,23047281.0,127.6617,129.714,126.7372,129.3513,45290489.0,162.4345,163.1858,160.9589,162.6499,66807276.0
2020-09-10,26.8978,27.2792,26.7365,27.0806,71456620.0,94.1633,95.9314,92.6324,95.4015,46211327.0,25.4049,26.0857,25.0066,25.9811,86115173.0,39.5664,40.5315,39.1641,40.1581,128065177.0,18.545,18.6295,18.4251,18.5742,9778987.0,129.5593,130.6726,128.1337,128.5123,11063319.0,161.8071,165.3625,159.6143,164.2408,169378417.0
2020-09-11,27.1657,27.6699,25.9634,26.531,185089122.0,94.8797,95.4431,93.1069,94.0259,40821427.0,26.0463,26.4754,25.5495,25.9267,27407887.0,40.0319,40.8776,38.0615,38.6531,297137672.0,18.464,19.0224,18.2438,18.8812,36538445.0,128.2871,130.9989,127.2749,130.2684,30647507.0,164.8033,165.4751,161.1645,162.5274,149909001.0
2020-09-14,26.6024,27.124,25.9651,26.8471,74524725.0,94.5432,97.1481,93.6213,94.8439,24474464.0,26.0045,26.9138,25.7144,26.4795,39373306.0,38.8083,39.7573,38.3145,39.6289,178771997.0,18.9661,19.1689,18.4859,18.5631,41563870.0,130.3722,131.5723,130.0851,130.7296,11533612.0,163.4946,163.81,161.6664,163.474,59056244.0
2020-09-15,27.0321,27.0727,26.8806,26.9472,50996985.0,94.8087,96.2376,94.0602,94.428,18535067.0,26.5477,27.3743,26.4045,26.9422,40391681.0,39.3528,40.564,38.9869,40.3092,95020988.0,18.61,18.6685,18.2049,18.3741,20906947.0,131.2654,131.9833,128.2379,128.9261,32021471.0,163.6461,166.451,160.6711,163.8217,70211390.0
2020-09-16,26.8319,27.4663,26.7456,27.2159,67313488.0,95.0399,95.5524,94.0933,95.3623,34636592.0,27.1124,27.9539,27.0591,27.5237,108058813.0,40.2189,41.568,39.8283,41.2349,53616456.0,18.3809,19.0305,18.1501,18.7239,37434308.0,128.6838,131.2666,127.8909,130.7503,46785644.0,163.8246,166.5726,162.9409,165.305,124664869.0
2020-09-17,27.188,28.0731,27.0876,27.1835,36756675.0,95.3169,97.2301,94.4947,96.4116,32233952.0,27.6587,27.9133,27.4565,27.6591,15612466.0,41.4629,41.8473,40.8785,41.7233,65315959.0,18.6983,18.939,18.5043,18.6455,15561759.0,131.2021,132.1098,128.83,129.4438,29366178.0,165.0028,167.1639,162.8898,166.0056,68341584.0
2020-09-18,27.0776,27.6828,26.5462,27.3939,98493517.0,95.6922,97.3873,93.4934,96.3183,15180350.0,27.7678,28.0231,26.2921,26.3966,200000000.0,41.6875,42.1089,40.5912,41.3074,40351848.0,18.6815,19.2684,18.6289,18.9806,25552472.0,129.1588,129.861,127.6234,128.9939,8541755.0,166.2596,169.3907,164.4255,167.1004,89185568.0
2020-09-21,27.5486,28.3515,27.357,28.2063,226386598.0,96.1476,98.9568,95.8321,98.2074,69609493.0,26.4222,26.7116,26.1778,26.6256,20422448.0,41.2558,41.4091,40.9157,41.0088,44499825.0,18.9953,19.2689,18.5919,18.7043,29478469.0,129.1113,130.2531,125.3453,127.0023,37644398.0,167.0931,171.6128,166.3403,169.0582,184396127.0
2020-09-22,28.1439,28.536,27.9767,28.3279,59943635.0,98.2064,100.372,97.2427,98.9604,28937638.0,26.7043,26.9239,25.8864,26.159,35366163.0,41.2818,41.599,40.2699,40.3627,66726198.0,18.7273,19.0785,18.5457,18.9535,26160476.0,126.4336,128.1466,124.4824,127.4595,10216551.0,169.4658,170.4554,168.2215,169.0732,26096693.0
2020-09-23,28.4726,28.9025,28.2228,28.6763,154172621.0,98.9859,102.0086,97.9365,101.5593,80534511.0,26.115,26.9827,25.5448,26.5523,33398685.0,39.9919,41.7894,39.3409,41.1459,167936763.0,18.9482,19.3618,18.7652,19.117,20563426.0,127.6652,132.1209,127.0526,130.082,63017294.0,168.2543,171.5325,166.2618,170.2655,83366329.0
2020-09-24,28.8606,29.8429,28.724,29.0896,157142158.0,101.8303,102.9519,101.1946,102.4862,17512072.0,26.5283,27.198,26.1493,26.9581,68344051.0,41.1114,41.6208,40.8231,41.3139,35675376.0,19.1589,19.3391,19.0748,19.1841,14392332.0,130.0096,131.35,129.4465,130.6959,17355361.0,170.4234,175.9233,169.9314,172.7546,143851823.0
2020-09-25,29.1427,29.6344,28.7094,29.5739,150163787.0,102.5564,104.0806,102.3144,102.7861,22732844.0,27.1488,27.5302,26.9412,27.0223,12200867.0,41.3011,41.6394,41.0649,41.3336,29452988.0,19.2564,19.5155,18.5504,18.7268,52246397.0,130.1226,130.9659,129.2508,130.2065,9286120.0,172.3466,173.968,171.4974,173.0424,54393912.0
2020-09-28,29.6121,29.6888,28.8926,28.982,173005494.0,102.6498,103.0266,102.4107,102.5892,19728891.0,26.9607,27.112,26.8337,26.9709,14641202.0,41.1783,42.1267,40.1929,40.7066,85357520.0,18.7962,18.9467,18.4897,18.5861,27293835.0,130.052,133.7828,129.7465,132.5943,71968581.0,173.5077,174.2331,168.9447,171.9422,65910020.0
2020-09-29,28.987,29.6127,28.8988,29.0521,62205598.0,102.2203,103.8465,101.2401,102.5727,11832720.0,26.9013,27.1427,26.8187,27.0161,14556088.0,40.9717,42.0969,39.8305,40.4959,23661692.0,18.6209,19.0475,17.7105,17.9968,79832372.0,133.1857,135.6351,131.7772,135.3746,53586495.0,171.3851,171.8378,170.0434,170.8068,179514828.0
2020-09-30,29.0115,29.4127,28.7367,29.323,90546997.0,102.4088,103.2468,96.976,97.2951,240000000.0,26.9761,27.2263,26.5634,26.9795,19055818.0,40.3222,41.1496,39.3959,40.5829,37107324.0,17.9965,18.1379,17.2038,17.596,45663695.0,135.5692,139.6596,134.8097,138.3916,74878297.0,171.1119,172.0172,168.8654,169.8849,88079876.0
2020-10-01,29.2665,29.6044,28.6922,28.8592,185364553.0,97.527,100.1284,95.6447,95.8884,55673495.0,26.9189,27.8453,26.792,27.0141,19986545.0,40.4112,41.0648,39.445,40.2013,42637668.0,17.628,17.8661,17.0785,17.1737,72570928.0,138.431,140.9815,137.981,140.4585,29331268.0,169.6048,169.9644,167.74,168.1485,91246419.0
2020-10-02,28.8405,29.3094,28.6919,29.2005,94484514.0,96.2131,99.2466,94.6942,97.4376,51772104.0,26.9628,28.3176,26.6248,28.0313,200000000.0,39.7344,42.4293,39.6236,42.1553,360000000.0,17.258,17.3561,17.0006,17.1034,11383581.0,140.6464,142.5092,138.6491,142.0945,19154443.0,167.9414,172.14,167.3013,170.6929,256339261.0
2020-10-05,29.4364,29.8814,29.1478,29.5253,119693483.0,97.1794,98.8096,95.1193,96.5143,55508186.0,28.0592,28.2669,27.7572,27.9468,7710902.0,42.3771,42.7471,40.9084,41.6502,65182745.0,17.0926,17.3581,17.0392,17.328,26422080.0,142.4565,144.3035,141.8808,143.4936,18585279.0,171.1045,171.9124,168.809,169.6991,68935844.0
2020-10-06,29.39,29.871,29.0001,29.5806,45964567.0,96.8977,98.8232,96.4676,97.8395,63920384.0,27.9783,28.5998,27.515,28.1099,16825102.0,41.5854,43.2377,40.6416,42.3497,49016047.0,17.3087,17.5168,17.2381,17.4508,14504060.0,144.0455,144.895,142.7595,143.8285,9528643.0,169.3164,171.8841,169.0576,170.8132,84187831.0
2020-10-07,29.6073,29.7886,28.407,29.0181,260233521.0,98.059,99.1037,94.7745,95.5345,91653760.0,28.215,28.7734,27.5265,27.8166,21929196.0,42.2842,42.9668,41.3112,41.6044,96428114.0,17.4861,17.6421,17.1833,17.2777,18593302.0,143.723,144.7923,142.8389,143.7586,10238299.0,170.088,170.8908,167.1681,168.3823,181079907.0
2020-10-08,29.1093,30.2966,29.0493,29.6258,172703446.0,95.2015,97.0339,94.8048,96.5994,34839108.0,28.067,28.163,27.4399,27.7692,20770729.0,41.5625,42.5334,40.3496,42.361,74571645.0,17.33,17.5092,17.0687,17.3094,8175607.0,143.9735,145.1214,142.8222,143.5126,7676712.0,168.417,170.2491,160.3837,162.6124,600000000.0
2020-10-09,29.5887,30.2962,29.4418,29.6821,33325995.0,96.6933,99.461,95.6248,97.0818,16714473.0,27.7274,28.155,27.3129,27.5223,20968061.0,42.6005,43.2519,41.9351,42.2333,29177030.0,17.3023,17.7796,16.8386,17.4654,23049591.0,143.6845,145.1903,140.5544,141.4387,38032885.0,162.308,163.6663,161.5298,163.1296,49522911.0
2020-10-12,29.7366,30.4757,29.3153,29.8021,58916407.0,97.2232,98.1065,95.6762,97.4546,29945576.0,27.5149,28.4918,27.3383,27.9165,59239861.0,42.5564,42.9258,41.4358,42.7015,28380933.0,17.4976,18.3828,17.3758,17.893,70710351.0,141.4768,142.4073,138.724,139.8254,28095283.0,162.497,165.9734,161.982,164.7544,88639334.0
2020-10-13,29.6051,29.9902,29.3104,29.9141,68597400.0,97.047,98.0089,96.1454,96.6849,32042279.0,27.7072,28.41,27.5403,28.1204,25898260.0,42.3534,44.2352,42.2409,43.9081,181477186.0,17.8316,18.0448,17.718,17.8932,12011831.0,139.7597,141.3707,138.9326,140.3642,8677399.0,164.918,166.2509,163.7583,165.1781,29544175.0
2020-10-14,30.0894,30.9461,29.4048,29.6067,133190521.0,96.1691,96.6441,93.317,94.2805,137806592.0,27.972,28.1159,27.1012,27.476,99590501.0,43.8122,44.1642,42.1413,42.3068,277993028.0,17.8924,18.3015,17.8484,18.2329,35198503.0,140.9327,141.3855,139.9554,140.6487,8331033.0,165.3139,165.8459,162.6249,163.1167,136167228.0
2020-10-15,29.7548,30.2433,29.5989,30.1428,116011604.0,94.4565,95.5551,93.3368,94.3775,10444815.0,27.4595,27.5382,26.8678,27.4287,27356965.0,42.0805,42.6824,41.9208,42.5201,30240494.0,18.3492,18.7385,18.0528,18.5809,42894432.0,140.7419,141.7967,140.3169,141.0636,15760308.0,163.1708,164.492,162.4569,164.2421,79822068.0
2020-10-16,30.1297,30.3444,29.8277,30.2526,36356746.0,94.2089,96.0452,93.3299,95.0693,34885895.0,27.4808,27.7506,27.372,27.6261,18323662.0,42.4752,42.7953,41.0624,42.253,29223081.0,18.6272,18.7108,18.4837,18.6162,18694137.0,140.6315,140.9055,139.0801,139.5563,26074267.0,164.4786,167.1649,163.3548,164.897,43433353.0
2020-10-19,30.1355,30.4765,29.3831,30.0651,75888463.0,95.637,97.837,95.4145,97.28,83537297.0,27.6817,28.226,27.3155,27.8936,18539069.0,42.2348,42.3693,41.8328,42.0022,43816458.0,18.567,18.7241,18.5022,18.5931,11635935.0,138.5385,140.9438,137.6297,140.2853,20637588.0,163.9671,166.7726,163.6997,166.3295,134632128.0
2020-10-20,30.1704,30.3901,29.6458,29.8214,85806449.0,97.9414,98.8297,94.6653,95.2361,96088801.0,27.9641,28.1687,26.7612,27.1638,100284649.0,41.6626,42.3305,39.8742,40.8027,169623133.0,18.5541,18.6086,18.3191,18.3759,17500825.0,140.623,142.2479,139.0053,140.2983,6698489.0,165.9701,166.4322,161.9635,164.3057,165023873.0
2020-10-21,29.6708,30.6126,29.3141,30.2544,82267242.0,95.4132,96.4679,94.9156,95.5442,23990394.0,27.304,27.4574,26.7783,27.2578,22430729.0,40.8738,42.1275,40.6638,41.0367,35556259.0,18.2826,18.6426,17.8945,18.4734,11760665.0,140.1462,140.7539,139.2629,140.2212,6021160.0,164.435,166.1209,163.4272,165.3066,80305104.0
2020-10-22,30.1207,30.9697,29.78,30.7775,129794382.0,95.9029,97.8132,95.4739,97.1113,56579932.0,27.4488,27.9847,27.3901,27.7676,45168880.0,40.9497,41.3217,39.8675,40.9412,22368030.0,18.5966,18.703,18.1167,18.5923,12615678.0,140.1674,142.519,139.7269,140.5041,10867428.0,165.7928,168.8035,162.2179,167.2064,156878955.0
2020-10-23,30.7703,30.9305,30.3468,30.4727,80474574.0,96.7206,98.2779,95.1089,95.8732,36765304.0,27.7399,28.0885,26.9189,27.3437,42734819.0,41.0924,42.5703,40.1446,42.0982,156342938.0,18.5167,18.856,18.4165,18.7941,30314983.0,140.6486,141.5335,139.4822,140.2391,11309740.0,167.3202,169.1081,164.9666,166.6793,65905997.0
2020-10-26,30.6774,30.7607,30.5417,30.6083,72944567.0,95.3718,96.3726,93.582,96.1012,21800127.0,27.2541,27.5692,27.1165,27.36,19428657.0,42.1043,43.1786,41.4812,42.5715,53371137.0,18.6005,19.0532,18.4416,18.9018,16570568.0,141.1113,143.7526,139.4502,143.2584,73473613.0,167.2323,170.1346,164.834,166.6482,44885229.0
2020-10-27,30.6948,31.3078,30.3044,30.9591,85973523.0,96.0477,98.4368,95.7863,96.3725,16560010.0,27.4335,27.7573,26.7316,27.2538,24125075.0,42.2277,43.2993,42.0155,42.6792,40290582.0,18.7933,19.0395,18.4093,18.9764,8893530.0,143.7479,148.3155,142.1426,147.2351,96000000.0,166.3285,166.9497,165.3247,166.6951,62396382.0
2020-10-28,30.8709,30.998,29.46,30.4167,131058678.0,95.8856,96.323,95.3404,95.5765,40277206.0,27.3583,27.5137,26.203,26.4201,115548307.0,42.8033,43.599,40.9972,41.8849,60355454.0,18.9805,19.2256,18.6349,18.8428,22961086.0,147.1511,149.8658,146.1085,149.0204,27220002.0,166.405,166.8899,164.2654,164.9408,74691118.0
2020-10-29,30.1919,30.8101,29.5212,30.2159,70898478.0,95.6924,95.9138,94.3329,95.0708,20594489.0,26.4348,26.6404,25.9122,26.0917,36722263.0,41.6205,41.9246,40.8141,40.996,80622988.0,18.7875,19.2265,18.6987,18.8639,12355811.0,149.295,150.6556,146.1215,147.5224,15526824.0,164.7671,166.1257,162.3802,163.9167,90895281.0
2020-10-30,30.2215,30.6362,29.2422,29.7573,88057449.0,94.7779,96.6236,94.1866,94.7086,22147443.0,26.0725,26.9507,25.9325,26.4151,26780332.0,40.7581,40.9024,39.8996,40.2968,119686581.0,18.8739,18.9647,18.0817,18.2704,107365679.0,147.2987,148.6291,145.8291,147.6945,5435460.0,163.8783,165.9308,160.6434,162.4673,95956399.0
2020-11-02,29.7904,30.3132,29.7016,29.9399,107053703.0,94.7797,95.8991,93.3699,94.7224,13815715.0,26.3606,26.6427,26.0591,26.4173,9607426.0,40.2365,42.3585,39.8763,41.77,253316419.0,18.2959,18.8741,18.2523,18.5771,48885074.0,147.9828,148.3152,143.9172,144.8154,65194535.0,161.6519,166.2874,160.4305,163.302,100464014.0
2020-11-03,29.9303,30.028,29.4729,29.6625,104465465.0,94.6578,94.8581,92.9105,94.2664,24743286.0,26.4128,27.3331,26.1019,26.8874,70148272.0,41.7138,42.3692,41.1323,41.6584,31181718.0,18.5297,18.8321,18.2459,18.5881,9741553.0,144.5155,146.1013,144.2651,145.425,14475829.0,163.2922,164.3934,162.353,163.3272,45875254.0
2020-11-04,29.8997,30.0548,28.2924,28.7769,289671078.0,94.5033,94.8352,91.6976,92.0251,79589781.0,26.9635,27.1105,26.1804,26.6015,17614257.0,41.3147,41.4909,40.1887,40.6325,153138169.0,18.5182,18.596,17.6431,18.1611,76210208.0,145.4919,146.2945,144.8345,145.9466,12476029.0,163.3114,164.624,157.6845,160.041,343830736.0
2020-11-05,28.7601,29.1867,28.4772,28.5836,52514648.0,92.1434,92.4234,91.2191,91.8176,15973144.0,26.5288,26.8028,25.9985,26.7353,20783887.0,40.6042,41.8763,40.1998,41.7701,224316513.0,18.2289,18.4287,17.9675,18.3638,12823656.0,146.0261,149.1843,145.5365,147.5306,18935033.0,159.7631,160.5886,159.3132,160.3454,72171269.0
2020-11-06,28.2974,28.8853,27.99,28.1345,99415730.0,91.6717,92.0794,89.978,90.9716,59152364.0,26.6478,26.7883,26.2709,26.5151,22926056.0,41.7526,42.2324,39.8928,40.8035,81682146.0,18.3862,18.5426,18.1741,18.2108,15178966.0,147.1402,148.9375,146.6589,148.556,11347359.0,159.9963,161.4367,156.7374,158.8552,105621517.0
2020-11-09,28.0841,28.599,27.578,28.4501,108589482.0,90.4828,93.7084,89.9335,91.9961,47730777.0,26.5803,27.1342,26.3647,26.6238,21241413.0,40.7789,41.1069,40.0921,40.9017,49636202.0,18.0124,18.4013,17.7713,17.936,36691641.0,148.3359,152.4275,147.745,151.0338,37933717.0,158.9775,160.5171,155.3687,159.0842,53232382.0
2020-11-10,28.5072,28.7297,28.2377,28.4016,38303358.0,92.055,92.8609,89.7159,91.0699,39041016.0,26.5316,27.652,26.3343,27.3004,72689888.0,40.5768,41.6679,39.692,40.5073,45194398.0,17.8235,18.2027,17.6728,17.809,25288233.0,150.2085,167.5535,149.3777,166.8026,96000000.0,159.3502,160.2106,158.2723,159.0069,37021908.0
2020-11-11,28.4501,29.5756,28.3087,28.9509,151855605.0,90.4473,94.5127,89.6734,94.0647,220330516.0,27.3173,28.2855,27.1599,28.0734,141162274.0,40.5349,41.2933,40.0057,41.0841,64736446.0,17.6788,18.0426,17.5064,17.8898,10150736.0,166.6433,168.84,164.9297,167.6722,9811356.0,159.0721,166.4033,156.7445,162.5059,425792482.0
2020-11-12,28.9284,28.9846,28.1356,28.3097,132022078.0,94.5273,95.246,92.8957,93.8982,20340151.0,28.0847,28.2757,27.7525,27.9136,19716345.0,41.2045,41.6982,39.4298,39.9081,158504970.0,17.8782,18.0091,17.6654,17.7587,15252931.0,168.1442,168.744,164.8183,166.7864,7456830.0,162.5716,163.2795,161.3222,161.9603,98467909.0
2020-11-13,28.2671,28.9418,27.8651,28.7032,128557652.0,94.0939,97.774,93.2311,95.8015,74293815.0,27.9137,28.7375,27.7418,28.3236,57405107.0,39.655,40.3732,39.5794,40.2693,63638544.0,17.7735,17.9275,17.3854,17.4324,40068059.0,167.6286,168.2654,166.936,167.8349,7540870.0,161.9435,164.1571,160.1353,163.1505,110769409.0
2020-11-16,28.4512,29.1551,27.9508,28.2822,138647542.0,96.1199,96.5273,93.8904,94.3935,61469468.0,28.2492,28.633,27.5034,27.8529,49472533.0,40.0652,40.5166,38.3953,38.9617,255254289.0,17.4202,17.4699,16.951,17.1019,31763415.0,168.4669,169.0344,163.3801,166.6982,7799345.0,163.1576,165.633,160.368,160.6846,229473229.0
2020-11-17,28.2929,28.5957,27.7379,27.9793,87234810.0,94.0339,94.6678,90.6288,92.2047,80010099.0,28.0514,28.5042,27.4235,28.0199,16351226.0,39.1069,40.1173,38.5795,39.1388,31763959.0,17.0579,17.0929,16.6706,16.8204,31194708.0,166.5363,168.9666,164.1639,167.3983,7361571.0,160.995,162.1192,158.4788,159.3839,69009054.0
2020-11-18,27.9375,29.1319,27.8077,28.6379,224401261.0,92.334,93.1964,91.9269,92.9223,44293174.0,28.0656,29.0854,27.9037,28.6636,82990745.0,39.432,39.8861,39.1096,39.5095,33905615.0,16.891,17.0653,15.7403,15.9437,144000000.0,167.3954,168.7284,160.8227,161.7239,96000000.0,160.1181,161.5199,159.2823,160.9744,212243661.0
2020-11-19,28.6694,30.5049,28.4353,30.0432,640000000.0,92.6788,95.1342,91.451,94.8261,79572289.0,28.6033,29.6802,28.0159,29.6136,166024254.0,39.4785,40.826,38.5892,40.5284,117053452.0,15.9646,16.6385,15.8496,16.359,50221241.0,161.6949,163.0617,156.1738,158.2775,96000000.0,161.657,165.3038,161.2039,164.6034,321060881.0
2020-11-20,30.1084,30.3334,29.3057,29.7019,99586598.0,94.8818,95.3534,92.5654,94.2466,32095470.0,29.6538,29.7661,28.8164,28.8803,83871444.0,40.4424,41.0525,40.3252,40.4624,19604949.0,16.298,16.7087,15.846,16.5439,21193063.0,158.1939,159.9902,157.4155,159.4843,26956811.0,164.0985,165.7863,162.0588,164.6134,42169943.0
2020-11-23,29.8649,30.4057,29.4123,29.9883,102508839.0,93.8769,94.0759,93.299,93.7247,37250320.0,29.0978,29.8046,28.702,29.303,32997025.0,40.5003,40.88,39.7342,40.3524,36679797.0,16.4866,17.1986,16.4343,16.8039,33163704.0,159.8763,162.2226,159.4947,161.6357,34552433.0,163.6313,166.0283,161.7498,165.3387,73560550.0
2020-11-24,29.8622,30.3538,29.0972,29.2733,169305465.0,93.694,94.8967,91.0609,91.4084,125314829.0,29.3138,29.8171,28.7289,29.1212,26842069.0,40.6118,41.0956,38.8102,39.5384,76030789.0,16.7516,16.9519,16.5813,16.6773,19315863.0,161.4113,163.9004,160.1669,163.4353,20270064.0,165.5874,167.358,161.5262,163.1665,195374564.0
2020-11-25,29.1067,29.3446,25.3941,25.5786,640000000.0,90.9136,91.8554,90.5093,91.7134,17329144.0,29.3046,29.558,28.6461,29.1466,11489726.0,39.3799,40.7298,39.2604,40.0828,57363014.0,16.6536,17.183,16.5835,17.0065,33328029.0,164.0345,165.7482,162.0057,162.8626,8979943.0,163.1764,165.231,162.7065,164.4881,81022213.0
2020-11-26,25.514,25.8077,25.1556,25.5782,46132277.0,91.6556,94.2733,89.6477,93.662,110838436.0,29.01,29.2313,28.6754,28.8026,26414891.0,39.9912,40.6125,39.0007,39.3276,110805069.0,17.009,17.0659,16.5578,16.8949,15305658.0,162.9196,167.5628,162.5801,165.0929,34446813.0,164.4601,165.7559,157.5879,158.9655,600000000.0
2020-11-27,25.4954,25.9022,25.2929,25.7214,86696293.0,93.0576,94.6532,92.5332,93.4372,30214673.0,28.7024,29.4263,28.1899,28.7449,18129399.0,39.2329,39.3992,38.0776,38.6055,98010029.0,16.9235,16.9895,16.6574,16.8368,11829000.0,164.6086,165.3019,163.1925,164.8686,12982324.0,159.1372,159.7803,157.9599,158.7847,34159122.0
2020-11-30,25.628,26.3451,25.2808,25.8813,67442424.0,94.0822,94.9501,91.6638,92.7266,18106805.0,28.4941,29.4845,28.4367,29.0197,26134426.0,38.348,38.9411,37.3262,38.7533,34642606.0,16.7801,17.0286,16.569,16.8977,13885952.0,164.8282,166.9038,161.604,164.7051,5784223.0,158.6748,159.5654,158.0305,158.8225,63887442.0
2020-12-01,26.0468,26.196,25.9617,26.0397,64894739.0,92.7852,95.2841,90.4896,93.634,33708742.0,29.2554,29.4019,28.612,28.6987,18963813.0,38.9098,39.706,37.9816,38.5773,27027651.0,16.8041,17.2087,16.7507,16.8464,9199093.0,164.904,166.01,164.3126,165.1956,9390330.0,158.095,160.3247,157.4412,159.3793,43244479.0
2020-12-02,26.0568,26.1765,25.4796,25.7458,82691304.0,93.6361,94.2791,92.1474,92.5087,44493716.0,28.4995,28.8416,27.6122,28.2773,31891025.0,38.6249,39.5154,37.3465,37.7298,114247993.0,16.8735,16.9039,16.5733,16.667,29740089.0,165.6027,167.9482,163.5688,166.9492,23723258.0,158.8643,161.0227,154.9754,157.1448,161102394.0
2020-12-03,25.9707,26.0492,25.6335,25.9995,124204357.0,92.7553,93.4519,90.4817,91.5458,34208465.0,28.2975,28.6873,27.9072,28.0531,27207174.0,37.372,37.8813,37.2425,37.4107,34715099.0,16.7237,17.2745,16.6254,17.0952,67583320.0,167.2668,167.9735,165.2781,166.416,9428196.0,156.6642,160.1463,151.8245,152.4421,600000000.0
2020-12-04,25.9991,26.1105,25.1005,25.1555,229965355.0,91.0787,91.7069,87.7948,89.6395,59930203.0,28.2534,28.7449,27.3328,27.6548,36569773.0,37.4087,38.2107,36.3406,36.7838,81728056.0,17.2153,17.3227,16.7513,16.9566,23413262.0,166.2835,170.0298,165.219,169.1151,27065497.0,152.7304,153.3226,149.1892,149.7609,257936604.0
2020-12-07,25.0259,26.0271,24.4629,25.6136,170277386.0,89.3644,90.441,88.9433,89.2621,18208087.0,27.765,27.8904,27.3296,27.4946,20477296.0,37.0738,37.6264,35.3108,36.0192,67605060.0,16.9848,17.0626,16.6751,16.9208,9998617.0,168.8944,170.2286,167.8981,168.9838,6742867.0,150.5636,151.1448,145.368,145.5973,600000000.0
2020-12-08,25.5225,26.5671,25.4749,26.2147,211685515.0,89.449,90.0852,86.9684,88.6644,17303755.0,27.537,27.7969,27.254,27.3802,19879765.0,36.0661,36.3976,35.1815,35.2566,129970178.0,16.8703,17.3467,16.7806,17.2568,30742870.0,169.7222,170.5617,166.1994,168.5294,6471362.0,145.4035,147.6303,144.8743,145.3615,66930310.0
2020-12-09,26.3334,27.295,25.9241,27.0207,329168033.0,88.7207,90.0733,87.3535,89.38,38572436.0,27.5245,27.9974,27.2291,27.433,17705812.0,35.5248,35.5837,34.8231,35.1893,29307509.0,17.3,17.4065,17.1254,17.3529,11689953.0,168.5407,169.5709,168.0287,168.778,13907598.0,146.4373,147.7154,144.7473,146.7125,123962952.0
2020-12-10,26.886,28.7684,26.824,28.3388,640000000.0,89.1271,91.4461,88.6797,90.2024,46640552.0,27.358,28.6111,27.2047,28.1526,94172933.0,35.0963,36.1171,34.8145,35.7885,71929193.0,17.3422,17.4643,17.0547,17.4074,14810012.0,168.2966,170.2262,165.7583,166.7771,31423484.0,145.9259,150.1803,145.0822,148.7906,152361671.0
2020-12-11,28.4086,29.9352,28.1308,29.2594,381156101.0,90.4328,93.1791,89.3581,93.0315,240000000.0,28.2123,29.1553,28.0951,28.8965,40358011.0,35.9523,37.7155,35.3834,37.4393,360000000.0,17.3118,17.5191,17.0014,17.2043,20909392.0,166.5313,167.3128,162.4383,163.8274,72866068.0,148.5766,151.6381,147.437,151.0351,194533687.0
2020-12-14,29.2134,29.3659,28.8319,28.9661,98223226.0,93.1424,94.1962,87.6828,88.5335,240000000.0,28.8832,28.9541,28.6725,28.7799,18198731.0,37.6726,38.1137,36.8347,37.2957,30622810.0,17.2009,17.2365,16.3991,16.7797,41108587.0,163.0194,166.5771,162.1157,165.4835,17482236.0,151.1136,151.4895,149.2894,149.8463,65932454.0
2020-12-15,28.8475,29.7126,28.6156,29.4094,101154490.0,88.7099,89.5618,86.4533,87.7537,34578796.0,28.7642,28.9826,28.4732,28.8841,15715051.0,37.2829,37.8431,36.6034,36.8073,58017601.0,16.7991,16.8344,16.4817,16.7072,14194637.0,164.8057,168.7058,163.5944,166.2208,9992943.0,148.7662,149.9165,148.509,149.5421,41351310.0
2020-12-16,29.5898,29.7316,28.9308,29.0365,108192643.0,87.8885,88.0791,86.5849,87.0736,38922191.0,28.9067,29.1033,27.554,28.2094,78128764.0,36.7359,38.0893,36.6774,36.8054,34219427.0,16.8055,16.8868,16.3019,16.5637,17152691.0,165.999,169.0487,164.9577,168.5487,57467319.0,150.1887,151.3972,146.91,147.9515,120098163.0
2020-12-17,28.9612,29.2866,28.4014,28.8347,77037338.0,86.8403,86.9914,84.8179,86.0407,38560486.0,28.3455,28.8207,28.1199,28.2403,19417094.0,36.9971,37.4784,35.8671,36.2597,83050683.0,16.5685,16.8517,16.5328,16.6708,14715174.0,168.211,169.0198,165.3305,165.8698,57306664.0,147.6616,148.6413,146.062,146.6476,130858554.0
2020-12-18,28.7296,28.9914,28.3326,28.6106,58806239.0,86.015,87.2499,82.9574,84.6067,46736566.0,28.4221,28.5295,27.6972,27.9476,22515609.0,36.3523,36.7619,35.2402,35.308,159765943.0,16.6152,17.1026,16.537,16.8251,12653383.0,165.5831,166.3489,164.3936,166.077,8490184.0,146.6616,147.1303,144.6318,145.4114,112120021.0
2020-12-21,28.6007,29.2438,28.3553,29.009,127584913.0,83.9904,87.2679,83.5426,86.3158,65524074.0,27.9171,28.4804,27.7963,28.3554,40354481.0,35.4675,36.017,35.2253,35.5522,40744448.0,16.6956,16.764,16.2978,16.4612,33623353.0,166.3996,166.9072,164.133,164.7451,24034251.0,145.5963,147.5671,144.9903,146.1633,66408533.0
2020-12-22,28.9441,29.3067,28.4402,29.1296,63684656.0,86.1424,86.9218,85.6799,86.3055,17359925.0,28.2292,28.9918,27.4177,28.6002,29021454.0,35.6217,36.3494,35.1457,35.4182,29002521.0,16.3786,16.7165,16.3112,16.4586,8715651.0,165.1083,169.2031,163.7398,166.5547,39482767.0,145.5055,146.8587,145.066,146.3507,38994898.0
2020-12-23,29.4155,29.9505,29.0517,29.1646,39015455.0,86.2222,86.4809,84.1934,85.895,19807880.0,28.5044,28.8693,28.2052,28.3597,23576297.0,35.4049,35.4972,34.6256,34.9021,82019044.0,16.3933,16.6464,16.2243,16.2977,16088948.0,166.0666,168.5767,165.5506,168.0032,26983564.0,147.3633,148.3896,143.2206,145.4046,98985943.0
2020-12-24,29.3013,29.3918,28.3096,28.5428,141318433.0,86.1073,86.785,84.6605,86.2986,26487861.0,28.5868,28.7818,27.9498,28.3402,10401051.0,34.8875,35.5144,33.56,34.1906,72735660.0,16.4093,16.4931,16.0341,16.107,20298749.0,168.8058,170.2784,166.9071,168.6931,13946654.0,145.4597,146.3714,144.621,145.0174,47240184.0
2020-12-25,28.4686,28.9298,27.9546,28.0537,116165412.0,86.4728,86.626,85.4253,86.2374,12385102.0,28.5126,29.044,28.1733,28.5996,19793508.0,34.1333,34.3494,33.6123,33.8737,69680515.0,16.0944,16.3287,15.4169,15.9767,22056086.0,168.7359,169.5508,166.4214,167.3169,23258696.0,144.8775,147.4035,143.5135,144.4677,72931781.0
2020-12-28,27.995,28.3286,27.4862,28.099,50687553.0,85.9824,87.6125,85.1048,86.9866,29955224.0,28.4721,29.649,28.0455,29.0751,45528700.0,33.9378,34.3205,33.739,33.8772,29697673.0,15.9708,16.2778,15.2548,15.5285,60877008.0,167.3202,168.2058,164.8605,167.2807,6223069.0,144.0134,145.2385,143.7716,144.5424,49481358.0
2020-12-29,27.8499,28.5354,27.4758,28.2867,67766114.0,86.7219,87.8954,86.0067,87.1394,20827867.0,29.2735,29.358,29.0074,29.2051,16292998.0,33.8488,35.2135,33.1884,34.6291,133759261.0,15.5987,15.6951,15.2632,15.6435,13522949.0,166.9473,167.2676,165.6409,166.4651,12375571.0,144.6263,145.6911,144.2837,145.2487,90025716.0
2020-12-30,28.3039,28.5352,28.1921,28.2659,65405917.0,87.589,88.8605,86.4844,88.656,63376904.0,29.1201,29.7972,28.7675,29.4073,14047846.0,34.6706,35.6505,34.4458,34.9363,48644355.0,15.6821,15.851,15.4393,15.5513,13348948.0,166.3392,168.7749,163.9587,168.1923,26682167.0,144.6013,146.9618,143.8931,146.5402,84809781.0
2020-12-31,28.173,28.9575,28.113,28.5559,80213930.0,88.5535,89.4826,82.0864,83.5021,240000000.0,29.4875,29.9718,29.3552,29.6445,20244457.0,34.8057,35.1469,34.0678,34.235,86817424.0,15.5347,16.0282,15.3925,15.7688,21480697.0,169.0542,169.8188,167.8563,168.2244,7295248.0,146.598,154.6973,146.2827,151.0952,600000000.0
2021-01-01,28.567,28.8327,27.9094,28.2212,78401179.0,83.5397,84.3636,81.9791,82.5311,48240759.0,29.5581,30.1427,29.189,29.2341,27527607.0,34.0975,34.4077,33.8012,34.2365,31390797.0,15.843,15.9259,15.4616,15.6076,19876603.0,167.7667,171.4513,167.4991,168.5507,9405812.0,151.6946,152.4222,147.7367,149.7533,105748135.0
2021-01-04,27.9776,28.7726,27.485,27.6143,227109663.0,82.7867,83.7201,80.6584,81.2459,58133388.0,29.4941,30.045,28.4472,28.6107,80253093.0,34.3311,34.4792,32.6258,32.7231,306624258.0,15.564,15.9599,15.5386,15.8639,42129754.0,168.6642,172.2039,167.8251,170.3621,22699106.0,150.2487,150.7116,146.1952,148.008,131780435.0
2021-01-05,27.611,27.9303,27.5308,27.716,44131409.0,81.2205,82.4894,79.5137,80.2984,23874315.0,28.544,28.6891,28.2475,28.3273,19632703.0,32.7832,33.1737,32.691,32.8188,25660947.0,15.8824,15.9518,15.3786,15.5963,31982502.0,170.1294,172.2035,163.9322,166.4112,54375393.0,147.775,148.6842,144.2417,147.3004,57755214.0
2021-01-06,27.9244,28.0988,27.4318,27.6678,40559086.0,80.2505,81.3101,79.6888,80.3345,19091987.0,28.2058,28.8182,27.7611,28.5327,33229699.0,32.7522,33.2555,32.3432,33.1357,43343098.0,15.5163,15.8587,15.3947,15.6615,14304918.0,165.6541,168.5033,164.8862,168.2361,28577060.0,147.1842,147.5864,145.136,147.0087,42803334.0
2021-01-07,27.6744,28.0902,27.5644,27.9364,69738694.0,80.2348,82.5849,80.0188,81.4018,40499678.0,28.4794,28.6862,28.3437,28.4403,29864093.0,33.352,33.4943,32.7089,32.7599,36080537.0,15.6782,15.9458,15.4569,15.5289,10307243.0,167.5863,168.7474,165.8414,167.1296,14844217.0,147.2345,148.8657,146.7816,147.5853,45233397.0
2021-01-08,27.8411,28.4922,27.1751,27.6562,41201198.0,81.2388,81.6868,79.4898,80.1524,46923671.0,28.7478,29.0556,27.594,27.9488,40891048.0,32.6331,32.9334,32.3461,32.726,30925601.0,15.5938,15.7253,15.3908,15.4586,14056461.0,167.3869,167.9621,166.0015,167.2208,7254421.0,148.0807,149.5016,145.1248,146.2993,85678928.0
2021-01-11,27.6537,28.0384,27.0573,27.8983,91548017.0,80.1975,82.0693,79.1555,80.8098,24932119.0,27.9786,29.1634,27.6768,28.6583,73855734.0,32.7937,33.5313,32.1842,33.3709,117014120.0,15.5139,15.5901,15.4673,15.5371,20701064.0,166.4965,172.8751,165.2719,170.5748,96000000.0,146.9364,149.6144,145.0766,147.4324,110906519.0
2021-01-12,27.8904,28.1772,27.6456,27.7459,80622473.0,80.2321,81.3112,78.9597,79.503,44378063.0,28.5379,28.9017,28.4895,28.6539,17568108.0,33.4432,34.3025,32.9569,33.7767,34705622.0,15.5946,16.0127,15.5464,15.8968,54158241.0,170.0448,174.5556,169.4361,172.5455,28267975.0,148.115,149.5196,146.8986,147.2746,57609787.0
2021-01-13,28.0154,28.0774,27.2988,27.5887,81273507.0,79.3901,79.5691,77.2286,77.8501,85951683.0,28.5615,28.9763,28.4872,28.9031,33935829.0,33.7853,34.2005,33.0955,33.715,25000177.0,16.0859,16.1289,15.1049,15.259,144000000.0,172.9032,175.5464,170.6698,174.8725,26538225.0,146.8856,147.3584,144.5704,145.7883,129615662.0
2021-01-14,27.5482,27.6575,27.061,27.524,82521709.0,78.0158,78.8745,76.4429,78.1399,25049831.0,28.697,29.639,28.5585,29.221,27034398.0,33.9173,33.9724,33.7016,33.9201,34791473.0,15.2423,15.314,14.9027,14.9658,43959685.0,175.1817,176.0189,174.259,174.846,7964147.0,146.0998,146.8532,144.8125,146.296,55925318.0
2021-01-15,27.3783,27.7201,27.2805,27.5307,65065323.0,78.2704,79.6513,77.5944,78.8022,32545772.0,29.2857,29.3468,28.8207,29.0301,19869183.0,34.1819,34.4905,33.8818,33.9559,28626163.0,14.9105,15.0528,14.8073,14.8303,28463287.0,174.8718,177.3931,173.7321,176.2046,16909385.0,145.7234,146.6466,144.9556,146.1904,43261799.0
2021-01-18,27.5333,28.4143,27.1615,27.889,97347790.0,79.2413,81.9084,78.9489,80.4096,97241065.0,28.8818,29.9473,28.3746,29.6594,59288755.0,33.7718,35.1728,33.0293,34.6939,119776434.0,14.858,14.997,14.5255,14.6978,26749126.0,175.6823,177.8838,174.9591,175.7083,12179387.0,145.9986,148.2898,145.3628,147.5787,159224652.0
2021-01-19,27.9131,28.3633,27.6312,27.7413,83141679.0,80.6752,81.1186,79.2339,79.8285,33090935.0,29.794,30.6732,28.8083,29.2003,34779474.0,34.3229,34.7633,33.1772,33.5697,186523124.0,14.6449,14.7262,14.2502,14.5006,20583003.0,175.1859,178.3589,174.2586,176.5075,9738151.0,147.0883,147.4759,143.8184,145.5221,225060279.0
2021-01-20,27.8102,27.9151,27.6171,27.7701,45975210.0,79.9569,82.0444,78.4393,81.4975,48234996.0,29.2949,30.0998,28.5279,29.8347,83225685.0,33.4922,35.4198,33.0925,34.7762,294150214.0,14.4335,14.8315,14.4081,14.6462,27747846.0,175.9196,181.3601,173.3241,178.0245,14880590.0,145.0471,147.4621,143.9549,147.1409,69071316.0
2021-01-21,27.8628,27.9179,26.5615,27.4771,81212970.0,81.5067,82.1946,77.8416,78.6604,194780530.0,29.8225,30.0594,29.2766,29.5652,27730772.0,34.6151,35.0141,34.2093,34.7167,28149929.0,14.6311,14.7054,14.3853,14.4323,40949943.0,177.9646,179.8704,177.4273,178.0139,5795225.0,147.2419,147.4964,144.4319,144.8278,177928018.0
2021-01-22,27.7151,27.8825,26.9731,27.6842,60581121.0,78.5192,81.3466,78.055,80.005,80624350.0,29.7153,29.8946,29.1839,29.3522,19441024.0,34.6451,35.4445,34.583,35.1147,43805968.0,14.5498,14.6944,14.3633,14.4132,7100007.0,178.3017,179.9431,177.4252,178.0982,4522189.0,144.544,146.3239,142.3117,145.7553,71044548.0
2021-01-25,27.6116,27.8474,27.1906,27.6135,48876482.0,80.1637,80.5329,78.4938,79.7981,14603036.0,29.4637,29.5533,29.1752,29.2235,19239317.0,35.4179,35.9811,35.2945,35.4139,44837156.0,14.4539,14.6601,14.3966,14.4915,14788743.0,177.908,178.8579,177.5151,178.5084,7763039.0,145.8738,146.877,144.8132,145.3189,82902349.0
2021-01-26,27.53,27.8806,26.9986,27.4505,71300120.0,79.8998,82.0894,79.5423,80.2463,12733528.0,29.2423,29.6321,28.9814,29.2638,13809461.0,35.868,36.0812,35.2797,35.7389,32166099.0,14.5141,14.9145,14.2894,14.8797,78155973.0,178.9068,182.299,177.8231,180.189,29904779.0,144.8218,148.5013,142.9673,146.1212,86337173.0
2021-01-27,27.227,27.3314,26.7131,27.2249,114300469.0,80.1281,81.2154,77.0003,77.725,240000000.0,29.172,29.4834,28.5729,28.6653,116598261.0,35.5792,36.5652,34.4135,34.8275,119499733.0,14.7781,15.2471,14.7307,14.8714,5109818.0,180.9215,181.6733,178.6081,180.4522,6533519.0,146.3218,147.3651,143.0601,143.8754,147951507.0
2021-01-28,27.3044,27.4991,26.3612,26.4037,423180285.0,77.4601,78.24,74.3122,75.4206,175679411.0,28.7139,29.3564,28.0499,28.1006,55397514.0,34.8644,35.3705,33.8972,34.6287,33999505.0,14.8335,14.9671,14.653,14.6916,20314117.0,180.6301,182.4617,179.2559,181.8787,11979303.0,143.7,144.7607,140.6627,141.6498,254949026.0
2021-01-29,26.3006,26.8567,25.8651,26.0485,90976807.0,75.4048,76.2552,73.9638,75.041,20386323.0,28.1476,28.8471,27.5005,27.6957,47811387.0,34.6617,34.8173,34.3602,34.639,21638320.0,14.7781,14.8739,13.9148,14.0176,144000000.0,181.3052,184.049,178.8496,182.7988,10524222.0,141.5327,142.4188,133.4468,136.6465,600000000.0
2021-02-01,26.1512,26.6023,25.9199,26.3955,83187739.0,75.3833,77.5691,74.9551,77.3866,138981169.0,27.7515,28.2457,27.5671,27.9531,30123167.0,34.6957,35.5386,34.218,35.1527,118449613.0,14.0021,14.2991,13.9563,14.1588,17524217.0,182.8384,184.0093,180.6898,183.6976,12477595.0,136.1437,139.085,133.7908,138.3279,184513500.0
2021-02-02,26.3383,26.4475,24.0063,24.09,640000000.0,77.4202,77.7873,74.9104,75.9611,79457989.0,27.9621,28.2744,27.0635,27.4879,45182905.0,34.9258,35.0055,33.2351,33.5653,360000000.0,14.2866,14.3159,13.7347,13.8349,69909807.0,184.3252,189.7441,183.6287,187.8609,78779005.0,138.7281,139.9313,133.804,135.3934,320340487.0
2021-02-03,24.2741,24.693,24.1451,24.5108,178690406.0,75.9696,76.8574,75.7573,76.7217,39642870.0,27.5248,27.9677,27.117,27.7984,34875864.0,33.7618,34.6826,33.4578,33.9108,49739538.0,13.8603,14.3599,13.6918,14.1512,51031822.0,187.5625,188.7106,184.5866,185.6939,26688167.0,135.4474,137.1888,134.0716,136.8091,180143152.0
2021-02-04,24.3563,25.0302,24.0246,24.9704,211218171.0,76.8497,77.896,75.1464,77.6621,45207243.0,27.8328,27.904,26.774,27.1011,93019123.0,34.0556,34.393,34.0031,34.2414,50893105.0,14.1425,14.3193,13.9379,14.2356,16966649.0,185.3863,186.7502,183.0305,183.3815,31176116.0,137.0186,139.5229,135.8887,138.4985,164024923.0
2021-02-05,25.0833,25.4477,23.9388,24.3461,229850030.0,77.8094,78.6435,75.4743,75.985,82890842.0,27.2526,27.469,25.7064,26.1961,200000000.0,34.1638,34.392,33.5384,33.6387,86786692.0,14.2173,14.4031,13.3786,13.5979,144000000.0,183.9089,185.0665,179.5625,181.2334,26794957.0,137.9982,138.9571,136.6173,136.9522,114120269.0
2021-02-08,24.4434,25.6557,24.2872,25.4619,640000000.0,76.0595,78.5961,75.3268,78.353,123898639.0,26.0598,26.9035,25.5747,26.7987,70876374.0,33.8349,37.2276,33.5818,35.8916,360000000.0,13.5943,13.793,13.3251,13.524,27291823.0,180.5788,180.8903,179.118,180.0205,14324860.0,137.2148,141.5006,135.8767,140.3294,548787466.0
2021-02-09,25.5211,26.7707,25.4137,26.093,287673640.0,78.34,80.1624,77.1989,79.9636,76906903.0,26.689,27.2304,25.97,27.1409,18114279.0,35.6479,36.3835,35.4171,36.1394,56491765.0,13.4439,13.6907,13.3742,13.5608,15463463.0,180.1106,180.4156,175.91,177.6954,48113354.0,140.3457,142.4571,138.9798,142.1195,148189779.0
2021-02-10,25.9648,26.292,25.7389,25.8543,58535285.0,79.8038,80.7487,78.1034,78.2615,110707465.0,27.1492,27.7252,26.9439,27.119,25161404.0,35.8514,36.3449,34.8005,35.511,94845108.0,13.615,13.7619,13.1213,13.243,55889969.0,177.4191,178.4658,176.1697,177.8119,7441258.0,141.9198,142.4263,138.1223,140.3556,129545102.0
2021-02-11,25.9149,26.1712,24.8198,25.089,363420760.0,78.5718,79.3334,76.487,76.9837,50403877.0,27.0347,27.1367,26.1295,26.3538,98337588.0,35.5555,35.6625,35.0557,35.4136,17900110.0,13.267,13.3458,13.1847,13.2202,10496540.0,177.618,179.2924,176.0508,177.9522,5936594.0,140.9045,141.3852,136.6771,138.298,144908891.0
2021-02-12,25.1031,25.169,24.7362,25.0617,59288035.0,76.8544,77.7283,76.4488,77.4358,29892409.0,26.3766,26.6005,26.2901,26.4154,16637475.0,35.4858,36.0038,34.8592,35.4194,30740113.0,13.2063,13.5468,12.9917,13.2378,9149196.0,178.7176,180.1129,175.8084,176.9021,16090373.0,138.4583,139.0375,136.5307,138.4967,41223514.0
2021-02-15,24.8602,25.0494,24.0359,24.1747,578770998.0,77.9167,78.6822,75.5552,76.3759,42527768.0,26.2953,26.5702,25.9437,26.0202,36140686.0,35.392,35.967,34.3504,34.4153,124411014.0,13.2317,13.5936,13.046,13.4876,30470190.0,176.6879,179.605,175.9822,177.8175,11993734.0,138.6745,139.8779,134.8188,136.6081,173820425.0
2021-02-16,24.3414,24.6029,23.8786,24.5615,126673943.0,76.4224,78.0314,75.1928,77.5284,62974884.0,25.9186,26.5923,25.7126,26.4556,39841989.0,34.5958,35.0538,34.3651,34.7649,40846025.0,13.5323,13.8296,13.2669,13.6609,18670040.0,177.872,179.5883,176.535,176.8188,13109031.0,135.8493,139.3414,134.577,138.4266,203525498.0
2021-02-17,24.5241,25.0597,23.5643,23.768,640000000.0,77.5445,79.0211,74.8083,75.5154,95661154.0,26.6797,27.2753,25.7172,26.306,15716842.0,34.6571,35.2237,33.0717,33.7335,213641239.0,13.7749,14.0681,13.2589,13.3974,52621269.0,177.279,178.2794,176.645,176.9144,9048108.0,138.8515,140.8986,135.2598,135.4646,295174627.0
2021-02-18,23.9237,24.1856,22.544,22.8774,640000000.0,75.7417,76.5014,73.248,73.447,137121761.0,26.2813,26.3207,25.6201,25.6671,50386135.0,33.926,34.6337,32.209,32.7559,100310911.0,13.4817,13.6623,13.0623,13.1994,23510937.0,176.3437,180.4203,175.4146,178.1012,20415839.0,135.6366,137.1468,130.303,132.8402,231146617.0
2021-02-19,22.8705,22.9478,22.5995,22.818,52522610.0,73.2583,74.608,72.4636,72.8969,32725589.0,25.5443,25.8794,25.3837,25.4721,20048438.0,32.8781,33.1162,32.6462,32.7788,39617885.0,13.2094,13.646,13.0248,13.463,49388934.0,178.4767,178.9472,175.9228,177.058,9969335.0,133.3071,135.3415,132.4982,132.9537,46255134.0
2021-02-22,22.917,23.4055,22.7224,22.972,66174206.0,73.0618,73.7585,71.672,72.4875,21357939.0,25.4601,26.1729,25.2382,25.4556,16363209.0,33.0686,33.705,31.6948,32.1728,99078045.0,13.4177,13.4551,13.0763,13.111,60688137.0,176.8582,178.7538,176.5857,177.8262,17001894.0,132.7305,133.0429,130.8153,131.8761,89699860.0
2021-02-23,22.8851,23.2099,22.7897,23.0716,70210633.0,72.5204,74.015,72.3911,72.6991,22509172.0,25.5638,25.8575,25.2,25.2678,15636629.0,31.9045,32.3117,31.5892,32.1493,28119627.0,13.0289,13.0806,12.8298,12.8753,30923737.0,177.2535,181.1502,176.2594,180.3343,34337371.0,131.6097,131.9429,130.1878,130.9476,78790297.0
2021-02-24,23.0934,23.1893,22.8955,23.0095,51983143.0,72.8168,73.2764,71.103,71.7991,42227404.0,25.3929,25.533,25.0185,25.2347,17136128.0,32.0756,32.4249,31.4599,31.8184,58680025.0,12.8818,13.0274,12.6108,12.7477,18873625.0,180.1107,183.2589,177.5804,182.0087,19507430.0,131.5485,132.921,128.2089,130.0262,69060447.0
2021-02-25,23.0241,23.3795,22.9521,23.2378,118102435.0,71.6061,72.3233,71.1762,71.5548,21112346.0,25.0842,25.2909,24.7147,24.8991,65352281.0,31.6825,32.0752,30.9891,31.7534,37473681.0,12.7069,13.0874,12.6015,12.6965,20762999.0,182.0372,183.9459,180.5039,183.1373,10680351.0,130.38,131.0421,128.4775,129.6829,43801254.0
2021-02-26,23.2047,23.6358,23.1292,23.3397,43076201.0,71.3598,72.9983,69.4445,70.5758,39705383.0,24.821,25.4487,24.6876,25.2481,40868972.0,31.8702,32.099,31.5851,31.6796,30269949.0,12.7046,12.8842,12.5801,12.837,47281814.0,183.2482,183.7148,178.7346,181.4375,24089606.0,129.1588,131.4798,128.5603,129.9683,39233766.0
2021-03-01,23.2505,23.4056,22.3935,22.8268,187465989.0,70.0684,71.3621,69.2702,69.8758,45152763.0,25.2712,25.4248,24.7602,24.8549,30612965.0,31.9159,32.1576,31.1314,31.2294,74366109.0,12.8523,13.037,12.7202,12.886,11917400.0,181.0954,184.474,178.5309,179.8794,12888332.0,129.9743,131.5589,128.3448,128.7073,73805474.0
2021-03-02,22.5202,23.0988,22.3085,23.0292,94992134.0,69.7501,72.021,69.2895,71.8578,109523687.0,24.8515,25.3003,24.639,25.2437,47299004.0,31.1746,32.5705,30.5289,32.0415,98671288.0,12.9239,13.0184,12.6478,12.9404,11996272.0,179.7815,183.6188,177.7691,182.7796,50590331.0,129.0809,131.4111,128.6504,129.766,106568980.0
2021-03-03,22.9435,23.0575,22.0834,22.1772,640000000.0,71.7137,71.9806,69.6568,70.7806,55812109.0,25.0788,25.2179,24.0601,24.421,197500352.0,32.1324,32.5412,31.2666,31.6381,67635449.0,12.8785,13.0594,12.5226,12.9263,13585842.0,182.1392,183.64,181.5956,182.6895,10553095.0,129.8315,131.1444,128.0632,128.5528,125866324.0
2021-03-04,22.2459,23.6308,22.0665,23.4407,640000000.0,70.5949,74.3263,70.1565,73.2738,186171195.0,24.2776,25.7319,23.9849,25.4177,200000000.0,31.8547,32.8463,31.5311,32.6885,228715837.0,12.8795,13.284,12.8277,13.2186,52803949.0,182.364,184.8972,179.3223,180.6412,23305320.0,128.3526,132.5814,126.6205,132.3728,600000000.0
2021-03-05,23.297,24.3381,23.0335,24.2233,323065478.0,73.2405,76.8516,73.0258,75.8426,223686799.0,25.3068,26.3708,24.6702,26.1679,121141392.0,32.7389,33.5266,32.2702,32.8085,44663117.0,13.2016,13.3529,12.9961,13.3047,13502862.0,180.0223,185.6412,178.776,184.436,96000000.0,132.1221,137.2766,131.649,134.5686,272059048.0
2021-03-08,24.0968,24.7677,23.7675,24.7181,114261449.0,75.8618,79.4445,74.6965,78.0557,173042533.0,25.9788,27.0326,25.8312,26.7807,87006175.0,32.9174,33.4397,32.2555,33.2693,62534251.0,13.3189,13.5172,12.8897,12.9301,90531326.0,184.3992,185.8711,181.7793,185.1257,10483468.0,134.5931,137.3355,133.878,135.5931,91043086.0
2021-03-09,24.5622,25.5107,24.4961,24.8138,45914435.0,78.2094,79.4612,76.9626,77.2615,33389423.0,26.7305,27.3468,24.5869,24.7561,200000000.0,32.959,33.2739,31.9784,33.0979,37010378.0,12.9407,13.0932,12.6558,12.9738,15328631.0,184.7355,187.2129,182.4349,183.1935,16217365.0,135.9862,138.0752,134.9526,135.7164,51015964.0
2021-03-10,24.8367,24.9666,23.3332,23.9644,341165681.0,77.4338,78.8526,73.9156,75.4458,46721190.0,24.8775,25.3871,23.7219,24.3547,52846945.0,33.3436,33.9696,31.9897,32.5359,58159377.0,13.1115,13.1564,12.8489,12.9324,11760351.0,184.1537,187.1059,182.591,186.0933,44022375.0,135.334,137.2206,135.0893,136.4109,64350015.0
2021-03-11,23.8702,24.1539,23.7735,23.9321,55074442.0,75.6393,77.0046,72.3374,74.5315,29787305.0,24.2883,24.5737,24.1446,24.3996,17006067.0,32.49,32.8961,32.0768,32.4483,29303189.0,12.8133,12.8767,12.7902,12.8314,16641672.0,186.2729,187.8819,179.8552,182.8057,52495186.0,135.5881,136.8494,134.5967,136.4569,34466825.0
2021-03-12,24.0612,24.1395,23.1226,23.4372,192640504.0,74.735,75.602,70.9383,73.0595,43890489.0,24.508,24.8428,23.739,24.0857,30200043.0,32.8602,32.9669,31.0995,31.4257,219834235.0,12.8898,12.9495,12.2862,12.3605,144000000.0,182.0581,182.4916,179.4835,179.924,54640800.0,136.3001,137.1585,131.9255,134.3843,244513057.0
2021-03-15,23.5133,23.9533,23.1403,23.2306,77178843.0,73.1387,75.945,72.4545,74.8914,110517991.0,24.0886,24.6902,23.9074,24.0742,18040328.0,31.2997,32.1769,30.9494,31.3228,36288176.0,12.4142,12.443,11.9595,12.2594,14685151.0,179.586,182.563,179.1245,180.5069,8839170.0,134.5558,134.8773,133.2565,134.5814,51992287.0
2021-03-16,23.2511,23.9598,23.0398,23.5007,97029562.0,74.9077,75.0625,74.4304,74.7231,19518291.0,24.0561,24.4295,23.6092,23.7862,28983650.0,31.3931,31.4927,30.3487,30.5898,170464501.0,12.2136,12.4296,11.607,11.8631,95913436.0,180.8267,183.3297,177.4392,179.8466,11542012.0,134.8379,136.7856,132.1776,133.3969,76233201.0
2021-03-17,23.5322,24.0933,23.1531,23.258,119898244.0,74.9969,75.8276,74.3682,75.1882,24201004.0,23.6245,24.3223,23.3162,24.0905,66747216.0,30.7094,31.0019,30.2114,30.5866,27903692.0,11.8401,11.9642,11.499,11.533,69537190.0,179.9574,181.6711,176.5996,179.0506,8576939.0,133.0141,133.8622,130.844,133.3726,41566561.0
2021-03-18,23.1799,23.2309,22.6312,23.0075,70693509.0,75.3937,75.5819,73.6088,74.1194,41912229.0,24.2061,24.2695,23.6084,23.6723,42179149.0,30.2272,30.4231,29.5603,30.0139,80134500.0,11.6165,11.6904,11.1687,11.3641,44526627.0,178.3432,181.2079,177.3009,179.9597,13399913.0,133.4746,133.9982,131.0512,131.8504,112649263.0
2021-03-19,22.9302,23.1333,22.601,22.6581,76752243.0,73.6882,75.1358,71.9621,74.3566,22197953.0,23.6836,24.1608,23.2987,23.3586,44555985.0,30.267,30.737,28.7591,29.2361,150367822.0,11.3352,11.4741,11.281,11.383,6804337.0,179.6031,181.8842,177.8148,179.0306,12269399.0,131.6119,132.4208,129.8053,131.2299,85346372.0
2021-03-22,22.7292,23.037,21.5901,21.734,640000000.0,74.3061,74.656,72.6484,73.3834,31287462.0,23.2061,23.4793,23.016,23.0662,25095145.0,29.3389,29.4774,27.6743,28.1499,237784101.0,11.3548,11.4664,10.8454,11.003,144000000.0,179.3211,183.6391,177.7,183.1195,93841220.0,131.5038,132.8778,127.7315,128.0462,497604772.0
2021-03-23,21.8217,21.9429,21.3374,21.4329,102887879.0,72.8643,73.5392,69.7787,71.0194,240000000.0,23.1023,23.1407,21.478,21.7811,200000000.0,27.9518,28.7553,27.3055,27.3814,199408733.0,11.0084,11.0646,10.9186,11.0345,12085010.0,183.2909,185.094,180.9697,181.3283,21391278.0,127.9984,128.7231,124.0193,125.674,456425160.0
2021-03-24,21.4993,21.9293,21.4429,21.6204,61574006.0,70.5115,72.9475,70.0797,72.2027,59094261.0,21.7288,21.8122,21.5593,21.6662,17447339.0,27.4293,28.4585,26.9809,27.941,75027064.0,11.0576,11.2734,10.8938,11.0779,20733545.0,181.5918,184.0341,181.1648,183.0222,18519602.0,125.9731,127.5523,125.4318,126.505,111026649.0
2021-03-25,21.5756,21.725,20.6532,20.6954,640000000.0,72.0582,72.5444,69.5998,70.0223,134483826.0,21.6716,21.864,20.3194,20.3945,200000000.0,27.9891,28.3336,26.5731,26.8437,284108220.0,11.1233,11.1655,10.6234,10.8607,46068558.0,182.8931,185.5287,181.569,183.9625,12558560.0,126.5292,127.6516,121.9632,122.5811,600000000.0
2021-03-26,20.6597,21.3721,20.3922,21.3307,210061040.0,69.9871,71.0871,67.9983,70.8013,34452572.0,20.4146,21.451,20.2343,20.8101,52106301.0,26.8267,27.5344,26.4384,27.3102,56360823.0,10.9071,11.2318,10.882,11.1696,45032926.0,183.5658,184.6722,183.1458,183.7283,7295512.0,122.755,124.8828,121.5245,124.5618,190028136.0
2021-03-29,21.2433,21.3302,20.979,21.0131,98315325.0,70.6832,71.5614,69.2715,70.693,17904095.0,20.914,20.9884,20.1757,20.297,93511545.0,27.2334,27.4044,26.7212,27.1864,33648032.0,11.2054,11.3088,10.8173,10.9298,72493605.0,183.1386,183.4693,180.7771,182.0558,15338874.0,124.4056,125.4511,122.3357,123.2108,154401916.0
2021-03-30,21.0844,21.5076,20.8949,21.2694,55118078.0,70.2004,71.6437,69.2973,71.3445,23453312.0,20.2036,20.3905,19.9549,20.0974,26612300.0,27.1776,27.7709,26.695,27.0012,44784105.0,10.8448,11.0935,10.7259,11.0721,24018342.0,182.4919,182.9672,180.6213,182.2033,5245143.0,122.9631,124.7063,121.9368,124.0712,87168671.0
2021-03-31,21.0862,21.6787,20.9831,21.4375,80029615.0,71.5625,71.8009,70.7223,71.0174,27633858.0,20.1445,20.339,19.7473,19.9318,33889725.0,27.1113,27.3655,26.5464,26.9618,40967037.0,11.0702,11.1181,10.5329,10.6947,75274316.0,183.0978,185.6231,182.6493,185.3406,44429684.0,123.9712,124.2192,122.8335,123.1764,82557953.0
2021-04-01,21.2301,22.561,21.1535,21.9232,298735025.0,70.82,71.1215,69.9952,70.928,23070985.0,20.0405,20.3923,19.6478,20.3173,44240503.0,27.0666,28.2544,26.8458,28.0006,268524659.0,10.7238,10.9411,10.295,10.343,103420152.0,185.47,186.54,185.086,186.0709,9716487.0,123.3919,125.0775,122.2064,124.0541,88475164.0
2021-04-02,21.7302,21.8256,21.1407,21.3502,230530786.0,71.0648,71.6924,69.4086,70.0542,43601979.0,20.5281,20.5884,20.146,20.1987,25088870.0,28.0018,28.2804,27.2189,27.4229,87746088.0,10.372,10.489,10.3192,10.4504,21247910.0,186.5102,187.0273,181.1757,183.6644,14637320.0,124.9449,126.7386,122.1509,122.7067,126732747.0
2021-04-05,21.1494,21.6347,21.0704,21.576,73677039.0,69.867,70.8546,68.7125,70.2358,25371958.0,20.2857,20.3693,20.007,20.0935,17341572.0,27.4525,27.8008,27.1965,27.6941,23673381.0,10.42,10.6101,10.3492,10.5427,14480163.0,183.295,185.5009,182.6912,185.0994,16714744.0,123.1458,124.1685,121.6732,122.9584,65774081.0
2021-04-06,21.7055,22.3616,21.6694,21.8231,148848364.0,70.0984,70.6718,69.806,70.46,40711934.0,20.1233,20.7532,20.008,20.6325,126526403.0,27.6774,28.3907,27.4286,28.0157,54366668.0,10.4987,11.1654,10.4112,10.934,97246292.0,185.0896,185.7318,183.877,184.4745,17085512.0,123.4893,124.3614,123.1956,124.1073,102564368.0
2021-04-07,21.8989,22.0282,21.5846,21.801,55016646.0,70.5804,72.6081,70.0606,71.7528,41141788.0,20.6557,20.7073,20.3157,20.4485,32171378.0,27.8873,29.4836,27.1517,29.0549,251211815.0,10.8852,11.1305,10.7472,11.0905,30139718.0,184.4453,185.7559,182.1055,182.4873,28414059.0,124.0705,127.3994,122.8691,126.7532,431455991.0
2021-04-08,21.6861,21.8939,21.6196,21.8179,83907093.0,71.6543,72.8501,70.9357,72.3194,30370141.0,20.5788,21.1186,19.912,20.0791,67196088.0,29.0471,29.3825,28.8785,29.141,29913566.0,11.1117,11.237,10.8975,10.9808,14995456.0,182.6644,186.2288,181.8143,185.6298,48175077.0,126.5604,127.2421,126.119,126.5552,54536658.0
2021-04-09,21.8077,22.101,21.7158,21.927,64182050.0,72.3679,73.4758,71.6616,72.9448,22680596.0,20.0556,20.3839,19.8898,19.9886,18346929.0,29.04,30.4616,28.8968,29.8132,153139265.0,11.0262,11.5775,10.8798,11.3411,81409581.0,185.6662,186.6852,184.2334,186.0039,6825996.0,125.7671,128.6476,123.6712,128.3093,241065717.0
2021-04-12,22.0692,22.6083,21.5753,21.7245,87356397.0,73.0245,73.9609,71.7009,71.9081,72390494.0,20.0539,20.1831,19.6814,19.7937,39221529.0,29.6733,30.3105,29.1817,29.6294,41923564.0,11.3477,11.3707,11.1156,11.2274,29021239.0,187.31,188.523,185.9573,187.349,10158523.0,128.0919,129.3439,126.734,127.2397,98072198.0
2021-04-13,21.7725,21.8862,21.3209,21.3615,198251088.0,71.5052,71.9951,71.0341,71.5011,26984096.0,19.9723,20.2625,19.7198,19.8106,9644168.0,29.2927,29.4834,29.2182,29.4377,33613363.0,11.1783,11.5548,10.899,11.3795,24376755.0,187.7269,188.5262,184.2938,185.3937,28678484.0,126.7431,128.3063,126.466,127.2242,43364043.0
2021-04-14,21.5616,21.8344,20.842,20.941,163618669.0,71.6357,72.0359,68.9852,69.7555,90919640.0,19.8017,19.9142,19.1607,19.3142,98465682.0,29.3809,29.7547,28.3415,28.4362,177343807.0,11.3879,11.4783,11.0744,11.1873,25390053.0,186.0017,187.2917,184.0201,185.915,10232026.0,127.5017,128.6674,124.2583,125.057,278454612.0
2021-04-15,20.9305,21.2932,20.7701,20.8385,65205848.0,69.4985,69.7278,67.0355,68.4017,68681369.0,19.1556,19.3718,19.0636,19.3198,14510497.0,28.5419,28.9544,27.0813,27.1445,353972164.0,11.1438,11.1978,11.0967,11.1411,10692279.0,186.0419,187.6472,185.4076,186.9489,9360200.0,124.9873,126.4604,123.4909,124.0312,83675084.0
2021-04-16,20.7784,21.4126,20.7074,21.2607,93820537.0,68.1032,70.186,67.6818,69.6877,95054803.0,19.2519,19.6044,18.813,19.4491,27546151.0,27.3018,28.7391,27.1719,28.2773,296291713.0,11.1075,11.358,10.9331,11.2525,22550484.0,185.9502,186.9801,184.9885,186.0166,15194671.0,123.568,126.5419,122.9109,126.1898,245656640.0
2021-04-19,21.1596,21.6149,20.8602,21.3707,96299264.0,69.4886,71.1711,69.2716,70.2345,33444094.0,19.4725,20.2166,19.2522,20.0711,135184894.0,28.337,28.7642,27.818,28.5909,54631494.0,11.2355,11.3409,11.0114,11.2417,11776212.0,186.2269,186.6234,185.3032,185.7495,9640090.0,126.3855,128.2611,124.2775,127.5217,99633759.0
2021-04-20,21.373,21.8069,20.7153,20.8261,280316092.0,70.4601,70.6793,67.4981,67.6456,240000000.0,20.0025,20.1016,19.2259,19.4136,123133408.0,28.4165,29.0362,26.8933,27.1358,360000000.0,11.205,11.2223,11.0072,11.0368,44899802.0,186.2628,188.3267,185.7677,187.856,21321457.0,127.6363,127.9334,121.7583,123.854,600000000.0
2021-04-21,20.9123,21.0334,19.8632,20.324,224911370.0,67.2207,67.4841,66.0568,66.6106,77331557.0,19.386,19.4898,19.1775,19.2885,16767911.0,27.116,27.216,25.4459,26.2035,219853593.0,10.9859,11.1859,10.9276,11.0916,17355830.0,188.5168,190.5147,187.9506,189.9817,23372016.0,123.4566,124.0411,122.3412,122.6323,173861756.0
2021-04-22,20.3329,20.9078,20.074,20.7813,250311322.0,66.7815,70.0045,66.3178,69.1934,240000000.0,19.2653,19.9254,18.9548,19.728,71265399.0,26.0609,27.2202,25.8803,26.9895,197131359.0,11.1621,11.2097,10.9646,11.1334,14148776.0,189.9495,192.0886,187.4417,189.1409,11887017.0,123.1595,127.0085,121.6834,125.5381,304476989.0
2021-04-23,20.7485,21.0849,20.162,20.3095,155868190.0,69.2859,69.7564,66.7263,67.5427,137266529.0,19.7734,19.874,19.3945,19.6273,18706790.0,27.2341,27.471,26.6488,26.8525,26335861.0,11.0477,11.1901,10.9521,10.9883,30069443.0,188.4581,193.0394,188.1087,191.3011,29229727.0,125.2705,125.9821,123.5993,123.9323,206319464.0
2021-04-26,20.4223,21.0149,19.7408,20.8699,243758412.0,67.5625,68.9991,66.4014,68.8527,68939095.0,19.5514,20.5283,19.2593,20.2012,140440066.0,26.8035,28.7796,26.5025,28.3842,360000000.0,10.9617,11.331,10.752,11.2018,35926885.0,191.1617,191.7074,189.5904,190.2218,9824104.0,124.142,128.4458,123.5593,126.9419,515832676.0
2021-04-27,20.9187,20.9535,20.5249,20.7517,74219743.0,68.9196,70.5608,67.2118,70.333,47398315.0,20.153,20.8902,20.0631,20.4235,38827172.0,28.318,28.9344,28.1881,28.5972,30984833.0,11.1919,11.3266,11.061,11.0777,16904665.0,189.5281,194.6065,188.246,193.8078,70119525.0,126.897,128.9537,125.2701,127.694,105450458.0
2021-04-28,20.7413,21.048,20.2516,20.586,76568898.0,70.2527,70.8702,68.8586,70.3922,18015581.0,20.5415,20.8068,19.737,20.0631,51167479.0,28.7222,29.1646,28.2716,28.4508,17384895.0,11.1335,11.1899,10.9966,11.1231,18730251.0,194.4374,199.269,194.1153,197.3623,58178805.0,128.2917,128.568,126.4569,126.8649,87526101.0
2021-04-29,20.5166,20.6282,20.0593,20.1424,216164499.0,70.5815,71.074,68.326,68.7425,84953099.0,20.0236,20.1121,18.9841,19.4157,152701710.0,28.4456,28.5853,27.1954,28.1801,37098680.0,11.1366,11.338,11.1173,11.2865,35815850.0,197.5881,200.6786,195.4884,198.7426,19933144.0,127.1966,128.5554,124.5368,125.6513,145109989.0
2021-04-30,20.1198,20.4541,20.0757,20.2053,57787337.0,68.6271,69.1331,64.6018,65.094,240000000.0,19.4735,19.5721,18.0462,18.3614,200000000.0,28.3232,28.4057,28.0213,28.0916,23118592.0,11.2735,11.3765,10.9991,11.0293,49828795.0,198.4861,200.8216,197.3241,199.3765,11643118.0,125.2607,125.7384,124.5273,125.1498,61220680.0
2021-05-03,20.2475,20.719,20.1867,20.4883,132391298.0,64.6789,65.965,64.4481,65.7804,23521091.0,18.3625,18.7648,18.178,18.5069,23007915.0,27.9429,28.3321,27.6541,28.0816,30659412.0,10.9959,11.3295,10.9121,11.1703,21221157.0,199.7497,202.5565,197.1913,200.4122,12382160.0,125.7971,127.9847,124.6429,125.5787,59830185.0
2021-05-04,20.4179,20.4609,20.2788,20.409,41081343.0,65.7604,68.0544,65.0474,66.7603,62489167.0,18.5051,18.6436,18.3919,18.4202,18386478.0,28.0934,28.5491,27.7969,27.9028,41776795.0,11.2229,11.2675,10.8503,11.2148,23411555.0,201.1555,201.8509,197.7046,198.2576,29995891.0,125.1286,127.2497,124.9075,125.8813,67558486.0
2021-05-05,20.2983,20.47,19.7102,20.1045,168059882.0,66.9713,67.1348,66.6965,66.841,18922491.0,18.476,18.9951,18.3703,18.7977,43568193.0,27.9698,28.2036,27.5382,27.7009,30186582.0,11.1778,11.3174,11.1168,11.2847,12420807.0,198.6497,199.1188,195.7682,196.9055,10198859.0,125.5039,128.1923,125.0121,126.374,114910581.0
2021-05-06,20.062,20.6968,19.6042,19.6757,168628351.0,66.9706,67.4053,65.2275,66.2271,36332092.0,18.6549,18.7358,18.2518,18.4163,76726588.0,27.3604,27.5158,27.1509,27.2011,108408101.0,11.2945,11.4515,10.7505,11.0313,55228350.0,197.9001,200.753,195.5693,199.3334,25801447.0,126.957,127.3667,123.4378,124.2481,217256610.0
2021-05-07,19.6715,20.1037,19.551,19.8833,90965799.0,66.7019,66.8235,65.6637,66.469,25374878.0,18.4498,18.6926,18.2383,18.4873,17783515.0,27.1136,27.6776,26.9323,27.3914,46087112.0,11.0236,11.125,10.5289,10.554,144000000.0,198.8891,200.9216,197.4552,199.5294,5805031.0,124.2384,125.6879,123.4172,124.9785,78776121.0
2021-05-10,20.0032,20.282,19.1785,19.6272,91275170.0,66.4028,67.0274,66.0648,66.7173,21717424.0,18.5292,18.7674,18.2595,18.7379,48884646.0,27.3121,27.5057,27.0829,27.1913,36892382.0,10.5748,10.6622,10.1978,10.3049,51299385.0,200.0192,202.2135,199.2403,200.362,9410399.0,125.0891,125.9705,123.793,124.2609,63163938.0
2021-05-11,19.5271,20.3565,19.2468,20.3003,405112594.0,66.675,68.3988,65.4931,68.2794,88370942.0,18.8031,19.0472,18.7476,18.9982,27881684.0,27.1984,27.4273,26.741,27.3008,34612383.0,10.3714,10.7178,10.2283,10.5854,58589605.0,199.6267,200.6442,197.7867,198.2706,19931090.0,124.41,126.84,123.4349,126.6302,286192898.0
2021-05-12,20.3206,20.7172,19.7991,20.6611,154150574.0,68.2167,69.4007,67.5178,68.7561,37152063.0,18.969,19.3226,18.848,19.1593,22527293.0,27.2608,27.8093,27.1231,27.5631,35789016.0,10.616,10.859,10.4331,10.7498,17782076.0,199.2191,200.9422,198.2089,198.8475,6787696.0,126.2443,129.0409,124.6013,127.6897,87441653.0
2021-05-13,20.6358,20.833,20.0966,20.7,59971219.0,68.5463,68.7311,67.6023,68.5906,22944306.0,19.1593,19.3428,19.0245,19.2003,20331042.0,27.6017,27.8891,27.0451,27.4906,15777872.0,10.7441,11.1116,10.5999,11.0546,84500256.0,199.2126,200.5097,196.2457,197.1715,22893749.0,128.3723,129.0809,126.7965,127.7916,34901006.0
2021-05-14,20.6792,21.3325,20.2251,20.4,148493327.0,68.463,68.6785,68.1189,68.4519,22821701.0,19.0085,19.3825,18.7742,19.1828,15914244.0,27.4601,27.5796,27.1227,27.306,38751960.0,11.1307,11.4055,10.3543,10.4094,144000000.0,196.986,199.5896,195.3053,197.7595,11327184.0,128.5891,128.9672,125.2838,126.4593,141687297.0
2021-05-17,20.539,20.5954,20.1172,20.4672,61186915.0,68.1725,69.5128,67.724,69.2425,38691667.0,19.1303,19.2434,18.7662,19.0642,16080960.0,27.4544,27.8756,26.5651,26.9001,45442132.0,10.4769,10.8369,10.1959,10.6755,53207167.0,197.1845,197.8014,195.6317,196.5121,12019899.0,125.7912,128.0377,124.7787,127.51,103970675.0
2021-05-18,20.4746,20.647,20.0832,20.4272,43215872.0,68.62,69.8551,68.4331,69.0493,20936663.0,19.0779,19.2019,18.7987,19.1116,20723861.0,27.1697,27.2512,26.2466,26.5894,48801994.0,10.7255,10.8112,10.56,10.6892,20808774.0,196.2449,199.8039,194.4705,195.8571,5493563.0,127.3475,127.7365,126.52,126.924,53585506.0
2021-05-19,20.3451,20.7734,20.1396,20.5648,76022825.0,68.8917,70.0248,68.1858,69.1844,19045877.0,19.227,19.5309,18.9116,19.1379,10950716.0,26.4015,26.754,24.61,24.8794,360000000.0,10.7015,11.052,10.6674,10.9679,69907992.0,195.7291,198.1564,193.7119,197.2843,13777607.0,127.1689,129.7331,126.5838,127.7411,60665968.0
2021-05-20,20.6456,20.7559,20.2737,20.4698,63877379.0,69.1908,69.6112,67.483,67.7529,52369790.0,19.283,19.4437,19.0127,19.2949,30715256.0,24.8823,25.2537,24.3812,24.6795,25356138.0,10.9333,10.973,10.581,10.8145,28898492.0,197.3918,199.3585,196.0854,198.2401,11566745.0,127.7006,128.1236,124.6646,127.0357,91869502.0
2021-05-21,20.5436,20.9091,19.6037,20.0477,183891681.0,67.9213,69.8277,66.7749,68.6915,33255866.0,19.2679,20.0496,19.1904,19.6525,41242786.0,24.8065,25.1134,24.3102,24.6427,28584457.0,10.7103,10.8833,10.683,10.7303,19295916.0,198.2315,201.5044,197.6211,199.8865,24750836.0,126.8402,127.4892,124.4409,126.676,49105901.0
2021-05-24,19.9594,20.2895,19.7318,20.0102,57012017.0,68.536,68.8104,66.0851,67.604,53859259.0,19.723,19.8919,19.1594,19.3841,50869621.0,24.561,25.1195,24.1931,24.2725,79396045.0,10.7396,10.895,10.5518,10.6393,15898266.0,199.5676,200.746,197.9757,199.1852,8691814.0,126.8779,127.6964,124.2329,125.2438,240226752.0
2021-05-25,19.9052,21.0636,19.705,20.8515,525865943.0,67.454,72.0002,67.2408,70.8739,240000000.0,19.3725,20.0437,19.3029,19.8681,85950374.0,24.3046,25.7709,24.1056,25.6816,360000000.0,10.6731,10.7757,10.6045,10.7399,15420352.0,199.7669,200.601,197.3918,198.0126,16986675.0,125.4783,129.7512,124.7766,128.9274,600000000.0
2021-05-26,20.8893,21.1076,20.4015,20.6259,55441447.0,71.162,71.4144,70.5077,71.0987,20389518.0,19.737,20.0432,19.6713,19.8587,15479108.0,25.6356,25.9507,25.2979,25.4932,47022761.0,10.6813,10.7768,10.4436,10.5056,41122246.0,197.1666,198.7114,196.1111,196.6795,12974370.0,129.5473,130.2012,126.9034,127.7925,106083620.0
2021-05-27,20.6229,20.972,20.316,20.646,63172041.0,70.7271,71.364,70.0595,70.2781,31888038.0,19.908,20.1427,19.4362,19.6915,24977814.0,25.3726,25.9427,25.0699,25.7275,70970903.0,10.5235,10.7894,10.4373,10.6853,29862276.0,196.9638,198.9601,195.2536,196.5858,8035120.0,127.1658,128.742,125.702,127.7768,39400350.0
2021-05-28,20.6032,21.9049,20.2792,21.3583,426963481.0,70.2329,73.1788,69.8907,72.2983,140001048.0,19.8397,20.6206,19.7763,20.1185,67535046.0,25.6042,26.1129,25.1759,25.9746,42518753.0,10.6658,11.0019,10.4998,10.8714,40275723.0,196.6778,198.8274,194.4485,197.1212,11140909.0,127.412,131.5097,127.032,129.9741,175796901.0
2021-05-31,21.458,21.5525,21.3593,21.4846,72756554.0,72.5713,73.0969,71.1476,72.3246,17662204.0,20.0871,20.4544,20.0279,20.1191,14037765.0,25.6731,25.8513,25.0639,25.2453,181315437.0,10.8941,11.0756,10.7658,10.8433,10863399.0,197.1177,200.4262,194.6446,199.0194,23820778.0,129.6966,130.1978,127.3649,129.3504,48102757.0
2021-06-01,21.4285,21.8508,20.9443,21.5208,39639811.0,72.1231,73.61,70.7248,72.5465,13066751.0,20.0445,20.381,19.9065,20.1367,17450209.0,25.2651,25.3315,23.8916,24.0184,360000000.0,10.816,10.9789,10.553,10.6853,33789052.0,199.3357,202.2266,198.5461,201.6817,25221557.0,130.2322,131.6946,127.6759,128.9606,80132013.0
2021-06-02,21.5609,21.9556,21.2096,21.3086,118132075.0,72.1098,72.9939,71.2543,72.456,19639675.0,20.1423,20.2443,19.8405,20.1741,15471834.0,24.0448,24.5904,23.7173,24.1451,43409609.0,10.6536,10.7972,10.3039,10.3913,55654140.0,201.3426,206.4451,198.3444,203.959,22893574.0,129.5138,129.9535,127.0722,127.9426,133042773.0
2021-06-03,21.4193,21.6585,20.6336,21.1906,69914467.0,72.9446,75.4371,72.7715,74.2133,91354043.0,20.164,20.5576,19.943,20.4509,53673556.0,24.0368,24.3991,23.4972,24.3416,46943546.0,10.3887,10.4934,10.0502,10.0683,85063025.0,203.5638,209.5179,201.4606,206.7546,38571732.0,128.0424,128.4012,126.9531,127.6919,39604958.0
2021-06-04,21.159,21.4356,20.3783,20.8347,132901217.0,74.4472,75.303,72.1749,73.1382,28004617.0,20.6707,20.7182,20.3594,20.4924,13240408.0,24.3095,24.5191,24.1371,24.3327,26689440.0,10.0199,10.1336,9.8891,9.9951,14104476.0,206.6038,208.9401,204.9557,207.7423,7824710.0,127.6615,128.434,124.7967,126.5545,120170211.0
2021-06-07,20.6673,21.0321,20.3959,20.902,58716807.0,73.3777,74.2062,72.1388,73.3671,18617431.0,20.577,20.8189,19.9032,20.7527,42903229.0,24.1675,24.8365,24.1025,24.7652,78682714.0,10.0346,10.1252,10.0012,10.0906,7636741.0,207.4668,207.8078,206.097,206.6641,14907060.0,126.7128,127.9604,125.7367,127.6447,142367444.0
2021-06-08,20.8648,20.9581,20.6596,20.8839,30123225.0,73.3413,74.009,71.4368,72.5177,43965521.0,20.7637,21.0439,20.4279,20.5365,34026765.0,24.8276,25.2478,24.1879,24.5815,43729160.0,10.0915,10.2328,9.9271,10.2103,20891004.0,206.5407,206.9458,204.2389,206.4363,5545955.0,128.0705,129.9077,126.2479,126.8841,55626107.0
2021-06-09,20.9014,21.0092,20.6675,20.9207,54329425.0,72.7009,74.5965,71.8119,72.7039,18085692.0,20.2945,20.6934,20.1818,20.6133,24550073.0,24.535,25.052,24.4731,24.9191,57797078.0,10.1625,10.4369,10.1144,10.3807,25634918.0,206.8112,207.2021,203.85,205.0155,10688959.0,126.793,128.2078,125.9097,127.4803,67409399.0
2021-06-10,21.0135,21.3387,20.3034,20.556,210672346.0,71.9945,73.1648,70.9217,72.3923,20324393.0,20.6013,20.9309,20.3657,20.767,24366659.0,25.01,25.1219,24.3572,24.7289,31498291.0,10.3546,10.5831,10.1882,10.3033,19165840.0,205.0725,208.5982,204.5899,208.2619,37422574.0,127.5793,128.531,126.5328,126.8579,60594007.0
2021-06-11,20.5088,20.9168,20.1316,20.7305,84436192.0,72.2678,72.3809,70.9671,71.9203,28165234.0,20.9251,21.1506,20.7744,20.8977,23589831.0,24.6913,24.7921,23.907,24.4838,44799249.0,10.3282,10.5357,10.109,10.14,38245136.0,208.2775,209.304,204.0143,207.5129,8521770.0,126.7368,127.8035,125.7834,126.308,67933043.0
2021-06-14,20.8886,20.9425,20.4411,20.6653,56986520.0,72.1891,73.0086,69.8217,70.7139,53002849.0,20.9045,21.0544,20.8421,20.9043,15204397.0,24.3699,24.8119,24.3278,24.626,35243456.0,10.1275,10.1761,9.7439,9.8212,72311226.0,207.6338,211.513,206.6138,209.7537,24757334.0,125.8093,127.1469,123.805,124.796,200364964.0
2021-06-15,20.5473,21.3496,20.1223,20.996,119439027.0,70.3264,71.6077,69.7203,71.4332,33300844.0,20.9748,21.2138,20.8346,21.1208,21537177.0,24.5637,24.996,24.3102,24.8487,32621590.0,9.8498,10.3993,9.8134,10.0549,52065021.0,209.5792,210.5831,204.8698,206.6472,41603570.0,124.1645,126.7271,123.8411,126.5253,195084650.0
2021-06-16,21.0112,21.7421,20.8668,21.4241,227233836.0,71.3395,73.0879,70.2206,72.9625,59357543.0,21.1547,22.1423,21.014,22.009,200000000.0,25.0264,25.5075,24.9713,25.3576,87028135.0,10.014,10.3668,9.9944,10.2958,40642430.0,207.1182,208.9589,203.8844,205.2909,14679559.0,126.2777,130.1914,124.2751,129.4973,556715330.0
2021-06-17,21.4015,21.7391,21.0575,21.4375,62316067.0,73.0543,74.2839,68.9916,69.6955,240000000.0,21.9652,22.513,21.7742,22.2745,74811474.0,25.6099,26.0381,25.1721,25.2687,30388896.0,10.284,10.4184,9.9868,10.0806,50338826.0,205.5837,208.7257,202.1241,204.2852,9243012.0,129.3606,131.131,128.4548,129.3403,26873184.0
2021-06-18,21.5652,22.1113,21.4412,21.987,220556368.0,69.4807,71.1759,69.3422,70.9835,106429313.0,22.4293,23.1161,22.3582,22.9718,196262166.0,25.0895,25.7277,24.7817,25.448,33970672.0,10.0777,10.1516,10.0034,10.1035,9818179.0,204.2881,204.735,202.121,202.8226,20959701.0,129.5005,131.4684,128.9109,131.1337,210566280.0
2021-06-21,21.8446,22.0998,21.6473,22.0364,55939384.0,70.9856,72.0742,70.2311,71.6182,33923329.0,22.9896,23.0355,22.5983,22.9845,11756369.0,25.5572,26.3413,25.2649,25.6005,39413208.0,10.196,10.2822,9.7953,10.1107,9113121.0,202.2447,202.7858,200.3599,200.934,20387184.0,131.2336,132.4399,130.3555,131.6335,61013645.0
2021-06-22,22.0778,22.2398,21.7853,21.9973,52499543.0,71.7271,71.8995,70.727,71.4248,21640724.0,22.9181,23.3632,22.7997,22.9465,9873058.0,25.4668,25.7776,25.1848,25.5677,31045955.0,10.0807,10.2606,9.919,10.0363,16085730.0,201.598,206.1918,199.7294,203.5254,38215238.0,131.1155,131.8017,129.223,130.8017,138120221.0
2021-06-23,21.9737,22.3582,21.418,21.7359,109504534.0,71.5097,73.1789,70.8331,72.9518,70274317.0,22.9486,23.0462,22.8135,22.861,18273717.0,25.4761,26.1496,24.6575,25.2684,44188293.0,10.062,10.207,10.0326,10.1401,22563062.0,203.8665,205.2069,197.4425,199.7058,35414888.0,130.8052,131.7398,130.2051,131.3493,74395469.0
2021-06-24,21.8829,22.7045,21.8419,22.5915,500446588.0,72.8368,75.9384,72.3315,73.6823,31872268.0,22.995,23.1503,22.2592,22.7761,23627546.0,25.2934,25.4639,24.9856,25.1237,36919185.0,10.1597,10.5972,10.0167,10.3123,34377335.0,199.9914,201.4283,198.0015,201.1118,17356225.0,131.1461,132.9292,129.0845,132.559,100087150.0
2021-06-25,22.5091,23.1155,22.2431,22.8827,139664383.0,73.4422,75.8305,71.7511,75.3387,84611896.0,22.6385,23.7192,22.4246,23.573,168848918.0,25.1818,26.0875,25.0756,25.646,114499204.0,10.3863,10.4442,9.9824,10.0294,83627948.0,201.9747,204.1435,198.0248,198.9398,20790838.0,132.4653,134.9625,131.9725,133.8262,180558360.0
2021-06-28,22.9247,23.4898,22.7409,22.7958,65522298.0,75.4563,76.6191,74.1381,75.0152,28436590.0,23.5991,23.8824,23.5636,23.7678,40202751.0,25.5579,26.1692,25.3396,26.0368,50113895.0,10.0854,10.1454,9.877,9.9979,14885864.0,199.2887,202.5675,197.1135,200.9886,26965414.0,133.8566,134.6655,132.2994,133.9064,43076546.0
2021-06-29,22.7117,22.9764,22.5038,22.8391,67471293.0,75.1154,75.9904,74.8091,75.8386,51046398.0,23.7749,24.0881,23.3943,23.9314,18662270.0,26.1119,27.1458,25.7861,26.879,123030604.0,9.979,10.0567,9.7723,9.8035,40288821.0,200.964,203.1402,190.8306,191.746,96000000.0,134.3936,134.9151,133.6178,134.4643,68467913.0
2021-06-30,22.858,23.1402,22.6659,23.0343,59275775.0,75.9252,77.7507,74.0275,77.3018,63038922.0,23.781,24.3499,23.67,24.2222,35162779.0,27.0299,27.3089,26.7314,26.7872,24256660.0,9.7615,10.0065,9.7242,9.9729,26752172.0,191.4994,194.0406,191.1009,192.7436,9121626.0,134.2891,136.2174,133.9309,135.1292,49095438.0
2021-07-01,22.9968,23.3793,22.526,23.0502,35338823.0,77.3366,77.7596,75.6111,76.0826,54963977.0,24.2983,24.4466,23.8024,23.8642,39748128.0,26.8796,27.5422,24.257,24.3222,360000000.0,9.9152,10.2036,9.8748,10.0698,13440849.0,192.4768,194.21,190.8618,193.1994,10812320.0,135.7736,136.0157,131.697,133.818,98659123.0
2021-07-02,23.0111,23.7712,22.8123,23.4286,222431915.0,76.1846,77.6586,74.6489,75.7918,20784426.0,23.8893,24.2606,23.6129,24.0183,26400350.0,24.2114,25.1045,23.7972,24.1894,31192194.0,10.0795,10.1589,9.9196,10.0469,9641853.0,193.3336,194.6888,192.1617,193.8429,8424513.0,133.3257,134.6877,131.4293,134.1406,44371519.0
2021-07-05,23.2242,24.2132,23.0358,24.0059,306383643.0,76.054,77.4723,75.2683,76.987,65627611.0,24.1049,24.5264,23.8334,24.4699,65590522.0,24.1386,24.6163,23.5254,24.5049,41264958.0,10.0887,10.1811,9.8968,10.1548,22854460.0,194.3157,195.2522,193.5237,193.8894,4244434.0,133.8073,136.8333,133.4642,135.8794,153685933.0
2021-07-06,24.0498,24.1629,22.9507,23.2718,296215420.0,77.081,77.3658,74.8173,75.6787,68333366.0,24.5842,24.792,23.8028,24.1158,53728485.0,24.6064,24.758,23.2957,23.8367,196280985.0,10.2025,10.2307,9.7473,9.8634,59011271.0,194.3678,199.2683,193.7475,197.7144,84990340.0,135.8424,136.5872,132.7673,133.3141,228104038.0
2021-07-07,23.161,23.37,22.9623,23.1956,68189784.0,75.7078,76.1241,74.35,74.6386,46207841.0,24.1103,24.2215,23.586,23.7165,45202536.0,24.0121,24.4078,23.4634,23.9265,23342949.0,9.8529,9.995,9.8145,9.8542,13837237.0,197.0279,197.3299,195.9309,196.9437,16523088.0,132.873,133.4562,132.2366,132.7471,42030925.0
2021-07-08,23.0817,23.3549,22.358,22.8821,98611041.0,74.484,76.0777,74.3191,75.1424,35379447.0,23.6626,24.2719,23.4625,24.0337,49733343.0,23.7832,24.2314,23.3954,23.8765,27022744.0,9.856,9.9776,9.6076,9.7459,17071912.0,197.4031,198.8208,191.8883,192.1966,96000000.0,132.2515,132.8176,130.926,132.4274,54560494.0
2021-07-09,22.7258,23.1433,21.7942,22.3648,136053060.0,75.5535,75.6849,73.4536,74.1199,53235224.0,23.8939,23.9609,23.3534,23.6169,53877360.0,23.9107,24.1687,23.0396,23.0981,243612766.0,9.8029,9.8958,9.4436,9.6294,23169426.0,192.0532,196.5197,191.6733,194.8574,36489531.0,132.455,133.3689,129.5907,130.5613,128045769.0
2021-07-12,22.2609,22.3103,21.3643,21.6443,241024821.0,73.7929,73.935,71.3741,72.43,78704528.0,23.5547,23.8272,22.5703,22.7744,200000000.0,23.1784,23.7622,22.6208,22.6784,93544101.0,9.5994,9.7758,9.5675,9.6326,14637810.0,194.5688,195.0409,193.644,194.2853,6513613.0,130.072,131.5931,126.3891,128.1179,364610195.0
2021-07-13,21.6921,21.7431,21.2804,21.4852,72123682.0,72.3722,73.9122,70.1812,70.4158,141495102.0,22.7754,23.0871,22.4254,22.4748,52659398.0,22.5293,23.1293,22.1261,22.2052,104584390.0,9.5355,9.5676,9.1492,9.1649,144000000.0,194.4646,195.6192,191.1033,192.6238,17385200.0,127.7698,128.2944,125.8956,126.6869,221130707.0
2021-07-14,21.528,21.6215,20.5761,20.9377,375549051.0,70.2748,70.9031,68.0506,68.5028,128489357.0,22.3863,22.4258,21.6768,21.7152,171197146.0,22.3124,22.4408,21.7076,21.8366,60500841.0,9.2083,9.313,8.8511,8.9733,35354330.0,193.0065,194.3283,191.8342,193.9462,14470923.0,126.6573,127.0916,123.2938,123.9396,443436018.0
2021-07-15,20.9991,21.0435,20.4324,20.4897,279796904.0,68.0118,68.9206,66.0025,67.413,43645819.0,21.7671,21.8034,21.2596,21.5277,21878008.0,22.0559,22.4551,21.0685,21.2047,183218601.0,8.9308,9.0778,8.8959,9.0205,7747588.0,193.3444,196.2662,190.9793,192.9737,15759262.0,124.5394,125.218,121.9322,122.5332,147095093.0
2021-07-16,20.3971,20.7816,20.3291,20.6981,119767142.0,67.507,67.7866,66.8973,67.4177,15644545.0,21.4483,21.7723,21.358,21.6029,18638496.0,21.2713,21.3212,21.0808,21.1985,25249517.0,9.0098,9.1509,8.989,9.0591,14945953.0,193.0794,193.6307,187.7821,188.3844,96000000.0,122.4665,123.2616,121.646,122.5608,24194310.0
2021-07-19,20.7177,21.1543,20.2174,20.9401,119146820.0,67.3638,70.5265,66.7601,68.6965,91633737.0,21.4476,22.1241,20.9533,21.6818,22954784.0,21.2553,21.6575,21.2001,21.3846,47616484.0,9.076,9.2515,8.9586,9.1415,20731132.0,187.6164,192.0614,186.7494,189.2868,6923270.0,122.6061,123.32,121.6525,123.0562,73737279.0
2021-07-20,20.8833,21.2894,20.3863,20.631,130705719.0,68.7051,69.9343,67.5058,67.7945,59270643.0,21.6305,21.6817,21.2873,21.5939,12683628.0,21.3088,21.3959,20.2153,20.5123,360000000.0,9.1242,9.207,9.0417,9.0699,20305486.0,189.6648,190.2324,185.252,187.0249,32257354.0,122.6558,124.4707,121.032,122.6518,57227612.0
2021-07-21,20.7181,21.3033,20.5664,21.1334,300930344.0,67.7467,69.7202,67.4927,68.9871,78129081.0,21.6102,22.1194,21.3533,21.7417,19982944.0,20.4648,21.393,20.0985,21.0677,99961894.0,9.1101,9.2716,9.0131,9.2312,36969654.0,186.5028,187.108,182.7681,184.4803,34257596.0,122.2878,125.4553,120.5701,124.7096,269894097.0
2021-07-22,21.1732,21.7867,21.0214,21.5248,92544551.0,69.192,71.1661,69.0773,70.7195,132401756.0,21.6298,22.4388,21.3725,22.1272,58985819.0,21.0034,21.8589,20.8269,21.4056,74690408.0,9.3327,9.5373,9.2755,9.4766,59081168.0,184.569,185.4018,179.9665,181.609,53436015.0,123.9019,127.8602,122.6709,127.1663,242098428.0
2021-07-23,21.4626,21.5146,20.5549,21.0268,276396801.0,70.9654,71.8435,70.2001,70.411,24200593.0,22.0468,22.3985,21.1736,21.8593,17536740.0,21.3164,22.0101,20.9871,21.4862,32487714.0,9.4453,9.5826,9.332,9.4903,9018630.0,181.4414,182.675,179.3508,179.9731,20579954.0,126.8122,127.3003,126.4734,126.9795,44976322.0
2021-07-26,21.1235,22.1939,21.0574,21.6265,224738100.0,70.1064,73.0854,69.065,72.4266,121691957.0,21.803,22.3423,21.406,22.1917,32013511.0,21.4617,22.057,20.8115,21.9109,108366009.0,9.4955,9.6668,9.4653,9.5757,19244509.0,179.7146,180.6681,176.9832,177.966,29736811.0,127.2552,130.1681,126.3386,129.8273,585505847.0
2021-07-27,21.675,21.9351,21.6204,21.6981,43759322.0,72.9318,74.5119,70.2543,70.5859,134792157.0,22.1464,22.4608,21.4562,22.0004,22200976.0,21.9429,22.2283,21.3638,21.5436,112690447.0,9.5759,9.5921,9.5057,9.5396,16676900.0,177.0712,179.6077,175.1394,177.5226,8896277.0,129.6159,130.1424,128.6387,128.8947,72958991.0
2021-07-28,21.5658,22.3611,21.3104,22.1477,210878337.0,70.5192,72.0554,70.165,71.7879,39496969.0,22.0272,22.3643,21.8596,22.2516,30870541.0,21.4565,21.9412,21.33,21.8694,99141342.0,9.5519,9.6706,9.5069,9.6077,7933198.0,176.8978,178.2813,172.7191,175.599,25866547.0,128.9499,130.9404,128.7258,130.6823,163051687.0
2021-07-29,21.9851,22.4418,21.9014,22.3451,101283843.0,71.9541,74.1076,71.0474,73.3988,75503186.0,22.3098,23.0362,22.1199,22.8626,92147424.0,21.8336,22.7497,21.5147,22.1238,63420510.0,9.584,9.8758,9.5527,9.7852,47789796.0,175.5657,175.9797,172.69,173.4108,23277150.0,130.765,133.1668,129.8722,132.9542,319609931.0
2021-07-30,22.2127,22.3084,21.9501,22.1593,66544380.0,73.4509,73.9138,71.5192,72.2302,73721680.0,22.8183,22.9208,22.5061,22.6825,22709409.0,22.1572,22.5968,20.7557,21.1812,337578857.0,9.7592,9.8443,9.4608,9.4846,90384545.0,173.0048,174.7536,171.1203,173.7033,8794526.0,133.2319,133.647,130.1093,130.8326,268788488.0
2021-08-02,22.321,22.5905,21.7635,22.0321,76331831.0,72.2602,72.4595,69.7279,70.7926,67354810.0,22.5862,22.6224,21.8386,22.2196,44555317.0,20.9704,21.0478,20.667,20.9356,46607688.0,9.4603,9.5531,9.3716,9.5249,12930242.0,173.5639,176.5016,172.6251,174.0422,7930211.0,131.4495,132.8657,129.3729,129.9981,105521237.0
2021-08-03,21.9337,22.675,21.7312,22.2039,85738579.0,70.948,71.9113,69.84,70.6243,23163665.0,22.232,22.4295,21.8614,22.1796,24369371.0,21.0297,21.4351,19.8244,20.5895,85219405.0,9.507,9.5826,9.4366,9.5187,12335400.0,173.6975,176.9996,172.9826,175.8954,26270178.0,130.222,131.1578,129.2013,129.9004,37282342.0
2021-08-04,22.3884,23.0454,22.0894,22.7772,230083473.0,70.9918,72.4657,69.9503,71.6283,44082209.0,22.2267,23.0803,21.9423,22.8328,98826574.0,20.6103,21.4216,20.1773,20.9812,59228978.0,9.5013,9.8864,9.458,9.8201,92950953.0,175.7721,176.6026,173.2121,174.9039,9605755.0,129.8126,132.9103,129.3655,132.5901,346358044.0
2021-08-05,22.6702,23.674,22.5037,23.3953,282108091.0,71.8478,73.1412,71.6708,72.7923,64523844.0,22.9841,23.6028,22.9053,23.2637,33554636.0,21.0036,21.7829,20.6196,21.7194,209376087.0,9.7199,10.0324,9.6394,9.8867,17152986.0,174.375,176.2384,170.9819,171.9046,73260549.0,132.89,136.0591,132.3428,135.5157,331199168.0
2021-08-06,23.2745,23.3355,23.0684,23.2199,123260200.0,72.7226,73.3145,71.9395,72.561,14278142.0,23.3732,23.8333,23.3313,23.4516,32847478.0,21.8384,21.992,21.2482,21.5448,34281096.0,9.8903,9.9227,9.7035,9.7207,22708005.0,171.6985,173.0008,169.8201,172.4932,10526652.0,135.6326,135.9651,133.3513,134.2817,85278778.0
2021-08-09,23.3102,23.4018,22.9095,23.1198,54896775.0,72.5369,72.7325,71.9273,72.5511,22863586.0,23.331,23.524,23.0691,23.3518,15449656.0,21.6405,21.9418,20.3319,21.0934,70606286.0,9.7087,9.9901,9.6756,9.9447,48927335.0,172.3767,174.7116,170.4883,172.7444,9549385.0,133.4324,136.0195,132.5108,134.7591,47217387.0
2021-08-10,23.2144,23.4385,22.8895,23.0315,53550752.0,72.3903,73.2548,71.275,71.7196,29979232.0,23.3383,23.5475,23.1538,23.2511,13906720.0,21.154,21.4033,20.5904,20.8877,48945765.0,9.9155,10.0868,9.6246,9.7445,49776471.0,172.7573,176.7177,172.4043,175.4852,42959883.0,134.3017,137.0088,132.8109,133.265,132584892.0
2021-08-11,23.088,23.3582,22.2231,22.3129,393932555.0,71.9218,73.2472,70.3058,71.2058,20258106.0,23.2946,23.6408,22.7303,22.8195,64147001.0,20.9153,21.2804,20.2097,20.3898,139210521.0,9.7482,9.8745,9.3213,9.4015,123669260.0,174.6801,179.9645,172.756,179.4596,96000000.0,133.1801,133.5035,128.6332,130.2981,600000000.0
2021-08-12,22.3795,22.6838,22.0958,22.3529,47375004.0,71.3714,72.7481,70.5666,71.9868,51259974.0,22.7402,23.6629,22.5883,23.0595,25940262.0,20.3889,20.7022,20.3385,20.542,46008857.0,9.4013,9.5803,9.1201,9.1801,52103310.0,179.4828,181.3771,176.6998,178.0166,9824214.0,130.0822,131.79,126.3551,128.0174,366364919.0
2021-08-13,22.274,22.5168,21.7618,22.0614,130659338.0,71.8899,73.1678,71.158,71.5227,26931962.0,23.0264,23.3408,22.8337,23.0526,14627836.0,20.4857,21.1621,20.2652,20.6549,36031931.0,9.1652,9.2965,8.8744,8.9798,51829642.0,177.5185,183.2208,176.5019,182.1494,96000000.0,127.9728,128.2515,126.8148,127.163,95692852.0
2021-08-16,22.1426,22.2363,21.9932,22.0775,66616198.0,71.8973,72.708,70.7052,72.3891,38172244.0,23.1163,23.8624,23.0001,23.7775,113152177.0,20.5614,20.7204,20.3061,20.6035,26490821.0,8.9801,9.0527,8.8447,8.9771,11249517.0,181.5235,182.0972,171.2595,171.5427,96000000.0,126.2913,128.8971,126.0983,128.3335,86414458.0
2021-08-17,22.1009,22.3898,21.8739,22.2371,67390187.0,72.6958,73.4863,72.2268,72.7243,34643258.0,23.8018,23.9437,22.8759,23.723,14456807.0,20.6413,20.7559,19.7892,20.1583,86738975.0,8.9557,9.1612,8.8146,9.0414,24385347.0,172.0758,177.3023,170.7901,173.922,31027950.0,128.6399,128.9867,126.9231,128.1061,38478600.0
2021-08-18,22.2013,22.7606,21.8117,22.4274,63279985.0,73.2483,73.4478,70.9684,71.9701,43744491.0,23.7232,24.2954,23.4599,23.7705,12395815.0,20.1958,20.4351,19.939,20.0287,46250173.0,8.9982,9.1669,8.9235,8.9436,24461066.0,174.242,174.9739,171.9446,172.6165,20793096.0,128.088,129.8247,125.778,127.6166,57421319.0
2021-08-19,22.4368,22.7841,22.2261,22.5964,119861925.0,71.7466,73.0435,70.2163,71.3652,27991626.0,23.707,24.0412,23.2531,23.6237,15945920.0,20.042,20.1572,19.8455,19.9442,28424184.0,9.0157,9.0714,8.7123,8.7972,46402642.0,172.8563,177.2939,171.8753,175.7018,36387454.0,128.0574,128.2777,125.6673,126.5527,110582307.0
2021-08-20,22.7023,22.9085,22.0944,22.3481,95931628.0,71.3371,71.8471,69.4173,70.1352,59882098.0,23.4843,24.2577,23.236,23.7752,52192820.0,19.8179,20.0711,19.6996,19.9172,23509753.0,8.7794,8.7982,8.5925,8.6407,35939747.0,175.6041,179.1721,173.6879,177.832,33268994.0,126.5619,127.5657,124.6627,125.4563,118846938.0
2021-08-23,22.3867,22.9498,22.129,22.4668,41110590.0,70.0809,71.8835,68.9145,70.1465,21802107.0,23.7448,24.1449,23.4614,23.6295,17500537.0,19.6689,20.216,19.415,19.9846,33919583.0,8.6501,8.681,8.5226,8.5756,9510195.0,177.5719,181.7826,176.241,180.9805,59723511.0,125.5278,127.0814,123.9294,124.7953,76438594.0
2021-08-24,22.254,23.3057,21.9138,23.1014,465284648.0,70.8693,71.7088,69.8046,71.3989,49834659.0,23.6207,24.3226,22.9316,24.1232,43297983.0,19.9899,20.9366,19.7205,20.6063,135175531.0,8.6672,8.7397,8.5018,8.5722,9131395.0,181.66,182.586,180.4692,181.6696,14260359.0,124.4294,126.0516,123.3718,125.7639,91148719.0
2021-08-25,23.1924,23.2863,22.7136,22.8272,131091216.0,71.4017,72.0094,68.6399,70.166,89057273.0,23.9786,24.3479,23.3479,23.5114,119515677.0,20.4286,20.6686,20.1127,20.1786,95574887.0,8.5577,8.6564,8.4754,8.5702,8206923.0,181.7313,185.5895,180.007,183.5,12936166.0,125.335,126.1871,122.5304,124.2702,153767038.0
2021-08-26,22.9093,23.5526,22.4588,22.5779,138314054.0,70.5164,70.8825,69.5088,69.9344,18960544.0,23.516,23.9607,23.2687,23.4215,19416925.0,20.2089,20.6506,20.0932,20.2977,31437765.0,8.5864,8.6998,8.4883,8.6481,18866582.0,183.0848,184.3756,181.0788,183.7085,8736321.0,124.317,125.3135,122.8202,123.888,49691209.0
2021-08-27,22.5402,22.6336,22.1214,22.3363,130642050.0,70.2199,71.1744,68.4815,69.0499,34922722.0,23.4592,23.6747,23.0218,23.1155,36123935.0,20.4854,20.5517,19.7268,20.1166,36883437.0,8.7309,8.7671,8.6567,8.704,14617765.0,183.2485,184.9355,182.2591,183.9669,8293455.0,123.8888,124.4822,122.1469,123.094,56675111.0
2021-08-30,22.3478,22.8028,22.2228,22.4098,106368368.0,69.0271,70.0714,67.9492,68.8451,27091321.0,23.0501,23.1704,22.3582,22.8809,25638922.0,20.1481,20.422,19.099,19.6216,112852826.0,8.6454,8.8112,8.4597,8.6066,24061465.0,184.1112,185.4792,182.7921,185.0472,13049219.0,122.5225,122.8529,121.6558,122.0783,92022499.0
2021-08-31,22.421,22.563,21.8948,22.333,42798096.0,68.8602,69.6466,68.2112,69.0355,24416626.0,22.9188,23.1329,22.7839,23.0122,18849842.0,19.5812,19.9778,19.2118,19.4068,60006846.0,8.6538,8.864,8.585,8.7359,24896426.0,184.885,187.6772,184.4285,187.0219,33438477.0,122.4041,123.5781,121.0429,121.9108,49829839.0
2021-09-01,22.1389,22.4431,21.7604,22.0275,91840298.0,69.1778,70.1833,68.9681,69.2698,13670199.0,23.0382,23.0958,22.5236,22.9183,17188613.0,19.3111,19.3712,18.6042,18.8308,174871358.0,8.7438,8.8752,8.43,8.523,63522282.0,187.5095,189.4336,182.9356,187.1183,4133985.0,121.928,122.6696,120.0367,120.4512,142623420.0
2021-09-02,21.9886,22.1593,21.701,21.8841,60545905.0,69.6137,70.4816,68.8749,69.0047,21469536.0,22.8897,23.2861,22.6047,23.1765,41426402.0,18.7795,18.8256,18.7347,18.7694,32695795.0,8.5054,8.7876,8.4516,8.6538,33053065.0,187.1523,190.61,185.6331,189.6327,33294723.0,120.2785,121.7922,118.9287,120.9437,43301679.0
2021-09-03,21.8491,22.1256,21.8089,22.011,57121896.0,68.958,69.86,66.6483,67.1184,103222366.0,23.1371,23.1802,22.8626,23.1338,14760991.0,18.7661,19.0304,18.1916,18.893,45301700.0,8.6555,8.7272,8.5658,8.6394,11261076.0,189.0599,193.2385,187.9179,192.7859,60578223.0,120.6459,121.2349,120.2425,120.6842,48994514.0
2021-09-06,21.9956,22.1816,21.936,21.9895,48389527.0,66.9841,68.7427,66.7296,68.3881,83825622.0,23.1024,23.6196,22.4892,23.5143,60347375.0,18.989,19.2129,18.509,18.6196,72833906.0,8.6266,8.6702,8.507,8.6151,8418629.0,193.6921,195.297,191.5768,194.6995,14217286.0,120.9433,121.3759,119.8692,121.1129,51390618.0
2021-09-07,21.9386,22.4497,21.8428,21.9196,48233399.0,68.6395,68.9591,66.9359,67.5175,67175923.0,23.432,24.0094,22.9616,23.9101,45992726.0,18.632,19.1046,18.3774,18.9489,71891420.0,8.6709,8.7017,8.4747,8.4911,35728137.0,194.1994,195.3049,192.8817,194.9474,8890919.0,120.8743,122.1335,120.1004,120.58,91675575.0
2021-09-08,21.9838,22.265,21.8155,22.1755,71825477.0,67.2133,69.3637,66.9343,68.4204,51823758.0,23.9439,24.4743,23.8074,24.3629,51526293.0,18.9228,19.3611,18.4477,19.2964,89979760.0,8.4906,8.9752,8.3805,8.9255,144000000.0,194.348,195.3214,191.55,192.2245,38124877.0,120.6607,123.7324,120.4185,122.3729,225855961.0
2021-09-09,22.0965,22.4104,21.8581,22.039,53702422.0,68.4885,68.7309,66.8474,67.0478,63776778.0,24.2787,24.4506,23.6502,23.6936,81810757.0,19.3578,19.6976,18.6482,18.7092,168450107.0,8.951,9.0429,8.5068,8.7527,39424550.0,192.1839,192.5368,190.6525,191.1836,7381313.0,122.3145,122.5662,119.1076,120.6174,89441052.0
2021-09-10,22.1276,22.185,21.6286,21.8597,71118520.0,67.3283,68.2025,65.1888,66.571,35428411.0,23.618,24.2969,23.3987,23.9798,56531521.0,18.8402,19.1681,18.4015,18.4615,64249828.0,8.7338,8.7893,8.6444,8.6961,10107159.0,191.4081,193.0295,189.6903,192.0811,15131182.0,120.4362,121.5682,119.1753,119.4012,121836761.0
2021-09-13,21.9192,22.087,20.9135,20.9752,640000000.0,66.6839,66.812,64.5848,65.0019,100090693.0,24.0287,24.2789,23.4424,23.5089,58893606.0,18.4888,18.7403,17.9649,18.433,35341308.0,8.7065,8.8714,8.5471,8.6111,21886270.0,191.6463,196.0904,190.5408,194.6524,25665593.0,118.9626,119.3188,116.2305,117.2669,208954058.0
2021-09-14,21.1014,21.1395,20.9758,21.1014,57199129.0,64.857,66.7536,64.7469,66.4206,83748842.0,23.4856,23.6184,22.9339,23.2914,27099827.0,18.4497,18.8076,18.3813,18.6621,61623087.0,8.5976,8.9394,8.54,8.9223,116702331.0,194.9938,197.9919,192.5177,194.8739,11189018.0,117.7003,120.8278,117.5094,119.1649,156571247.0
2021-09-15,21.2634,21.4936,20.7197,20.8844,108625439.0,66.1592,66.6609,64.5249,64.9083,84332077.0,23.2973,23.4164,23.0788,23.1407,35137998.0,18.5163,18.6208,17.0646,17.1265,360000000.0,8.8706,8.9025,8.6813,8.7313,42012930.0,194.6317,195.5696,192.1732,193.3842,18954755.0,118.8259,119.3522,116.1246,118.1071,59666013.0
2021-09-16,21.0453,21.5085,20.7587,21.2243,94628354.0,65.2124,65.9668,64.7843,65.849,50588549.0,22.9791,23.8823,22.4055,23.6283,70147963.0,17.0167,17.4068,16.9825,17.3754,54516152.0,8.7782,9.0196,8.6293,8.9485,58593582.0,194.5794,195.731,191.6084,192.6585,11106128.0,117.8189,120.1936,116.8997,119.8651,244777171.0
2021-09-17,21.1136,21.478,20.9844,21.1411,25773481.0,65.8035,66.7174,65.5075,66.1595,23148023.0,23.5777,23.6827,23.3467,23.5517,19854561.0,17.2535,17.8996,16.6811,17.5782,60684494.0,8.9612,9.1554,8.7655,8.7914,52032863.0,192.8204,194.5724,188.0314,190.7844,27164296.0,120.3209,121.8151,119.0679,119.9649,57906472.0
2021-09-20,21.1732,21.605,20.9456,21.1242,44849783.0,65.9251,67.2222,64.8841,65.8254,13274954.0,23.7143,23.9168,23.6631,23.7025,22227204.0,17.5624,17.6842,17.4006,17.4433,23508789.0,8.8192,8.8398,8.5905,8.7608,13225298.0,190.2635,194.8557,189.8705,193.3844,41267370.0,119.9302,121.3827,118.0709,120.0445,30349044.0
2021-09-21,21.0574,21.9859,20.6392,21.7347,261927658.0,66.1212,67.3879,65.9124,66.9102,57576506.0,23.5303,25.3046,22.9491,25.091,200000000.0,17.3747,17.8138,17.3383,17.648,56186083.0,8.7347,8.8282,8.7031,8.723,13193026.0,193.0419,194.502,186.0491,188.2106,96000000.0,120.1534,123.7483,119.1637,122.3369,403090674.0
2021-09-22,22.0514,22.1248,21.133,21.4223,94320679.0,67.1215,68.7874,65.9269,66.1907,36255204.0,25.2714,25.3348,24.4079,24.6061,77713124.0,17.6067,17.8466,17.4859,17.5434,38516114.0,8.7654,8.8479,8.51,8.6264,19613586.0,188.4446,189.4479,184.4851,186.4305,13330700.0,122.8631,123.082,121.0727,121.3513,163896992.0
2021-09-23,21.4804,21.6434,20.6233,20.9032,181475744.0,65.9172,66.1516,63.7097,64.56,120145618.0,24.6324,25.0284,23.1158,23.587,200000000.0,17.4734,17.5651,16.5413,16.7379,360000000.0,8.6429,8.7029,8.4928,8.5562,18116903.0,186.0494,188.0262,181.7621,184.0937,28525060.0,121.8649,122.5086,117.9952,118.4326,514070725.0
2021-09-24,21.0342,21.1926,20.8226,20.9182,38627802.0,65.2022,66.4907,63.6568,64.2393,14569016.0,23.5356,24.3037,23.4282,24.0243,41283488.0,16.678,17.4077,16.5372,17.1771,142503430.0,8.5614,8.6618,8.3607,8.4533,23967622.0,184.0584,185.8672,169.875,170.6606,96000000.0,118.2485,119.6639,117.6964,118.8543,47836168.0
2021-09-27,20.9584,21.4319,20.6345,20.7147,66719433.0,64.1027,64.4847,61.5867,62.4513,160795605.0,24.0042,24.6016,23.5183,23.6809,32442297.0,17.0272,17.3149,16.639,16.8666,76516525.0,8.489,8.5061,8.1913,8.3523,27707238.0,171.5098,173.4378,170.0724,171.8639,23019295.0,119.243,119.9571,116.5904,117.0801,198524405.0
2021-09-28,20.4753,20.5955,20.1895,20.3134,132763823.0,62.6444,62.8921,58.9294,59.6313,240000000.0,23.8005,23.9362,23.074,23.4907,26378138.0,16.8842,16.9605,16.2583,16.4253,177923201.0,8.341,8.5147,8.2733,8.4193,15533531.0,172.1412,174.659,168.796,169.4245,28197569.0,116.5492,116.8656,115.8853,116.0653,138514162.0
2021-09-29,20.2434,20.6397,19.8771,20.2365,40457731.0,60.0995,60.2931,58.4079,59.0992,36890416.0,23.2726,23.7343,23.1209,23.2177,32175766.0,16.4797,16.7097,16.3764,16.6583,55427276.0,8.464,8.5631,8.1718,8.2923,24545028.0,169.6786,175.4966,168.499,173.6715,96000000.0,115.4883,115.9258,114.83,115.3469,110340998.0
2021-09-30,20.1755,20.6567,19.9602,20.2848,30320065.0,59.3062,59.7714,59.018,59.5,18338315.0,23.3527,24.0816,23.0485,23.9212,76723994.0,16.6638,16.8945,16.3517,16.6739,26491419.0,8.2699,8.3401,7.9978,8.1762,24853821.0,174.5419,175.2095,169.7158,172.1394,21881291.0,115.3615,116.1306,114.7158,115.867,65682687.0
2021-10-01,20.25,20.3862,19.3819,19.6916,190362818.0,59.5608,59.9132,57.5903,58.3545,53183900.0,23.9473,24.2234,23.5132,23.8857,27306424.0,16.7027,16.8548,16.322,16.4404,61835944.0,8.1773,8.201,8.0242,8.0713,24886836.0,171.8106,172.2168,171.1025,171.7489,15901259.0,115.8393,116.6531,113.207,114.6201,102801762.0
2021-10-04,19.7229,19.8869,19.3078,19.4216,207811323.0,58.0264,59.8961,57.8203,58.9522,22397641.0,23.9849,24.6958,23.906,24.3936,77506797.0,16.4766,16.8685,16.1812,16.6133,55764382.0,8.0405,8.0905,7.9727,8.0659,10326121.0,171.7417,174.5999,171.4743,173.4055,27526289.0,114.8307,116.6392,114.5712,115.3067,82288565.0
2021-10-05,19.4646,19.6003,18.9335,19.162,107957470.0,59.4279,59.9429,57.588,58.1156,50748657.0,24.2196,24.7783,23.6831,23.7848,77308828.0,16.6467,16.6996,16.3411,16.4085,43100289.0,8.028,8.2309,7.994,8.0998,13396780.0,173.273,174.6844,169.6643,171.6844,18305278.0,115.4842,116.0978,113.0829,114.1846,113068467.0
2021-10-06,18.9413,19.3512,18.4154,18.7262,307415089.0,58.3139,59.2872,55.6908,56.7055,98163442.0,23.7627,23.8943,23.107,23.4553,42489787.0,16.4743,16.6868,15.8978,15.9365,194141474.0,8.0843,8.1375,7.9816,7.9942,20166480.0,171.4136,172.1873,168.0828,169.7351,29243607.0,114.4087,115.066,111.1836,112.4491,214473623.0
2021-10-07,18.7067,19.0299,18.5535,18.7258,42059685.0,56.3905,56.8798,55.9935,56.2871,27921971.0,23.2328,23.6063,23.1335,23.3193,23490845.0,16.0264,16.1301,15.7007,15.891,25958743.0,7.9889,8.0887,7.8432,7.8862,26188673.0,169.6259,170.3967,166.1505,167.501,37975184.0,112.961,114.5926,112.0101,112.4744,38268838.0
2021-10-08,18.6858,18.8156,17.9987,18.5319,85988812.0,56.6305,57.0626,55.7028,55.8511,21022787.0,23.434,23.7661,23.2749,23.3963,16082692.0,16.01,16.5384,15.9082,16.501,360000000.0,7.904,7.9464,7.6113,7.7208,55380245.0,167.3088,170.9388,166.8339,168.3305,13853710.0,113.102,113.764,111.721,111.9596,70167883.0
2021-10-11,18.6451,18.8077,18.2726,18.3706,85933623.0,55.8646,56.7611,54.7937,55.1213,33151135.0,23.3023,23.3738,22.8555,22.9057,71523054.0,16.3516,16.7951,16.1373,16.2568,43607367.0,7.7005,7.7456,7.3946,7.5138,99409544.0,168.0516,169.1228,166.1672,166.5574,18184026.0,112.2385,112.7094,108.3478,109.6394,236925373.0
2021-10-12,18.4186,18.6184,18.2205,18.522,90074139.0,55.061,55.7375,54.4682,55.1679,9408031.0,22.8123,23.4129,22.7019,22.8846,16243665.0,16.2927,16.4443,16.2627,16.3452,28840870.0,7.5319,7.5758,7.298,7.3947,40744708.0,166.4335,167.7647,164.1222,165.9397,17034221.0,109.6326,110.0026,108.9953,109.3651,58691301.0
2021-10-13,18.5071,18.9245,17.8788,18.2472,88887731.0,55.0437,55.6825,53.3143,53.4419,132519447.0,22.7041,23.8726,22.5723,23.3205,71813215.0,16.252,16.3842,15.7273,15.903,84849497.0,7.385,7.5325,7.3478,7.474,21257212.0,165.6664,170.5989,164.7861,168.0601,21989830.0,109.3014,109.5828,106.7683,107.6083,303495421.0
2021-10-14,18.2652,18.3214,17.8398,17.9138,139981259.0,53.478,54.9199,53.3973,54.224,42337676.0,23.363,23.9737,22.9489,23.79,60126068.0,16.009,16.1201,15.979,16.0195,82385926.0,7.4589,7.5453,7.4255,7.4947,11622848.0,168.1975,170.1675,166.2914,167.0572,15920357.0,107.6039,108.9276,105.3087,108.2613,74452754.0
2021-10-15,17.7811,17.9915,17.5706,17.7021,106396507.0,54.3968,55.0769,52.1135,52.6778,128506552.0,23.797,24.2156,22.1615,23.0347,158081109.0,16.0245,16.1038,15.5402,15.6245,88720502.0,7.514,7.556,7.2823,7.31,83833766.0,166.6558,168.1125,164.5086,167.7238,8486853.0,108.0853,108.2857,105.5048,105.8194,475016029.0
2021-10-18,17.7538,17.935,17.4436,17.4727,65746225.0,52.5753,53.4086,51.3174,52.6967,16636103.0,22.9642,23.3809,22.473,23.0046,14331254.0,15.6449,15.8021,15.254,15.5668,37769952.0,7.2937,7.5658,7.2473,7.3874,20798752.0,168.1541,170.5003,167.6542,168.6718,14205497.0,106.0968,107.3384,105.5477,106.0608,35066951.0
2021-10-19,17.4423,17.7367,17.2362,17.3448,100135563.0,52.7231,52.9148,51.8984,52.2143,40135705.0,23.0294,23.3208,22.2606,22.5363,55558481.0,15.5754,15.7711,15.1695,15.2982,89427611.0,7.4429,7.5419,7.3869,7.4671,26922635.0,168.9806,172.4822,168.0664,171.1449,35477034.0,106.3742,106.8717,105.1636,105.5313,79621926.0
2021-10-20,17.2831,17.325,16.5743,16.8172,468285378.0,52.9139,53.0186,51.1946,51.7363,27932227.0,22.4644,22.7631,21.7185,21.7958,130876152.0,15.3135,15.4691,14.9782,15.127,40234902.0,7.4803,7.519,7.2184,7.3542,29939653.0,171.3373,174.178,170.7302,173.2588,20509154.0,105.3417,105.8142,102.672,103.5187,398223644.0
2021-10-21,16.915,17.3037,16.8422,16.9879,51609001.0,51.8333,51.9934,51.0983,51.6993,19646668.0,21.6394,22.018,21.2113,21.7786,11891366.0,15.2452,15.3744,14.9178,15.0151,48017591.0,7.3132,7.3929,7.1315,7.1902,28314379.0,173.0587,174.1941,171.3006,173.2574,3550862.0,103.4701,104.4151,102.7819,103.8034,82958440.0
2021-10-22,17.0084,17.9891,16.9733,17.8197,640000000.0,51.8963,53.8201,51.5651,53.4458,240000000.0,21.7462,23.2452,21.3682,22.7415,200000000.0,15.1033,15.7116,15.0545,15.6571,269842649.0,7.1867,7.2437,7.0048,7.1162,24882920.0,173.2766,174.4454,170.2548,171.1821,34501201.0,103.2842,108.3871,102.3895,107.0718,600000000.0
2021-10-25,17.7675,18.0791,17.7315,18.0031,90457513.0,53.2445,53.8789,52.5703,53.5011,23748589.0,22.8952,23.4281,22.4358,22.8057,15901170.0,15.7762,16.0271,15.2715,15.7044,24403541.0,7.0974,7.3382,7.0526,7.224,37829731.0,171.1282,171.6868,168.8047,169.1707,23391126.0,107.0443,107.983,105.9521,107.6977,87044468.0
2021-10-26,17.9551,18.6864,17.8985,18.6347,565980480.0,53.2159,55.5574,52.9328,55.4301,240000000.0,22.8966,23.9754,22.5887,23.8009,200000000.0,15.6899,16.372,15.4091,16.2935,173267642.0,7.1756,7.4882,7.1276,7.3601,35753101.0,169.1821,169.9303,167.8394,169.5664,9006100.0,107.7094,112.7207,107.2594,110.9885,600000000.0
2021-10-27,18.6648,18.7644,17.7975,18.0178,635119700.0,55.7506,55.8617,53.2315,53.4678,240000000.0,23.8453,24.3141,23.3465,23.4419,37998771.0,16.1308,16.5236,15.7284,15.7889,215210836.0,7.3921,7.4581,7.1593,7.1983,37714467.0,168.9953,169.5419,167.7104,168.491,22030519.0,110.6406,111.4716,106.2726,108.3741,565662687.0
2021-10-28,18.0408,18.192,17.0604,17.1527,640000000.0,53.7166,53.9034,52.7802,53.7858,19747634.0,23.4653,24.0718,23.258,23.3335,17732785.0,15.8448,16.0042,15.4124,15.6991,21746696.0,7.2302,7.3285,7.1765,7.228,19531068.0,168.5354,170.0722,162.5523,163.1306,96000000.0,108.212,109.1511,107.5134,108.2179,41742716.0
2021-10-29,17.155,17.76,17.1205,17.4939,300841041.0,54.15,54.2548,53.4076,54.154,29638961.0,23.2988,23.7468,22.9515,23.4831,20369428.0,15.6165,16.3907,15.4751,15.9975,90104398.0,7.2065,7.2744,7.0817,7.209,11550407.0,163.2643,164.9827,162.1709,162.7156,4321625.0,107.8647,109.9832,106.9016,109.1154,111805713.0
2021-11-01,17.4014,17.6154,17.3216,17.357,74028091.0,54.137,54.9871,52.7687,53.6939,28709418.0,23.5539,24.0395,23.2129,23.6604,23528492.0,15.9702,16.3454,15.9203,15.9895,24717676.0,7.23,7.3593,7.1945,7.3065,24268714.0,163.3088,163.9989,162.0408,163.6101,9313026.0,108.6295,111.4817,108.2405,109.8538,93590147.0
2021-11-02,17.2764,18.2609,17.0361,17.7899,221806467.0,53.9597,55.881,53.0034,55.3692,240000000.0,23.7153,25.0145,23.6425,24.5833,200000000.0,15.9849,16.7024,15.6232,16.5471,336569858.0,7.3328,7.4483,7.2347,7.3906,25552644.0,163.1956,166.4425,161.7282,165.1709,12871032.0,110.3162,113.538,108.9985,112.4532,499331001.0
2021-11-03,17.7312,17.8332,17.5501,17.7066,69523858.0,54.8152,56.1186,54.0506,55.4401,18567211.0,24.575,24.6319,24.3292,24.5536,13637371.0,16.5472,16.873,16.0679,16.397,44411287.0,7.3902,7.5765,7.2607,7.5289,76173560.0,164.6782,165.6584,163.0677,165.2918,5833562.0,111.9532,113.8418,111.1737,113.1437,70188498.0
2021-11-04,17.6913,17.8672,17.0062,17.2192,316919173.0,55.5583,58.1056,55.3838,57.643,240000000.0,24.5736,24.7586,23.485,24.0501,72029142.0,16.4469,16.6616,16.117,16.2358,57172000.0,7.5583,7.6041,7.3519,7.5021,14472855.0,165.7019,170.1425,162.4767,166.5003,14650718.0,113.1803,114.4798,110.5037,111.1456,282474702.0
2021-11-05,17.2161,17.5362,16.546,16.8842,178111432.0,57.8779,58.2968,56.5192,57.0926,48726474.0,23.8925,24.1107,22.1669,22.4132,200000000.0,16.1651,16.3621,15.6524,15.8619,123181494.0,7.5112,7.5589,7.4694,7.5071,10840491.0,165.8671,166.4567,163.2169,165.5724,24263554.0,111.4535,112.3654,109.8686,110.3955,106565193.0
2021-11-08,16.8723,17.3294,16.6189,17.2658,330781097.0,56.9381,57.6879,56.6264,57.0241,15992392.0,22.3692,22.4087,22.2417,22.3349,18009847.0,15.9089,16.1644,15.4183,15.4893,108886314.0,7.5424,7.6064,7.4274,7.4473,18058664.0,166.1808,168.3804,164.6345,166.6468,18293573.0,110.8413,111.096,108.5723,110.0921,58888550.0
2021-11-09,17.2571,17.7203,17.0804,17.4199,85497983.0,57.2616,58.1771,55.822,56.4734,34459066.0,22.226,22.543,21.8193,22.47,16798390.0,15.4754,15.5574,15.0925,15.3853,50050514.0,7.4116,7.4729,7.3254,7.4572,16471350.0,167.1443,167.637,165.2282,166.3537,8877997.0,109.7614,110.2901,108.4343,109.6939,73595431.0
2021-11-10,17.565,17.6686,16.6828,17.0821,130059412.0,56.4335,56.9981,55.2637,56.314,33748451.0,22.3587,22.4809,22.2392,22.3944,20018671.0,15.5757,15.6619,15.3699,15.4701,38488043.0,7.4618,7.588,7.3985,7.4603,11616951.0,166.5975,167.6553,164.5717,166.8894,10790013.0,110.092,111.0918,107.7682,108.8359,66771390.0
2021-11-11,17.1462,17.1931,16.5478,17.0138,46752169.0,56.2964,56.3973,55.9936,56.1584,21727922.0,22.4376,23.1024,22.2458,22.7929,30869619.0,15.3543,15.755,15.2625,15.6507,64610397.0,7.4665,7.8189,7.4253,7.6381,68820330.0,166.2525,168.4598,165.201,167.5823,12145710.0,108.8857,109.5442,108.439,109.2905,65012702.0
2021-11-12,17.1032,17.2487,16.9278,17.0619,76891774.0,56.1013,56.5974,55.8876,56.4148,30864725.0,22.6752,22.7611,22.4207,22.6421,17289029.0,15.6601,16.1279,15.5132,15.5841,25672678.0,7.602,7.6612,7.4752,7.6181,12917456.0,167.5149,170.9858,165.9173,170.2415,27694347.0,109.4681,110.372,108.159,108.5862,72281864.0
2021-11-15,17.0969,17.9451,16.6283,17.4419,233138413.0,56.7672,56.977,56.0012,56.7087,35624966.0,22.7134,23.1569,22.3744,22.5312,17170609.0,15.6294,16.0716,15.5832,15.9007,101061383.0,7.585,7.8132,7.5482,7.7428,37125625.0,170.219,174.445,168.4625,173.8903,57823353.0,109.1292,110.2711,108.4741,109.683,144806143.0
2021-11-16,17.4475,18.382,17.2754,18.101,371080534.0,56.6074,58.7277,55.7025,58.4861,150624125.0,22.6266,23.2089,22.5515,23.1132,84041749.0,15.8698,16.7332,15.7548,16.4502,261018967.0,7.6927,8.108,7.6081,7.9926,94405909.0,174.0171,174.9144,171.0876,171.4197,40546136.0,109.8731,112.5746,108.4778,112.1424,491296092.0
2021-11-17,18.1338,18.1721,17.9848,18.0163,40436386.0,58.3535,58.8272,56.7051,57.0501,137371794.0,23.1074,23.6811,22.5127,22.82,35701871.0,16.4057,16.595,15.7948,15.8316,214487970.0,7.9941,8.019,7.8911,7.9609,13795200.0,171.6591,174.5918,170.0825,173.2825,23879204.0,111.8476,112.931,111.3341,111.7221,53862340.0
2021-11-18,18.0343,18.8948,17.7176,18.5713,348101914.0,56.8578,57.4957,56.469,57.3536,22700823.0,22.7635,23.7243,22.4572,23.3838,116110480.0,15.931,16.274,15.7458,16.2386,121514828.0,7.9465,7.9615,7.5575,7.8229,29957282.0,172.9556,178.2835,171.6601,177.1209,96000000.0,111.0731,113.4851,109.8938,112.5138,90305951.0
2021-11-19,18.6376,18.8685,18.2375,18.3,139415940.0,57.2705,58.4732,55.8226,55.9762,174781005.0,23.4827,23.5396,22.7789,22.9368,66053839.0,16.3033,16.3401,15.6773,15.8942,62395932.0,7.7817,7.8033,7.7485,7.7807,12938715.0,177.5951,178.5216,175.4794,177.214,10473030.0,112.7181,113.3591,110.3194,111.1234,148164716.0
2021-11-22,18.2215,18.7562,18.1111,18.1891,56036493.0,56.0192,56.498,54.0204,54.6475,147315276.0,22.9887,23.0659,22.0601,22.5782,45406553.0,15.8343,16.0312,14.7735,14.8969,360000000.0,7.8195,7.956,7.6897,7.7815,11260584.0,177.4466,178.4455,173.6305,176.0466,12168093.0,111.2517,111.55,108.0206,109.7121,175607179.0
2021-11-23,18.2474,18.7109,18.1639,18.6298,147015831.0,54.7851,55.4032,54.6333,54.9956,32164564.0,22.6889,23.3123,22.5817,23.0714,61449325.0,14.7929,15.075,14.699,15.0467,45925802.0,7.7943,8.1177,7.7824,8.0492,98675370.0,176.2732,177.1999,167.3405,168.5021,96000000.0,109.4652,111.507,108.6763,111.1904,185143135.0
2021-11-24,18.6435,19.0494,18.4288,18.8713,79605763.0,54.8327,56.0468,54.7469,55.232,29641857.0,22.9694,23.0838,22.8437,23.0101,15371893.0,15.0886,15.2029,14.9928,15.0201,43350074.0,8.0253,8.1243,7.4387,7.6416,144000000.0,168.4073,171.6039,166.3806,170.5182,28865322.0,111.2483,111.6431,110.6513,110.8864,55945386.0
2021-11-25,18.7215,18.9682,18.6061,18.8933,71724207.0,55.3132,56.3952,54.9272,55.6475,24490795.0,22.9855,23.4289,22.9239,23.152,16212226.0,15.043,15.4529,14.8778,15.3389,149853840.0,7.648,7.8283,7.4976,7.6453,9336515.0,170.6851,171.0387,169.6824,170.0435,5997064.0,110.4611,111.9674,110.1408,111.6418,60433073.0
2021-11-26,18.9005,19.0063,18.6112,18.9408,58974949.0,55.7817,56.3696,54.4673,54.6052,106828802.0,23.1313,23.632,22.2782,23.2675,11666941.0,15.3803,15.6234,15.1076,15.2366,34996683.0,7.6379,7.7725,7.5267,7.578,14264878.0,169.1278,172.3547,168.1839,169.1795,8357467.0,111.7557,112.4389,111.2763,111.8578,73208756.0
2021-11-29,18.8321,18.8754,17.8019,17.9083,640000000.0,54.4051,55.1099,52.2318,52.8215,164975129.0,23.2875,23.4076,22.4425,22.4915,119759170.0,15.2271,15.2887,14.2622,14.3691,360000000.0,7.5296,7.5502,7.4524,7.4783,27569809.0,169.3491,170.887,167.0199,167.7585,25277795.0,111.4337,111.8651,109.8338,111.4669,77628053.0
2021-11-30,17.8661,17.9985,17.017,17.103,640000000.0,52.8346,54.3545,51.5902,51.9635,63487210.0,22.5491,22.6683,21.0325,21.2356,200000000.0,14.4275,14.6031,13.9688,14.0916,107405487.0,7.4867,7.5562,7.3849,7.4626,13992308.0,168.4607,170.6192,163.0924,164.7879,51341264.0,111.8497,112.1125,109.4722,109.7285,222138512.0
2021-12-01,17.091,17.47,16.9549,17.0,56624944.0,51.9461,52.2584,50.1109,50.6593,95538669.0,21.2476,21.7955,21.1273,21.1775,14039893.0,14.1986,14.2344,13.6903,13.7803,61812484.0,7.5129,7.5538,7.3118,7.3346,25274112.0,165.1124,165.6033,163.6625,164.4901,7225677.0,110.3839,111.531,108.0662,108.4224,166398498.0
2021-12-02,16.8874,17.1779,16.3153,16.9957,40683606.0,50.674,51.1426,50.2263,50.9511,31626295.0,21.2936,21.3861,20.8989,20.9427,27231293.0,13.8804,13.9455,13.5861,13.6396,42848104.0,7.3771,7.4381,7.2505,7.3188,13465818.0,164.7656,169.6675,163.3928,167.6786,68781640.0,108.5113,109.7483,107.8605,108.0568,68392084.0
2021-12-03,16.9917,17.5769,16.8877,17.3373,163033937.0,50.8449,51.7826,50.0606,51.6659,73625472.0,20.9106,21.2294,20.6522,21.1142,32184066.0,13.587,13.9176,13.3346,13.7788,39022118.0,7.3219,7.3882,7.2085,7.3448,9698188.0,168.0054,168.6947,166.9613,168.2026,6290466.0,108.1756,110.0222,107.9734,109.3851,126196835.0
2021-12-06,17.3426,17.6632,17.2542,17.4609,79002677.0,51.6383,52.7183,51.1227,52.5688,69008685.0,21.0237,21.3729,20.6376,21.134,7592322.0,13.9425,14.0025,13.6854,13.8355,31376800.0,7.3317,7.4247,7.1552,7.2877,24578096.0,168.7159,169.0475,168.0534,168.5958,8054525.0,109.5675,110.1122,108.4688,109.7686,81322203.0
2021-12-07,17.5192,18.0756,17.482,17.7006,145736033.0,52.5752,53.0643,51.5306,52.5495,18318439.0,21.0765,21.3771,20.8796,21.2272,16359979.0,13.8786,14.2069,13.8008,14.013,78250296.0,7.3045,7.3309,7.0049,7.0845,90378086.0,168.5112,172.2025,168.1179,171.9265,58581034.0,109.8548,110.4259,108.9212,109.4402,34010856.0
2021-12-08,17.6652,17.9055,16.84,17.0925,640000000.0,52.9366,53.3697,51.0666,51.4287,82733203.0,21.1586,21.4198,20.6697,20.776,50323664.0,13.9189,14.2034,13.5347,13.6614,64928325.0,7.0922,7.234,7.0158,7.1127,9514499.0,172.3539,177.2042,170.5451,174.0458,31042151.0,109.1005,109.7486,107.0693,107.7299,142361972.0
2021-12-09,17.1132,17.2852,17.0407,17.2418,97266608.0,51.4377,52.125,50.921,51.6835,24602410.0,20.7373,21.5965,20.3477,21.4632,160173115.0,13.6896,13.7292,13.2588,13.5759,39761618.0,7.1087,7.2351,7.0691,7.1537,18622154.0,174.2465,174.787,171.9771,173.7751,4676825.0,108.1622,109.2808,107.8749,108.5898,79856961.0
2021-12-10,17.2346,17.4104,16.9216,17.0,140946454.0,51.9565,52.4318,49.4995,50.2856,122303246.0,21.4395,21.7525,20.9175,21.106,53927543.0,13.5906,13.719,13.2185,13.3489,78513542.0,7.2084,7.3149,7.1282,7.2675,26959336.0,173.8033,174.7214,171.5346,172.0888,17211031.0,108.7285,109.2001,105.6715,107.868,90671802.0
2021-12-13,16.9687,17.8219,16.4972,17.7384,640000000.0,50.5664,52.1338,50.0003,51.5451,163136685.0,21.0864,21.493,20.6493,21.3657,38789482.0,13.3415,13.8113,13.1415,13.6123,84114978.0,7.2558,7.4527,7.1667,7.359,19404691.0,172.6755,173.1188,171.3697,172.0716,5939792.0,108.0393,110.3982,107.6181,109.7066,254550068.0
2021-12-14,17.6082,18.4399,17.4082,18.2455,283912543.0,51.2782,52.4732,51.1716,51.9317,35479676.0,21.386,21.7314,21.1374,21.2448,30314924.0,13.5992,14.0811,13.5697,13.9896,150769105.0,7.3879,7.4498,7.1197,7.1547,93086093.0,171.7737,172.192,170.4042,171.4212,9157776.0,110.0208,111.4467,109.8359,110.8948,131065254.0
2021-12-15,18.2366,18.4942,18.1687,18.2555,61343685.0,51.8722,52.4001,50.7886,51.3581,35182265.0,21.2047,21.2569,20.958,21.1143,24746580.0,14.0361,14.1451,13.5845,13.89,44201475.0,7.159,7.2201,7.0195,7.1616,14333995.0,171.1408,173.7277,168.8041,172.6212,19655836.0,111.1986,112.5747,109.7905,110.1131,85483060.0
2021-12-16,18.3156,18.9555,18.0956,18.8214,404770766.0,51.6453,52.7034,50.6799,52.5634,97892048.0,21.2052,21.7721,20.9329,21.7305,120134290.0,13.9365,14.1958,13.8479,14.1497,83283365.0,7.166,7.4341,7.1492,7.3817,102189768.0,171.5992,173.8371,169.99,171.1761,14716609.0,110.4991,112.9522,110.2721,112.6116,408215471.0
2021-12-17,18.744,19.2488,18.3266,18.5282,148981806.0,52.6009,53.4895,50.9874,51.4868,165179170.0,21.5587,22.3405,21.3767,21.551,46292868.0,14.1105,14.176,13.5942,13.8624,54622891.0,7.332,7.3833,7.1413,7.2415,36694666.0,170.7759,171.8514,169.9285,170.6659,20272718.0,112.7567,113.7674,110.9226,111.2646,106923100.0
2021-12-20,18.5104,18.6192,18.1492,18.3377,84063506.0,51.4633,51.8527,50.787,51.0795,32282702.0,21.3554,21.6613,21.0919,21.3977,13598220.0,13.8273,13.9367,13.3827,13.4352,144316119.0,7.2742,7.4396,6.9972,7.0532,70969593.0,170.4767,172.9618,169.9427,171.7319,16660033.0,110.9939,111.8072,108.7305,109.6627,135379139.0
2021-12-21,18.332,18.786,18.2037,18.6969,115955300.0,51.2305,52.5759,50.5831,52.2817,139364036.0,21.4856,22.4558,21.3628,21.9458,151766873.0,13.3987,14.1684,13.3061,14.0425,360000000.0,7.0775,7.2268,7.0136,7.1043,14492647.0,171.7102,173.397,169.8161,172.0048,7045173.0,109.7923,112.3268,108.9338,111.4745,169130345.0
2021-12-22,18.788,19.8326,18.5437,19.5382,640000000.0,52.5019,55.2441,52.1351,54.981,240000000.0,22.0289,22.9274,21.8744,22.8265,200000000.0,14.0309,15.0723,13.7925,14.7426,360000000.0,7.1098,7.1877,7.0901,7.1451,14386658.0,172.1995,173.3728,169.5696,170.2265,26399353.0,111.4666,115.8775,111.1306,115.4382,600000000.0
2021-12-23,19.5408,19.9756,19.2926,19.8568,143991138.0,54.9746,56.094,54.7312,55.6365,45726118.0,22.9426,23.1831,22.7666,23.1225,33984786.0,14.8045,14.8426,14.4193,14.7838,30085980.0,7.1755,7.1878,6.9841,6.9974,50547007.0,170.605,172.4948,169.1242,170.3267,8470480.0,115.1522,117.1598,113.6749,116.1281,54296679.0
2021-12-24,19.882,20.1265,19.7428,19.7929,47345259.0,55.5755,56.7535,55.1147,56.3649,37947360.0,23.1829,23.7553,22.875,23.0825,13050941.0,14.868,14.9212,14.4542,14.6547,35989607.0,7.0093,7.0213,6.8949,6.9923,7293728.0,169.7572,171.2646,168.3929,170.2773,6308191.0,116.6069,117.0295,114.9353,116.502,40395230.0
2021-12-27,19.7921,19.9481,19.2856,19.539,103144474.0,55.8428,56.797,55.4693,56.6933,22421441.0,23.0828,23.9082,22.6378,23.5353,48308358.0,14.6399,15.0402,14.4811,14.7251,38850187.0,6.9553,7.205,6.7778,7.1204,41747884.0,170.3244,171.1629,167.1198,168.4394,31974980.0,116.4525,116.6376,111.5099,111.9063,600000000.0
2021-12-28,19.4967,20.0389,19.3799,19.9184,130314579.0,56.7038,58.2269,56.0792,57.9587,107957358.0,23.5104,23.6669,22.7453,22.8007,130326105.0,14.8018,14.8778,14.1836,14.4846,66796144.0,7.0922,7.2757,6.9966,7.0999,8571124.0,168.0226,168.4837,166.1236,167.0265,14066880.0,111.9788,113.0578,110.0098,112.6431,107328286.0
2021-12-29,19.819,20.4174,19.7859,19.9766,43035808.0,57.8718,58.1552,57.601,57.8308,15573934.0,22.6517,22.7977,22.1865,22.5993,35451258.0,14.5149,14.6369,14.1346,14.2565,79717639.0,7.0982,7.177,6.9982,7.0198,16501702.0,166.4677,170.0532,165.8294,169.0138,31175531.0,112.4108,112.7727,111.4329,111.8133,100483832.0
2021-12-30,19.9515,20.1304,19.5795,19.811,68583005.0,57.6021,59.5757,56.8686,57.2481,26440613.0,22.613,22.9138,22.4598,22.5032,10119171.0,14.2654,14.3589,14.0874,14.225,31265612.0,6.9713,7.0091,6.6657,6.6806,144000000.0,169.1519,171.8854,168.3078,171.1447,28514152.0,111.7961,112.2275,110.4124,110.6614,97699756.0
2021-12-31,19.8454,19.9185,19.3615,19.4622,105474908.0,57.2018,58.3822,55.8583,56.0124,103047002.0,22.3712,22.7137,21.9496,22.0275,108475105.0,14.3511,14.4777,13.6183,13.8132,144742057.0,6.7114,6.7419,6.6399,6.6526,10889346.0,171.1885,172.1045,167.254,168.6272,41330341.0,110.9537,111.5378,107.2615,108.883,192393913.0
2022-01-03,19.4728,20.3423,19.3235,19.981,227239857.0,55.9205,56.633,55.3711,56.441,26049097.0,22.2511,22.7785,22.0208,22.5761,83167042.0,13.8346,14.2796,13.8056,14.1137,55486416.0,6.6467,6.6824,6.4876,6.542,26327457.0,168.837,171.1083,168.2475,168.6808,7241921.0,109.5163,110.3474,109.1827,109.7378,151309343.0
2022-01-04,20.1118,20.3029,19.6954,19.8045,95986450.0,56.4786,56.6687,55.1109,56.2317,20376481.0,22.4809,22.9219,22.3697,22.5754,18456330.0,14.1047,14.4201,14.0558,14.1794,26705398.0,6.5457,6.746,6.4644,6.6648,35841914.0,168.9274,170.3728,167.8184,169.032,8474683.0,109.2845,110.6343,108.5745,109.4512,47920296.0
2022-01-05,19.8872,20.0457,19.4034,19.6232,118110063.0,56.1699,58.735,56.0059,57.415,51305806.0,22.5684,23.0005,22.3229,22.9561,34361712.0,14.2355,14.9334,14.1094,14.7793,253785625.0,6.6381,6.8941,6.6114,6.8412,57774303.0,168.8267,169.2743,167.9265,168.7163,13486005.0,109.4581,111.5622,108.4227,111.201,168050317.0
2022-01-06,19.7308,19.9206,19.5197,19.5941,81611379.0,57.5161,58.0389,54.9224,56.3106,52658435.0,23.0982,23.3332,22.5054,22.7155,35589440.0,14.6936,14.8971,14.6681,14.8191,21624219.0,6.8593,6.9653,6.5885,6.6078,133093545.0,169.1821,170.5387,168.5302,169.2495,8284025.0,110.2185,110.9134,109.6672,110.5064,74331569.0
2022-01-07,19.4193,19.626,19.2007,19.266,125310642.0,56.3492,57.7789,54.7865,55.3983,60399554.0,22.6814,22.9125,22.0623,22.1659,90913463.0,14.8037,15.0946,14.1593,14.3996,173476196.0,6.604,6.645,6.4001,6.4516,59583899.0,168.8582,170.877,166.7618,168.2126,11236430.0,110.372,111.6535,108.4281,109.0272,148601662.0
2022-01-10,19.4006,19.9694,18.9069,18.9415,188257695.0,55.6768,56.1819,54.7376,54.826,34262471.0,22.1333,22.1809,21.5883,21.8115,51456178.0,14.4174,14.5364,14.2927,14.4065,42235077.0,6.443,6.6065,6.2894,6.5637,27292050.0,167.7657,171.828,166.4137,169.6184,17352061.0,109.0635,110.6711,108.1841,108.5132,54788718.0
2022-01-11,18.9638,19.1678,18.7257,18.8486,66721550.0,54.7108,55.043,53.7789,53.954,70116482.0,21.5817,22.2189,21.3356,22.0349,24349069.0,14.4555,14.5203,13.9018,14.2071,32305098.0,6.6018,6.7057,6.5849,6.6346,14138439.0,169.7887,172.3351,169.1929,171.0183,24271129.0,108.5634,109.0917,106.5212,107.9163,74439873.0
2022-01-12,18.8826,19.5194,18.6352,19.1807,135790852.0,54.3334,55.4523,54.146,55.0072,57360744.0,21.917,23.2104,21.6296,22.7721,138976033.0,14.2233,14.8226,14.0509,14.4492,49555048.0,6.6702,6.7073,6.53,6.5748,18227983.0,171.1109,171.9929,167.5734,169.2121,23537608.0,108.4185,114.963,108.1638,113.1066,600000000.0
2022-01-13,19.2566,19.3511,18.9376,19.1843,49168149.0,55.2389,55.7975,54.5855,54.7713,21917042.0,22.8245,22.9945,22.0073,22.2684,51881304.0,14.3615,14.7609,13.9626,14.4017,32258634.0,6.595,6.8177,6.5505,6.7822,126678772.0,168.8671,170.0512,168.556,169.7085,9168726.0,113.0337,114.3039,111.7431,113.2896,35110319.0
2022-01-14,19.1861,19.5601,18.8921,19.3627,108560264.0,55.0928,56.339,54.0689,55.3222,35711487.0,22.4214,22.9003,22.3592,22.6575,59090898.0,14.3416,14.6704,13.9082,14.6414,66124543.0,6.788,6.8806,6.7201,6.7973,11429009.0,169.3528,170.6642,167.324,167.6806,23979634.0,113.7923,114.9905,112.6636,114.2134,107135424.0
2022-01-17,19.2715,19.7512,19.0739,19.4539,53368461.0,55.3773,56.1295,54.9503,55.2962,16216421.0,22.575,22.8462,22.4816,22.7514,25984203.0,14.6116,15.1499,14.585,14.7502,44263175.0,6.7829,7.0313,6.7617,6.9123,30980458.0,167.8412,171.8973,165.0752,169.1987,17053097.0,114.2934,116.256,113.9635,114.6391,78115462.0
2022-01-18,19.5785,19.7963,18.8894,18.9943,196019496.0,55.235,55.9327,53.9793,54.205,87285371.0,22.7697,22.9542,22.299,22.3583,52795966.0,14.7671,14.8302,14.031,14.1448,349404506.0,6.9042,7.0361,6.8508,7.0191,46793631.0,169.3054,171.9974,168.2247,169.7456,12635827.0,114.4734,116.7749,112.1246,113.2332,170034704.0
2022-01-19,18.9301,19.4875,18.6646,19.441,192679052.0,54.0904,55.2831,53.8637,54.6774,24309659.0,22.6076,22.8701,22.275,22.7467,24800173.0,14.0584,14.4981,13.8931,14.3338,79741248.0,7.0095,7.2093,6.9806,7.0678,19800306.0,169.3021,169.7099,164.3366,164.7938,96000000.0,113.2944,115.5704,112.7153,114.9476,261498950.0
2022-01-20,19.3567,19.4343,18.935,19.2965,62372190.0,55.0559,56.0707,53.7333,54.7848,21732552.0,22.7995,23.2973,21.9432,22.2703,90815974.0,14.4295,14.6013,14.3104,14.4251,42630118.0,7.0792,7.2885,7.033,7.1836,21092092.0,164.527,165.4554,162.9661,164.8209,7157294.0,114.9896,116.0908,113.7243,114.8227,52817750.0
2022-01-21,19.2765,19.5291,18.9142,19.4168,90428584.0,55.0219,56.4525,54.4646,56.3223,180359359.0,22.3594,22.6064,22.0654,22.2113,17163800.0,14.4465,14.8079,14.2875,14.7376,119875918.0,7.1827,7.2128,7.0042,7.1334,15393801.0,164.4431,164.7095,163.2413,164.3007,8058628.0,114.8874,119.0404,114.7075,117.7799,509885042.0
2022-01-24,19.3837,19.4494,19.2249,19.2544,64214725.0,56.0992,56.5134,55.3315,55.9822,21260464.0,22.1418,22.1984,21.7233,21.8187,26102770.0,14.7575,14.8963,14.5656,14.7676,36249386.0,7.1332,7.3149,6.8418,6.9364,81359226.0,163.4255,165.8616,162.3394,165.2666,16070148.0,117.5472,118.6776,116.0025,116.4583,212865695.0
2022-01-25,19.2548,19.303,18.7758,18.845,163599033.0,56.1981,56.3046,55.0404,55.2807,47572373.0,21.9578,22.026,19.942,19.9942,200000000.0,14.7555,14.9637,14.4454,14.4818,63401135.0,6.9803,7.0469,6.6829,6.7531,53802045.0,165.8356,167.7296,165.2257,166.5075,21787096.0,116.2243,116.4609,113.534,114.1393,393905560.0
2022-01-26,18.8368,19.1511,18.3113,18.68,86332534.0,55.1013,55.5314,54.4547,55.1067,22892600.0,19.9376,19.9901,19.145,19.7417,26751444.0,14.3834,14.4253,14.1609,14.3616,48559555.0,6.7848,6.8555,6.5459,6.597,50930939.0,166.6076,169.0797,166.1316,167.6006,11382303.0,114.5073,114.753,111.9335,113.5271,128735454.0
2022-01-27,18.7913,19.8666,18.2871,19.6065,640000000.0,55.1771,57.7167,54.8722,56.9579,236524162.0,19.6717,20.6107,19.4988,20.5402,200000000.0,14.3677,14.6943,14.2389,14.6006,82739499.0,6.5759,6.9326,6.5433,6.878,144000000.0,168.0905,170.5984,165.6455,167.0806,7608802.0,113.8671,118.1082,113.4312,116.7437,497142308.0
2022-01-28,19.6463,20.224,19.3809,20.0222,165173040.0,57.1434,58.0153,56.8405,57.5921,38296390.0,20.665,20.7468,20.5356,20.6845,17752262.0,14.6523,14.9845,14.563,14.8588,69011035.0,6.8864,6.9447,6.7707,6.828,15947904.0,166.952,167.5282,161.1761,161.8484,96000000.0,116.4698,119.2047,116.0717,117.2176,114863174.0
2022-01-31,19.9466,20.1044,19.2862,19.6383,249680873.0,57.9236,58.1019,55.9984,56.2957,133027404.0,20.6306,20.697,20.3814,20.4781,22901136.0,14.8481,14.9163,14.4624,14.4928,110337979.0,6.8063,6.8447,6.5406,6.6591,45735641.0,161.4524,162.0566,160.864,161.2159,13599387.0,117.1728,119.2628,114.7001,115.2471,307205713.0
2022-02-01,19.576,19.6911,19.085,19.2173,163812167.0,56.3484,56.7469,53.5465,54.8052,215606357.0,20.4778,20.8105,20.2494,20.5039,18910045.0,14.5661,14.6263,13.1324,13.345,360000000.0,6.6755,6.7026,6.5579,6.5953,28845439.0,160.861,162.7821,159.8261,160.8185,6948384.0,115.3724,115.9697,112.358,113.4783,237928161.0
2022-02-02,19.1844,19.5724,18.8694,19.4127,83737275.0,54.7763,56.2304,54.5798,55.7073,66789927.0,20.6409,20.7945,20.3795,20.6671,33001884.0,13.3411,13.3843,12.9822,13.3011,24432235.0,6.6476,6.8219,6.6096,6.7714,72792240.0,160.4642,162.9303,158.4525,159.9901,11175595.0,113.7407,115.651,113.1908,115.1503,153690514.0
2022-02-03,19.3799,19.579,18.292,18.6432,425058641.0,55.717,55.9576,53.5238,54.3114,123137005.0,20.5899,20.8787,20.1953,20.548,26569835.0,13.345,13.6098,12.8839,12.9509,95204426.0,6.7616,6.8495,6.6736,6.6883,19700001.0,159.7811,161.9129,159.0717,160.9579,10557417.0,115.2118,115.7612,111.9451,112.8271,428325820.0
2022-02-04,18.6009,18.7079,18.1934,18.5253,62642872.0,54.5401,55.1024,53.1358,53.8737,30610147.0,20.5281,20.8882,20.0987,20.2833,23570615.0,12.9441,13.1787,12.8777,13.0241,60412689.0,6.71,6.7789,6.5629,6.7352,20511189.0,160.3314,162.3598,158.859,161.1959,11986601.0,113.1968,113.4165,112.0957,112.6542,65319542.0
2022-02-07,18.4355,18.7382,18.1801,18.4236,45864936.0,54.0411,54.8426,52.8405,53.227,29753005.0,20.2326,20.6101,19.1236,19.2347,200000000.0,13.0475,13.1778,12.8188,12.8808,65329945.0,6.7798,6.9269,6.6017,6.6232,33077032.0,161.039,161.3104,158.6326,160.4627,9922207.0,112.6293,113.6831,109.7006,111.4176,85304123.0
2022-02-08,18.4472,19.3033,18.0895,19.111,422098970.0,53.2236,53.4463,52.0001,52.9781,16470701.0,19.2088,19.6555,18.9745,19.3633,19832166.0,12.9337,13.4715,12.7475,13.2704,164879377.0,6.6195,6.7361,6.5174,6.7078,32107535.0,160.2306,161.3714,159.2231,160.5626,10748631.0,111.9072,113.5412,111.3455,112.5814,142546301.0
2022-02-09,19.0727,19.2161,18.5311,18.8715,63500509.0,52.5908,53.0405,51.3422,52.6099,20989301.0,19.3664,19.5301,18.7691,19.0083,86941853.0,13.2028,13.3514,12.619,12.8556,128551592.0,6.7214,6.7682,6.5592,6.5961,32967112.0,160.9162,161.6107,159.7187,160.0848,9328821.0,113.3987,114.0295,110.4617,110.9629,162123654.0
2022-02-10,18.7925,19.7363,18.7212,19.6727,594379128.0,52.1081,54.499,51.0504,54.2002,170152552.0,19.1129,19.5775,18.8166,19.4472,77993719.0,12.8949,13.1437,12.7715,13.0555,75413187.0,6.6425,6.8545,6.6036,6.7504,37204948.0,160.3016,162.3213,158.222,161.4967,16561088.0,110.9858,114.1144,110.2785,113.24,408174599.0
2022-02-11,19.7148,19.9359,18.6368,18.8484,640000000.0,54.2483,54.9575,52.0031,53.0204,83928685.0,19.5784,19.8141,18.9419,19.1672,53813090.0,13.1207,13.3184,12.3911,12.5001,356457087.0,6.7246,6.7482,6.64,6.7022,12797151.0,161.3412,164.5783,161.0728,162.8652,21959946.0,113.3605,115.1481,108.2304,110.8808,295314184.0
2022-02-14,18.919,18.955,18.4859,18.5717,112966617.0,52.7743,53.9794,52.3454,53.0391,24778225.0,19.1795,19.2623,18.8317,18.9971,30299924.0,12.6301,12.7503,12.1691,12.1994,111464635.0,6.6738,6.8206,6.3938,6.488,141966652.0,163.0606,166.8635,160.9707,165.0827,32629861.0,110.5857,111.1367,109.2105,109.6119,191217888.0
2022-02-15,18.5516,18.6208,18.1405,18.5849,41542427.0,52.9288,55.0267,52.7889,54.0192,35518078.0,18.9407,19.0906,18.6501,18.8476,27276768.0,12.2035,12.4231,11.9464,11.9904,129748163.0,6.455,6.4925,6.4104,6.4566,18233204.0,164.6277,165.4973,160.0102,161.5926,96000000.0,109.5586,109.8853,107.6969,109.0378,70335255.0
2022-02-16,18.7315,18.8437,18.4072,18.4677,62247109.0,53.971,55.2713,52.9229,54.1161,19066256.0,18.9,19.1411,18.4947,18.8138,14268826.0,11.8721,12.2437,11.7916,12.0873,66163924.0,6.4766,6.6139,6.4522,6.6017,36078590.0,161.0793,163.9566,160.046,162.8834,16087090.0,109.0931,110.3426,107.8377,109.4534,74259640.0
2022-02-17,18.6491,18.7343,18.084,18.4561,40395986.0,54.5603,55.411,53.3363,53.526,42310562.0,18.8142,19.1253,18.1083,18.2371,181593008.0,11.986,12.8133,11.9474,12.6909,301789728.0,6.5743,6.6988,6.5449,6.6489,23598469.0,162.8448,165.8291,160.7428,165.5015,39267989.0,109.6703,110.3496,107.6712,108.9019,89450657.0
2022-02-18,18.4966,18.5393,17.9747,18.069,184114458.0,53.5518,53.7701,52.226,53.2264,31603331.0,18.24,18.3706,17.8298,18.1102,28885339.0,12.6378,12.9234,12.5269,12.7665,39445717.0,6.6642,6.7555,6.6141,6.6304,15660309.0,165.5441,166.2552,162.6702,164.1736,15333723.0,108.8387,109.5901,107.0501,108.2812,81216049.0
2022-02-21,18.0317,18.2208,17.3533,17.5723,284540713.0,53.3775,53.7476,51.3322,51.6147,177669661.0,18.0338,18.0742,17.7047,17.8493,36569371.0,12.8441,12.9382,12.5654,12.5913,61873816.0,6.6674,6.7813,6.5995,6.6198,9478611.0,164.1156,164.6562,160.9945,161.8055,50676816.0,108.5106,108.9671,105.8922,106.6059,172514604.0
2022-02-22,17.5931,17.6452,16.6929,17.1822,216579436.0,51.7173,51.9687,51.0533,51.4549,22845273.0,17.7315,17.7587,17.2643,17.585,36661988.0,12.7227,13.0167,12.1904,12.2836,129920521.0,6.6019,6.6738,6.5746,6.5995,12128139.0,162.3593,163.7154,160.6179,161.0639,12116474.0,106.4926,107.4444,105.8097,105.9758,90298540.0
2022-02-23,17.0897,17.1449,16.7976,16.9467,106777287.0,50.9666,51.3201,50.1222,50.2275,108291817.0,17.5837,17.7594,16.8759,16.9064,200000000.0,12.26,12.4041,11.2006,11.2536,360000000.0,6.579,6.6098,6.4348,6.5088,15703542.0,161.3431,161.8658,157.6545,159.3155,20085283.0,106.2793,106.5305,102.4674,104.391,197972712.0
2022-02-24,16.8817,17.6202,16.7629,17.1329,82857217.0,50.1485,51.0462,49.3081,50.5651,30617322.0,16.8326,16.9279,16.4476,16.7302,36278568.0,11.2565,11.6861,11.207,11.4789,86991264.0,6.5267,6.6531,6.4098,6.4745,12212890.0,159.7316,161.11,155.3481,157.0207,25880449.0,104.5138,107.1654,103.959,105.4262,122647378.0
2022-02-25,17.0063,17.3852,16.9105,17.2386,81047524.0,50.3228,51.0883,50.1125,50.8471,25031809.0,16.6939,16.7947,16.2423,16.6563,20129508.0,11.3398,11.8002,11.1204,11.5895,34534569.0,6.4758,6.4863,6.3827,6.4289,15719995.0,156.8019,158.19,155.119,156.5009,10303653.0,105.5368,106.4652,104.8784,105.9332,62426187.0
2022-02-28,17.1909,17.3821,16.629,17.0245,119454104.0,51.194,51.2963,49.0239,49.5877,188897724.0,16.7577,16.7912,16.0743,16.1969,114441318.0,11.6252,11.805,11.3912,11.4687,62266189.0,6.367,6.3951,6.2814,6.2916,51923252.0,156.6321,157.4751,155.306,156.5055,5227191.0,105.7951,107.4884,103.9039,104.4033,122681799.0
2022-03-01,16.9323,17.2371,16.8111,17.1565,73638293.0,49.2338,49.9112,48.9243,49.3898,25802802.0,16.1922,16.3569,16.1556,16.2483,15816147.0,11.4759,11.528,10.9636,11.3804,51872864.0,6.3312,6.4359,6.1416,6.2314,19421458.0,156.0945,156.8739,143.2405,143.716,96000000.0,104.3785,104.7334,102.8076,104.1376,54699936.0
2022-03-02,17.2038,17.4254,16.7857,17.1273,66458976.0,49.308,49.5533,49.0204,49.4386,18648999.0,16.3221,16.486,15.4929,15.6303,200000000.0,11.367,11.4244,10.8902,11.1311,151954466.0,6.2455,6.2822,6.181,6.193,16086681.0,143.4514,147.0312,141.5041,146.7602,96000000.0,104.0272,104.3473,101.8498,102.8088,137956080.0
2022-03-03,17.0708,17.399,16.8922,17.1621,51462744.0,49.3878,50.5563,48.9866,50.2665,48527631.0,15.6493,15.7072,15.3723,15.5538,13545808.0,11.0805,11.417,10.9098,11.2477,39452312.0,6.1833,6.2571,6.1245,6.1461,13521463.0,146.8827,147.2836,145.1141,145.7475,11036515.0,103.0624,104.1074,102.3395,102.9825,53043654.0
2022-03-04,17.1831,17.4919,16.6261,16.9278,107463186.0,50.0717,51.7044,49.6436,51.2215,63415602.0,15.591,15.9932,15.3525,15.7705,45982614.0,11.229,11.6582,11.0395,11.497,106261630.0,6.1356,6.2341,6.124,6.2104,22941341.0,145.4211,146.1338,142.7243,143.1376,36214556.0,102.5876,104.4195,100.5745,104.0436,120707174.0
2022-03-07,16.9837,17.4156,16.9433,17.2367,147703514.0,51.2419,52.4105,50.5767,51.37,29943329.0,15.7351,16.1418,15.6786,16.037,59852215.0,11.4241,11.8267,11.3894,11.7207,139930548.0,6.2282,6.5314,6.1671,6.4407,144000000.0,142.8525,143.1479,141.2753,141.6898,21346790.0,103.8354,106.0084,103.404,105.2477,121949128.0
2022-03-08,17.3259,17.5009,16.8242,17.1127,74772191.0,51.3614,53.3243,50.5442,51.8756,18657425.0,16.1129,16.1588,15.6963,15.7729,42775419.0,11.6731,11.8989,11.3004,11.3966,123729815.0,6.4395,6.4965,6.3525,6.4544,12883395.0,141.8436,143.3836,139.9086,141.1018,10024841.0,105.6083,106.0682,104.2996,104.8542,104292910.0
2022-03-09,17.086,17.6677,16.9628,17.3858,102505198.0,51.9089,53.0358,51.6228,52.1106,23568158.0,15.793,16.776,15.5542,16.7038,200000000.0,11.3284,11.7534,11.092,11.6996,101512311.0,6.4559,6.5493,6.3467,6.3961,19375507.0,140.8305,142.8954,138.1802,139.2506,25505714.0,104.91,106.7985,104.3669,105.5264,74859746.0
2022-03-10,17.4096,17.4857,17.179,17.2538,46163661.0,52.2138,52.4758,51.3733,51.7942,26023847.0,16.6857,16.8291,16.6075,16.6908,15978836.0,11.6435,11.969,11.5152,11.7966,44985131.0,6.4,6.4714,6.3488,6.3678,11355036.0,139.5886,141.475,138.5087,141.1228,34113628.0,105.8928,106.9021,103.5083,104.554,111856818.0
2022-03-11,17.2799,17.972,17.1844,17.4719,110714188.0,51.8426,52.1281,51.373,51.7601,19618186.0,16.7121,17.2328,16.5763,16.9851,66580532.0,11.7324,11.9142,10.9537,11.033,360000000.0,6.3465,6.3772,6.3247,6.3442,11860335.0,141.0466,141.7411,140.6127,141.4285,7911885.0,104.8002,106.9941,104.3737,105.1792,123731528.0
2022-03-14,17.5702,17.782,17.2889,17.656,110346069.0,51.8377,53.3329,50.3806,51.5518,23921676.0,16.9354,17.2063,16.7395,16.9135,29110923.0,11.0632,11.1924,10.9075,11.0261,21761843.0,6.3348,6.4447,6.2756,6.3676,9314824.0,141.3669,143.2912,140.1191,142.066,19495636.0,105.4577,105.9427,103.9667,104.6487,54630431.0
2022-03-15,17.7171,17.8854,17.4427,17.7455,48220907.0,51.778,51.8618,51.2761,51.5538,24123497.0,16.8932,16.9339,16.6785,16.7872,28014175.0,10.9663,11.0131,10.2722,10.3343,360000000.0,6.3627,6.3883,6.3109,6.3672,6911331.0,142.156,142.5145,135.8081,136.9911,96000000.0,104.7736,105.9316,104.3738,104.5849,54162321.0
2022-03-16,17.8477,17.9584,17.2774,17.4588,173896207.0,51.2201,51.5246,50.7853,51.2617,26018063.0,16.7834,16.9592,16.4258,16.5099,39862330.0,10.3317,10.4049,9.8932,10.1869,48903065.0,6.3474,6.5184,6.2394,6.503,45562438.0,136.9446,140.0227,135.124,138.3295,15245579.0,104.3901,105.344,103.2749,104.2507,47912940.0
2022-03-17,17.3311,17.4737,16.8302,17.291,56117395.0,51.4031,51.5523,50.3556,51.2035,17667549.0,16.4744,16.5986,16.2601,16.4057,25951179.0,10.1345,10.2991,9.9773,10.1122,46459060.0,6.5103,6.6571,6.4757,6.5447,18119676.0,138.4271,139.1645,136.5275,137.4304,15429444.0,104.273,105.1796,103.272,104.3832,44440592.0
2022-03-18,17.2404,17.3397,17.0945,17.2277,48992744.0,50.9931,52.4719,50.1973,51.3913,27609051.0,16.5108,16.7117,16.3593,16.663,48615362.0,10.062,10.3399,10.0012,10.2939,64624302.0,6.5577,6.5823,6.2296,6.4284,29652055.0,137.1131,138.1277,136.3862,137.679,8987039.0,104.0145,105.3908,102.8806,104.6643,60411471.0
2022-03-21,17.3063,17.6387,17.2331,17.4862,185226430.0,51.2615,52.7412,50.8738,51.2911,28024281.0,16.6347,16.869,16.5013,16.603,19360603.0,10.2409,10.5132,10.2226,10.4342,51926957.0,6.473,6.5866,6.3019,6.3903,20589113.0,136.7382,137.055,136.1673,136.8451,12483746.0,104.6152,105.74,103.871,105.2485,98812895.0
2022-03-22,17.531,17.6481,17.3985,17.4567,53815225.0,51.3156,51.4096,50.2214,50.3462,80621991.0,16.7452,16.9013,16.2585,16.3622,32088041.0,10.4825,10.5391,10.3515,10.383,41455344.0,6.3705,6.491,6.2312,6.2652,36551459.0,136.3588,138.3795,135.2701,136.4979,5879743.0,105.086,105.3332,104.0569,104.4423,71925881.0
2022-03-23,17.4471,18.1901,17.3249,17.8464,182764705.0,50.4278,52.1538,50.112,51.4358,108361666.0,16.3667,16.565,16.2616,16.5259,33043660.0,10.3741,10.8603,10.0733,10.7151,173048919.0,6.2881,6.4003,6.2635,6.3028,14964010.0,136.3414,137.2749,132.7072,134.1246,78246951.0,103.8927,106.2362,103.4764,105.9958,209359263.0
2022-03-24,17.8091,18.5292,17.6495,18.2895,248070645.0,51.543,52.5085,50.5144,52.3605,60622152.0,16.51,16.9581,16.3468,16.7998,51468057.0,10.6774,11.2531,10.5285,11.1321,190771627.0,6.3397,6.3712,6.2244,6.2361,27266307.0,134.2905,135.6572,130.5279,131.7034,42019869.0,106.124,107.8012,104.9853,107.0261,95149673.0
2022-03-25,18.3532,18.5812,18.3009,18.3946,87453167.0,52.1661,53.5204,51.356,52.636,25340120.0,16.7651,17.3203,16.5508,17.1421,110331673.0,11.0794,11.4558,10.9456,11.2748,45418638.0,6.2604,6.3602,6.1195,6.2345,9311849.0,132.4218,133.4811,130.0659,131.1792,13206005.0,107.1256,108.1635,106.7061,107.6935,93379162.0
2022-03-28,18.2348,18.4948,17.6794,17.8451,240816597.0,52.9751,53.8156,52.7319,53.0375,42589653.0,17.1718,17.3643,17.0942,17.1356,14419920.0,11.2035,11.4005,11.1697,11.2519,33673375.0,6.2218,6.3302,6.1216,6.2751,18585160.0,130.9833,136.1998,130.5018,132.1381,21333382.0,108.0795,109.5304,105.9879,107.3267,75261988.0
2022-03-29,17.9076,18.1758,17.2806,17.6327,137850132.0,52.9503,53.84,52.0731,52.9262,22040585.0,17.1984,17.3658,16.9561,17.117,22698094.0,11.2137,11.4494,10.9164,11.0947,66627343.0,6.2671,6.5385,6.2447,6.411,54809033.0,131.9205,133.0908,131.6925,132.3554,7411845.0,106.9551,107.5843,106.1254,107.3992,52242299.0
2022-03-30,17.6398,18.2303,17.2176,18.0558,194928930.0,52.7765,53.9137,52.2706,53.768,51578198.0,16.94,17.5147,16.6661,17.4334,74354551.0,11.0197,11.5154,10.8454,11.407,172558133.0,6.451,6.5074,6.3298,6.4093,8507457.0,132.4679,132.9493,129.943,131.6393,15654079.0,107.7287,109.1833,106.5024,108.8097,133907222.0
2022-03-31,18.0169,18.1989,17.2163,17.739,174788919.0,53.4994,54.5149,53.0649,54.415,41295615.0,17.4338,17.5508,16.862,17.1853,39715325.0,11.3836,11.5986,10.9611,11.1843,74286342.0,6.4044,6.6125,6.3124,6.5329,34041274.0,131.7128,133.5804,130.2767,132.5641,19301512.0,108.0967,109.0763,101.6329,102.0244,600000000.0
2022-04-01,17.7783,18.1778,17.4194,17.9149,73702046.0,54.1222,56.0889,53.9838,55.6018,110434419.0,17.0459,17.5189,16.9342,17.4172,49913582.0,11.147,11.7964,11.0616,11.7197,360000000.0,6.5321,6.5876,6.3923,6.4172,49628895.0,132.6495,133.1456,132.3773,132.8637,6590328.0,101.9819,103.8801,101.0075,103.3284,151185723.0
2022-04-04,17.8845,18.3612,17.8459,18.1835,184082302.0,55.2962,56.951,55.1157,56.021,38670164.0,17.4873,17.6908,17.4158,17.5053,16329347.0,11.6766,11.9563,11.4965,11.8797,47610821.0,6.4045,6.5553,6.3775,6.5441,57650117.0,132.7781,133.7887,130.2204,133.024,10981938.0,103.9089,104.986,102.0946,104.5119,101077054.0
2022-04-05,18.1858,18.3547,17.7955,17.8447,156658101.0,56.0903,56.6223,55.0222,55.1706,42782409.0,17.5771,17.797,17.0656,17.0946,74460636.0,11.9494,12.1123,11.4979,11.6065,89713937.0,6.5648,6.6643,6.5522,6.6167,25925655.0,132.3618,135.0729,132.0547,133.3515,9582834.0,104.5034,105.2761,103.7595,104.0077,78086824.0
2022-04-06,17.841,17.9435,17.7117,17.8906,37514344.0,55.302,56.1705,55.1107,55.2821,21022582.0,17.0975,17.7865,16.6398,17.1389,14501311.0,11.5931,11.7582,11.3963,11.5422,34728719.0,6.5504,6.7261,6.5358,6.6345,9687114.0,133.4178,135.2375,132.8807,134.4912,10558979.0,103.7912,104.7434,103.1309,104.0244,59609522.0
2022-04-07,17.9494,18.1224,17.5629,17.6271,135488053.0,55.0943,55.781,53.5727,54.193,74836461.0,17.1535,17.3088,16.4271,16.8034,56138666.0,11.5323,11.6861,11.1232,11.3571,51276563.0,6.6126,6.76,6.4956,6.7313,35451251.0,134.475,135.2554,131.4454,132.8549,29719446.0,103.9998,105.1513,102.0582,103.0463,91880965.0
2022-04-08,17.6395,18.0061,17.2136,17.6572,68259694.0,53.9499,54.4717,53.085,53.2111,65240794.0,16.7053,17.1642,16.4455,16.5062,30734282.0,11.4261,11.4528,10.9259,11.1195,123439476.0,6.7043,6.7585,6.5629,6.6496,22530629.0,132.3241,134.1581,131.8035,133.0975,7115794.0,103.2944,103.6218,100.4287,101.8309,164660755.0
2022-04-11,17.5092,17.5734,17.3457,17.4704,121829431.0,53.1668,53.6698,52.5413,53.0523,28833546.0,16.4692,16.8903,16.4096,16.7188,54957059.0,11.0483,11.3832,10.9983,11.3418,98737758.0,6.693,6.7665,6.4457,6.466,55981589.0,133.2926,134.3303,132.8619,133.656,12120834.0,101.7495,107.0078,100.392,106.1793,600000000.0
2022-04-12,17.3635,17.6014,17.2483,17.5036,51131536.0,53.0726,53.4818,52.3623,52.8825,19806157.0,16.677,16.7976,16.5939,16.7159,12877817.0,11.3157,11.4614,11.1229,11.3503,20870861.0,6.4722,6.5308,6.3716,6.4275,13055660.0,133.902,135.731,131.7234,132.2525,19720626.0,106.2974,107.6075,105.3711,105.9498,70851272.0
2022-04-13,17.4201,17.7781,17.3224,17.5613,67287187.0,52.9373,54.082,52.8268,53.3136,26466560.0,16.6852,17.1454,16.4506,16.9466,45591767.0,11.2675,11.4084,11.1414,11.3776,27366210.0,6.4222,6.5542,6.3323,6.4885,18668642.0,132.4386,133.6054,132.2354,133.0151,11144760.0,106.0642,107.1438,104.891,106.7929,122647893.0
2022-04-14,17.5967,17.8863,17.4732,17.5283,44899228.0,53.1116,53.4947,52.462,53.1069,18055505.0,17.0072,17.0798,16.5812,16.931,15602408.0,11.3813,11.6664,11.1141,11.1929,55935255.0,6.4831,6.5171,6.4294,6.4803,14213479.0,132.8788,133.9978,130.8247,133.7969,10213349.0,106.9593,107.2663,106.2562,106.4976,54087349.0
2022-04-15,17.5714,17.7815,17.2489,17.4303,74536846.0,53.0719,53.4924,51.6251,53.0107,18095903.0,17.0201,17.1167,16.4725,16.736,29957638.0,11.225,11.7178,11.0869,11.2212,27940325.0,6.4438,6.5143,6.3274,6.4775,8348707.0,133.8714,135.4908,132.2532,133.3297,10565711.0,106.8109,107.1472,105.8295,106.1043,73722256.0
2022-04-18,17.5592,17.6145,17.0333,17.3963,54893176.0,53.3388,53.5263,51.7044,52.678,22135318.0,16.7779,16.8581,16.6988,16.7811,12143565.0,11.0934,11.1626,11.0715,11.1413,31567772.0,6.5135,6.6924,6.4654,6.6489,52584823.0,133.0283,136.5142,132.2864,134.8789,29677757.0,106.7014,107.0986,105.691,105.9511,59128503.0
2022-04-19,17.3187,17.6447,17.2681,17.4031,21860222.0,52.4308,53.2938,50.9316,52.3187,22340542.0,16.7589,16.9154,16.4694,16.662,18399341.0,11.1866,11.7747,10.817,11.3547,140810311.0,6.6393,6.6509,6.5333,6.6312,10636511.0,134.4089,137.0929,133.1941,135.0911,7935619.0,105.9774,107.4611,104.5681,105.9255,31344225.0
2022-04-20,17.5039,17.5815,16.8294,17.0843,120279285.0,52.3127,52.7276,50.9435,51.2,68420592.0,16.6112,16.7517,15.9005,16.1753,113493488.0,11.3714,11.4061,10.8703,10.9785,140986670.0,6.6474,6.6935,6.1893,6.3141,144000000.0,135.0574,136.6847,133.7887,136.3311,18161213.0,106.0225,107.1122,102.8182,103.8184,390586025.0
2022-04-21,16.9389,17.2842,16.8348,17.1145,52153223.0,51.3009,51.7066,49.9861,50.4935,38564938.0,16.1813,16.2083,15.6834,15.9569,32996732.0,10.9804,11.1389,10.5272,10.8117,47518728.0,6.2971,6.3372,6.1718,6.2213,34564575.0,135.8161,138.3737,135.2759,137.4113,17264304.0,103.4696,104.3042,102.6212,102.9712,83856472.0
2022-04-22,17.1158,17.1999,16.4536,16.7551,193834223.0,50.3015,51.0073,49.653,50.1422,23174972.0,15.9763,16.0793,15.7252,16.0442,16042753.0,10.7485,11.0497,10.4526,10.9904,65887092.0,6.2198,6.5588,6.1945,6.4879,144000000.0,137.3651,139.1106,135.138,135.9471,30708287.0,103.2473,104.613,101.4573,104.178,145708812.0
2022-04-25,16.7733,16.8861,16.4095,16.6368,70597256.0,50.263,50.6472,48.9448,49.5815,42849468.0,16.0297,16.2801,15.6306,15.9663,16504254.0,11.0306,11.1962,10.6767,10.8257,65969293.0,6.4635,6.551,6.3862,6.5254,8584839.0,135.9293,137.2906,133.816,134.1282,25244768.0,104.5806,105.2791,103.0152,103.6447,65013887.0
2022-04-26,16.6545,17.2004,16.4845,17.0041,198319924.0,49.3208,51.3382,49.1475,50.2656,28652523.0,15.9233,16.4063,15.79,16.2052,45712958.0,10.9121,11.1595,10.7367,11.0588,97978768.0,6.5187,6.8251,6.4989,6.7091,69090136.0,133.8523,134.7485,130.7959,131.1854,66155735.0,103.8471,106.8439,102.5116,105.549,284727423.0
2022-04-27,16.9809,17.3706,16.6692,16.9096,86738420.0,50.3913,50.6834,48.9939,50.1491,16486008.0,16.2461,16.6149,16.1529,16.3321,30241042.0,11.0375,11.2098,10.987,11.1509,52610549.0,6.7377,6.7588,6.5286,6.617,28035124.0,131.8286,133.0215,128.1715,128.6178,51321908.0,105.1351,105.3194,104.9073,105.0731,83581100.0
2022-04-28,16.9184,17.4132,16.6162,17.2966,223606656.0,50.1577,51.1192,49.5787,50.8342,45157106.0,16.3798,16.4558,16.2872,16.3255,10556908.0,11.1342,11.6874,11.105,11.6611,360000000.0,6.6199,6.6546,6.4941,6.5261,21899166.0,128.4239,128.8321,125.8474,126.7528,24881639.0,104.9527,107.0596,103.9598,105.7613,61715192.0
2022-04-29,17.2026,17.267,16.5873,16.9279,106134151.0,50.551,50.8444,50.2565,50.6737,27921748.0,16.238,16.4535,16.1436,16.1738,21815943.0,11.6624,11.6984,11.4287,11.5604,34023086.0,6.5361,6.6011,6.4226,6.4806,13574641.0,126.8206,128.1811,126.061,127.8136,13786285.0,105.7767,107.1756,104.8697,105.0565,53943194.0
2022-05-02,16.9926,17.287,16.8948,17.0139,100869989.0,50.8111,51.4073,50.3915,51.1294,30626295.0,16.1484,16.7069,16.0173,16.2319,18823050.0,11.5386,11.7444,11.4921,11.7054,71079226.0,6.4822,6.5713,6.3277,6.4802,11593281.0,127.7521,128.7429,127.0403,127.4301,12528030.0,104.8016,106.6094,104.2692,105.4604,55243196.0
2022-05-03,17.0327,17.1883,16.7279,16.8631,49960797.0,50.9493,51.1607,49.6649,50.4454,44213081.0,16.2836,16.3232,15.9442,16.1493,19133786.0,11.6956,11.9697,11.599,11.7789,42995886.0,6.5236,6.6643,6.4409,6.593,41484455.0,127.7321,128.1801,124.1126,125.7191,21530067.0,106.1036,106.7001,105.1144,105.6629,66478399.0
2022-05-04,16.89,16.9509,16.4771,16.7546,86534127.0,50.415,51.1193,50.2064,50.5268,18210392.0,16.2148,16.3388,15.8784,15.9736,27915940.0,11.8363,11.9872,11.7212,11.7457,41780127.0,6.571,6.6506,6.4632,6.6303,14292189.0,125.6132,126.2068,121.8254,123.8247,37703934.0,105.7857,106.8135,103.6855,106.3579,65804722.0
2022-05-05,16.734,17.2036,16.5066,17.1427,141017138.0,50.6523,51.9812,48.8929,51.1976,28511321.0,15.9778,16.4578,15.8008,16.4207,130628878.0,11.742,12.1079,11.6687,11.9517,75421846.0,6.6266,6.8568,6.5585,6.7897,62277807.0,123.43,124.6175,119.2698,120.3801,96000000.0,106.6392,109.9761,106.2778,108.9067,443519129.0
2022-05-06,17.1179,17.7371,16.936,17.5861,356113292.0,51.0036,52.0211,50.6121,51.9096,55605122.0,16.4453,16.5465,16.1628,16.3231,22246579.0,11.968,12.3512,11.8764,12.1132,76066115.0,6.795,6.8628,6.5082,6.7037,28222480.0,120.506,121.1516,119.9325,120.4192,6865511.0,109.1995,110.0668,107.368,109.5916,106991493.0
2022-05-09,17.6269,17.7237,17.1338,17.282,134208777.0,51.8017,52.8554,51.4981,51.8924,19702947.0,16.3399,16.4469,16.0576,16.364,10987852.0,12.2301,12.4326,12.0929,12.2102,20747536.0,6.6765,6.7714,6.6543,6.7003,7794169.0,119.964,120.8582,118.1466,118.7003,45365700.0,109.6264,111.3127,109.128,109.7376,66991187.0
2022-05-10,17.4036,17.4768,17.0028,17.1853,70790733.0,52.123,52.4002,50.7,50.9382,83009177.0,16.4281,16.6325,16.2501,16.4054,13517904.0,12.2949,12.4909,12.1408,12.4179,63848651.0,6.7038,6.7491,6.6821,6.6975,7770163.0,118.4469,122.2462,117.8156,120.9706,54354663.0,109.3647,109.555,108.325,109.1846,83537911.0
2022-05-11,17.08,17.2949,16.7646,17.056,44666334.0,50.5248,50.8378,49.9755,50.3332,76567493.0,16.3311,16.6312,15.9515,16.5417,16607096.0,12.3567,12.4088,12.1018,12.2484,47045345.0,6.6983,6.826,6.6777,6.7753,20873564.0,120.8151,122.6309,119.2382,120.1173,13523498.0,109.429,110.2447,107.2976,108.7942,66595595.0
2022-05-12,16.9478,17.4414,16.8305,17.3542,171319420.0,50.6151,50.952,48.6143,48.8766,111511874.0,16.5598,16.8836,16.1509,16.6166,18263612.0,12.3498,12.5508,12.2626,12.5235,120612081.0,6.7785,7.0618,6.7642,6.9963,87222936.0,119.9744,121.84,119.4411,120.2184,6603375.0,109.4163,110.9743,108.971,109.9593,163220162.0
2022-05-13,17.3746,17.404,17.0895,17.1842,95203683.0,48.5957,49.0379,48.0609,48.58,18047369.0,16.5562,16.6553,16.2915,16.5644,12393332.0,12.6053,12.7218,12.1108,12.3003,64331785.0,6.9997,7.166,6.8943,7.0715,18619421.0,120.1135,120.5209,119.4655,120.2239,7603894.0,109.8415,112.0243,107.6482,109.0639,88147126.0
2022-05-16,17.159,17.4876,16.6622,16.8907,165381543.0,48.4464,48.6466,47.602,47.7558,72351019.0,16.6384,16.9327,16.0812,16.3154,26805081.0,12.3874,12.4082,12.2997,12.3805,47616713.0,7.0521,7.2037,6.9887,7.0737,9868026.0,120.0949,121.4923,118.7105,119.3077,32401373.0,108.8888,109.0599,107.8657,108.2625,106811001.0
2022-05-17,16.9,17.129,16.4833,16.772,89938170.0,47.8089,48.1901,46.8945,47.6764,17177970.0,16.2448,16.4064,15.9414,16.3592,9989462.0,12.3439,12.8051,12.2454,12.5405,67964985.0,7.0268,7.1743,7.0092,7.0816,10479214.0,119.3455,121.4199,118.6147,120.9802,34481984.0,108.5203,108.9678,107.8378,108.3723,37538937.0
2022-05-18,16.7703,16.9223,16.3584,16.5501,113609532.0,47.7897,48.4725,47.6964,48.3377,36760358.0,16.3866,16.7055,16.1765,16.4577,34979305.0,12.553,12.6503,12.3879,12.467,30818377.0,7.0869,7.3292,7.0436,7.274,37142026.0,120.7732,123.4688,120.0319,123.1743,52753622.0,108.6565,109.1808,107.04,108.7968,93294645.0
2022-05-19,16.5956,16.9189,16.1236,16.39,80714334.0,48.3944,49.2313,47.4208,47.9222,29617120.0,16.3982,16.6107,16.362,16.4526,9973354.0,12.4439,12.6036,12.3162,12.582,46960731.0,7.2475,7.4228,7.1844,7.3378,19170161.0,123.3093,123.6369,122.6422,123.1098,5509122.0,109.1504,110.4704,108.5201,109.0094,65689069.0
2022-05-20,16.3693,16.5498,15.7602,16.2861,55251200.0,47.9311,48.5281,47.1935,48.2181,22547690.0,16.5034,16.7542,16.0553,16.4172,14848402.0,12.5892,12.9032,12.4732,12.6494,32871946.0,7.335,7.3755,7.2633,7.3396,9444829.0,122.849,123.7785,121.6952,122.8591,12971456.0,108.9658,109.2486,108.373,108.9674,50547753.0
2022-05-23,16.1996,16.6987,16.0188,16.663,186398232.0,48.1354,48.9296,47.7779,48.5744,44403812.0,16.4468,16.748,16.4073,16.4624,17034485.0,12.7545,13.1752,12.6759,13.0992,233767107.0,7.3171,7.5555,7.2771,7.517,60158993.0,122.4667,124.5312,118.6104,119.3805,96000000.0,108.923,110.9787,108.0619,110.4876,163723214.0
2022-05-24,16.6051,16.8281,15.8368,16.1253,552925267.0,48.8739,49.5659,46.2846,47.0355,240000000.0,16.4786,16.5254,15.419,15.5102,200000000.0,13.1079,13.2079,12.4419,12.56,360000000.0,7.4716,7.5648,7.1243,7.3027,70077044.0,119.0407,120.6628,117.2122,120.2388,13241222.0,109.6675,110.6048,106.5298,106.6921,600000000.0
2022-05-25,16.1139,16.3032,15.987,16.1354,37147141.0,47.1788,47.4269,46.4405,46.8369,15100206.0,15.6353,15.8002,15.5721,15.7183,42543013.0,12.4583,12.9383,12.3717,12.8068,78343393.0,7.3135,7.559,7.2594,7.4174,26400388.0,120.1142,121.3192,119.2372,119.4189,14112082.0,106.7073,108.2799,106.2915,107.7981,122030290.0
2022-05-26,16.0463,16.3355,15.5943,15.6862,189063050.0,47.0542,47.3238,44.6111,45.2779,150133217.0,15.6732,15.796,15.1958,15.2964,99438034.0,12.7843,12.985,12.6471,12.7741,19205635.0,7.4387,7.4885,7.2257,7.3347,20372349.0,119.7114,120.1073,119.0292,119.5494,11829091.0,107.6259,109.3243,103.4136,105.4241,378097102.0
2022-05-27,15.6836,16.0831,15.6448,15.9367,100793278.0,45.2028,46.4529,45.0006,46.2024,63532948.0,15.3545,15.8186,15.1988,15.6536,66453275.0,12.7346,13.1193,12.5644,12.9261,60750529.0,7.3679,7.4558,7.2462,7.3263,14038000.0,119.5411,120.3583,117.0823,117.4622,46598215.0,104.7667,108.6251,103.7202,106.753,179349883.0
2022-05-30,15.9409,16.2071,15.5894,15.6227,197791205.0,45.7808,45.9263,44.693,45.0205,99825003.0,15.7289,15.8976,15.1788,15.2805,84891554.0,13.0359,13.2105,12.3938,12.5529,207518140.0,7.3129,7.4411,7.0278,7.0911,97155407.0,117.3259,118.776,116.4322,118.2939,15159697.0,107.3276,110.1995,104.4211,104.7568,188593317.0
2022-05-31,15.5981,15.7837,15.2053,15.5305,60903290.0,45.2017,45.4136,43.3734,43.9508,84749549.0,15.3385,15.362,14.6656,15.0724,39486085.0,12.5047,12.5489,12.3346,12.482,23135141.0,7.0923,7.2075,6.9321,7.1101,15856507.0,118.2819,119.1153,116.1114,116.5277,21049449.0,104.8285,105.1002,103.5714,104.7177,53447337.0
2022-06-01,15.5448,15.6515,14.9837,15.278,155719527.0,44.0125,44.3908,43.168,43.4979,34533853.0,15.0306,15.2649,14.8656,15.0941,15447165.0,12.458,12.5446,12.393,12.5212,29871162.0,7.12,7.1772,6.9899,7.1029,13575417.0,116.173,116.5362,115.7144,116.0576,13616946.0,104.1896,104.7324,103.5769,104.4483,41786136.0
2022-06-02,15.1697,15.4845,15.0452,15.4479,56506648.0,43.5292,44.2015,43.0932,43.5257,15459281.0,15.0797,15.1439,14.8544,15.0205,23047601.0,12.4992,12.5865,12.1837,12.2281,88043016.0,7.1327,7.3465,7.0637,7.1517,14981976.0,115.5596,116.1207,114.0448,115.6953,8895639.0,104.5598,105.1553,99.4738,100.3097,600000000.0
2022-06-03,15.3831,15.7237,15.1645,15.533,30267376.0,43.4286,44.4178,43.2934,44.2831,43696237.0,14.9833,15.4137,14.921,15.0641,14510732.0,12.3209,12.6788,12.1398,12.5123,140777281.0,7.1006,7.1583,6.9927,7.1376,10037400.0,115.4077,117.1621,115.0472,116.1791,13595112.0,100.8401,101.1688,100.1019,100.6359,39986190.0
2022-06-06,15.4549,16.1623,15.2139,15.5845,58734623.0,44.2224,44.5432,42.8024,43.459,53296063.0,15.0458,15.2567,14.8263,14.8887,30772128.0,12.5692,12.6067,12.2132,12.4434,47132235.0,7.0949,7.1273,6.9878,7.0871,14761052.0,115.8724,116.7443,113.7853,114.8924,29057235.0,100.9798,101.6042,99.1269,100.1384,62711613.0
2022-06-07,15.645,15.7542,15.4038,15.543,67663150.0,43.3566,43.5534,42.4226,43.1468,41979252.0,14.8375,15.2997,14.7125,14.8232,13609695.0,12.4768,12.9495,12.4451,12.7785,109043997.0,7.1275,7.1509,6.8831,7.0127,20642726.0,115.5891,117.0434,115.0907,115.8787,18959472.0,100.4131,101.5441,100.2526,100.4622,64887427.0
2022-06-08,15.7018,15.927,15.483,15.5756,33012077.0,43.1544,43.376,41.4751,42.1286,92899789.0,14.8011,14.9659,14.3566,14.5445,51829943.0,12.7926,12.8234,12.4879,12.5089,68844149.0,6.9645,7.14,6.7753,6.8109,72955260.0,116.4412,117.1186,114.1107,114.6651,20613168.0,100.112,101.5719,97.8752,98.5183,404615082.0
2022-06-09,15.5152,15.8408,15.4291,15.552,55518295.0,41.9406,43.1308,41.3126,42.4325,25706159.0,14.6322,14.8687,14.5704,14.7553,33568347.0,12.5216,12.7573,12.4627,12.6599,56250479.0,6.8366,6.9543,6.6851,6.7398,25610897.0,115.2187,117.065,111.2085,112.2485,84501650.0,98.3665,99.0455,97.1953,98.5108,34913721.0
2022-06-10,15.5359,15.5923,14.914,15.195,287021564.0,42.5601,42.6976,40.792,41.3792,76429925.0,14.736,14.9856,14.1385,14.4342,89543546.0,12.6645,12.8228,12.184,12.219,177720949.0,6.7767,6.8188,6.6682,6.7315,9202937.0,111.905,112.9606,111.5112,112.2762,4850904.0,98.2685,100.3857,96.6644,96.8428,199026307.0
2022-06-13,15.1486,15.8888,14.8531,15.4907,162722134.0,41.7123,42.1433,41.2532,41.391,14986446.0,14.4405,14.6289,14.3009,14.5806,19940365.0,12.3382,12.5833,12.089,12.3137,49964738.0,6.7537,6.7857,6.7375,6.7482,14697953.0,112.7737,113.1239,111.9947,112.7253,11205051.0,96.8478,98.2868,95.9387,97.5109,110003581.0
2022-06-14,15.5058,15.619,15.0619,15.2214,181321962.0,41.2937,42.1668,40.7178,40.817,60675628.0,14.5374,14.6963,14.3131,14.4363,25255763.0,12.2402,12.2982,11.8497,12.11,68930457.0,6.7206,6.8644,6.6607,6.7876,11977671.0,112.5231,114.2941,110.018,110.2476,96000000.0,97.7254,98.2613,95.7501,97.0647,107570512.0
2022-06-15,15.1806,15.4265,14.5946,14.8036,305866599.0,40.5618,40.6789,39.7138,39.9992,89318501.0,14.4354,14.6351,13.9245,14.0276,98664087.0,11.9528,12.012,11.7242,11.9038,109796684.0,6.7628,6.8038,6.5467,6.5757,66498118.0,110.7055,111.2811,110.0803,111.0287,15579617.0,97.1851,97.3966,94.7017,94.8914,360155970.0
2022-06-16,14.8221,14.8443,14.3464,14.6008,105053881.0,39.9832,40.0865,38.0986,38.6525,240000000.0,14.0752,14.265,13.6294,13.7221,81437148.0,11.9287,12.1331,11.7536,11.8132,60602029.0,6.5741,6.6632,6.4942,6.5471,8669671.0,111.1515,112.8437,109.9603,111.8228,15524282.0,94.6475,95.6903,93.1656,93.985,59115421.0
2022-06-17,14.6437,15.125,14.2733,14.6566,69867490.0,38.7005,38.787,38.3224,38.5138,16024902.0,13.7497,13.9217,13.5845,13.7752,13229514.0,11.8917,11.9936,11.7169,11.742,53435874.0,6.5942,6.6803,6.4228,6.5188,11854763.0,111.5435,111.7678,109.4726,109.9555,42028264.0,93.936,94.5102,93.5905,94.1623,73487317.0
2022-06-20,14.5777,14.6467,14.4438,14.5449,119177675.0,38.5826,39.1324,38.2529,38.3773,15908470.0,13.8554,13.9064,13.4905,13.566,42139055.0,11.7523,11.9485,11.5912,11.7058,33232714.0,6.5655,6.611,6.4122,6.4424,19149202.0,110.415,110.7183,108.818,109.8114,7395867.0,94.4413,94.8218,90.1813,90.9726,600000000.0
2022-06-21,14.5624,15.2661,14.478,14.7368,93157387.0,38.6202,38.7702,38.3903,38.6941,40897170.0,13.499,13.7747,13.3752,13.424,30251209.0,11.5968,12.484,11.3324,12.1738,234987868.0,6.4503,6.6904,6.3136,6.6579,88874764.0,110.2591,111.0433,109.8633,110.0752,6662129.0,91.1044,92.5058,90.5347,91.8761,93409124.0
2022-06-22,14.6207,14.7911,14.5225,14.695,52122193.0,38.8186,39.1787,38.1521,38.39,36929758.0,13.3825,13.5623,13.317,13.5306,30856383.0,12.2168,12.3617,11.8466,12.1926,18799104.0,6.6145,6.7024,6.5618,6.5913,26371073.0,109.7814,110.7893,109.1579,109.3776,12249453.0,91.9802,92.5321,91.5203,91.863,42397971.0
2022-06-23,14.6784,15.2722,14.5132,15.1029,220806115.0,38.1172,40.2706,37.0775,39.715,204803522.0,13.5077,14.0602,13.2792,13.9889,127175796.0,12.1314,12.6838,12.0059,12.5403,170863238.0,6.5957,6.686,6.2512,6.3632,108591391.0,109.4674,110.3164,108.3163,109.005,16566208.0,91.6347,93.6735,91.252,93.1309,285529772.0
2022-06-24,15.0814,15.4451,14.9911,15.1275,50989608.0,39.5222,39.9732,38.9788,39.7677,22545339.0,14.0765,14.1538,13.5307,13.8085,25607580.0,12.4645,12.6946,12.4396,12.5831,36250278.0,6.3578,6.4665,6.324,6.4409,14708217.0,108.4743,110.9753,108.2466,109.9989,19839309.0,93.1732,93.6074,92.5437,93.3791,64297835.0
2022-06-27,15.1123,15.4376,15.071,15.2767,82318985.0,39.8313,39.9828,39.5485,39.8463,14167510.0,13.8254,14.1407,13.671,13.8493,19174721.0,12.5251,12.7845,12.4322,12.5066,38833602.0,6.4415,6.6775,6.3134,6.4856,18882396.0,109.8894,111.9935,108.5042,110.6861,15607483.0,93.0792,94.2585,92.8603,93.8114,81567345.0
2022-06-28,15.2557,16.0332,15.0849,15.8335,640000000.0,39.7751,42.3401,38.8454,41.7484,240000000.0,13.7691,14.4596,13.6413,14.3474,128909393.0,12.4119,12.6181,12.0142,12.4183,27788748.0,6.4418,6.7721,6.3229,6.7214,144000000.0,110.5779,111.5766,108.6998,109.1666,33920680.0,93.592,96.5842,93.4474,96.2114,600000000.0
2022-06-29,15.799,15.8757,15.6023,15.7094,106941753.0,41.9982,42.0774,41.0949,41.3228,23989995.0,14.4117,14.7259,13.9892,14.3241,13563286.0,12.4302,12.589,11.9717,12.104,103025244.0,6.7281,6.7832,6.5994,6.6094,37858834.0,109.0542,110.8898,108.1405,109.5313,9957593.0,95.8088,96.3898,94.9238,95.3715,117293127.0
2022-06-30,15.691,15.9262,15.5623,15.8749,109036855.0,41.1706,41.6263,40.4421,41.2605,20217746.0,14.3305,14.4116,14.0568,14.2088,23365197.0,12.067,12.1672,11.8817,12.0212,38994596.0,6.5689,6.6792,6.5074,6.6617,14878989.0,109.977,111.1491,109.5369,110.8298,27705464.0,95.8399,96.8872,90.9454,91.2623,600000000.0
2022-07-01,15.8915,15.9305,15.7219,15.7999,78710666.0,41.4169,41.6589,40.3117,40.5497,65333519.0,14.2607,14.3557,13.6484,13.818,123502262.0,11.9458,12.0524,11.8892,11.953,30398402.0,6.593,6.8474,6.5031,6.7059,16737147.0,110.4573,111.7881,109.8019,111.329,10588581.0,91.7211,92.045,89.5045,90.6487,67076215.0
2022-07-04,15.8185,15.946,15.274,15.6536,69315360.0,40.4462,40.7819,39.1442,40.1036,33563115.0,13.9079,14.0562,13.7167,14.0114,25844338.0,12.0882,12.2946,11.673,11.8863,29020811.0,6.712,6.8543,6.6883,6.785,19097364.0,111.2662,112.5185,109.9175,111.1043,9715910.0,90.391,90.7417,89.6592,90.1329,91050119.0
2022-07-05,15.6616,15.7803,15.0638,15.0864,425827212.0,40.1451,40.5818,38.6021,38.8768,144533440.0,13.9555,14.0335,13.7032,13.781,42938539.0,11.8565,11.9681,11.4126,11.6762,60193950.0,6.8386,6.9153,6.7405,6.817,10932948.0,111.3158,111.6025,109.9824,110.3673,12162558.0,89.9349,90.8374,88.4502,89.0032,155030806.0
2022-07-06,15.0483,15.1701,14.6921,14.8194,165056670.0,38.7503,39.2286,38.3136,38.4874,64845433.0,13.8706,14.1202,13.607,13.629,31132171.0,11.6791,11.9072,11.2467,11.5103,59247304.0,6.7937,6.9884,6.6949,6.9379,34102108.0,110.0022,110.9582,108.8659,109.6361,10029044.0,88.9231,89.5288,88.0509,88.2543,99086595.0
2022-07-07,14.8902,14.9338,14.5321,14.8122,45614412.0,38.5721,39.6861,37.8565,38.3024,22274971.0,13.6248,14.3207,13.5042,14.0752,117228741.0,11.5951,11.7515,11.2716,11.6967,65046186.0,6.9245,6.9482,6.8682,6.9253,11133342.0,109.3923,110.4889,106.4444,108.0868,37657822.0,88.5597,88.927,88.1269,88.3011,32701063.0
2022-07-08,14.9121,15.3336,14.3499,14.5345,262243287.0,38.4645,38.7855,37.2136,37.8531,57246765.0,14.0514,14.1826,13.3608,13.4409,200000000.0,11.7342,11.89,11.6157,11.816,38259558.0,6.9507,6.9827,6.7899,6.9349,10400656.0,108.391,108.5738,106.2699,107.6977,13382025.0,88.4533,89.2659,87.6669,87.9269,71671098.0
2022-07-11,14.4522,14.6379,14.3492,14.3901,53579544.0,37.8908,38.8713,37.5118,38.2674,36381198.0,13.4494,13.5428,13.1418,13.3557,27307422.0,11.923,12.129,11.7649,11.8269,26249553.0,6.968,7.051,6.6784,6.7161,144000000.0,108.0633,108.5613,106.7163,107.4663,7232929.0,88.2719,88.7159,87.5585,87.7117,61708811.0
2022-07-12,14.4005,14.7018,14.0192,14.1097,195463721.0,38.5561,39.0326,37.1876,37.4602,73738635.0,13.2906,13.5644,13.1206,13.2355,23438889.0,11.7881,12.0967,11.3485,11.4262,234549411.0,6.719,6.8978,6.6674,6.7949,23453316.0,107.3491,108.3515,106.4653,107.0199,13152587.0,88.1321,88.8021,86.0781,86.4984,171561773.0
2022-07-13,14.0806,14.1325,13.712,13.8211,208227086.0,37.3541,37.9319,36.3095,37.0791,51135553.0,13.2344,13.4482,13.088,13.4179,34152959.0,11.4829,11.6717,11.457,11.4752,35397132.0,6.7752,6.7863,6.6503,6.6948,37224007.0,107.2514,108.8083,106.4824,108.1414,26954815.0,86.617,86.8224,85.1287,85.8129,137179750.0
2022-07-14,13.8777,14.4302,13.7968,14.1484,178347098.0,37.0934,38.3087,36.6975,37.9702,122524462.0,13.4046,13.4985,13.1488,13.2624,40217373.0,11.5018,11.7298,11.3694,11.4712,19873318.0,6.7313,6.8924,6.7087,6.8551,97653343.0,108.5664,108.7612,106.8999,107.8296,13717122.0,85.8855,87.0311,85.711,86.5894,109032739.0
2022-07-15,14.1476,14.2894,13.8914,13.9794,78071566.0,38.0969,39.2323,36.6359,36.9134,140628313.0,13.2116,13.2394,11.996,12.115,200000000.0,11.5253,11.6394,11.4661,11.5368,32849877.0,6.8206,6.9422,6.7604,6.915,16603692.0,107.7191,110.6435,107.3001,110.1366,96000000.0,86.9243,87.315,85.6488,85.7954,64168818.0
2022-07-18,13.9827,14.369,13.6648,14.2231,130712349.0,36.7756,38.7009,36.7166,38.1065,240000000.0,12.083,12.7102,11.9711,12.4237,121141951.0,11.5829,11.865,11.4372,11.8049,106634969.0,6.9003,7.224,6.8155,7.105,74722101.0,110.3565,111.6379,109.7305,110.9425,18137628.0,86.0586,87.7586,85.3839,87.3914,332141367.0
2022-07-19,14.2542,14.3054,13.6928,14.0315,73311525.0,38.1158,38.2499,37.455,37.7981,57424820.0,12.4818,12.6206,12.3868,12.4246,9155390.0,11.7619,11.8963,11.0684,11.2134,360000000.0,7.1222,7.1734,6.8774,6.9468,63128306.0,110.8244,113.608,110.5559,112.9914,56467457.0,87.6581,89.5022,85.6859,86.4408,97941403.0
2022-07-20,14.0131,14.1442,13.8324,13.9543,91984882.0,37.897,38.5358,36.9916,37.2941,38123053.0,12.4155,12.7854,12.3886,12.6654,52315868.0,11.364,11.496,11.0043,11.235,19979106.0,6.9023,6.9633,6.8442,6.8676,23587054.0,112.6068,114.2148,112.0953,113.6885,9144259.0,86.5573,87.0506,85.739,86.2294,76230522.0
2022-07-21,14.0579,14.167,13.8621,13.8965,114396189.0,37.4308,37.8081,37.2346,37.5055,28494049.0,12.6147,12.7707,12.217,12.573,28501483.0,11.1156,11.4161,10.9263,11.1556,35565660.0,6.8785,7.1046,6.6329,6.6727,75963220.0,113.6896,114.4393,110.94,112.2277,39204732.0,86.4844,88.6137,85.9072,86.1475,72752165.0
2022-07-22,13.9277,14.4912,13.8988,14.2926,272934598.0,37.6745,37.8376,36.4697,36.8208,60511719.0,12.596,13.2171,12.5443,13.0264,153691807.0,11.1102,11.5307,11.079,11.4263,131253233.0,6.7039,6.7539,6.6118,6.7353,35158431.0,112.1586,112.4172,110.278,111.442,20169664.0,86.0742,88.5247,85.2556,87.668,337300612.0
2022-07-25,14.3515,14.3971,14.1559,14.2265,51296620.0,36.695,37.3661,35.9956,37.1343,24871848.0,13.0674,13.1918,13.0338,13.0803,17507182.0,11.4631,11.7285,11.3479,11.5655,45935764.0,6.7817,6.9223,6.7567,6.863,52811245.0,111.1821,112.2798,109.6942,111.5489,6921529.0,87.5271,88.9646,86.7884,87.9697,59196247.0
2022-07-26,14.2127,14.2623,13.3876,13.5631,640000000.0,37.1765,37.4956,36.4485,36.5699,41587967.0,13.0802,13.2684,12.6504,12.8526,68116154.0,11.5814,11.7113,11.2945,11.3698,79775571.0,6.8521,6.8979,6.7692,6.8256,8717797.0,111.4535,116.5832,109.7116,114.5769,96000000.0,87.8852,88.332,85.8499,86.3689,334023687.0
2022-07-27,13.5558,13.6906,13.0249,13.0843,384949904.0,36.381,36.9139,35.2791,35.8124,120796578.0,12.7878,12.9795,12.4737,12.5225,76081300.0,11.377,11.4916,11.0474,11.1216,100667212.0,6.8133,6.8585,6.7627,6.827,14073700.0,114.5114,117.4768,114.1792,116.3982,33311179.0,86.927,87.6513,84.3833,84.515,339339824.0
2022-07-28,13.1312,13.1617,12.7775,12.9456,78250343.0,35.7104,36.1069,35.5922,35.7052,13110679.0,12.3926,12.7456,12.3609,12.5584,19097753.0,11.1593,11.4103,10.9611,11.384,96783641.0,6.847,6.9934,6.8082,6.9326,45406012.0,116.48,116.8264,115.5608,116.0787,7866145.0,84.2653,84.9152,83.7225,84.5737,51637572.0
2022-07-29,12.9862,13.1081,12.7806,12.8066,123785800.0,35.6807,35.8061,35.1078,35.2184,53205315.0,12.5122,12.5558,12.4735,12.51,21937817.0,11.3388,11.5107,11.1874,11.309,51530778.0,6.9151,6.9961,6.715,6.7862,63671540.0,116.3832,116.7747,115.0329,115.611,7653742.0,84.8,85.4352,82.8745,83.9124,77444836.0
2022-08-01,12.7363,12.9615,12.5662,12.8755,140482995.0,35.3774,35.7676,35.1787,35.5435,26978422.0,12.5642,12.6815,12.5194,12.6356,29077546.0,11.3539,11.7736,11.252,11.6269,133152769.0,6.7776,6.8867,6.7508,6.8503,23751093.0,115.9146,116.1988,113.7982,114.7141,17804190.0,84.3848,85.5426,83.4094,84.49,136086668.0
2022-08-02,12.8827,13.108,12.8502,12.9214,46696291.0,35.6175,35.7941,34.2986,34.7227,152111351.0,12.6856,12.7608,12.323,12.4711,36209036.0,11.6198,11.6477,11.174,11.4471,63035792.0,6.8594,6.8879,6.6651,6.7106,65874363.0,114.689,114.9448,113.3364,113.6636,17819344.0,84.5851,85.3926,82.9968,83.6664,90714340.0
2022-08-03,12.9484,12.9947,12.7578,12.9632,43649012.0,34.7282,35.4602,34.3254,34.8234,19176164.0,12.4305,12.6918,12.2338,12.5376,15680973.0,11.5231,11.9278,11.3408,11.7335,105069725.0,6.7209,6.9483,6.6991,6.8674,66852746.0,113.507,114.2546,113.1636,113.4091,11753808.0,83.5909,84.2992,82.6474,83.8702,35355934.0
2022-08-04,12.9557,13.5607,12.8753,13.3301,218983545.0,34.885,35.8308,34.1728,35.606,81741942.0,12.5255,12.7508,12.3692,12.7076,44181449.0,11.7166,11.954,11.6775,11.7931,49329774.0,6.8139,7.0328,6.7939,6.99,41773268.0,113.7926,114.5236,111.9756,112.5897,16559275.0,84.0025,86.7096,83.5541,85.4587,287726574.0
2022-08-05,13.3524,13.4574,13.0537,13.2379,78806784.0,35.6791,36.1977,34.9879,35.1216,69216107.0,12.744,12.7707,12.6235,12.7057,10139110.0,11.8192,11.9325,11.7867,11.8352,43850892.0,6.9567,7.1618,6.934,7.0083,12367251.0,112.5614,113.4012,111.6277,113.1683,13242804.0,85.3393,86.0753,83.809,85.0682,77500253.0
2022-08-08,13.2328,13.3795,13.1189,13.2815,59831557.0,35.1727,35.9112,34.8535,35.6171,59612517.0,12.6985,13.0727,12.6509,12.8892,43260481.0,11.8709,12.1987,11.7067,11.9417,58081907.0,6.9559,7.2692,6.9187,7.1962,52520633.0,112.9981,113.9815,109.1129,110.151,96000000.0,84.8491,86.882,84.627,86.5879,478543978.0
2022-08-09,13.1505,13.3186,12.8079,12.8769,369294500.0,35.5366,36.1947,34.5535,34.6486,154554699.0,12.9387,13.0647,12.2869,12.5787,71920824.0,11.9928,12.0157,11.3279,11.6044,189248280.0,7.1472,7.2696,7.1023,7.2472,11753465.0,110.1982,110.5181,109.0472,109.3536,23216250.0,86.9189,87.8681,84.6073,85.227,183661371.0
2022-08-10,12.8027,12.9835,12.6039,12.7356,83261930.0,34.5183,34.8771,34.1138,34.488,28687823.0,12.5737,12.7847,12.4118,12.4936,20443200.0,11.6065,12.0008,11.3688,11.5371,28641841.0,7.214,7.2782,7.154,7.183,22984970.0,108.8517,109.611,107.4191,108.8013,17301706.0,85.5373,85.8023,83.6296,84.7823,72739343.0
2022-08-11,12.7904,13.1089,12.7371,12.9384,180747166.0,34.4577,35.0528,34.2577,34.6272,17067237.0,12.5183,12.7881,12.3514,12.4628,15636058.0,11.5215,11.831,11.2397,11.6765,47302852.0,7.1765,7.3138,7.157,7.2263,18518306.0,108.6726,110.2985,108.3393,109.2645,10461565.0,84.7057,85.1951,84.4477,84.9838,52909659.0
2022-08-12,12.9245,13.1386,12.4832,12.5281,476088605.0,34.5191,34.7998,33.3033,33.6893,160592621.0,12.4463,12.4797,11.898,12.0669,165440272.0,11.6338,11.7916,11.1824,11.3246,142171600.0,7.2226,7.3418,6.8578,7.0917,38733372.0,109.1166,111.1285,108.8316,110.5221,27718302.0,84.8664,85.4569,81.6291,82.9382,416896244.0
2022-08-15,12.5386,12.5967,12.5189,12.5509,59479118.0,33.7718,33.9336,33.3811,33.7747,18997107.0,12.0283,12.21,11.8765,12.1097,26273167.0,11.3506,11.5202,11.32,11.3492,36670002.0,7.0295,7.2046,6.9776,7.1733,18429056.0,110.3024,110.7176,107.8444,109.3754,32470819.0,82.989,84.2024,82.0923,83.5348,68429394.0
2022-08-16,12.5507,12.6319,12.3768,12.4881,67735985.0,33.9786,34.094,32.9347,33.1939,67559846.0,12.1676,12.3104,11.8883,12.0037,26867897.0,11.2479,11.286,11.0539,11.1066,174608298.0,7.1459,7.385,7.0626,7.2405,14752664.0,109.4802,112.4943,108.875,111.6547,57196917.0,83.5122,84.5237,82.1682,82.6267,81675872.0
2022-08-17,12.4428,12.6854,12.3663,12.551,58929358.0,33.2677,34.148,32.627,32.6916,59399258.0,11.9301,12.0958,11.5547,11.9813,13138307.0,11.1228,11.2957,10.8834,10.9248,83446895.0,7.1956,7.3414,7.1531,7.186,15691668.0,111.9583,112.3643,107.2871,107.5678,96000000.0,82.4354,82.7013,81.9203,82.2957,92217466.0
2022-08-18,12.5252,12.8032,12.4061,12.7652,116141877.0,32.4594,32.7584,31.5633,32.0001,63592740.0,11.9519,12.0927,11.7214,12.0007,10774463.0,10.9446,11.2984,10.786,11.2387,226871468.0,7.1801,7.2876,7.0984,7.1608,15242489.0,108.0276,108.4067,104.5864,104.9087,96000000.0,81.941,83.698,81.8043,83.1727,103615436.0
2022-08-19,12.7838,12.8211,12.4131,12.5084,199321348.0,31.9205,32.1492,31.5254,31.8839,25202892.0,11.996,12.2061,11.7009,11.8524,45583491.0,11.3387,11.4193,11.134,11.2016,34162264.0,7.1415,7.3631,7.0739,7.2962,68204570.0,104.7777,105.1117,102.4048,103.7027,37698472.0,82.8296,83.8715,81.8382,82.8579,36502241.0
2022-08-22,12.5322,12.9165,12.224,12.4812,56588689.0,31.8862,33.0154,31.7167,32.341,46488471.0,11.8942,12.1461,11.7007,11.8454,14975108.0,11.1667,11.2002,11.1057,11.1777,30622267.0,7.3339,7.4979,7.2429,7.3762,21845317.0,103.6288,104.0825,102.3593,102.9018,18926947.0,82.5763,83.4262,81.4902,83.2819,64136054.0
2022-08-23,12.6022,12.7304,11.8811,12.1341,344762184.0,32.1588,32.5899,31.7343,32.4658,16195128.0,11.8028,11.9107,11.4598,11.5981,60726485.0,11.1876,11.3178,10.9209,10.9999,59112492.0,7.372,7.4015,7.3211,7.3409,15087702.0,102.7257,105.7243,102.42,105.0422,49478214.0,83.0368,83.4927,81.8566,82.1251,245296298.0
2022-08-24,12.1085,12.6642,11.9715,12.5556,303134064.0,32.4698,33.7925,32.3254,33.4689,161287108.0,11.6042,12.0505,11.3012,11.9521,125960135.0,11.0082,11.258,10.7992,11.2051,93093186.0,7.3227,7.562,7.304,7.517,74306010.0,105.1848,105.5893,103.1054,103.4595,36181857.0,82.1745,85.0256,81.1795,84.3072,600000000.0
2022-08-25,12.6484,12.6682,12.1402,12.332,162277289.0,33.5308,33.7316,32.8839,33.0189,46417113.0,11.8844,11.9869,11.6855,11.7321,64814916.0,11.1467,11.2789,10.7741,10.8963,182989545.0,7.5089,7.6136,7.4945,7.5732,16778717.0,102.9738,104.3121,102.717,104.1234,20032541.0,84.1153,84.2516,83.4702,83.6045,113406348.0
2022-08-26,12.2853,12.4186,11.789,11.9408,364270029.0,33.2025,33.3968,32.3077,32.6633,43576836.0,11.7533,12.0629,11.7223,11.8535,26329464.0,10.896,11.1086,10.4173,10.7369,81949754.0,7.5532,7.8302,7.5406,7.7595,64263076.0,104.0213,104.7034,103.6931,103.8565,11172644.0,83.4205,84.1284,82.7513,82.9923,134294040.0
2022-08-29,11.9666,12.0671,11.8138,11.8666,53856475.0,32.8981,33.0747,32.6057,32.8737,14781089.0,11.9424,11.9788,11.6886,11.7625,20435571.0,10.669,10.7438,10.5997,10.6439,44015096.0,7.8022,7.8613,7.7073,7.8417,26254746.0,103.9328,104.8205,102.835,103.7369,5820875.0,82.6979,83.9439,81.5201,83.1082,61911019.0
2022-08-30,11.8759,12.0195,11.783,11.9065,66177602.0,32.7199,33.3499,32.329,33.1019,30731122.0,11.6685,11.9338,11.4543,11.7592,10093207.0,10.6925,10.784,10.5364,10.7106,38566852.0,7.8309,7.9095,7.5036,7.7641,26945748.0,103.5741,107.0386,102.4323,104.8015,17388926.0,82.8177,84.1834,82.2615,82.9707,25495351.0
2022-08-31,11.8999,12.1845,11.7927,12.1357,167968063.0,33.0867,33.6745,32.6152,33.435,31065015.0,11.7242,11.9465,11.6937,11.91,26651835.0,10.7405,10.8328,10.56,10.7831,37326005.0,7.7786,7.8815,7.6851,7.7108,16589549.0,104.6883,105.7435,101.5133,102.6001,84093550.0,82.6744,83.9639,81.7448,83.4075,63674694.0
2022-09-01,12.1354,12.2939,12.0201,12.0565,123523877.0,33.4213,33.6355,33.2266,33.3512,24402908.0,11.9509,12.0134,11.8107,11.9922,20837695.0,10.8051,10.9358,10.5888,10.7186,31383483.0,7.7358,7.8315,7.5615,7.619,21061964.0,102.8567,103.0959,100.3894,101.0583,39412338.0,83.3886,83.7765,82.7133,83.2809,53881341.0
2022-09-02,12.0234,12.5693,11.9578,12.3439,246113562.0,33.2577,34.8571,32.9833,34.3202,145915899.0,12.1377,12.4541,12.0221,12.3443,149549661.0,10.6864,11.3062,10.5391,11.0931,272497330.0,7.5984,7.9424,7.5185,7.9194,144000000.0,101.0438,101.2204,99.5914,100.5691,11006228.0,83.5273,85.8557,83.079,85.4693,600000000.0
2022-09-05,12.3932,12.5506,12.2027,12.2639,63424390.0,34.3336,34.7671,33.4424,33.6788,63773489.0,12.3741,12.4126,12.0411,12.1107,48997293.0,11.1677,11.386,10.8428,10.9201,41719207.0,7.8611,7.9882,7.7861,7.9123,6902195.0,100.8723,103.2622,100.4963,102.4801,55992382.0,85.8341,86.3861,83.9783,84.4735,163495634.0
2022-09-06,12.2184,12.6466,12.0256,12.511,166065120.0,33.6682,34.3399,33.6058,33.9664,30106964.0,12.0746,12.3476,11.8311,12.1945,24270455.0,10.8643,10.9064,10.5793,10.8595,23143767.0,7.8967,7.9521,7.7894,7.8869,13460255.0,102.9038,106.8134,101.9511,106.0215,96000000.0,84.4861,85.382,84.3573,84.838,126989580.0
2022-09-07,12.5286,12.8194,12.4955,12.7102,95908099.0,34.0486,34.8214,33.7327,34.3812,45121879.0,12.1871,12.3135,11.9952,12.2807,30458698.0,10.8621,11.5419,10.6857,11.2673,223808943.0,7.9075,8.126,7.7829,7.9407,20197365.0,106.1633,107.0301,105.1355,106.6803,24199452.0,85.0937,86.2293,84.6715,85.6451,87976346.0
2022-09-08,12.7526,12.9198,12.5499,12.8595,132167622.0,34.5653,35.3236,33.8055,34.9763,76379202.0,12.2192,12.5715,12.1877,12.4562,42691152.0,11.2053,11.2318,11.0696,11.1101,43849209.0,7.8858,8.0717,7.8149,8.003,26763929.0,106.6022,106.9734,99.1447,99.6257,96000000.0,85.4553,86.9378,84.8238,86.3078,53025067.0
2022-09-09,12.9382,13.0714,12.8423,12.9501,76599666.0,34.9945,35.3683,34.2708,34.5051,37034710.0,12.4974,12.5693,12.1526,12.3,56644016.0,11.1005,11.2972,11.0084,11.0759,39405079.0,8.0112,8.0946,7.9664,8.0702,22982996.0,100.0236,102.5195,99.0553,100.6046,17889247.0,86.4469,86.8115,85.5082,85.9271,35764949.0
2022-09-12,13.0057,13.0703,12.9717,13.0322,73322029.0,34.4386,35.0655,34.2039,34.646,20611063.0,12.3528,12.4294,12.1475,12.2192,22625695.0,11.1426,11.1675,10.767,10.7897,116528762.0,8.098,8.27,8.0675,8.1535,11031515.0,99.9662,101.2119,99.4035,100.5815,7680493.0,85.7151,86.3311,85.4971,85.7554,64042848.0
2022-09-13,13.0651,13.2133,12.562,12.6546,248679564.0,34.5064,34.6542,34.1186,34.183,66263641.0,12.2897,12.3455,11.9278,11.9888,53221966.0,10.8138,10.8655,10.4955,10.6583,66970982.0,8.2001,8.3881,8.121,8.3382,72219300.0,100.189,100.8852,97.6936,98.6743,62727031.0,85.8612,86.301,84.4185,85.0294,97241489.0
2022-09-14,12.6191,12.774,12.4932,12.5973,72618094.0,34.459,34.7165,34.3762,34.5885,36948340.0,11.9726,12.1656,11.7656,11.8368,31753003.0,10.612,10.9372,10.4528,10.9053,146593518.0,8.3614,8.6524,8.2424,8.3766,19959493.0,98.8661,99.1764,97.5363,98.4202,7110837.0,84.832,85.5771,84.6943,85.2835,38900342.0
2022-09-15,12.5538,12.9082,12.3626,12.4903,62108265.0,34.7123,35.0482,34.1817,34.7576,26169566.0,11.7977,11.8531,11.6701,11.7002,52846451.0,10.8784,10.9241,10.5991,10.7024,82613431.0,8.3866,8.5127,8.2851,8.3338,11418851.0,99.0357,99.5111,97.2393,97.6563,15643767.0,85.105,85.7963,84.9278,85.6112,58242652.0
2022-09-16,12.4277,12.6048,12.1978,12.5724,59693508.0,34.8124,35.9236,34.0972,35.1227,26812452.0,11.7721,12.1297,11.7179,11.923,74119353.0,10.6833,10.7331,10.4567,10.6451,37703221.0,8.3402,8.6488,8.3195,8.6131,100033428.0,97.8244,98.2206,94.3837,94.8855,96000000.0,85.5983,87.3591,85.3552,86.5455,115139322.0
2022-09-19,12.5041,12.557,12.2612,12.4605,83213567.0,35.0998,35.2183,34.4672,35.1139,10931659.0,11.9906,12.0922,11.8176,11.9117,10209100.0,10.6032,10.6485,10.403,10.5945,45404143.0,8.5706,9.0351,8.4374,8.872,123992682.0,94.9297,95.3667,92.6014,93.899,25451775.0,86.9435,87.3408,84.9215,86.0937,65559886.0
2022-09-20,12.4604,12.7108,12.3496,12.6106,85748375.0,35.3375,35.8038,35.0289,35.6417,39564232.0,11.8636,12.3727,11.8273,12.2434,173964293.0,10.6082,10.769,10.4959,10.6811,53148566.0,8.8377,9.1406,8.7206,9.0431,40588957.0,93.7887,94.1047,92.6698,93.1228,19134046.0,86.3024,88.8649,85.5044,88.5491,500296414.0
2022-09-21,12.5702,12.8753,12.469,12.8292,115944555.0,35.6193,36.4252,35.5104,36.1219,38414688.0,12.2246,12.3923,12.1458,12.3448,28436202.0,10.7918,10.9861,10.5576,10.9383,66688531.0,8.9792,9.3168,8.782,9.211,32830372.0,93.2534,93.6557,91.4689,92.0281,20882541.0,88.3661,90.4069,88.1281,89.4271,135628983.0
2022-09-22,12.8972,13.003,12.6949,12.7533,64904612.0,35.8792,36.9966,35.2989,36.5393,51245348.0,12.3848,12.5941,12.3172,12.5395,44578133.0,10.9094,10.9954,10.7196,10.8804,31198253.0,9.2137,9.2787,8.9452,9.0802,23346451.0,92.297,93.4679,91.0685,92.983,26210586.0,89.1603,89.7583,87.6145,89.1517,68264088.0
2022-09-23,12.7208,13.0134,12.6526,12.8576,98346385.0,36.5775,37.1091,35.8128,36.4922,24213179.0,12.5265,13.0663,12.4315,12.7716,59882400.0,10.9801,11.2013,10.7313,10.8568,32222312.0,9.0966,9.3168,9.0395,9.2904,102106610.0,93.1586,93.5184,92.2447,92.7393,11250753.0,88.9453,90.2178,88.1397,89.7977,91267632.0
2022-09-26,12.863,13.3877,12.3379,12.408,618533434.0,36.3162,36.433,33.5132,33.7577,240000000.0,12.7733,13.0873,12.1795,12.2994,170590759.0,10.8567,10.9935,10.2871,10.4588,279304002.0,9.2949,9.3403,8.8804,9.0223,102794245.0,92.754,93.2143,91.4365,92.2915,8954574.0,89.9617,90.4164,86.2207,87.1867,600000000.0
2022-09-27,12.3935,12.6456,12.2972,12.5213,97233852.0,33.7934,33.9833,33.5231,33.904,19994030.0,12.2257,12.5184,12.0186,12.4577,36783394.0,10.4747,10.586,10.3421,10.3938,28625693.0,9.0328,9.1785,8.8275,9.0255,9452177.0,92.5322,93.6127,92.186,93.444,23765591.0,87.2406,87.8757,86.5621,87.3757,54133977.0
2022-09-28,12.444,12.7929,12.3165,12.5387,54487697.0,34.0839,35.2263,34.0307,34.7492,127985960.0,12.4006,12.5872,12.3137,12.434,14605214.0,10.4066,10.8276,10.3489,10.5973,55182527.0,9.0536,9.41,8.8613,9.3097,136892061.0,93.5159,94.0481,91.6759,92.8105,14167739.0,87.5374,90.216,87.2241,88.7233,210508748.0
2022-09-29,12.599,12.745,12.2686,12.313,134121343.0,34.5212,34.8576,33.8206,34.0734,71625076.0,12.4293,12.6303,12.2265,12.2861,30122171.0,10.5127,10.7789,10.4893,10.5242,44631680.0,9.2592,9.5883,8.9484,9.4347,25654559.0,92.9298,94.6865,92.553,94.2476,43346340.0,88.5942,89.4395,86.9528,87.8833,72267478.0
2022-09-30,12.3508,12.6254,12.3105,12.5644,229841855.0,33.9529,34.5566,33.3934,34.4036,50008774.0,12.251,12.5786,12.0489,12.5368,76599597.0,10.5469,10.9137,10.2288,10.7121,61516788.0,9.4371,9.6883,9.3425,9.5891,43951950.0,94.4784,95.2653,93.4816,94.0706,8785332.0,87.9669,89.4875,87.6361,88.6343,82155253.0
2022-10-03,12.6094,12.6748,12.1537,12.3074,116068793.0,34.5209,34.5788,33.8895,33.9559,52856701.0,12.4781,12.5206,11.9028,12.1545,124209564.0,10.5897,10.6182,10.4897,10.6009,46322654.0,9.5988,9.8218,9.5324,9.6702,21163500.0,93.8495,94.867,93.6447,94.533,11681920.0,88.7024,88.8744,86.3932,87.4296,184806453.0
2022-10-04,12.3397,12.9295,12.2554,12.6001,242124765.0,33.8892,35.474,33.4584,35.2229,240000000.0,12.1389,12.6483,11.9726,12.4889,102770876.0,10.6114,11.1452,10.4859,10.9844,244468034.0,9.6516,9.8972,9.5701,9.8312,30427614.0,94.5277,94.8934,94.1554,94.3186,6033884.0,87.7438,89.8202,86.8794,89.3769,352470845.0
2022-10-05,12.5579,12.8184,12.4659,12.5818,59800501.0,35.2805,35.869,34.7033,35.5107,29271674.0,12.4441,13.0359,12.3481,12.841,114141678.0,10.9928,11.054,10.7689,10.9272,33022116.0,9.746,9.9877,9.6927,9.8636,14243264.0,94.3457,95.0224,92.3026,92.9247,49928078.0,89.7781,90.5732,87.9533,90.2612,145519812.0
2022-10-06,12.5408,12.8815,12.2772,12.4416,92012597.0,35.5691,36.0733,34.2104,34.708,92680742.0,12.8424,12.8817,12.6611,12.7281,33178395.0,10.8483,11.0711,10.8242,10.9913,28353366.0,9.8223,10.0381,9.742,9.9417,20139736.0,92.644,93.4562,92.2511,93.0507,6039713.0,90.4927,90.7942,89.0377,89.713,55944025.0
2022-10-07,12.4664,12.9661,12.3177,12.7453,189061987.0,34.8298,35.3898,34.6521,34.9419,22231219.0,12.7799,12.8742,12.5962,12.8476,37358203.0,10.9946,11.1553,10.8867,11.058,35526919.0,9.921,10.1163,9.7622,9.8556,22810575.0,92.7956,93.7584,91.8402,92.3327,23217090.0,90.035,90.752,89.1961,90.4798,182245090.0
2022-10-10,12.8323,13.0158,12.6143,12.8625,81084959.0,34.8531,35.601,34.6792,35.382,54036257.0,12.8317,13.0876,12.7884,12.9818,29493067.0,11.0427,11.3514,10.9039,11.2461,62923571.0,9.8617,9.9433,9.6497,9.8023,22094323.0,92.1872,92.8604,91.4069,91.7131,19656943.0,90.4747,91.4586,89.6655,91.1345,148254146.0
2022-10-11,12.8844,13.1472,12.7612,12.9147,47868618.0,35.0283,36.121,34.7512,35.5851,30661789.0,12.9592,13.1508,12.8524,13.0128,14869247.0,11.238,11.2923,11.0174,11.2397,38755347.0,9.8036,10.3985,9.7678,10.3306,144000000.0,91.9541,92.9757,90.7647,92.1334,8593111.0,90.954,92.3066,90.4789,92.1554,124662799.0
2022-10-12,12.9706,13.0502,12.5968,12.8509,69939349.0,35.6408,35.8121,34.9086,35.2895,34830337.0,13.0702,13.1122,12.7607,12.9157,38244120.0,11.232,11.3474,11.152,11.1985,32883543.0,10.4123,10.6483,9.989,10.0425,86970406.0,92.088,92.4314,90.4896,90.7478,43689346.0,92.1474,93.2179,91.0924,91.2655,79049779.0
2022-10-13,12.8211,13.7162,12.7003,13.4337,640000000.0,35.0722,35.3517,33.9886,35.2565,18784373.0,12.9545,13.1489,12.8555,13.1166,22306759.0,11.1674,11.5749,10.9064,11.0558,105937465.0,10.0814,10.1511,9.9044,9.968,10578216.0,90.7776,92.5189,89.8662,91.8463,38768803.0,91.2313,92.1795,90.7336,91.1232,42464506.0
2022-10-14,13.4989,13.7345,13.281,13.6336,134064763.0,35.3866,35.5633,34.8337,35.289,13690533.0,13.1595,13.3242,13.119,13.2853,43476777.0,11.0597,11.3116,11.0277,11.2693,59865895.0,9.9671,10.0944,9.9024,10.0256,18763763.0,91.9177,92.5203,88.5692,89.6875,96000000.0,91.0716,93.6852,89.055,92.5104,275853081.0
2022-10-17,13.6084,14.0911,13.4397,13.8355,131485681.0,35.2831,36.1219,35.0767,35.8276,59239466.0,13.1489,13.6999,13.0874,13.5316,50843422.0,11.3155,11.5469,11.1656,11.3942,46112508.0,10.0306,10.1201,9.8455,10.0115,10260890.0,89.8302,90.9591,88.5835,90.361,10498851.0,92.5077,93.9039,91.481,93.1599,79298678.0
2022-10-18,13.8501,14.0008,13.5201,13.8957,71365723.0,35.7859,36.1788,35.624,35.9815,23572880.0,13.5068,13.866,13.4294,13.783,60955954.0,11.3813,11.6868,11.3326,11.6269,82611153.0,10.0637,10.247,9.7069,9.7642,40464379.0,90.4752,90.673,88.6555,89.0216,38614227.0,93.1149,94.93,92.9705,93.7199,85646769.0
2022-10-19,13.8733,13.9065,13.7972,13.8683,62514010.0,36.0795,36.2125,35.5827,35.7524,44196351.0,13.7508,13.97,13.6993,13.871,22087607.0,11.6241,11.69,11.4989,11.6383,21647178.0,9.8167,9.9428,9.7658,9.793,14565222.0,89.0367,90.2385,88.3659,89.4925,15203942.0,93.5983,94.603,93.2388,93.51,52861514.0
2022-10-20,13.9228,14.4155,13.606,14.2454,224189871.0,35.508,36.1487,34.9702,36.0911,24443278.0,13.8241,14.2589,13.7881,14.1451,79299343.0,11.6741,12.1504,11.3731,12.0385,193519307.0,9.8064,9.8624,9.5456,9.6954,22955932.0,89.4613,89.7754,88.4663,88.6585,30566285.0,93.4753,95.7127,92.7136,94.8211,207288034.0
2022-10-21,14.3022,14.7063,14.2012,14.5269,113186216.0,36.0626,37.0484,35.8707,36.49,31755949.0,14.2063,14.3268,14.0871,14.1968,19901473.0,12.1682,12.3252,12.043,12.3047,87874659.0,9.7645,10.0368,9.7075,9.9562,56470863.0,88.9034,89.263,86.9934,87.202,45747780.0,95.0369,96.9163,94.4279,95.8581,147486891.0
2022-10-24,14.4326,14.6301,14.3941,14.5725,58242747.0,36.5544,36.9507,35.7002,36.7952,20886725.0,14.1652,14.41,13.8019,14.2218,10942736.0,12.2935,12.6759,12.2187,12.4634,43609968.0,9.9197,10.0703,9.8385,9.8936,11657385.0,87.0938,87.9991,84.5666,85.2284,66279933.0,95.6233,97.151,95.3744,96.1812,54574195.0
2022-10-25,14.6579,14.7487,14.2923,14.5765,56363118.0,36.8318,36.8876,36.0898,36.6844,19617404.0,14.1411,14.1729,13.8474,14.026,26269306.0,12.3635,12.5744,12.0222,12.1241,223080846.0,9.8925,9.9848,9.7445,9.8288,22674874.0,85.521,86.2795,84.7947,85.9399,30619615.0,96.5487,96.806,95.5751,95.7254,97865953.0
2022-10-26,14.7301,14.8965,14.7032,14.8726,116148632.0,36.6139,37.4959,36.1591,36.8551,15174458.0,14.0401,14.214,13.8774,13.9728,17175608.0,12.0729,12.4696,11.8579,12.2642,50168871.0,9.957,10.0382,9.7758,9.9979,39125640.0,85.8163,86.671,85.6119,85.8947,6800156.0,96.0195,96.288,95.2317,95.9675,61078737.0
2022-10-27,14.8493,14.8931,14.5917,14.6346,133844965.0,36.7857,36.9635,36.1021,36.436,52932933.0,13.9723,14.0336,13.8225,13.8881,24934003.0,12.2992,12.4482,12.0656,12.2455,34317000.0,10.027,10.1196,9.8922,9.9988,8159766.0,85.8333,90.2009,85.0191,89.2983,96000000.0,95.9911,96.8379,94.744,95.3232,112819038.0
2022-10-28,14.6264,14.9729,14.2535,14.8002,125169241.0,36.658,36.8998,36.5507,36.8194,48035987.0,13.8357,13.9852,13.2306,13.3588,200000000.0,12.3333,12.4583,12.041,12.3267,48129032.0,9.993,10.1496,9.9722,10.0795,21008602.0,89.4578,89.9021,88.5369,89.3553,6661969.0,94.6816,96.2413,94.2037,96.0506,86551559.0
2022-10-31,14.8813,15.1102,14.682,14.8874,63606583.0,36.952,37.7712,36.8153,37.4731,60466661.0,13.4146,13.7741,13.0374,13.5366,30570417.0,12.2717,12.5462,12.1253,12.3878,48303921.0,10.0838,10.4306,10.044,10.2838,38693503.0,89.8895,90.796,87.067,87.8199,59497909.0,95.4595,97.4209,93.6857,96.9248,103013878.0
2022-11-01,14.8918,15.0362,14.6788,14.9873,101189380.0,37.3752,37.9967,36.6215,37.8518,27498453.0,13.5661,13.7961,13.1961,13.458,12094718.0,12.3852,12.4321,12.1629,12.3783,20273852.0,10.2913,10.3264,10.0886,10.2091,19311125.0,87.3925,88.3201,86.6279,87.4029,9778651.0,96.9554,97.7217,96.0472,97.316,123224298.0
2022-11-02,14.987,15.3777,14.6931,15.1867,150650044.0,38.0533,38.5348,37.3696,38.1886,22088831.0,13.4871,13.6447,13.3881,13.4965,18836934.0,12.3795,12.681,12.1252,12.2729,58355404.0,10.2791,10.5159,10.2079,10.4707,68198847.0,87.5938,88.9382,87.1646,87.7293,8690422.0,97.5034,98.4748,96.2466,97.8862,75676354.0
2022-11-03,15.3143,15.6614,15.1641,15.3924,104745597.0,38.3023,38.6682,37.414,38.5138,26347034.0,13.5232,13.7376,13.3705,13.5699,20639876.0,12.2284,12.5942,11.9399,12.4417,57723952.0,10.5052,10.6409,10.1707,10.3957,8807100.0,87.8339,88.5915,86.1653,87.2956,18679183.0,98.3793,99.3711,97.5555,98.4542,103869344.0
2022-11-04,15.3008,15.5652,15.157,15.269,69252946.0,38.5879,38.9653,37.9109,38.5825,22050331.0,13.6306,14.0263,13.5718,13.8143,52567331.0,12.5323,12.5567,12.3534,12.3821,55718159.0,10.3924,10.5066,9.8784,10.1295,67916625.0,87.1959,87.5058,85.3838,85.6829,76695437.0,98.3411,98.5229,97.0525,98.2364,36157375.0
2022-11-07,15.216,15.6465,14.9706,15.1029,84675184.0,38.6626,39.4435,37.9446,38.3917,19728698.0,13.8055,13.8398,13.686,13.7512,14564800.0,12.4504,12.6227,11.9339,12.069,143228481.0,10.0602,10.085,9.6505,9.8186,93020050.0,85.7605,86.5467,84.332,86.1749,12930386.0,98.0933,100.2797,95.9028,97.1036,153602284.0
2022-11-08,15.1307,15.2058,14.7812,15.0013,71884061.0,38.2189,38.3696,37.4118,37.5721,137368885.0,13.6815,13.837,13.6155,13.6382,33841251.0,12.0886,12.1233,11.9104,12.0931,21018775.0,9.7894,9.8648,9.7001,9.8207,8344463.0,85.9145,87.4575,81.8001,82.1789,96000000.0,96.769,97.2342,96.1254,96.4797,73530822.0
2022-11-09,14.8945,14.9287,14.5723,14.6552,160183434.0,37.7955,38.2151,36.9861,37.407,33428866.0,13.6267,13.7276,13.3796,13.521,21061504.0,12.0692,12.2117,11.5473,11.7158,253210227.0,9.8232,9.9005,9.685,9.7138,16068008.0,82.0149,83.0968,81.5347,82.8531,14706402.0,96.6436,97.0721,94.9158,95.2816,226932516.0
2022-11-10,14.6312,14.7437,14.5187,14.5952,41340450.0,37.5474,37.7547,36.0606,36.839,52842948.0,13.4296,13.5875,13.3423,13.4772,18786935.0,11.7688,11.8059,11.4033,11.5263,92903800.0,9.7086,9.7241,9.271,9.3728,128265182.0,82.9425,83.275,82.0584,82.7431,7718215.0,95.2834,95.7009,93.2734,94.3287,100710799.0
2022-11-11,14.5706,14.7022,14.4024,14.5069,37592362.0,36.8746,37.7142,36.437,37.3676,43432133.0,13.4188,13.7424,13.3712,13.6103,30198384.0,11.5544,11.7585,11.4102,11.6595,37082951.0,9.4149,9.511,9.2461,9.3623,9818629.0,82.5331,83.2129,82.1035,82.6562,7656799.0,94.2012,95.1609,93.7331,94.7362,58352942.0
2022-11-14,14.5686,14.6246,14.1651,14.4408,59608271.0,37.4034,37.9422,37.1148,37.4675,17504224.0,13.7009,13.7457,13.3847,13.477,32378894.0,11.6355,11.6689,11.3274,11.4721,83253610.0,9.3534,9.4155,9.1119,9.1886,45860650.0,82.6876,85.521,82.1244,84.4616,71367257.0,94.7424,95.1632,93.401,94.1057,96453432.0
2022-11-15,14.4849,14.6014,14.3443,14.5295,110919578.0,37.454,38.5532,36.98,37.217,40931539.0,13.4164,13.6692,13.1797,13.5432,16304091.0,11.5249,11.7461,11.0745,11.4578,39911198.0,9.2202,9.3604,9.0773,9.2267,12903678.0,84.3204,84.5426,82.3567,83.6046,17756994.0,94.0806,95.1329,93.4898,94.265,37850233.0
2022-11-16,14.4221,14.5932,14.3273,14.4323,42154017.0,37.1338,37.7427,36.613,36.7632,35585368.0,13.4782,13.5607,13.425,13.5331,11504726.0,11.4778,11.6209,11.1174,11.1681,141549001.0,9.1712,9.3834,9.0624,9.278,15167659.0,83.5091,84.6817,82.7732,84.2607,10418333.0,94.5239,96.4115,92.6674,93.4494,106594381.0
2022-11-17,14.3882,14.5202,14.0599,14.2358,106560446.0,36.8406,37.245,36.1962,36.3501,49199438.0,13.5702,13.6448,13.4012,13.4371,28595034.0,11.0808,11.2446,10.9846,11.032,42155810.0,9.2581,9.3498,9.2374,9.2965,12401314.0,84.4895,86.0534,83.7103,85.8732,49398396.0,93.3364,93.6439,92.4085,92.5663,96717879.0
2022-11-18,14.1925,14.4156,13.5284,13.822,309519924.0,36.2364,36.4713,35.2486,35.9544,38111906.0,13.4847,13.5359,13.3133,13.4749,19349604.0,10.9805,11.3356,10.6964,10.9631,47348709.0,9.323,9.379,8.9305,9.0779,50302620.0,85.6215,86.8128,85.3202,86.0686,13633014.0,92.5655,93.8283,90.6696,91.2499,194110255.0
2022-11-21,13.8089,14.0975,13.6235,13.9903,96264859.0,35.9758,36.3276,35.4099,35.7475,30549478.0,13.3833,13.5066,13.1847,13.4425,17796029.0,10.8944,11.0688,10.6887,10.828,64086433.0,9.155,9.2394,9.0596,9.11,9975218.0,86.0613,86.3657,85.2205,85.7113,6930691.0,91.4699,92.5267,91.0564,91.2615,40778070.0
2022-11-22,13.9227,14.1802,13.8406,14.0064,65021287.0,35.7612,36.0117,35.162,35.4166,27245675.0,13.4562,13.5251,13.435,13.4704,21164872.0,10.8809,10.9889,10.5579,10.7889,29332913.0,9.1047,9.1413,8.8297,8.968,54324758.0,85.8147,88.3792,84.5749,87.621,89999237.0,91.1931,92.2771,89.532,90.7665,115814340.0
2022-11-23,14.0344,14.3901,13.7083,13.9792,40131893.0,35.4703,36.1237,35.1721,35.9031,42842901.0,13.4402,13.9762,13.4053,13.8184,96809827.0,10.7532,11.0448,10.6296,10.9123,45322317.0,8.9985,9.1473,8.6038,8.6453,141918568.0,87.678,87.8902,86.1218,86.6248,26692915.0,90.576,92.2983,90.0609,91.6271,125437315.0
2022-11-24,13.9365,13.9955,13.7244,13.9408,32546543.0,36.0364,36.6775,35.2626,35.9133,16725274.0,13.8371,13.8946,13.7148,13.8559,15255315.0,10.9447,11.0506,10.6683,10.9882,45235110.0,8.6928,8.8047,8.5841,8.674,11941166.0,86.4958,87.6765,84.8303,85.6097,25176478.0,91.2949,92.2127,90.9535,91.6258,29737291.0
2022-11-25,13.9771,14.0341,13.7026,13.8176,70279316.0,35.9704,36.5403,35.1101,35.6029,27246364.0,13.8387,14.1535,13.7332,13.9075,20509048.0,11.1015,11.2142,10.6249,10.7843,64598678.0,8.7079,8.7228,8.5515,8.6027,25744387.0,85.6885,87.5093,85.4224,86.5181,28791888.0,91.3558,92.309,90.6595,90.8999,75909763.0
2022-11-28,13.8174,14.2696,13.6394,13.9409,67981366.0,35.7002,36.03,35.4808,35.7704,32179926.0,13.83,14.0889,13.7718,14.0158,27099605.0,10.8248,11.0761,10.7812,10.8244,32875337.0,8.6291,8.9547,8.5581,8.7151,40984623.0,86.2939,86.6129,84.3318,85.0948,44299281.0,90.7343,91.8367,90.23,91.4942,73542972.0
2022-11-29,13.8812,14.0643,13.4898,14.0246,37782745.0,35.4983,36.2777,35.3486,36.1218,28641777.0,13.9882,14.4943,13.7163,14.3323,79362837.0,10.803,10.9932,10.7538,10.9087,54535345.0,8.7025,9.0031,8.6115,8.9466,96813427.0,84.9905,85.7048,83.1817,84.3139,25052351.0,91.7438,94.4819,91.2851,92.9066,174814228.0
2022-11-30,14.1107,14.3216,13.7836,14.2391,131108527.0,36.1873,36.3513,35.2756,36.1526,15208403.0,14.3691,14.9413,14.2998,14.451,20136494.0,10.8704,11.0798,10.7629,10.9738,52711244.0,9.0025,9.0984,8.8997,9.0669,23845073.0,84.6525,84.9471,83.4141,83.9369,12879533.0,92.7127,94.6665,92.3059,93.4747,111891114.0
2022-12-01,14.3284,14.7502,14.0577,14.5982,177701142.0,36.1632,36.9787,35.7954,36.7303,77395071.0,14.5665,15.1774,14.5152,14.8068,63816621.0,10.958,11.2544,10.9274,11.1681,65987441.0,9.0181,9.5105,8.9841,9.3795,129089696.0,84.0723,84.2189,82.125,82.9594,18939625.0,93.4178,95.5966,93.1402,95.1578,236645779.0
2022-12-02,14.6169,15.1183,14.4071,15.0075,282121676.0,36.7841,37.9674,36.7025,37.2512,64428260.0,14.8304,15.4419,14.7635,15.2933,182623902.0,11.114,11.6545,10.8086,11.5483,139169147.0,9.331,9.5557,9.2727,9.4476,19427045.0,82.96,83.4849,80.4483,81.0841,96000000.0,94.8806,97.6214,93.6674,96.9318,287992294.0
2022-12-05,14.9917,15.214,14.782,15.0458,47700398.0,37.1737,37.9263,37.0473,37.7791,71545415.0,15.2688,15.8526,15.0535,15.672,79381740.0,11.486,11.8952,11.3631,11.6853,43760066.0,9.5202,9.7498,9.2772,9.5968,54452432.0,81.1761,81.6931,79.8926,81.4887,11012725.0,96.9465,98.7033,96.4756,98.1417,177784752.0
2022-12-06,14.9759,15.3556,14.864,15.1903,64303709.0,37.9507,38.4307,37.1549,37.2676,28872617.0,15.5965,15.8894,15.4455,15.583,12816007.0,11.6409,11.8721,11.3198,11.4637,102144075.0,9.611,9.6727,9.3077,9.5672,13761254.0,81.3233,83.3797,81.1219,82.2788,13276213.0,98.2215,98.6036,97.4471,97.6304,143732542.0
2022-12-07,15.2622,15.7097,14.9244,15.5128,229077140.0,37.3043,38.1761,37.2419,37.9381,67366063.0,15.5729,15.8325,15.5376,15.6142,11277491.0,11.4926,11.5867,11.1678,11.267,61574890.0,9.5188,9.6678,9.4997,9.6461,20250399.0,82.3372,82.4771,81.6535,81.9484,11962618.0,97.7286,98.9745,97.4231,98.1458,69287120.0
2022-12-08,15.5692,15.6426,14.8437,15.0658,299090465.0,37.827,38.0265,36.4662,36.9264,132064660.0,15.59,15.8543,14.48,14.5157,200000000.0,11.2394,11.3887,10.828,11.0623,103759015.0,9.5896,9.6644,9.3775,9.572,13484638.0,81.8553,84.7659,80.8332,83.6438,70181911.0,98.6357,99.2973,94.9631,96.0422,600000000.0
2022-12-09,15.0119,15.7181,14.9491,15.3134,134899724.0,36.8439,37.9543,36.6369,37.3576,34656401.0,14.5339,15.9422,14.4281,15.8836,200000000.0,11.0505,11.3454,10.8403,11.1642,36721597.0,9.5144,9.8443,9.487,9.7859,36432274.0,83.5216,84.0475,83.2729,83.591,10667967.0,96.0383,97.3806,95.6173,97.0828,115606684.0
2022-12-12,15.2671,15.3517,15.2425,15.3218,52765971.0,37.4907,37.7418,36.6817,37.2858,20677615.0,15.8797,16.0588,15.7924,15.9509,18472395.0,11.189,11.6256,10.7428,11.0128,51137645.0,9.8678,9.9359,9.7542,9.7809,14387131.0,83.5649,85.3529,83.1041,83.9179,13783958.0,97.1635,98.121,96.2369,96.9237,62497535.0
2022-12-13,15.3527,15.8444,15.223,15.7021,250171764.0,37.2733,39.0089,36.9408,38.2176,99650397.0,15.9822,16.9949,15.8883,16.8549,200000000.0,11.0507,11.3517,10.9784,11.2924,116258101.0,9.7777,10.1117,9.6316,9.9148,29161911.0,83.7908,84.5305,83.4286,83.8609,5698895.0,96.7688,98.6928,96.21,98.1942,132492930.0
2022-12-14,15.6209,15.7119,15.5275,15.6307,62081057.0,38.2169,38.5331,37.4169,37.5241,69205586.0,16.8301,17.0874,16.735,16.897,15080888.0,11.19,11.2489,11.0866,11.1939,54571551.0,9.8938,10.0367,9.8306,9.8585,16770783.0,83.8907,85.2596,83.6667,84.6614,25874985.0,98.8008,99.9331,96.459,97.5613,99696977.0
2022-12-15,15.5876,15.6584,14.9513,15.0098,563174800.0,37.4949,37.9955,36.6767,37.0262,106643602.0,17.0157,17.0754,16.3217,16.6244,34670066.0,11.1031,11.1647,10.6254,10.7925,168894973.0,9.9244,10.0013,9.5659,9.6881,46319977.0,84.7503,85.5061,84.0389,84.8681,7398614.0,97.7959,98.6463,94.9943,96.0467,196440138.0
2022-12-16,14.9411,15.1374,14.5798,14.6336,186974997.0,37.1739,37.5847,36.3129,36.8489,25691451.0,16.6642,16.9795,16.1557,16.4362,38199577.0,10.7728,10.812,10.5798,10.6693,54918229.0,9.6981,9.7579,9.6292,9.6825,12756761.0,84.8098,85.6906,84.3672,84.5029,7272101.0,96.2877,96.5955,94.5356,95.4284,102415829.0
2022-12-19,14.5686,14.8094,14.4047,14.5502,67377472.0,36.9189,37.1229,35.7902,36.3743,48364493.0,16.3887,16.7015,16.2445,16.3957,19349809.0,10.6132,10.8813,10.32,10.7798,50719119.0,9.6695,9.85,9.5938,9.7659,22171414.0,83.8979,86.1289,83.267,85.2835,16876790.0,95.7235,95.8844,94.1854,95.069,75065941.0
2022-12-20,14.504,14.5395,13.9403,14.1566,222966877.0,36.2047,36.3666,35.6694,36.2785,24714157.0,16.4631,16.7596,16.3416,16.5863,26828531.0,10.8234,11.1142,10.6912,10.935,47795040.0,9.8084,9.9886,9.5976,9.6664,24522533.0,85.097,86.1101,83.7343,84.4923,14330289.0,95.271,95.6006,93.8404,94.5658,84413368.0
2022-12-21,14.2133,14.3752,13.7282,13.7528,383541463.0,36.1394,36.5149,34.9234,35.5497,80860250.0,16.508,17.0698,16.3566,16.7708,43809316.0,10.9111,11.0626,10.667,10.7382,85540143.0,9.6901,9.7883,9.513,9.6289,13595647.0,84.2623,86.4841,83.2052,85.9173,48078627.0,94.8711,95.6999,92.1135,93.1935,215184218.0
2022-12-22,13.6468,14.3178,13.6258,14.2664,514885826.0,35.5504,37.8622,35.3129,37.2048,240000000.0,16.7122,17.4771,16.3764,17.3356,187112463.0,10.8298,11.1308,10.7551,11.0792,171838768.0,9.6526,9.8933,9.5899,9.8744,65832968.0,85.9975,86.3312,84.0589,85.0235,37063371.0,93.144,96.0574,92.7374,95.7076,600000000.0
2022-12-23,14.2937,14.7031,14.1746,14.6036,252985524.0,37.1107,38.5938,36.9041,38.281,95811399.0,17.2788,17.8424,16.9505,17.7447,61226137.0,11.0537,11.3005,10.8914,11.186,34238587.0,9.8634,10.0327,9.6834,9.7802,25064858.0,84.8673,85.3851,83.9603,84.8044,9132695.0,96.3242,97.388,96.1474,96.8609,175266771.0
2022-12-26,14.6202,14.8702,14.3775,14.527,49069015.0,37.9567,39.1173,37.3411,38.5626,28567576.0,17.8415,17.968,17.6927,17.9178,26007371.0,11.2024,11.5053,10.9878,11.4269,93783550.0,9.7444,9.8762,9.4911,9.6381,22830858.0,84.6974,84.9724,82.5868,82.8646,96000000.0,96.4373,97.6969,94.9326,97.2679,42988131.0
2022-12-27,14.5892,14.8901,14.4739,14.6534,59506641.0,38.4496,39.4989,38.2896,39.419,82080618.0,17.9047,18.6086,17.7575,18.2473,47543734.0,11.3909,11.9693,11.3657,11.883,228491846.0,9.5983,9.9334,9.5387,9.7724,20945053.0,83.0402,84.692,82.3817,83.4337,11575413.0,97.1922,99.7223,96.1422,98.6655,352697615.0
2022-12-28,14.67,14.8398,14.5697,14.6682,71561461.0,39.3758,40.2215,39.0918,39.8299,22207236.0,18.2003,18.9299,18.038,18.6598,76313947.0,11.9104,12.2183,11.864,12.1265,76292335.0,9.7765,9.9148,9.7469,9.7879,11318675.0,83.2697,84.6787,82.4976,84.378,21972457.0,99.1509,99.8666,98.1716,98.8539,59171606.0
2022-12-29,14.6437,14.6689,13.9862,14.3157,221333979.0,39.7672,40.0525,39.2247,39.4735,49072665.0,18.6723,18.7073,18.3783,18.4374,23103488.0,12.1558,12.2028,12.0186,12.0503,45931562.0,9.7882,9.8062,9.6793,9.7307,15746168.0,84.4211,85.3864,83.5715,85.1225,21480487.0,98.806,99.5554,97.0872,97.6956,164072032.0
2022-12-30,14.2643,14.5409,14.0171,14.4715,115189746.0,39.5857,40.2588,38.8322,40.1828,65686961.0,18.4784,19.0391,18.3934,18.9059,72299491.0,12.1009,12.7144,11.9201,12.5686,331233426.0,9.75,9.9352,9.658,9.827,24352739.0,84.9901,85.3737,84.8105,85.0184,7489605.0,97.8793,100.0339,97.5661,98.8662,163381375.0
2023-01-02,14.5348,14.7237,14.1294,14.3473,55427327.0,39.8308,40.0508,39.4561,39.8795,42028875.0,19.0293,19.3661,18.7659,18.9885,23034547.0,12.5607,12.809,12.399,12.4267,62952310.0,9.8099,10.1326,9.764,9.9225,18976029.0,84.9175,85.3725,83.8047,85.0674,5890955.0,98.7341,99.5992,98.2624,98.601,45413658.0
2023-01-03,14.3788,14.5249,14.3258,14.4416,63870415.0,39.7584,40.1663,39.3766,39.9185,10151951.0,18.8724,19.0887,18.8407,18.9552,10492940.0,12.5016,12.5662,12.0654,12.1909,80175652.0,9.9746,10.0326,9.7871,9.8898,10352423.0,84.8184,85.0818,83.6611,84.7061,14047637.0,98.7258,98.9204,97.8122,98.3436,46762059.0
2023-01-04,14.4102,14.8661,14.1631,14.5796,116137909.0,40.0437,40.5811,39.7024,40.4771,68352453.0,19.0535,19.2563,18.8967,19.1964,32984431.0,12.2082,12.5968,11.9696,12.4871,89142443.0,9.8363,10.1605,9.7454,10.016,29066219.0,84.5949,85.3503,84.129,84.2647,12705416.0,98.2432,100.0231,97.1898,99.3726,131535046.0
2023-01-05,14.6382,14.7735,14.3076,14.692,50057458.0,40.3708,41.721,39.6155,40.9568,35792895.0,19.0346,19.802,18.8091,19.6459,55028714.0,12.4492,13.2531,12.3629,12.8462,168532037.0,10.0332,10.0944,9.7787,9.9735,18882851.0,84.3726,84.765,83.6788,83.9809,16448748.0,99.7023,101.388,99.1057,100.7334,153740664.0
2023-01-06,14.6631,15.0525,14.2721,15.0038,323554061.0,40.762,42.3445,40.5353,41.973,145965150.0,19.7189,20.1614,19.4887,20.0131,66963396.0,12.8077,13.0332,12.555,12.9232,41523654.0,9.9365,9.9743,9.7002,9.8957,19208845.0,83.777,84.5713,83.006,83.9661,7930664.0,100.8165,103.1223,99.276,101.914,105040323.0
2023-01-09,15.0037,15.0318,14.4752,14.7476,149032100.0,41.8606,42.7558,41.1324,41.5387,38376645.0,20.1087,20.3129,19.7319,19.9364,19810427.0,12.9678,13.0652,12.4509,12.6205,81799535.0,9.8859,10.1137,9.7819,10.006,15464474.0,83.8149,84.1666,83.55,83.859,5772975.0,101.4097,102.2584,100.6877,101.5705,57665893.0
2023-01-10,14.7083,14.9526,14.5134,14.6411,58587501.0,41.6117,41.9159,40.3655,40.925,57315804.0,20.0358,20.7953,19.3278,19.6511,27323240.0,12.6961,12.7258,12.3787,12.4484,78456950.0,9.9683,10.0025,9.8621,9.9009,22933925.0,84.3231,84.5708,83.0661,83.9008,7193348.0,101.3366,102.7916,100.4509,100.6414,118829641.0
2023-01-11,14.6756,14.8591,14.398,14.6285,50831428.0,40.8842,41.8402,40.4187,40.9005,19306905.0,19.697,19.7496,19.1215,19.2973,40034507.0,12.3825,12.7018,12.3064,12.4289,39901746.0,9.886,9.9181,9.7082,9.8681,7772481.0,83.9551,85.6787,83.7042,85.3435,37104235.0,100.3636,101.1304,99.6207,99.9325,86705975.0
2023-01-12,14.5645,14.7255,13.952,14.1999,438057252.0,40.784,41.3494,39.9486,40.38,39287294.0,19.2133,19.2783,18.7355,19.0692,32900193.0,12.473,12.5753,11.9214,12.0784,177573916.0,9.825,9.9251,9.4172,9.5521,106148871.0,85.4163,87.7381,84.9372,87.0839,96000000.0,100.3316,101.2577,97.8818,98.3397,293235107.0
2023-01-13,14.1812,14.3745,13.2994,13.6197,610128040.0,40.4567,40.9948,38.8451,39.1066,160947973.0,19.1276,19.1896,18.7141,18.8477,18139774.0,11.9939,12.0929,11.5924,11.686,205103262.0,9.513,9.5671,9.1889,9.3525,28073380.0,86.9466,87.2186,85.7495,86.4849,11698321.0,97.9943,98.8685,95.5724,95.8286,600000000.0
2023-01-16,13.5805,13.6676,13.0958,13.2449,247233949.0,39.1644,39.5813,38.2728,38.8315,25761247.0,18.7655,19.0969,18.1546,18.2689,102434095.0,11.6519,11.7969,11.3847,11.4919,118249418.0,9.3895,9.4579,9.275,9.3924,12117457.0,86.7124,86.9513,85.3588,85.7044,25605105.0,95.7558,95.9169,94.1875,94.614,236004055.0
2023-01-17,13.2603,13.8182,13.1656,13.5606,232069630.0,38.6388,40.2796,38.4284,39.695,60882775.0,18.1988,18.5315,17.8652,18.4942,27416079.0,11.5185,12.0236,11.2207,11.8796,232327691.0,9.3391,9.828,9.2129,9.6412,76215238.0,85.9651,86.5649,85.2215,85.5563,10272796.0,95.182,96.4862,94.2042,96.1778,415325931.0
2023-01-18,13.5838,13.72,13.4117,13.4912,69895823.0,39.7098,39.8107,39.4024,39.7034,14837069.0,18.4597,18.6235,18.3568,18.4344,23980522.0,11.8321,12.1738,11.5535,11.9874,46046852.0,9.6669,9.6977,9.3754,9.4028,57606353.0,85.4259,85.9027,84.2789,84.4612,25739246.0,96.5186,97.0634,95.2262,95.89,54681678.0
2023-01-19,13.4256,13.6724,12.9422,13.5077,45401749.0,39.5007,39.9631,39.0905,39.2994,30150246.0,18.4068,18.5083,17.6945,17.9713,76629008.0,12.0707,12.1272,11.6263,11.824,90316130.0,9.4356,9.6466,9.2071,9.3512,19704736.0,84.6889,85.4385,83.9664,85.2441,21445128.0,95.658,96.8749,94.0936,94.9482,88524606.0
2023-01-20,13.5319,13.6721,13.2395,13.5052,49147317.0,39.4809,40.157,38.9758,39.8059,30053898.0,17.989,18.2812,17.4416,17.8463,26981521.0,11.858,12.066,11.6631,11.9361,67123170.0,9.3792,9.3981,8.9721,9.1188,65959030.0,85.5323,86.3981,84.4959,84.6546,16037663.0,94.7105,95.2156,92.6853,94.6206,44585288.0
2023-01-23,13.4176,14.0215,13.3777,13.7224,160879970.0,39.9993,40.5523,39.9292,40.2328,41620560.0,17.7955,18.3079,17.6406,18.0332,26153828.0,11.8696,11.9437,11.2737,11.3766,360000000.0,9.1178,9.1406,8.9838,9.1172,7552217.0,84.2145,84.5281,83.6927,83.8856,24038013.0,94.3579,96.1778,92.978,95.3529,91943014.0
2023-01-24,13.8557,14.0723,13.2732,13.5137,130027784.0,40.1872,40.9347,39.937,40.4044,22817696.0,18.0576,18.3064,17.373,17.6798,70460231.0,11.4119,11.4571,11.1415,11.1731,68512990.0,9.0766,9.3347,8.9655,9.3082,56507479.0,84.0675,84.503,82.8978,83.7461,8392320.0,95.4087,96.9907,94.2119,94.8288,90132179.0
2023-01-25,13.4833,13.6344,13.1659,13.5954,55643077.0,40.5742,40.8767,40.1322,40.3942,17849475.0,17.5807,17.7717,17.4602,17.5603,15297786.0,11.1036,11.1725,10.9495,11.0172,69792506.0,9.2495,9.8897,9.1453,9.7101,144000000.0,83.585,84.2895,83.1731,83.4757,8190320.0,94.6957,95.9914,93.9869,94.9291,42194976.0
2023-01-26,13.6584,14.2198,13.5591,13.9885,303735483.0,40.2741,41.7431,40.1057,41.4632,143426171.0,17.5631,17.9106,17.3102,17.8139,32740450.0,11.0174,11.2239,10.9513,11.1394,67633803.0,9.6633,9.9427,9.6447,9.8987,55606439.0,83.7549,84.8169,79.5825,79.872,96000000.0,94.9911,96.7332,94.6816,96.1514,160464011.0
2023-01-27,14.0009,14.8236,13.8953,14.4677,640000000.0,41.4404,42.5231,41.2251,42.1787,57135759.0,17.7941,18.6903,17.6154,18.4613,182561913.0,11.1857,11.7028,10.8779,11.6245,276480614.0,9.8513,9.9283,9.6504,9.8577,16000081.0,79.7111,80.94,78.8,80.2016,12381651.0,96.2357,98.0544,95.2652,97.7322,203012054.0
2023-01-30,14.4832,14.5375,13.8948,14.0294,386997995.0,42.0817,42.7569,40.6192,41.1637,83317754.0,18.5381,18.7133,17.9836,18.1397,51998818.0,11.6635,11.7035,11.2576,11.2938,193722196.0,9.8688,9.8946,9.4856,9.7969,17472140.0,80.3244,82.1376,79.8626,81.5304,36914467.0,97.7453,97.996,95.3193,95.8168,308859990.0
2023-01-31,13.9574,14.018,13.7506,13.8521,142184975.0,41.1597,41.6588,40.9027,41.1416,18504829.0,18.2226,18.298,18.0448,18.1047,17135997.0,11.2892,11.4595,10.8316,10.9117,198521014.0,9.7403,9.9363,9.6198,9.8225,9327931.0,81.1698,82.5113,80.2667,82.0226,7576862.0,95.8569,96.8008,93.3997,95.2282,81195704.0
2023-02-01,13.9037,14.2707,13.822,14.1021,130372551.0,41.1523,42.829,40.6107,41.3743,12187160.0,18.0921,18.1766,17.5811,17.7201,69419064.0,10.894,11.0866,10.7688,10.8203,50396682.0,9.8142,10.0272,9.7599,9.9265,26201383.0,82.2535,83.8213,81.8618,83.3962,55155653.0,95.2515,96.6681,94.4394,95.4891,70172105.0
2023-02-02,14.1052,14.4438,13.7867,13.9445,100739181.0,41.3738,41.7655,40.6992,40.7885,47496300.0,17.5785,17.7296,17.4673,17.5579,30539133.0,10.7613,10.8351,10.4492,10.5588,101335621.0,9.9282,9.964,9.8155,9.9383,10386061.0,83.4117,84.8306,82.8984,84.289,25688513.0,95.2804,95.9591,93.1564,94.6806,127814201.0
2023-02-03,13.9734,14.0969,13.1644,13.5455,385981173.0,40.774,40.9646,39.6876,40.4469,37836447.0,17.4523,17.5752,17.3057,17.5006,17386014.0,10.5679,10.6321,10.42,10.5406,15381409.0,9.926,9.9622,9.838,9.9183,14000504.0,84.5637,85.2918,83.9434,84.7403,13853705.0,94.2933,94.4673,92.9561,94.1624,42072283.0
2023-02-06,13.54,14.0752,13.4707,14.0432,640000000.0,40.4672,41.4787,39.6762,41.0543,66588908.0,17.5813,18.202,17.319,18.0363,130504192.0,10.5807,10.8843,10.4974,10.7907,70308609.0,9.9074,10.0371,9.7859,10.0044,32497203.0,84.5874,84.9234,82.6406,83.0306,96000000.0,94.1769,96.3283,93.0038,95.8634,324409016.0
2023-02-07,14.0513,14.0934,13.6642,13.8282,170498582.0,41.2577,41.492,39.4445,40.4633,43538563.0,18.0257,18.055,17.5319,17.6192,59136228.0,10.8965,10.9446,10.5165,10.5487,78698820.0,10.0569,10.1195,9.7944,9.8734,35101191.0,83.0752,83.7708,82.5654,83.4494,14924494.0,95.6513,96.0799,91.2923,91.7131,600000000.0
2023-02-08,13.7742,14.0007,13.3864,13.5092,162376302.0,40.1442,40.3184,39.9087,40.013,22057562.0,17.7458,17.8988,17.1922,17.2529,42673368.0,10.526,10.6405,10.3168,10.505,27717544.0,9.8936,9.9495,9.6937,9.8294,14710669.0,83.7695,84.4778,83.1249,84.267,29049131.0,91.9672,92.3577,90.1646,90.3443,197718307.0
2023-02-09,13.5001,13.5709,13.2318,13.4647,73312299.0,40.3167,40.3899,39.499,39.7128,15130380.0,17.3163,17.5595,17.2383,17.3292,14334487.0,10.5471,10.7162,10.3926,10.5994,43513623.0,9.8578,10.0483,9.7156,9.785,14025440.0,84.2615,85.8553,83.7821,85.4417,41632342.0,90.0247,90.7695,88.9275,89.9987,56759533.0
2023-02-10,13.4397,13.527,13.3253,13.5016,80621805.0,39.658,40.5907,39.5139,39.8209,23758772.0,17.3473,17.3971,17.0536,17.2031,15365456.0,10.6378,10.8939,10.4538,10.6031,22177728.0,9.7701,10.0539,9.6277,9.9939,41842578.0,85.5342,86.3711,84.9197,85.7895,11073260.0,89.9077,90.9343,88.8735,90.3002,68213886.0
2023-02-13,13.4596,13.7703,13.2714,13.4922,39865430.0,39.8087,40.1813,39.6489,39.9664,19898190.0,17.2121,17.7265,16.9421,17.37,29447600.0,10.5792,11.0276,10.4099,10.7274,51151517.0,10.026,10.07,9.7351,9.9474,7780606.0,85.9408,86.4409,84.8638,86.0251,6713209.0,90.3399,91.0917,90.1895,90.6039,60691088.0
2023-02-14,13.5002,13.6753,13.2455,13.2833,101507134.0,40.1761,40.4391,39.1791,39.6467,50278024.0,17.2885,17.4515,16.7564,16.8362,170873831.0,10.764,10.8019,10.4064,10.6068,44703481.0,9.9597,10.007,9.9396,9.9809,12789860.0,85.6893,87.1978,85.4892,86.9687,35480532.0,90.9283,91.227,87.7374,89.6142,124304525.0
2023-02-15,13.3046,13.4461,13.1087,13.3848,73236072.0,39.7415,41.3824,39.6646,40.4717,55572656.0,16.7927,17.6235,16.7179,17.3106,82935212.0,10.566,11.0443,10.3553,10.8077,81169253.0,9.9895,10.0751,9.8835,10.0522,14636268.0,86.8545,88.0911,86.279,87.6499,15823193.0,89.5145,91.4983,88.7012,90.3975,177935386.0
2023-02-16,13.3996,13.4498,13.2828,13.3375,58421129.0,40.557,41.0349,40.1559,40.9688,45467105.0,17.3401,17.8716,17.2269,17.5811,54984024.0,10.8208,11.0296,10.7612,10.9541,73259234.0,10.0361,10.1025,9.8135,9.8338,53524656.0,87.9016,88.3594,87.211,87.6014,6045871.0,90.4447,90.7821,89.4151,90.4673,50749372.0
2023-02-17,13.3315,13.6211,13.2607,13.4446,69315595.0,41.1702,42.1066,39.7724,40.8702,29974555.0,17.5563,17.5845,17.2726,17.4192,30258805.0,10.9432,10.9835,10.6088,10.6632,135943731.0,9.8434,10.1003,9.811,10.0178,33756887.0,87.1505,87.6657,86.3573,87.2838,11899487.0,90.6256,90.8999,88.9194,90.4825,36688785.0
2023-02-20,13.469,13.5371,13.3592,13.4731,37696653.0,40.8437,41.4848,40.2225,40.5026,34507470.0,17.4526,17.481,16.8524,17.1276,41143918.0,10.6855,10.7813,10.3997,10.4442,105602578.0,10.1046,10.2705,9.7952,9.8845,27850999.0,87.5301,87.9388,86.8654,87.7748,8115648.0,90.6784,91.2733,88.8578,89.4925,158933373.0
2023-02-21,13.4875,14.1644,13.4185,13.9246,597545133.0,40.6495,42.1821,40.2492,41.8799,141348675.0,17.2,17.8032,17.1228,17.7529,173884774.0,10.47,10.8283,10.3979,10.7812,221907988.0,9.909,10.3557,9.6949,10.2401,144000000.0,87.6447,87.8903,86.7903,86.9896,15957675.0,89.5856,92.5035,89.0199,92.0082,600000000.0
2023-02-22,13.9306,14.3536,13.884,13.9966,50295716.0,41.6726,43.1956,40.6355,42.3614,78671568.0,17.7398,18.1629,17.3744,18.0078,51553161.0,10.7543,10.854,10.6885,10.8321,32009672.0,10.312,10.3455,10.0923,10.1831,15464122.0,87.4413,88.0642,87.2584,87.4342,10324107.0,92.481,94.0064,92.2206,92.5814,87335190.0
2023-02-23,14.0069,14.1869,13.6476,13.9299,53538537.0,42.4311,42.711,41.455,41.5613,104506628.0,17.9761,18.7163,17.9364,18.2563,20948208.0,10.8316,10.9938,10.4808,10.7693,22825939.0,10.1047,10.5697,10.0377,10.4224,41301813.0,87.5305,87.6929,86.3934,86.5285,19301989.0,92.4772,92.6373,91.1219,92.2007,79102545.0
2023-02-24,14.0028,14.4218,13.8008,13.8645,62157898.0,41.6533,42.4465,41.5481,42.0477,37749021.0,18.1895,18.658,17.7254,18.3356,24882246.0,10.7628,10.7896,10.664,10.7052,38452441.0,10.4255,10.625,10.3234,10.5089,14700285.0,86.3541,87.2588,84.8809,86.2104,16563239.0,92.6542,93.1186,91.3234,92.2614,39212379.0
2023-02-27,13.791,13.8793,13.0742,13.1569,640000000.0,42.2378,43.03,41.9725,42.4545,42085064.0,18.3984,18.6501,18.0512,18.2515,24039575.0,10.6502,10.8812,10.4353,10.742,25948682.0,10.5442,10.6635,10.0671,10.4465,18159218.0,86.4234,87.8212,85.964,86.5559,10386946.0,92.442,93.3891,91.5234,92.3105,46510621.0
2023-02-28,13.1385,13.3699,13.0743,13.2535,49024473.0,42.573,42.8799,42.4543,42.7425,33906952.0,18.3079,18.5744,18.2762,18.5265,35412639.0,10.7232,10.957,10.7067,10.8447,56082649.0,10.463,10.5629,10.1523,10.3192,29272650.0,86.8691,87.7478,85.7762,85.9497,12961576.0,92.3747,92.7332,91.3631,92.2574,35402308.0
2023-03-01,13.2733,14.1598,13.1371,13.7656,519672331.0,42.7769,45.0748,42.6674,44.2666,240000000.0,18.6931,18.9604,18.3815,18.9221,63033352.0,10.8151,11.2084,10.6324,11.1419,193356128.0,10.341,10.3922,10.2497,10.3475,9703941.0,86.0806,87.9259,85.8494,86.7668,20073486.0,92.342,94.1555,91.4741,93.7647,279747822.0
2023-03-02,13.6698,13.9671,13.4897,13.8232,71716402.0,44.2113,44.8518,43.6865,44.37,13923089.0,18.9358,19.3053,18.6214,19.1369,47118369.0,11.0827,11.4446,10.9957,11.1891,30287042.0,10.331,10.3659,9.8808,10.0864,63771810.0,86.6694,87.0252,85.9777,86.5516,10957476.0,94.0143,94.5782,93.1339,93.451,58944223.0
2023-03-03,13.9078,14.1758,13.6308,13.8726,58641171.0,44.3126,45.8739,43.9547,45.1755,70323116.0,19.1293,19.4684,18.7645,18.9915,17289177.0,11.1467,11.4556,10.9444,11.1466,32757927.0,10.1366,10.2722,9.9386,10.0155,20766984.0,86.8658,87.1647,85.9359,86.28,5944935.0,93.2607,94.25,92.8785,93.8484,52656446.0
2023-03-06,13.8882,13.9659,13.659,13.8601,27896932.0,45.1186,46.0355,44.8992,45.3744,33152549.0,19.0279,19.4037,18.5595,18.9091,18031386.0,11.133,11.2643,10.8799,11.1791,35112021.0,9.9501,10.2097,9.7904,10.1293,34765970.0,86.0783,86.9141,85.5437,85.688,15383506.0,93.8872,94.9599,93.0462,94.3074,68136432.0
2023-03-07,13.9187,14.2481,13.7675,13.9029,76643048.0,45.1431,46.4436,44.0092,45.9966,52729374.0,18.8868,19.2985,18.8346,19.0231,25056036.0,11.182,11.5625,10.8848,11.3233,45471736.0,10.1231,10.3164,10.0577,10.1428,11376531.0,85.9196,86.2417,84.7461,85.5383,7240863.0,94.2426,95.3309,92.976,94.9539,89941306.0
2023-03-08,13.9717,14.27,13.9001,14.0655,118209879.0,46.3135,46.6211,45.3866,45.7872,25745742.0,18.9542,19.6758,18.628,19.3372,47995070.0,11.257,11.3221,11.0819,11.1397,69886623.0,10.1479,10.2046,9.8902,10.0592,17236641.0,85.0208,86.015,83.975,85.3762,8829766.0,95.3862,96.9513,94.7435,95.0198,55511168.0
2023-03-09,14.0911,14.6376,14.0215,14.4932,353576603.0,45.9676,46.3573,45.143,45.85,15982169.0,19.3442,19.5954,19.2858,19.4308,19805753.0,11.2031,11.232,10.7916,10.9601,47077907.0,10.0356,10.1851,9.9049,10.1234,14353892.0,85.4015,85.8741,84.8559,85.3903,5042963.0,94.8448,97.0193,94.5509,95.8352,137952187.0
2023-03-10,14.3513,14.7128,14.3249,14.5555,61236958.0,45.896,47.7059,45.2755,46.5156,39383340.0,19.4673,19.9231,19.4321,19.7238,64681358.0,10.9919,11.1776,10.9544,11.0308,48235754.0,10.1245,10.1606,9.8618,9.9351,40514474.0,85.2702,86.2368,84.5323,85.5576,7948612.0,96.3795,96.6926,95.411,95.8204,52836529.0
2023-03-13,14.565,15.1403,14.3505,14.9241,284730297.0,46.6651,47.7545,45.7033,47.2527,36819263.0,19.7662,20.4491,19.5864,20.2915,83172487.0,11.0264,11.2326,10.9521,11.2061,102403374.0,9.8555,10.1388,9.7947,10.0576,34320305.0,85.2622,85.7511,85.0442,85.3474,8530136.0,95.6989,98.661,94.9759,97.2775,232614012.0
2023-03-14,14.938,14.9717,14.4694,14.5206,506752247.0,47.393,48.6288,46.9256,47.3042,21619000.0,20.3284,20.3978,19.8962,20.0781,22822850.0,11.1417,11.4814,10.8346,10.9964,84017764.0,10.0044,10.3485,9.9423,10.224,34088873.0,85.6285,86.6001,85.3244,86.0588,12878131.0,96.8954,98.5802,96.1338,97.0962,60334430.0
2023-03-15,14.4512,14.7013,14.2767,14.6761,112922528.0,47.1196,48.293,46.3843,48.2111,66219273.0,20.1657,20.9737,20.0995,20.7597,84481022.0,10.9853,11.3638,10.8712,11.3109,122658346.0,10.2773,10.3045,10.0518,10.1699,16511358.0,85.5944,87.6159,85.3461,87.1541,47309755.0,96.8569,99.127,95.6555,98.7844,238868009.0
2023-03-16,14.5607,14.9016,14.4447,14.6765,47359029.0,48.3321,48.8746,47.9956,48.6108,22087410.0,20.804,21.107,20.2918,20.7643,10649196.0,11.2963,11.6928,11.066,11.4636,61762722.0,10.1801,10.1973,9.7874,9.8099,97131498.0,87.4585,87.8894,85.8645,86.3882,20893517.0,98.5467,99.4305,97.7049,98.826,32756429.0
2023-03-17,14.7064,14.8339,14.4772,14.6436,37634597.0,48.8544,49.2118,48.3108,48.6752,23248518.0,20.7873,20.9228,20.2273,20.4789,32030658.0,11.4052,11.7426,11.1262,11.6695,55612880.0,9.7947,10.036,9.6645,9.9747,49896323.0,86.0552,86.4035,85.1933,86.2513,10015186.0,99.2915,99.7862,98.3617,99.0186,42830610.0
2023-03-20,14.5631,15.1045,14.4606,14.9442,182289309.0,48.5455,50.7504,48.1545,50.4052,203476253.0,20.373,21.724,20.2974,21.1921,182564084.0,11.6056,12.4474,11.5463,12.3462,360000000.0,10.0148,10.0731,9.8578,9.9342,18597206.0,86.4805,86.6596,84.2353,85.1421,28148091.0,98.6419,101.2144,97.8064,100.976,330693813.0
2023-03-21,15.0806,15.4255,14.8985,15.0936,104834327.0,50.1017,51.0218,49.7029,50.8689,26698212.0,21.2134,21.3815,20.7869,21.3273,27792931.0,12.391,12.6715,11.985,12.5694,69400077.0,9.9908,10.2619,9.8933,10.1537,45494372.0,84.975,86.0373,83.295,83.7221,51465909.0,101.0685,102.5025,100.4472,101.9884,112450827.0
2023-03-22,15.1111,15.6399,15.0472,15.3467,132200072.0,50.6367,51.6047,49.6035,51.2225,24653245.0,21.3124,21.5509,21.0476,21.3389,11219299.0,12.5502,12.9993,12.438,12.8145,73894185.0,10.2292,10.3868,9.8767,9.9947,30585827.0,83.311,83.7313,82.2592,83.3759,7986705.0,102.4136,102.8912,101.8626,102.4771,64203717.0
2023-03-23,15.4384,15.5103,14.9584,15.225,66221134.0,51.203,52.8279,50.0981,51.4017,20470766.0,21.2411,21.7682,21.0178,21.2029,21146672.0,12.8683,13.2108,12.8188,12.9999,64932273.0,9.9178,9.9758,9.7787,9.9548,17788618.0,83.2808,84.2087,81.8484,84.0087,13805477.0,103.2852,105.4808,101.9506,102.5563,47806896.0
2023-03-24,15.227,15.3935,14.9796,15.0899,92441087.0,51.1554,51.5813,49.4496,50.0478,141103224.0,21.2464,21.2916,20.8117,20.9411,48344602.0,12.9991,13.1219,12.764,12.7886,77927428.0,10.0113,10.1042,9.9289,9.9791,24680587.0,84.1281,85.1118,82.8845,84.0272,5400192.0,102.5243,103.5608,100.3388,101.3357,187261876.0
2023-03-27,15.14,15.9585,15.0734,15.6679,442346096.0,50.014,51.2093,49.836,50.576,29436921.0,20.9855,21.6858,20.4544,21.4663,80414796.0,12.8341,13.0528,12.7504,12.9742,61875803.0,9.9318,10.178,9.7694,10.0284,9296431.0,83.8372,84.1164,82.9681,83.3493,18604765.0,101.3679,103.1402,100.3556,102.615,166633629.0
2023-03-28,15.6715,16.0908,15.5979,15.8607,125386420.0,50.4458,51.8868,49.8979,51.7705,125534543.0,21.5038,22.1025,21.4495,21.9173,71650440.0,13.0183,13.3101,12.8233,13.2418,113098003.0,10.0408,10.1001,9.7969,9.9362,17097288.0,83.404,83.8403,81.9572,83.5601,13630714.0,102.2764,104.4425,101.2983,104.2476,193793450.0
2023-03-29,15.9312,15.9641,15.5149,15.7887,53680776.0,51.7704,51.8896,50.3768,51.4453,30036311.0,21.9672,22.0183,21.3075,21.6934,38526054.0,13.271,13.3331,12.7625,13.0713,61980459.0,9.9611,10.0905,9.235,9.2657,144000000.0,83.7055,85.0262,83.1726,84.1418,18853395.0,104.1351,104.746,101.0961,102.6823,150633994.0
2023-03-30,15.6474,15.7336,15.2437,15.3797,153978258.0,51.3422,51.8205,50.8911,50.9812,28876894.0,21.7044,21.9662,21.1462,21.1837,62086864.0,13.1446,13.2783,12.5015,12.7884,87570444.0,9.327,9.5706,9.2436,9.393,34806139.0,84.4589,85.2705,82.9977,83.3558,31663305.0,103.3205,103.9132,101.2415,101.4128,147701030.0
2023-03-31,15.4401,15.6976,15.2508,15.4863,62703640.0,50.974,52.1237,50.0349,51.8691,58962538.0,21.1623,21.2015,20.9397,21.0729,15179165.0,12.7945,13.1231,12.6285,12.9431,51579054.0,9.411,9.5565,9.2338,9.4993,24631875.0,83.3691,83.7034,81.4729,81.6536,93676072.0,101.6636,103.2237,101.0697,102.5543,80729450.0
2023-04-03,15.5321,16.052,15.4377,15.7616,143536020.0,51.9923,52.9531,50.6402,51.0657,48666279.0,21.2261,21.7128,21.0693,21.5713,114070634.0,12.8521,13.4891,12.636,13.326,154054164.0,9.5102,9.7648,9.2682,9.7411,54796986.0,81.8938,82.4886,80.7609,81.0055,18892951.0,102.9081,103.9775,101.3421,103.6474,165994822.0
2023-04-04,15.7509,15.8592,15.649,15.7853,55811951.0,50.8735,52.2704,50.7524,51.4555,29873998.0,21.5843,22.171,21.1188,21.5965,17276400.0,13.2422,13.5328,12.9117,13.0273,94661667.0,9.7077,10.0607,9.6358,9.9335,29059016.0,81.179,82.614,80.3087,81.1485,6451904.0,103.8379,104.2743,103.2289,103.8424,51453940.0
2023-04-05,15.7568,16.1661,15.7253,16.0604,158664677.0,51.5125,53.2004,51.2381,52.9228,205131605.0,21.3728,21.4726,20.9251,21.3967,19454775.0,12.9872,13.4086,12.898,13.2653,88570594.0,9.8651,9.9636,9.6668,9.7728,42026416.0,81.1297,82.6455,80.186,81.4638,11329712.0,104.1573,104.8103,103.5023,104.6133,140162879.0
2023-04-06,16.0392,16.4949,15.8372,16.2766,78980383.0,52.7455,53.7015,51.8204,53.1572,20692096.0,21.1851,21.3359,21.071,21.1217,27179999.0,13.3119,13.4587,13.0732,13.206,19267667.0,9.7383,9.8982,9.582,9.8512,16879092.0,81.6996,82.4231,80.7571,82.2365,17999219.0,105.1898,105.9166,103.6431,104.4702,66489173.0
2023-04-07,16.2969,16.7519,15.9939,16.61,179816352.0,53.156,54.6063,52.7506,53.5571,30556746.0,21.2262,21.614,21.1407,21.4204,36514695.0,13.181,13.514,13.1457,13.2894,37140265.0,9.9081,10.1953,9.8126,9.9316,13414869.0,82.422,83.1786,81.3622,82.7141,16156557.0,104.335,105.3646,103.5509,105.0258,82807315.0
2023-04-10,16.6991,17.0297,16.3562,16.4474,75000732.0,53.5398,54.2007,52.9802,53.3437,18741812.0,21.2602,21.9084,20.9612,21.8563,85046187.0,13.3023,13.4037,13.0835,13.1811,44856473.0,9.933,10.4301,9.831,10.2261,70860165.0,82.6795,84.857,82.4741,84.2663,42890753.0,105.2456,105.7125,103.9613,105.2714,46505895.0
2023-04-11,16.4087,16.61,16.2458,16.3965,49542953.0,53.4184,54.3083,52.7844,52.8859,36267876.0,21.8076,21.8675,21.6317,21.7284,26961369.0,13.2145,13.2755,12.8078,12.8786,125307380.0,10.2959,10.3497,10.1224,10.1859,11850718.0,84.4179,87.0188,84.1341,85.6303,43365858.0,105.0653,105.8003,103.7336,104.2925,100838820.0
2023-04-12,16.274,16.6353,16.1485,16.3624,39425921.0,52.9244,53.9555,51.2073,51.919,71972788.0,21.6205,21.6665,21.463,21.5989,27760799.0,12.8886,13.0159,12.7345,12.7895,50636898.0,10.1561,10.2678,10.092,10.1626,10846142.0,85.689,86.1797,81.6322,82.3959,96000000.0,103.6924,104.2644,103.2355,103.5192,133580551.0
2023-04-13,16.5426,16.7242,16.3802,16.5435,91697391.0,52.1729,53.1644,51.4923,52.3224,41402428.0,21.5721,22.6911,21.2433,22.2824,120591474.0,12.6518,13.3272,12.618,12.9419,50574728.0,10.1953,10.5506,9.9919,10.4197,47466852.0,82.5097,82.995,81.843,82.7435,16993435.0,103.597,105.2002,103.277,104.5289,129702945.0
2023-04-14,16.5926,17.4377,16.3756,17.0293,640000000.0,52.317,53.9674,51.6573,53.6161,86052414.0,22.3176,23.671,22.1197,23.0802,180271366.0,12.8695,13.5897,12.7858,13.4106,291198216.0,10.4269,10.4541,10.1163,10.2382,27650441.0,83.137,84.3968,82.3199,83.3823,12740846.0,104.5658,106.6957,104.2008,106.1612,152763669.0
2023-04-17,17.0,17.1901,16.804,17.0505,75997894.0,53.4838,54.432,53.1091,53.854,27420622.0,23.0175,23.3354,22.8867,23.0629,11870877.0,13.523,13.8423,13.3741,13.4719,38424933.0,10.2927,10.3457,9.9971,10.1475,34289572.0,83.2135,84.6367,82.672,84.4392,39506668.0,106.1386,106.7545,105.103,106.0348,42960418.0
2023-04-18,17.1401,17.2511,16.8114,16.9725,46737015.0,54.0515,54.6184,52.9689,53.2094,56530478.0,22.986,23.0349,22.4983,22.9578,17282186.0,13.4927,13.5156,13.3304,13.3995,37147450.0,10.1382,10.3468,10.0336,10.1766,13228977.0,84.4934,84.9031,82.8985,83.7037,22925301.0,105.8428,106.1071,104.5949,105.2362,130364671.0
2023-04-19,17.0425,17.3255,16.6809,17.1979,109523153.0,53.2788,54.8267,52.6725,54.5546,98901280.0,23.0265,23.1538,22.8081,23.1036,16476650.0,13.2297,13.9034,12.9066,13.872,157488462.0,10.1713,10.3821,10.0773,10.2772,18327903.0,83.7102,84.9831,82.4729,83.4783,8517273.0,105.2771,107.4361,104.3045,106.6635,225606487.0
2023-04-20,17.2352,17.4621,16.668,16.8193,184571478.0,54.7448,54.9056,53.557,54.3394,21555683.0,23.3539,23.502,22.4996,22.7198,37641642.0,13.8766,13.9936,13.5176,13.5718,130115944.0,10.3286,10.425,10.2886,10.3614,19735001.0,83.6442,84.7035,82.0167,82.2696,41420431.0,106.7916,106.9868,105.2696,105.5857,133517317.0
2023-04-21,16.7839,17.17,16.7432,16.8502,51556914.0,54.3137,56.0166,53.5751,54.6091,25184997.0,22.7702,23.0331,22.7114,22.9102,21088406.0,13.6879,13.841,13.5673,13.5912,27694037.0,10.2731,10.9121,10.1966,10.7781,144000000.0,82.176,83.1155,81.7879,81.9534,9786216.0,106.1745,107.3067,104.7812,106.5361,149432258.0
2023-04-24,16.8999,16.9911,16.3701,16.6509,124036176.0,54.3285,54.4289,53.5411,54.2819,24534790.0,22.8246,23.0634,22.7455,22.9072,13358438.0,13.6088,14.038,13.3326,13.7136,40973959.0,10.7718,10.8447,10.3124,10.4988,53893884.0,81.8365,82.4201,81.1694,81.924,6898115.0,106.6979,107.5767,105.5072,105.9302,55171629.0
2023-04-25,16.7311,17.0276,16.6747,16.8606,99591695.0,54.7635,54.9098,53.956,54.7788,34466115.0,22.9891,23.5259,22.7986,23.2385,43639945.0,13.7165,13.8273,13.6476,13.735,20420680.0,10.4277,10.8305,10.3155,10.7926,46231375.0,81.9107,82.8466,81.6588,82.4924,18108784.0,106.1067,107.6276,104.8488,106.6649,73748810.0
2023-04-26,16.7332,17.0094,16.363,16.5797,115258529.0,54.649,55.0149,53.4759,53.6141,100204811.0,23.4051,23.57,22.9886,23.0327,39933919.0,13.6169,14.1115,13.5803,13.7397,13697103.0,10.7913,10.8245,10.6319,10.6613,21218653.0,82.5912,83.4923,81.8924,83.1555,32273591.0,106.4386,106.6232,104.3367,105.0462,202065553.0
2023-04-27,16.5961,16.8817,16.5371,16.6915,92640518.0,53.3696,54.6581,53.0693,53.2969,25147505.0,23.1332,23.2486,22.9794,23.1581,18643307.0,13.7221,13.746,13.6165,13.6498,60263272.0,10.6429,10.8137,10.594,10.6138,13088837.0,83.0598,85.5622,82.3207,85.1738,96000000.0,104.7623,105.2144,102.055,102.2154,600000000.0
2023-04-28,16.7135,16.8253,16.4927,16.7347,38444233.0,53.4476,53.9222,52.8292,53.0086,24144501.0,23.0122,23.3478,22.7279,23.045,22753904.0,13.5443,13.701,13.304,13.606,32710398.0,10.64,10.7141,10.2382,10.3839,47807510.0,84.606,85.0451,84.2166,84.8941,10364115.0,101.9316,102.9145,101.395,101.7595,79680944.0
2023-05-01,16.7543,16.9341,16.304,16.3972,184078362.0,52.8117,53.5997,51.4861,52.9594,18890274.0,23.0949,23.3885,22.8017,23.1994,21397743.0,13.5276,13.8188,13.1424,13.3585,60081679.0,10.4038,10.6496,10.3176,10.5505,20055709.0,84.6907,85.6727,84.0815,84.9161,9696125.0,101.6741,102.305,101.1228,101.6646,55501205.0
2023-05-02,16.4006,16.4775,16.2105,16.2893,47444836.0,52.8776,53.9793,52.26,53.2707,23288589.0,23.1558,23.5974,22.7955,23.3248,25910875.0,13.2672,13.4518,13.1125,13.2603,28788343.0,10.5382,10.8187,10.3278,10.3524,73645122.0,85.2193,85.5459,83.4825,83.8368,21175713.0,101.682,102.5671,98.856,99.5764,420357213.0
2023-05-03,16.3748,16.7012,16.2907,16.4902,78209237.0,53.2968,55.1229,52.9468,54.1112,49728633.0,23.3298,23.8103,23.1436,23.5767,22024487.0,13.3697,13.5031,13.0869,13.2453,24744320.0,10.3117,10.3515,10.1704,10.2877,28506532.0,84.1642,84.9651,83.4085,84.6554,18928750.0,99.6373,100.6275,99.3481,99.9633,48083116.0
2023-05-04,16.4749,16.6072,16.1751,16.5677,72765286.0,54.0806,54.2153,53.584,53.7123,23110264.0,23.5406,23.8868,23.4669,23.609,13264060.0,13.291,13.479,13.1299,13.1519,47377932.0,10.291,10.4849,10.1903,10.4499,34718124.0,84.5496,86.1899,84.1076,85.2504,15418257.0,99.7318,100.3975,95.1089,95.6183,600000000.0
2023-05-05,16.5675,16.6821,16.4609,16.5665,37235456.0,53.6355,54.5386,52.8054,53.4377,24075483.0,23.6809,23.9056,22.9577,23.2057,57209393.0,13.2392,13.5041,12.6609,12.9173,90693785.0,10.5059,10.5555,10.2825,10.4562,10392936.0,85.6374,87.005,85.0417,85.6678,9086601.0,95.0127,96.4217,94.393,95.0952,80058511.0
2023-05-08,16.5896,16.736,16.4074,16.5142,34057544.0,53.7732,54.6061,53.26,53.8813,34573022.0,23.1722,23.5476,22.8692,23.3014,21447130.0,12.8368,13.2585,12.5865,13.0777,64121646.0,10.4143,10.5812,10.1423,10.1769,62340890.0,85.5973,86.1904,81.7829,82.5615,96000000.0,94.9821,95.8516,94.6124,95.3227,35592742.0
2023-05-09,16.5012,16.9011,16.0085,16.1392,174890091.0,53.8576,54.5274,52.7756,52.9768,55920403.0,23.4371,23.7187,22.9402,23.6435,46378156.0,13.0895,13.3024,12.9976,13.084,20400654.0,10.1145,10.3113,10.0387,10.156,13276125.0,82.2428,83.4178,81.6547,82.9939,8107377.0,95.5763,96.154,94.2408,94.4819,77799753.0
2023-05-10,16.0408,16.5213,16.014,16.2795,64308695.0,52.7895,53.6303,52.6486,53.0667,15442104.0,23.6432,24.5566,23.3971,23.9982,58098443.0,13.0218,13.171,12.8938,13.0069,34381476.0,10.0796,10.2532,10.0025,10.2289,16205588.0,82.9299,83.3011,80.4422,81.6509,33367865.0,94.3811,96.182,94.1249,95.0425,63672673.0
2023-05-11,16.2949,16.5921,16.0681,16.3703,46755726.0,53.2712,55.1486,52.4094,54.2392,84976778.0,23.9763,24.2404,23.8533,23.9211,11259805.0,12.9516,13.2783,12.5977,13.034,29100518.0,10.1648,10.6347,10.1061,10.3657,35752307.0,81.8002,82.6286,81.5817,81.8516,8298142.0,95.0225,96.6331,94.5349,95.8646,154781420.0
2023-05-12,16.3866,16.9612,16.0551,16.1314,137002119.0,54.0851,55.3394,53.0044,54.4384,24042473.0,23.9772,24.1227,23.6435,23.9403,10633746.0,13.0629,13.121,12.8251,12.8989,47171825.0,10.3654,10.511,10.2182,10.3707,12858515.0,81.7351,82.9189,80.6563,81.9193,5743581.0,95.4324,96.3255,94.4441,94.9192,94451348.0
2023-05-15,16.1054,16.5224,15.9881,16.4347,105933279.0,54.4151,56.1005,54.3218,55.4484,68988984.0,23.9753,25.3932,23.8187,24.9009,200000000.0,12.9098,13.0959,12.7547,13.0588,61870985.0,10.3111,10.6547,10.2874,10.5828,35213717.0,82.0439,82.3462,79.8173,80.5098,57768399.0,94.9527,98.1211,93.9672,97.1055,351577719.0
2023-05-16,16.4251,16.9096,16.2471,16.7564,141707293.0,55.2513,55.6897,54.1742,55.01,52643065.0,24.9622,25.1342,24.5239,24.9002,16848356.0,13.0764,13.195,12.876,12.9884,51592687.0,10.5666,10.6959,10.4365,10.4976,15038458.0,80.5639,80.8933,80.0039,80.7322,9780716.0,97.2182,97.6621,96.3291,97.2484,63234896.0
2023-05-17,16.5231,17.1051,16.384,16.7532,45988844.0,55.0558,56.1662,54.7747,55.1575,17135332.0,24.8866,25.1513,24.7331,24.9675,19695918.0,12.9115,13.248,12.648,13.0125,29286560.0,10.5175,10.5623,10.2518,10.3228,43075179.0,80.674,81.8074,79.6417,81.6458,27491117.0,97.0914,97.5255,95.5735,97.0627,63028296.0
2023-05-18,16.8427,17.1182,16.7864,16.9068,74970956.0,55.1661,55.2844,54.864,55.0679,17947873.0,25.1043,25.7394,24.6091,24.9025,32687902.0,13.0203,13.0712,12.8637,12.9935,23410774.0,10.2333,10.414,10.0163,10.094,60735318.0,81.8057,82.1849,79.5234,80.3622,38300299.0,97.3284,98.7915,95.9339,96.7222,51918033.0
2023-05-19,16.9741,17.2689,16.8761,17.1002,86049065.0,55.0616,56.2608,54.3304,55.1494,22393684.0,25.0037,25.2577,24.6218,24.7497,17129739.0,13.0149,13.4397,12.7844,12.8843,29345812.0,10.1349,10.1544,9.9035,10.0386,11196274.0,80.6115,81.1691,79.4318,80.0893,12942407.0,97.0515,97.6086,96.7753,97.1892,77805468.0
2023-05-22,16.9996,17.7957,16.7643,17.4589,150476699.0,55.182,57.0074,55.0152,56.5593,94724655.0,24.7485,25.6253,24.4736,25.5458,153057353.0,12.8433,13.1358,12.7571,13.0588,60636635.0,10.0974,10.1753,9.8502,9.9357,18740866.0,80.126,80.4432,78.0147,78.953,40912729.0,97.7738,99.596,96.484,98.8952,243690938.0
2023-05-23,17.407,17.616,16.7257,16.9467,245463245.0,56.7417,56.8921,55.059,55.5844,100289071.0,25.632,25.7441,25.0062,25.1534,41906048.0,13.0421,13.3185,12.7188,12.8401,61227819.0,10.0118,10.103,9.8631,9.9264,10181445.0,79.0704,80.4232,78.216,79.339,12449927.0,98.6357,99.9169,96.7756,97.7312,168237084.0
2023-05-24,17.0553,17.3569,16.9999,17.19,98744701.0,55.7385,56.1935,54.1335,55.7822,21606586.0,25.1263,25.5722,24.3938,25.2737,22735833.0,12.7406,13.1152,12.6484,13.0299,69795530.0,9.9865,10.1126,9.827,9.8618,15795115.0,79.0483,80.1142,78.6467,78.7939,15862266.0,97.8106,99.7109,97.1271,98.323,72244922.0
2023-05-25,17.1027,17.2307,16.8896,16.9685,125058497.0,55.5544,56.6212,54.707,55.1153,47368691.0,25.3328,25.4489,24.8797,25.169,20430241.0,12.8978,13.3955,12.8763,13.2292,70952900.0,9.9597,10.1016,9.8485,9.9088,13746301.0,79.0706,79.9946,78.0793,79.2556,12537677.0,97.9925,99.517,97.7608,98.0979,59874656.0
2023-05-26,17.0043,17.2918,16.5039,16.6863,123276381.0,54.9691,56.2075,54.421,54.6018,33756372.0,25.2542,25.5123,24.6407,24.9172,25184725.0,13.3553,13.3929,13.0822,13.1319,58344596.0,9.9181,9.9932,9.8103,9.8697,16515788.0,79.1493,80.2012,78.9014,79.764,19605997.0,98.2661,98.7884,96.3845,97.2228,106873041.0
2023-05-29,16.6501,16.8677,16.4263,16.7397,56883290.0,54.8009,55.0285,53.7589,54.0593,45456997.0,24.9427,25.0412,24.6784,24.7371,25720456.0,13.1446,13.4748,12.9806,13.2775,52475831.0,9.9024,9.9727,9.8695,9.9064,13445706.0,79.591,79.9669,79.4669,79.7614,8795364.0,97.3564,97.8537,96.6522,97.5521,50793949.0
2023-05-30,16.77,17.0942,16.3229,16.378,256567833.0,53.8929,53.9817,51.8135,52.6972,88229311.0,24.6542,24.7604,24.5367,24.6944,15900701.0,13.255,13.3658,12.6827,13.0666,76504414.0,9.8962,9.9356,9.6797,9.7915,23700718.0,79.9399,80.3562,78.6013,79.1097,15965924.0,97.0206,97.3003,96.0221,96.4057,181502220.0
2023-05-31,16.3816,16.6215,15.9761,16.5718,113549998.0,52.7994,53.9237,52.406,52.5468,30325013.0,24.574,25.0138,24.2041,24.7166,15129643.0,13.116,13.2144,12.9717,13.0387,24010885.0,9.8181,9.9489,9.7318,9.8459,12265983.0,79.0332,79.6486,77.6004,78.1938,27454151.0,96.4801,98.6895,94.6337,96.9606,76896160.0
2023-06-01,16.5511,17.2803,16.3783,16.878,110925488.0,52.7208,53.8577,52.2481,53.0296,35023060.0,24.7463,25.0672,24.6425,24.9215,33353211.0,12.9852,13.3141,12.9071,13.1589,30907734.0,9.8514,9.9488,9.7403,9.7763,17320725.0,78.0571,78.5898,76.8966,77.7138,12414398.0,96.9059,98.0531,95.9714,97.5107,95748888.0
2023-06-02,16.907,17.1578,16.6108,16.7714,75593445.0,52.6879,54.9911,52.4213,54.7005,206365205.0,24.8477,26.0172,24.8012,25.8145,200000000.0,13.1657,13.9395,13.0871,13.6396,315300374.0,9.7099,9.7582,9.6363,9.7225,14696974.0,77.6563,78.4084,76.4743,77.2602,24489402.0,97.1837,100.7192,96.9942,99.7264,504335396.0
2023-06-05,16.7349,16.9716,16.3636,16.4387,222949793.0,54.613,55.0836,54.245,54.3667,21821433.0,25.9262,26.494,25.8398,26.2071,25697646.0,13.711,13.8311,13.3695,13.777,63123727.0,9.6628,9.9805,9.5579,9.892,31097468.0,77.0239,78.1008,76.2122,77.459,8390425.0,99.6439,100.7875,99.0932,100.0665,58420828.0
2023-06-06,16.3099,16.4542,16.1629,16.267,77554901.0,54.5415,54.8147,54.1553,54.4714,20739452.0,26.0457,26.5671,25.857,26.3323,26848196.0,13.7055,13.9062,13.4263,13.8203,27746184.0,9.9656,10.1315,9.9367,10.07,27356615.0,77.3216,77.8492,76.5661,77.0811,15895106.0,100.6531,101.6125,99.1865,100.3308,73047303.0
2023-06-07,16.2006,16.4033,16.1345,16.3296,38362833.0,54.4399,55.134,53.6469,54.0651,22865100.0,26.4747,26.5831,26.0408,26.3302,16206512.0,13.7882,14.2086,13.2285,13.5064,65501490.0,10.0764,10.2669,10.0103,10.2234,41177922.0,77.28,77.802,76.8342,77.1245,13758590.0,100.494,101.6313,100.0011,101.4691,144843729.0
2023-06-08,16.2543,16.3094,15.8856,16.1258,92405490.0,53.9792,54.4096,51.7575,53.5172,48006444.0,26.3357,26.5437,25.9481,26.2854,12913970.0,13.4186,13.7093,12.9877,13.4885,37753978.0,10.2831,10.4094,10.0197,10.0704,46548242.0,77.3514,77.9779,76.3681,76.6604,14624278.0,101.2315,102.5779,100.4203,100.9303,81296998.0
2023-06-09,16.0122,16.0572,15.6567,15.9561,94532420.0,53.6926,54.2305,52.2887,53.2079,18548806.0,26.1936,26.3059,26.0375,26.1613,17722973.0,13.5418,13.5646,13.1389,13.4505,39751603.0,10.047,10.1865,9.9885,10.1656,20922829.0,76.6731,76.8078,75.1301,75.8362,15433396.0,100.8355,101.467,100.0472,100.3073,73641459.0
2023-06-12,15.9821,16.0104,15.5294,15.8313,86847254.0,53.4396,54.3586,52.5683,53.9675,50393221.0,26.113,26.954,26.0232,26.8528,115677887.0,13.4636,14.0667,13.3856,13.9182,210101517.0,10.1285,10.2786,10.0292,10.1485,15994411.0,75.7064,76.3005,74.2528,74.4402,87748030.0,99.7585,101.4489,99.5691,100.794,61257019.0
2023-06-13,15.8193,15.9033,15.2687,15.6946,69530905.0,53.8235,54.5466,53.3655,53.5801,25868877.0,26.8304,27.5402,26.6955,27.0521,23884914.0,13.9954,14.0491,13.8966,14.0243,52261543.0,10.1449,10.4017,10.0932,10.1581,11213758.0,74.5179,75.2849,73.0695,73.8425,15132413.0,100.4857,101.2936,99.9464,100.5037,58533722.0
2023-06-14,15.7192,16.0493,15.538,15.7992,41472132.0,53.9542,54.6124,53.761,54.2472,28600440.0,27.1056,27.4777,26.6425,27.3964,34238564.0,14.0803,14.1526,13.8456,13.9993,27384215.0,10.1908,10.3821,9.954,10.2878,17691508.0,73.4904,74.2156,72.7525,74.0334,7542489.0,100.9847,102.0312,100.6149,100.9799,54289502.0
2023-06-15,15.8356,15.8726,15.3311,15.6159,70611643.0,53.8675,54.9884,53.5516,54.2483,13050754.0,27.2593,27.418,26.6785,27.2373,17709279.0,13.982,14.3644,13.8449,14.2018,64909654.0,10.3466,10.4655,10.1017,10.334,14790083.0,74.2521,74.898,72.9518,73.7745,15592265.0,101.2427,102.4827,99.6936,100.9718,43145246.0
2023-06-16,15.668,15.9492,15.4186,15.6671,60038199.0,53.9273,54.4208,53.3637,53.9924,26411304.0,27.1305,27.1764,26.9033,26.947,24878149.0,14.2294,14.3257,13.9068,14.2562,20972026.0,10.3419,10.4762,10.2251,10.4582,21779326.0,73.7615,75.0766,73.1333,74.2202,9744371.0,101.101,102.5176,99.6256,101.3176,62230377.0
2023-06-19,15.6953,15.7486,15.4611,15.5517,119451295.0,53.8959,55.3847,53.2488,54.7073,35847475.0,26.9113,27.5147,26.5958,26.8197,15250135.0,14.2847,14.4811,13.97,14.1123,63843386.0,10.4863,10.6199,10.0234,10.1679,87562134.0,74.027,74.194,73.1951,74.0636,12123009.0,101.4297,101.7917,100.1852,100.7619,56991042.0
2023-06-20,15.4846,16.8693,15.4112,16.7492,640000000.0,54.6353,55.7077,54.3936,55.3049,31872084.0,26.8163,26.9045,26.5435,26.7352,15217441.0,14.1613,14.2825,13.9804,14.1335,17525454.0,10.1619,10.2043,10.0523,10.1377,18191714.0,74.3416,75.3732,72.4654,72.7663,51052032.0,101.1674,102.1504,100.067,101.0241,74813303.0
2023-06-21,16.792,16.8945,16.4258,16.5587,132728764.0,55.242,56.0202,54.6459,55.7458,33102400.0,26.8138,26.9267,26.5254,26.8084,16230467.0,14.2318,14.4109,14.0141,14.2648,68299740.0,10.1983,10.315,9.7422,9.8897,53432591.0,72.7741,73.9503,72.417,73.724,19656572.0,101.1159,111.6359,99.428,111.2268,600000000.0
2023-06-22,16.5749,16.7636,15.8441,16.0198,320180959.0,55.6286,56.231,53.5156,54.1611,186297398.0,26.8379,27.4443,26.0988,26.2891,62839069.0,14.1914,14.3297,13.7278,14.0022,126728599.0,9.9494,10.1543,9.6253,9.6732,55069846.0,73.6449,74.5924,73.4059,73.9328,11504091.0,111.1375,111.4955,107.7005,108.7985,599402577.0
2023-06-23,16.1752,16.2527,15.9922,16.0857,49379365.0,54.0066,55.1153,53.842,55.0284,65163422.0,26.2472,26.3953,25.523,26.3299,12513779.0,13.8786,14.0633,13.3164,13.5117,125466084.0,9.6422,9.7247,9.3719,9.5797,24963281.0,74.3157,75.0208,72.7041,73.2954,10515831.0,108.7703,110.0414,108.2015,109.6492,89955606.0
2023-06-26,16.0863,16.5681,15.9003,16.3848,85643442.0,54.9807,57.0083,54.6099,56.2451,86140597.0,26.3554,26.5808,26.277,26.418,21170236.0,13.4448,13.8881,13.355,13.6332,64331190.0,9.5947,9.8486,9.4363,9.7565,52930255.0,73.1985,73.3645,72.9799,73.1389,8397462.0,109.5678,111.3192,108.6953,110.7608,125196815.0
2023-06-27,16.4124,16.6746,16.1606,16.5535,96672968.0,56.1147,56.3761,55.1548,56.2496,17490064.0,26.436,27.148,25.8837,27.0079,55131875.0,13.6637,14.133,13.5931,14.0211,138208479.0,9.7168,9.981,9.666,9.8799,31746312.0,73.277,74.1543,72.6482,73.885,14653011.0,110.6746,112.4124,109.8188,111.7475,96681239.0
2023-06-28,16.5465,16.9667,16.3808,16.8147,101906837.0,56.4008,58.1422,55.5764,57.7627,128198612.0,26.9801,28.2926,26.7407,27.585,78267673.0,14.0486,14.3663,13.7279,14.2812,88144869.0,9.913,10.0241,9.6601,9.6923,30457101.0,74.0142,74.1434,73.4522,73.6456,8928707.0,112.2862,114.3407,111.6411,113.1553,186459800.0
2023-06-29,16.8184,17.2471,16.6955,17.1345,183731503.0,57.7697,59.0046,57.1447,58.8433,52164660.0,27.5981,28.1967,27.4939,27.8575,22708439.0,14.2428,14.4182,14.0361,14.1605,29745811.0,9.6767,9.8244,9.468,9.6737,8605095.0,73.4885,73.8088,72.55,73.2925,13893981.0,112.8168,115.2357,112.1397,113.9449,82394074.0
2023-06-30,17.1331,17.5863,16.9099,17.3599,94219666.0,58.7921,60.9767,58.3405,60.6416,174991697.0,27.6132,28.9277,27.4525,28.4457,104990039.0,14.1424,14.6117,13.9735,14.4408,79072064.0,9.6422,9.7936,9.5397,9.6997,14564371.0,73.2667,73.6181,72.8639,73.1643,9015728.0,113.7819,115.7285,112.8011,115.3969,166131948.0
2023-07-03,17.3267,17.6945,17.1256,17.4344,97381104.0,60.6243,61.496,59.7615,61.1425,23731003.0,28.5546,29.0896,28.3047,28.6714,28792322.0,14.384,14.5118,14.0199,14.3999,22006260.0,9.619,9.8817,9.4946,9.7816,16607446.0,73.1178,73.3342,71.7336,71.8431,60733317.0,114.8015,118.1309,114.5131,116.4751,120848034.0
2023-07-04,17.448,17.5448,17.166,17.2665,132771592.0,61.4113,61.9925,59.9851,60.0981,71348334.0,28.7358,29.068,26.7068,27.1081,200000000.0,14.3926,14.5331,14.1068,14.2328,42546448.0,9.8251,10.0636,9.5266,9.6914,15223734.0,71.524,71.9391,70.6966,70.9192,39575650.0,116.8094,117.0528,114.7974,115.384,84876176.0
2023-07-05,17.3139,17.6479,16.6718,16.87,119916854.0,59.9839,60.4757,58.3769,59.2961,47405956.0,27.2749,27.5056,26.2037,26.8026,30152816.0,14.1862,14.2829,14.0692,14.1722,43958627.0,9.6991,9.8994,9.6117,9.8841,56245060.0,70.5691,70.8449,67.2961,67.7729,96000000.0,115.4961,117.2446,114.2477,114.8241,68363140.0
2023-07-06,16.8388,16.8972,16.7655,16.8242,61222661.0,58.9995,60.2083,58.6228,59.496,12386707.0,26.7138,27.3045,26.6716,26.892,20381524.0,14.2822,14.3175,14.0908,14.1361,37271885.0,9.8943,9.9854,9.7666,9.8114,15471653.0,67.4023,67.9974,65.995,67.0885,20890050.0,115.3913,116.3483,114.4787,115.0995,66796165.0
2023-07-07,16.8863,17.0835,16.7722,16.9977,73270708.0,59.2675,61.4034,58.6924,60.5218,77371296.0,26.955,27.6984,26.5814,27.1314,19202543.0,14.2247,14.4012,14.1386,14.1986,40117381.0,9.8448,9.989,9.6502,9.6883,37444068.0,67.0125,67.3578,66.8353,67.2512,9437239.0,114.8909,115.9345,114.655,115.3838,139219327.0
2023-07-10,17.0513,18.0224,16.8898,17.5991,549526396.0,60.4663,61.564,60.1424,61.15,31736800.0,26.9206,28.0432,26.4606,27.6525,43329735.0,14.2472,14.8411,13.9754,14.743,235372573.0,9.6581,9.9494,9.6286,9.8699,34510230.0,67.0831,67.7143,66.5349,66.9998,8718434.0,115.1242,118.1431,114.0995,117.1726,134935549.0
2023-07-11,17.5309,17.5961,17.1555,17.2124,142209021.0,61.266,61.4549,59.977,60.7728,22679914.0,27.4533,28.2219,27.2729,27.8158,19556973.0,14.7452,15.0801,14.4013,14.5741,43205400.0,9.8329,9.8941,9.6227,9.6453,44278910.0,66.8427,67.3178,65.2753,65.6278,95959804.0,116.7863,117.8063,115.5144,116.0028,101627001.0
2023-07-12,17.1395,17.2579,16.8752,17.2151,63615750.0,60.9837,63.0129,60.0871,61.8412,78889356.0,27.7888,28.6232,27.3823,28.269,65536623.0,14.6527,14.9821,14.6134,14.8086,45061688.0,9.667,9.7244,9.4081,9.6093,12781610.0,65.5582,66.1539,65.0772,65.1881,14923159.0,116.1528,117.5459,114.9823,117.3171,116847696.0
2023-07-13,17.2492,17.8701,17.0395,17.3135,83721845.0,62.2439,62.4532,60.4024,60.7732,59602862.0,28.2021,28.4518,27.1895,27.877,49089438.0,14.8155,14.8712,14.4621,14.5058,108609753.0,9.655,9.7868,9.3514,9.5083,25909668.0,65.1887,66.2192,64.6263,65.6472,18162118.0,117.2007,119.5177,114.3759,116.1393,87829493.0
2023-07-14,17.2687,17.4112,17.0287,17.3274,32565851.0,60.9504,62.6938,60.1829,61.6847,59430535.0,27.9968,28.1341,27.7691,27.8993,8317892.0,14.5169,15.1237,14.4437,14.9326,252678269.0,9.529,9.5505,9.2585,9.4256,20150674.0,65.5955,66.3405,65.397,65.6769,6649564.0,116.2381,116.6113,111.183,111.4003,600000000.0
2023-07-17,17.2477,17.7582,16.9713,17.4027,56357536.0,61.4706,62.5968,60.6294,62.1926,26120477.0,28.0343,28.1378,26.7418,27.2484,60465212.0,14.8112,15.0099,14.5492,14.911,38974130.0,9.4877,9.5377,9.2349,9.2815,49016239.0,65.5604,67.8383,64.932,67.2589,96000000.0,111.2665,112.7519,109.8726,111.1907,49813731.0
2023-07-18,17.535,17.8301,17.458,17.6568,122559204.0,62.1429,62.9214,61.4053,61.7973,32718760.0,27.392,27.5837,27.1377,27.2072,14998264.0,14.9293,14.9751,14.8559,14.8934,26815681.0,9.303,9.6104,9.2556,9.3649,19856580.0,67.587,67.6908,65.2857,65.451,96000000.0,111.6452,112.8241,110.7433,111.6703,62340067.0
2023-07-19,17.5817,17.8085,17.2397,17.3397,180301610.0,61.2731,62.3338,60.6433,61.2994,32037998.0,27.2739,27.562,26.5663,26.6604,83151310.0,14.8029,15.2107,14.407,14.5314,133315224.0,9.3845,9.4655,9.1267,9.2629,21081610.0,65.4178,65.8325,64.4071,65.0558,8174539.0,112.0714,113.9095,110.0327,110.2674,183770274.0
2023-07-20,17.2236,17.2805,16.9204,17.0153,158249928.0,61.2243,61.8814,59.1678,59.4236,194532035.0,26.7304,26.9528,26.277,26.3714,32404749.0,14.5037,14.7582,13.78,14.0083,269437083.0,9.2942,9.3635,9.0464,9.1571,33423249.0,65.2197,66.4821,64.7743,65.8003,17714284.0,110.2943,111.7678,102.5911,103.3173,600000000.0
2023-07-21,16.9566,17.0692,16.7641,16.8056,124201356.0,59.2822,59.9155,58.4823,58.9563,28734866.0,26.2334,27.2166,25.7839,26.5123,10751266.0,14.0195,14.0811,13.7272,13.7623,95479652.0,9.1484,9.2,8.9912,9.1031,17683763.0,65.5956,66.0398,64.4786,64.825,33895739.0,103.6262,104.6092,102.0649,102.7763,86292090.0
2023-07-24,16.8228,16.9806,16.4837,16.8521,52054687.0,58.4218,59.6696,57.8852,58.5809,40257338.0,26.6647,26.8133,25.8425,26.3281,17059438.0,13.704,13.8971,13.2548,13.4733,146893654.0,9.0569,9.1684,8.9205,9.1014,9033032.0,65.0435,65.9969,64.8971,65.5537,24118272.0,102.7378,103.0684,101.2547,101.9594,82973649.0
2023-07-25,16.8576,16.9637,16.4901,16.7041,93247877.0,59.0691,59.6793,57.6122,58.5805,26296313.0,26.4634,26.9187,26.3135,26.5954,34436066.0,13.5039,13.7003,13.1702,13.2456,63227061.0,9.1021,9.161,9.0283,9.0592,14732038.0,65.4632,65.9663,64.9791,65.7996,14145972.0,101.9462,102.3454,100.549,101.6233,82664165.0
2023-07-26,16.8437,16.9,15.9496,16.0246,525996751.0,58.4934,58.7471,56.8479,57.3102,50438345.0,26.4456,27.07,26.1083,26.3845,25874852.0,13.3116,13.4746,12.8855,12.9772,79338027.0,9.0858,9.1784,8.6666,8.8098,80718048.0,66.2657,67.1079,65.506,65.8684,8355553.0,101.0018,102.4358,99.7315,100.0556,220958209.0
2023-07-27,15.9704,16.5682,15.9023,16.3191,150565362.0,56.8367,59.61,56.3107,58.4402,91895987.0,26.4351,27.1679,26.306,26.9039,59200215.0,12.9231,13.1614,12.7147,13.1165,45288131.0,8.7788,8.858,8.7565,8.8399,12054210.0,65.651,65.7658,65.237,65.6211,11745936.0,100.1995,102.3619,99.3077,101.3965,238443338.0
2023-07-28,16.3361,17.0372,15.8992,16.7955,414541483.0,58.3772,61.0205,57.1974,60.3154,139468866.0,26.8437,27.4544,26.4643,27.1855,38855560.0,13.1238,13.7202,13.0703,13.4629,128179961.0,8.7892,9.0697,8.6767,9.0255,47368822.0,65.4449,65.9747,65.0268,65.7202,11587787.0,101.4031,103.7478,100.4922,103.2381,322859349.0
2023-07-31,16.8793,17.9793,16.605,17.7196,640000000.0,60.7087,62.9453,60.3635,61.7329,109788922.0,27.3922,27.9176,27.1522,27.6592,44605326.0,13.3838,14.1076,13.194,13.8863,211744080.0,8.9987,9.5278,8.9216,9.457,144000000.0,65.689,65.9228,64.2141,64.6851,61504006.0,103.496,107.2427,102.4565,106.1458,434405827.0
2023-08-01,17.6682,18.4841,17.599,18.0985,193437087.0,62.1981,63.3415,62.0183,62.6439,32235381.0,27.549,28.0344,27.3693,27.9571,35821724.0,13.81,14.2877,13.5159,14.1865,94438365.0,9.5089,9.5729,9.4699,9.556,19371474.0,64.6273,66.1781,64.4863,65.1222,11410507.0,106.361,108.002,105.5888,107.7188,144210078.0
2023-08-02,18.1548,18.4707,17.8418,18.2362,71704996.0,62.6583,63.5244,61.0865,63.1961,35543783.0,27.9677,28.9371,27.7526,28.2168,40720495.0,14.2073,14.4586,14.1732,14.3899,49254322.0,9.5754,9.6493,9.4786,9.5893,14197515.0,64.93,65.4458,64.4946,65.0274,10659823.0,107.4904,109.1898,105.3705,108.7471,169883700.0
2023-08-03,18.0894,18.8931,17.781,18.7709,441548429.0,63.2201,63.8678,62.3735,63.4694,18559088.0,28.2383,29.0157,27.7992,28.5404,33464164.0,14.4385,14.5758,14.0204,14.4492,25989239.0,9.5843,9.6256,9.4724,9.6076,9954092.0,65.2694,65.8377,64.3494,65.0769,7401135.0,108.6879,110.8939,108.452,109.749,100553229.0
2023-08-04,18.917,18.9607,18.496,18.7743,43343511.0,63.7764,64.837,60.7199,62.266,63128446.0,28.5342,28.74,27.344,27.987,46054505.0,14.3465,14.4325,14.0718,14.4007,22786951.0,9.5696,9.6076,9.1537,9.1806,144000000.0,65.3017,66.1383,65.0102,66.0287,32620107.0,109.6004,110.3821,107.2345,108.1022,131122683.0
2023-08-07,18.8568,19.4302,18.7417,19.2568,328482294.0,62.2291,63.449,61.9484,63.2442,48473753.0,28.2343,28.338,27.6108,27.8337,18444025.0,14.5408,14.7702,14.4333,14.6338,66654290.0,9.1909,9.5105,9.1722,9.4186,63789772.0,65.9721,66.7252,65.6092,66.4218,12405408.0,108.4228,109.6562,105.9135,109.2774,114388898.0
2023-08-08,19.1991,19.5164,19.1332,19.328,54948322.0,63.359,64.0404,62.9443,63.0918,16469332.0,28.0271,28.1824,27.5351,27.6,20304249.0,14.5995,14.9033,14.0496,14.7612,55454343.0,9.4257,9.5117,9.1759,9.2441,34547526.0,66.591,66.9751,65.2645,65.9097,14152811.0,109.7659,109.9517,108.0332,108.6864,66934770.0
2023-08-09,19.3988,19.4584,18.5912,18.8672,228928146.0,63.3007,63.7991,61.7222,62.2168,39982997.0,27.4156,27.6343,27.1375,27.5375,9250594.0,14.7757,15.0921,14.5114,14.5453,69931549.0,9.2614,9.2758,8.9242,8.968,65449968.0,66.1463,67.1029,65.767,66.7087,28641296.0,108.9327,109.8884,106.9406,107.4911,182659630.0
2023-08-10,18.9768,19.1463,18.5701,18.6937,62453563.0,61.9538,62.5066,60.9653,61.5665,33190105.0,27.5925,27.6876,27.3726,27.4648,13666234.0,14.5086,14.9344,14.2374,14.7209,60917192.0,9.0605,9.0856,8.8062,8.866,16518874.0,66.7071,67.3538,65.6702,65.9545,24975638.0,108.0978,109.2465,105.4697,107.2122,44116240.0
2023-08-11,18.5878,19.3865,18.3167,19.0001,97076687.0,61.9402,62.6121,61.2376,62.2857,38384061.0,27.4635,27.9102,27.4052,27.6114,23755508.0,14.7011,15.3276,14.5656,15.0541,78028228.0,8.8839,8.9971,8.6645,8.979,27676295.0,65.8433,66.5753,64.9813,65.3062,29080028.0,107.3715,110.8838,106.5974,108.436,133298886.0
2023-08-14,18.9499,19.0893,18.2399,18.5925,245106549.0,62.0704,62.5894,61.6339,61.8692,29761268.0,27.7059,28.0112,26.684,27.2648,34704830.0,15.1625,15.2112,14.7167,14.794,55714733.0,8.9535,9.0232,8.8966,8.9136,17261190.0,65.5175,65.956,64.9993,65.5694,17235197.0,108.1368,110.1326,107.3456,107.5734,126412976.0
2023-08-15,18.7032,18.9562,18.5791,18.828,159007878.0,61.715,62.4587,61.5685,62.3328,46298524.0,27.2886,27.8386,27.0908,27.7001,61507693.0,14.8996,15.2541,14.6377,15.0317,71044816.0,8.8632,8.9114,8.7031,8.8912,12852094.0,65.7557,66.0854,64.3847,65.3526,8827875.0,107.1511,109.3973,106.5591,108.3211,76389339.0
2023-08-16,18.8336,19.1891,18.6661,19.0376,95744400.0,62.3573,62.9924,61.8942,62.5986,17971705.0,27.6081,28.1318,27.2901,27.7477,16127929.0,14.9149,15.6964,14.8649,15.2975,102660288.0,8.8709,9.0599,8.7738,9.0439,31922032.0,65.1465,66.3305,64.5974,64.745,14482121.0,108.039,110.8754,106.8554,109.5101,106022063.0
2023-08-17,19.0743,19.193,19.0248,19.1186,56227888.0,62.8306,64.8509,62.2252,63.0754,30297757.0,27.63,28.1652,27.4455,27.9374,28192647.0,15.2569,16.0367,15.2196,15.6158,112788071.0,9.027,9.1333,8.9826,9.1079,11339147.0,64.9765,65.2755,64.3291,64.6247,9711784.0,109.3694,111.8697,108.1522,110.5373,121609905.0
2023-08-18,19.1245,19.298,18.9028,19.239,86881318.0,63.2439,64.7812,62.5418,63.4634,31869125.0,27.8915,28.228,27.6428,28.1768,16514833.0,15.835,15.8984,15.6706,15.7031,29725943.0,9.1388,9.216,9.0898,9.1268,9243464.0,64.4588,64.8396,61.1423,61.6345,96000000.0,110.3252,112.5976,109.5031,110.8856,70049109.0
2023-08-21,19.3147,19.6964,18.9147,18.9439,136693003.0,63.4511,64.9451,60.8776,61.9471,87063587.0,28.1629,28.3044,27.2295,27.4515,83088407.0,15.671,15.792,15.0886,15.327,204146156.0,9.1037,9.1677,8.9061,9.0672,14723080.0,61.6934,61.8475,61.5662,61.7326,8752272.0,110.9027,111.1835,107.4571,108.5578,383141313.0
2023-08-22,18.9868,19.9253,18.7789,19.5195,184723970.0,62.0165,64.3075,60.7768,63.9632,107476609.0,27.4733,28.6781,26.9188,28.2995,119171182.0,15.3576,16.3551,15.1333,16.1635,360000000.0,9.0305,9.0506,8.9403,9.0359,14197370.0,61.6058,63.3536,60.2357,62.5123,19978536.0,108.5022,112.0889,107.5273,110.542,328048115.0
2023-08-23,19.5287,19.994,19.2038,19.6443,86820622.0,64.2341,65.2494,63.0123,63.4321,19282348.0,28.2335,28.6636,28.0635,28.2444,12875077.0,16.2505,16.3234,16.0413,16.1969,28359727.0,9.0558,9.1417,8.9604,9.0133,7662903.0,62.5382,63.5902,61.967,62.9407,12182112.0,110.5654,110.8995,109.9428,110.3329,44105917.0
2023-08-24,19.4631,19.9091,19.4119,19.5062,50794281.0,63.4342,64.6266,62.4897,62.8033,20191093.0,28.4424,28.8636,28.0178,28.2834,22231416.0,16.2623,16.4308,15.9163,15.9816,59269616.0,8.9905,9.1373,8.9615,9.1115,12258336.0,62.9591,64.4701,62.6694,63.7437,30905269.0,111.0991,111.9981,108.6143,109.4475,59087800.0
2023-08-25,19.5613,20.2476,19.4531,19.9429,197457141.0,62.6028,65.2797,61.7891,65.1677,240000000.0,28.3455,29.5502,28.1269,29.1019,68468285.0,15.7702,16.7406,15.7427,16.5824,244181397.0,9.133,9.4213,9.1157,9.3493,93688269.0,64.1032,64.8163,63.1084,63.234,14683212.0,109.7196,112.63,109.0965,112.2581,600000000.0
2023-08-28,20.0071,20.1552,19.459,19.5281,164314038.0,65.0131,65.2549,63.8557,64.3925,47778547.0,29.2062,30.1223,29.0139,29.5506,40914926.0,16.6086,16.878,16.3313,16.4789,41911218.0,9.3169,9.4538,9.199,9.4393,23150924.0,62.9761,63.6063,62.8023,62.924,9212274.0,112.3439,112.848,110.4413,111.4613,68104848.0
2023-08-29,19.4216,20.584,19.2285,20.2356,421316202.0,64.6234,66.7202,64.2904,65.8863,114174456.0,29.5338,29.9064,28.9812,29.3796,27862085.0,16.6157,17.1548,16.5881,16.9003,116649643.0,9.4211,9.6487,9.3427,9.4902,11766698.0,62.802,64.4886,62.2736,63.5901,39436999.0,111.7973,113.3285,111.3339,113.0961,165439098.0
2023-08-30,20.1314,20.19,19.7557,19.8802,148352140.0,65.6762,66.5284,64.606,64.8471,70666335.0,29.255,29.5621,27.8495,28.391,200000000.0,16.9026,17.0552,16.3272,16.4059,111961343.0,9.4676,9.4967,9.1221,9.273,50793263.0,63.5156,65.3484,62.8862,64.3163,19823757.0,112.8378,114.0814,110.5052,110.7755,391658141.0
2023-08-31,19.9256,19.9618,19.8174,19.892,57164574.0,64.4481,67.7909,64.1194,66.6329,112986067.0,28.4938,29.4018,28.1209,29.1885,94972755.0,16.3254,17.0451,16.2177,16.766,95909016.0,9.2887,9.4,9.1149,9.3658,18442626.0,64.3696,65.0436,62.8548,63.1271,82143994.0,110.509,113.3528,109.4582,112.7889,353157502.0
2023-09-01,19.909,20.4432,19.4264,19.6347,107282804.0,66.5531,67.893,66.4322,66.5783,31166641.0,29.07,29.915,28.9403,29.8547,57249776.0,16.6852,17.1112,16.5928,16.9267,47163155.0,9.3603,9.5163,8.9792,9.0687,112718556.0,63.0775,63.422,62.7685,62.9649,9917567.0,113.0822,114.4796,111.6114,112.4294,56593710.0
2023-09-04,19.4645,19.7796,18.9049,19.7075,80338044.0,66.5586,66.9417,66.0542,66.2814,25168841.0,29.6084,29.9656,29.1815,29.9027,20276402.0,16.9108,17.1393,16.4243,16.6666,82922001.0,9.0234,9.063,8.8288,8.9356,25717063.0,62.6172,63.8181,62.4336,63.4041,17540986.0,112.4292,113.5002,110.0539,111.5853,80637508.0
2023-09-05,19.6362,20.2376,19.38,19.9385,142350813.0,66.5064,67.9893,65.3546,65.8983,25145812.0,29.9721,30.7816,29.7501,30.4825,49181907.0,16.7199,16.7797,16.5713,16.6187,42261732.0,8.8879,8.9814,8.8325,8.9268,7963199.0,63.522,63.9062,63.0228,63.499,10457728.0,111.6241,112.0063,110.0256,111.6793,65250277.0
2023-09-06,19.9661,20.2246,19.8553,20.0322,88433030.0,65.5212,66.9369,65.0116,66.5472,45848308.0,30.3883,31.2784,29.9525,30.9944,37768366.0,16.8471,17.1012,16.5591,16.9533,70700501.0,8.9153,8.9544,8.8788,8.9273,11205274.0,63.7129,63.9944,63.1213,63.3039,7995914.0,111.318,114.0343,110.6779,113.1639,154334755.0
2023-09-07,20.0921,20.7138,20.0489,20.4147,156780247.0,66.6381,67.1102,65.4915,66.7958,25845792.0,30.952,31.3995,30.315,31.2736,33983458.0,16.9301,17.1907,16.3937,17.0366,51223013.0,8.8757,8.9979,8.7973,8.9478,18403595.0,63.373,64.702,63.0691,64.3744,44991179.0,113.012,115.2672,111.9197,113.8348,72218131.0
2023-09-08,20.3622,21.2079,20.0922,21.1231,396728423.0,67.0993,69.0622,66.2821,68.7985,218303329.0,31.3626,31.4998,31.0861,31.2689,14979658.0,17.0819,17.7984,16.698,17.6461,206744073.0,8.9327,9.2464,8.8076,9.1887,78988251.0,64.3004,65.1619,63.5586,63.8538,19490594.0,113.7028,116.7737,112.4507,116.4697,312887880.0
2023-09-11,21.1094,21.4544,20.7384,20.8503,105421501.0,68.5774,70.1686,67.7999,67.9141,62518839.0,31.15,31.8574,30.5815,31.4317,18381822.0,17.5178,17.5802,17.2621,17.4659,41718738.0,9.1984,9.3789,8.7191,8.8912,112285184.0,63.8867,64.3142,63.723,63.9765,5213143.0,116.311,117.0625,113.9464,115.1384,143077501.0
2023-09-12,20.7696,21.6122,20.4188,21.3418,283812201.0,67.9359,70.4488,67.3885,69.0381,52651576.0,31.2262,32.1066,30.2978,31.7911,34228250.0,17.3274,18.1623,17.2789,17.9731,137229450.0,8.8482,9.1099,8.6642,8.9703,17918004.0,63.7806,64.0312,62.8926,63.2923,35783949.0,115.8406,118.6166,114.0308,117.1287,362625491.0
2023-09-13,21.4667,21.6237,20.9204,21.4611,83736552.0,68.4561,70.0417,68.0564,69.3446,24178691.0,31.9502,32.1544,31.7697,31.9834,23856831.0,17.9309,18.0746,17.6758,17.8322,24991421.0,9.0015,9.0588,8.8364,8.9096,13332983.0,63.4617,63.9677,62.5379,63.2815,6918038.0,117.835,118.3952,116.1528,117.1495,29164550.0
2023-09-14,21.4776,22.4941,21.3794,22.4395,476442011.0,69.5834,71.7802,69.3619,70.7034,57543663.0,31.9758,32.9104,31.7892,32.8453,94988786.0,17.8698,18.4703,17.749,18.2384,92867006.0,8.9603,9.2276,8.9307,9.131,53856356.0,63.3609,63.4844,63.0458,63.2126,5925024.0,117.5281,119.6464,117.3257,119.3376,244390253.0
2023-09-15,22.3735,22.9032,22.2931,22.4828,54025889.0,70.9252,71.054,69.4121,70.1409,20140709.0,33.0149,33.4826,32.622,32.9107,16494176.0,18.2309,18.402,17.9506,18.1878,40877786.0,9.1716,9.2577,9.0255,9.0534,20354217.0,63.1277,64.4499,62.0861,63.9157,32308176.0,119.3703,120.4494,117.8808,118.4967,86193498.0
2023-09-18,22.3684,22.5146,21.8318,22.3641,34816945.0,70.1354,71.6551,69.9137,70.6921,36847095.0,32.9952,33.5226,32.8248,33.104,12271546.0,18.1924,18.4086,17.8607,18.245,33961023.0,9.0783,9.2153,9.0288,9.0834,16934709.0,63.9289,64.4567,62.8892,64.0358,8425462.0,118.2996,118.655,117.9503,118.3627,53102262.0
2023-09-19,22.2395,22.3659,21.996,22.2748,57366441.0,70.3236,72.2323,68.7314,71.7479,64721570.0,33.193,33.2734,32.8558,33.0933,13681936.0,18.2213,18.3001,18.1078,18.2659,28109810.0,9.0991,9.1281,8.9503,9.0088,24605128.0,64.2024,64.5952,63.9136,64.0284,5574260.0,118.016,120.0442,117.7997,118.3866,45350736.0
2023-09-20,22.4534,22.6261,22.0865,22.5154,79900275.0,71.9365,73.5475,71.039,72.4629,21353534.0,33.1155,34.2569,32.3035,33.6483,39543528.0,18.2635,18.2969,17.8252,18.2524,28252400.0,9.0176,9.1005,8.8478,8.9948,11552516.0,64.2166,64.5084,63.6118,63.7835,13166770.0,118.5013,119.69,117.6211,119.2392,88840750.0
2023-09-21,22.4982,22.9275,22.0661,22.2506,79658398.0,72.393,73.8381,72.0248,72.6283,16373664.0,33.6707,34.2296,33.5346,33.9892,23512593.0,18.2271,18.2919,17.9516,18.0569,67075674.0,9.0084,9.0859,8.6017,8.9064,21333844.0,63.7715,64.2258,63.3358,63.539,5816594.0,119.6705,121.0454,118.9196,119.6861,51841014.0
2023-09-22,22.2114,22.3554,21.5949,22.1302,78516302.0,71.8376,75.4535,71.6128,73.6898,50439857.0,34.1474,34.667,33.4038,33.7438,19660633.0,17.9421,18.1454,17.1342,17.1962,360000000.0,8.8844,8.9587,8.7844,8.8056,23039533.0,63.8836,64.7488,62.756,63.1255,15915123.0,119.9504,120.7573,119.0519,119.5158,67357884.0
2023-09-25,22.1094,22.4419,21.7765,21.9025,75476727.0,73.9159,74.2474,72.186,72.6076,52792857.0,33.8565,34.4628,31.0305,31.8773,200000000.0,17.0755,17.532,16.919,17.3079,46695131.0,8.8047,9.0083,8.7216,8.8986,24595690.0,63.3434,63.9143,62.4279,63.4949,18307110.0,119.5503,121.2457,117.9404,119.1751,32862807.0
2023-09-26,21.8418,22.2617,21.6167,21.7583,68660416.0,72.941,73.4037,71.0333,71.6205,77899502.0,31.8005,31.928,31.1231,31.7168,18440640.0,17.4194,17.5844,16.6938,16.9124,108952592.0,8.904,9.0543,8.6319,8.7301,40552940.0,63.5794,64.6099,63.228,64.36,26783396.0,119.4009,119.6346,116.8818,118.3067,118599835.0
2023-09-27,21.748,22.0273,21.7065,21.9571,64573408.0,71.9992,73.4351,70.5369,72.942,56687348.0,31.7809,32.3711,30.449,31.0826,62811932.0,16.8468,16.9531,16.817,16.8568,25026306.0,8.7531,8.9305,8.5931,8.8442,25992738.0,64.2959,65.4579,64.0109,64.6097,7579551.0,118.3004,120.1053,116.5616,119.3377,171060365.0
2023-09-28,21.9605,22.24,21.8682,21.9107,51645000.0,72.5762,74.2485,72.1887,73.6214,31972101.0,31.0039,31.2315,30.6369,30.8973,17700582.0,16.8376,16.9528,16.4864,16.7229,46006387.0,8.7868,8.8983,8.5792,8.7039,25722601.0,64.5503,64.9666,64.3214,64.7531,9531757.0,119.2438,120.1108,118.3452,118.7106,86513055.0
2023-09-29,21.9122,22.1859,21.5111,21.6947,109523077.0,73.0679,73.9058,71.1236,72.6472,53450438.0,30.8578,31.0959,30.1696,30.5174,38666154.0,16.8172,16.8542,15.9826,16.2309,168033279.0,8.7114,8.8304,8.4896,8.6707,10478406.0,64.7858,66.0841,64.5917,65.721,32532414.0,118.37,119.9152,116.2932,117.3891,116125292.0
2023-10-02,21.5742,22.9065,21.3655,22.3408,259577653.0,72.5299,75.7922,71.8387,75.1756,204498888.0,30.5885,32.0199,30.1515,31.5986,200000000.0,16.2102,17.0539,16.0709,16.7789,166293185.0,8.7085,8.8115,8.6906,8.7741,19806476.0,65.7027,66.3317,65.4298,65.8206,13835140.0,117.2796,120.6797,116.6957,119.9719,442660044.0
2023-10-03,22.4288,22.5093,21.5488,21.6578,425864097.0,75.3291,76.0041,73.3349,74.0565,45504211.0,31.5166,32.2113,30.6375,30.7015,135695086.0,16.8486,16.8888,16.0158,16.208,170285433.0,8.7524,8.8078,8.6523,8.6797,23169050.0,66.1032,66.3305,65.9849,66.156,10564454.0,120.0752,122.209,116.3928,117.4089,302707883.0
2023-10-04,21.6051,21.8981,21.0869,21.7681,62906662.0,73.7821,75.5238,73.3031,75.1104,41725983.0,30.72,31.2771,30.1663,30.6166,21230546.0,16.1402,16.586,15.6697,16.5599,86633196.0,8.6758,8.6931,8.4415,8.4925,45209034.0,65.9999,66.4307,65.7821,66.3017,8151958.0,117.2703,118.321,116.5836,117.3902,32961636.0
2023-10-05,21.705,21.997,21.4465,21.8713,61283521.0,74.6414,75.7687,73.5212,73.9273,58512544.0,30.6643,30.8477,30.208,30.3998,20036306.0,16.682,17.02,16.1898,16.4774,29846446.0,8.4279,8.6097,8.3827,8.4675,23385106.0,66.3862,66.5582,65.4945,65.988,13194647.0,117.0103,117.4881,115.6877,116.5629,99571370.0
2023-10-06,21.8035,22.8358,21.6502,22.4177,215567690.0,74.1385,75.9548,73.4156,75.1035,52462608.0,30.3576,32.0092,29.5319,31.3605,125321086.0,16.495,16.9779,16.2282,16.7328,88996731.0,8.4698,8.564,8.4101,8.4766,11781531.0,65.656,66.5884,65.5343,66.2405,6585801.0,116.6008,118.8779,115.6502,117.598,121363293.0
2023-10-09,22.3139,22.6851,21.9502,21.9904,197279111.0,75.0015,75.3207,74.576,75.0443,20737266.0,31.4531,31.8422,30.6238,30.7909,55905335.0,16.7307,16.8874,15.9923,16.1921,188438553.0,8.4251,8.8049,8.3037,8.667,74449902.0,66.3035,66.6184,64.5446,65.564,22691200.0,117.6993,118.2312,116.4206,117.0165,76257800.0
2023-10-10,22.0164,22.3201,21.614,22.0648,65337908.0,75.2285,75.5206,68.0966,68.4992,240000000.0,30.7355,31.1344,29.6591,30.3321,37060633.0,16.1795,16.4165,15.9763,16.0387,41166216.0,8.6473,8.7835,8.5301,8.6836,16485625.0,65.7082,66.7836,65.504,66.2235,28687749.0,116.8941,118.2006,114.3511,115.8107,91399081.0
2023-10-11,22.1521,22.4866,22.0091,22.3922,115652139.0,68.5034,69.0836,68.3304,68.7288,10250906.0,30.4494,30.6555,29.8928,30.0829,18794258.0,16.0968,16.1546,15.7715,15.8265,76305934.0,8.6819,8.7894,8.43,8.5101,48222736.0,66.4643,67.4756,65.7496,66.8946,21434697.0,115.8034,116.5844,114.7442,114.9632,161155262.0
2023-10-12,22.3209,22.6226,21.9578,22.5493,74325696.0,68.6839,69.5752,68.384,68.9063,12932973.0,30.099,30.9734,29.8969,30.1612,14640130.0,15.8442,16.3781,15.7311,16.1455,122875974.0,8.489,8.5205,8.2938,8.4668,14203712.0,66.795,67.3959,66.543,67.2344,9034993.0,114.1414,116.4404,113.9352,115.3022,64840847.0
2023-10-13,22.3668,22.8214,22.0544,22.5375,54777479.0,68.8889,71.342,68.5961,70.5994,92354343.0,30.1826,30.5244,29.9139,30.0839,24918310.0,15.9034,16.837,15.6184,16.5471,95479583.0,8.4611,8.6005,8.3787,8.5681,18850000.0,67.1138,67.2249,62.9893,63.9491,96000000.0,115.5449,117.1464,114.9019,116.9681,182421313.0
2023-10-16,22.4357,22.8137,21.5445,21.8619,398705563.0,70.4998,70.899,68.439,68.8458,142984329.0,29.9734,30.1729,28.7576,29.0605,143856232.0,16.5121,16.6808,16.0894,16.1554,82842110.0,8.5812,8.6984,8.2537,8.3244,70384784.0,64.1142,65.3481,63.7647,64.6476,14874021.0,117.0638,119.135,112.6368,114.1831,538401846.0
2023-10-17,21.8187,21.8682,21.2835,21.7247,62407020.0,68.7216,69.2365,67.7267,68.8801,14530338.0,29.0326,29.4463,28.7101,28.9364,15396397.0,16.18,16.3056,15.8696,15.9007,77053318.0,8.3231,8.6994,8.3036,8.6675,144000000.0,64.8425,65.2959,63.6477,64.3591,10428816.0,114.6421,115.012,113.6569,114.0192,41141469.0
2023-10-18,21.607,21.6858,21.1066,21.4506,139359558.0,68.5821,69.0796,66.966,67.4463,89810540.0,28.9595,29.5683,28.6386,28.7675,18376738.0,15.8281,16.4613,15.6862,16.3601,143089381.0,8.6725,8.7565,8.5704,8.6702,10806618.0,64.3223,64.9819,64.0129,64.2718,10217807.0,113.9504,115.2418,112.4703,112.9424,90598599.0
2023-10-19,21.3941,21.6892,21.1971,21.3568,73424969.0,67.5748,67.9048,66.6525,67.2365,24244843.0,28.8884,29.1455,28.091,28.9394,24400399.0,16.3212,16.8526,16.0859,16.4172,26885225.0,8.6041,8.8061,8.4948,8.7245,13300190.0,63.9552,64.9992,63.6282,64.587,10087208.0,113.1776,114.5757,112.5214,113.214,98474007.0
2023-10-20,21.305,21.761,21.0477,21.5121,121818271.0,67.5675,68.8561,66.006,67.8615,38142368.0,28.9013,30.0074,28.669,29.5103,62637385.0,16.3871,16.6954,16.2368,16.478,40485372.0,8.7189,8.8424,8.5999,8.638,19475435.0,64.4149,64.5476,63.6123,63.7678,35851159.0,113.5929,114.1873,113.3903,113.8943,62768192.0
2023-10-23,21.5106,21.5655,20.6349,20.8651,236795665.0,67.7279,69.5479,66.277,66.8532,44924165.0,29.6339,29.8805,28.5365,28.9843,61147060.0,16.6026,16.7505,16.1819,16.3827,33442431.0,8.5598,8.6085,8.3126,8.4681,45980353.0,63.753,64.6779,63.0025,63.9576,6476596.0,113.9023,114.3447,110.9519,112.5079,127535612.0
2023-10-24,20.7316,21.4916,20.6606,21.4266,318683673.0,67.3462,68.6533,66.978,67.6173,29372039.0,28.8948,29.7686,28.7899,29.4539,83897193.0,16.429,16.8053,16.1502,16.7099,140054061.0,8.4544,8.6446,8.2606,8.5794,25890986.0,63.7295,64.0426,62.6304,63.5439,22816296.0,112.6177,116.684,111.7846,114.4062,222682818.0
2023-10-25,21.4815,21.7168,20.7308,20.769,488225704.0,67.7176,68.4822,65.472,65.9745,77264506.0,29.4942,29.8624,28.6368,28.9487,59836633.0,16.7359,16.8694,16.1717,16.4137,77829159.0,8.6444,8.7673,8.1866,8.2346,144000000.0,63.6607,64.7932,63.4645,64.5649,58292411.0,114.4525,115.5266,111.8296,112.6642,174769830.0
2023-10-26,20.9216,21.4188,20.6471,21.2966,311088404.0,66.0416,67.0178,63.9852,66.6393,74288939.0,28.8887,29.7517,28.8187,29.6146,90902102.0,16.3235,17.1107,16.1125,17.0705,310801657.0,8.2663,8.5807,8.2014,8.453,66291631.0,64.4393,65.1066,63.9534,64.3037,9434424.0,112.1547,115.3363,111.4697,114.6305,257619073.0
2023-10-27,21.4312,21.7144,20.3535,20.7749,222792930.0,66.8114,67.1915,65.4286,65.7978,48589234.0,29.8024,30.6815,28.5298,28.8677,182236918.0,17.0154,17.1804,16.4802,16.5814,273833670.0,8.4037,8.5371,8.0819,8.2263,39556309.0,64.292,64.5878,63.9552,64.3798,5446307.0,114.7563,115.3326,112.3307,112.567,252966205.0
2023-10-30,20.7214,21.1591,20.3915,20.9205,50223794.0,66.0509,67.2927,65.2075,65.7378,27961456.0,29.0293,29.7023,28.8507,29.246,40250885.0,16.6481,16.8007,16.3348,16.6289,32005805.0,8.2081,8.3122,8.0328,8.1414,21234905.0,64.5577,65.4996,63.8368,64.4675,6820071.0,112.267,113.4522,111.656,113.2012,72251732.0
2023-10-31,20.9823,21.3714,20.3446,21.09,111725710.0,65.6203,66.8363,64.4207,65.8886,15918100.0,29.2802,29.478,28.6247,28.8955,30087218.0,16.6809,16.9839,16.4241,16.5691,26024460.0,8.1355,8.221,8.0964,8.175,10256094.0,64.5272,64.8369,63.6785,64.2414,10736818.0,112.9261,113.5967,111.9747,112.8297,53778316.0
2023-11-01,21.1413,21.5802,20.4756,20.8209,93256558.0,66.0327,67.2357,64.7806,66.3658,38984815.0,28.8323,29.6304,28.7883,29.3284,37811108.0,16.4583,16.8193,16.2151,16.4663,28412987.0,8.192,8.3298,8.0228,8.2449,20185753.0,64.5569,64.7102,63.0156,63.5402,31915945.0,112.9975,113.7831,112.5166,113.5765,78069809.0
2023-11-02,20.8169,21.0921,20.6754,20.9564,63393566.0,66.6398,67.5034,66.5324,67.3621,45484024.0,29.1468,29.6224,28.8506,29.0932,32234292.0,16.5755,16.8515,16.2538,16.6868,51210681.0,8.2737,8.3389,8.2073,8.2598,11661783.0,63.7644,64.8905,63.2109,64.0407,9889524.0,113.9936,115.4752,113.1971,114.3482,57364461.0
2023-11-03,20.9727,21.1394,20.9235,21.0261,92251591.0,67.2615,67.5563,66.6604,67.1355,21131130.0,29.1383,29.7065,28.8024,29.3157,17533648.0,16.6191,16.8339,16.5317,16.7038,27952572.0,8.3151,8.3289,8.0557,8.1528,30977616.0,63.8732,64.3775,63.3636,63.4748,25608853.0,114.6015,115.1507,113.5374,113.8567,60062067.0
2023-11-06,21.0895,21.2345,20.8117,20.8827,50865405.0,67.1367,68.3089,66.0602,67.6456,27288873.0,29.3406,29.9051,28.7136,29.4277,11153274.0,16.7321,17.0106,16.5182,16.6405,39478005.0,8.121,8.3275,8.1039,8.2444,27083126.0,63.5697,63.8889,62.4479,62.9895,17513216.0,114.0447,115.3599,113.5116,114.2531,57650651.0
2023-11-07,20.9642,21.1136,20.3607,20.8617,57707713.0,67.4416,68.9725,67.1872,68.1962,24507685.0,29.5313,29.608,28.4477,29.0652,27709168.0,16.8568,16.9141,16.1702,16.4562,34381977.0,8.2518,8.2929,7.9569,8.0333,101541504.0,63.0138,63.2001,62.5182,62.9626,5180780.0,114.3625,115.413,112.9268,113.9667,50143315.0
2023-11-08,20.7871,20.8662,20.4497,20.7212,57581534.0,68.0639,68.8813,66.5632,67.5732,26695179.0,28.8912,29.3456,28.6468,29.1382,20238413.0,16.4238,16.8743,16.2931,16.5905,41398679.0,7.9755,8.1592,7.947,8.0016,8040164.0,63.1512,63.7323,62.7877,63.4273,8357686.0,114.2477,115.0436,111.5823,113.2887,72519953.0
2023-11-09,20.7896,21.3513,20.66,21.2769,218891419.0,67.4802,71.0817,66.7404,70.385,240000000.0,29.1551,30.5391,29.0693,30.1643,200000000.0,16.6036,16.896,16.4047,16.7428,60756600.0,8.015,8.062,7.8457,8.0228,11619727.0,63.511,64.444,63.3137,63.4973,7772925.0,113.8308,115.6438,113.3216,115.4264,374565576.0
2023-11-10,21.4338,21.905,21.1472,21.8068,244078849.0,70.1349,72.458,69.5762,72.0417,83691773.0,30.2173,30.5983,29.9063,30.5377,32466244.0,16.6987,17.2139,16.3514,17.079,93169851.0,8.039,8.0858,7.9423,7.9767,9048729.0,63.4174,63.8436,62.4141,63.1879,12446715.0,115.2378,116.9122,114.8539,116.7234,118177545.0
2023-11-13,21.8918,22.6445,21.7721,22.3115,246595121.0,72.0239,75.6323,71.3646,74.8341,240000000.0,30.4251,32.5534,30.2669,32.1721,200000000.0,17.0931,17.2933,17.0498,17.1106,38974078.0,7.9773,8.1725,7.893,8.0158,15986626.0,63.2637,63.5032,61.5414,62.0845,45983896.0,116.5435,119.0611,116.2151,118.6875,309985276.0
2023-11-14,22.4631,22.8032,22.2555,22.657,158414299.0,74.9317,77.3577,73.8144,76.8454,100747759.0,32.1874,32.9963,32.1274,32.8411,72159227.0,17.2262,17.5321,17.1884,17.4364,56117907.0,8.0373,8.0857,7.8017,7.8301,52772443.0,62.0268,62.1339,61.5106,61.9594,10516197.0,118.9337,120.4431,117.965,119.8611,192836343.0
2023-11-15,22.4004,23.3523,22.2421,22.9634,143460076.0,76.975,78.1229,76.3991,77.0207,23375278.0,32.7435,33.4563,32.234,32.8728,16048451.0,17.4204,17.5187,17.0842,17.2053,54444359.0,7.8026,7.862,7.5256,7.5786,96070783.0,61.8586,62.2304,61.0773,61.3241,37360586.0,119.2831,120.9471,118.6418,119.0013,74955760.0
2023-11-16,23.0238,23.2331,22.9714,23.1501,63837984.0,76.7759,78.0291,75.7888,77.074,15469831.0,32.7619,33.4604,32.3171,32.7887,16480648.0,17.1814,17.6799,16.8417,17.4469,61698313.0,7.5377,7.6022,7.1683,7.2201,144000000.0,61.3069,63.1891,61.1747,62.3109,39869746.0,118.9679,119.4448,117.2278,117.5928,159412181.0
2023-11-17,23.1771,23.3096,22.7749,23.032,46718237.0,76.8902,77.0756,73.8365,75.7055,97075845.0,32.7176,32.9392,32.4887,32.7753,17688475.0,17.5381,17.6669,17.1781,17.3224,44691001.0,7.192,7.2951,6.9411,7.1046,24743910.0,62.3499,62.7182,61.2659,62.1774,7053840.0,117.6798,118.2795,116.1611,117.0576,70862441.0
2023-11-20,23.1365,23.3795,22.6838,23.0521,42764850.0,75.9596,77.7392,74.9658,75.6568,17074051.0,32.7396,33.4584,32.0618,32.4601,33645169.0,17.2193,17.2793,16.6778,16.8775,104145298.0,7.1154,7.2571,6.9722,7.077,20844452.0,62.3814,63.2151,61.8266,62.4666,17579690.0,116.8777,117.8734,116.3348,116.7544,54875774.0
2023-11-21,22.9379,23.013,22.1565,22.2036,614111496.0,75.4757,76.24,71.018,72.9695,240000000.0,32.6251,32.7839,31.2009,31.3162,177504960.0,16.8842,17.2529,16.1054,16.2863,263777879.0,7.1151,7.1452,6.9067,6.9586,32008547.0,62.3885,63.736,62.245,62.8583,13117025.0,116.1215,116.3571,113.5354,113.8147,408302740.0
2023-11-22,22.1541,22.3152,21.5857,21.8999,106447734.0,73.2067,73.6235,72.9355,73.0552,26882335.0,31.275,31.468,31.046,31.3499,18190910.0,16.2304,16.35,15.7526,15.9135,121558609.0,6.9342,7.2973,6.8703,7.1066,47066413.0,62.5555,64.3578,62.1652,63.8652,51507977.0,114.2626,114.9419,112.5247,114.042,63469259.0
2023-11-23,21.987,22.1151,20.5484,20.8093,572203039.0,72.8448,73.826,71.2442,71.8169,53513212.0,31.2415,31.3469,30.4076,30.8529,37575974.0,15.8956,15.9433,15.6859,15.9041,25170327.0,7.0867,7.1852,7.0237,7.142,13763328.0,63.8335,65.555,63.6335,65.2156,68330219.0,113.8483,114.4893,111.6022,112.5751,147491227.0
2023-11-24,20.7123,21.5966,20.5542,21.3563,162483541.0,71.9236,75.7974,71.5978,74.6592,240000000.0,30.9557,32.0995,30.724,31.8013,133741275.0,15.8376,16.1417,15.7268,16.1123,63431164.0,7.1453,7.2453,7.041,7.1847,19263387.0,65.2578,65.4129,64.3734,65.156,9765404.0,112.3981,115.1569,110.0305,114.8374,452070489.0
2023-11-27,21.3791,21.5159,20.6537,20.937,159312512.0,74.8807,75.2803,72.0735,72.4815,131838507.0,31.9354,32.0797,30.6526,30.9,124649813.0,16.0039,16.2095,15.6561,15.8474,76578935.0,7.2868,7.3569,7.1616,7.2897,21175347.0,65.186,66.387,64.6516,65.9942,22098496.0,115.2706,116.3281,111.6719,113.476,144854161.0
2023-11-28,20.9355,21.0138,20.7885,20.9524,57154740.0,71.7293,72.1748,65.022,66.0691,240000000.0,31.0038,31.9767,27.8951,28.042,200000000.0,15.6829,15.7908,15.4274,15.6245,51511972.0,7.2764,7.3719,7.1653,7.2124,26541984.0,65.952,66.5716,65.654,66.1498,9040288.0,112.5299,114.2054,111.2875,112.5438,130873004.0
2023-11-29,20.9343,21.6624,20.7862,21.316,112888061.0,66.2954,66.9268,65.3017,66.6858,27806367.0,28.1996,28.4847,27.3711,27.7745,28636603.0,15.5911,15.7108,15.2997,15.6111,25064614.0,7.2409,7.2716,7.193,7.2412,11621478.0,66.3083,67.073,65.9806,66.874,25926248.0,113.027,113.645,111.3532,112.7568,57163147.0
2023-11-30,21.3699,21.7267,21.1393,21.5561,112985618.0,67.029,68.0243,66.0324,67.436,46889924.0,27.7963,28.0996,27.7087,28.0486,32799492.0,15.6279,16.0823,15.4704,15.9523,71328586.0,7.2359,7.2957,6.962,7.1957,13806158.0,66.9267,67.8,65.9781,66.3922,14881378.0,113.4706,115.0472,112.7301,113.6003,109639125.0
2023-12-01,21.4503,21.5482,21.3054,21.3601,56219405.0,67.354,68.6812,66.3571,67.4254,16470354.0,28.0665,28.3102,27.6643,27.7662,21970480.0,16.0137,16.0852,15.7787,15.9067,20377622.0,7.1798,7.2011,7.1498,7.1619,17366722.0,66.4932,67.0842,66.0983,66.6556,8998939.0,113.3143,113.9483,112.7264,112.9926,84921918.0
2023-12-04,21.2868,21.7041,21.1662,21.2787,60697978.0,67.5172,68.0855,67.1336,67.3652,21736527.0,27.6863,28.0959,27.5317,27.7848,15089895.0,15.8067,16.2128,15.5206,15.8872,28453326.0,7.123,7.4178,7.0629,7.3401,55936468.0,66.3478,67.0235,65.3509,66.0148,32561943.0,112.836,114.83,112.5949,113.4192,59250135.0
2023-12-05,21.2656,21.4694,20.6634,20.7409,267515977.0,67.143,68.4414,65.3667,66.5217,51561656.0,27.9444,28.1164,26.6681,27.0789,157264855.0,15.8986,16.3737,15.3984,15.5247,66588536.0,7.331,7.3711,7.1428,7.2326,33966893.0,65.986,66.9414,65.0947,66.5362,20566137.0,113.5763,113.7753,110.9327,111.4686,235774680.0
2023-12-06,20.6314,20.6823,20.5114,20.5686,87065760.0,66.617,67.7766,65.8276,67.1928,31120823.0,27.0687,27.4279,26.9599,27.2344,16975742.0,15.5658,15.6824,15.1204,15.4795,27982725.0,7.2578,7.2867,7.1773,7.1974,16539746.0,66.5128,67.767,65.8412,67.651,38360200.0,111.5478,111.7466,110.8876,111.3341,52334437.0
2023-12-07,20.6806,21.0021,20.1794,20.364,67368236.0,67.847,68.0401,65.8862,66.314,37341335.0,27.2006,27.5283,26.7576,26.8202,54555704.0,15.5058,15.596,15.0792,15.173,97515053.0,7.1718,7.2198,6.8549,7.0217,55359342.0,67.9387,68.2843,66.104,67.1539,9895107.0,111.6454,114.0298,106.8913,109.7297,227764916.0
2023-12-08,20.2924,20.7488,20.0871,20.6221,70239954.0,65.7429,66.9742,65.3057,66.6549,22417090.0,26.7771,27.0062,26.7099,26.9422,18679808.0,15.1914,15.9378,15.0453,15.5085,99449010.0,7.0245,7.2429,6.9506,7.1845,56154834.0,67.1359,67.7504,66.2424,66.8144,17425612.0,109.8846,112.4227,109.7181,110.6953,103859060.0
2023-12-11,20.6937,20.964,20.0879,20.354,128244846.0,66.5236,68.4858,66.0821,66.5961,17648091.0,27.0125,27.0757,26.6175,26.77,29499799.0,15.3509,15.3973,15.1124,15.3489,82259593.0,7.1595,7.33,7.0437,7.0679,29045369.0,66.7034,67.5094,66.0717,66.4923,9288887.0,110.9562,111.4993,109.405,110.0485,92969114.0
2023-12-12,20.2755,20.5064,19.6035,19.9301,125473913.0,66.8053,67.2168,65.0996,66.3925,22602134.0,26.7792,26.852,26.2872,26.4136,30567503.0,15.3402,15.4298,15.0276,15.1573,60992911.0,7.0558,7.1936,6.7591,6.8817,69504349.0,66.372,66.8922,66.2562,66.7552,10699522.0,111.1265,111.45,108.1935,108.6565,131646694.0
2023-12-13,19.9921,20.1278,19.0836,19.2862,338247176.0,66.7231,67.7212,66.0184,67.5207,66449343.0,26.4341,26.7905,26.3624,26.7073,30886290.0,15.1514,15.2791,14.9401,15.1746,24819457.0,6.8391,7.0177,6.7754,6.8211,21256876.0,66.9201,67.5804,66.6019,67.1111,12691919.0,108.1665,111.4076,107.9298,109.415,91606692.0
2023-12-14,19.1499,19.5653,18.9272,19.4242,101004274.0,67.1542,68.7871,66.3919,68.3779,42712447.0,26.6718,27.2368,26.2171,27.1161,72577108.0,15.2137,15.853,15.1222,15.6179,178982774.0,6.8861,6.9442,6.6134,6.6444,53221618.0,67.013,68.039,66.7786,67.4604,13123959.0,109.8322,111.2468,108.7576,110.9723,244531032.0
2023-12-15,19.5453,19.9207,18.9095,19.012,197167239.0,68.2063,68.3264,66.6325,66.8281,79664954.0,27.0941,27.7316,25.7356,26.3942,94861554.0,15.7206,15.7611,14.682,15.1236,137116435.0,6.6527,6.7121,6.4598,6.5338,37705450.0,67.3156,68.2833,66.778,67.9749,10668922.0,111.4387,112.4317,109.8853,110.8397,49776462.0
2023-12-18,19.1074,19.7845,18.688,19.4199,204120163.0,66.6756,67.5714,65.1345,67.2408,22728627.0,26.3782,26.6146,26.1424,26.4228,17400897.0,15.1051,15.7342,14.8116,15.4891,144451640.0,6.5251,6.7412,6.4364,6.6309,31532290.0,68.1321,68.4854,67.5711,67.8443,7587715.0,110.4953,112.5082,110.291,112.0804,130012287.0
2023-12-19,19.3727,19.7396,19.211,19.4517,57360744.0,67.0681,68.7472,66.4524,67.7283,32499950.0,26.5771,26.7367,26.3823,26.4464,16996276.0,15.4639,15.78,15.2494,15.5953,33595479.0,6.6661,6.7559,6.3848,6.4839,35220453.0,67.9114,68.4733,66.794,67.4339,13509230.0,111.8269,112.45,110.376,111.8432,64643297.0
2023-12-20,19.381,19.6987,19.3256,19.3654,68831413.0,67.6973,68.8947,66.3173,66.923,34816755.0,26.2521,26.5114,26.0527,26.1091,21166208.0,15.6049,15.6666,15.1054,15.1581,198118704.0,6.4815,6.573,6.4047,6.513,11391219.0,67.3938,68.3865,66.933,67.5212,7576378.0,112.0025,114.226,110.2255,110.523,214532784.0
2023-12-21,19.4046,20.0674,19.0034,19.1236,102676889.0,66.5476,67.5467,66.0959,66.6396,26167896.0,26.157,26.2265,25.6604,25.8107,35602295.0,15.1597,15.3726,14.65,14.9032,80109442.0,6.5253,6.6118,6.412,6.4759,12636475.0,67.2957,69.4476,66.5597,67.9265,16056114.0,110.1321,110.6257,108.8737,109.2857,157269992.0
2023-12-22,18.9954,19.486,18.9142,19.3518,78550295.0,66.5729,67.8299,66.1387,66.6578,19496605.0,25.926,26.2309,25.7318,25.9091,13304467.0,14.9337,15.0566,14.7814,14.9588,36572145.0,6.5175,6.6907,6.3929,6.4383,13542738.0,68.0214,68.5072,66.8219,67.2019,24607070.0,109.0955,110.374,107.9989,109.4916,33838223.0
2023-12-25,19.3548,20.3636,19.0298,19.9577,640000000.0,66.4126,68.1065,66.0492,67.1345,41578272.0,25.7148,27.6226,25.4161,26.7236,155230791.0,14.9962,15.3543,14.8903,15.2168,63682251.0,6.4773,6.577,6.3913,6.4982,15332794.0,67.342,67.939,65.5809,66.1732,46188354.0,109.5659,111.5278,108.3129,110.9434,136933609.0
2023-12-26,19.8867,20.0344,19.7551,19.8242,64421349.0,67.1163,67.7587,65.7172,66.1534,44821873.0,26.7158,27.3391,25.8434,26.4163,32973570.0,15.2041,15.5933,14.9118,14.9694,52523051.0,6.4678,6.7541,6.4381,6.6552,71853593.0,66.0144,66.8619,64.7395,65.5247,18317602.0,110.7286,111.4646,110.3537,110.6141,72767802.0
2023-12-27,19.802,20.1757,19.4845,19.9541,74374842.0,65.97,66.14,65.0993,65.7504,24179066.0,26.5227,26.8331,25.8917,26.5816,16399024.0,15.0047,15.1084,14.8833,14.9121,23561977.0,6.6556,6.7122,6.3783,6.4102,144000000.0,65.5849,66.8578,65.209,65.9859,23261063.0,110.5428,111.4588,108.8358,109.5499,101696447.0
2023-12-28,19.8975,19.9712,19.5228,19.6311,148781166.0,65.7067,66.8758,65.3369,65.547,11694453.0,26.4998,26.6436,26.2366,26.3165,21234627.0,14.8967,15.1643,14.8698,14.9496,18867152.0,6.4438,6.5136,6.3477,6.4979,21961790.0,65.9691,66.4436,65.3429,65.7,10272832.0,109.2809,110.0358,108.4464,109.5637,42641898.0
2023-12-29,19.5621,19.7313,19.3063,19.4131,82140185.0,65.2801,67.3292,64.8416,66.6342,45553833.0,26.3455,26.4265,26.1926,26.2627,15652797.0,14.8475,15.3141,14.3764,15.1863,60842408.0,6.4692,6.6729,6.4347,6.5742,17392991.0,65.5538,66.5721,65.1904,65.9314,10868084.0,109.2714,110.4133,108.9263,109.9678,53460725.0
2024-01-01,19.5596,19.9456,19.2028,19.4032,40868810.0,66.8846,67.4483,63.6339,65.1771,69886958.0,26.1627,26.8599,25.604,26.0294,49045462.0,15.1036,15.2852,15.0155,15.0656,35388592.0,6.5672,6.5971,6.5455,6.5646,10952179.0,65.8577,66.1772,63.9583,64.1585,96000000.0,110.1149,110.7556,108.4969,109.0181,128107754.0
2024-01-02,19.4701,19.5233,19.1527,19.1902,134946631.0,65.0936,65.4831,64.7904,64.9373,24741935.0,26.033,26.0815,25.7788,25.9757,23955916.0,14.9003,15.0076,14.7616,14.9602,49680175.0,6.5567,6.6247,6.4821,6.6055,21719579.0,64.1509,64.9767,63.3322,63.617,20221277.0,108.9868,109.9651,108.3905,108.9585,49789587.0
2024-01-03,19.0654,19.6127,18.8825,19.3934,74730370.0,64.9408,66.9291,64.2853,65.6983,62858397.0,26.1119,26.8685,25.6949,26.1712,26003919.0,15.0782,15.5442,14.9871,15.443,143317975.0,6.6191,6.8514,6.5456,6.68,38505325.0,63.406,63.5061,62.5857,62.8832,35383573.0,108.9967,111.5301,108.1159,110.2912,127181007.0
2024-01-04,19.3187,19.8828,19.0248,19.695,139077001.0,65.6606,67.2662,64.7745,66.0193,27597502.0,26.3536,26.9205,26.2948,26.6674,61800365.0,15.537,15.9016,15.2102,15.6963,120085342.0,6.702,6.8429,6.4458,6.4747,82222627.0,62.9737,63.3387,62.2765,62.9622,6196822.0,110.5115,111.2331,110.163,110.4441,59071639.0
2024-01-05,19.7696,20.3636,19.7155,19.9255,121209400.0,66.0212,67.5768,64.7769,67.238,85004477.0,26.6953,27.4501,26.5371,27.0748,48427696.0,15.7732,16.3202,15.6191,16.1131,101554698.0,6.5052,6.5804,6.3828,6.49,6649021.0,62.8496,63.3911,62.7369,63.1699,11983921.0,110.5016,113.6626,110.1024,111.999,227181615.0
2024-01-08,20.0108,20.1907,19.7832,19.9343,42887911.0,67.2386,68.2568,66.5816,67.8509,27516513.0,26.9334,27.2897,26.7608,27.0418,13127291.0,16.0967,16.3177,15.9528,16.0859,21913088.0,6.4922,6.5233,6.2937,6.3631,28924173.0,63.0633,63.7654,62.7552,63.3718,11577521.0,111.8927,112.2668,111.3798,111.8936,52850029.0
2024-01-09,19.8129,20.7359,19.501,20.3973,204503430.0,68.0664,69.6292,67.8722,69.5186,77624851.0,27.0074,27.8829,26.4003,27.4974,39248702.0,16.1603,16.2541,15.9048,16.1942,26115339.0,6.3361,6.5363,6.2805,6.4548,18046816.0,63.4526,64.1473,63.2001,63.8245,16050228.0,111.6147,114.2655,111.293,113.6806,233928917.0
2024-01-10,20.4602,20.9415,20.1623,20.8362,237350826.0,69.4404,71.3979,68.9728,70.4081,40830910.0,27.294,28.2905,27.2086,27.7291,31382142.0,16.263,16.4876,16.2019,16.2621,32298864.0,6.4455,6.5306,6.3866,6.4861,15620960.0,63.7517,63.9288,62.7938,63.6201,10212220.0,113.8253,115.027,113.6192,114.7485,279606710.0
2024-01-11,20.8605,20.9424,20.6015,20.8336,42774067.0,70.2088,70.8748,69.543,70.3513,14981107.0,27.6957,27.7652,27.1266,27.4988,21747600.0,16.1508,16.4461,15.7999,16.397,38505072.0,6.4581,6.5633,6.264,6.4867,10195049.0,63.5855,63.8425,63.2054,63.5513,5610828.0,115.3991,117.1041,113.8383,114.4978,36469960.0
2024-01-12,20.656,20.6882,20.2452,20.3939,111508998.0,70.3628,71.0367,69.4676,70.3516,13280113.0,27.6076,27.893,27.3971,27.4826,20533883.0,16.3362,16.4835,15.9396,15.9911,118099534.0,6.4686,6.6564,6.4526,6.527,16408670.0,63.5344,65.0824,63.2246,64.284,23682852.0,114.7839,115.4098,112.3385,113.8418,70426802.0
2024-01-15,20.3577,21.2337,19.951,21.0223,504033920.0,70.182,72.3126,69.6013,72.0061,102204676.0,27.3297,27.8619,27.1876,27.6663,15938340.0,16.0318,16.6546,15.611,16.3715,121653742.0,6.5459,6.6999,6.446,6.6092,32764170.0,64.1586,65.1079,63.1196,63.6599,13060957.0,113.3571,116.7225,113.0082,115.8917,272677506.0
2024-01-16,21.0097,21.6803,20.3593,20.457,219739079.0,71.9848,72.8811,70.7696,71.4847,21295107.0,27.6429,28.1318,26.9479,27.0901,51195585.0,16.3337,16.5981,15.7792,15.9145,190530261.0,6.5705,6.6428,6.5032,6.5405,31908448.0,63.5769,64.7021,63.2983,64.2439,18095644.0,115.2284,115.5033,113.1611,114.2882,247183914.0
2024-01-17,20.4614,20.7283,19.9466,20.2345,97531188.0,71.1892,72.8118,69.7588,70.6368,50249763.0,26.9997,27.146,26.2245,26.5254,91493033.0,15.8615,16.0134,15.5972,15.645,54531094.0,6.5257,6.6973,6.4751,6.6118,26967731.0,64.2411,64.7302,63.4721,64.4131,8866531.0,114.0503,114.2611,111.8326,113.6482,69923794.0
2024-01-18,20.117,20.9696,19.8353,20.8055,209762677.0,70.9293,71.717,70.4029,71.5737,40665203.0,26.7209,27.1142,26.4706,26.8874,34477679.0,15.706,16.479,15.2742,16.3268,360000000.0,6.6359,6.8261,6.5501,6.8134,107222895.0,64.4106,65.0411,62.8539,63.0687,57193770.0,113.154,117.1586,111.9861,116.1037,526970136.0
2024-01-19,20.7356,20.9499,20.6725,20.8507,44785879.0,71.3541,72.9083,70.7296,72.3456,36865213.0,26.9313,27.223,26.6737,26.8495,14753929.0,16.2631,16.4666,15.9691,16.2346,43825161.0,6.8325,6.8623,6.7376,6.7484,13784453.0,63.1526,64.0062,62.6089,62.7536,12884486.0,115.6816,117.1208,114.4093,116.4275,48029414.0
2024-01-22,20.7935,21.0548,20.3503,20.4649,140250717.0,72.688,73.3656,69.0851,71.0319,68204345.0,26.9431,26.9886,25.6044,25.9637,188306813.0,16.4261,16.4903,16.0081,16.0613,37141674.0,6.7263,6.8654,6.6563,6.8225,19352961.0,62.844,63.2891,62.6828,62.8069,9852769.0,115.6461,116.8901,114.7197,115.0499,163307947.0
2024-01-23,20.4166,20.7866,20.3342,20.6738,91500963.0,71.0148,72.8334,70.6055,72.6718,83400266.0,25.9948,26.6528,25.6818,26.4682,75079185.0,16.1827,16.3055,15.9463,16.2154,90395433.0,6.7974,6.8916,6.607,6.6899,58818559.0,63.0001,63.3708,61.7584,62.0384,30104432.0,115.126,117.3223,113.9399,116.0222,125140313.0
2024-01-24,20.6265,20.8315,20.1963,20.4804,66834675.0,72.9171,73.616,72.2208,72.4108,29717261.0,26.5508,27.0997,25.8278,26.1972,33964541.0,16.1991,16.6996,15.7007,15.8962,156727585.0,6.7332,6.7922,6.477,6.5457,42491106.0,61.8033,63.6082,61.4808,63.1596,55488552.0,115.6418,116.319,114.7067,115.0008,90391748.0
2024-01-25,20.4684,21.378,20.1792,21.1608,640000000.0,72.1924,74.7436,71.8356,74.48,94319696.0,26.3134,27.0786,26.1923,26.7312,64661907.0,15.9903,16.7806,15.8944,16.5771,347665065.0,6.5558,6.6498,6.4706,6.6138,27808873.0,63.3051,63.5769,62.5393,62.9552,8495166.0,114.6206,117.923,114.185,117.4193,454076363.0
2024-01-26,21.1897,21.2264,20.0217,20.1324,640000000.0,73.9055,74.546,72.2355,73.2994,76678772.0,26.7354,26.8006,26.1002,26.2495,63528999.0,16.5917,16.763,15.6681,16.2373,69772140.0,6.5919,6.619,6.4882,6.5158,30413990.0,62.9012,63.793,62.6972,63.4869,19670861.0,117.1987,118.2378,114.1494,115.0006,536270035.0
2024-01-29,20.2905,20.4336,20.1375,20.3965,132833439.0,72.8251,73.3777,70.9794,72.9906,20823644.0,26.1925,26.7782,25.8681,26.3545,20359834.0,16.2054,16.4189,16.1028,16.3906,35124682.0,6.5147,6.5332,6.466,6.51,12836645.0,63.5923,64.2486,63.157,63.6354,6745392.0,114.7913,115.7381,114.5417,114.9674,41652014.0
2024-01-30,20.475,21.1886,19.6567,20.0954,120529000.0,73.7134,73.9479,72.2615,72.4937,34877408.0,26.2537,26.9181,26.1926,26.3333,19086924.0,16.5445,16.639,15.8698,15.9156,169424988.0,6.539,6.6501,6.5142,6.5303,9983062.0,63.6898,64.2026,62.6655,63.4504,5096692.0,114.8819,115.6424,113.9155,114.1605,68234460.0
2024-01-31,20.2124,20.3949,19.3682,19.6686,242705833.0,72.3233,73.1939,70.1068,70.8751,96749249.0,26.5236,26.6852,25.7021,26.1264,49945358.0,15.945,16.035,15.5523,15.6503,84257782.0,6.5064,6.5273,6.376,6.4406,32945219.0,63.3581,63.8351,62.6192,63.6144,13293786.0,113.7082,114.4526,111.6237,112.6794,152735286.0
2024-02-01,19.6269,20.0343,19.4434,19.8648,51027838.0,71.1816,72.2802,70.2278,71.3396,33502357.0,26.2144,26.6717,26.0998,26.6003,58107139.0,15.5843,16.2423,15.5262,16.0055,64779953.0,6.4165,6.5984,6.3534,6.5045,17364546.0,63.8586,64.7591,63.2328,63.4871,10628939.0,112.9945,114.5944,112.6128,113.9452,132167123.0
2024-02-02,19.7771,20.0734,19.4425,20.0184,62170155.0,70.9761,73.1961,69.8792,72.5536,57819063.0,26.3593,27.3906,26.047,27.153,49920390.0,16.0403,16.3429,15.8868,16.0541,23639492.0,6.5104,6.5713,6.3514,6.4231,26341421.0,63.609,63.7367,62.56,62.9692,13268804.0,114.0354,116.6052,113.8322,114.9831,137526497.0
2024-02-05,20.0893,20.3337,19.3453,19.5116,220574006.0,72.6047,73.1698,71.3633,71.6599,44936690.0,27.1258,27.5177,26.5943,26.876,37701557.0,16.1819,16.46,15.9937,16.0421,26833650.0,6.3876,6.5093,6.3323,6.3908,14183251.0,63.036,63.3184,61.4083,62.3756,14167367.0,115.118,115.3928,113.5388,113.744,104225975.0
2024-02-06,19.5102,19.7492,18.8079,19.1503,137144480.0,71.7582,72.0414,68.8495,69.1689,240000000.0,26.9218,27.454,26.0559,26.4394,43914499.0,16.0423,16.1543,15.511,15.5505,125436480.0,6.3732,6.5054,6.3484,6.486,39323989.0,62.7208,63.4244,61.4579,61.7924,20697430.0,113.6022,114.056,112.7227,113.0322,94554145.0
2024-02-07,19.2121,19.8246,19.1292,19.5971,240039870.0,69.9457,71.5899,69.7639,70.9531,117414565.0,26.6211,27.0156,26.4739,26.7877,38941013.0,15.5659,16.0071,15.5403,15.9346,107954579.0,6.4745,6.5774,6.3852,6.4112,28474218.0,61.6409,62.5372,61.4325,62.1498,13299689.0,113.377,114.8532,112.3092,114.3278,159223459.0
2024-02-08,19.521,19.7971,19.0987,19.4982,71742818.0,70.8644,71.2745,69.7244,69.8639,74628421.0,26.6671,26.7913,25.609,25.8646,196337851.0,15.9121,16.0703,15.3411,15.4431,201178113.0,6.3418,6.5222,6.318,6.4835,14456767.0,62.1538,62.7366,58.6231,59.1755,96000000.0,114.4862,114.958,111.8174,113.0667,150970429.0
2024-02-09,19.5541,19.7989,18.5497,18.706,640000000.0,69.6685,72.4943,68.3855,71.8954,159708401.0,25.9098,27.1808,25.2027,26.729,131873676.0,15.4688,15.9581,15.3376,15.6584,57126945.0,6.4857,6.5241,6.2965,6.3402,41491691.0,59.2594,60.4697,59.1657,60.3657,64840462.0,113.1278,115.1802,111.7011,114.7599,270222264.0
2024-02-12,18.6915,18.9672,18.3081,18.8088,62976449.0,71.9948,72.5476,70.5184,71.2586,27002439.0,26.6853,27.0187,26.5907,26.9267,21461168.0,15.5862,15.8365,15.4007,15.6366,22454820.0,6.3561,6.4714,6.2137,6.3302,9463264.0,60.2036,61.1428,59.9292,60.8604,23229284.0,115.0851,115.8669,114.0084,114.6779,47758751.0
2024-02-13,18.7706,18.9451,18.35,18.4593,289518016.0,70.9996,71.1426,69.3998,70.1783,48259026.0,26.7951,26.8791,26.4204,26.7524,12400074.0,15.5779,15.8957,15.497,15.5287,39177425.0,6.3809,6.4319,6.3037,6.3144,14092123.0,60.7586,61.7014,60.486,61.5764,25110248.0,114.1361,114.7251,111.339,113.4821,109263527.0
2024-02-14,18.4295,18.691,18.1186,18.5576,68339827.0,70.2915,70.826,66.5164,68.0402,217196508.0,26.9002,26.9671,25.8508,26.2577,52503417.0,15.5036,15.6182,15.2843,15.4004,47474708.0,6.3299,6.3507,6.2349,6.2536,17745182.0,61.7312,62.3103,60.767,61.408,12356688.0,113.5445,114.4173,111.4045,111.9034,179711884.0
2024-02-15,18.5978,19.214,18.5359,18.9298,97190922.0,68.0258,69.928,67.8639,69.3922,54082472.0,26.1543,27.1042,25.9877,26.9214,98298947.0,15.4126,15.5779,15.1731,15.401,19672106.0,6.2274,6.2811,6.0101,6.0478,87287503.0,61.3312,61.539,60.593,61.0435,12787021.0,111.6912,114.2675,110.9755,113.202,142056594.0
2024-02-16,18.9945,19.0942,18.7109,18.7657,96242713.0,69.1865,69.4423,68.463,68.7863,39159897.0,27.0287,27.2375,26.6429,26.9723,15811491.0,15.4822,15.737,14.8835,14.9712,162383529.0,6.0366,6.2301,5.9563,6.192,39463191.0,61.1777,61.8157,60.7013,61.3882,10374917.0,112.9692,114.2717,111.9401,112.8626,50208802.0
2024-02-19,18.7354,19.2042,18.3127,19.1095,173644032.0,68.9203,69.6185,67.1256,68.6282,17904682.0,26.7967,26.9587,26.7055,26.91,14487608.0,14.9608,15.109,14.754,14.9897,28964968.0,6.2394,6.6755,6.227,6.576,144000000.0,61.2909,61.5575,60.8519,61.2441,7933349.0,113.1185,114.4993,111.7244,113.6758,61474899.0
2024-02-20,19.1385,19.33,18.7675,18.9527,102764827.0,68.6575,69.2048,67.3511,68.6433,12127380.0,26.856,27.7225,26.6007,27.3233,46061169.0,15.0484,15.565,14.9964,15.2132,71967408.0,6.5882,6.7054,6.5288,6.5605,6997053.0,61.5567,62.0849,61.0273,61.634,16511149.0,114.1187,114.5354,112.2688,113.9914,57056515.0
2024-02-21,18.9812,19.25,18.9015,19.1641,108466911.0,68.849,70.8333,68.0197,70.0074,77666602.0,27.3874,28.3711,27.0432,28.0199,68554377.0,15.1816,15.5083,15.1344,15.4775,78737462.0,6.5887,6.7755,6.5163,6.6612,39295716.0,61.2713,61.5567,60.2171,61.209,16401008.0,114.4033,116.646,113.6874,115.4151,163275369.0
2024-02-22,19.2266,19.3032,18.9929,19.1145,41775757.0,70.4643,71.368,69.3794,69.8769,15932128.0,28.1022,28.3727,27.3612,27.4964,41932021.0,15.5206,15.7062,15.2939,15.5226,30692597.0,6.6456,6.7061,6.2427,6.3704,144000000.0,61.3647,63.4427,60.8526,63.0128,96000000.0,115.4174,115.981,114.0871,114.3523,108556415.0
2024-02-23,19.1978,19.274,18.9157,19.0678,64768797.0,69.739,70.0757,69.2997,69.8159,15253619.0,27.5457,27.63,27.4699,27.5558,18325429.0,15.6108,15.7897,15.1216,15.4073,38144365.0,6.3647,6.4748,6.2589,6.3818,10065480.0,63.0526,63.1617,62.7582,62.9576,5630477.0,114.2474,115.765,112.8301,114.2299,46731272.0
2024-02-26,19.2207,19.2827,19.1178,19.1703,64813919.0,69.7029,71.2076,68.4589,69.1608,28879384.0,27.6672,27.8042,27.0459,27.4854,19134469.0,15.3989,15.4844,14.7868,15.384,25226032.0,6.38,6.471,6.3035,6.3908,8183933.0,62.7153,63.7444,62.2228,62.8312,8242282.0,114.6324,115.3944,114.0692,114.3509,36832867.0
2024-02-27,19.131,19.3826,18.8019,19.0923,75266596.0,68.7953,69.3591,68.526,69.1817,17339169.0,27.4529,28.0686,27.4071,27.8341,39271206.0,15.4095,15.5582,15.3483,15.4159,33751780.0,6.4149,6.5005,6.3456,6.4079,9549245.0,62.7959,63.4466,61.9498,62.7593,6411163.0,114.0331,115.4745,113.8297,114.8917,37262521.0
2024-02-28,19.2156,19.3047,18.9829,19.0468,76047381.0,69.3238,70.5066,68.9669,70.0474,38524118.0,27.9933,28.2127,27.6177,27.9664,18013774.0,15.3733,15.5857,14.9296,15.3487,31825607.0,6.3967,6.5841,6.3823,6.477,20482072.0,62.4554,62.9254,62.3327,62.5668,8011552.0,115.4457,116.0895,113.6288,115.6075,74533499.0
2024-02-29,19.0566,19.3366,17.9811,18.1908,640000000.0,69.8698,70.213,67.7404,67.9723,179534104.0,28.0073,28.2005,26.47,27.0286,200000000.0,15.3913,15.6219,14.4069,14.6377,360000000.0,6.493,6.6535,6.2258,6.321,56904616.0,62.6224,63.1586,62.4552,62.7539,12050995.0,115.481,116.4857,110.6284,112.3644,598777314.0
2024-03-01,18.1032,18.148,17.5717,17.7957,243435639.0,68.0648,68.5039,66.6033,67.2459,48084551.0,27.1101,27.4881,27.0065,27.0876,12153135.0,14.4453,14.6789,14.4195,14.5523,40776733.0,6.321,6.4209,6.1882,6.3602,10550492.0,62.6596,63.9642,62.1173,63.5547,24606848.0,112.3486,113.5162,111.5063,111.9791,64886071.0
2024-03-04,17.7447,18.5737,17.7031,18.4323,621116878.0,67.5552,69.1589,66.7527,68.5358,80191242.0,27.1279,27.5461,27.0123,27.4487,33613228.0,14.4409,15.2699,14.215,14.9962,131599658.0,6.3287,6.5635,6.1593,6.4932,40648040.0,63.2432,63.828,63.1215,63.7037,7085096.0,111.8099,114.7437,110.7038,114.5469,347126389.0
2024-03-05,18.4702,18.6139,18.2715,18.4758,53638768.0,68.3514,69.2111,67.5461,68.9955,43030475.0,27.504,28.0144,26.9698,27.2881,25426724.0,15.0369,15.4591,14.9666,15.4088,127776986.0,6.4931,6.5493,6.4532,6.4638,14122415.0,63.7303,64.1545,62.958,63.5058,10318770.0,114.5583,116.2249,114.1418,114.8601,54353183.0
2024-03-06,18.5349,18.5845,17.9782,18.3063,134089793.0,68.8668,69.2852,67.9904,68.0973,74627759.0,27.1764,27.3161,26.4359,26.8875,50263746.0,15.2901,15.4909,14.699,14.9698,152767019.0,6.4931,6.685,6.3138,6.3542,38877721.0,63.5289,65.9212,62.787,64.9215,72300785.0,114.5639,115.6205,113.139,113.4221,145062301.0
2024-03-07,18.2245,18.9176,17.9467,18.648,200619678.0,68.3699,70.0489,68.2251,69.8429,105343525.0,26.784,28.2807,26.7073,27.9269,182109147.0,14.9352,15.3502,14.7353,15.0538,36039290.0,6.3544,6.4088,6.2301,6.2871,12905291.0,65.267,65.7602,64.0312,64.189,22136106.0,113.3024,115.1176,112.8753,114.8409,127579356.0
2024-03-08,18.5853,18.7751,18.307,18.5895,46967158.0,70.0377,70.7133,68.6809,69.4185,19637312.0,27.865,27.9271,27.6342,27.8822,26355189.0,15.1539,15.5342,14.9545,15.0018,34247648.0,6.2787,6.4028,6.1356,6.2059,22728840.0,64.3231,64.5897,62.8401,62.9362,96000000.0,114.8909,116.4686,113.8587,114.1969,95892428.0
2024-03-11,18.5458,18.6146,18.3923,18.4501,78195990.0,69.5831,69.8769,67.7234,68.9378,26008975.0,27.941,28.0751,27.1065,27.4003,47638506.0,15.0632,15.2607,14.6348,14.7602,72405442.0,6.2422,6.2607,6.0021,6.0399,43064186.0,62.5588,63.3778,61.9237,63.0541,7891352.0,114.1625,115.4985,111.9734,112.6926,126080448.0
2024-03-12,18.3799,18.6318,18.1758,18.2151,130169801.0,68.8316,69.3384,67.3067,67.4683,87587173.0,27.3344,27.4297,26.7513,26.9558,46486563.0,14.9282,15.071,14.3244,14.356,145524704.0,6.0496,6.0952,6.0219,6.0828,14603975.0,62.9702,63.88,62.6728,63.4931,17814093.0,111.9002,112.7356,110.3948,111.3514,81120428.0
2024-03-13,18.0648,18.1005,17.7731,17.9995,159511646.0,67.0879,68.2999,65.6854,67.243,37056657.0,26.9232,27.2901,26.6372,27.0103,20314351.0,14.3611,14.4336,14.2741,14.3268,25203542.0,6.0485,6.2386,6.0168,6.2129,41836121.0,63.6701,63.9486,63.3999,63.8158,22583259.0,112.1351,114.178,111.2662,111.6442,40065647.0
2024-03-14,17.8243,18.4267,17.6787,18.081,69716241.0,67.0548,68.6893,66.7649,67.9682,33950292.0,27.0023,27.3015,26.736,26.9772,22126214.0,14.3212,14.4992,14.2362,14.3205,33073020.0,6.2056,6.2709,6.0627,6.2544,18822108.0,63.5547,64.1072,63.4041,64.0037,9824211.0,112.1459,112.7628,111.1415,112.2126,103206719.0
2024-03-15,18.0506,18.571,17.8965,18.4752,204747292.0,67.6986,68.4038,67.0675,67.9863,18009476.0,27.1343,27.4216,26.7921,26.8916,17583717.0,14.3212,14.6679,14.101,14.4224,42245509.0,6.2613,6.3441,6.1919,6.2097,21320929.0,63.8794,66.6257,62.6526,66.0263,96000000.0,111.8426,113.7934,110.7654,112.3469,43678380.0
2024-03-18,18.4958,18.5353,18.4032,18.4896,63490949.0,68.1421,68.5731,66.9697,67.7025,19099179.0,26.9581,27.1574,26.5967,26.7121,30057228.0,14.3595,14.5643,14.3122,14.3737,29761764.0,6.2156,6.2735,6.1332,6.2123,7894196.0,66.0266,66.8004,65.3773,65.7845,11020635.0,112.1492,113.7523,110.9915,112.0636,70526455.0
2024-03-19,18.5431,19.0364,18.1627,18.9742,241584125.0,67.7784,70.3243,66.9562,69.9328,178430724.0,26.5527,27.8091,26.3144,27.4527,90806301.0,14.3592,14.721,14.3292,14.55,48585600.0,6.2253,6.4068,6.179,6.3255,39901026.0,65.6971,67.2383,65.4151,66.4573,20390115.0,112.0091,116.8312,111.6556,114.5675,425074359.0
2024-03-20,18.8605,19.4661,18.5966,19.2631,95847246.0,69.7681,72.1866,69.0043,71.7464,85498293.0,27.4707,28.1338,27.0056,27.9651,80705435.0,14.4636,14.7319,14.1302,14.2031,122606866.0,6.3213,6.3637,6.182,6.3016,15345872.0,66.7243,67.5463,66.063,66.4496,6890879.0,114.7836,116.9665,114.1061,116.462,315457052.0
2024-03-21,19.1492,19.2273,19.0728,19.1051,91685048.0,71.6256,71.8154,70.321,70.7614,32748065.0,27.9304,28.1415,27.2974,27.7316,25608504.0,14.282,14.4848,13.9241,14.0166,57580869.0,6.2961,6.3848,6.2803,6.3367,12309423.0,66.4803,66.6304,66.1064,66.2793,8548795.0,116.618,116.8284,114.9238,116.2293,41409313.0
2024-03-22,19.0607,19.3683,18.6443,18.7158,162094727.0,70.894,71.6454,70.5691,70.7571,23245628.0,27.7057,27.802,27.1704,27.3424,41806914.0,14.0656,14.3621,13.5063,13.5851,122886311.0,6.3371,6.4235,6.2394,6.3202,14505775.0,66.2849,66.6347,65.7561,66.3644,6110020.0,115.8679,116.5755,114.0155,114.8774,152457447.0
2024-03-25,18.7161,18.8634,17.99,18.2082,562114680.0,70.6682,71.1211,69.2252,69.5063,83656642.0,27.3424,27.5972,26.8605,27.1458,21345505.0,13.5108,13.839,13.3575,13.4572,35149195.0,6.3408,6.4299,6.2513,6.2712,18073948.0,66.2113,67.6123,66.0364,66.9232,22009525.0,115.6427,117.1289,111.3967,113.4354,191207436.0
2024-03-26,18.2893,18.3336,17.5955,17.7931,224533098.0,69.3474,69.5191,66.7628,67.4807,142943090.0,27.2712,27.3735,26.4066,26.4986,84839483.0,13.415,13.5091,12.9469,13.0913,196985703.0,6.2537,6.3974,6.1959,6.2889,11345703.0,66.7375,67.9418,66.6237,67.7232,17241967.0,113.308,113.7361,110.6972,111.6387,162491788.0
2024-03-27,17.8495,17.9434,17.6,17.7436,63365455.0,68.0084,68.4514,65.632,66.4374,70404352.0,26.4105,26.5972,25.9742,26.3841,15697289.0,13.1155,13.2014,12.9008,13.0617,31280826.0,6.2871,6.4013,5.9693,6.0459,144000000.0,67.7409,67.9994,67.1497,67.3318,13155034.0,112.2114,112.7314,109.7726,110.2098,124394287.0
2024-03-28,17.7149,17.888,17.5655,17.8191,50092918.0,66.2938,66.9517,65.953,66.1154,17196444.0,26.4062,26.6598,26.2269,26.3479,14938849.0,13.0785,13.2335,12.9586,13.0093,27172614.0,6.052,6.1265,5.975,6.0294,8130095.0,67.3182,67.5419,66.5602,66.885,13569527.0,110.0212,110.3706,109.2253,109.9129,51434754.0
2024-03-29,17.8475,18.206,17.375,17.5206,190106106.0,66.2897,66.8235,64.3203,65.6746,26246355.0,26.3793,26.5959,26.0386,26.2829,16514006.0,12.945,13.1182,12.7506,12.7891,66500419.0,6.0161,6.2085,5.9922,6.1391,38344758.0,66.6802,67.1197,66.5669,66.8054,5856926.0,110.2426,110.7054,108.3976,109.9436,47766237.0
2024-04-01,17.4556,17.5018,16.6527,16.7385,640000000.0,65.7762,66.0519,63.5054,63.9518,130362901.0,26.2591,26.5735,25.5775,25.9688,25419745.0,12.7931,12.8777,12.4965,12.6094,48908244.0,6.1507,6.3015,6.0625,6.1054,11958658.0,66.8448,67.4268,65.7049,66.5663,11794430.0,110.0607,111.2336,107.9912,108.6575,117247935.0
2024-04-02,16.744,16.8425,16.3969,16.6241,67862896.0,63.5694,63.7189,63.3886,63.5008,38742079.0,25.9011,26.3843,25.1825,26.053,15078077.0,12.6435,12.8307,12.4505,12.5911,23757696.0,6.1142,6.1629,6.0655,6.147,16357536.0,66.5759,66.8675,65.9927,66.4584,6187984.0,108.3943,110.0216,106.6701,108.4234,68753276.0
2024-04-03,16.6195,17.0272,16.1504,16.3245,147548989.0,63.3313,63.5213,60.2699,62.0222,104155243.0,25.9726,26.0785,24.339,24.836,200000000.0,12.6268,12.6993,12.0208,12.1805,261888308.0,6.0952,6.1697,6.0591,6.0825,19345823.0,66.4068,67.7066,65.8738,67.2173,22987032.0,108.6042,109.0276,105.7559,106.3023,422690331.0
2024-04-04,16.4259,16.6259,16.2643,16.4604,55885094.0,62.2225,63.9811,60.7658,61.0079,66269609.0,24.7933,25.2182,24.5553,24.6808,15925769.0,12.2778,12.3652,11.8047,11.8549,131876340.0,6.0833,6.1251,5.9476,5.964,44856806.0,67.4196,67.7853,66.7234,67.1873,8332050.0,106.3575,107.5765,104.0067,105.5842,83028177.0
2024-04-05,16.4963,17.1722,16.2133,16.6044,74571392.0,60.9764,61.6947,59.9244,61.4172,24365390.0,24.7555,25.0478,24.5638,24.8316,21364347.0,11.8689,11.939,11.6875,11.833,34195111.0,5.9987,6.0278,5.9156,5.9279,20753143.0,67.1852,67.9299,67.0508,67.4187,6128251.0,105.8605,106.9106,104.9453,105.4631,51961966.0
2024-04-08,16.548,17.0999,16.5178,16.8152,118764988.0,61.064,62.3611,60.9365,61.7293,25879928.0,24.7952,25.5966,24.4829,25.2138,53391877.0,11.7639,11.8341,11.4732,11.5082,217197165.0,5.9644,5.9909,5.7323,5.8006,50058695.0,67.3782,67.7015,66.5145,66.9358,20287611.0,105.2315,107.585,104.9795,105.7055,62993582.0
2024-04-09,16.7589,16.8686,16.286,16.3213,226793132.0,61.8253,62.3078,58.786,59.9017,223048375.0,25.2035,25.5235,24.8394,25.2412,13590073.0,11.4505,11.7782,11.3101,11.369,48454925.0,5.8168,5.992,5.7446,5.9143,52606489.0,67.1269,68.0493,66.477,67.665,23708130.0,105.6804,106.4505,103.2028,104.3898,191727959.0
2024-04-10,16.2973,16.748,16.0698,16.2468,77374321.0,59.7645,60.5153,59.0284,60.1257,14606005.0,25.1219,25.423,24.6541,25.3742,20010429.0,11.4367,11.5254,11.258,11.3129,24468029.0,5.9451,6.0121,5.7256,5.7742,44296973.0,67.6393,70.1204,67.482,69.9221,96000000.0,104.6294,105.8292,103.2056,103.6942,94685455.0
2024-04-11,16.1351,16.2973,16.0779,16.2678,44828858.0,60.2289,61.0645,59.3995,60.0923,22817419.0,25.325,25.4231,25.2085,25.2801,24084950.0,11.3993,11.5802,11.0285,11.3028,29116959.0,5.7706,5.8899,5.7441,5.8792,52907329.0,69.8514,70.5799,69.2658,69.8588,5196146.0,103.1583,104.2529,102.8902,103.5836,39834885.0
2024-04-12,16.2513,16.3381,16.1372,16.2566,48923930.0,60.7316,61.7942,59.4703,59.8144,22239967.0,25.3038,25.9175,25.2066,25.5967,42060599.0,11.301,11.6188,11.1905,11.4837,55118469.0,5.8929,5.9461,5.8446,5.8878,8542270.0,69.6531,70.855,68.2625,68.9542,31793804.0,103.2452,104.449,102.9211,103.6217,28349375.0
2024-04-15,16.2463,16.3705,16.1176,16.2961,29624006.0,59.9045,60.5095,59.7068,60.1619,18014340.0,25.4226,25.7448,25.2996,25.5267,20580229.0,11.5044,11.6361,11.4274,11.4508,29634972.0,5.8918,5.9328,5.7375,5.8374,13560127.0,68.9647,69.5843,68.3625,68.9625,6722062.0,103.6336,104.6485,102.2166,103.0248,78940073.0
2024-04-16,16.3296,16.409,15.5745,16.0171,150347683.0,60.3071,60.4312,58.5424,59.1225,58114403.0,25.6361,25.7459,25.2907,25.4898,15715521.0,11.4558,11.5593,11.0921,11.2038,102865419.0,5.8534,5.8681,5.7562,5.8168,11956202.0,69.1247,69.9166,68.6719,69.2999,13500526.0,103.0774,105.3662,101.9422,102.2654,123029030.0
2024-04-17,16.0604,16.8609,15.9262,16.4132,178260516.0,59.0634,60.3984,58.6027,60.1016,79463301.0,25.428,25.938,25.29,25.7758,27494860.0,11.188,11.5009,11.1045,11.2966,66360477.0,5.8609,5.8759,5.7819,5.8357,11220013.0,69.2272,69.3419,68.115,68.8062,13719865.0,102.2377,104.6337,101.6113,103.5428,213565067.0
2024-04-18,16.4204,16.7456,16.1042,16.5711,77126555.0,59.8373,61.5218,59.4446,60.9027,40025621.0,25.9626,26.6754,25.7251,26.3763,81855637.0,11.2173,11.8338,10.9988,11.7281,289267200.0,5.8597,5.9025,5.7436,5.8743,10776569.0,68.5761,70.5875,68.3479,69.3211,12537071.0,103.7774,105.4138,102.7755,104.7218,147732435.0
2024-04-19,16.4524,16.5331,16.2439,16.3999,60132060.0,61.1487,62.8735,59.8613,62.5798,140609195.0,26.4217,27.2975,25.8977,27.2253,192631668.0,11.7546,12.1063,11.4572,12.061,130276121.0,5.866,5.9372,5.8354,5.8687,7992998.0,69.4979,69.6926,67.896,68.0906,60077451.0,104.6921,106.936,104.3349,106.6622,256345430.0
2024-04-22,16.3119,16.896,16.134,16.8345,208688904.0,62.4307,64.1599,60.6676,63.6522,40148292.0,27.0215,28.3261,26.7655,27.9437,145335581.0,12.163,12.6806,12.0409,12.4598,227895623.0,5.9068,5.9815,5.7939,5.8977,5775040.0,68.2711,69.7146,68.0189,69.5939,76748092.0,106.9719,108.5934,106.4284,107.5919,129870498.0
2024-04-23,16.7896,16.8674,16.3287,16.5109,157830623.0,63.5948,64.1725,61.804,62.2753,55208410.0,27.9755,28.2355,26.766,27.2405,162029673.0,12.4698,12.6953,12.1734,12.2386,94457375.0,5.9037,5.9268,5.7878,5.8732,9561580.0,69.6966,70.4377,69.0028,70.1566,19485058.0,107.6906,108.2956,105.2018,106.1437,131250356.0
2024-04-24,16.5585,16.662,16.028,16.2716,110752641.0,62.7166,63.4221,60.0183,60.9324,66227954.0,27.2051,27.7597,26.8679,26.9342,46053047.0,12.2211,12.4693,11.8811,11.9499,151940190.0,5.8889,5.9244,5.6411,5.6953,79778346.0,70.1735,71.3269,69.8121,71.0971,24845758.0,105.8079,107.0472,104.1225,104.6116,164341747.0
2024-04-25,16.3161,16.8367,15.9138,16.7609,411029645.0,60.8515,62.7071,59.7908,62.316,117351792.0,26.9662,27.8119,26.7614,27.6799,102587755.0,11.9256,12.5595,11.8313,12.458,275823023.0,5.6898,5.7178,5.672,5.697,14666387.0,71.1724,72.2153,70.2991,71.4928,15550821.0,104.6596,107.1762,103.7524,106.5374,198369093.0
2024-04-26,16.7425,17.3311,16.6605,17.07,95428409.0,62.6149,63.5447,62.0591,63.2478,50372047.0,27.8638,28.5613,27.4438,28.4349,72954057.0,12.4872,12.8953,12.3819,12.732,135772856.0,5.7143,5.7967,5.5794,5.6067,38080098.0,71.214,72.715,70.3392,72.2765,35005773.0,106.5137,107.4502,106.2615,107.219,103731908.0
2024-04-29,17.2486,17.5966,17.1717,17.4892,225826594.0,63.3443,65.1141,62.994,64.2661,73196331.0,28.5171,29.4252,28.119,29.2445,124766397.0,12.8014,13.4251,12.5688,13.1861,360000000.0,5.6159,5.7072,5.5241,5.6906,31816758.0,72.1706,72.5625,71.9556,72.2739,6344405.0,107.0152,109.9875,105.3499,109.2161,192786795.0
2024-04-30,17.6101,17.6675,16.6984,16.9154,414440827.0,64.1263,66.1605,62.4001,62.9657,104412048.0,29.2175,29.3474,27.981,28.3196,190139167.0,13.2193,13.4839,12.6175,12.8625,164244042.0,5.7171,5.733,5.4962,5.5262,144000000.0,72.397,72.88,71.4444,71.9424,15950873.0,108.7474,108.9197,106.6691,107.295,298185035.0
2024-05-01,17.0081,17.3251,16.6947,17.2748,163665566.0,63.0504,64.5976,62.4357,63.8981,41753099.0,28.1581,29.7057,27.8692,28.7794,23584608.0,12.7494,13.1861,12.6288,13.0344,82468237.0,5.5148,5.6204,5.5015,5.6104,19118837.0,72.0037,72.4172,69.9622,71.2315,25935453.0,106.9367,109.7691,106.7345,109.0168,396937555.0
2024-05-02,17.3282,17.3941,16.9505,17.235,40874855.0,63.7182,64.0483,63.2243,63.5635,36345429.0,28.8824,29.0616,28.4053,28.6941,11781710.0,13.1422,13.1937,12.8072,12.8933,44216558.0,5.6323,5.6684,5.576,5.6278,12189371.0,71.3936,71.5176,70.019,70.9269,11930681.0,108.7551,109.4632,108.1472,108.8735,52304254.0
2024-05-03,17.2699,17.8415,17.2408,17.6467,288210765.0,63.7903,64.2928,63.1385,64.1369,28487471.0,28.7541,29.314,28.4108,29.0026,26795662.0,12.9442,13.3535,12.8977,13.1325,121015058.0,5.5719,5.6713,5.4605,5.6251,17026847.0,71.2016,71.7454,70.8415,71.0367,7890861.0,109.2007,110.3025,108.8633,109.9912,95220468.0
2024-05-06,17.6767,18.096,17.4815,18.026,311307924.0,64.4526,65.6427,63.3744,64.6905,40696160.0,29.1405,29.4494,28.9584,29.0409,12468064.0,13.1213,13.2806,12.8001,13.2037,30917787.0,5.6109,5.7021,5.3789,5.4228,127282776.0,70.816,71.4761,70.0778,71.3114,9099654.0,109.89,110.507,109.4419,109.7864,45162969.0
2024-05-07,17.8831,18.9999,17.787,18.8239,544595633.0,64.703,68.7931,63.7431,67.5442,240000000.0,29.0239,31.1421,28.959,30.097,125683811.0,13.1707,13.9353,12.9644,13.8833,360000000.0,5.393,5.4707,5.3332,5.3723,15953491.0,71.3983,72.8944,71.001,72.5566,69787417.0,110.1674,113.6622,109.9675,112.3146,314066212.0
2024-05-08,18.7368,18.8716,18.3337,18.8245,34928310.0,67.9021,68.526,65.5226,66.2965,69276368.0,30.1334,30.6241,29.6838,29.9692,20606872.0,13.854,13.9744,13.3634,13.5748,91614605.0,5.3797,5.3903,5.34,5.3646,13449549.0,72.5094,73.4788,71.885,72.2727,13472753.0,111.9896,113.6322,108.6555,111.1845,95967775.0
2024-05-09,18.8061,18.9257,18.4859,18.5994,77420813.0,66.3383,66.6023,64.6274,65.9634,24573636.0,29.939,30.1102,29.3245,29.3927,77654789.0,13.6302,13.7586,13.1402,13.3022,77436787.0,5.3858,5.4023,5.3741,5.3917,12432826.0,72.1915,75.2105,71.6698,74.3155,96000000.0,110.9622,112.7882,109.6917,110.2846,81358269.0
2024-05-10,18.6099,18.6991,18.2499,18.3405,106212887.0,66.2013,66.4519,63.6887,65.141,46401647.0,29.4032,29.6963,28.3954,29.0945,27633390.0,13.1786,13.3006,12.9623,13.089,68810706.0,5.3915,5.4572,5.3346,5.436,24649279.0,74.7798,75.2855,74.4241,74.6483,11539106.0,110.1089,111.3277,108.1193,109.7137,57884009.0
2024-05-13,18.3304,18.495,18.0262,18.2785,75671854.0,65.9023,66.109,65.6914,65.9409,42950154.0,28.9146,29.5285,28.844,29.2011,11846677.0,13.1208,13.1483,12.8807,13.0055,27786515.0,5.4663,5.6885,5.4341,5.6198,138925832.0,74.3535,74.6165,72.4268,73.3032,46821145.0,109.6231,111.4211,108.2404,110.5226,92680651.0
2024-05-14,18.3005,18.5587,18.0574,18.1165,91786308.0,66.5866,68.0158,65.5114,67.3291,73049972.0,29.2392,30.4732,29.0568,29.9981,103876764.0,13.0227,13.5348,12.9096,13.4402,167774498.0,5.602,5.625,5.5404,5.6011,12019661.0,73.2696,75.4248,72.5933,74.9289,96000000.0,110.5979,112.8935,110.0788,111.5508,54722807.0
2024-05-15,17.9493,18.672,17.3013,18.4714,158094504.0,67.2807,68.8953,66.8878,68.3826,47716989.0,30.0451,30.8194,29.733,30.4085,28133790.0,13.4571,13.7753,13.3787,13.6076,42500378.0,5.5691,5.7725,5.5296,5.6169,15502273.0,74.8843,75.6329,74.3981,75.1616,11489088.0,111.7492,113.0276,111.1101,112.7684,95178509.0
2024-05-16,18.5126,18.8814,18.4207,18.501,49169119.0,68.4617,69.9371,68.2074,69.593,56975095.0,30.3458,30.7805,29.6561,29.7683,50694038.0,13.533,13.5934,12.9241,13.0253,360000000.0,5.6335,5.6925,5.5705,5.6801,21152556.0,75.1707,76.3536,74.2498,76.0469,17959639.0,113.1706,114.8031,112.0592,113.1238,66284705.0
2024-05-17,18.5061,18.6443,18.2091,18.6091,60261385.0,69.3048,70.867,69.1656,70.6333,69155073.0,29.8423,30.7724,29.7488,30.5251,109752062.0,12.9208,13.2177,12.742,13.1801,78406528.0,5.7074,5.8263,5.6744,5.725,18173756.0,75.6699,77.4492,75.2342,77.1018,33258106.0,112.4208,116.1801,111.9846,113.5875,107250425.0
2024-05-20,18.5938,18.8054,18.1011,18.4238,104353991.0,70.8558,71.5512,70.0151,71.2883,22364439.0,30.6343,31.2779,30.5252,30.9311,48768763.0,13.3206,13.3693,13.2767,13.336,98456044.0,5.7274,5.8293,5.6208,5.6814,20015749.0,76.9115,77.1396,72.1134,73.3154,96000000.0,114.2411,115.3833,113.2794,113.7659,54125520.0
2024-05-21,18.4993,19.2928,18.1283,18.9747,404088268.0,71.3977,73.3799,70.2194,72.2825,41774373.0,31.109,31.8683,30.6169,31.4741,45671798.0,13.3443,13.4875,13.1256,13.4607,43874649.0,5.7239,5.9035,5.6814,5.8019,41738887.0,73.3245,73.6478,72.4171,72.6219,20890593.0,113.4243,116.163,112.4848,115.4946,164659117.0
2024-05-22,18.8874,19.2511,18.1955,18.4594,331290097.0,72.0626,73.096,69.3063,69.8259,211542399.0,31.3429,31.5237,30.5933,30.6704,109596580.0,13.5844,13.9539,12.773,12.8644,360000000.0,5.814,5.9498,5.6032,5.9201,63144567.0,72.3671,72.625,68.8752,69.0971,96000000.0,115.5274,116.3261,112.7418,113.3921,355740291.0
2024-05-23,18.4401,18.679,18.1478,18.5047,29959499.0,70.1529,71.6618,69.3344,69.7216,17427631.0,30.7546,31.023,29.724,30.3255,24020058.0,12.9194,13.0299,12.6147,12.6701,78701869.0,5.9298,5.944,5.8,5.8247,33065558.0,69.2633,69.5988,68.1953,69.0176,5097333.0,113.7013,114.0131,112.9466,113.2602,61193009.0
2024-05-24,18.528,18.6513,18.2122,18.5703,56022345.0,69.6487,71.9604,69.1953,70.8004,57130175.0,30.4921,31.1398,30.242,30.7657,45024508.0,12.6769,13.1281,12.4459,12.9925,88503070.0,5.8144,5.8332,5.4947,5.5973,144000000.0,69.1185,69.4017,68.0033,68.7891,13716633.0,113.4666,114.3281,112.5133,113.8873,61176522.0
2024-05-27,18.5005,18.6136,18.03,18.4237,71848605.0,70.6553,72.3883,69.2089,71.7783,33427942.0,30.7216,31.6885,30.6742,31.3943,54858038.0,13.0068,13.109,12.9393,13.0498,25570440.0,5.5675,5.6632,5.4239,5.5567,12121074.0,68.5145,69.228,67.4208,68.107,17297340.0,114.2496,117.0709,113.2931,116.5108,369720471.0
2024-05-28,18.2616,18.634,17.9497,18.0664,213160300.0,71.8913,72.0733,70.8379,71.2078,39079480.0,31.5742,31.6298,30.5032,30.6171,61824436.0,13.1166,13.2222,12.8711,12.9348,29058512.0,5.5506,5.6054,5.5217,5.5704,10069929.0,68.0674,68.7206,67.0007,67.275,16649008.0,116.8475,118.9799,114.4355,116.0258,95790545.0
2024-05-29,17.9748,18.5707,17.7317,18.2702,99987801.0,71.0775,73.648,70.7578,72.3553,69486890.0,30.5262,30.7957,30.0874,30.7373,14576146.0,13.0079,13.2221,12.6126,13.1702,95693928.0,5.6066,5.7323,5.5904,5.6887,47983724.0,67.3387,67.746,66.617,67.0655,10343051.0,116.163,118.7957,115.5025,117.9574,180346919.0
2024-05-30,18.265,18.3868,18.0718,18.324,61621012.0,72.3463,73.5983,71.4642,73.4133,58898128.0,30.7461,31.4987,30.607,31.0951,35491762.0,13.1999,13.7203,13.1718,13.401,59993292.0,5.6931,5.7437,5.5283,5.5588,66656663.0,66.8334,67.6605,66.6801,67.2718,9199963.0,118.2085,118.5797,117.614,118.1241,74083196.0
2024-05-31,18.3039,18.4613,17.7555,18.0915,92477526.0,73.9197,74.5293,73.4509,74.172,34219240.0,30.876,31.8586,30.5685,31.0733,9975916.0,13.4704,13.5005,13.2294,13.2509,64873993.0,5.5499,5.6367,5.4448,5.5148,25186444.0,67.005,67.242,66.382,66.5586,23971880.0,117.7104,118.5491,117.0603,118.3689,58975317.0
2024-06-03,18.09,18.8323,17.8276,17.9095,110473817.0,73.9927,74.6639,73.5361,74.1281,14320655.0,30.8366,31.3664,30.4688,31.0409,13801664.0,13.3224,13.4785,13.1449,13.1797,30977048.0,5.4944,5.6014,5.4664,5.5477,11720491.0,66.3982,66.8622,65.3587,65.9352,23006113.0,118.1309,119.8867,117.9446,119.1572,114551634.0
2024-06-04,17.8575,18.5744,17.7668,18.2471,212948415.0,74.3255,75.6823,73.0852,74.9604,35540122.0,30.8441,31.5157,30.0907,31.153,23336836.0,13.2002,13.658,12.8855,13.2975,43491024.0,5.56,5.6359,5.491,5.5454,8286728.0,66.3832,67.9238,66.1563,67.059,56514059.0,118.8287,119.8589,118.3979,119.4633,69573927.0
2024-06-05,18.1418,18.7468,18.0142,18.3301,39803487.0,74.7884,76.8284,73.3752,73.7286,59086407.0,31.3345,31.5803,30.9978,31.2206,14217872.0,13.2596,13.4491,13.1821,13.3223,26637026.0,5.5199,5.573,5.4663,5.5404,7758897.0,67.2442,67.7874,66.8479,67.6048,15138913.0,118.6633,121.0899,117.3066,119.7741,70389028.0
2024-06-06,18.3411,18.8405,18.2312,18.5059,60799839.0,73.4466,74.4456,70.7954,71.941,126213670.0,31.1216,31.4352,30.6673,31.025,14790852.0,13.3536,13.4203,12.8297,12.9306,172292639.0,5.5485,5.6624,5.5056,5.5853,20194747.0,67.5012,68.7228,66.7778,68.6072,46540458.0,119.4557,119.6999,118.2148,118.5016,95736921.0
2024-06-07,18.4923,18.9184,18.1109,18.4605,62794195.0,71.9179,73.3971,70.8531,71.4232,27974557.0,30.927,31.4948,30.6702,31.2935,24070561.0,12.885,13.0691,12.7172,12.9331,22121067.0,5.5748,5.7698,5.5088,5.7274,88559927.0,68.3775,69.334,68.0749,68.833,5881938.0,118.1545,119.1792,116.193,118.9088,70916428.0
2024-06-10,18.5125,18.8255,18.4567,18.5227,52862318.0,72.182,72.7888,72.0607,72.2448,43071327.0,31.3459,31.6734,30.8612,30.9506,36435356.0,12.9098,13.0707,12.6686,12.9723,38818264.0,5.7212,5.7519,5.6989,5.7247,9828317.0,68.69,69.857,68.2287,69.346,15569935.0,118.5953,119.2097,118.3959,119.0237,62617580.0
2024-06-11,18.4617,18.7139,18.1319,18.2257,170506183.0,72.4675,73.3081,71.2954,71.5202,31843904.0,30.8566,30.9261,30.2309,30.3013,46901653.0,12.9967,13.0787,12.318,12.487,266614089.0,5.7397,5.8318,5.7005,5.7492,13717067.0,69.6125,70.4393,69.3054,69.9996,26685841.0,119.2491,120.1663,116.2994,117.7405,122065212.0
2024-06-12,18.064,18.915,17.8779,18.6897,257986991.0,71.6504,73.3327,71.5236,72.2804,39585446.0,30.4511,30.764,29.8795,30.2539,20702662.0,12.4823,12.8967,12.4438,12.6016,48314115.0,5.7269,5.8302,5.5906,5.7518,10550714.0,70.3593,70.5999,68.6933,69.2845,24021836.0,117.485,119.8869,116.182,118.663,57190838.0
2024-06-13,18.4763,19.109,18.1858,18.5292,93902331.0,72.1313,73.1807,69.9464,70.5496,98074221.0,30.4856,30.7125,29.5506,29.6715,68986364.0,12.6802,12.7932,11.9999,12.2037,194642791.0,5.7519,5.7712,5.6754,5.7353,10841715.0,69.1429,70.0502,68.6906,69.0754,9556321.0,118.9475,119.8621,117.08,117.3771,93959924.0
2024-06-14,18.4964,19.1444,17.9613,19.102,289099115.0,70.4428,72.9271,69.6628,72.5625,150175699.0,29.4028,29.5757,28.499,28.5626,200000000.0,12.1657,12.7767,11.9452,12.6974,237726268.0,5.6996,5.9813,5.5919,5.9315,85584986.0,69.1296,70.2269,68.4367,68.7355,10873006.0,116.8567,122.3476,116.4943,120.4546,429369633.0
2024-06-17,19.1128,19.3593,18.7297,18.9579,80003531.0,72.1399,73.5142,69.8293,70.8527,65128027.0,28.6235,28.842,27.3891,27.9345,80830992.0,12.5703,12.7893,12.2273,12.7225,39245695.0,5.9288,6.0273,5.7048,5.7645,104341082.0,68.6901,69.4283,68.4845,68.9653,10688993.0,120.2317,121.7384,117.5387,118.7004,176681132.0
2024-06-18,18.9385,19.005,18.7569,18.8278,76427245.0,71.3553,72.1026,69.9175,70.2483,35722613.0,27.6998,27.8736,27.473,27.78,21265698.0,12.8015,12.8442,12.5279,12.5475,50563011.0,5.7763,5.8487,5.5693,5.6216,64578734.0,69.1864,69.497,68.8166,69.2748,10463665.0,118.5691,119.3682,117.2511,117.8212,63709211.0
2024-06-19,18.7809,19.6248,18.667,19.1601,121535169.0,70.3227,70.6948,69.8401,70.5262,25457387.0,27.6257,27.7022,27.3809,27.6295,22203798.0,12.5504,12.7821,12.4836,12.5565,31624793.0,5.6399,5.8839,5.5998,5.7759,62582990.0,69.0842,69.9072,68.5982,69.5791,12980413.0,118.2181,119.2309,116.8895,118.8582,88931952.0
2024-06-20,19.0262,19.8773,18.4984,19.5053,190031881.0,70.5767,73.2379,69.8641,71.7357,68661035.0,27.6836,28.2167,26.6898,28.0651,43935190.0,12.5621,12.9566,12.4398,12.865,138420824.0,5.8028,5.8823,5.747,5.7632,24612144.0,69.751,70.1213,68.2151,68.4422,41123968.0,118.8789,124.3741,117.8526,123.5478,600000000.0
2024-06-21,19.3435,20.1008,19.2054,19.9789,139825500.0,71.7933,72.356,71.5987,72.1013,18946743.0,27.9569,29.1964,27.8513,28.596,67534683.0,12.8172,13.4131,12.7313,13.3111,147916305.0,5.7787,5.8314,5.6938,5.8011,15969975.0,68.2114,68.5491,67.5127,67.6375,39423530.0,123.65,126.9839,123.3153,125.2005,207364491.0
2024-06-24,20.0113,20.0692,19.5882,19.8286,77298896.0,72.6971,72.8907,70.6936,71.3257,31429872.0,28.6266,28.9075,28.3348,28.5063,23860414.0,13.1932,13.6632,12.6537,12.96,128920702.0,5.7915,5.9244,5.6368,5.6532,42745387.0,67.7992,68.1201,67.2203,67.8315,10619391.0,124.8116,127.0369,123.1951,123.734,167134219.0
2024-06-25,19.8087,20.4257,19.5106,19.9923,55572400.0,71.4099,74.3919,71.1978,73.1828,93931184.0,28.5099,29.6516,28.2736,28.9937,38698219.0,12.91,13.4614,12.7612,13.2902,141023827.0,5.6114,5.6668,5.4631,5.5978,23929022.0,67.6863,68.5395,67.3153,68.1986,19699177.0,124.033,126.6942,123.5459,124.8536,141766794.0
2024-06-26,19.9603,20.1705,19.9005,20.0608,42908515.0,73.1273,73.9565,72.5642,73.3162,20542083.0,28.7987,29.4591,28.7283,29.3713,29710804.0,13.326,13.5216,12.7501,13.1556,43841984.0,5.6206,5.6754,5.3825,5.4113,74654615.0,68.1445,68.7154,67.2594,68.093,7187992.0,124.8327,126.446,123.0664,124.4844,40834110.0
2024-06-27,19.9248,20.2218,19.8524,20.1582,78113322.0,73.8373,75.1899,73.1943,74.5542,69527847.0,29.4505,30.0486,29.2694,29.8094,36806545.0,13.1431,13.5088,13.0601,13.2339,34866582.0,5.3997,5.4629,5.2178,5.2386,119485543.0,67.9823,69.0632,67.6464,67.9161,12191325.0,123.8672,125.6193,123.0135,125.0499,52535386.0
2024-06-28,20.0725,20.182,19.6831,20.0625,46089649.0,74.5162,75.2166,74.1094,74.3886,16387531.0,29.8459,29.9796,29.0845,29.8687,13629951.0,13.2131,13.4449,12.5062,12.674,360000000.0,5.2076,5.3313,5.1521,5.2787,19290004.0,68.2525,69.9642,67.795,69.0422,34007991.0,125.2985,125.5738,122.6744,124.6696,58306197.0
2024-07-01,20.0665,20.3443,19.5041,19.7095,110438004.0,73.8948,74.074,73.2553,73.5073,56725315.0,29.8734,30.2827,28.5803,28.8551,200000000.0,12.5727,12.8099,12.4097,12.4699,63033969.0,5.3193,5.3293,5.1704,5.2739,14911144.0,69.2154,71.1783,68.4806,70.4725,90610944.0,124.7727,127.0025,122.618,122.9097,156841894.0
2024-07-02,19.7342,20.1104,19.5132,19.8949,95986103.0,73.0667,75.0278,72.8258,73.3578,26625864.0,28.7787,29.2426,28.0482,28.8069,10659281.0,12.5771,12.8044,12.1523,12.2532,82192039.0,5.2726,5.3409,5.2333,5.2626,9003755.0,70.3995,70.5704,69.626,70.2705,9003430.0,122.7899,123.6809,121.6565,122.8243,40370742.0
2024-07-03,19.8805,19.9738,19.5265,19.7198,60687172.0,73.3025,74.7579,71.7675,73.0368,23804400.0,28.8529,29.1763,28.1315,28.5707,28729090.0,12.2498,12.5104,12.0136,12.1232,49139589.0,5.2731,5.3042,5.1139,5.2505,10859656.0,70.1247,70.9027,69.579,70.4325,8924856.0,122.7042,123.0278,122.0421,122.396,69572306.0
2024-07-04,19.8401,20.1091,19.6028,19.7204,56753741.0,73.1207,74.6979,72.581,72.8211,22630760.0,28.4197,28.6575,28.0754,28.4798,24507820.0,12.2581,12.3126,11.9085,11.9916,47023478.0,5.2554,5.288,5.1084,5.2154,15875776.0,70.6661,72.6352,69.9705,71.8912,90716072.0,122.0252,123.2633,119.5136,121.5009,113317678.0
2024-07-05,19.6705,19.7835,19.3753,19.6662,62218428.0,73.0571,73.464,70.6575,72.4422,16099037.0,28.3625,28.6089,28.1257,28.3126,18277502.0,12.0124,12.0667,11.6056,11.8868,33820722.0,5.2151,5.3237,5.1323,5.2264,14313116.0,71.2782,71.5278,70.5032,70.7946,49443975.0,121.9006,123.3334,120.4867,121.5673,49870233.0
2024-07-08,19.7781,20.2001,19.4143,19.9298,89445429.0,72.1808,72.4627,71.3001,72.199,18638161.0,28.3498,28.428,26.9929,27.7227,92703464.0,11.9743,12.1606,11.4909,11.6907,78592230.0,5.2181,5.2276,5.1316,5.2089,14086598.0,70.8801,72.7626,70.4525,72.6365,96000000.0,121.8181,123.2846,120.0555,120.9944,90444735.0
2024-07-09,19.9489,20.2442,18.8399,19.3462,423821677.0,72.135,72.4536,70.1468,70.3163,90146279.0,27.8399,28.165,26.8418,27.0922,98874709.0,11.6512,11.8495,11.3653,11.4301,56607238.0,5.1964,5.2745,4.9942,5.049,110380221.0,72.4611,73.6052,72.2337,72.98,12611727.0,120.6319,122.3387,117.075,118.1487,262633937.0
2024-07-10,19.3554,19.7339,18.8312,19.0142,87792824.0,70.0925,70.5321,68.7699,69.7406,24535845.0,27.0393,27.2074,26.8108,27.0578,13799243.0,11.3486,11.5469,11.2908,11.4529,29927203.0,5.0952,5.1631,5.0521,5.0678,17593342.0,73.3957,73.5206,72.2981,72.7635,10740744.0,118.1656,118.563,117.4025,117.8977,85331875.0
2024-07-11,19.0925,19.5384,19.0332,19.1594,82924347.0,70.0471,71.3637,69.5571,70.9744,71242998.0,27.1085,27.2423,26.7884,27.0532,17049797.0,11.4428,11.5865,11.3118,11.4382,26899986.0,5.0376,5.1534,5.0114,5.082,11475800.0,73.2659,75.0707,72.9927,74.4533,95834322.0,117.6609,119.5827,117.0505,118.1348,62449597.0
2024-07-12,19.1068,19.4175,18.0676,18.1783,640000000.0,71.3337,71.9601,69.8335,70.0032,56830266.0,27.0759,27.2008,26.4939,26.6606,32563920.0,11.4685,11.6522,11.4165,11.596,48108916.0,5.073,5.097,5.0103,5.0289,30731718.0,74.459,76.1373,73.8407,75.2594,20206839.0,117.7085,119.5861,116.1463,117.1137,94358943.0
2024-07-15,18.1519,18.5219,18.0867,18.3017,61040475.0,70.545,71.603,70.1672,70.9507,55983440.0,26.7059,27.2883,26.0788,26.7459,13165655.0,11.6327,11.7454,11.4046,11.601,17940698.0,5.0107,5.2289,4.9211,5.17,73285045.0,75.1901,76.0384,74.5081,75.8613,17724738.0,117.6313,119.3611,116.7789,118.3543,86784186.0
2024-07-16,18.2032,18.7144,17.9818,18.5977,116628571.0,71.049,72.6576,70.7601,72.1093,60090105.0,26.6703,27.875,26.5514,27.6828,152248898.0,11.6227,12.0926,11.5476,11.8589,110752403.0,5.1809,5.2919,5.1421,5.2512,38750999.0,75.8743,76.0499,74.1039,74.4899,33805555.0,118.2356,121.7652,116.8038,120.1723,197723511.0
2024-07-17,18.6746,18.8551,18.2103,18.2473,220620457.0,72.6408,73.5457,66.3064,67.307,240000000.0,27.6659,28.3003,26.5828,26.821,195110976.0,11.988,12.0937,11.5781,11.6346,78084902.0,5.2423,5.2586,4.9638,4.9834,144000000.0,74.3733,74.7883,74.015,74.3299,9446766.0,119.8861,120.2991,116.9889,117.9502,243104966.0
2024-07-18,18.2743,18.8595,17.9712,18.7389,236385820.0,67.1237,69.7797,66.2628,68.8455,61930383.0,26.8169,27.2841,26.5005,27.1246,27907807.0,11.6561,12.1893,11.3495,12.0155,197715992.0,4.9732,5.0478,4.9587,5.0265,21557797.0,74.1812,74.8587,73.7966,74.0622,12576753.0,117.5529,119.9803,117.3535,119.5259,226936529.0
2024-07-19,18.8299,19.163,18.3174,18.4544,121933213.0,68.9041,71.2529,67.002,67.6055,47647311.0,27.2916,27.6724,26.2835,26.7658,36779817.0,11.9979,12.0925,11.689,11.8408,39533365.0,5.0397,5.1566,5.0065,5.1126,45799043.0,74.106,74.7189,73.9032,74.5176,15953222.0,119.4441,119.6591,111.7684,113.1783,600000000.0
2024-07-22,18.471,18.8606,18.2863,18.5801,62462575.0,67.3237,67.718,66.1087,66.9401,33199316.0,26.645,26.9388,26.1289,26.4247,27316831.0,11.8277,11.9551,11.5732,11.6487,78585405.0,5.1533,5.1861,4.9979,5.0553,17210043.0,74.6348,74.918,73.5216,73.6329,23428850.0,112.5001,112.8564,112.2237,112.5743,61708140.0
2024-07-23,18.6707,18.7914,18.0432,18.1627,161162677.0,67.0914,67.7335,65.8862,66.2186,43653961.0,26.2733,27.0109,25.9549,26.716,38048433.0,11.6045,11.8609,11.2955,11.3873,132039785.0,5.0382,5.079,4.9758,5.003,26793859.0,73.6576,73.9608,71.2371,72.0564,51959338.0,112.5257,113.0215,110.9971,111.6793,67498453.0
2024-07-24,18.1029,18.7019,17.6944,18.4094,84997817.0,66.2929,67.7994,64.8776,67.3681,54637257.0,27.0462,27.3119,26.7743,27.0914,46950237.0,11.403,11.7827,11.257,11.6812,119947821.0,4.9714,5.273,4.8707,5.2281,144000000.0,72.1091,73.156,71.34,72.9711,34840164.0,112.0633,113.8101,111.8193,113.4607,206495844.0
2024-07-25,18.4898,18.7659,17.7454,17.983,233601904.0,66.7204,66.928,65.5167,66.0831,50828974.0,27.1257,27.3698,26.2771,26.3772,81484263.0,11.7411,11.9176,11.4419,11.4863,57450922.0,5.2294,5.3015,5.0561,5.0875,121230016.0,72.8549,73.7263,72.6982,73.3109,9401208.0,113.7593,114.9153,110.3347,111.5945,305972690.0
2024-07-26,17.9515,18.0558,17.899,17.9899,44768668.0,66.3724,67.4953,64.6227,65.4952,27360368.0,26.4365,27.1114,25.9347,26.5886,13800413.0,11.563,11.6679,10.9236,11.2161,124794082.0,5.1049,5.1266,5.0195,5.0559,14601242.0,73.1386,76.1397,72.2647,75.5146,96000000.0,111.7471,112.7129,110.7358,111.0634,78165493.0
2024-07-29,17.9901,18.1154,17.5668,18.0863,76413932.0,65.7162,66.7893,64.524,66.1933,29244571.0,26.6587,26.917,26.1393,26.7726,20769612.0,11.2004,11.4582,10.9887,11.254,28489835.0,5.0514,5.1078,4.9584,5.0348,14441888.0,75.3352,76.0429,74.7446,75.0233,18156905.0,111.8232,112.9568,111.0995,111.7609,56215402.0
2024-07-30,18.1445,18.4924,17.7986,17.9199,77511817.0,66.0487,67.4271,65.2333,66.4118,13752264.0,26.8573,27.191,26.6526,26.7521,16207330.0,11.2512,11.3827,10.9054,11.1698,49362962.0,5.0478,5.1101,4.9747,5.0705,15959772.0,75.1694,75.7067,73.8247,74.5799,9505628.0,111.8421,112.6897,110.8606,111.934,42516875.0
2024-07-31,18.1048,18.3516,17.9641,18.0261,62289771.0,66.4854,66.6238,65.6305,66.3065,32403281.0,26.8508,27.098,26.6504,26.9323,22362448.0,11.136,11.3091,11.0081,11.2755,45150041.0,5.0592,5.2327,5.0228,5.1664,45962417.0,74.5948,75.7419,73.9833,75.1707,16143054.0,111.6452,113.9365,110.7645,112.6072,99198305.0
2024-08-01,18.0914,18.3726,17.5834,17.7093,177622255.0,65.9177,68.3755,65.3358,67.2615,66618926.0,27.0181,27.3037,26.3324,26.5959,35155249.0,11.3272,11.6731,11.2092,11.377,25524642.0,5.2172,5.253,5.166,5.1821,7148555.0,75.2089,75.4689,73.7725,74.4839,30631002.0,112.874,114.2843,111.2975,112.7111,43908384.0
2024-08-02,17.7809,18.3346,17.5746,17.723,42157409.0,67.0578,68.7794,66.7075,68.263,30987341.0,26.719,27.0049,26.3433,26.6109,15602092.0,11.3108,11.633,11.1229,11.414,16878683.0,5.1951,5.2902,4.9528,5.0061,87307145.0,74.548,76.1498,74.3274,75.8136,45822204.0,112.7541,113.7157,111.4708,112.0705,74273681.0
2024-08-05,17.6804,18.0029,17.5558,17.864,52527454.0,68.7131,69.3133,68.3401,68.5995,14810175.0,26.6291,27.0109,26.384,26.721,16342144.0,11.3752,11.7647,11.3187,11.5861,53480382.0,4.9961,5.2626,4.9775,5.1458,87803468.0,75.8025,76.1757,74.8013,75.8529,5366489.0,112.0832,114.0972,111.2503,113.2641,202580683.0
2024-08-06,17.8764,18.0467,17.8348,17.9527,76018867.0,68.2884,70.2885,67.4127,69.7474,47667153.0,26.8386,27.1124,26.4213,26.8902,15915938.0,11.3608,11.9875,11.3344,11.864,124574140.0,5.13,5.3444,5.1067,5.2518,44270380.0,75.8736,77.0176,75.5252,76.4824,19999985.0,113.3591,115.0778,111.0243,114.3693,88070197.0
2024-08-07,17.9452,18.2515,17.8215,17.9382,39166912.0,69.7501,71.38,68.4169,69.9303,13850638.0,27.0993,27.4895,26.2882,26.5431,42747536.0,11.7981,12.0349,11.2048,11.3895,291717661.0,5.2576,5.2683,5.1343,5.2453,6556122.0,76.7325,77.9461,76.4351,76.749,10815732.0,114.2409,114.6691,112.5861,114.2075,63322976.0
2024-08-08,18.0499,18.4883,17.1758,17.5611,189442649.0,69.5469,70.19,68.3472,68.5556,135581705.0,26.5644,26.6391,25.8079,26.1688,31131784.0,11.3577,11.3915,11.1706,11.2772,52377029.0,5.2598,5.3181,5.1985,5.2165,12613059.0,76.8994,77.6223,76.3492,77.283,9935505.0,114.8142,115.3106,112.0397,112.691,152360446.0
2024-08-09,17.5498,17.9049,17.3927,17.7538,78870735.0,68.6469,71.1537,68.3375,70.1801,80246441.0,26.2204,26.8267,26.0541,26.7741,54263198.0,11.25,11.6462,10.908,11.6124,134393956.0,5.1887,5.3125,5.1239,5.2705,19045796.0,77.2495,77.6656,74.2343,75.9262,54978144.0,112.1722,114.6499,110.9072,114.2845,165947225.0
2024-08-12,17.8581,18.0039,17.7054,17.9355,68831808.0,70.3358,71.3068,69.5867,70.6993,31600977.0,26.7106,27.1968,26.1885,27.0887,36586729.0,11.5416,12.0068,11.4948,11.9584,266899256.0,5.2708,5.3596,5.256,5.3475,25324075.0,75.8359,77.5639,75.1786,76.659,27742948.0,114.5492,116.0046,113.3442,115.4156,122263440.0
2024-08-13,17.8329,18.0679,17.5624,17.7202,62121389.0,70.9011,71.1251,68.8214,70.1342,26742970.0,27.0704,27.3663,26.3359,26.6587,33608651.0,11.8948,12.1363,11.7037,12.0465,37557124.0,5.3638,5.4062,5.3485,5.3867,21295831.0,76.8576,77.5727,76.4775,77.1955,21439206.0,115.4592,116.3503,114.7193,115.2357,52552433.0
2024-08-14,17.8298,17.9266,16.8487,17.1369,465899647.0,70.2635,70.7136,67.0527,69.0471,40436423.0,26.6972,27.0297,25.4587,25.8259,114379406.0,12.1186,12.2837,11.5359,11.7503,128354849.0,5.3941,5.5113,5.268,5.3003,44245975.0,77.2602,79.2301,77.008,78.1811,27946027.0,115.3845,117.4388,112.2173,113.0648,358923625.0
2024-08-15,17.0719,17.792,16.8006,17.5863,109355256.0,69.436,70.1226,68.9597,69.8617,52289643.0,25.7848,26.4302,25.4111,26.3884,98748540.0,11.7071,12.0756,11.549,11.9865,68769628.0,5.3138,5.4002,5.0752,5.2091,20137677.0,78.1204,78.3331,76.4417,77.2388,31580794.0,112.943,115.7657,111.628,114.1317,106880220.0
2024-08-16,17.6526,18.196,17.444,17.9735,267274741.0,69.7095,71.9837,69.4229,71.2787,89562468.0,26.3984,26.8416,26.252,26.5208,29450016.0,11.8845,12.2719,11.6229,12.1492,52352991.0,5.241,5.4514,5.1778,5.4066,144000000.0,76.9879,77.3344,76.131,77.0437,10190898.0,114.6226,116.6249,113.402,115.9555,260918189.0
2024-08-19,17.9051,18.4327,17.7252,18.1692,118751373.0,70.9823,73.3433,70.4371,72.419,54363610.0,26.5579,26.9506,26.0217,26.7042,30623907.0,12.0895,12.5818,12.0395,12.3623,84301151.0,5.3382,5.4143,5.3241,5.4006,11025109.0,77.3733,77.7101,75.6722,77.4536,15936780.0,116.2466,116.6481,115.0408,115.4528,67456120.0
2024-08-20,18.2189,18.487,18.045,18.364,72235113.0,72.2518,73.5346,71.986,72.4115,30102040.0,26.871,27.082,26.4936,26.5677,24151274.0,12.3023,12.7978,12.2021,12.5149,53187537.0,5.4055,5.414,5.2284,5.4023,6973180.0,77.2339,77.8889,77.0308,77.6161,8263543.0,115.201,116.2375,114.4787,115.606,41284090.0
2024-08-21,18.2862,18.8404,18.2269,18.6977,222399539.0,72.0287,74.9547,71.1728,72.8761,28425341.0,26.4739,26.8447,26.2011,26.7703,31966645.0,12.5107,13.1045,12.453,12.7532,40815584.0,5.3505,5.6241,5.3346,5.525,70052891.0,77.6718,79.0582,75.7766,76.9997,23524488.0,115.9735,118.2476,115.3396,117.5084,169716207.0
2024-08-22,18.7834,19.1143,18.621,18.842,123968855.0,72.8987,73.3843,72.2,72.5088,21586341.0,26.8164,27.0604,26.4428,26.8729,29659837.0,12.7749,12.9609,12.5033,12.7062,35373222.0,5.524,5.636,5.4898,5.5657,18563908.0,77.3547,77.7989,76.4167,76.9149,6256662.0,117.6084,119.0471,117.0287,117.6782,56186469.0
2024-08-23,18.9123,19.0762,18.5165,18.5815,105709508.0,72.469,72.9487,72.0316,72.6291,30154030.0,26.8065,26.9166,26.4188,26.4655,55246912.0,12.6252,12.9936,12.2072,12.4421,109128720.0,5.5954,5.6811,5.5112,5.5714,13164636.0,76.8488,79.4115,76.487,78.3317,70320472.0,117.4837,118.6583,115.5067,116.7142,106092803.0
2024-08-26,18.5324,19.185,18.3192,18.8534,130692817.0,72.7658,75.5807,71.0682,74.2129,94243142.0,26.5486,27.1751,25.9769,27.1132,85898613.0,12.4598,12.6815,12.3163,12.6468,83564360.0,5.5684,5.6221,5.471,5.5139,18894859.0,78.3227,78.4689,75.7687,76.4805,88395507.0,116.1556,118.5265,115.4788,118.1021,121843405.0
2024-08-27,18.9015,19.2351,18.7031,19.0441,90111737.0,73.7421,74.8261,73.1516,74.5339,34366318.0,27.2072,27.8014,26.9361,27.5713,58256405.0,12.7307,12.853,12.6347,12.6619,35061795.0,5.4928,5.5998,5.4593,5.5543,13887048.0,76.6452,76.9423,75.862,76.7725,6625746.0,118.3597,119.5292,117.2622,118.8269,55193169.0
2024-08-28,19.1239,19.2004,18.8873,19.1428,91097125.0,74.5301,74.9252,73.332,74.5191,16552832.0,27.7614,27.9586,27.6453,27.8215,23673240.0,12.7228,12.9673,12.5705,12.7482,39779411.0,5.5731,5.6393,5.554,5.5654,9921677.0,76.542,78.383,75.9687,77.8609,41018259.0,118.5833,119.5287,117.9617,119.2275,50757466.0
2024-08-29,19.065,19.3555,18.7068,18.952,61275262.0,74.8763,75.6083,73.8174,74.004,13146499.0,27.773,28.3551,27.5656,27.6213,24153214.0,12.7832,12.8708,12.5755,12.6627,68921083.0,5.5686,5.7901,5.4967,5.7616,121532735.0,77.534,78.6616,76.9574,78.198,23061124.0,119.4056,120.2242,117.5777,118.7015,40306911.0
2024-08-30,18.8658,19.0742,18.6716,18.812,68691710.0,74.1709,74.5521,71.9208,72.2181,71729297.0,27.6378,27.7283,26.5453,27.1285,53816393.0,12.6871,12.7513,12.1173,12.146,360000000.0,5.766,5.8444,5.6019,5.6501,37136721.0,78.1277,78.3335,76.5695,77.3592,25767260.0,119.1944,120.4164,116.3748,116.8742,271283277.0
2024-09-02,18.7233,19.259,18.5402,18.8528,64035489.0,71.6811,73.2352,70.8787,72.6,32256816.0,27.218,27.4563,26.7905,27.1957,15887673.0,12.1278,12.2185,11.7488,11.9846,32480884.0,5.7003,5.7563,5.6589,5.6965,22542354.0,77.3749,79.3164,76.7785,78.7991,56168089.0,116.6057,117.4018,115.5316,117.0217,45763048.0
2024-09-03,18.7522,19.0632,18.6756,18.7522,77447882.0,72.5966,73.5443,70.8283,71.3195,55138918.0,27.2691,27.3991,26.529,26.6572,54901263.0,12.0652,12.131,11.7668,11.8696,48155578.0,5.6615,5.7906,5.5624,5.7629,44948159.0,78.8129,79.6983,77.939,79.1541,15342391.0,117.4686,118.4718,115.1322,116.3918,77828952.0
2024-09-04,18.6634,19.4717,18.4495,19.0287,117619179.0,71.114,73.1067,70.8871,72.4514,58229252.0,26.387,27.082,26.2066,26.8148,29158838.0,11.8937,12.3191,11.8156,12.037,79499652.0,5.7479,5.7882,5.6412,5.7149,21091449.0,79.4373,80.167,78.4244,79.0422,6973923.0,116.0134,118.3935,115.3088,117.2987,84578422.0
2024-09-05,19.1065,19.9052,18.9033,19.643,539993952.0,72.4551,73.8727,71.7043,73.0551,41136551.0,26.7394,27.4193,26.415,27.3355,44242844.0,11.9913,12.5068,11.8742,12.4668,162397562.0,5.7237,5.8601,5.697,5.8313,26601313.0,78.854,79.9839,78.638,79.2685,5953786.0,117.7928,119.8218,117.5325,119.3871,414780224.0
2024-09-06,19.6914,20.4197,19.2331,20.1415,256034149.0,72.9457,74.3706,72.2332,73.5034,27448475.0,27.3994,27.6383,27.1948,27.2428,18257890.0,12.4579,12.6312,12.4168,12.5601,37061669.0,5.8604,5.893,5.3624,5.3734,144000000.0,79.2398,80.9222,78.8601,80.1241,29928948.0,120.0048,120.6942,118.5076,119.7482,67518025.0
2024-09-09,19.9914,20.1182,19.7934,20.0313,65598835.0,74.0085,74.1842,72.7835,73.0003,22415486.0,27.2194,27.5703,26.8255,27.0865,15150669.0,12.5201,12.5925,12.3846,12.4916,47323996.0,5.3523,5.3998,5.3428,5.3687,7833223.0,80.429,81.5839,79.3511,80.6631,21580422.0,120.0541,121.7342,118.1847,119.1463,63956370.0
2024-09-10,19.9863,20.5536,19.5651,20.4114,187735268.0,73.0249,74.578,72.7097,74.3185,64210016.0,27.1767,27.6228,26.8407,27.3262,15837317.0,12.4834,12.9066,12.4551,12.8826,151804685.0,5.3596,5.4073,5.2684,5.2907,26068234.0,80.6066,81.1556,80.2645,80.4032,9988100.0,119.2944,121.3699,118.4918,120.554,130966337.0
2024-09-11,20.3074,20.3874,20.1516,20.1963,88905671.0,74.4113,78.6483,74.1854,78.0919,240000000.0,27.443,27.6773,27.125,27.3524,19845447.0,12.9568,13.1718,12.4892,12.7026,56884064.0,5.2892,5.3513,5.2138,5.2676,13482911.0,80.8067,81.3583,74.9861,75.7148,96000000.0,120.8587,121.5393,119.6291,119.8372,66176227.0
2024-09-12,20.2732,21.3325,19.9174,21.0785,640000000.0,78.0783,80.0168,77.9442,79.7769,75631151.0,27.3285,28.6757,26.9961,28.3192,200000000.0,12.692,13.1979,12.6284,13.0308,151710942.0,5.2643,5.2998,5.2348,5.2485,12078005.0,75.6702,76.0056,74.2865,75.3213,10519335.0,119.7229,122.9654,119.1478,122.294,339700057.0
2024-09-13,21.0368,21.7223,20.6626,21.4699,126056297.0,79.9261,83.2801,78.6302,82.1455,108236631.0,28.389,30.2661,28.3015,29.8155,200000000.0,12.982,13.7281,12.7319,13.5066,174694568.0,5.2636,5.3105,5.2384,5.2469,7806046.0,75.1897,76.1694,74.6333,75.2374,7220424.0,121.8346,126.8176,119.9939,124.7426,369358387.0
2024-09-16,21.3242,22.0132,21.2573,21.8706,321645568.0,82.0754,84.0146,80.9754,82.1074,15605902.0,29.9938,30.6435,29.8566,30.4579,66256514.0,13.5731,13.9896,13.4703,13.837,114237330.0,5.2458,5.3301,5.0554,5.1418,49531531.0,75.23,75.4948,74.2418,74.5001,22486613.0,124.4812,126.4491,123.7501,125.8154,111167846.0
2024-09-17,21.887,22.5493,21.6814,22.3774,185341412.0,82.3579,83.3718,81.2798,82.3338,19841911.0,30.5852,31.3085,29.9177,30.9517,41465080.0,13.9207,14.065,13.5234,13.6761,40697244.0,5.1555,5.1839,5.1142,5.1621,8003969.0,74.5489,75.5629,74.1399,75.1107,17601697.0,126.6342,127.2778,125.7959,126.2688,56303445.0
2024-09-18,22.4373,22.8543,21.6764,21.8376,277474593.0,82.2069,82.9729,81.0203,81.1759,33773506.0,30.8542,31.3467,30.1512,30.313,58832200.0,13.6255,13.6955,13.2428,13.5271,46308186.0,5.1367,5.2019,5.0211,5.0497,54601865.0,75.0329,75.2057,74.5868,74.9087,9157429.0,125.8527,126.6782,122.7466,123.8331,464734863.0
2024-09-19,21.7459,22.1462,21.6098,21.9505,100489701.0,81.617,82.3586,81.1972,81.3744,15765290.0,30.29,30.4302,29.6318,30.0311,24078984.0,13.622,13.846,13.3843,13.5485,28964387.0,5.0527,5.2086,5.0075,5.1304,25200454.0,74.9839,75.6574,74.553,74.7406,3924181.0,124.1702,124.4803,122.8383,124.2926,36855863.0
2024-09-20,21.9248,22.2362,21.603,22.1042,50461420.0,81.5336,82.4777,79.8447,80.7902,23831568.0,30.0345,30.823,29.7744,30.6403,67043750.0,13.6102,13.7366,13.4738,13.5393,33605326.0,5.1311,5.2616,5.0793,5.1893,24453976.0,74.7125,75.568,74.0177,75.1643,13451646.0,124.2535,124.9537,118.8076,119.8546,600000000.0
2024-09-23,22.0164,22.5012,21.8689,22.3904,122717873.0,80.7417,82.5762,79.1929,81.7524,25488698.0,30.5232,31.106,30.2197,30.501,17416023.0,13.504,13.8056,13.4405,13.5737,31375131.0,5.2073,5.2357,5.1214,5.1566,11223547.0,75.4051,76.4776,74.6738,74.7887,8580305.0,119.7333,120.3504,119.4218,119.932,52357260.0
2024-09-24,22.5135,23.3768,22.1707,22.8891,197640775.0,82.0239,85.4856,80.6536,84.4195,196269293.0,30.635,31.8425,30.2672,31.5424,178094692.0,13.6521,14.4024,13.5663,14.1921,360000000.0,5.2101,5.2424,5.1387,5.1804,14671819.0,74.8844,75.0319,73.285,73.9518,28321136.0,120.5076,123.6833,119.2559,122.3645,489993316.0
2024-09-25,22.8456,23.3946,22.6366,23.2006,172517920.0,84.5835,85.9294,84.1152,85.4458,43869550.0,31.4592,32.3348,31.1342,31.8508,42470156.0,14.1098,14.8422,14.0134,14.5795,184153881.0,5.2007,5.2661,5.1442,5.2356,30310102.0,73.9538,74.3132,72.7145,73.1707,30369761.0,122.3967,124.2905,122.097,123.6043,125654342.0
2024-09-26,23.1269,23.6546,22.4684,23.5321,91838304.0,85.7246,89.0021,84.8764,87.2608,71283079.0,31.8376,32.6433,31.5006,32.5285,70723612.0,14.5463,15.2741,14.0824,15.1991,360000000.0,5.2206,5.5281,5.1066,5.402,84301133.0,73.1124,73.3502,72.8356,73.1625,7677040.0,123.9315,127.2413,123.234,125.8072,388098507.0
2024-09-27,23.5268,23.786,22.6577,23.0443,151264954.0,87.2902,87.6836,84.5471,85.7559,44018318.0,32.6716,32.9549,32.2179,32.2921,24154780.0,15.1207,15.3976,14.9915,15.31,24111895.0,5.4161,5.4444,5.3668,5.3987,8857531.0,73.3107,74.4856,72.7367,74.1814,25647321.0,126.6657,127.0247,118.1286,118.4058,600000000.0
2024-09-30,23.0233,23.7646,22.4189,23.3492,106036803.0,85.6745,89.2353,84.6449,87.3173,72085643.0,32.2325,32.8662,31.2595,32.062,20083933.0,15.2395,15.5341,15.1274,15.3619,37745406.0,5.3976,5.5213,5.3048,5.4969,41216685.0,74.1872,74.8364,74.0635,74.282,6282247.0,118.3356,119.8373,116.7205,119.09,69279285.0
2024-10-01,23.4202,23.8897,22.0811,22.4179,618860030.0,87.3638,88.055,83.8332,84.7027,191378881.0,32.0179,32.2506,30.8182,31.1577,111223273.0,15.4238,15.4895,14.5036,14.7246,360000000.0,5.4893,5.5801,5.3965,5.4299,25555313.0,74.1973,77.0107,73.6671,75.1863,27352971.0,119.25,120.8314,115.5093,116.331,398351568.0
2024-10-02,22.5385,22.7184,21.3756,21.5519,571002865.0,84.5359,85.2269,81.0483,81.4298,240000000.0,31.2008,31.3425,29.3869,30.0789,119460462.0,14.7235,14.8727,14.1519,14.2846,168091059.0,5.4182,5.442,5.3645,5.3878,12376488.0,75.0494,76.3553,74.6875,76.0724,32895664.0,116.5636,116.9246,112.7109,113.2633,561114524.0
2024-10-03,21.6685,21.7587,21.0754,21.4741,93258924.0,81.7444,82.028,80.1648,80.6724,33907985.0,30.0286,30.2844,29.5464,30.1484,23879153.0,14.2098,14.4789,13.9763,14.0691,87323402.0,5.375,5.5112,5.3147,5.4455,28419774.0,76.2066,76.7826,75.4443,76.2708,11514873.0,113.1598,114.5786,112.4746,112.9459,38777216.0
2024-10-04,21.4379,21.7106,20.936,21.2726,86049717.0,81.1404,81.2932,78.8103,79.0935,86120660.0,30.3382,30.4246,29.0797,29.5648,45222456.0,14.03,14.0823,13.7192,13.7803,87595758.0,5.42,5.4744,5.193,5.2208,144000000.0,76.1803,77.2928,75.5858,76.451,9543888.0,113.1036,113.4589,110.806,111.1374,167101092.0
2024-10-07,21.3013,21.6308,21.145,21.533,82552172.0,79.2741,79.7623,78.544,79.3822,21218539.0,29.4542,30.374,29.1553,29.7515,13467693.0,13.7371,13.8257,13.6937,13.7762,31469134.0,5.1932,5.3921,5.1645,5.2468,19592657.0,76.3932,77.9605,75.6256,77.4885,25756695.0,111.4933,112.2576,110.8013,111.7521,58228004.0
2024-10-08,21.6748,22.1987,21.151,21.7787,86175798.0,79.8266,80.3874,78.9867,79.6309,16612537.0,29.4732,30.2025,29.2003,30.1438,34901720.0,13.7925,14.1213,13.4461,13.6094,73660529.0,5.2609,5.4049,5.1738,5.2409,12302077.0,77.5966,78.201,76.5277,77.8328,14972480.0,112.0003,113.1635,110.698,112.2018,47034177.0
2024-10-09,21.9258,22.3518,21.412,22.0852,125715896.0,79.985,81.0781,79.6628,80.8721,52571272.0,30.248,30.6243,29.9809,30.421,29315804.0,13.7563,13.9121,13.6109,13.8587,79429579.0,5.2333,5.3806,5.1483,5.1883,33173572.0,78.0431,78.3289,76.9154,77.0699,21139140.0,112.239,113.5245,112.0248,113.061,119253609.0
2024-10-10,22.0,22.3657,21.5696,22.2006,68109704.0,80.7868,81.4101,77.4361,79.6793,46313922.0,30.3765,30.6393,29.5632,30.389,20634650.0,13.8722,13.9362,13.704,13.9145,35647684.0,5.1922,5.2298,5.1536,5.1774,7217904.0,77.1856,79.2815,76.7655,78.852,90669222.0,112.1407,112.519,111.0352,112.34,72459455.0
2024-10-11,22.2587,22.5836,22.1498,22.498,93969762.0,79.9419,80.3859,78.112,79.1814,26082667.0,30.2887,30.6236,30.0788,30.2346,21184727.0,13.9324,14.1853,13.525,13.7859,52967675.0,5.159,5.2074,5.0437,5.0547,83829867.0,79.0217,79.6675,78.103,78.5944,8610012.0,111.8804,112.97,110.9545,111.4547,67201967.0
2024-10-14,22.54,23.0887,22.2848,23.0406,147852992.0,78.7824,83.5271,77.9876,82.3768,240000000.0,30.2822,31.7972,29.962,31.5209,200000000.0,13.8867,14.306,13.7987,14.149,144450845.0,5.0667,5.1534,5.0378,5.0575,9339697.0,78.735,78.8897,77.7154,78.0604,10135689.0,112.0358,115.137,110.7972,114.4255,600000000.0
2024-10-15,23.1349,23.3174,22.9524,23.0231,45649206.0,82.4372,82.8285,79.4153,81.2583,34547488.0,31.575,31.8049,30.4182,31.1374,42443826.0,14.1128,14.1768,14.0171,14.1393,32211151.0,5.043,5.2022,5.03,5.0966,15166426.0,78.062,78.5911,77.6648,77.988,9682764.0,114.1163,115.0585,113.7804,114.1737,55327636.0
2024-10-16,23.1497,23.8376,21.7946,22.1661,568794319.0,80.881,82.3901,78.8517,79.3586,104387258.0,31.0404,31.1397,30.2352,30.686,49241835.0,14.2287,14.3317,13.6218,13.6687,163212347.0,5.0688,5.0818,4.9557,4.9709,51513961.0,78.0655,78.3783,76.9319,77.0844,25561949.0,114.5523,115.9551,110.1943,112.2864,225029445.0
2024-10-17,22.0646,22.2116,21.7634,21.9336,76536232.0,79.3244,80.67,77.4412,79.051,16183091.0,30.8355,31.2933,30.3292,30.7246,11333023.0,13.6413,14.0604,13.5226,13.8661,52279889.0,5.0029,5.0372,4.9226,4.945,16444282.0,77.4399,78.077,76.3287,76.763,9109041.0,111.8968,113.4275,111.6347,112.1677,43603344.0
2024-10-18,21.8669,22.5892,21.6167,22.4846,326941464.0,78.6042,80.7631,78.3411,80.2863,42655395.0,30.8333,31.5702,30.5697,30.9038,23869059.0,13.8425,14.0348,13.7711,13.8067,23667847.0,4.9493,4.9728,4.8763,4.8849,29562612.0,76.7251,77.4728,76.0977,77.2554,16410220.0,111.8618,113.2346,111.4346,112.6668,41687277.0
2024-10-21,22.5747,22.7139,22.1257,22.293,90720348.0,80.633,81.2815,78.7977,79.2873,63358309.0,31.1547,31.3486,30.2732,30.6591,17373875.0,13.7853,13.8255,13.365,13.6316,84692653.0,4.8787,4.9668,4.8226,4.8439,16303676.0,77.043,79.2013,75.6761,78.4366,48833100.0,112.8842,113.5094,111.5855,112.0154,95458599.0
2024-10-22,22.3075,22.6427,21.5549,21.7157,270654210.0,79.1641,80.0357,77.7534,78.2247,51605273.0,30.6016,30.6621,29.5893,29.9661,120609620.0,13.6247,13.7859,13.1703,13.3305,67087157.0,4.8401,4.9012,4.6957,4.8227,14600003.0,77.9389,79.4226,76.7391,78.6473,5877575.0,112.51,114.0387,110.0021,110.5472,152298883.0
2024-10-23,21.5034,22.1599,21.3797,22.0225,104201519.0,78.5043,80.173,77.2841,79.2584,46610164.0,29.9853,30.1699,29.8669,30.101,22697485.0,13.3194,13.4187,13.0274,13.3657,40636518.0,4.8156,4.9108,4.6989,4.7365,73854866.0,79.0318,79.8293,77.1882,77.9377,28551848.0,110.7513,111.8566,109.4617,111.4921,73193526.0
2024-10-24,21.8612,22.2195,21.6038,21.7639,151225701.0,79.2349,80.0992,77.0726,77.7143,48700847.0,30.1298,30.4899,29.6292,29.7967,24704483.0,13.3884,13.7004,13.0293,13.1578,75199352.0,4.7461,4.7692,4.6271,4.6342,41395320.0,78.3277,79.9059,76.8757,79.2202,80115720.0,111.6049,112.0458,108.2227,110.2556,130467387.0
2024-10-25,21.8276,21.9078,21.1687,21.608,53650215.0,77.1521,78.1131,76.856,77.0512,29822780.0,29.7569,30.2513,29.1089,29.4523,35331129.0,13.1315,13.2038,12.8463,13.1771,21771211.0,4.6049,4.6286,4.5724,4.5958,16450584.0,79.0226,79.9579,77.37,78.015,41909414.0,109.8311,110.053,108.9243,109.7144,61201575.0
2024-10-28,21.6881,21.899,20.5327,21.0755,211747317.0,76.9044,79.5891,76.5954,77.5699,16350452.0,29.501,29.8255,28.8198,29.0397,29960327.0,13.1834,13.3688,12.8809,13.0481,33567486.0,4.562,4.6016,4.5076,4.5856,16589069.0,78.2683,78.6257,77.6684,78.0733,7641831.0,109.0546,110.9304,108.5762,109.0222,82926067.0
2024-10-29,20.9505,21.4751,20.8095,21.2788,75342259.0,77.408,80.0603,75.0935,79.374,95818012.0,29.0966,30.0062,28.92,29.7123,49791575.0,12.9491,13.7654,12.8632,13.538,254039654.0,4.5877,4.6274,4.4922,4.5384,14229874.0,78.2767,78.4589,77.637,78.1021,12518643.0,108.8886,110.8722,108.2834,110.3993,294357770.0
2024-10-30,21.3822,21.6312,21.3284,21.4573,83511990.0,79.3694,81.4612,78.5142,81.0256,57898310.0,29.7706,30.6611,29.5668,30.0408,38231729.0,13.5881,13.811,13.4563,13.6617,41597643.0,4.5061,4.6127,4.4378,4.5937,25524760.0,78.2284,78.4002,76.2761,76.6326,48096051.0,110.4476,111.8682,109.9808,111.6827,116019820.0
2024-10-31,21.4387,21.6251,21.083,21.4528,52529287.0,81.5081,82.9916,79.6946,80.2948,37752341.0,30.0007,30.9143,29.3875,30.2371,17302950.0,13.7349,13.8887,13.423,13.4633,69009641.0,4.558,4.6173,4.4852,4.5781,6924666.0,76.7298,77.0343,76.392,76.8857,8560147.0,111.6663,113.1314,111.3379,111.6096,53152193.0
2024-11-01,21.3563,21.6153,21.0385,21.4952,35950010.0,80.8257,81.7336,79.7106,81.2429,41928727.0,30.2112,31.218,30.0767,30.6665,36849556.0,13.4774,13.6804,13.0153,13.2336,42507934.0,4.5951,4.6906,4.4426,4.5117,20427316.0,76.7416,77.1681,74.9275,75.7836,42488261.0,112.3113,113.8787,111.0313,112.1767,64831715.0
2024-11-04,21.4422,21.4836,21.0888,21.3365,61264215.0,81.169,82.0964,80.7623,81.6728,18161209.0,30.5954,31.022,30.3947,30.9247,26693894.0,13.2804,13.5888,13.1447,13.243,24647890.0,4.5148,4.5597,4.3625,4.4278,29007536.0,75.8083,76.8128,75.2188,76.2296,17644418.0,111.6874,112.3488,110.0595,111.6378,62155698.0
2024-11-05,21.2217,21.3029,20.6848,21.0984,105338589.0,81.2685,82.1612,79.3872,80.2921,66400143.0,30.8298,30.9583,30.2922,30.5128,35014187.0,13.1907,13.2937,12.966,13.2424,19890505.0,4.4311,4.5261,4.3895,4.4036,11852192.0,76.2965,76.4129,75.8873,76.0887,8287208.0,111.5415,113.0785,109.8449,110.293,203172078.0
2024-11-06,21.0412,21.3989,20.7182,21.351,83529780.0,80.0573,80.6282,79.0358,80.3326,28873664.0,30.5048,31.0364,30.2568,30.6762,15693717.0,13.3377,13.4211,13.036,13.2487,35010389.0,4.3835,4.5049,4.3508,4.4706,21843102.0,76.102,76.7769,75.7159,75.8564,7733104.0,110.8165,111.4638,110.1185,110.8697,74799376.0
2024-11-07,21.1757,21.7078,21.057,21.5812,82384142.0,80.4844,83.3058,79.6155,82.7622,151550554.0,30.8673,32.0732,30.3762,31.5467,108222032.0,13.2606,13.7303,13.0456,13.5526,115482755.0,4.4961,4.5171,4.463,4.5004,16914392.0,75.8459,75.9784,74.6766,75.2226,24677075.0,111.0744,115.1536,110.1038,112.4762,282327704.0
2024-11-08,21.5742,21.7939,21.1665,21.4181,76828393.0,82.727,82.9192,81.3876,81.7374,53022807.0,31.8112,32.2074,31.2828,31.4931,16126751.0,13.4502,13.5935,13.2302,13.2769,80224481.0,4.519,4.6036,4.414,4.5756,47154123.0,75.4695,78.8549,75.305,78.4933,96000000.0,112.1278,112.3014,110.7994,111.9611,66045420.0
2024-11-11,21.4736,21.5821,21.2669,21.4645,39818901.0,81.232,81.9973,79.9531,81.4364,12891805.0,31.663,31.8928,30.9963,31.5496,19453520.0,13.3533,13.4782,13.0358,13.4452,78404740.0,4.5502,4.5921,4.5147,4.5259,36586007.0,78.6944,79.13,76.9505,77.3505,37765660.0,111.2603,112.9208,110.0122,112.1816,71311096.0
2024-11-12,21.3373,21.9868,21.1629,21.6343,80445708.0,81.2751,81.674,80.8058,80.9714,28629041.0,31.4897,31.9965,31.0382,31.3001,45234136.0,13.4909,13.5145,12.9063,13.2665,51798902.0,4.5239,4.5819,4.4523,4.4754,17385383.0,77.5211,78.3053,76.7591,77.1706,10964126.0,112.0567,112.694,110.8789,111.6116,64904354.0
2024-11-13,21.6359,21.9454,20.7843,21.4336,96467332.0,81.3906,82.5075,79.5193,79.8878,39863711.0,31.3524,31.9578,30.5575,30.9287,20073998.0,13.3843,13.5742,13.058,13.1383,44568884.0,4.4679,4.5322,4.4055,4.4329,23839348.0,77.3521,79.372,76.6941,78.2282,48522755.0,111.292,111.8273,109.996,110.6272,88563089.0
2024-11-14,21.3577,21.4577,20.8242,20.8856,258197079.0,79.9798,80.3418,78.2062,78.9962,36201772.0,30.6705,31.1047,30.5823,30.7067,19046177.0,13.242,13.4463,12.5415,12.8961,86125995.0,4.4321,4.5031,4.2886,4.2992,126016577.0,78.2735,78.7659,78.1355,78.586,12038409.0,110.4878,111.9271,103.5861,103.9588,600000000.0
2024-11-15,20.9473,21.1217,20.3358,20.5207,207978186.0,79.0109,79.4762,76.123,76.9493,141235057.0,30.6872,30.8763,29.9268,30.1121,60783741.0,12.9781,13.1041,12.4039,12.5868,144849176.0,4.3184,4.3395,4.2129,4.2363,29982407.0,78.8172,79.6174,78.1789,78.8604,11238924.0,104.6351,105.2823,101.5337,101.9283,341903769.0
2024-11-18,20.3124,20.6625,20.1056,20.408,76573617.0,76.8316,78.0251,75.8079,77.1443,18787697.0,30.0642,30.7668,29.8875,29.9964,23417758.0,12.615,12.6444,12.207,12.316,98542050.0,4.2297,4.2519,4.1102,4.1972,23251701.0,78.6226,78.8446,77.3646,78.1909,23605827.0,101.6362,102.59,101.2554,101.5799,42329190.0
2024-11-19,20.4721,20.6166,20.3341,20.5674,73796771.0,77.0048,78.7285,75.4001,76.2698,26195690.0,30.2275,30.8126,29.4838,30.1369,21068358.0,12.3576,12.528,11.9157,12.1349,90256150.0,4.2141,4.3168,4.2039,4.2983,63400754.0,78.2046,78.5692,77.729,78.0821,7345210.0,101.3938,101.7486,100.9489,101.4207,51068696.0
2024-11-20,20.4032,20.514,19.8279,20.2009,137708459.0,76.4333,76.7974,74.5026,75.6809,43536391.0,30.1691,30.2335,29.6679,29.7366,48393071.0,12.0732,12.3141,11.9349,11.9769,51323822.0,4.268,4.392,4.2381,4.3786,42961062.0,78.2216,78.7463,76.9448,77.7505,9531510.0,101.6837,102.1752,99.8887,100.9823,53815501.0
2024-11-21,20.1822,21.1657,19.9084,20.7579,433301146.0,75.7232,77.726,75.4394,77.3411,59866676.0,29.7428,30.0446,29.3495,29.8238,11746087.0,11.9613,12.3092,11.9307,12.2507,81194746.0,4.3675,4.3845,4.3119,4.3349,17111970.0,77.857,78.9313,77.3777,78.5945,21725411.0,101.0666,101.9703,100.3485,101.7602,113730651.0
2024-11-22,20.6931,22.0622,20.1573,21.9214,640000000.0,77.5762,82.4027,77.4191,81.5076,240000000.0,29.8155,31.4316,29.0459,30.9017,170833737.0,12.4247,13.01,12.1725,12.8341,360000000.0,4.3278,4.5087,4.3127,4.4683,55219927.0,78.6687,79.9362,77.7414,78.4666,6351434.0,102.1935,106.2225,102.034,105.586,600000000.0
2024-11-25,21.8866,22.7401,21.8113,22.4594,213468141.0,81.6832,83.3225,80.7196,82.7908,55894509.0,30.8649,31.4649,30.6873,31.2693,47023120.0,12.7298,13.0653,12.4779,12.9878,48629857.0,4.4584,4.5916,4.4355,4.5586,39226333.0,78.6502,79.7314,78.0059,78.4602,5066705.0,105.8313,107.3551,105.5957,107.1048,170382322.0
2024-11-26,22.3085,23.0825,22.0582,22.8259,119195753.0,82.7972,83.9332,81.2791,81.9784,36122521.0,31.3374,32.037,31.2044,31.3748,14164210.0,13.0069,13.2164,12.8985,13.0334,35786360.0,4.559,4.8012,4.5423,4.6861,61530559.0,78.7456,78.9676,76.1324,77.1495,85272573.0,106.8955,109.8137,106.4513,108.2329,96546869.0
2024-11-27,22.9936,23.1677,22.3504,22.9057,61490488.0,82.1025,84.0516,81.8049,82.6448,33956560.0,31.2899,32.5881,31.0114,32.1005,35493670.0,13.031,13.413,12.9601,13.2717,94543115.0,4.6891,4.825,4.6702,4.7271,17457347.0,76.9431,77.6756,76.7655,77.1652,5394369.0,108.3909,109.4157,107.287,109.0622,118679275.0
2024-11-28,22.7761,22.9861,22.736,22.9437,86361579.0,82.4522,83.0945,81.1291,82.1769,26237110.0,32.1728,32.691,31.5165,32.0153,13590519.0,13.3253,13.5546,12.8445,12.8664,297824579.0,4.7316,4.8055,4.6887,4.7514,18301302.0,77.2236,77.481,76.2364,77.1467,7251506.0,109.0982,109.6041,106.8853,108.5329,76647189.0
2024-11-29,22.8218,23.4687,22.232,23.0826,70408815.0,82.1613,82.9584,81.0096,81.3408,47821500.0,32.2035,32.7632,31.7515,32.5617,52884390.0,12.8785,13.1148,12.7752,12.8829,24862984.0,4.7687,4.7793,4.7119,4.7444,15753961.0,77.0065,77.4943,76.0271,76.3505,22168970.0,107.9928,110.2826,107.7274,108.6773,83705036.0
2024-12-02,23.266,23.9737,23.0852,23.7054,247837467.0,81.7714,85.4157,80.0941,83.6793,161326898.0,32.5767,34.0827,32.3291,33.6292,143253007.0,12.957,13.379,12.8102,13.3467,266331256.0,4.7587,4.7945,4.6198,4.6295,61904861.0,76.5566,76.7736,74.4833,74.901,83852982.0,109.3455,112.1225,109.0175,110.9818,519672963.0
2024-12-03,23.7391,23.823,23.3262,23.658,52737460.0,83.6828,85.1258,83.1337,84.5414,26731499.0,33.5859,34.1298,33.1901,33.9008,17940126.0,13.3477,13.8986,13.1736,13.6934,103465738.0,4.6011,4.7976,4.5671,4.719,29877987.0,75.0378,75.5166,74.3036,74.4755,13359704.0,110.6488,112.7011,110.3542,111.5681,64376712.0
2024-12-04,23.5275,24.8683,23.2265,24.2957,193140022.0,84.4692,87.5236,83.5606,87.3462,103396386.0,33.8904,34.4337,33.7729,34.2702,25341998.0,13.7436,14.4603,13.5874,14.2749,307015053.0,4.7219,4.8496,4.7089,4.7916,27430735.0,74.2936,74.6211,73.3427,74.2571,13214751.0,111.5341,115.0474,110.5188,114.3313,372009111.0
2024-12-05,24.2819,25.0558,24.0735,24.9326,243621535.0,87.4186,90.6708,86.59,89.5376,112963304.0,34.4391,36.1509,34.3271,35.1643,64926399.0,14.2995,14.8573,14.2609,14.7407,156991888.0,4.7796,4.8264,4.7059,4.8069,10291395.0,74.2559,74.5057,73.6059,73.877,11746845.0,114.1784,116.547,113.5687,115.3217,87658570.0
2024-12-06,24.9067,25.1071,24.3835,24.8402,86555091.0,89.1276,90.3874,86.8502,89.0339,36509588.0,35.1843,36.0235,34.5571,34.799,21776189.0,14.7204,14.8458,14.5963,14.6674,41888383.0,4.823,4.8311,4.7582,4.7707,17733221.0,73.5981,75.0601,72.8556,74.3561,15116827.0,115.3599,116.7444,113.6191,114.2207,109227587.0
2024-12-09,24.656,25.1246,24.5661,24.8441,52374120.0,89.1113,89.3962,88.7946,89.2249,14173881.0,34.7122,34.9002,34.5411,34.7332,12650778.0,14.6373,14.7886,14.2273,14.6406,34909891.0,4.796,4.8082,4.6262,4.6544,53591271.0,74.5342,74.8742,74.1302,74.6984,13728438.0,114.2832,115.2734,113.7051,113.8864,35771178.0
2024-12-10,24.7612,25.4935,24.4915,25.1155,125076680.0,89.8227,91.1255,88.8181,90.9146,52892264.0,34.8484,36.0833,34.7561,35.2662,42995753.0,14.7292,15.0341,14.3937,14.9504,102386028.0,4.6705,4.7037,4.6423,4.6878,20889472.0,74.5976,76.06,74.2731,75.0085,11336581.0,114.0733,115.5805,113.8887,114.74,73362027.0
2024-12-11,25.1126,25.3285,24.7269,24.7762,142700165.0,90.6257,92.0397,89.9898,91.6529,33319769.0,35.1637,35.3152,34.1716,34.379,48842449.0,14.9946,15.1309,14.6829,14.8044,37937744.0,4.7245,4.7994,4.6882,4.7516,21536085.0,74.7952,75.4966,74.5343,75.1428,9295161.0,114.5853,115.9896,113.6265,114.3431,76564586.0
2024-12-12,24.915,25.2646,24.681,24.8865,49751806.0,91.7493,93.0761,90.8988,91.6494,18631363.0,34.3462,35.3932,33.97,34.4433,22135167.0,14.8742,14.9756,14.5208,14.7063,32013308.0,4.7663,4.9238,4.7031,4.8344,60476200.0,75.0773,76.8306,74.7592,76.1337,33635318.0,114.6944,116.1511,113.8009,114.5286,39420321.0
2024-12-13,24.8658,25.0861,24.0039,24.3378,322755783.0,91.6409,92.1485,87.8278,89.8597,97953746.0,34.4757,35.1192,33.4421,33.8066,52458942.0,14.7937,15.0312,14.2961,14.5085,48950591.0,4.8543,4.9058,4.6612,4.7203,39341899.0,76.2457,77.3648,75.3605,75.9212,6450414.0,114.3084,115.4135,111.6778,112.8526,157451484.0
2024-12-16,24.3256,25.3201,23.946,24.7977,100646922.0,89.8423,91.2188,89.6676,90.4661,41430524.0,33.6951,33.9701,33.2983,33.6553,14453895.0,14.4731,15.3398,14.2119,15.1832,360000000.0,4.705,4.8087,4.6605,4.7982,35339283.0,75.9761,76.6771,74.966,75.5195,14998378.0,112.6826,114.9197,112.3911,114.4418,205817128.0
2024-12-17,24.7087,25.1029,24.6614,24.7968,47826733.0,90.4422,91.5629,90.0244,91.3456,36502907.0,33.41,34.2005,32.8876,33.8847,17692791.0,15.1638,15.3793,14.7138,15.2924,26217874.0,4.7977,4.8593,4.7559,4.794,7034097.0,75.4265,76.824,73.8718,74.4497,48325166.0,113.8852,115.7533,112.7649,115.5377,98562906.0
2024-12-18,24.9169,25.1173,24.2452,24.4411,70108222.0,91.6028,92.2643,88.2607,89.2529,76362100.0,33.9471,34.0682,33.089,33.2699,44775113.0,15.2678,15.5193,14.6269,14.8314,156169079.0,4.8076,4.8168,4.7344,4.7548,23441640.0,74.43,75.8252,74.1513,75.2327,22156711.0,115.6131,116.5722,112.9656,113.9927,171622921.0
2024-12-19,24.5386,24.9626,24.2649,24.8485,88083934.0,88.8679,90.1901,88.1572,90.0194,25247771.0,32.9726,33.8336,32.295,33.6101,28956023.0,14.9039,15.233,14.7765,15.0654,47738308.0,4.7604,4.7715,4.6327,4.6502,51039956.0,75.1774,76.2195,74.5296,75.5312,10024419.0,114.4849,115.1557,113.8022,113.9952,45510107.0
2024-12-20,24.9351,25.9671,24.6271,25.8147,640000000.0,90.2638,93.3943,89.8217,92.0215,76817141.0,33.4828,34.6738,33.2144,34.3322,67632410.0,15.0719,15.459,15.019,15.3061,76678079.0,4.6328,4.7048,4.6199,4.657,11578653.0,75.3536,75.7975,74.5689,74.8436,21052454.0,113.9151,116.2565,112.2467,115.9181,207092137.0
2024-12-23,25.8275,25.9001,25.0174,25.1732,204654095.0,92.0465,93.5008,91.0359,91.9739,22163558.0,34.4417,34.9485,34.154,34.491,18332396.0,15.3193,15.441,14.8387,15.178,32868695.0,4.6394,4.6909,4.567,4.652,8532858.0,74.4926,75.486,73.3136,75.0176,14121964.0,116.4995,117.7655,115.6937,115.9143,50094764.0
2024-12-24,24.9964,25.1959,24.8259,24.8758,134542698.0,91.3378,92.1035,90.5018,91.4445,22556983.0,34.5503,34.8574,33.8754,34.1182,25186564.0,15.1025,15.3816,14.6528,14.787,211266344.0,4.6177,4.8402,4.5812,4.7877,106568986.0,75.0164,75.5227,73.7341,74.3003,19252706.0,115.5566,117.0136,115.0931,115.7424,57241796.0
2024-12-25,24.9952,25.4097,23.7271,24.1758,177746825.0,91.5813,92.4362,86.3591,87.5975,240000000.0,34.0961,34.4935,33.4054,33.5852,43365219.0,14.8447,14.8915,14.2141,14.3303,235123125.0,4.795,4.8175,4.764,4.7819,12691327.0,74.4099,74.6446,73.2421,74.4599,9934434.0,115.2978,115.7322,112.4096,114.246,176964707.0
2024-12-26,24.1819,24.8643,23.998,24.817,254913906.0,87.6368,89.1519,86.5247,88.6625,28240560.0,33.4623,34.4783,33.0183,34.1007,24935292.0,14.3885,14.6352,14.3558,14.5961,77594721.0,4.7617,4.9175,4.746,4.8626,29371435.0,74.4569,74.7329,73.827,74.175,9950343.0,114.6966,116.8495,114.3561,115.9005,275059200.0
2024-12-27,24.7833,25.1352,24.6131,24.7641,37457783.0,88.3587,88.8594,87.6477,88.7012,18288836.0,34.0405,34.7384,33.3874,34.5567,26796361.0,14.6349,14.854,14.2996,14.7659,57056312.0,4.876,4.9303,4.8594,4.9149,21556137.0,74.5591,74.854,74.3724,74.6253,15719147.0,115.845,118.0758,114.9065,116.3196,75132785.0
2024-12-30,24.8131,25.3638,24.3924,24.9576,68676196.0,88.7573,89.2991,87.5903,88.2212,20633364.0,34.6383,35.2868,34.5651,35.0101,30110278.0,14.7772,14.8877,14.05,14.3319,184513054.0,4.9295,4.9876,4.8239,4.9127,8174539.0,74.5133,76.1018,74.1714,75.4202,16902802.0,115.9988,117.8443,111.7747,113.1555,600000000.0
2024-12-31,24.9823,25.6302,24.6633,25.1885,120996731.0,87.7652,89.3214,87.4022,88.1985,19132032.0,34.9911,35.2822,34.1831,34.9772,10507818.0,14.4027,14.9351,14.3604,14.522,44838891.0,4.9171,5.0092,4.9091,4.9348,10771417.0,75.4122,75.7822,73.3667,73.8921,96000000.0,113.2398,114.6201,112.0322,113.4497,44778654.0
