,AAPL,MSFT,GOOG,AMZN,NVDA,JPM,XOM,TLT,SPY
2018-01-01,0.0062477199614429406,-0.007433124844894597,0.005012551292852707,0.012077011505001565,-0.03109707698975246,-0.014435494514493693,-0.0033053847782812586,-0.002494914974255012,-0.003120110254510586
2018-01-02,-0.014173264725474042,0.0007288777145769776,0.005776557667197528,-0.0002163431118174812,0.016432143024468177,0.004007701390318983,-0.011156370199137936,0.003640449397608819,-0.001908978713618169
2018-01-03,0.016367422782274547,0.010585666366822209,0.007982821931582614,0.0018594872305415689,0.036854006222546275,0.0022600596701953814,-0.003481248263821873,-0.0040294599816423065,0.006879885334453559
2018-01-04,0.007318843289096092,0.009794334527452304,0.012233116608338656,0.03606720947839097,0.013764311540384988,-0.0019473426941656552,-0.010603630942342892,0.003936984871952956,0.00540361998599915
2018-01-05,-0.0011368283635365445,-0.010099183707892291,-0.015436343616006317,-0.0010407871483402503,0.003971464085825348,0.004405784679601027,-0.008241878210827388,0.003502215821364957,-0.003958309481288408
2018-01-08,0.004730320149753617,0.013277120882780009,0.011517497061516415,0.0183066558103153,0.017839285304616065,0.007280583766949739,0.012521909015266708,-0.013980539983430781,0.01182158035667965
2018-01-09,-0.04531797542267207,-0.012014769318572531,-0.011985995058090757,0.00847859966992398,-0.02504343573786161,0.009634092704631118,-0.01936012195515518,-0.0017116560461976744,-0.005340671070832471
2018-01-10,0.011213005884810213,0.015790575426423287,0.020696464641854873,0.01098794527409284,0.012704703440126874,0.016529168677608595,0.006703021125420445,-0.013520900046001533,-0.044504845797962364
2018-01-11,-0.015344598067984782,-0.004398707064923787,-0.004538810202383509,0.0019505583838642373,-0.016657452906851722,-0.0009630519629391888,0.006667511601164891,-0.0016318051073838128,-0.0026066746059416786
2018-01-12,-0.01080226030301583,-0.011138770175032335,-0.013361705102477042,-0.02594259835406206,-0.011414080217890176,-0.010592638271991797,-0.005967541102768342,0.0064668196655106236,-0.011609800053029924
2018-01-15,0.01260930603586657,0.007521093572461339,0.002687421491157504,0.005584197381661371,-0.01897904573812068,-0.014532336843065227,-0.02187505335421503,-0.009024580200688734,-0.002816100395217831
2018-01-16,-0.015098133446053513,-0.0141826871253382,0.0022005567842501472,-0.012399660440637603,-0.0022963469839648643,-0.015617699131313683,-0.011231158648074743,-0.005922723482903868,-0.009190562556087058
2018-01-17,0.015694658248856862,-0.008929099572533935,0.0027319514234357507,0.0041721298224546375,-0.006150012244679443,-0.015616252828855754,-0.004515166468467771,-0.0040196133219021725,-0.002041090327850892
2018-01-18,0.001258451490804028,0.019256877061984565,0.009332656170786227,-0.002207884430424805,-0.022710022185440076,0.0054264833592523876,0.0214685362168946,0.005564469713084183,0.008013420955655423
2018-01-19,0.026683252825874283,0.004538951326692314,0.0016097606485117137,-0.0032030171043376174,0.0062326792989806125,-0.012243368760141933,0.005688264415489745,-0.002505074256992432,0.0030210211279323848
2018-01-22,-0.01704011536428163,-0.007619616507539901,0.0007275739338217633,0.018397532108090954,0.04713211689674755,0.0018200388645097485,-0.015523962766310986,-0.01649939693883786,0.0014508528691455761
2018-01-23,-0.01346591725188799,-0.013514145739614885,-0.0179087483616158,-0.01581000675380228,-0.0017101324744705207,-0.0035744746997674547,-0.00603875075425679,-0.00619447637387518,-0.008028277826593221
2018-01-24,-0.007704649380396427,-0.0055526056473156815,0.01419584869198779,0.0025523194222557316,0.01660385801813889,-0.006710337953894786,-0.01952184085340962,-0.007574639312339409,-0.0026738726104473436
2018-01-25,0.0384156931073601,0.01655872093178941,0.027648000132189217,0.012921394378538049,0.05203434194531022,0.015485738500614398,0.008369518543964874,-0.0038604996935533414,0.01899723868676553
2018-01-26,0.00874098995235376,0.0008828703042930339,-0.01096386079460682,-0.01723992509968164,-0.00013368371611375803,0.020083989584621074,0.011223412582627452,-0.05494238957186245,0.004141932377326689
2018-01-29,0.023908721342172343,0.018688642052789722,0.012101970058528543,0.03021939842737057,0.03838451828883502,0.026990301634608554,0.016385313378928373,-0.01357553669135265,0.021870482457133408
2018-01-30,0.029992647480842422,0.03985372573586026,0.028839378429153763,0.02648334441050558,0.07304017843312789,-0.002598812600784797,-0.009487340009179973,0.0015783655705229982,0.01649206450435062
2018-01-31,0.0007826746357510281,-0.0011244129383426776,0.0031356522031683438,0.018348295225519604,0.007533110142560676,0.009202479667684725,-0.02353393897674309,-0.0006069915875553277,0.0005716152993442597
2018-02-01,-0.020624825810707195,-0.023560592281672583,-0.022558514909512165,-0.00955938840688838,-0.052105333829689675,-0.006737259193957313,-0.011713642301597616,0.00037228857673063316,-0.015234358893275074
2018-02-02,0.010364480026064089,0.022340207548525344,0.01413989038708511,0.006703402087602307,0.01681267208151639,0.008305212172195726,0.007957670162185244,-0.011600631647849113,0.011801831421589514
2018-02-05,0.00489858523092981,0.032098271736212956,0.04105591010710162,0.016091510037315605,0.027763121768922903,-0.010604002793462958,-0.009729089922225738,-0.0006010563983468968,0.008594930013759312
2018-02-06,-0.011986814257558497,-0.015239260868510063,-0.035399213976571975,-0.022222695636910067,-0.04666132157059549,-0.01338642187048694,-0.019284716794041475,0.0025855323935149105,-0.0182835396392006
2018-02-07,-0.02500323000287938,0.007693587177936909,-0.014929761402606666,-0.021516183088508715,0.016584375435359913,0.030774751070055034,-0.005192426710416335,-0.0024154260545485896,0.0002653304586575719
2018-02-08,0.03136437626715165,0.009963547881983111,0.010247760754946614,0.02398220255503556,0.03531986191021811,0.003023297763676208,0.002127122329356016,-0.013612772540047335,-0.037057638451946776
2018-02-09,-0.0038256177999334505,0.00029097403426812333,-0.006770857839400287,0.00285187804599376,0.015989118830567806,0.0007136884059329321,0.004009276236383615,0.0012069271128366736,0.0006381176206041192
2018-02-12,-0.011854071548685305,-0.00411838493305874,-0.006217679567326028,0.019762705047513485,0.02534754881333404,0.002358303093172647,-0.011356483895910622,-0.00821438121500092,0.000507279683390813
2018-02-13,0.005507476585777519,0.009349444734729092,-0.012195971027080577,0.012207776723370804,0.015242698872737416,-0.013093743995685645,-0.011915427121552148,0.002796989419276241,-0.0020851174651924254
2018-02-14,-0.004280399446284472,-0.003828119485298713,-0.006062589495838571,-0.0025126707440116668,0.02084209154341962,-0.034320523703596506,-0.019228482288857637,0.0038728679564160344,-0.01122611254769521
2018-02-15,-0.005686940734549734,-0.02355887452268564,-0.01203578751442862,0.007482418776051191,-0.04208146265730065,0.007856658070017355,-0.001957461448445318,0.0010466971881008147,-0.005526832768194551
2018-02-16,-0.0050262365036788294,0.011625516726512413,0.012285926077522633,0.028837062994849935,0.03598586485019278,0.0075071677556143015,0.026077841498562456,0.0026117967135921966,0.012595461839632996
2018-02-19,-0.0043580040545716636,-0.0019474290942623907,-0.009801204565889465,0.007341674073543004,-0.02433416464023514,0.008831238878244912,0.0010278283206172378,0.010226458475349672,-0.0018941999814953154
2018-02-20,0.03298619559687411,0.0305701752921064,0.008644601337776225,0.020928461312799865,0.015566115127906415,0.0032915884724885893,0.02576571124570436,0.0019322354192324166,0.016829081872188928
2018-02-21,-0.01700727780237499,-0.01078840738008611,-0.02363317213821848,-0.024129205015213734,-0.019285565621416357,0.00808249397215536,0.009303016656000314,-0.017243038607981525,-0.004213962385161962
2018-02-22,0.002143568678487608,0.006347335929253218,0.021943930652472885,-0.01552031742925109,-0.004767191151752148,0.010242783450933744,-0.01521297267274665,0.011084651709765135,-0.0007414370703780729
2018-02-23,0.01580535380949236,0.004288077919359037,0.014936513664875431,0.02351024674062583,0.023567784397618644,0.008177925672145613,0.008612434589392303,-0.008920248891439983,0.012120705847898544
2018-02-26,-0.001817228728335593,0.003352554595540279,0.012518396873211261,-0.008170136267683335,-3.1188031927827705e-06,0.019825291953282514,-0.000892681913050771,-0.008100734444086322,0.005337414629627739
2018-02-27,0.015766570704816272,0.010881255643711786,0.02456406753932707,0.026519749902462184,0.04103792852907215,0.013548748945155774,0.038611702366534474,-0.004305529207320545,0.02059380769476396
2018-02-28,0.029169403074782965,0.014510311619624952,0.01638626353790021,0.033840250702585964,0.004199100049436742,-0.006628152770640542,-0.020590958867775597,-0.009210241249554513,0.007711417087336166
2018-03-01,0.010118820355455927,0.010115420203449445,-0.007090437562786253,-0.025069508440629024,0.0016026194610469415,-0.04323431250771979,0.005218105559887875,0.005915764798239659,-0.0016337100334715851
2018-03-02,0.01428050325446079,0.012362988327746063,0.01641229668330939,0.004558373633266683,0.01457069533610097,0.007743034127010934,0.016360685456985567,-0.0053830971201495265,0.011307432818687914
2018-03-05,-0.0038159396752637325,-0.0036773186158982037,0.005943416359830301,-0.025063816938156437,-0.03161444744551143,-0.01933376991804262,-0.038844343690947386,-0.0048144195418999974,-0.01440893531256856
2018-03-06,-0.004151866741204854,-0.00031790860105118473,0.01074861234004932,0.019065000476507186,0.005198257456533008,-0.03016426661354477,0.008909201622581638,-0.008029791119025935,0.008907974823532824
2018-03-07,-0.016799071317133787,-0.02676051490296414,-0.025782032038206875,-0.01427605428018443,-0.0028573390857464585,-0.026898393809391272,-0.01061414337920869,-0.00387226136694737,-0.017543288466501845
2018-03-08,-0.0014391353131182512,-0.02156198045475806,-0.003329499668741063,-0.016946583665038643,-0.09816735268455067,-0.015933488293684638,-0.01609385525520638,0.005820893949037448,-0.013205457853748258
2018-03-09,0.006670068695922457,0.008783062064291126,0.021194054211020923,0.007594541801931033,-0.011578044353621732,0.01809134968705027,-0.013877032191075864,0.007073655421699323,0.007724431081141406
2018-03-12,-0.0014400327434192749,0.0032112839621341125,0.02290436704426748,0.03438327273384178,0.01793168113366,0.00539259271392066,0.01704563554680108,-0.008585946277167036,0.01225285224312579
2018-03-13,0.00041683811380400804,0.004056476587030188,-0.0065834848090945836,-0.02039042998804271,-0.042248341061239515,-0.014227346913163106,-0.011097744315368856,-0.002049534470788433,-0.008949160552308658
2018-03-14,0.02038090526275573,0.00290155269226495,0.010010952512726386,0.004023152931573607,0.008917153734256094,0.007300224675226147,0.013484515814407847,-0.004291287008920147,0.009135179039085655
2018-03-15,-0.01926888118679105,-0.012601048032667853,0.01642521367549641,-0.0008041243286542794,0.01618795931036302,-0.0017397464922555242,0.004979064419863703,0.0006411333697082494,-0.0013365974731830651
2018-03-16,-0.01287576128090445,-0.0035079696640455803,-0.014309387090420025,-0.0007272323650658215,0.008681529725872123,0.0007411469850991167,-0.005558579875042137,0.005510818657843649,-0.004745299515937923
2018-03-19,0.017374516098096725,-0.008988975651067245,-0.06074373707767921,-0.025917643587656983,-0.032027104099250525,0.01875648030916624,0.02185942475825325,-0.09768027536888252,0.004057858974059157
2018-03-20,-0.05141635785637304,-0.04034397088124846,-0.009461125533883792,-0.02443919157024471,-0.05975053072510959,-0.007140268589730668,-0.028981571278048655,0.002281924492241073,-0.025330981406198074
2018-03-21,-0.0006456568765778266,0.008766433595567174,0.008912683646761364,0.014404575221331964,-0.0019313803303680527,0.01357136109429351,0.02830705195519957,-0.009732843507821585,0.012023724873176454
2018-03-22,0.024434036933807874,0.014371622531876503,0.029413117071868257,0.015233252093660082,0.05562593402705826,0.009865019812291554,0.010138881707202766,0.010544892967320885,0.014767104420192292
2018-03-23,-0.015726817588086223,-0.015403193787899117,-0.00792977971674088,-0.03144171060081476,-0.012832298456640924,-0.012326856325968472,0.008093539802496113,-0.01778181694097279,-0.0076222870032916544
2018-03-26,-0.028873486274959472,-0.02848544930181236,-0.021015727068553734,-0.026394982599216202,-0.042753759976597944,-0.011564135136880961,-0.0056835752650939205,-0.0044887469191006,-0.017373869058972626
2018-03-27,-0.04729296145100874,0.012984666009007755,0.016700768280598726,0.016959043241356178,0.057452817409079496,0.0037157982505686147,-0.0017063038217475963,-0.00781572022954692,0.011422233134948742
2018-03-28,-0.021077403217840393,-0.023984171245116464,-0.02003846182790494,-0.016221846198006193,-0.028828581547371057,-0.017257395209680865,0.0017084451576846063,-0.02704844870406261,-0.015696380342534462
2018-03-29,-0.01064334243206346,-0.0006727833343158646,-0.0007402375631428008,-0.02096072208705837,-0.011641257062946875,0.0009750054701539053,-0.012210006782928417,0.0023479040415574992,-0.006672525873964903
2018-03-30,0.024441123379239094,0.03073511296299214,0.02127455369595494,0.02861048219630994,-0.0047664130999887245,-0.004439641316943621,-0.00141630268606928,-0.012851939221353824,0.012774285733912519
2018-04-02,0.03610201530509097,0.010974353260167205,0.0054380768602005,0.01708625465119032,0.055809451279824354,-0.007786262164508644,0.002354103872369014,0.014249134653937349,0.008384473653542803
2018-04-03,-0.021722921017496365,-0.01912848780990238,-0.022141864111868664,-0.00931823913321059,-0.02206579966262822,-0.0297878952926723,-0.008934356812450459,-0.0008900819966906397,-0.016919161956993424
2018-04-04,-0.010196587775889306,-0.01384307061707107,-0.00479322805114369,0.0004520265326845473,-0.003669393198943115,-0.024458299009207523,-0.0049288482266590695,-0.006384041374607656,-0.008497177974354266
2018-04-05,-0.024239299120749916,-0.010923471227928121,-0.020830597093023408,-0.03251545312795325,-0.016690415828924762,-0.004794538940867683,-0.013142707283815225,0.01537358544254432,-0.016359227146597783
2018-04-06,0.0014393420097081051,0.004228714080763354,-0.003919499913081978,0.006461975702375848,-0.006014956239466669,-0.004470057093729852,0.016601709849598977,-0.008848431457003888,0.0037382544359547626
2018-04-09,0.029287273650317018,0.048766443334175215,0.03163801618948584,0.011204596361148506,0.04166458027055388,0.008629397120172997,0.006076651306185685,-0.01469913378210189,0.021485203635124437
2018-04-10,0.010124456378523937,-0.010006034869484101,0.0037420802960482307,0.02543937671138702,0.010826426722324315,-0.0020776925343337317,-0.0025614887594664648,0.005478457706263919,0.002063727716660869
2018-04-11,0.0037725953258760537,-0.0017056503212434404,0.01993557092872977,0.0047294099293832695,0.037734974916210716,-0.01171909201901817,0.00284500053612906,0.002743898418134006,0.0025968772502816496
2018-04-12,0.00400198922553887,0.0166669306725874,0.007439831417428509,-0.011495363246616357,0.008416947062057365,-0.008913303316868586,-0.007178770686734495,-0.0014680171851361276,-0.00013473521363647828
2018-04-13,-0.027624518590251616,-0.012780540372817263,-0.01960491981630171,-0.04953660909116589,-0.038749577489988606,-0.005542914652051579,-0.014941826893274049,-0.007866641727323173,-0.016291646598049596
2018-04-16,0.0070349816574191235,0.03199372539781337,0.025553410195138564,0.026820611669858357,0.02952823428461222,0.017422985813710268,0.018067096646458225,0.006877966567741786,0.017567879574319115
2018-04-17,-0.006806850076242851,-0.009786459108146671,0.0011469712259757302,0.013872698445514114,-0.011407393056580555,-0.006422734325281058,0.0007071078079226864,-0.0011702818008200687,-0.0021704093622159602
2018-04-18,-0.03884460225285622,-0.03515748096427065,-0.03851944893616752,-0.06365918297991142,-0.07772458005230447,-0.025887919032982577,-0.018073871652422375,0.015606904045264939,-0.03485079245019562
2018-04-19,-0.017308829139455948,-0.012009952931564117,0.0003037642340205934,-0.020453312988017898,-0.03456715950804338,0.003073233663892225,-0.0027094373718103255,0.0067270205751702086,-0.00870885235111224
2018-04-20,-0.03190384219414469,-0.002696218559097973,0.0011066849850108953,-0.00020912978933136542,-0.017052587004594527,-0.01714252529207547,0.003332098095266936,-0.0027967974232025942,-0.0019506652131442103
2018-04-23,-0.0008234211167288261,0.012480279907863918,-0.01754236968020616,-0.020059468445319015,-0.020938653376565294,0.01749164821283205,0.011735568480806721,0.006110441885935479,0.00088692863993347
2018-04-24,-0.018873740858856385,0.007459671509604116,-0.008011048106316573,-0.0028632586278607404,-0.017455179914385218,-0.000804736561173362,-5.113160885138906e-05,0.008145868015846606,-0.006779480445539496
2018-04-25,-0.027698840479776384,-0.04385135922166992,-0.02186467745596174,-0.015070881223646854,-0.06049352001692652,-0.033582417322129875,-0.01674545909367193,0.01340847909881827,-0.027616986468025736
2018-04-26,0.009979649061595066,0.002657425162626031,-0.0059807147492996595,0.001423064171270983,-0.0008605146720592014,-0.011203028595647951,0.023350267590875367,0.015387442810444183,0.0006911974500276299
2018-04-27,-0.015369258442303121,-0.0003478395577463948,0.003349380448350281,0.0029900784045664417,0.017839917310047217,0.005684670480283778,0.010637134856748647,0.00597417118241629,0.001617063335638264
2018-04-30,-0.030586927359455438,-0.019289850235926265,-0.024581146119713286,-0.038282780230109385,-0.00847394027165806,0.011507931339056969,0.01894883446796986,0.005579623939079357,-0.008966431588612296
2018-05-01,0.0010856139955477278,0.0032407493996296863,-0.00977302911232255,0.0031372560574575393,0.0015828638167596552,-0.0166813207841795,-0.008029167403958789,0.00031590950597414904,-0.004631892578720976
2018-05-02,0.016645456448254436,0.01146909351048867,0.013317534780367311,0.013062736118893765,0.016202695050065878,-0.008125312158109207,-0.0034645645506720755,-0.007709958360328487,0.00612160634963048
2018-05-03,0.009890121113575599,0.011269474114820677,-0.0105232128944928,0.0014019098902374482,0.025261207832227375,0.01489595544864152,0.020430776888205587,-0.0003172372982821643,0.009491712255801425
2018-05-04,-0.018241634748862447,-0.00806956963584169,-0.0048221494709647025,0.007267444953969657,0.009244690991082029,-0.005689690136552223,-0.021471143572187313,-0.0008235556045415697,-0.007196939170013613
2018-05-07,-0.0026913975365388154,-0.008157732817914994,-0.002831288566650858,-0.010848440352289983,-0.01972673636308927,0.0026176831903051115,-0.0043994650942803856,0.002798798286091079,-0.0046109738865405285
2018-05-08,-0.01922462261700446,-0.01811320439523684,0.000414854024035711,-0.025431474551833158,-0.06129648299258906,-0.02813346267701392,-0.01250560575489096,0.002721801813443312,-0.018882522973348567
2018-05-09,0.0222893114181417,-0.015266494956605071,-8.957920290950333e-05,0.018881138621141484,-0.012737761617696715,-0.0011905163832833655,-0.009028255527218296,-0.007516865798218166,0.0014523408456033982
2018-05-10,0.026051489611907123,0.03851122363473079,0.02544658569613368,0.052449796144753355,0.051209179262060325,0.03367472338198362,0.014467539576930168,-0.004241523756979622,0.02930066362891597
2018-05-11,0.05694272447214357,0.04795706661650094,0.03393861538465399,0.054197705528698806,0.06431544202006631,0.012165929711529579,0.024024520664336038,-0.006337636133777891,0.03358459705156571
2018-05-14,0.0011196920002533844,0.004784119281609009,0.007757204107667034,-0.019498040116510795,0.011808902487957787,-0.01172571168001659,-0.02392968095778936,-0.00016508537640346225,-0.0061969461919227625
2018-05-15,-0.011359283087974044,0.002060567928036485,-0.015947987201170636,-0.01222424597582132,-0.02167279901422764,-0.003844819153526935,0.0011716993109338074,-0.007382875814713542,-0.0048835539859152805
2018-05-16,0.00198427319716058,-0.019966885110179616,-0.033135895329183374,-0.018144092906565254,-0.026138698702944267,-0.005923564839929402,-0.00418841690397896,0.004890813300196269,-0.011642201068407607
2018-05-17,-0.018725032449203604,-0.025629897895925745,-0.03169030252210699,-0.020748171788612046,-0.011484136520113276,-0.014318741746407074,-0.04323819276779365,-0.009851290122662452,-0.020494113980526737
2018-05-18,-0.008964397029044528,-0.010425253028205067,-0.007932353545503132,-0.012433728773522718,0.004949468865433336,-0.012075362831879728,-0.018357859260856924,0.006263317602801199,-0.01071588568006005
2018-05-21,0.007746531474758485,0.0065548414553023016,0.004041710186029752,0.02533910532325625,0.0034133168896845548,0.029363363626886622,0.010594586086447805,-0.012760832729866419,0.014356068741959147
2018-05-22,-0.018110165125453152,-0.02044270598662984,-0.012123114038195517,-0.008832581691900824,-0.03388879055416589,0.006824950934874792,0.01633858194123073,0.0142484948178417,-0.00700100567511508
2018-05-23,0.02492163788997483,-0.0045044011896545584,-0.0007621283902986917,-0.007003030633922712,0.008706250520109125,-0.003535617087066055,-0.0019849192341669973,0.01594023472767546,-0.0010042633528787313
2018-05-24,0.008171626311112297,0.0030335256725647058,0.004431394178525316,0.004557409261636718,0.015662953447374253,0.01695307098562001,0.029914501729158494,0.0015948290527458713,0.01123762097920859
2018-05-25,-0.019426326020553594,-0.013777154305968233,-0.002426433554382875,0.0004362464398314814,-0.011158190557267897,0.006805218767284381,0.007363970496138522,0.011654339994250478,-0.004214542099271265
2018-05-28,-0.00540091269208767,0.0004160514706676289,-0.03298422187594553,-0.007320236929446885,-0.07833677343451448,-0.024777663050840806,-0.004264644752328746,0.005922092475317259,-0.01542592403157088
2018-05-29,-0.011687283533070622,0.007973231136372669,-0.003052289202503124,0.02719741998424116,0.0056479445492913175,0.004558164287379112,0.022566653693254744,0.0009277407593955753,0.006936302437848752
2018-05-30,-0.0010623944548504246,-0.0009050976731650273,-0.01572991411495177,-0.009008577607497622,-0.020631415669761347,0.010085292132137132,0.004635753992982199,-0.0019028018463738885,-0.0010044810134285454
2018-05-31,0.004808518357852485,0.010435500914128724,-0.0035540647532012037,-0.009187708026987595,0.02368348224530878,-0.004327504322460078,-0.02060839415734004,0.003942583223533697,-0.0029190847208969903
2018-06-01,-0.026126263452007484,-0.014649652634045529,-0.006668429952920751,-0.008959995693291018,-0.010521246780666928,-0.024142558838690497,-0.008855145775820738,0.0005566066705757211,-0.013787218093694752
2018-06-04,0.016228173506195043,0.027873177935451923,0.040081295730476245,0.043799214745773876,0.041002261669817595,0.014634695100174636,0.019590432979054277,-0.0034298909007761356,0.02327145788362334
2018-06-05,0.015402655397382349,0.009834281934904848,0.001367273927931801,0.002469903816170024,0.023881803927604993,0.003594323701799,0.00732251657075725,0.00479865354269655,0.0061795468544078485
2018-06-06,0.014211979675774197,0.014017855119097257,-0.0018723507835649226,0.025788608868077434,0.010390475781447616,-0.0165210889907646,-0.01959052591715678,-0.10957198407041552,0.0016040027155261292
2018-06-07,-0.0039572530208818475,-0.006264207671857998,0.0020476602592849626,0.0017010335330498538,0.0023493593177839134,0.0043780095432425226,0.009508640215973654,-0.017485969292628117,0.003959677021978388
2018-06-08,-0.0375822750371124,-0.024507467660720452,-0.023270509628263186,-0.012416768648701608,-0.015416886568034157,-0.008312698330579443,-0.015114060803364757,0.008521651010539102,-0.01792060979213827
2018-06-11,0.0008484518104685641,-0.05531286996723762,0.0013430705335627188,0.015120856222530319,0.02296853464555577,-0.010409411658835716,0.008575634763076694,0.00575028730484667,0.0032763622885516137
2018-06-12,-0.012573106050530483,-0.01796192165186929,-0.019603732622034416,-0.009306228706807546,-0.03852160282747586,0.00036997344232525867,-0.018060569721538612,0.0006136957308873443,-0.012116503274435439
2018-06-13,0.044001057786437085,0.013974473879377676,0.034226067358126874,0.02855258839530673,0.04981159844586049,-0.02627889761787651,0.016438121063911463,-0.005336082965013646,0.022907609378776117
2018-06-14,-0.007178378315622215,0.008279309983907971,-0.003624267398532906,-0.0005323670626008821,-0.019248915807023908,0.005319956363360899,0.02172180197019759,-0.0010532235720287367,0.0034168539259262715
2018-06-15,-0.018786979402796125,-0.014956998547036183,-0.030669173312862362,-0.03143961573569483,-0.02741859786545764,0.008674020597717573,0.038572045250704554,-0.00227445485863114,-0.003999849916446354
2018-06-18,0.005172405503668579,0.001949142899235127,0.007009250823685707,0.005026271409935742,0.00862119743878699,-0.003180754974198472,-0.0194598525173207,-0.013315704084154808,0.0005768639364396263
2018-06-19,-0.004007514967757237,-0.00924447944854099,-0.006451078100049911,0.0034161655947364225,-0.00334354844749057,-0.010040690039860684,0.01699660189810108,0.014850336738393997,-0.004370791747114371
2018-06-20,0.01804682595084507,0.026391844247920248,0.032325982721536035,0.03235089626480975,0.048623652875688296,0.015666595405013518,-0.005244688706846922,0.002172859773562662,0.01699770034969799
2018-06-21,-0.013142401128106284,0.006239112450617572,0.010036088990598255,0.0211834979835342,0.0012436651018284874,-0.0144353384837236,-0.009979332632229245,0.0010120311785395278,-0.0021460591381121516
2018-06-22,0.020869259959675045,0.0100568818857587,0.014516752898021672,0.0010445463620379733,0.02613689866797915,0.0057611411923437035,-0.005364851622802463,-0.003702129638333332,0.007682721450704562
2018-06-25,-0.0038920727112137688,0.017740483244628045,0.008815168675505369,0.0055880674323889505,-0.02684247600050506,-0.008826189785694011,-0.005801006308955407,-0.007064327531039403,0.00010684973298477629
2018-06-26,-0.002036213030308276,0.013492780468861022,0.008390143486657098,0.007800587143683458,0.008578390459830307,0.001987071003486688,0.024345417635726625,-0.020835769637207624,0.010873811789394035
2018-06-27,-0.0938404989590065,-0.005446779704762422,0.002267378640879837,0.002648007260821683,-0.011559349348617281,0.011589984653567989,0.018132083305026966,0.0016639921621221477,0.003040387227062619
2018-06-28,0.005682026294223243,-0.002372788224229959,0.007390163724680822,0.004277377697988376,0.004727640498164145,0.020396771395517828,-0.023421091178623243,-0.012819287411834428,0.0036471482343493926
2018-06-29,-0.005534299690739725,-0.006384070621152252,-0.02160378154540666,-0.023105032344955402,-0.03265165225608787,0.027347258661509322,0.035154992577688345,-0.0029540224723913146,0.003483299869079896
2018-07-02,-0.01939703734192811,-0.03444624293354811,-0.02653469640015977,-0.0384688522279702,-0.04330193855191634,-0.029590607631173497,-0.02593619265895704,0.006446142249157552,-0.027197087413376144
2018-07-03,0.00823652908751179,-0.009291586622156922,0.005458940150238525,-0.009686529695171817,0.009591996125992746,0.0007500797509752558,-0.01776432472456514,-0.002202698702539384,-0.0026864890137257413
2018-07-04,0.0003530627408913061,0.0064198390193177905,0.023167313878842768,0.025344652637282875,0.016735364743361108,0.015132201015485666,0.0340548229970161,0.014286415489187076,0.014896214004950073
2018-07-05,-0.015469492084242698,0.006744467125601805,-0.010904424542640477,-0.021151387444207727,-0.020482264152510664,0.001902715681063116,-0.0014057781345207026,-0.004798572647442409,-0.00488013496973166
2018-07-06,-0.0116914289409163,-0.017603204929557584,0.011600684257756799,-0.0016037663488323336,0.005667472791470233,-0.008525569881436183,-0.007655991717521208,-0.004519463581669067,-0.0381468228992635
2018-07-09,-0.023432783132846864,-0.03603621698408293,-0.051685785838766256,-0.05084010685169027,-0.030496711849738917,-0.013831200429438108,0.006563818547148079,0.00969671168762344,-0.023075962888270882
2018-07-10,-0.015017313503392329,-0.0038753939981682082,0.0022548810320644178,-0.011293621987082655,-0.0002756565364127666,0.0042443966142808225,-0.0068659914187704525,-0.008696105508597729,-0.0026426396721818688
2018-07-11,0.0023988302127029427,0.0055305352567537915,-0.004804525239002153,0.0013312839096671918,0.01324967010039477,0.0082696573736565,0.02422820536157352,0.010623157644496482,0.005525676894925322
2018-07-12,0.030568685347519126,0.014613009230026508,0.026990653406100747,0.02227689889612358,0.025975210150142168,-0.01310641593839439,-0.004271400895939522,-0.01575418794152924,0.011261228011659864
2018-07-13,0.02762672361461127,0.009623469066079639,0.015194747981985023,0.005936657731173268,0.010872330369610309,0.017118768787459,0.010003833456257072,0.012179986571513559,0.010830807251918125
2018-07-16,0.018499651951941604,0.01368589341810084,0.02104809238765827,0.010769455098102149,0.022250312281932638,0.0051906732257979765,-0.006479228081584161,0.003375678925951451,0.008095487062293667
2018-07-17,0.011342336621248847,0.025262244696833004,0.033649202993456716,0.018521276458453376,0.037806213207469595,-0.00023531525212330421,0.0026284829020986186,-0.00815292420904254,0.013702747443630111
2018-07-18,0.007288048260360276,0.0026046224016116927,0.01618564359269675,-0.018987260119331245,-0.03247355401014785,0.01314984288466902,-0.068554834197042,0.00046441327362348937,0.002939945405494835
2018-07-19,0.0004632117333941931,0.023291180418957395,0.023226729364594172,0.018603212338793758,0.014883557737033905,-6.046762361504597e-05,-0.02690186433253203,-1.6588987640293765e-05,0.003760632197314367
2018-07-20,-0.026918296797653216,-0.025304992120535514,-0.033997845811631344,-0.038896176108777165,-0.041783524112068024,-0.03700916673882392,-0.011308689851483394,0.01185029826763753,-0.02743862106317238
2018-07-23,-0.04288256941138872,-0.03978617431383349,-0.020212285015575742,-0.06588306572957359,-0.06620830021298403,-0.028798985107854048,-0.006039087360453823,0.00016981539418002372,-0.03019241999974603
2018-07-24,0.010846800175494279,0.02833226873164434,0.017360739989764035,0.023457721280206796,0.0025597077591381213,0.021993665263987987,0.00208561722217497,-0.008444386200742813,0.015258847534036977
2018-07-25,-0.026693672831819004,-0.015037107925448503,-0.0044963969483316785,-0.009522456271854688,-0.05049405662364849,-0.007285918807291743,0.004947442033617525,-0.01400855077222146,-0.008386820986159645
2018-07-26,0.01633379180437563,0.01420048507921304,0.01669207145850739,0.03773727033962922,0.03705623199282188,0.014924132517546023,0.04428712853972826,-0.004464159387434525,0.022558065150201687
2018-07-27,0.008418635083222948,0.010828096881986549,0.002645824377887868,-0.006030810460427435,0.049612210478620626,0.005997882910128915,-0.007136673798215403,0.0073990372293525185,0.003738595089191914
2018-07-30,-0.0035873935812462065,0.004202139491510513,-0.012384688953163619,0.000998121547336977,0.03213389988989627,0.004158630701840338,-0.0046704119349628235,-0.019416535385066446,0.001156406991177221
2018-07-31,-0.0036064647163600683,-0.0064953822125371026,0.005223892522995295,-0.023062617180829664,0.006348545636645627,-0.0061746236498372385,0.0018898902306053614,-0.008612969019222828,-0.002684682381122047
2018-08-01,0.022843951399566687,0.026389812721210573,0.004494450763073395,0.0268329350762557,0.038183448555440605,-0.013109567618984876,-0.003649997712477203,0.001316603532118924,0.008473067845228839
2018-08-02,0.003999612499722783,0.00619415701373663,0.02070213465687167,0.02539942954116748,0.023824434528375675,0.0008176298902238445,0.0004195140906536821,-0.016891635624261343,0.006780751731476727
2018-08-03,0.02289903263006384,0.0031703770971515423,0.010605537757025947,-0.0014382356547265702,0.001807436472095467,0.02407195241765073,0.005633156234546103,0.0018396516796467125,0.00964567107822557
2018-08-06,0.033721210070876646,0.029605387370264247,0.023396262740225496,0.03366781559908828,0.01856253098482805,0.02667482265792314,0.01177578036539877,-0.006682319393779576,0.02322479024518991
2018-08-07,-0.009368712194221623,0.0018415942579855797,0.0018113969952452116,0.0072664616065977175,-0.0005005053976813278,0.005645349308123957,-0.0038299293807125836,0.019053470348993098,-0.0022464072954160638
2018-08-08,0.02311385971959615,0.031211127363297717,0.014722444600765217,0.04953240982995481,0.060122219873907735,0.021370973868426315,0.011871004452603058,-0.005584014439864344,0.024036490690686578
2018-08-09,0.007761328121170533,0.021324760995537113,0.016616870644102066,0.003874654394534857,0.03400373692345236,0.016228906970229606,0.01713247936636617,0.00393837354495201,0.013140211892706763
2018-08-10,-0.015512812839654347,-0.02002954066314635,-0.03349855979237663,-0.019191186777999386,-0.03145746743019365,-0.013214243801069253,-0.04784352518864168,-0.006613142833835342,-0.021421591054099715
2018-08-13,-0.010849884867215085,-0.002945788767737349,-0.019409867523966676,0.007870336272824189,-0.011365915259237162,0.0002802660468391627,0.029643891184667148,0.01420847200209195,-0.0005262202726806049
2018-08-14,-0.009590404672789005,-0.009902212446471772,-0.0026044984730670385,-0.008032292641169612,-0.018446287463713323,0.015983814254131073,0.004475248830555516,0.02013105557724453,-0.0036412596016540694
2018-08-15,0.03236307242093456,0.025908934610804353,0.03336002298347574,0.019123418564402604,0.02498208127974529,0.017354528614589988,0.025279197976047947,-0.004327366012910009,0.022436760904634017
2018-08-16,-0.023119686500294563,-0.031468292969275106,-0.04357304855414563,-0.030117868847975925,-0.02399677314247885,-0.05969774934488786,-0.039595306484581226,0.003922560608971214,-0.0254644527157946
2018-08-17,0.03784295881567387,0.008949961898217564,0.009470290328997839,0.03639540598780702,0.04100840462135583,0.01620973653683177,0.011419919951145349,0.00023003044215376,0.01815054484384133
2018-08-20,-0.0134049807236467,0.001227324303350951,-0.017241928695843275,-0.0042752982304343976,-0.007373374496224817,-0.011540431157698355,-0.006831290251601323,-0.0035309214398088896,-0.007114303849234282
2018-08-21,-0.0053641619018912345,-0.015924220831709333,-0.007379009797185916,-0.02390029249089022,-0.005169710328544266,-0.018497284101379876,-0.016778455285677278,-0.002746843726541531,-0.012428200787031081
2018-08-22,0.0066987829173262075,0.0022821947687869703,0.00827016889066728,-0.021094865428414857,-9.247062465447798e-05,-0.02276095179944496,0.014415639666253118,-0.0007447008306929708,0.0073629723334680715
2018-08-23,0.016670007517650885,-0.011347420275161293,-0.021642713357124786,-0.004980667676320168,-0.018093190869407996,0.016707640748261546,0.0035789652540802507,-0.015888330640980292,0.002903136953223677
2018-08-24,-0.04762671035325386,-0.03429399346697604,-0.03344067818197161,-0.04004274563204918,-0.03647553696360343,7.166323833887128e-05,-0.008185685109630315,-0.012635939834912516,-0.019969983479490677
2018-08-27,0.010668649557613834,0.01085943881504844,0.019632825718140394,-0.0014807419593121816,0.05095800661935594,-0.00807856161518168,0.007412014057186233,-0.01525098364079154,0.009083593871303327
2018-08-28,0.027619244773887854,0.015710673803674313,0.02477005378514701,0.02337046176724935,0.030479956002082812,0.026325052208635697,0.01139722344089602,-0.01883317394291594,0.021823474072837194
2018-08-29,0.010595124132085644,0.011789076363588875,-0.007652987257862262,-0.004779197485827502,-0.0034992318783834257,-0.002448158371635748,-0.018146350665170147,-0.005723459404278616,-0.0013330161486424952
2018-08-30,0.014481583429982776,0.019088579740880858,0.013164412881488521,0.00990228035291158,0.02416684254944971,-0.0047403622648503185,-0.015359776078099605,-0.009675875309132987,0.005880138840457541
2018-08-31,-0.019648733001582142,-0.011085123868156068,-0.003138325467431496,-0.029407808452708253,-0.021628030144661484,-0.007940284210534485,-0.0005297919487289749,0.0018949107724984629,-0.010628778471021998
2018-09-03,-0.021393438410485827,-0.013759139453450553,-0.0018822407783053948,-0.03818748342588903,-0.01990306069286661,0.009141955223697392,-3.6646938395169446e-05,0.006390019331579351,-0.009145648381018652
2018-09-04,-0.001232405981874754,-0.019037028281726938,-0.03749209444779644,-0.008096343012613028,-0.039254309058275254,-0.010730942103848366,-0.02450019249749163,-0.00876837055337706,-0.014442653229248727
2018-09-05,-0.011995516246365542,-0.003514220620876159,0.00012368660952074726,-1.760131754624636e-06,-0.002115315190755032,0.01780208301269313,-0.007745616171223832,-0.0002183971092160141,5.606834235506242e-05
2018-09-06,0.02317740159601239,-0.0004532812805615545,0.0013777243992708862,0.022523835532117426,0.02547702294404463,0.007178078987363995,0.0015194609588221651,-0.0040783210355643685,0.009053676490374607
2018-09-07,-0.0035784452740272982,-0.0026665093529754467,-0.0015911119902500014,-0.01077396447758317,0.003736570051052598,0.035602481039049616,-0.00898085690478997,0.002326369845282941,0.003105322134039144
2018-09-10,0.011057440049573403,0.008132057373808808,0.01566127407251742,0.025420367115606322,0.023367712563914005,0.01916777234267038,-0.02180741598662141,0.011608031269751386,0.0065568303686200065
2018-09-11,0.019884385683583024,-0.0003603502367005972,-0.004953132368322909,0.004592907112524188,0.008108840030987005,0.00674799942192003,0.01871142743526622,-0.015527551022359897,0.009461441143295802
2018-09-12,0.0010190950338779016,-0.0014248290097547275,-0.016749304596510934,0.00038683794156632226,-0.04782136568116008,0.007554257745444207,-0.01604789124136148,-0.025034508678923015,-0.005660205530248774
2018-09-13,0.021501729783301508,0.012555318942450558,0.0047490861897352896,0.004855526857612529,0.0408023606595863,0.011781986571634288,0.0014848816907724073,-0.0035164469778806236,0.010590520363781886
2018-09-14,0.007725056714467431,-0.014626861200219603,0.0009782823706983882,-0.0017060937482650034,0.039392076930042486,-0.014176861447271743,-0.00843049896576668,0.01708060944754962,-0.00538852389128099
2018-09-17,-0.011407010448627382,-0.00487112574680253,-0.005492545975974382,-0.0027289321613983334,-0.021632408970407788,-0.0036327518805418873,-0.023757803098493447,0.0022966950049151105,-0.00914598702976464
2018-09-18,-0.0031382855214114286,-0.02024465396513359,-0.0022448224100233296,-0.004411163618819518,-0.025491210058352365,-0.005600630576577207,-0.023047557202861852,-0.007045678991524098,-0.00916151514118201
2018-09-19,0.022540322370544135,0.00801179876274392,0.01678870519572679,0.007037542481945334,0.024469002630039222,0.004506174090092263,0.015943895646183304,-0.0064197927458410665,0.012065148233599242
2018-09-20,-0.02350227387068261,-0.02154873922936728,-0.03196176991717152,-0.018912070358680734,-0.04194113100982725,0.021172547197231332,-0.017223346034248854,0.0046231341266977245,-0.012849902664646742
2018-09-21,-0.00782976574830745,-0.0034176271108889026,-0.0292401572079841,-0.0098639575560739,0.019078571604275854,-0.01067131663490588,-0.0035468869919439566,0.011466328207936232,-0.008701918003816462
2018-09-24,-0.009374158663540817,-0.031923150977931726,-0.014515517299937886,-0.020207869630025577,-0.046394413245668314,-0.003951671550883182,-0.012382507868891935,-0.0015184623472877775,-0.014015146371510776
2018-09-25,-0.022733830923423126,-0.0030861462530228307,-0.022189122898452745,-0.022003255626642362,0.011907699885123505,0.007127424048643154,0.0011464092958255647,-0.005660097557151988,-0.0049972841320752425
2018-09-26,0.00216547093724105,0.0020842604409104506,0.0007118903329822235,0.0011295736962519262,-0.001181104307131664,-0.017359776235520662,-0.014010903634696986,0.008354635675602582,-0.006230252994949514
2018-09-27,-0.002470429081481229,-0.010758929239374198,-0.0059101742693470445,-0.011352224154469414,0.016075080051116342,0.007366903257933766,-0.01709600731891582,0.007180630089148173,-0.005774103194749842
2018-09-28,-0.0093042435006616,-0.002443992021658286,-0.008946185336295109,0.005105930233895675,-0.019763893968227766,-0.009850312252479659,-0.013761872777711853,-0.0036199252777198454,-0.006678775938370383
2018-10-01,0.011963939994429304,0.02764388463109043,0.04417172696909317,0.014891487894937988,0.03559058869736694,-0.005979671037782863,-0.009902472382387456,-0.008814311415119446,0.011496792977187644
2018-10-02,-0.017680531669405024,-0.01325104592273585,-0.025280659301104555,-0.006897941898458973,-0.03863901207965409,0.0003166462311404161,0.004525445556503761,0.002027019733245619,-0.0032966299803192257
2018-10-03,0.030965645912100503,0.03363743692436181,0.030477281743721402,0.01295156218363453,0.04476033140190242,-0.0030194699549719014,0.02246893261944079,0.0029140641170701163,0.017996297874389368
2018-10-04,-0.042100611495533895,-0.03911557638558287,-0.025586263525316726,-0.017546247498335,-0.02766114311373886,-0.033244156922804344,-0.015935207731718408,0.014930463489132514,-0.02774562248265616
2018-10-05,0.0007335933269354045,0.003812876441467861,-0.0008447900063663118,-0.02176215442861079,-0.009603958261669758,-0.004188788417274478,-0.0032425881414259923,-0.004571226980398396,-0.003159221138403937
2018-10-08,0.00017266288250242245,0.0053542573787470505,-7.105484424091402e-05,-0.0030961885598266687,0.0036891995629866844,-0.023781223388310235,-0.0036682950534742916,0.000740617546511936,-0.004795166821685366
2018-10-09,0.017818776232367772,-0.010071863673448275,-0.02379787800796629,-0.004174225755011052,-0.004624124722180422,0.0021924618993210345,-0.00490477413226971,0.0068812868226671535,-0.0034960291133938415
2018-10-10,0.009409661131377879,0.00353667023534509,-0.01883691128764462,0.006762560058111698,0.024689634602720393,0.008300153959677741,-0.008580669321818737,0.006257331300027209,0.0011559807807253655
2018-10-11,0.028367950081837318,0.009218887851648235,0.00934057153736293,0.02234299699754766,0.02622104522543444,-0.0069379200224403085,0.005082943196749946,0.0034238602292729846,0.008628385408243351
2018-10-12,0.004746129932858272,0.0004427867919122865,0.017420257715843677,-0.004140945052728635,-0.004521319973434886,0.002814026471104454,0.014208652157383721,-0.013725560543204281,0.006438538965204692
2018-10-15,-0.0350691365998696,-0.022865441471757706,-0.033881948895938596,-0.032587945164782826,-0.031381725374739544,-0.019903870061487798,-0.009960310588319324,0.002514763011996825,-0.022064111234983967
2018-10-16,0.009253487253746402,-0.0014676100662334515,-0.0007362964678150215,0.01433821080337464,0.014266676730747423,-0.015776911413604898,0.0022878940598917634,-0.00868626308128715,0.0017352954893938963
2018-10-17,0.018936421527476658,0.01616551717092291,0.0156779587346657,0.012959508033488118,0.035865629380486375,0.0015953487508115064,0.0058723558276423445,0.0054515957642746185,0.009972827109824757
2018-10-18,-0.009995602458309877,-0.020047979985046937,-0.026058295055587478,-0.04117256643155352,-0.018463520580730152,0.015938305824343905,0.023718411102961738,-0.01130159876145688,-0.0034668432859018324
2018-10-19,0.0259566141382394,0.012372370191537007,0.014308350999748688,-0.009697458074779881,0.023102106947666425,-0.006992403240581487,0.0024914626831833587,-0.06426882849523191,0.007653262915957503
2018-10-22,0.01894372090109891,0.003974132793759357,-0.005868387735718308,-0.02299384528055262,-0.002461338362229966,-0.004867574158006946,-0.02105373048584875,0.003860698251669272,-0.005289375770212949
2018-10-23,-0.01810118294661711,-0.018195549558187904,-0.0033903596308319612,-0.004493052382734459,-0.020436565037517108,0.0031575329311030586,-0.016136026351868078,0.0021506115840388444,-0.009069445763152778
2018-10-24,-0.00741412118262757,0.00020226229084865282,-0.010073762022869127,0.0013710249115540137,0.004846444504561049,-0.038967446842330736,-0.0019990533142305003,-0.02366430277016277,-0.006231370035072543
2018-10-25,0.01895845524591558,0.009279240405430383,-0.006235414427862435,-0.007919746669168247,0.0273304427249986,-0.021320320092229738,0.007081365890217456,-0.0001370656730325287,0.000653018824619934
2018-10-26,-0.009412167240626584,-0.017644544968857857,-0.0033814044588460603,-0.0006834177894254002,-0.04408139004150244,-0.042397719618874535,-0.015443579026548374,0.01257151116692814,-0.012206015383501845
2018-10-29,0.029168957586138206,0.019333719998169744,0.005450362145249172,0.007228383237665616,0.010730500474680126,-0.011365823775990285,0.0009276634846614563,-0.012382329791856538,0.008307439562105315
2018-10-30,-0.005823847597163666,-0.024174764926919303,-0.024237823826380445,-0.029687029609900766,-0.04387106478518019,0.01970400142697932,0.007926033286095905,0.004167807188712677,-0.00747801389357505
2018-10-31,-0.010661809581702757,-0.004471371585848364,-0.01629698614742528,0.0017795185377342544,-0.03188332396518907,-0.0067005571362815115,-0.011637205343794225,0.01972462174857244,-0.008830149054842569
2018-11-01,-0.003905098586863958,-0.005084778407166504,-0.012012918917754457,-0.0007372529845620921,-0.002910715795377878,-0.0031891125751238136,-0.0080691138133282,0.008098496970105718,-0.005737704299042034
2018-11-02,-0.004536615802753644,-0.0016333076295466477,0.016497640554099205,-0.012819040182169426,0.012408600556326053,-0.02369705850935769,-0.007389814209875304,0.014182605409607814,-0.007673229824221529
2018-11-05,0.003882559374663577,-0.0035641534148540674,-0.0010130116898881263,-0.003898620501363438,-0.015247323896816803,-0.0031031762635337357,0.001879127221821597,-0.006256386707898885,-0.0008212630350624697
2018-11-06,-0.02311942318282747,-0.010806635852232838,-0.005747322632190214,-0.008319254087667757,-0.0010147899515435175,-0.004462242980716734,0.0006446552955950223,0.004743796880405096,-0.0073871442943655155
2018-11-07,-0.008489801111755575,0.019699383768829192,0.005132728290978524,-0.001225285436557751,0.014877285803344086,0.003801285422980602,-0.017151876948415468,0.008744030655756749,-0.0006745583582233369
2018-11-08,-0.01872196680478022,0.001204070085609953,0.0034022553692707454,-0.018446660613600785,0.02085134480569528,0.0047441502671710595,-2.455295461171905e-05,0.014429892023087263,-0.0038817703719870754
2018-11-09,0.0003776769878477531,-0.007042380265206225,0.0021158310519001555,0.004131519114576128,-0.000936885779918338,-0.009962994985529987,-0.002727750399377069,0.00021411821386151022,-0.03393907055549095
2018-11-12,-0.02508731384803094,-0.01013983453829524,-0.04014885601574871,-0.02033792653992509,-0.04002286667862716,0.007505687172543759,-0.00645812549275562,0.008680665484329771,-0.013842087869539473
2018-11-13,0.002879344714463475,0.010509819282631798,0.0019330016406000562,0.017614182345936612,-0.006121114955665188,0.00620027619810594,0.015919070207404143,0.004450006385831525,0.006726748260973272
2018-11-14,-0.012592787958270369,-0.02388466069890742,-0.028197287001079888,-0.012904337907547709,-0.018451094057508374,-0.005640787716441836,-0.020176559721312198,0.010128604172663277,-0.015890709220761988
2018-11-15,0.021314965053225488,0.04693813460059634,0.03719902130045919,0.041943678851223666,0.04399139917210358,-0.010603079012257944,-0.008427745718101598,-0.01395450067394174,0.01797268006222419
2018-11-16,0.03125258970408335,0.024206550996277842,0.025709801243135225,0.02086039830890906,0.034380675555351244,0.02257257865784617,0.013161036770586327,0.00032632979724563327,0.020382795200263412
2018-11-19,-0.005161993855243151,-0.019232048794042274,-0.03447226543906265,-0.023059288666754725,-0.025504953347258608,-0.02236615634724449,-0.011990476039664967,0.004335963610538178,-0.01754756232165941
2018-11-20,-0.015268265911020311,-0.00536942304436183,-0.002440407863681464,-0.020658413082436655,-0.012113232947673159,0.009239164942506314,0.013071487457495755,5.454318258921093e-05,-0.001918418384384872
2018-11-21,-0.010227577423912686,-0.0013109828055935613,-0.0009588620964222242,0.004699807914252241,-0.001263281990433299,0.008744861277085198,0.00406384478091387,0.006989078079646895,0.00023027699132613697
2018-11-22,-0.013317500038341978,-0.029245075215256572,-0.0038985142138160374,-0.011968646421604725,-0.054334930546313186,-0.013593913868498383,0.0032888697690513745,0.0001549166722169136,-0.012382230014918161
2018-11-23,0.02558224933014677,0.00541081655510289,0.00016737431171585953,0.010558469263438607,-0.02644126839732705,0.01139415105778518,0.018931847963257288,0.0003606896846091375,0.01170993141247802
2018-11-26,-0.003699005711470546,-0.0015505570151914808,-0.0006230497431069845,0.0010585638442820904,0.01201367221669594,0.006230106554626467,0.0025471846464932423,-0.006515176933155986,0.002506112857743938
2018-11-27,0.00037882859887560503,0.0026589068096825362,0.025759772386330024,0.003158039554378338,0.017082921819455216,0.016350469726028105,0.009049568768931749,0.018299864310090765,0.006366778842186803
2018-11-28,0.0065894124387169935,-0.0044634821562640065,-0.005142104347005187,0.04467636390343777,0.015141858245753911,0.004305047534617301,0.018461335031080165,-0.00038598568483604083,0.00460709860540098
2018-11-29,0.048566830157572974,0.037162272359829364,0.025396319942555375,0.024717339228491883,0.03491934853565446,0.026419179105727615,0.012447599049880511,-0.004653600307170316,0.026037357303114704
2018-11-30,0.013775329188639353,-0.00020388129525658735,0.05975516282200007,0.0029172087371868486,0.015220749079433915,0.005776958572157376,-0.007870606903778988,0.005901260395729893,0.000946812052154773
2018-12-03,-0.008326061148413617,-0.016085598451550914,0.0025560726315862663,0.0008918553814319159,0.000978767540228859,0.013416310812583843,0.04196818753249402,-0.013817486653784083,0.008632765642795984
2018-12-04,-0.009995291038984666,-0.01614309227524701,-0.023826945560197405,-0.019942781035479702,-0.0452943354669886,-0.0010018867502698894,-0.001015233259663145,0.0064245030877344966,-0.011724326352692355
2018-12-05,0.011509057026579624,0.00366074414888232,0.027887872042380128,-0.06734664852934788,-0.014757468419442437,-0.0066672073324189765,-0.023513721404738,-0.0015985555244139261,0.0006795382004382277
2018-12-06,-0.00738923682267637,0.018125378896905686,0.015350124372593425,0.019192518644571388,-0.0016886784149901923,-0.010000500538603616,-0.0030342460396621178,0.00023886999745400056,0.0024038009888031394
2018-12-07,-0.002307301074306179,-0.0011727486681375463,-0.0036111088422723907,-0.012289946607921827,-0.015267646676013344,-0.0030913767612523995,-6.0797861568875455e-05,0.005699286451969775,-0.004412091321114285
2018-12-10,-0.004318789963191453,-0.007862146422239471,0.014832080635900325,0.0033866803164626803,-0.012425041183258713,0.00897829648436226,0.016501337560745365,0.011309255599527014,0.0009028659226473235
2018-12-11,-0.014409128358888999,-0.009265931548503796,-0.008724807528533978,-0.010855170290692988,-0.027163230964511002,-0.022692318335042934,-0.00978328195131192,-0.004283183302275966,-0.012098667805259384
2018-12-12,-0.013132595736931542,-0.021068930232946967,-0.013184971028676943,-0.01331872353558387,-0.011958787217477536,0.01673370370233328,0.01099379958938719,0.0058927229128515664,-0.002614019738124515
2018-12-13,-0.021825897780436726,0.0036074483845249606,-0.012739687877991332,-0.02091108782758222,-0.017027691226567335,-0.006143201235904837,-0.016416580320455388,-0.0009795458941560054,-0.01063094623905875
2018-12-14,-0.013343375108826857,-0.024551567027169537,-0.007613167674708655,-0.008543478027817998,-0.03250041800501749,-0.0247537083465878,-0.022283793670588074,0.00267577107558329,-0.017312040398562985
2018-12-17,-0.01741057158723291,-0.012391279925710983,-0.004035632563504588,-0.03956910964188171,-0.0061425610681943126,-0.02050702263448448,-0.006332497460871049,0.004877521922965508,-0.014637313440814089
2018-12-18,0.010590408559992754,-0.019729210376198496,-0.018275589998062235,-0.009248075702057943,-0.015517148485038866,0.0045326371633322045,0.01226271228827565,0.006756440533554728,-0.002977849599666944
2018-12-19,-0.03169330791257805,-0.026156908015742025,-0.01837831055854566,-0.03664715449690227,-0.028989990148586917,0.0013319665936517163,-0.0015285920291071215,-0.022320908893082053,-0.011911208886332576
2018-12-20,0.03414226546745301,0.016825415971035245,-0.003959599287484885,0.02811630375938501,0.02945414037517088,0.02166147311322958,0.01577505676688622,0.0013369914005448803,0.017453708707088324
2018-12-21,0.013175553311130633,0.034903909657867035,0.03469147425314143,0.007844498668118368,0.04184788004003517,0.02288456867368938,0.02889235561567926,-0.008120607353258806,0.02320702172397846
2018-12-24,0.01723685367263461,0.04097317472031123,0.02047985844944074,0.019637653943195554,0.03226112887336469,0.0026461190792583657,-0.00747189952015169,-0.027240778760076762,0.01649331370169773
2018-12-25,0.00738787967770451,-0.00045642110958166453,0.022447747850995035,0.009194381858794213,0.034954382421196806,0.0067164351114476885,0.014496559157589997,0.0013379111730604885,0.009543999628581889
2018-12-26,0.001859693266035209,0.007092154558991895,0.008683268994815415,0.0023681485360307042,0.014688025904988123,0.03006957417667268,0.009761279067821699,0.0019711750518053616,0.010251624649700312
2018-12-27,0.020985193293042742,0.014373694542937101,-0.01270881179709147,0.012325033794942368,-0.02409246355021718,0.023195419751211848,0.014844200633202236,0.006418558601889192,0.009349460815078368
2018-12-28,-0.02651064201312542,-0.014551206314033649,-0.01509421496258603,-0.022609876770310434,-0.02646035466684832,0.027488409955284076,0.02017319224293395,0.010552145900427115,-0.0035362538104432737
2018-12-31,0.026968275251465,0.016080459439673938,-0.006763950226264233,0.007528100947588369,0.0341050147685192,-0.006937977688239722,-0.0034078332990516817,-0.006726202491582843,0.006557873939078324
2019-01-01,0.014092195080339013,0.01703720375203221,0.02021285976346482,0.015826424640089848,0.027572655161454823,-0.008801354678666915,-0.030956667808855646,-0.00039866436508230804,0.0024592054040089035
2019-01-02,0.0222024379885852,-0.014314877710833021,0.0420117031219631,0.018872374802857007,0.035294253295256504,0.017121083756803306,0.04529403993069527,0.007491933852162337,0.025139731331484675
2019-01-03,-0.005966920739048079,-0.013817774144496224,-0.0011400684153036694,-0.020559928963171374,-0.018953423938787437,-0.004004154881262713,0.01893563885235031,-0.0016950253328267611,-0.0034460146471162025
2019-01-04,0.009770583125765812,-0.0012024456707028796,0.0018464466883652056,0.0013381323841057413,-0.00023322687122625954,0.012009140647467423,-0.014427475309366635,-0.004909005500849296,0.0019827955029789106
2019-01-07,-0.009958421456798573,-0.024733584327530565,-0.00997133249230001,-0.0007668280560896637,-0.01932041330194239,-0.029128342833858737,-0.004956251200293376,-0.010828121436377586,-0.011702927480314297
2019-01-08,-0.014780374645877229,-0.02285463056626952,-0.022019227728561918,-0.021469448541189887,-0.040112137905692555,0.000849667757098581,-0.007655187455700506,0.011215180495889448,-0.014323416995227786
2019-01-09,-0.011430736752949032,-0.017274676507571276,-0.031055734455047494,-0.01575127157965661,-0.03172253524724415,-0.05876469536244298,-0.02488170772653208,-0.003468848235839117,-0.02103473698518247
2019-01-10,-0.02916117575944725,-0.03566915346495939,-0.01602933016522559,-0.00832414435563046,-0.04887771860899171,-0.016994586730434604,-0.0025568729537941187,-0.015572034967635347,-0.015273551516372554
2019-01-11,-0.004078655882720075,0.015098766943770311,0.0034839190977690136,0.007082208400891703,0.028971848103648543,0.027544778535331143,0.0038369402194174066,-0.06813431439235586,0.010325279908437745
2019-01-14,-0.02597605564724607,-0.005478173084959231,-0.020214308363875024,-0.013441701383771506,-0.02672261500965538,-0.018926566188285334,-0.023825996684745818,0.005288308688634885,-0.017399910056787413
2019-01-15,-0.0014153156581742901,6.057988438612873e-05,0.00592346416235746,-0.010416015032254654,0.011793400582286262,0.010345581900157762,0.03907848623267675,-0.0035121827190743617,0.008854362388094497
2019-01-16,0.014436298958883625,0.01917176616470199,0.008953376520458425,0.008377960374898604,0.02986393358442826,-0.005430067273732072,-0.006127049253941036,-0.0006565052150613262,0.005790908487737945
2019-01-17,-0.009791101336483176,-0.027276517220993543,-0.03971559332845154,-0.041274861183156424,-0.06227507550536184,-0.010131286715451715,-0.02211109422763423,-0.0018293876943201955,-0.02215349477262763
2019-01-18,-0.00689681246280304,0.0106301345095326,0.0121346856895801,0.006615736377508849,-0.0008427269343484795,-0.004158364089771185,0.002957601373376131,0.004240600138974658,0.001434745381301304
2019-01-21,0.0015164759196490722,-0.021867152867468848,-0.01069055240345462,-0.02879390747805433,-0.01783192888521291,0.01516637271919534,-0.003650414684050938,0.002962781998919323,-0.001957082236867409
2019-01-22,-0.0008960686945515796,-0.00168851306323427,-9.427633566403098e-05,0.009707955874267406,0.026516150082190694,-0.00020996297036951934,0.009934239149621962,-0.0054441661539794866,0.004471593960357505
2019-01-23,-0.012567251281553227,0.004203813218775674,0.023892763061570437,0.00514407983471174,-0.03468535937468716,-0.005531375207169132,0.015002472527901552,0.003614266094446648,0.0008646712775853278
2019-01-24,0.01866425337432841,0.018194971176167946,0.028434683069611832,0.031962323585406044,0.06047778236326243,0.012473063794564053,0.048990359750968465,-0.005597083065726272,0.02075819729089598
2019-01-25,0.03097756735515665,0.023378710076048033,0.02978975711862819,0.027243314906887174,0.029255846261555307,0.01109596012152319,0.02805464465462385,0.0005936269352311466,0.021248904282186638
2019-01-28,-0.0029235394815557716,0.018512523243420793,0.008238096432795715,-0.013483483209183057,0.04043841061313075,0.009598848388241108,0.003095995823862135,-0.004091485907350251,0.006527952809142117
2019-01-29,-0.008686672738475417,0.007452975135594162,0.008500585967250347,0.006663074976537429,0.006854202705056274,-0.0019424508084930475,0.012857616002061164,-0.0076890834932754615,0.004551253542059692
2019-01-30,0.011710720944438893,0.015214212764598336,0.017035896362022497,0.019087472966320275,0.016409469116694216,0.015544292357158415,0.007980662116632505,-0.006629543487199419,0.01337459227981449
2019-01-31,0.036513750087851314,0.00490340328779097,0.01644250082538373,-0.005235968109772791,0.019058085438729194,0.002597241392171818,-0.023149815115202636,0.0014484153706558357,0.0038666929746881103
2019-02-01,-0.03615350368049423,-0.014419672916482253,-0.0010980517959542863,0.004584618465228205,-0.014384563833210429,-0.0064564094403806544,0.011478848797694048,0.01666663560762815,-0.0086104803886607
2019-02-04,-0.015734146430424843,-0.00802134608532467,-0.0035826565719348953,-0.03029725734016655,-0.010890546170733052,0.024279696748839293,0.017497463374122408,0.013222097635534754,-0.0015641536643619446
2019-02-05,-0.00041843397147844463,0.0042636564394453935,-0.006449878716690957,-0.012666559651578677,0.019745224636355647,0.016462091345065898,-0.006719601176102362,0.008333267758524067,0.0004476596302442794
2019-02-06,0.006866675749476181,0.010031735636653799,0.018432704397329202,0.012478943708871799,0.04165260860056231,0.007742478122521094,0.012327591892099025,-0.008539467942027828,0.012377153232049147
2019-02-07,0.009159948583284942,0.014438041155140389,-0.0068075023839116195,-0.00507033776152781,0.030053949986027267,0.005337125802031899,-0.02283393370373245,0.008479743460318573,-0.0004946516418693899
2019-02-08,0.025766307644422788,0.016438826995938353,0.017866943610121415,0.03264243164436809,0.016435879616886372,-0.0038672582129796467,-0.0011050303327258327,0.004496168569934358,0.010081912342309216
2019-02-11,-0.028548348990701976,-0.009515029628369908,-0.018699300335212856,-0.021179910983845,-0.06047025876864716,-0.01579627739386592,-0.008891111901509879,0.010611376507827022,-0.018460523763001925
2019-02-12,0.030106382826564356,0.0125583598543039,0.006766766721488589,0.03295748123889052,0.03349684766458431,0.0008017535067119472,0.000780839175026668,0.00961483746318093,0.010537868610185562
2019-02-13,-0.013533861626470094,-0.009320993086508753,-0.007704000192002527,-0.021395816922137288,-0.01872080042233135,-0.0040911111830420795,0.012134462507710097,0.011938219072025195,-0.007555290834488444
2019-02-14,-0.00290076286615835,0.00582075074397864,-0.0035307693793251455,0.007650352468568838,0.0013548054035957483,-0.012173573235592698,-0.01818782002733645,0.012847141695506168,-0.006258399216964986
2019-02-15,0.029806142503293373,0.014300263859045648,0.018401037568452662,0.048070874334657954,0.01858192831003955,-0.014232358065276762,0.01442663791592208,-0.009462453426401387,0.014664529654808557
2019-02-18,-0.00946160995017679,-0.003068126731478063,-0.014371218596796236,-0.010333727873043902,-0.003734070792702593,-0.01616183678634214,-0.017684393877070496,-0.0008935153260062729,-0.010406143305787619
2019-02-19,-0.006580259288614295,-0.0028393429721892977,-0.00757964637196045,-0.008460024747934041,-0.00853164370535781,-0.07773514863539432,0.004031051421437417,0.013478024219072812,-0.0066175246597308226
2019-02-20,0.009431108253404968,0.003792093444631049,0.008334950482917278,0.025856053803464715,0.024470207353410087,-0.018931048838479514,-0.001456998455761144,0.010412358412490068,0.0012904031615538778
2019-02-21,0.018434363163867838,0.0046913314443544395,-0.009352021939087858,0.004601820207774223,-0.02260779568597761,0.00035239806802325356,0.01940094778720324,-0.016976224385504123,0.006859549278653685
2019-02-22,-0.01733032189829864,-0.012096669904603445,-0.015207010049460228,0.003910589710877448,0.001399442664786095,0.0010519165178185766,-0.00029498582144822216,0.005552842006779125,-0.005508100567189536
2019-02-25,0.01599278531821953,-0.0017366570732736595,0.011550351007627021,0.021658540163284716,0.0189876649709266,0.0021841778594259374,0.0075077629248639,-0.025232827844594696,0.011461002770579369
2019-02-26,0.08427532748508171,-0.0011185498822492567,0.006748478055783134,0.0006590911343094727,-0.019257281502693038,-0.0009136094555956659,0.02359006941514807,0.0007511015897934855,-0.0007381147666203464
2019-02-27,0.01920576262817063,0.0007071411449439385,0.0065390989852494846,0.022917896823019493,-0.014529391218448392,0.007513298066345958,-0.002298453935401412,-0.004623865593432975,0.006557759761972682
2019-02-28,-0.0021175776493600577,0.019721533625418203,-0.002324146177577709,-0.008521475299556533,-0.017659953069391086,0.023079826467791432,0.0048716133065214735,-0.0019710911374222653,0.005691908395063829
2019-03-01,-0.01578503791854662,-0.013016499968592467,0.015417061676754808,0.014062501229149267,-0.01993057937224415,0.006827688264402367,-0.009059192339645517,-0.014843630980733867,6.567923475762791e-05
2019-03-04,0.02133513033944139,0.026363732500715904,0.015558465764100544,0.017769028020155113,0.04425785340688037,0.012541308212416538,0.002608462875228675,-0.01673956152768279,0.017224432486679736
2019-03-05,0.019904956990751056,-9.328123514548768e-05,0.011263867729381535,0.012423414336654061,0.028540463991438197,0.015760999917839857,-0.0010965400617603813,-0.015075597153000712,0.011473814907627172
2019-03-06,0.016555747646685354,0.005118710590048337,-0.0008612599738278938,-0.017277009773272574,0.03631851380898321,0.012704262132498482,0.01651444774005549,0.007682029227196764,0.006934003281218454
2019-03-07,-0.0034365400531317903,-0.003949004475413494,-0.00786798216359157,0.027947108062300982,0.012440945927138729,0.007346576676275288,0.0022045350739216514,-0.00758331472212514,0.002060022645828869
2019-03-08,-0.01078714697322429,-0.0013070162351900454,0.008431910661355839,0.004662207757247838,0.00034354873062231194,-0.0006780332357665673,-0.001732187043260833,-0.0046530160684493125,-2.577874560838922e-05
2019-03-11,0.026970537012519266,0.01700868401843254,0.007660505716808511,0.008607435721285726,0.04391208902890142,0.015237203679655519,0.016310589416523354,-0.004479632799737253,0.016038021568791378
2019-03-12,-0.010478335394239993,-0.009746517937672667,0.002317664461718844,-0.01395599973411168,-0.02426751570810535,-0.012478967661433913,-0.0045536180154916815,0.015826806042605966,-0.008532002947866175
2019-03-13,0.005782347471556693,-0.011563857798332333,-0.012726221789052635,-0.01173462196917262,-0.01692654868719951,-0.007922451245455472,-0.0033315342377568877,-0.003072706511349068,-0.005988901278046548
2019-03-14,0.01462862287162634,0.01854757190141795,0.023669429507894427,-0.0010626151703872681,0.026683121387338443,0.014713335938480265,-0.0050878407428133696,-0.0026170840978276483,0.0103488291336485
2019-03-15,0.03336549934025242,0.0443913942742281,0.016124240665115766,0.0605217790258927,0.03964497386601994,0.025218418530720772,0.028171886203712006,-0.01400285685055926,0.03191240384323581
2019-03-18,-0.0010237010928216147,0.005825931209719628,0.005796564776950166,0.018765417393851125,0.010613893493903277,-0.000559310938130659,0.014482929739454376,0.004441501975322719,0.005474503255628133
2019-03-19,-0.010849191189945701,-0.01892401006155785,-0.020137371268467583,-0.02393530546422,-0.01100650402002863,0.006417207569334103,-0.032374611150640525,0.014747428545739377,-0.010162633815256316
2019-03-20,0.005166169220872055,-0.005677445308138037,0.01485169160631043,0.0032904553904352205,0.006931988046764112,-0.002229799425293983,-0.012254530142103632,-0.012643771423025526,0.0013700220666349881
2019-03-21,-0.012944879896559897,0.026329164681546984,-0.09362745502778597,-0.008453376363604033,0.014500131561308693,0.01911680119862607,0.008857915097555754,0.003430194896256243,0.006425607449311357
2019-03-22,-0.011077164528820056,-0.019398686048957208,-0.03497313611429133,-0.01992841054936937,-0.06875812740007844,-0.02314652618497361,-0.018465530106173057,-0.003452953082484677,-0.020531821157707623
2019-03-25,0.0062629438287582434,0.014556076540580472,0.018408140418058085,0.02718463831907844,0.022102212727736343,0.00875153663635892,0.01187521679970821,-0.0009124212776084631,0.012458102270399073
2019-03-26,-0.004990719267538009,-0.01241902562851928,-0.004086033518962738,-0.00826530300139482,-0.02298090248578815,-0.01043601936701683,-0.021179333466450574,0.009896935553302249,-0.011784724043627428
2019-03-27,-0.014345346013467687,-0.0001914454908503358,-0.009437119720419784,-0.024016198583232895,0.003465222581187003,-0.010913412650671191,-0.011789572142621225,0.0021969607105760637,-0.009646788833227633
2019-03-28,0.0012264404635473844,-0.012598998022221013,-0.0014908226911884933,-0.010910748408292047,0.025463102865064004,-0.0015880034310523288,-0.03168665426538033,0.004650141550088726,-0.007668059695015044
2019-03-29,0.028669637003364223,0.040188591409512274,0.01957456999170968,0.03934315669573772,0.034332892328286235,0.01416439152174213,0.038032578316681734,-0.01008400478095134,0.020007921491948306
2019-04-01,0.016722041276358124,0.0204910382117366,-0.03211788935168296,0.0009892439118830872,0.016829894341885355,-0.002959235824448497,0.013057047812658115,0.007710845924596137,0.008279785430127569
2019-04-02,-0.012447802587410935,-0.03924959905942071,-0.045946983082436894,-0.015003893791412396,-0.04718736191180213,-0.019066546526007415,0.01038244174565916,0.016110711593006238,-0.01980593496834385
2019-04-03,-0.00430212821267021,-0.004167856709206497,-0.0010408343738212687,0.01706116616767301,0.00845037015346629,0.008633817017664799,0.018467763201340297,-0.009732215205101143,0.007144710753079452
2019-04-04,-0.004322688585948274,-0.03127764355646127,-0.043254937288536716,-0.039679741450168,-0.02917521662062207,-0.006919042807261209,-0.0030945454106526297,0.021159635873994404,-0.019726867376054325
2019-04-05,0.00038913698769263313,0.003930290936441848,-0.005605845928343772,3.2953812678267625e-05,-0.02799733941689414,0.018298068317216004,-0.0004969258906688583,0.01653862638571028,-0.00037763472344656964
2019-04-08,0.01900617632967931,0.01231153873466815,0.011296741477153056,0.005415940375466499,0.020775887864761856,0.00952941741849129,-0.00426309896251501,-0.0029195880551161667,0.008398488167885727
2019-04-09,0.04143527738762648,0.026893463723587467,0.04231637031334618,0.031144580920638,0.05498442729139576,-0.002669683894700639,-0.0021453332166566116,-0.002638415132140148,0.018942229577419173
2019-04-10,0.004788424040154233,0.01913858137772888,0.019650410630649415,0.035017675694858814,0.02507954482491946,0.03561427709031342,0.010132347262880937,-0.009848962163878703,0.020148133819537846
2019-04-11,0.041988426412340345,0.037596850762208776,0.02842055723176451,0.048583947717536054,0.06899129310974947,0.0389364608514712,0.0006154865967705316,-0.008106945578714699,0.03094091220344557
2019-04-12,-0.03393947431854098,-0.010430278836093331,-0.016810811773336806,-0.008026033375783524,0.016809166633547003,-0.013224930038004729,-0.015813161711458395,0.00462527183249138,-0.01323425506531432
2019-04-15,-0.009122862325062191,-0.013060925677614138,0.0015552018277351092,-0.0016787669211961037,-0.04659511228393966,-0.017190771355475695,0.012569382258865393,0.004628684651923405,-0.007408375105713874
2019-04-16,-0.0021327279539676033,-0.0010655252809394502,0.006877997262943244,-0.015493718441279237,-0.018619185203550295,0.0035961767953919164,0.000791759078250673,0.004680845469506495,-0.002304553414051309
2019-04-17,0.007172173629439936,0.017411968703527438,0.017444521475784677,0.01565227448766198,0.01875578810994404,-0.0056841339622161645,-0.0018322240955817573,0.009050042690065542,0.004977078393551612
2019-04-18,-0.014821651269711189,-0.015294496847646232,-0.010411002784614109,-0.017174004829463775,-0.01193254181701401,0.0015020966690412973,0.010502512507475092,0.014179525705469516,-0.007421922913070498
2019-04-19,-0.015605412319098934,-0.020493131634882783,-0.016766036123471093,-0.022366603583965146,-0.047069798554165286,-0.011534586265660372,-0.012936164837505627,-0.002842059383550598,-0.015430082621367228
2019-04-22,0.02165893508804858,0.01695549066131321,0.0420375588168866,0.02740464816360831,0.030958673895666585,0.01001924611900011,0.011154244477402805,-0.00014266482946715295,0.017682895891954924
2019-04-23,-0.014037035650211672,0.0005886434604669643,-0.0005046529171531895,-0.02272404400738591,0.002206453581737205,0.012957167391910124,-0.007077583122041722,0.00045293305535849576,-0.0029189756938208435
2019-04-24,-0.021330243067560185,-0.0021395976105592074,-0.011133161215012906,-0.023195531032996493,-0.014890576693019261,-0.011963861044695597,-0.013357077734624388,0.008392875412286678,-0.013229314952484564
2019-04-25,-0.015096125449952324,-0.00813197299549945,0.0022780505113314878,0.00972335063329786,-0.0186572243021727,0.009575152912282359,-0.007491269111592029,0.01605481319596615,-0.004398408008448589
2019-04-26,0.02430517957550754,0.008998748895774608,0.03277370242710912,0.027213853664310818,0.012700199982024069,0.0025184932247107866,0.014927368895726153,0.005948491031495474,0.013337824577779257
2019-04-29,0.0016607139090757538,0.009939602914076017,0.007809346250452027,-0.009435015566476374,-0.009414050591289157,0.004870481805673284,0.01952316137577101,0.012636034369807824,0.003171391311335328
2019-04-30,0.0059403485908072285,0.01269251992028765,0.001704238185714691,0.004726601811346741,-0.0043040835326397416,-0.013093228821872605,-0.03650511462493387,0.001041017797656489,0.00016607102965788883
2019-05-01,0.010505523156826381,0.009991735904278902,0.014428949172782386,0.010398747825676484,0.023574747539484013,-0.004908891344506948,0.004129062899777951,0.004554557469001397,0.005573552668337742
2019-05-02,0.001787248165452899,-0.005682851424668848,-0.00885239197187061,-0.018651393038272547,0.013690880486431292,0.011775540829220542,0.011510120809419983,0.017577863579784334,-0.0009484258473680242
2019-05-03,0.054348278437117946,0.033960821894147605,0.03536827298218724,0.031879292998365644,0.06414279676748862,0.02665210858709146,0.0158546015065015,0.009168919272800308,0.028455042456463357
2019-05-06,0.005643929639181681,-0.006348047671119635,0.0019138244999313684,-0.0020779474447941773,-0.011340214829770545,-0.008896062633990806,0.03246619802483019,-0.0019166008954952392,0.0030940323698078415
2019-05-07,-0.011442453076990034,-0.008026506011815747,-0.0014702536509643145,0.0008365755450774347,0.003667947699397235,-0.010798508071077434,-0.00160391663899578,-0.00588888335796572,-0.00399347520536049
2019-05-08,-0.01531384894338281,-0.02353579735928751,-0.006101221481057793,-0.005669012879696401,-0.002911360109694027,-0.004712104888008538,0.005809339594346485,-0.012367993150986335,-0.004735343563097794
2019-05-09,0.003997116022691514,0.010010017987008539,0.011077848371576857,-0.003965744620201432,-0.018364464108936003,-0.006048274728721232,0.006688928605758685,0.004778354004838835,0.0007136616543706917
2019-05-10,-0.016431950378741924,-0.01899650706321676,-0.01911290381864218,-0.03413022150746099,-0.055642434613367604,-0.016864756435773114,-0.007571098220530736,-0.00696179549806196,-0.01689738164411657
2019-05-13,0.019544132547271355,-0.0015187471978067725,0.001086345800404248,0.017048288226301486,0.005198726590622975,-0.003175446389686052,0.015689701657383783,-0.0031260968396203586,0.006936056250409642
2019-05-14,0.008439254179523348,0.001955681074772419,0.008247131072775386,0.009410136239347194,0.027916569334299503,-0.004403098791496426,-0.0009396543216483684,-0.0007314567770964214,0.003764079964086348
2019-05-15,-0.01720944544549625,0.00026260474291278863,0.019320630475843485,-0.019762130701988588,0.009912932874092104,0.02477104750578817,0.022409900882448666,0.01224967860629931,0.0031591088954382096
2019-05-16,-0.028433176258573667,-0.03976022382900619,-0.027693681886977243,-0.03783686774621223,-0.06470572727998129,-0.011938155831645772,-0.0004625523031366438,-0.007447902036460065,-0.020722984183699205
2019-05-17,0.027504631469039628,0.006377852419353145,0.019395629892404648,0.009107783621443849,0.032415601376996325,0.021096252227078116,0.021563495279051263,0.005168707061910758,0.015978326109209618
2019-05-20,0.02051612673428653,0.004235358641537193,0.009888843045085995,0.012793149902283096,0.025805543413441503,0.009390140139172306,-0.005563045129871406,-0.012831417593530382,0.009604418378060586
2019-05-21,0.004150829720427907,0.016048784108541575,0.010144588471867808,-0.007214898764357842,0.0277853133607714,-0.002095156571290052,0.004465701192777151,-0.006460976264648419,0.005583229786539248
2019-05-22,-0.014588134345756098,-0.013378743323448513,-0.010214768855956003,-0.02529669118206629,-0.04455510919248331,0.015270412035889462,-0.0017643176097848403,0.0049247662528896525,-0.006359099982451922
2019-05-23,0.00018636931820611654,-0.003223418296669005,-0.010898560821180965,0.008687987735918766,-0.007610576736226993,-0.0029366471620196483,-0.006668329552259879,-0.015460664584217347,-0.0005871103073562542
2019-05-24,0.01782511154607054,-0.011853596968102571,-0.011691501617468208,-0.009177738118691303,0.027949930481837006,0.01011880001845323,-0.0032148820283172284,0.012046235136773727,-0.0001861590561637571
2019-05-27,0.018671863397844313,-0.0027509007972944316,0.014121794923651777,0.002924597092631028,-0.03057130623817316,0.00204121850254259,0.006829995701108645,-0.005377729681729604,0.005609943624870003
2019-05-28,0.008447768753114183,0.000969509671292124,0.003306920690148728,-0.0014422218855946584,-0.01067996530109269,0.0009894703754642815,0.007422925363459723,0.017673061735376496,-0.002532599298883384
2019-05-29,0.01808786046842338,0.047406854786970036,0.03840617374355227,0.040554819591546984,0.06434568381575226,-0.001233791597215468,-0.003020189141782228,-0.009007964306153452,0.020767591274063243
2019-05-30,-0.0021991346359897103,0.00031065223246743204,0.011541662128440756,0.014224121657571816,0.003552030985512211,-0.007069955541427863,0.012274368793931359,0.0063838143679224016,0.0023704693637471
2019-05-31,-0.004650500423194958,-0.001018119425184237,0.006822977531729318,0.0121800150474598,0.008088048778614815,0.0076619970446624224,0.003727359896686757,-0.0059194417107948216,0.004580558443283564
2019-06-03,0.0012079889193607983,0.0006234536713772649,-0.019988857491277705,-0.011109356861773372,-0.006292410920332421,-0.005340435283912043,-0.006021887938320172,0.005435634371262283,-0.006165697360415168
2019-06-04,-0.027842949607183566,-0.022362899895661786,-0.011425163290034315,0.0025589264039581785,-0.010343371778670382,-0.02596881205122127,-0.017893489397687826,0.00606384069350217,-0.01683879097667267
2019-06-05,0.010385454059760619,-0.003269402910565643,0.0009686934754499885,0.006735722318678798,0.020069117214206636,-0.008444258425096832,-0.007975448722002773,-0.022523226934374006,0.002900597960890602
2019-06-06,-0.008376793397783688,-0.016979125666968718,-0.010400771335235731,-0.012362793642599021,-0.0581094031485335,-0.0005369305070341845,-0.012972402943116725,0.005641140849013356,-0.011967613203956815
2019-06-07,0.0014022814640741728,-0.002070868207160171,0.0023200957786162846,0.001891276232773316,-0.003563872923969379,-0.018817154613606356,-0.02760643379181211,-0.004113107096890538,-0.007571035226895497
2019-06-10,-0.009855469485346859,0.0007266966659494013,-0.00481837415312965,-0.015607315632614334,-0.014072648572141975,0.0005988696608167085,0.004010856290214755,0.01664696478535454,-0.005681509032031077
2019-06-11,-0.00042302589523794817,0.00477037227781627,0.0025117963159941776,-0.0037191514528154236,-0.025866173435945817,-0.005427706365495063,-0.015698844069571633,-0.014916250809052895,-0.002670402868726416
2019-06-12,-0.017595946080468963,-0.0049193713433315885,-0.0003417636348837835,-0.017213106231329413,-0.01892035055053263,-0.027119173421929356,-0.019481618793097854,0.005456121337028094,-0.01513273763530953
2019-06-13,-0.011703952468554619,0.004339958047582377,-0.01653299086888434,-0.022125308557482945,-0.00027995139837964293,-0.03578306507265139,0.012642222908146691,0.00035129231383940884,0.00031428766149348044
2019-06-14,-0.034799597127555836,-0.021585991845532858,-0.02474126920601446,-0.037983589695851055,-0.040396666766237335,-0.009342420221808357,0.0047965998877438805,0.005232879696806322,-0.017889845656826033
2019-06-17,0.00101401730074562,-0.0004229530178702849,0.011550512474095546,-0.008244472599858919,0.052042755357631136,-0.01784895613430683,0.006486013592200749,0.004628469597435839,0.004594550191361471
2019-06-18,0.014851532696090568,-0.008103172739956881,0.013632323882603947,0.0007181125507383472,0.008503077568117353,-0.012864856681606527,0.0027477718310846178,-0.0054989960816405154,0.001420137663192018
2019-06-19,-0.004138019566353712,0.019322647588205663,0.03244836974617144,0.017625984809076192,0.022334479685858003,-0.0001777324890580814,0.01585210685358678,-0.005122928957818365,0.011634108350266037
2019-06-20,0.018133771553282753,0.006215875760534879,0.0073213852379223916,-0.010787594734638365,0.022589875121175065,0.028401221747545093,0.023457898254644373,0.010597251282263815,0.01183597687302116
2019-06-21,0.00504138439976594,-0.007139187347881417,-0.005758406258454674,0.006215981012988119,0.0010028476011824197,-0.017757215231409263,-0.025342013289807452,-0.010368226102940708,-0.006412572699878831
2019-06-24,0.03727669369710037,0.04061837563241486,0.012161567660050675,0.045336350020388966,0.0676571550595872,-0.007696848029643172,-0.003666589372050291,0.005794169460249688,0.017017401576557668
2019-06-25,-0.02221725046807534,-0.007702774247917353,-0.032962800218839364,-0.021712528451091298,-0.007007445527140152,-0.007946259869205304,-0.01339333067021644,0.011010051862048762,-0.0152282829806454
2019-06-26,0.023979944106011786,0.026180416090943227,0.03297202572780548,0.035326937592908586,0.04601712547278732,0.011446897192455792,0.005025884180078587,-0.014298020194213315,0.021128963530534967
2019-06-27,-0.0041012520291126755,0.00021218728382605117,0.014922190506310957,0.00361030420294254,0.0217070905932391,0.014392117254912778,0.0027598752300643553,0.004429958111941879,0.005165880099409758
2019-06-28,0.024193301040773774,0.023612328103583113,0.006644380955550733,0.018517580286338917,0.058141549678533716,0.0045106330444402735,0.009810172165102844,0.0025591069048460065,0.014151414179864307
2019-07-01,0.009881057381034291,-0.009025704356259219,-0.010184989862991042,0.008928185597880538,0.006288231947932304,-0.003483149302114043,0.0043486974865017385,0.00045086662224325233,0.00031021891298821196
2019-07-02,0.012458205727691319,0.00027230794979203827,0.003310099306078892,0.0001788860291518609,-0.021940176572796087,-0.0085964385637226,0.01907437797893516,0.0027858392101417525,0.001834719374076481
2019-07-03,-0.02629628152301754,-0.018646407346295534,-0.0001190424794842677,-0.015279588441195457,-0.0002862474851936254,-0.002044496782162893,0.0023275291010881405,-0.008886033728033746,-0.00634231687989456
2019-07-04,-0.005034629971878665,0.006653586654619756,-0.0059952427695052005,0.0015207271799435032,0.0064414383133178585,-0.0026955055975551707,0.0037167255057347884,-0.0018849351902359042,0.0004336220613905229
2019-07-05,0.02919108097247951,0.03164914023441201,0.017324407372214114,0.015816667770926877,0.027344868439327933,-0.0046755413061838015,0.015675512313297744,-0.0179731086667839,0.01865102375985654
2019-07-08,-0.003584586725820425,-0.004591074720969753,0.0008540702218652989,0.005012482805563403,-0.016689843816260597,0.008765305754760446,0.0052285715173412215,-0.010688496935250386,0.025152574797307765
2019-07-09,0.025236487648756106,0.036138787259685536,0.035328373307576724,0.016133586343934303,0.0507336214228661,0.021625083651472216,0.02285768169752231,0.0017525654223249118,0.02375774571766021
2019-07-10,-0.00040421772963855596,-0.006974893546193242,-0.025099350989830863,-0.0068163908900026795,-0.008438071242883786,0.004026625002992408,-0.01720914216728535,0.007206472922365229,-0.0077752379851693835
2019-07-11,0.00225674611540819,0.0010179274932159582,0.004450962357936775,0.027700095756411587,-0.007998366826722251,0.00475705440786065,-0.008082701618456384,-0.005294557920872896,0.0036943215030163503
2019-07-12,0.024637564092528322,0.03715221066132775,0.03287245166431536,0.02568609493761228,0.08893635081824464,0.004956479163697645,-0.00276484109729423,-0.01890899904881434,0.02205395433045093
2019-07-15,0.017951262842674957,0.03969239704479105,0.012873596508050558,0.041267430729713235,0.04255657899187772,0.01890560566900779,-0.01123045433370216,0.008556017372445358,0.016200469749354487
2019-07-16,0.00018670736935451403,0.007667022199430905,-0.00369737273923308,-0.005562748721928316,-0.006861043221643149,-0.02299942751857708,0.002057363256054134,0.0107531574524835,-0.005980041913336409
2019-07-17,0.007014739779366865,0.0018818847569607494,0.006234748542252224,-0.003422559337225242,-0.01102606433769267,0.015526705733446557,0.007076986691167558,0.016095757845312315,0.0027278279820745497
2019-07-18,-0.015461465389687071,0.0038177039003685076,0.005765643776584789,0.00885839274941143,0.020950664880014045,-0.009872557567750632,-0.00746235585415515,-0.0006880549627599059,-0.001929994817025101
2019-07-19,-0.0037762773627500273,0.012874207076116957,0.009549006515433407,-0.009667933263117457,-0.023289022918095016,0.022621794209754804,0.00979845926029342,-0.007401181042584467,0.0068150672405605925
2019-07-22,-0.025184243645857245,-0.0004534316884982892,-0.010155417675864146,0.007711979964397758,-0.010267745930749424,0.013287154333827095,0.0067817815704661975,0.008175817829145657,-0.0015001608726351848
2019-07-23,0.011866836911089194,0.01209861109185803,0.00738742773891114,0.033526013540422506,0.005770241924535017,0.005129685699873201,0.004042490291174462,0.001669243241111539,0.009187441024972282
2019-07-24,0.00642461887745846,0.018904571572488073,-0.01433016336562936,-0.0022292230686966345,-0.020055682836612628,-0.021569379195582668,-0.006774745723412485,0.00515386413365118,-0.007675546753910827
2019-07-25,0.010876966817647785,-0.01448322358487821,-0.021316128924063975,0.01460128291000441,-0.02260063726114769,0.0073517496404247994,-0.005989676106877796,0.0017402990486964694,-0.019092792445618737
2019-07-26,0.010777670846693534,0.008970391322556687,0.0028923329645825255,-0.0063170208482229645,0.012955086996892186,-0.01264323890496313,0.0014342891039881432,0.02210664103705619,-0.0024092510912865923
2019-07-29,0.013543481630020603,0.008292048700179263,-0.013189685814811457,-0.01469393121693283,0.02547676303438816,-0.008920632450737643,-0.012732516877633663,-0.0007785160744770734,-0.0024990352391195724
2019-07-30,-0.020765150712404395,-0.014247172277795208,-0.02301408441236609,-0.026933308426718913,-0.04278242176401122,-0.0005457796487171088,-0.005480713082431615,0.0011428703450244437,-0.013326650337268844
2019-07-31,-0.0016323273250201417,-0.004043987655143451,0.002279678231812281,0.007221627724790587,-0.002395806638059124,0.0010942296638004705,-0.010158569616988335,-0.007015917373088344,-0.0004119621010765063
2019-08-01,0.00872105617518398,0.011215640781805224,0.011768295776200442,0.01066150553888144,0.02786083067928998,0.015572729847100866,0.019853535125902558,-0.0025796582483570414,0.01309196847474799
2019-08-02,0.004902683527815865,0.010675333932256803,0.010612221487000618,0.011701903285298278,0.00018312368478008018,0.012252400392583742,0.044582309937052006,-0.005039372012191468,0.014793875508261249
2019-08-05,-0.006997305214655405,-0.010015142164895944,0.00919724166391548,-0.010610174530053295,-0.0163517070374652,-0.021167179851364435,-0.01946156370406117,-0.013210711746408135,-0.008906674646841575
2019-08-06,0.0502550331747489,0.029642557072657907,0.010849510941421194,0.03731936311592353,0.03546862266057852,0.029674845633335428,0.014136181702619518,-0.010262358147901648,0.02688733683279702
2019-08-07,0.01423894159795718,0.007145204472522369,-0.0002080302097139798,0.004110573612456742,-0.011570107878915171,0.008804995388137907,-0.018130272023266558,-0.00500909112298515,0.002127464976981893
2019-08-08,0.006218285152249929,0.011076940525761102,0.007354828674176759,0.02255627060560813,0.032891096694934334,0.008851472025976139,0.01661740744184773,0.005149454332256843,0.010949636730299714
2019-08-09,-0.022831132843954945,-0.010277036855407274,-0.00535342367340269,0.0027702934370633144,-0.031758155622426405,-0.01604716448402462,-0.0025942387269359607,0.001409491955767203,-0.010071545825913002
2019-08-12,0.007489301979973748,-0.015837041962172456,-0.0183445912746153,0.006572075047611485,0.025653651606873492,-0.017166393743603355,-0.013235512003625424,0.003002260190004486,-0.0068075324382034915
2019-08-13,-0.007820375226247032,-0.01043887330784356,0.008805001817782748,-0.007372773153454092,0.00540992668841276,-0.020207192411544835,-0.011900378898354784,-0.012554642390140388,-0.006235433936300632
2019-08-14,0.015675136443957755,0.010123041240100187,0.006082839265683972,5.061772726578479e-05,0.009360096255866769,0.00803103578152808,0.018423730940930323,-0.02383588810896084,0.012295916711968804
2019-08-15,0.00367920981539595,0.001546194534871973,0.00611623123566536,0.006797901953609289,0.0005655491631744467,-0.004875699807872784,-0.004768024166188175,0.00958331153770768,-0.001056298100048886
2019-08-16,-0.00023479059432940017,0.0021368123875982028,0.018249688457172977,0.003099570265103773,0.024200782427956737,0.017425332472289445,0.006796021456808911,-0.0029164690905249565,0.00859589149344679
2019-08-19,-0.0036392800791372267,-0.036395484573186,0.006233554164846398,0.006957231173859592,-0.014406513254224445,-0.010970258807358956,0.024553772705117386,-0.0019304694239882605,0.0032552829008492884
2019-08-20,0.02611523249715804,0.020873424781222106,0.02471914079126162,0.020248996169013336,0.027579121275636973,0.00704468219603635,-0.012017230428240372,-0.003950325666227231,0.012146953362525215
2019-08-21,0.033512119386475435,0.02359340264101012,-0.003805970748879078,0.013972886343436535,0.07766943235551517,0.01789984559418824,-0.0013349729539880904,0.002992144813671504,0.015567249259929446
2019-08-22,-0.02300590425878546,-0.01913114967910258,-0.015740595372187454,-0.040912595125560204,-0.05450172914541883,-0.007421662860972529,-0.010576939324710592,0.00630468718669504,-0.018595949612898934
2019-08-23,0.013468798449576838,-0.0042392768470664415,0.018290542044201708,-0.013736357613792832,-0.014521585775661818,0.008973569893569646,0.02822334581343559,0.001334810651719219,0.006923900155436445
2019-08-26,0.0011823377436392416,-0.0106653959381849,-0.05665864442101883,-0.022640565871481826,-0.036554773440028034,0.0032096405674033376,-0.01341966765812548,0.003798679958616672,-0.009063380343483198
2019-08-27,0.0061007209666904495,-0.0012654148523026075,0.015897187469272593,0.010277928725689797,0.031567047915759996,-0.006983236530844637,-0.0020026750916282052,-0.0085050995978294,0.004477561302462642
2019-08-28,-0.0037500680667319126,-0.01054728645507368,-0.020555096491431536,-0.029221745850477758,-0.06187054658727809,-0.016786264008319913,0.0012814671094082421,-0.011583892325138862,-0.012008898800560186
2019-08-29,0.032461497491837125,0.014679215805621044,0.019542231695514316,0.02740059326275942,0.045540392360685626,-0.010008580727492092,-0.004381590293825231,-0.015891450458524806,0.013013403507781053
2019-08-30,-0.027257939598675854,-0.029924092162231207,-0.0356050451241438,-0.04783707939991564,-0.023583611012364177,0.018776292309018148,-0.0026376815066315035,-0.0070096230428709945,-0.013392807848928837
2019-09-02,-0.0034326572074651076,-0.005680847157117568,-0.011363799611859703,-0.003917326271414282,-0.0008595045100869376,0.0019690131421937927,-0.0043284636219879,-0.008193768060902641,-0.0020534669300495316
2019-09-03,0.0010937378423216135,0.011038133552599957,0.015542106181925041,-0.008173515847553237,-0.017896342849739254,-0.006733864018930707,-0.015298869722140666,0.00533382166683072,-0.0033452280206909494
2019-09-04,0.020260799157407198,0.01826259922306369,0.01780641029681484,0.03229492783788384,0.03947826313202341,0.008376305989201383,0.02556042371461285,-0.0017201739073231582,0.01849941401072791
2019-09-05,-0.013904797362659956,-0.0010962444820696842,0.009741855334844556,-0.0009585005143332203,0.019799249484404313,-0.026608359631855642,-0.013572330977788092,0.0011550164981170828,-0.007612368712947977
2019-09-06,0.04292037231725812,0.02815391915256826,0.02207982626402353,0.02795319768099669,0.009177137945172494,0.00340796482296944,0.02018803892376676,-0.009797222034971654,0.020254399415517453
2019-09-09,0.02397087700422032,0.03146982429005372,0.030022240067355616,0.02150094807301802,0.03487816641482932,-3.7301084672879603e-06,-0.009558465620843868,-0.012610893319443834,0.014544713583951712
2019-09-10,-0.017377746911585567,-0.029181482866073367,-0.01921571460328182,-0.018264713409628215,-0.0003615068246540026,-0.01624956108942814,-0.006548303608985092,0.006901898591939945,-0.015233341671065994
2019-09-11,0.014001826328374989,0.018382605423760516,0.01779794393910362,0.012777235368221285,0.016701102297905807,-0.011187321345855818,-0.013285090837862631,-0.007038957278753553,0.004819022604491366
2019-09-12,0.008632545283900027,0.019582277894989435,0.0038511157381996256,0.014048109357859441,-0.0005817097650274205,0.0003672541149851344,-0.007280710674206837,0.003507215787747643,0.0038774624044068187
2019-09-13,0.01871702831245925,0.009931229393398754,0.0030265112223680224,-0.006628249553214557,0.016448999638509976,0.015416815514224,0.01209307716308938,0.017527848267795756,0.006753717638729211
2019-09-16,-0.0045512640382428405,-0.0064476308559644185,0.00016694932485517824,-0.013800925201724896,0.012604900758881052,0.0027716759536768783,0.0036582869328694386,0.006767911100206373,-0.0020351988336167106
2019-09-17,0.0038883848542398776,0.0015249115778873533,0.018221824685027328,0.019598614092599116,0.00708283369467662,0.0034103939573144424,-0.056003260804812,0.0019528211202205228,0.006190581338654993
2019-09-18,-0.02633385528290365,-0.02748260747951318,-0.03308834153138134,-0.03525998196772093,-0.030871910456803233,-0.012825798496904281,-0.006803098544414479,-0.005634498410027189,-0.018727212826570614
2019-09-19,0.011231267396310122,0.014481234524329333,0.0033257048259328617,0.011063541020030687,0.055351792808856756,0.003014424049623792,-0.0076600128967411005,-0.00222148867273093,0.007473340745671777
2019-09-20,-0.001793343736341008,-0.001345432506807826,-0.01701827436043106,-0.01857192623014081,-0.01341749765125529,-0.004422522480434429,-0.009922367202039515,-0.00016098301710446556,-0.007398182568103436
2019-09-23,0.01656079466420422,0.010154779928711579,0.01414142115696591,0.005536151537394957,0.027675824610545786,0.009828262153352129,0.017527557809473654,0.004273498265820261,0.011180571213044624
2019-09-24,-0.0008629040469034717,0.002416960031929111,0.012855232373722943,-0.003123052257909421,-0.049720481523184895,0.0038001002984610656,0.007938346297342138,-0.007759131553855501,0.003805577989648078
2019-09-25,-0.0007849666613459391,-0.025493335344647306,-0.018113150793384235,-0.017612635572382088,-0.024646135339913017,0.013795046073363675,-0.06699984474081401,-0.004915907680902954,-0.007167682987628217
2019-09-26,-0.007609556793937759,-0.009374557075881586,-0.012986351113472697,0.0042557916440745715,0.005792211318859097,-0.0021447725558604008,-0.007621044685320875,0.010513216922365112,-0.005907535528169608
2019-09-27,-0.013559910982140018,-0.02836268367984462,-0.025093236443340765,-0.012573129606729046,0.011966462110657789,-0.006850292181650489,-0.016884139259194336,-0.005920365326767333,-0.012053856613677773
2019-09-30,-0.0302518856877928,-0.01376114341614176,-0.006139818014001333,-0.008628722652851384,-0.02694146408710152,0.0004250559457978909,-0.00030294912054331,-0.004480273217882361,-0.00810105440316957
2019-10-01,-0.005330025324843497,0.005463394920597107,-0.024307633077799397,0.008590222396078378,0.022854071751410736,-0.002310257172182592,0.00470218382218834,0.006186214012362889,-0.000801189499906204
2019-10-02,0.010523346252541312,-0.0019449444372732557,-0.0055536557594939445,0.013879940742248464,0.023621709654927513,-0.00749303311717829,-0.013050789982710562,-0.004828037120688419,0.00033862445032908586
2019-10-03,-0.016765057759475763,-0.00694472512155029,0.00020159193516359298,-0.007432576284248305,0.006141530470819471,-0.00748807305942644,-0.007977605131912865,-0.006676481074443548,-0.005416656369244838
2019-10-04,-0.012647133977331877,-0.004270394928466215,-0.006201137923142453,-0.019650696731903297,-0.025042679096365473,0.014210052257924637,0.007990136147416999,-0.00801411920292907,-0.0011741190129517516
2019-10-07,-0.0017041933980254651,0.03832860538168034,0.026005531677687644,0.017745173624194137,0.055064555962557014,-0.017820226114126994,-0.005276396620932218,0.014771692466794746,0.0059386495977330825
2019-10-08,-0.029699540869299323,-0.0241469023210533,-0.005378361100169292,-0.012840998682504854,-0.04370698897084905,-0.015982266083706405,-0.01706294422639574,0.006253374536210562,-0.018136440031748614
2019-10-09,0.01943601297906889,0.01838770672588453,0.0008778649287793056,-0.0049812694005574795,0.025663595074592243,-0.01236274632285968,-0.006397003321139051,0.0017267537115611925,0.0020963795569062856
2019-10-10,-0.017193273553677734,-0.012355121101692745,-0.00583883180760818,0.0027698425896649404,-0.002708241972503404,-0.003341408537246258,-0.013624596606977379,-0.007162287141476006,-0.006249333966127606
2019-10-11,0.008103599949111643,0.009453978046277,-0.01544133950084459,-0.009578578662256141,0.02310483371834172,0.0012137324523747528,-0.018428711420765034,0.02051122122157577,-0.004733162237246515
2019-10-14,0.007652029717949834,0.009866982832794382,0.0036304416848995068,-0.002436838594478319,0.04668682959633884,0.014599760552964183,0.017319170455191997,0.004081503017197322,0.01001588132038428
2019-10-15,0.023406530404492053,0.00627652701310007,0.012025984934195318,-0.00870987424011389,-0.02274549497794001,0.010027435810522923,-0.003060960331768941,-0.019014179459137425,0.006851176907036204
2019-10-16,0.03826772573681889,0.041589010056738436,0.030867445346941174,0.03458046642449067,0.06976720451973396,0.027697506946013507,0.011846057378182888,-0.005319774664128457,0.029064104778472603
2019-10-17,0.010642475876651541,0.005812928619641378,0.004527196837809538,0.02329388411130029,0.036835375246177825,0.00925968138262322,0.027300797253851542,-0.059222959393278665,0.014008524951173534
2019-10-18,0.010442088846395676,0.044369359273005116,0.016215719477546128,0.015648254060849937,0.041821575534909256,0.012274305301703117,0.03376924432654624,-0.009545448130901427,0.02203116237180925
2019-10-21,0.021376935997692362,0.022511343218277757,0.007861032860767,0.033392567608370116,0.0532579086380465,0.014509709359032164,0.010690756869378702,-0.0005904806375908311,0.017645665278490513
2019-10-22,0.012175403266746718,0.008704229959859153,-0.0013329963442885928,-0.0074866852625605565,-0.0063936057874468995,0.005559423386919261,0.0036454622427203164,0.0009183905286732792,0.002923300602673827
2019-10-23,-0.010191885208336363,0.010054152410353635,0.0009050542407726657,-0.0037009695652492373,0.008658812746726885,-0.024117748415673112,-0.02153161406537409,0.009284092717561946,-0.009432659470002205
2019-10-24,0.0205851718513349,0.031148378313491123,0.01939938868575385,0.02636185968630296,0.05621849082982656,0.0024562405851504057,0.015087257042364176,-0.008781245899413335,0.01874177181876987
2019-10-25,-0.013225954116781019,-0.004738367596982299,0.006812958261075302,-0.004791807041926852,-0.029896504552120787,-0.015244332897597376,-0.001582057624666758,0.016142164528056516,-0.009329742203306809
2019-10-28,-0.0059511978345302575,0.004939330900628448,-0.0009630065343963752,-0.00455948892751351,-0.018645358739438643,0.017414277880579355,-0.026254554639539674,0.006295233028536068,-0.003628361872751734
2019-10-29,-0.006364714315126177,0.01518909433832776,-5.332078668592835e-06,-0.004300095547898244,0.0012638025909755119,0.005435899596698179,-0.0034372992247957753,-0.01400926004484821,0.0031196391067574375
2019-10-30,0.023473620744032208,0.016754174370254962,0.02024468098130125,0.015088976790430765,0.015776635009567025,0.029154399026872797,0.013180157890555278,-0.007362396096641488,0.018565494986249667
2019-10-31,-0.01489676124027515,-0.014484625048872176,-0.011349800206611506,-0.011856130550515284,-0.013175124187522988,0.022030501370669267,0.01221969811273481,-0.01903018763495969,0.002297544357837227
2019-11-01,0.0015411561735757101,0.0017342102978157264,0.004040226684325826,0.0019953251095506984,0.0024318090792067922,0.00878293577658446,-0.0031510933299290222,-0.00848328560386041,0.0035130401895352124
2019-11-04,-0.01175352259644776,-0.006510168458079394,-0.022922837644301208,-0.011296401886258484,-0.03378792393138073,-0.010107506162416999,0.008334129734059616,0.00609217185815886,-0.0091978071640535
2019-11-05,-0.03036810094924558,0.0007838489432306809,-0.019269537160769488,0.005946233359488078,0.0026610709143017677,0.0005717401809832638,-0.014621066139787465,0.0034341595852036746,-0.007788220374316445
2019-11-06,0.0013852257689017382,-0.0017038913185367709,-0.023036489459835382,0.005973931247698,-0.0059727406149124584,-0.007786593602279543,-0.011531058948882069,0.004557549042319021,-0.006148827995440664
2019-11-07,-0.03890454206374093,-0.021174014733420513,-0.015814544724123022,-0.024504107854601137,-0.057720000631145164,-0.008750516951561186,-0.026715343568576598,-0.0947521191327927,-0.020664977815869904
2019-11-08,0.015758701894815656,0.006624758292598818,0.002567706127772188,0.03127126673228533,0.025587662268681522,0.00872451354053471,-0.0001570159932288768,-0.0062416184406635855,0.010390049774209651
2019-11-11,0.01795999275580363,0.017313303819263305,0.012486723668263415,0.012989250416490152,0.03618400608996624,-0.013759975745595407,-0.011923171426293327,-0.010926227571039707,0.006040951680501809
2019-11-12,0.016318127682628084,-0.01391524560534862,-0.021440600103580107,-0.010211319375092691,-0.0164573736626705,-0.01708980713203345,0.01907370497084661,0.004511408760598593,-0.0047023877811414715
2019-11-13,-0.0113329805217003,0.0008420333817060887,-0.006179090106271665,-0.00786760408547278,0.0030995068218410155,-0.023223143022937303,0.010114867368892175,0.003223629260632544,-0.005957330170206186
2019-11-14,-0.018095605667110805,-0.02238117815836748,-0.030325184029378484,-0.0194269720677561,-0.03018043487655887,-0.013889392971548323,-0.022437525241240836,-0.006765799848449227,-0.01760714580561836
2019-11-15,-0.00733916301038999,-0.012489444962809274,0.007646214444223404,-0.004765851507803775,0.014901582648417521,-0.008530256320578813,-0.001674325188482767,0.0009119572660393731,-0.0036484911995942537
2019-11-18,0.026066535515959367,0.016101750554209218,0.023644626739280528,0.01046651161899893,0.025126435213656047,-0.0025909015356556206,0.018657050101798984,3.605725084775134e-05,0.012886598954291392
2019-11-19,0.02482913245881681,0.029953325804611127,0.032001602993616624,0.00975873536369211,0.023654881549547594,-0.002553261132261638,0.012767614183333668,-0.0023438424225472572,0.014558668671230986
2019-11-20,-0.0024561191205195246,-0.018413996208329578,-0.012358623389734029,-0.03211151551276159,-0.011985140445408429,0.0008458768720341423,0.024745868670264688,0.009227267392525398,-0.005162241925863906
2019-11-21,0.015302416018507228,-0.0054445342288768125,-0.010492335119237556,0.0021439535836926026,-0.03693066519870488,0.001532430243417065,-0.011313252209906387,0.000870866979534987,0.00817942682592851
2019-11-22,0.008356049645607716,0.006016432731654969,0.020753591623093655,0.011162902658341533,0.001424472283321583,0.001419312894506432,-0.015595814494951614,0.0019508994256854793,0.0026088563910225517
2019-11-25,0.044425540215385965,0.022844924124656284,0.020711433196597257,0.018382325728668276,0.044209300241785446,0.016654049352462705,0.010983503236928698,0.005254894254868634,0.019473105353848077
2019-11-26,0.018267491073980714,0.0185439573087679,0.015128228155912436,0.012183877404474158,0.0678210832254559,-0.004527013010294922,0.0032682098412429865,-0.007833927771813153,0.012040220922938561
2019-11-27,0.01651516202039648,0.0035418918324460584,0.011349772383611265,0.012101207363969154,0.005960243533691286,0.014381452940999205,0.013253419271124625,0.00011686513709057015,0.010288547453330112
2019-11-28,0.008476102465921268,0.008484205610280293,0.0076313669853654105,-0.0003457236528917058,0.04032025737139075,-0.010778887853772672,0.001463950234219356,-0.0028598509934173186,0.0036499435222255242
2019-11-29,-0.015062918176210388,-0.018217883854121306,-0.025027724500843215,-0.01451155824541673,-0.05007912884892909,-0.012199244771119068,-0.035752418738594374,0.0051601824767911015,-0.02021976885185699
2019-12-02,-0.0253738380016255,-0.004415994671416622,-0.022596053692807396,-0.005056821498168438,-0.03258309529825964,0.013777074244434223,0.013520202678388068,-0.007024316374622102,-0.002620083060420419
2019-12-03,0.011553476577048362,0.004952398653647091,0.0036665931898462573,0.02155669527423009,0.0008571473316983402,0.00486580234201674,0.01615163629267563,0.005762023929145098,0.007669710294209816
2019-12-04,-0.0042228048805854,-0.022376442408409962,-0.026112854930710142,-0.013993680878931884,-0.025387231045952856,-0.004134134354646011,0.010425888918120647,-0.007247597373220172,-0.007136221967602486
2019-12-05,0.004201564398732482,-0.004984255581770091,0.013489091422878897,0.014946899438251058,0.012602423363788686,0.02482556411096657,-0.009049107371553138,-0.00111582482330847,0.006974058338461263
2019-12-06,-0.01525821888762251,-0.0065737261455395025,-0.0194839235457992,-0.0038242712472603742,0.003499993271237925,-0.0016562639761375792,-0.02792262350297746,-0.005913711999081736,-0.00919101298908743
2019-12-09,0.0012469247987867576,-0.02957589786370805,-0.004175666464515715,-0.010342537690310877,-0.03185928874927405,0.01019983692839162,-0.005188477075998125,-0.00429738767133348,-0.005341297363288885
2019-12-10,0.03228758146366094,0.04025062991938878,0.035475618171501314,0.03990300519832641,0.0675623717380358,-0.002866117549508551,0.011536040036127466,-0.010839896786102803,0.02381251135743866
2019-12-11,-0.0031391359534298923,0.003807793295090879,0.002873988631413303,-0.03661439626009021,-0.0051883773960803535,0.007173663068064203,0.009313102561124647,-0.0009235821630182035,-0.0008391187941373917
2019-12-12,0.006365121637041999,0.009440153458582574,0.018510149556825877,0.015656707607823492,0.0004915349268253859,-0.02639088652556312,-0.016062689778196974,0.0058048398204350714,-0.003003269377207944
2019-12-13,0.015004474065422409,0.011932273386802464,0.024588668720620335,0.012394705237920968,0.030649387472783,0.012564833050294728,0.02744932368181088,-0.017024656234772985,0.01825603718693722
2019-12-16,0.01583943319495624,0.02837048171049443,0.023322161073359604,0.018277134228551074,0.04524565834465047,0.018548799420391324,0.0055290516685176355,-0.0006516126414074714,0.017125865870532206
2019-12-17,0.034217578272814055,0.03152793077911253,0.027149971257738423,0.027904823642788422,0.05454105369084321,0.010129514463499521,0.010877138474385687,-0.0132095790098949,0.022818070019965934
2019-12-18,-0.019237952371713718,-0.017563721212705635,-0.013891323247503525,0.009261163724177433,-0.024975550969447226,-0.013709746857022405,-0.01563808782823886,0.016849683139870824,-0.014188120675979776
2019-12-19,-0.01681362019562696,0.020011804366380774,0.014879110103617938,-0.005242703104281907,0.004474608384117736,0.0010182337974694842,0.011671440566107512,0.014535074186994503,0.0017245655838160204
2019-12-20,-0.00864795486294327,0.0033738468624339686,-0.007519375660636964,-0.016104103230189994,-0.03984823464268396,-0.021499141356598885,-0.02100997138352591,-0.008894749110312853,-0.011839639928004225
2019-12-23,-0.020282443814765495,-0.04908109552151469,-0.04575378422260499,-0.04395409400269491,-0.06662631800025606,0.006750017366450966,-0.009190968158519702,0.012989533103721706,-0.024098254496217452
2019-12-24,0.00012683065026583334,-0.009200023846623223,-0.006248370437972082,-0.014982089391394246,-0.006703682689037345,-0.004579998503779027,-0.015005048854848076,0.009771045539430692,-0.00857661273374707
2019-12-25,-0.00703006790229105,-0.002836654596059158,-0.0042287457498501775,-0.01486858662675217,-0.00793147165386357,-0.009929307027152954,-0.017535750397702988,-0.012532892641951102,-0.006922268061817908
2019-12-26,0.010873438312541152,-0.000415500157556438,0.029633223303199445,0.023271398242229104,0.04243681042038826,0.015149937978510972,0.03218325433032222,-0.008600856181925553,0.018542015375063264
2019-12-27,-0.0069959002149783175,0.0018771527039557186,0.0012154952784732558,0.002937766564149285,0.0231203585434821,0.0038351181437056036,0.011242822361997841,-0.007647803133941691,0.004646950794890807
2019-12-30,0.02934330939334686,0.020975540889620222,0.012370808420867092,0.01088277000228304,0.017178482336425903,-0.0005754713580172213,-0.013853723122403096,-0.015286216525908761,0.009516466494096995
2019-12-31,-0.009585213452079529,0.006385113808697147,0.004932487863850771,0.0051276339623741694,-0.011403776478905907,-0.0016305492666799962,0.004061456246471312,0.0058526006886213885,-0.0004661950062802779
2020-01-01,0.019906970232669217,0.01361043965383784,0.02128016238870404,0.010609606222244002,-0.008911476534757152,0.01077229573042678,0.017725261332794756,0.0019072276572077713,0.011867282189877907
2020-01-02,-0.005275480274953697,-0.012486526184691387,-0.002768732016625165,-0.0014335421567195023,-0.01908322094115716,0.012214386892191268,-0.007164472393055836,-0.004277375689832205,-0.002055259490752935
2020-01-03,0.016193361209859355,0.00696767026650596,0.010902262065352782,0.011864147622856045,-0.032867037937535405,-0.0058920010633638,-0.0002167837421958007,-0.004666679480016726,0.0029900977021910056
2020-01-06,0.020795211275057374,0.010458990061419383,-0.0006515471062648924,0.012469830706545877,0.011332410347273083,0.002914650652132324,-0.0006927782068402103,0.01784563062004597,0.00387414438585202
2020-01-07,-0.00597655034927765,-0.0038278554926491695,-0.012215502481990836,0.004351047538432203,0.008485582131846834,-0.002941866979665445,-0.006273597406145574,0.0004479000327076034,-0.0032861571346372324
2020-01-08,-0.000509354406423051,-0.0022673568620312163,0.001226353692141767,0.008843311850860167,-0.020424587687441802,-0.01263505781752694,-0.028372005161720754,0.00788189751901579,-0.008690136503270083
2020-01-09,0.009785097157799051,-0.009495202893733288,0.01583644364753889,-0.0035585373406458592,0.0062375217474685465,0.013212966544982491,-0.006605663931954525,-0.00525243322486638,0.0036959401221578116
2020-01-10,0.05127410344463264,0.03791403419419754,0.05185237905346076,0.058112736978346284,0.07619042795382609,0.0057165618251497135,0.02268857801743278,-0.01903997104097396,0.034696759094693344
2020-01-13,0.00440077791593805,-0.026969666309825866,-0.019189302129012258,-0.007226776250069816,-0.022007826648283737,0.0059253818242358215,-0.00978477598355044,-0.008868895978611756,-0.006193760877681138
2020-01-14,0.001429781910462011,-0.0027937718084007686,0.011980486350923972,-0.007285897505079415,0.006443180136713363,0.0018785049590228635,-0.019660448007883958,-0.011287790952670745,-0.0008205550899777956
2020-01-15,0.03581809916639721,0.03074159166119719,0.007695017535155271,-0.0165821276248704,0.04070077707910274,0.007355844737514054,0.022246027505327892,-0.010500446816944073,0.016348995350625797
2020-01-16,0.01579811286764276,0.005686688068935296,0.0022438558832878217,0.006795068485515166,0.021853948207247828,0.003359139824786309,0.015608310404425941,-0.004729323622177617,0.008757957377659824
2020-01-17,0.03574358368720152,0.017235739515130175,0.012104764925183802,0.01779544863130008,0.0328102011409694,0.004270847642578335,0.00508988016478725,-0.0029675350206497023,0.01382716744439499
2020-01-20,-0.04070915436321094,-0.005630233658341011,-0.014038462718074355,-0.008854831783194447,-0.05054745084927228,-0.01421843225240028,-0.018098097457159425,0.015165460721106847,-0.01901100988181262
2020-01-21,0.014244290001939702,0.0023410416432353047,-0.00042258049127741554,0.0009379380861230318,0.03065184013615112,-0.02150313252056151,-0.026275729162994893,-0.01580050122702635,-0.002558502899654323
2020-01-22,-0.013442263456994837,-0.027127355321939738,-0.027514448967409986,-0.04738836990746411,-0.056810478854236186,0.007271490959766871,0.0066824898157915695,0.004710881800543504,-0.014486622799856122
2020-01-23,-0.02622097608897864,-0.030268664144215786,-0.024692761642631282,-0.014630418304006807,-0.019466893656187593,-0.0015721092735508492,-0.014594998383077597,0.004367151560977745,-0.015852691020350255
2020-01-24,-0.0026756379972441963,0.021574666536301645,-0.006754626540585016,0.0022010343184467743,0.029953179716414625,-0.01801496596328372,-0.016635094378547703,-0.004201842245601306,-0.002051071689636444
2020-01-27,-0.027277022443191256,-0.011261377567949602,-0.00561839571295675,-0.005950347623134502,-0.03535093751387521,-0.004623524884882921,-0.016167519161669728,-0.0008609956447347022,-0.011614230622747483
2020-01-28,0.002560923677936642,-0.01157503474496907,-0.0045448238360561374,-0.02204161734085989,-0.03290436888466792,-0.014215720832334317,-0.01158592604090793,0.009337054201655967,-0.011845357842023653
2020-01-29,-0.037243993266982196,-0.005528900817805316,-0.007090105381646723,0.001295370311214043,-0.010939848793220982,-0.002521306137459645,0.005466243463156927,-0.0025452646738874014,0.00012214814231850018
2020-01-30,0.028966105210906902,0.017623200359125606,0.029936727416151502,0.03012745719130805,0.010651622278776514,-0.00341681405169917,-0.008462130005078517,-0.010590929581655268,-0.025058062733722464
2020-01-31,0.011714317846686063,0.022307979435013628,0.01947095483107092,0.011897725185738341,-0.013245342177799902,0.007520029496940233,0.006699123930534682,-0.0014980565924114886,0.009702958674995652
2020-02-03,0.022755082130299364,0.024346723628032342,0.009268818782543181,0.010935575751423439,0.025151994675300462,-0.002695814009935289,0.00831167845934626,0.0007519131281317109,0.010297929259989801
2020-02-04,0.02198287838764974,0.01607041451786441,-0.004310935185465987,0.00891102540531761,0.023480629555290792,0.017203597304747742,0.00475124362560842,0.00528399004595153,0.010106175362181852
2020-02-05,-0.02232236716686885,-0.030799165593745858,-0.011424241423296146,-0.005420396328232881,-0.022437349243306964,0.011655078041211615,-0.04594547019378225,0.008545230579427954,-0.006197236374931123
2020-02-06,0.031412548460074206,0.027307697024890026,0.01926975579894825,0.0154198226267218,0.040441838757889245,-0.011367126915615226,0.008111994489940738,-0.010920688798685442,0.01402956989005458
2020-02-07,-0.00832750206993949,-0.008363093248029464,-0.015226408427888607,-0.012085895446794288,0.019449975131196496,0.013349266885512894,0.008316876064309114,0.0013725531752620374,-0.00019947604287464912
2020-02-10,0.020803820217510805,0.004687698752108198,0.0065467921954114276,-0.013997363322577236,0.029455591285250084,0.03001393183703037,0.015549859698046415,-0.019785652698972367,0.015116739465588261
2020-02-11,-0.015073618104705606,-0.01740767841171669,-0.007101732535417041,-0.00908637322552031,-0.02747733311218066,-0.01270419015250922,-0.005409408471730654,-0.0011546693828615052,-0.010693806995305746
2020-02-12,-0.0049928472830386775,0.0007315188169294633,-0.0026400506216018487,-0.01935021171850842,0.010363173825487347,-0.036327282578557656,-0.02228705623615215,-0.0032041558990200366,-0.01270509767918905
2020-02-13,0.010779798968809175,0.020223867599496917,0.006851140387179253,-0.09096322726503908,0.02507085710596487,-0.016895241938300252,0.019557342905692245,-0.013400522686083986,0.009978008271041275
2020-02-14,0.007751262763841644,0.008525241343668482,0.0014495356168008735,0.015725593127406047,-0.015848225004215604,0.0023566922228155365,-0.005015894926270158,-0.006832425531595852,0.0036152452570055605
2020-02-17,0.01987795098664631,0.00959885022680826,0.018701539049574712,0.014977738682486896,0.006230793656587248,0.003443966719138637,0.00018812208030697845,-0.008081073905055134,0.009418582975619469
2020-02-18,0.005011785598057038,-0.014518227466038331,-0.02580213819711288,-0.007542863185704322,-0.028133763741622353,0.001303222231062072,0.010543631251628811,-0.009059695879135405,-0.0030290136830799456
2020-02-19,0.030407214666252142,0.02453592225677951,0.016998065347691868,0.010096533668076302,0.022838822223030245,-0.0058406832360690854,0.01311710728433948,-0.009473949182094418,0.013482409576287926
2020-02-20,-0.006193414058530114,-0.015789448110043798,-0.015661295503575708,-0.04516491376747462,-0.028446101462717414,-0.007035656727814019,0.007020009698134839,-0.013640881619323314,-0.00926104805510693
2020-02-21,0.015347026943674055,0.024701383356234306,0.017784755309459836,0.03123049340660833,0.005213562380790437,0.016703675971220265,-0.00017920459346442862,-0.017536340762882078,0.016223326819999582
2020-02-24,0.0009705759882163572,-0.008509955407566702,-0.0008934588722975902,-0.025737051556278104,-0.048854866362999835,0.016750943064944217,0.020309683401473957,-0.00919697964819856,0.0012861123643132107
2020-02-25,0.018855430147464266,0.01758113901904216,0.016422523842076035,0.02995633618899747,0.015945145040458037,0.007749111210615884,0.005688166442487992,-0.005016876584763707,0.013580035009425163
2020-02-26,0.002158290778147178,0.0020440469405844605,-0.009772495090898288,0.007981886935881399,-0.015879885075547995,-0.002452411384111471,-0.004690899182079636,0.003329079249868644,-0.0022278556983965202
2020-02-27,0.016587187945615377,0.0036055001030411583,0.01913012988998122,0.0055746276153162,0.014762058622389286,0.029406951333631845,0.010907633370359184,0.008134407171405856,0.012287961335676913
2020-02-28,0.008200315305615331,0.006487774302758555,0.014971390050065248,0.0007490037938952917,-0.006677385914159719,-0.004322010279144364,0.0012543199596029924,-0.0030212331083687587,0.002863596949305201
2020-03-02,0.023886319908951327,0.005089002781172629,0.00029939401030131175,-0.01042519006903277,0.04656932702426925,0.007583064351062264,-0.028391870849869195,-0.012010440280923206,0.01005122978739272
2020-03-03,0.009855306022468676,0.003926356519528632,0.016266964818740508,0.037943297063409286,0.00391952318116695,-0.007842062473164449,-0.01363011705858165,0.012515244238931971,0.0022048859547401352
2020-03-04,-0.0015174701377392496,-0.000389082857017403,-0.009528996884400197,0.007419861378696546,-0.007930783367236679,-0.003942619435268596,0.0061172942547307995,-0.0009467380650001646,-0.0005054514866729026
2020-03-05,0.001059544965638059,0.009958227394773478,0.024231626699024938,0.019319896431970775,0.03165859780808442,0.0012433980266705394,-0.008308698995739147,0.004175205854153603,0.0059410343293098645
2020-03-06,-0.024219794877568767,-0.019712026282053437,-0.01826621108447476,-0.025289769261781093,-0.004364357167549,-0.002210494371044691,0.013873035134451634,0.005558321067100202,-0.009453694370218863
2020-03-09,-0.015647016819534468,-0.010115951709248774,-0.009494931104945866,-0.02751557097572299,-0.030841520490159455,-0.008883055200180642,0.0004098940339230979,0.005922201129429093,-0.011492203909887021
2020-03-10,0.009143098310639376,0.0042535007547765446,-0.02678147380930525,-0.011303270637667508,0.015306913477762342,-0.022356641047433123,-0.008502232989142275,0.01542599616172424,-0.00927189443540496
2020-03-11,0.0009109220887434271,-0.014002216020747603,0.00941871913213586,-0.0028567983407009633,-0.003362626736718936,0.017155257774343586,0.016130645854943133,-0.007522731472756819,0.005711646579866088
2020-03-12,0.009602783525212044,-0.00046332664876281497,-0.021331029472568066,-0.005749731643266772,-0.029829597742794724,0.020430676004017857,0.011951003746663042,-0.007861288539285066,0.003745610915478567
2020-03-13,-0.0324528250952488,-0.033984082837626294,-0.016752463255283224,0.0022019673471855433,-0.020318243693489207,-0.010734327259094227,-0.014887778838400196,-0.0037694574624985767,-0.015244595494087755
2020-03-16,-0.0024561982964468564,0.022613621196987694,0.028389781727280933,-0.004386257096145231,0.004394179717250892,-0.004232010207618715,-0.0010580011244033722,-0.0027032865481036498,0.004621836528702487
2020-03-17,-0.01812749786836356,-0.009307544369901747,-0.0029588144206906877,-0.008594848477252759,-0.01291635406647275,-0.017345610534058697,-0.007783558211046839,0.006434742432503565,-0.011076831125880041
2020-03-18,0.010930414466986744,0.023573408582370493,0.02693538364164875,0.021117689422195947,0.007922880647369936,-0.0002612656010643262,-0.0002284892643389495,-0.0008471370188226062,0.009892993771726871
2020-03-19,-0.015631766383975208,-0.023746193602205177,-0.03595640330874316,-0.027291742815448466,-0.061080743418135686,-0.020707487018257482,-0.016316006598501437,-0.0071982669296934395,-0.02082104725407026
2020-03-20,0.013929323479782506,0.0032783298975831883,0.0002482818947728399,0.011188233585213593,-0.002041084095609196,-0.006562896375885227,0.014575837088929962,0.007030687057224617,0.003484494254824327
2020-03-23,0.017199852343904594,-0.01076371655781614,0.011989619547828203,0.00885145830676372,0.026269061796992173,0.008238794671269712,0.004976183389742695,-0.002715324044636285,0.007150936360874916
2020-03-24,-0.004625700385023216,0.006981364492296712,-0.014140709328673385,-0.009934431684309259,0.03194477614279261,-0.01014379197289966,-0.008976532693621203,-0.006054393847884864,-0.003103704577476103
2020-03-25,-0.012113476116214387,-0.009998657200244425,0.00048332991475140115,-0.01500690059907135,0.0006927423070653647,0.007150849303194887,0.015712586094129125,0.002255703890435955,-0.0007343363794643672
2020-03-26,0.01947324194093589,0.01692214634032601,0.004972228926978497,0.011182009703094787,0.04655173946094758,0.026786973623519644,0.03269951010323726,0.004336351564096169,0.018946386307634396
2020-03-27,0.009465742661101713,-0.007570858126287781,-0.018804823414679157,-0.00392595458338755,0.003991050643395118,0.01058722109794887,0.010870395107874825,0.005412082014139544,0.0011825913632199068
2020-03-30,-0.000978598801221928,-0.01757394148982802,-0.032822433441450805,-0.00845478706898711,-0.033122759828403535,0.00657638072478796,0.016382491183372296,-0.0030421781961210564,-0.004083341528052795
2020-03-31,-0.010788692670642247,-0.02798321745533971,-0.018085356263267578,-0.024720996422095194,-0.03700418659058717,0.01886262056858518,-0.014139670032031117,0.005624544939336786,-0.011099899492626191
2020-04-01,0.016893241302071847,0.014896589094952308,0.016882223614050267,0.0032594648715582155,0.006096380616153418,0.017776170542695688,0.03395831520631602,0.001278803838492357,0.015354425565939642
2020-04-02,0.0068513294741779545,0.032380918205171964,0.022277793483095613,0.03920577051030572,0.021792463892772368,0.006794409091673777,0.013462834339925126,-9.570610040622932e-05,0.016313706138265736
2020-04-03,-0.013405529950537178,0.002479763684965215,0.01152936373484344,0.020538956708869793,0.03694688119717602,0.0010508274185223893,-0.005334824667295736,0.01171454856182632,-0.08034889770855665
2020-04-06,-0.016455866051531338,-0.022540446424670707,-0.01199788588892129,-0.018315455058302593,-0.025998669450962734,0.007573546845621725,0.011213385708321607,0.013594092670202444,-0.0082952704348971
2020-04-07,0.00534253501774273,0.01167764647346404,-0.008435594967673314,-0.005419829237348878,-0.01081101524316622,0.0015375310839760212,0.02339584815765928,0.016653941451456072,0.0020266081854397678
2020-04-08,0.010160612778642138,0.013354474836686132,0.014552083052418063,0.01710588853954581,0.024908665278322195,0.02605726476567747,0.027305455872363674,-0.011534633659174037,0.018868061639788027
2020-04-09,0.016613002710167923,0.0148971690465104,0.025035006101253407,0.020028397474921446,0.03011341763546726,0.008549359027827412,-0.021018629224147878,-0.0031736197711504602,-0.01784372268955435
2020-04-10,-0.020053959419070067,-0.01002834741426478,0.002935574594246204,-0.002828067614852294,-0.016860999755758728,0.0011592381214682237,0.012706709956633887,-0.0067329430548748095,9.989633687016559e-05
2020-04-13,0.016184269722527466,-0.010973575177353966,-0.003776919262720284,-0.006953246162989776,-0.0033933741042289534,-0.004826668399065073,0.0006580437216815685,0.017022695630526913,-0.0038972050722048185
2020-04-14,0.006018314438100588,0.026905689066971515,0.011639084878859368,0.03783066321340754,0.029041169530189034,0.028052164456691016,0.023427770596907645,-0.0006504643500706473,0.020534525587583164
2020-04-15,-0.010134040511777836,-0.005704165920229493,0.004060340706310122,-0.0032305254826693296,-0.012179267138363599,-0.004754160121289308,0.010567838638710398,0.01113058234575741,-0.0034168701631209454
2020-04-16,-0.010919765463007871,-0.002779205454758609,0.012548554233522104,0.014942329166025697,-0.020748791301576572,-0.0032222576373623613,-0.01390371967510169,-0.002336011533995762,-0.002667434510263411
2020-04-17,-0.024219301004577493,-0.03438264397467361,-0.03533097074915278,-0.026481133017634433,-0.03171484946388262,-0.00527709786681777,0.009305058898908286,-0.010184383808771695,-0.013893954988262612
2020-04-20,-0.004631828141581452,0.0054271769865582645,-0.012214320679689684,-0.0030609132649832226,0.0010321962291013726,0.01314720696602533,-0.016161828278238147,0.0005382916832991308,-0.0016549468910889672
2020-04-21,0.009789128017695926,0.015588609313653282,0.025653535687385303,0.009922115270659792,0.03806758158074023,0.02268359200607317,-0.010650949137354357,0.0025682240409091745,0.011278561332437046
2020-04-22,-0.003690488633594569,-0.016018911419164537,-0.0002946465990838221,-0.021801857151927388,-0.018062230989031678,-0.0028257238288841077,0.007832736938047168,-0.003958748350598702,-0.004724472228325589
2020-04-23,0.0026177209238297553,0.013398600178304755,0.0336673033731573,-0.0019660008929589996,0.021917634280099414,-0.00907762994485438,0.011299924332550657,-0.009740760261604135,0.007846262667541178
2020-04-24,-0.009520745113255631,-0.007021616562463717,-0.0028766598911444795,0.0002934548587883007,-0.007855922306339707,-0.01902112717419512,0.0004983797170266997,0.0011779852883916425,-0.006639430496102173
2020-04-27,-0.011610322818319432,-0.025763794018752003,-0.018635143898263845,-0.0022666575724517527,-0.019533711630587192,-0.008128951475961842,-0.017504502321141865,0.01814734627610992,-0.015093808441430115
2020-04-28,-0.01192173618137507,-0.0012819364869696948,-0.023716544177056577,0.004758453770758634,0.0007962514946280913,0.007224535870857294,0.008519813538544325,0.00011759803363860191,-0.0007845611712416702
2020-04-29,-0.0015976826754433974,-0.011942600780121318,-0.002344128612010687,0.0044886597536877015,0.021131469293604408,0.0032094347788981237,0.01240484076336035,-0.0013821257564996217,0.0024506539690111826
2020-04-30,0.009227802713969181,0.0019870293541173222,0.006140757031653157,-0.008308617126275486,-0.011361690595845948,0.010478263154536352,0.017824580485034956,-0.009412637092180905,0.006780542470381847
2020-05-01,-0.00852355816287716,-0.005301245509077217,0.01033489684632383,0.009602785234437335,0.013888934160566867,0.02352415320021483,-0.0002555984787034267,-0.008750660615023846,0.0067115754962165835
2020-05-04,-0.003615960765103268,-0.02896904350248988,-0.0207173039661925,-0.025239794901124643,-0.013259982043410638,-0.0011285517379367705,-0.010513041910009235,0.008257578790859938,-0.012946212449741212
2020-05-05,-0.012682857666676104,-0.013873345843582388,-0.03557465548052529,-0.0334928873548575,-0.04365545263236663,-0.0062148307021925924,-0.017166563176282804,-0.0011339560724804728,-0.017009207445620792
2020-05-06,0.003891181348885757,0.007650171861239633,0.009863565810716884,0.007178425560214619,-0.01760162907419921,-0.00484463076914303,-0.0060003360359267895,-0.004398982402002846,0.0009250225902576938
2020-05-07,0.0260172022391988,0.026835035120854018,0.011222527161653045,0.028094058088065824,0.04612279613335262,-0.0018378797509261554,0.013209329105942837,-0.003969823788028243,0.015872442363817806
2020-05-08,0.008902037243075152,0.008627753156138434,0.0046803798386263985,0.00633654811637994,-0.0018489658491661594,0.010886954682886155,0.005497700378346512,7.836633592186494e-05,0.006299522300635945
2020-05-11,-0.01949196014768256,-0.022986503404397916,-0.04244746424591116,-0.02010256442726991,-0.05750902121235236,-0.0074246372389594915,-0.0010562245632521764,0.009148275921967009,-0.018045104035573693
2020-05-12,-0.0002763270378296172,0.019009309532631437,0.03018189726974414,0.02935487182800888,0.031314084810536096,-0.007469004484922401,0.007507180410774746,-0.0034042463092770993,0.010602411207037567
2020-05-13,-0.010289293462808345,-0.008634926182388772,-0.0057640825218743105,-0.004400733348117778,-0.002001767735258591,-0.010333681059354042,-0.023827772239329734,0.015652977526869193,-0.011749613496994493
2020-05-14,0.008764775428090172,-0.008978220110224472,-0.012013735243474842,0.0010226718125691241,0.02092306029798145,-0.01583326804221594,-0.00911241482074205,0.0034775935614701097,-0.005103958699857316
2020-05-15,-0.005187537766937673,-0.02103243002133792,-0.007187193216222952,0.002646318552722046,-0.01455835747556575,0.0022455273285739994,-0.006678539650117983,-0.005436241727636005,-0.004620605899884461
2020-05-18,0.007707800188930507,0.010936785159920316,0.024714064030136762,0.0009363680472296001,0.0056669313630394215,0.006807402211866925,-0.0026181798087244767,0.004606563374126573,0.005516069198508678
2020-05-19,-0.01663361730505285,-0.01016362672018743,-0.008023369107951307,0.001399797448258984,-0.006245568903085688,0.0016337830482814396,0.0029238332166811624,2.4214613891231146e-05,-0.00372748063646966
2020-05-20,0.005967645523606068,0.000413653317802035,0.019982043528841486,0.024917228956476987,0.026522567185035765,0.008457755015315946,0.003021664829732279,-0.038347676902011726,0.010704905618597221
2020-05-21,0.002661544348508881,0.004597410231034543,0.008470059253447335,0.01662251240522833,-0.06373101672868692,-0.006157921310565947,0.017525087446857202,0.0059209665842244715,0.004328379186212309
2020-05-22,-0.0010180113990917788,-0.001638106275133522,-0.0009154250739464101,0.004750626406801248,0.04575565845892712,0.0016560327446061539,0.00816781712521471,-0.013553673923372925,0.0060607754298100955
2020-05-25,0.022547275236304516,0.019857569455616696,-0.030936507327568967,0.010584575035963916,0.048275767940401455,-0.022822355340180466,0.010886267031398137,-0.02276609084373083,0.006650490939431203
2020-05-26,0.0007204684489439274,-0.0260176852116423,-0.010829358030182652,0.0012627742635915858,-0.0077406272556332905,0.0046135315056120224,-0.004846327873321666,-0.013800198023787387,-0.00274997378916989
2020-05-27,0.03173577404911883,0.02308517186249663,0.006075374466309294,0.0031187941218690472,0.017131708317546852,-0.011092843130755736,-4.61446493193771e-05,0.0005797579406286171,0.008147695429671524
2020-05-28,0.014580273472974766,0.01679027588111318,0.007394186429406447,0.00988151645895536,-0.016055892954247995,0.001253567051516122,0.003370262207267464,-0.0006088332872375658,0.0058508531094421685
2020-05-29,0.005181035288809124,0.0006694836604260016,0.004634057405365322,0.015470171534447697,0.00650926377239616,0.006053965374211181,0.0005761744985259127,-0.006021347328276785,0.005305586295991372
2020-06-01,-0.008920249258486765,-0.0013651903653602593,-0.0025261906122137855,-0.007168425412221607,-0.01266162748653948,-0.008200351462170005,-0.02608821008363991,0.0042775690080301835,-0.009608068382368853
2020-06-02,0.015859790435603767,0.004773273205177921,0.027056898290791703,0.009713043102042076,0.0033870684414656683,-0.00629056048732451,-0.02331914937027293,0.01138079732084302,-6.993304821636102e-05
2020-06-03,0.011469164555136269,-0.0023066116855491314,0.020866037818923894,0.004369218732407948,0.005981450240763197,0.02225302094102194,0.01992311638312608,0.016884846352684373,0.00932737063867558
2020-06-04,-0.006129949183773686,-0.01084215080405102,-0.028155681959583914,-0.018279190992103025,0.0006394976632725465,0.0023920075898416658,-0.0007696094807113178,-0.00596277203731025,-0.005876822253330413
2020-06-05,0.018737370462248167,0.017633123897707242,0.016630319197558696,0.006452743252354285,0.03836201385356793,-0.033394877304327324,-0.0071633929419043715,0.021088226025168404,-0.0014481329671348884
2020-06-08,-0.0033843411351646897,-0.002142706566630294,-0.00714058544741751,0.008963621595888102,0.00685756222224391,0.000859801119019352,0.010157908116847738,0.0008447942189441848,0.0016414996794161243
2020-06-09,0.0035425248606687294,0.004798008620419924,-0.015023743525638154,-0.009189846735397762,0.018167087822958054,-0.017729279844940816,-0.036934659083183274,-0.02160107831424525,-0.010282398211648077
2020-06-10,0.0016205504822645574,-0.002526883062287314,-0.02151781844328569,-0.0021081989855517252,0.005316439324480461,-0.024516952794867986,0.0036904099225818572,0.00869493031031141,-0.007596418070040189
2020-06-11,0.011165431051396873,0.015104734057412236,0.017291340730030132,0.02474568166989377,-0.0092395125956979,-0.012882225547221467,-0.012855104878376213,-0.0029040348851144533,0.0030474864060285123
2020-06-12,0.006599861937741531,0.017319405230991406,0.024488959672334304,0.005241694017316951,0.023559597870388936,-0.005704247876560433,-0.0032692803314320657,0.00093400289409705,0.0055603808710539635
2020-06-15,0.04340336306750504,0.035666874754349806,0.024701641919804347,0.05540039398601567,0.05089104792513368,0.015986373902530472,0.005263819945027039,0.008901516145738994,0.024233267922370592
2020-06-16,0.003509667576448326,0.016238467918563433,0.005599444407604627,0.0118207204993348,0.037211140847963814,-0.03398615932118482,0.020331959308139608,-0.033701204359609535,0.018102289116971967
2020-06-17,0.009992266455778023,0.009437024612202789,0.00794182615860352,-0.007501595797134674,-0.0063476386101088186,-0.0007795717589548327,0.0019588382422977687,0.013460383344611384,0.002237885010662044
2020-06-18,-0.015214536887840698,-0.018236480477625525,0.0005347271705575653,0.003985689343618419,-0.013033600093398252,-0.00920204000902219,0.009272707319331656,-0.006556760294739153,-0.003968263071727549
2020-06-19,0.04095895257140761,0.029928894640190974,0.018709205118786904,0.03182280381564152,0.03692764942000964,-0.005416498121206473,0.011664492209624218,0.005814657788903712,0.016571650609211154
2020-06-22,-0.005780795989121126,-0.014584023209789401,-0.011818979641080044,-0.01766274891554219,-0.03523054430915886,0.020644757178303205,0.01446891308639325,0.0057074735086169994,-0.0021001526174271043
2020-06-23,0.014472816415486119,0.005191060796292963,0.00928104455982522,0.0049928269818640325,0.02058687723962649,0.008230153039665492,-0.00024976079269836725,-0.012446968122928477,0.00835461997685089
2020-06-24,-0.0027299592281618172,-0.02310090181121685,-0.00914372844008994,-0.000195512042243882,0.031206360981181576,-0.008556741144318815,-0.013324366852684927,-0.006573449486145672,-0.00563093837281073
2020-06-25,0.004441573149445677,-0.006041479947942391,-0.00464595780968816,-0.027404327747996907,0.007286199563974997,-0.010807988231876073,-0.0052697134244239115,-0.010774401103471882,-0.004816073961442943
2020-06-26,-0.0040585085335245194,-0.0026318655435646036,0.0027053684683806772,0.016931504999199862,0.015836852914523594,0.01203983399193786,0.023674455760063055,0.004742684980483916,0.007672287414930482
2020-06-29,0.018672076866250543,0.02488962020178458,0.026290959853530232,0.004158097222423952,0.012981581651992575,0.004576645854869232,0.015833948411866163,-0.0035086034354529206,0.013423625515035965
2020-06-30,0.024071609438751567,0.02993363915776142,0.0366305916788412,0.01591536477813714,0.04745416127352005,0.0026279090686025966,-0.01728546695785193,-0.006233284868650492,0.013478814540310394
2020-07-01,0.008999741055238937,0.029161181726910686,0.02161017363001356,0.05056303095896418,0.040602895952172466,0.007755137346922926,-0.012005436318335129,0.006329521626727151,0.013443034547883436
2020-07-02,-0.010539831728896713,0.007725324314620372,0.014986233411348939,0.019556886101920273,0.0023046356616489364,0.00047538147892576936,-0.0006910805159179398,0.005878224236143586,0.0025486539101351076
2020-07-03,0.007366510746883192,0.02758141266732667,0.02815321952953788,0.018379041189158368,0.006346171807892424,0.011489925444622042,0.040577551884470646,0.006263998939731847,0.023062016005410153
2020-07-06,-0.002949093867099487,0.004785712717702841,0.02050358386664877,0.013353296346731566,0.018619514145293038,0.002913051428709513,-0.0028873045167717173,-0.0023162124617522885,0.005126913327920639
2020-07-07,0.031177451323626395,0.0183304653474125,0.018547848855127887,0.009348088699752738,0.04253225058584592,0.0259242095044338,0.03600740650502995,-0.0017658269445008624,0.022820771902799696
2020-07-08,-0.001835357234955916,0.0049842132321056215,0.006015684916651752,0.00416714558284739,0.007092101271469201,0.006631798307405295,-0.0009631245386089245,-0.0025588847070322908,0.003309836692701359
2020-07-09,0.048682566988863925,0.019070205321169615,0.00852271994999024,0.009140232519026027,0.008422575331247066,0.022238872792174576,0.022053060213822695,-0.002159694855634984,0.02062680288211014
2020-07-10,-0.011334236502111876,-0.010142697282054679,-0.008923346930425423,-0.005015449085240931,-0.040491032945806804,-0.01807988175817338,0.0017957976646408573,0.004103114124560967,-0.012868892805070843
2020-07-13,-0.031575448134826704,-0.03776313905707417,-0.02271379015245722,-0.06338857291966084,-0.032172894026483996,-0.035470957011183996,-0.008302121616676868,-0.0014310926299367322,-0.02803439043244423
2020-07-14,0.05745965550035415,0.012790605214024349,0.027988081400486604,0.0047279684693069595,0.04706733670685278,0.010817178428597682,0.011852833775888,-0.0115704511498539,0.02057272645148565
2020-07-15,-0.024673615118322872,-0.0021744458282333956,-0.011266366938525549,-0.027678833334462527,0.007011383757238022,-0.007295745702555175,0.019567698201141903,0.012625005568687484,-0.007169862957630277
2020-07-16,-0.0006260633086876069,0.0011670708717476572,0.0172019665032694,0.011490449156189872,0.01148571152029413,-0.0004447967697484623,-0.0005230139764647129,0.010488342829339014,0.002009205435740534
2020-07-17,-0.006094081116344671,-0.010280592411829534,-0.013681754530503673,-0.027222419903554763,-0.03173024863535326,0.015409841147665507,0.0032595709200681023,0.00702479367044745,-0.005709400972073753
2020-07-20,0.010897085144944595,0.005661775962398344,0.0005446767733852049,0.00703509383638798,0.0006868444425223607,-0.02400054077875258,-0.032577950805058,0.002227119866908159,-0.001488494510534966
2020-07-21,-0.016168892226264664,-0.027306595407581076,-0.017760347816925957,0.0003646672143368879,-0.020477477611037517,-0.02381815861705093,-0.01003355961665591,0.003403390360181825,-0.015318398209120824
2020-07-22,0.011574783203705608,-0.025987527674494786,-0.007337941606049379,-0.02190506997324298,-0.04064188150212307,-0.0032406926669689066,0.004785657362317721,-0.012431957468613706,-0.005428292272284634
2020-07-23,0.014337047583970966,0.010329541759616461,-7.717198261594836e-05,-0.005108799864936119,0.02827830221069271,-0.016163820431297982,0.008284929039156803,-0.0014546746570272564,0.002566811263279082
2020-07-24,-0.02925481936705488,-0.021017187419893127,-0.012561894936129154,-0.035307798395405224,-0.025990327140762413,-0.0076009122231772515,-0.015074242296186317,0.010725392913737145,-0.018560007547060747
2020-07-27,0.00698788950974602,0.023288221690761363,0.03138709131278964,0.02556267392455875,0.024191314606189774,-0.0010818820962897912,-0.0023189174887484182,0.0017737684319911475,0.010297694880512654
2020-07-28,0.014232716270604828,0.03397097656796376,0.023075889770735537,0.006801125846121677,0.006196887437917681,0.0177496083169345,0.010353677911031752,0.003362005055154054,0.01432009306750001
2020-07-29,0.015523838139046744,0.008789900193438374,0.000723762816778733,0.0020641212031666765,-0.009806177864819406,0.029075348426917814,0.013265786809926867,0.0033912791960264165,0.01023016941287223
2020-07-30,-0.017681246887973703,-0.014269857394621376,-0.0005843110308450588,-0.01600182971208511,-0.0341028912518046,-0.0022178596031976324,0.004446664451694393,0.01549420694494933,-0.009671268766973478
2020-07-31,0.012231979029949288,0.01656333411874684,0.00013278777598406302,-0.0030141919770631594,-0.007018289845097435,-0.013107826076184204,0.007029681854088398,0.001554132402242575,0.0014049150878587217
2020-08-03,-0.04485820492594659,-0.006419785142930661,-0.02359089244937992,0.005035731921646823,-0.052749998231603604,-0.019736381718776647,-0.04167286660789584,0.006513390945797946,-0.023022807905151953
2020-08-04,-0.018052927890172318,-0.027459863806004483,-0.012223639049502327,-0.009508272049570537,0.006427234758833451,-0.01555830766775908,-0.007197447790155192,-0.007158335797872175,-0.01111645513761238
2020-08-05,-0.06002553194873596,-4.617948587242132e-05,0.009216424070760374,0.013516379353988743,-0.012260616541928395,0.012927165756617641,0.004892840966827855,-0.003432264106649876,0.004381824410667596
2020-08-06,-0.009003323207277923,0.0139932127800226,0.009843515954554558,0.008586484974609534,0.0033567816727419547,0.03194371494849151,0.031300433063483644,-0.008185254278204206,0.015244695714102505
2020-08-07,-0.0029059026703975982,-7.49564372299373e-05,-0.008384297701882041,0.001980793181011093,0.023443690776103955,-0.018031370632003118,-0.02401296746612386,-0.0024406946789676436,-0.006935354674085024
2020-08-10,0.03612264059452848,0.035746575349320374,0.039966548676565995,0.0315630339005979,0.0465902475054358,-0.004577221441534306,0.013517122629589887,-0.0006126880421659228,0.020718373672373377
2020-08-11,-0.002845670730473803,-0.003304075893493604,-0.0008186333396552352,0.00896896549787274,-0.026736299279396428,0.009361681674579358,0.00400581700099246,-0.009210914481555641,0.0022969870084647553
2020-08-12,-0.0015341541411708244,0.01563867327705922,0.027422417982028234,0.019027496802103583,0.054889020938725774,0.003205577824989034,0.014276166560733088,-0.005516519231176829,0.04141145673257979
2020-08-13,-0.011077121688618505,-0.030615732838246434,-0.06790993839505638,-0.02419913400603866,-0.04176496609946105,-0.020136385537321267,-0.012846306354068162,0.0182521593635847,-0.019627033097672317
2020-08-14,-0.028421922221364877,-0.02282135432790302,-0.031474214541580114,-0.013146682075379636,-0.029378596535562088,-0.0178027273411481,-0.010611365906774863,0.0004189496803646,-0.12071343820997116
2020-08-17,0.01052047489936878,0.014856972760866123,-0.01781647811923001,0.0011344988999035725,0.04476877957836079,0.01766776805171901,-0.017333524229090246,-0.002895406936701841,0.004968588659538859
2020-08-18,0.031054010517647414,0.023748898979593844,0.01285506537629593,0.020627069841570478,-0.013265812707643578,-0.003948699930315992,0.0033875472970178854,0.003988039437191889,0.009080265856918015
2020-08-19,-0.005849931827470327,0.007774633399898286,-0.012453483849512219,0.0002415129709728016,-0.0006049952568718243,0.020313543404152527,0.0050477693093340294,-0.0016602200456374981,0.003979294419626212
2020-08-20,-0.02252157564311964,-0.017358346191779703,-0.02053295328959825,-0.02015941361499017,-0.013152701304111001,-0.0006853937583757561,-0.013437095774954713,0.004299198525659206,-0.01312474969905768
2020-08-21,-0.013790896710764795,-0.00736061109294783,-0.00966291811159083,-0.009885035899586354,-0.04365749204644108,0.014387334238863778,-0.004891214503591408,0.009424788490594489,-0.006541055478131827
2020-08-24,-0.01015984914585218,0.007205283025943367,0.01295881356108676,0.007274210072117635,0.018562839984785938,-0.0033777803097671372,-0.002116824216161348,-0.005843628850407652,0.0024982242024953263
2020-08-25,-0.011357645660622046,0.009496322185426353,-0.00021650786672848987,0.001104603828084208,0.01388078253775438,-0.000868513665662065,-0.005276122609557824,-1.9368522455390563e-05,-0.00043936625947445967
2020-08-26,-0.010818598365385899,-0.008458076747959101,-0.007453576579756554,0.0026799716135055846,-0.011359373072037172,0.019997935094666564,0.005188009597595043,-0.0014282518340432474,0.00130682486945919
2020-08-27,-0.022350356034143367,-0.02651659967023417,-0.02688267465744437,-0.009753336388425175,-0.032164885022871625,-0.014532836889780007,0.006815397677106594,0.017220445224430427,-0.015953856721612154
2020-08-28,-0.01417407731792417,-0.01489564777796935,0.007589954758981417,-0.0032118334120586536,-0.016395907070603788,0.006426562005790493,0.015047371581873885,-0.004055423105646914,-6.9746975051416214e-06
2020-08-31,0.017215999325756744,-0.0014671436714667875,0.0029945706867435156,-0.009470458926174548,-0.01262155149641577,-0.003907088186478764,0.006624255783861957,-0.003165342492303932,0.00131818883919585
2020-09-01,0.0017823528964050288,-0.011634541054198443,-0.00203874438051185,0.00952154546800155,-0.0038604392512268724,-0.002855236432276209,0.0033943597019968413,-0.016375421293550827,0.0015324369221340107
2020-09-02,0.055585138753219965,0.035979521290680126,0.0327799441397229,0.04626054707656566,0.09174474933511138,0.02862824646585452,-0.011238703561891269,-0.0009447625342427929,0.02899396697808837
2020-09-03,0.011851843976511012,-0.004988967352171675,0.0026148548598906706,-0.014200158508930789,0.0219635481307783,-0.010829945109604599,-0.0032699982719125633,-0.0065572418190824105,-0.0010116707648377644
2020-09-04,0.027086249337848492,0.01949553135613825,0.011673023969826647,0.0030611149096458922,-0.008794188528593504,-0.00789466944624476,0.002049157479612398,0.005951185649617064,0.004992322278798087
2020-09-07,0.02857480114425878,0.011159913827777848,0.010440197921612358,0.0007234674762247888,0.03845635463510842,0.03307695001297776,-0.0068949701778962865,-0.005537113108738693,0.01436691260642335
2020-09-08,-0.02464870419598961,-0.009829187141634062,0.0018950563662342092,-0.007666667314385943,-0.006435347671070251,0.01735631753269702,0.031166199466807785,0.00033228071422131855,0.002986704828113528
2020-09-09,-0.015353908027161328,0.0010484262621245494,-0.017766558626122687,-0.026567012040059027,-0.011941170680778034,-0.010718919607562157,-0.0024921486248521245,0.023662241985876388,-0.011390489032016877
2020-09-10,-0.00680681752439024,0.007199037938642934,0.0054551137375861225,0.020861398849692174,0.010907727467940076,-0.002430763732133976,-0.025267200677404813,-0.01391303092491591,0.0006448558463622722
2020-09-11,0.007563929849913711,-0.0102159244699332,0.009127234699715738,0.0013852332880156994,-0.002926526690534144,-0.009046952533147813,0.005060478686423479,-0.006487025765255665,0.000448137034131163
2020-09-14,0.02183353827598323,0.018838285434482887,0.013658137211320552,0.024529641183118435,0.02889569729039128,0.012166462521098568,-0.003198591340302205,0.014969402715809009,0.010607341712640864
2020-09-15,0.02831856412012128,0.016996925275967273,0.025347702146809523,0.03039268049835843,0.055980609107330645,-0.0014024964675432698,0.016461907064994064,0.013035572693390673,0.015389418112720784
2020-09-16,0.0014851733573036467,-0.004746463469655919,-0.006382814356674051,0.01777575979071736,-0.01630769522479414,-0.011619458960165798,0.016578826538876462,0.005985217374089013,-0.0003845871122579596
2020-09-17,-0.007071974904196792,-0.003083032416417733,-0.010688146289278281,-0.004536269760301428,-0.04020491639047557,0.006774089688770725,0.007139575237540897,-5.9086558266303e-05,-0.002626276021699644
2020-09-18,-0.014908961028046924,-0.0014870289979077094,-0.017018440641606045,-0.0032638091694627983,0.02517016933902418,0.014103890448845155,-0.016712092904363613,-0.0030104745738297914,-0.0024653575881818353
2020-09-21,-0.00036664070907483574,-0.015940565780644234,-0.0056054204516743054,-0.007970608675175498,0.023377381240786706,-0.005602045583856334,0.011646844614226572,-0.008836081356223074,-0.00029208430522262665
2020-09-22,0.01360193638175854,0.021621614269960596,0.005646919429041263,0.013310317295732448,-0.003492906196479357,0.0031606483651828994,0.015000732282613512,-0.005922212286917461,0.010264763703061739
2020-09-23,-0.019054701835494264,-0.019899021015512563,0.0028650248516765907,-0.009853914065622851,-0.03712141604633425,-0.008282889230216663,-0.026352774722625424,-0.006631771967720716,-0.012978657247783796
2020-09-24,-0.0016401378678142717,0.02060306573649029,0.011085667230481416,0.01051078426339444,0.026705546619487402,-0.03109768146396011,0.05040568594790996,-0.00064323648307842,-0.0014570223115802203
2020-09-25,0.01788836101878511,-0.000715327666673927,0.01703151467651472,0.006261238902618632,-0.0025137494246518094,0.0076450496863503786,0.0028327034873875164,0.011542891675245491,0.004778821573948176
2020-09-28,0.004500498270124398,0.013455553317955183,0.021069536911053326,0.022813658607487443,0.04595538961581336,0.01195584899715906,0.007946886185645857,0.008675429248037523,0.011843082797917235
2020-09-29,0.0014594293010639977,0.020752852068372005,0.03061532524133502,0.018143951265169024,0.01570390512587874,0.02407605084873836,0.022853643056455958,-0.0007628065876743947,0.017323914047779422
2020-09-30,0.006723593593081046,0.0044585763800159455,-0.0031037729116970276,0.003769078536048219,0.01019362990546199,-0.0033348998728401076,0.011048982351146534,0.010942201065034714,0.0017500793038172455
2020-10-01,-0.003999547642713479,0.006126414256002128,0.003655954535164147,-0.012810005220120798,0.011107399883870949,0.0016055520052703706,0.03517353651442331,0.012233468988478066,0.004302177185029799
2020-10-02,0.005267970409428023,0.005592927395063054,-0.006440966435907555,-0.02052418728523832,-0.017861911859362305,-9.213315431508452e-05,-0.02715964513227213,-0.004555657988173746,-0.006396253681837982
2020-10-05,-0.0029267513691326377,-0.009267879608593646,-0.010050150283396262,0.014022873121233395,0.007686206328619364,-0.00879374531052363,-0.0059920044001062125,0.001374197870828606,-0.003609113142823102
2020-10-06,-0.012693166006818777,0.0032088172281317905,-0.005469279679118899,-0.017171227716933316,-0.010465612821338597,-0.0012198799726100182,-0.027717390631327752,0.0005626405445289951,-0.036609793413263814
2020-10-07,0.00883195412858427,0.0314583916828601,0.0346989158145323,0.0433050809861166,0.090380175518596,0.017487932873827116,0.010768006163277407,0.00466876477478861,0.005873554315696073
2020-10-08,0.0027724240129327763,-0.005298370824921042,0.0016956004169487691,-0.008869970337751417,-0.015374238598938226,0.005542377224513314,0.0010532409747576266,-0.016345387269851703,0.001451203725509252
2020-10-09,-0.01936286295314839,-0.02277162974432208,-0.013625254176842863,-0.014675597896019701,-0.007130672326439085,0.002688044873212293,0.012459980627112089,0.008000106403601702,-0.007381605001412332
2020-10-12,0.020263757962873916,0.02420805860353971,0.02325118776933696,0.037202392248629916,-0.005598478579819878,0.005732947624304129,0.002205901981299936,0.00608510404803546,0.012454717707330736
2020-10-13,-0.024705743927068292,-0.00026908093423129486,-0.05386468490402032,-0.026119926342007167,-0.026536710042197736,-0.010446333477857773,-0.02741500812818048,0.007877952705044558,-0.017050259800932898
2020-10-14,0.01946456210612684,0.00829726916579323,0.008860178433541904,0.01011662604499078,0.04793491214964132,-0.031071020380833286,-0.024988543150051484,0.0002636930489139691,-0.0020815309061879023
2020-10-15,-0.0036833269531490087,-0.003685643286766343,-0.010275562881105125,-0.004827207694271351,0.004218269003342474,-0.004980090223729869,-0.00916642494769148,-7.257797842195529e-05,-0.004810842672022725
2020-10-16,-0.02982333593801683,-0.01448380208971255,-0.02034163303216718,-0.00326234426192508,-0.014868977153774695,0.00670869133675581,-0.014270094999642206,-0.0003767903572635191,-0.010023604375534304
2020-10-19,-0.011565387897490715,0.006708612806216206,0.017738350584409153,-0.008533607427741202,-0.03026864108588413,-0.0006713998920184745,0.007744454136187679,-0.015626155383881065,0.003078103965034276
2020-10-20,0.009509209286895264,-0.015584660345672872,-0.012302110671419737,-0.005669804756816754,-0.0004424709062912245,-0.0026570097123277043,-0.006340559867728942,0.00874317967877565,-0.005510957942262312
2020-10-21,-0.01053928463237518,-0.006407790988013695,-0.0020727378460318737,0.015931224813955272,0.01072514570006282,0.013362721383967156,-0.00402276188875236,-0.003849340118387861,0.0023122569445997365
2020-10-22,-0.0016593675808236974,-0.012356512689304181,0.005907265822302632,0.008030434675077424,-0.007999848832992405,0.007945912742622345,0.006113590328913308,0.006394650747922443,0.0008034257369501732
2020-10-23,-0.0016962039628720506,-0.0015837689647417417,0.00543475882528835,-0.0069778923651678555,-0.04662240045251907,-0.012917747044634643,-0.0051250324654371765,0.0005943290337334048,-0.006659021064194923
2020-10-26,0.011151696935611799,0.00859257146932491,0.007287376020632637,0.02192775739005906,0.006338506542588482,0.0024588512894917693,-0.012063258455192075,0.010844087919937151,0.002957670535736069
2020-10-27,-0.011606522047058664,-0.008850965608648344,-0.0024120133795570544,-0.009852808611875548,-0.02174856810943677,-0.011093019634498798,-0.001141410713846282,-0.001580097382844398,-0.007337438535342419
2020-10-28,-0.022692898394324777,-0.014079924710622369,-0.015579072026822263,-0.019607113526674762,-0.021887503660890085,0.002647688297769271,0.007924699774661698,0.0070917466234164716,-0.008850314127085791
2020-10-29,-0.009127894731570675,-0.017757850577055527,-0.019326931827853847,-0.014862212777752988,-0.03535650965143034,-0.0035455447302666734,-0.015796843214793684,-0.011716917553746927,-0.010732008422075397
2020-10-30,-0.007494871044833198,-0.014314638166835831,-0.022342018471066098,-0.009196964816284113,-0.019061307162581864,-0.010014773784664028,-0.009491136992306595,0.012045767465240945,-0.010966251429026274
2020-11-02,0.03556531781086934,0.05176790646348175,0.009713812525131937,0.029339772285907735,0.0374086075661934,0.008805031812713018,0.0029929451119638595,0.0020779489809124277,-0.01574081397350894
2020-11-03,-0.015193877168502321,-0.011905599348495652,-0.005003515732758214,-0.02429015579569145,-0.049337364728637305,0.021155896395132923,-0.00017556302933071873,-0.0005383828566433444,-0.005257372904308232
2020-11-04,0.010540374284040597,0.02740639323555877,0.025280747054373397,0.002095878227097722,0.00014020267891913518,0.0018332565462639673,0.0003605725754347649,-0.017771423613209318,0.010532721930307038
2020-11-05,-0.018287877728659724,0.004955389058186271,0.018830171403691993,-0.03751235525799025,0.008103532715598459,-0.016399992455560706,0.0004347362983713603,-0.003946485425391179,-0.0019121703230075592
2020-11-06,-0.004230373623698733,-0.007912050593112055,-0.009334203831450963,0.004822705442474397,-0.020585104812840156,0.020293632919015057,-0.009532695499513185,0.014083470853755572,-0.002761110195476756
2020-11-09,0.0008551441309347784,-0.00478977766156987,-0.006518345054976679,0.006235828958816119,0.025316464802751616,0.014183459280570665,-0.00037392889779471535,0.002110905577584684,0.003229591235308582
2020-11-10,-0.01661628772352415,-0.023928235907926056,-0.02302905823322548,-0.017232851856013642,-0.06333626211297623,-0.09709449554266095,0.015448825238788001,0.012435657874480751,-0.013515950001658162
2020-11-11,-0.023765506334487728,-0.010453165041747868,-0.03694140818826794,-0.007812003122901716,-0.03058939758539515,0.014926163767867052,-0.019806393401385448,0.010512695073740235,-0.012538949567563813
2020-11-12,-0.004966166644790037,0.011935319138518224,-0.0059858031556778955,-0.001619006737097767,0.019436752211746518,0.013660272259984488,-0.005833344556880485,-0.006780497850460347,-0.0010525131967408002
2020-11-13,0.026858250832801887,0.009322630898373601,0.027711402264443494,0.025402867859514698,0.0363080732724402,0.0047976074896633435,0.013727408058708266,-0.0027774961210656366,0.01573275873884052
2020-11-16,0.013149386384893916,0.007365195273251798,-0.0013845393382383516,0.012753788942167653,0.011250838070706422,0.009418524987707759,-0.0008996060770223686,-0.011238603084196578,0.007708410229455361
2020-11-17,0.028152676991250423,0.029077601522049457,0.019606468568727754,0.020023239770959975,0.06150621133208416,0.004742928425560347,-0.00351688882356556,0.012842475651413,0.013459064244473956
2020-11-18,0.03206510674925145,0.005754622176278129,0.016181219323583344,0.04067944309056194,0.032460760630268315,0.005408179145981206,-0.01053741165671731,0.007032057194514809,0.010964491088082739
2020-11-19,-0.0007992499290255089,-0.014355543250380976,0.009114262882228217,0.011588027684997454,-0.002104018801633775,-0.014535205134884363,0.013892227902150217,-0.0021029638686279,-0.00032715897968666515
2020-11-20,-0.03020782440531589,-0.027328727989495004,-0.03919865648639628,-0.03786913119814751,-0.03280988693953572,-0.016752466510247865,-0.006873565162714488,-0.0008271822409252294,-0.021634039889694034
2020-11-23,0.034754521662743475,0.019485786295725987,0.023662305129941393,0.003582766833260364,0.058862736469254134,0.0033810005289339777,0.018801100104436752,-0.00389825677282926,0.05489650655834055
2020-11-24,0.012708562599910126,0.003564469643366084,0.016852284923305486,0.00041303731813729737,0.025976633281940893,-0.0009710260409331204,0.0055144149447152995,-0.00487030740653345,0.006601657956147125
2020-11-25,-0.01808279926194313,-0.009066402153532932,-0.009053164697043807,-0.017238208433186103,-0.019742177340942267,-0.003204157647629795,-0.011377106839350537,0.0008040980909313388,-0.010058032131134095
2020-11-26,0.04224785762793995,0.040494362683171636,0.036871555276306874,0.051579762530170235,0.025544919355289845,-0.016379665954930445,-0.00621365775945147,-0.016850827751223558,0.01948136690622934
2020-11-27,0.004500458049569825,0.013680199261750408,-0.0031621387751696347,0.010022849633361959,0.010780342873012848,0.00640250969032446,-0.0035947948357244928,0.010950146291467473,0.0028230420630758644
2020-11-30,0.03216664883236645,0.012732966585154722,0.02290048058419224,0.018991465015208812,0.025288273692468173,0.017358540272992443,0.007045976172804723,-0.025924524140516325,0.019552278787346188
2020-12-01,0.023316433198343617,0.029782073415940472,0.043818664468082094,0.030783522543990603,0.02107281220308674,0.00647784256213497,0.00740460096466131,-0.013361337801376777,0.020080979612891882
2020-12-02,0.04037413373935149,0.03263990432196994,0.028581387590207927,0.014749706271559202,0.07228400405963242,0.013132842351796346,0.00599273681582598,-0.00020213742685288487,0.021405299020268415
2020-12-03,0.003463650418681807,-0.013869081858607121,0.004162509574794482,-0.0042406299747512,0.01601068672424493,-0.002909661469513291,-0.003630098808697336,-0.009234095188295821,-0.0004823965358807074
2020-12-04,-0.014575348837913097,-0.01506361791577265,-0.012398594543540049,-0.011534197626326214,-0.0501735388579772,-0.007380413293653612,0.006369071060021415,-0.0012877663245307504,-0.009343057892387738
2020-12-07,0.0037375893526289824,0.001277243578873131,-0.009695294393371849,-0.0023529666463237837,0.01711240068519174,-0.013626835859580983,-0.011278764053108827,-0.010581341468027108,-0.002748768566484759
2020-12-08,-0.000756029772510078,-0.009958732816287709,-0.005254438607565441,-0.020594456315655582,-0.030357692833715606,-0.02000996486188322,-0.022708783510130257,0.013225028997653474,-0.015355935245576135
2020-12-09,0.009096454069725203,-0.0032134586670627624,0.008305067632467253,-0.009103090262859789,0.0030667537136217045,0.0026136654169308603,0.03315698238439106,0.004933970888374195,0.00603567125999919
2020-12-10,0.012956143831161115,0.033174455820806734,0.005187517728344132,0.006491540672220449,0.02033226211597463,0.00040131535392703684,-0.001962965965153865,-0.013457181277430095,0.009917754775117124
2020-12-11,-0.024219441223992628,-0.018258592631566203,-0.005054468741561198,-0.014358497110945506,-0.04146407179244915,-0.02297454635523316,-0.014957672733599742,-0.052089406156389156,-0.016344056358146473
2020-12-14,-0.023846258870212283,-0.006492687257024891,-0.007978146769388489,-0.008155213498326371,0.008731469024824032,-0.01122860986154481,-0.01740781186106052,-0.0022119389044112747,-0.009944416621369792
2020-12-15,-0.0007314540580175287,-0.00972064664556514,-0.028207928972523343,-0.02016153652243899,-0.011204803044428035,-0.00047360137496790106,0.013799231511673365,-0.035224484297485564,-0.007786037618179395
2020-12-16,0.02525838788785203,0.02581257587976823,0.039894617967640336,0.05171867001091621,0.06503622903621271,0.020391950359104787,0.009115903210236514,-0.004923415023449797,0.025895694760440898
2020-12-17,0.011830864299859757,-6.734397205211478e-05,0.0004375963570941876,-0.026492883440200093,0.029187095252192652,-0.0018681235196291496,0.005664432402701447,0.012812003973509036,-0.08125440438771052
2020-12-18,0.02634884416262641,0.003713266343840842,0.03420527588237647,0.0323788791475658,0.034906174373090466,0.027027068748648134,-0.0011878472980923556,-0.005796193534569316,0.01854003947087759
2020-12-21,-0.032058830269913095,-0.014854316555746084,-0.010321125386331176,0.008248623357980284,-0.049306625261426526,0.0137457156212336,-0.004170446367400403,-0.0021973423189858544,-0.006696944641895983
2020-12-22,-0.018314890489466815,-0.007448903073825065,-0.020752126881169022,-0.004652354843195385,-0.029748226113885702,-0.02068784967259794,-0.017887856361902724,0.0055857275929969506,-0.02051546011482601
2020-12-23,0.0014764256425537138,0.009110053711613834,0.01764694875326727,0.005748713582626786,-0.007281001250447028,0.004211248584732689,0.009514019457695033,-0.013995152551890554,0.0076340202636941
2020-12-24,-0.011812248612946956,-0.03126318259397817,-0.01706455951642736,-0.003308118521719728,-0.04383975244109279,-0.06272158170503918,-0.01567449757311619,0.0008923820798311883,-0.014719332067782427
2020-12-25,-0.009829027766462245,-0.010919860009216707,-0.01314049373018665,-0.008779723075790892,-0.02685846146569726,0.015066489922933583,0.011875862967342698,-0.005836149755211616,-0.0007897490377212096
2020-12-28,0.0030604404849683556,0.016062451801770426,0.0038439852163432153,0.017493750277856636,0.015705503407201244,0.021685639354052107,0.027269428037930702,-0.0002250111187735528,0.014354792757651346
2020-12-29,0.009808704204532469,0.004717034532485048,0.023340898667150955,0.012772177706034667,0.009090079951662208,-0.000936463439233079,-0.014892978698521185,0.003291110943733448,0.002936297851698638
2020-12-30,0.020242530392809342,-0.0009512756731486908,0.005229737377065804,0.02036446230813975,-0.02344001505868486,0.03071743790232109,0.010022451864085785,-0.0010537985058796735,0.011655936612669015
2020-12-31,0.013680728554481337,0.012469722890377101,0.02144912584564241,0.02138350517236484,0.055222965490570354,0.012221637003771083,0.03260473548554426,0.0055220729128207845,0.017839421137124254
2021-01-01,0.04692853810414184,0.025058197049739273,0.041867591001771225,0.03434375609831519,0.07161639963164383,0.0059453415559153015,0.01582694699123878,-0.006840904698403904,0.025852145992921564
2021-01-04,0.008610395066788233,0.01660456769868732,-0.011682520532620644,0.003158108635881835,0.016875802078307436,0.004636631460618295,0.015455774441520461,-0.0037454496769211277,0.007306809913312554
2021-01-05,0.021707897610452866,-0.011175439637217902,0.004382520563075294,-0.001849951475854999,-0.011593990092994338,0.00780934009238698,0.021640919593309823,0.008268735312801615,0.004849530876693079
2021-01-06,0.016319634559839192,0.02098746547625675,0.015362181264927836,0.008010525242703768,0.011963244136680248,0.01699023221662711,0.009399800977014481,-0.011826861834497975,0.014322794540720319
2021-01-07,0.015545143572807594,0.004388760665960445,0.009661035196437254,0.023858894185964027,-0.005574314081058369,0.004548130463541304,0.001698029709627262,0.0016986390603726045,0.006722726034444266
2021-01-08,-0.022576310004585893,-0.008408203608752286,0.0011409696818098017,-0.010213540474913447,-0.018163252378876636,0.0008803848198550162,0.0031894008005717046,0.006245524103836496,-0.006194005985456788
2021-01-11,-0.016447347560395648,0.00046855142207417546,0.009365919519463264,0.0018602869471742388,-0.030313595162088248,-0.002638748285527028,0.0012080272226584897,-0.009732081866034421,-0.0016028124467810957
2021-01-12,-0.023985923493032867,-0.008924509346525496,-0.008937115551600976,-0.03226891131663817,-0.018896817173720142,-0.007150198891757253,0.0015778527895785746,-0.0010095195050991023,-0.01073562785958518
2021-01-13,-0.012723405334169708,-0.014413576513853492,-0.01140125888470182,-0.010203507605957875,-0.021174697815710828,-0.009734773306370206,-0.010494484876760392,0.023610464724530274,-0.013868556941715864
2021-01-14,-0.008968685281307006,0.03165089480162305,0.021829133462564376,-0.00023066985393429607,0.032444647189891325,-0.008565256452930105,0.009131811837656153,-0.003604418259112712,0.007227541465690655
2021-01-15,0.029256018046314464,0.026207964365122297,0.03296706002605924,0.03283255063138645,0.03479674891257267,0.019046604008862513,0.028382686191422465,-0.003497096294338548,0.024830970186126514
2021-01-18,0.015874200092449917,0.01323270447770001,0.014249557175396301,0.015008512442376958,-0.0013822171511291143,0.004861937226091829,0.00759554962211933,-0.005741782621550934,0.009703281662628988
2021-01-19,0.0012488446766327484,0.009838568364153085,0.013460159793579021,0.010511929075219953,-0.012679708884841046,0.02575109492575001,0.010569311903542608,-0.0029286244108078846,0.01034657075187605
2021-01-20,-0.007741755989481602,0.012583349595316503,0.021044813178204606,0.015454161616434179,0.010883577659268616,0.010162008199800657,0.005748683726099086,-0.0032846157912805305,0.008368426413255385
2021-01-21,-0.006908275376098872,-0.0015416827120591713,-0.0002684927126039452,0.0052755397891451426,-0.01314998638630289,0.008196370020974385,-0.008928094560065814,-0.0047663912446901935,-0.0005596618081883638
2021-01-22,-0.018036200008895976,-0.00030510160778543776,-0.014781877752374616,-0.017875785809099584,0.0062998506371737106,-0.012337694651901892,-0.010080975676008366,-0.006361921064399474,-0.008673088432951786
2021-01-25,0.015808039394311992,0.01917783911089294,0.020974225266013606,0.018646198217421674,0.017282776038814306,-0.0033128707306603715,0.018385496352985534,0.00404249955754502,0.011413333661872952
2021-01-26,0.0015755822263383993,-0.0021476710478095674,-0.013321108225371435,-0.0026610469580168866,-0.011854101145813258,-0.012969197750285589,-0.025481623159820742,-0.011981999100663228,-0.00751231870392981
2021-01-27,-0.0006279183240956145,-0.010158373685876968,0.0007519835171470911,-0.017915697977144058,0.004587297236060385,-0.003241847180578625,-0.012491149989254149,0.002041596091685044,-0.004621168701508651
2021-01-28,0.010387817027770235,-0.003496278930394045,0.010150808807066203,0.0002683590327665034,0.02493994156686992,-0.011874147778678476,-0.013655902182988358,0.0035682955596535223,-0.0018095062531439789
2021-01-29,0.030269233901056753,0.020917940111447087,0.03941827084586565,0.02423705223353946,0.059904748704666534,-0.0009186172008032402,0.00872421095916109,-0.02343628469832579,0.02091584972510724
2021-02-01,0.009104420875453266,-0.008619823225592828,0.00138688105049055,0.010656634829627133,-0.005714813677741614,-0.010615010065038977,-0.010309961547205808,-0.007651749418736575,-0.0017520296342457213
2021-02-02,0.0026737252373161776,-0.0014804612773463295,0.017935898392728338,-0.0028972309108337654,0.029793164015184396,-0.011439918070754498,-0.0038410450237880895,0.010208951796487741,-0.0010322099326538722
2021-02-03,-0.0065396366858217645,0.0021464183533643696,0.0044249479613834575,-0.00594184887071075,0.009201757366637803,0.022869542706651903,0.015622869647551824,0.00424616390259722,0.006149899110462367
2021-02-04,-0.0248961892892812,-0.011204650352312944,-0.023441612652684768,-0.02501406902660644,0.010303431684337921,-0.011593170397043611,-0.018652260600583254,0.01350297251262682,-0.016435411188006344
2021-02-05,-0.007018716042552364,0.009713786653278706,0.004787995905331879,-0.015854258909723105,0.008690764747399821,-0.005433839028168974,0.01808485928806864,-0.005176442931257389,0.0022257987775561655
2021-02-08,0.032193385187591884,0.012062590159199619,0.012275377394937385,0.020784697965272145,0.013078538126126017,0.01194236919647209,0.005583206549139231,-0.00480534481509595,0.013775956403776702
2021-02-09,0.0021300073041800823,0.0034967063663135364,-0.003984889422596342,-0.00645463875473182,-0.0021248767098798744,-0.00028814524923551245,-0.005706308753200426,0.0029201992701336026,-0.0019630056306491244
2021-02-10,-0.01201119787496283,-0.0110022631684664,-0.018726075012784206,0.00722394355450428,-0.012726181303274213,-0.0019712021577443107,-0.00925774170302688,0.0019192246186053646,-0.0070275811737887635
2021-02-11,-0.0021222750995817503,-0.011858848881504248,-0.010748266577010657,-0.04033720642606134,-0.04037037699518992,0.015491044295042498,0.017804351283792926,0.01202564683196365,-0.0052143801700782425
2021-02-12,0.012743398271770191,0.003582892056611933,-0.006383311879932796,0.016403492922768555,0.011251433618224104,0.034018001060730156,0.010450136248492104,0.01540961372955911,0.0100330610407861
2021-02-15,0.024438698058637298,0.035833808226680315,0.01595982143377495,0.01815490471850776,0.018165946726136077,-0.006168145260635437,0.01013568861926637,-0.005082977407385538,0.013537014868985793
2021-02-16,0.010684152010489136,-0.013757404040484984,0.00800161247110891,-0.004311007734785034,0.008846538498272905,0.009224882880179025,0.022694675503891766,-0.007733314539069116,0.005985744504084076
2021-02-17,0.0018806522609675384,0.0037485477353049156,-0.008642448913214036,0.0007773959371110048,-0.005764398730867775,-0.016867496489849063,0.0018818552467442834,-0.004019914702357621,-0.0028318789182820237
2021-02-18,-0.007286108071521134,0.00938073527699708,0.003612595372536593,0.004002704169864766,-0.004231322267650115,0.006128061064680795,0.02070388257963198,0.004832082732960485,0.004778740067855958
2021-02-19,-0.012515772040790287,-0.007744731289608143,-0.01177085101381508,-0.006692016849645665,-0.016551061913202596,-0.013041774550152745,-0.029948980933221812,-0.010210840460800698,-0.008498155005193063
2021-02-22,-0.0003515501338742258,-0.009038790856909944,-0.00475165868283913,-0.01040650068775426,0.011387297418431369,-0.0036759945961944607,0.00684338844728755,0.0030442947379546274,-0.0022784431876143154
2021-02-23,-0.0007260440424198335,-0.014319348644638717,-0.010088027952249872,-0.01810531823762404,-0.007549816389935635,-0.019615864298082323,-0.009078244515889643,0.007217820430708681,-0.011706279639833242
2021-02-24,-0.01260563644228727,-0.008016338239197987,-0.005679675194688711,0.011527180984178566,-0.03389624302789469,-0.013833419250773938,0.030696380614523483,-0.0011306520425896542,-0.0013556965037716316
2021-02-25,-0.009402202830479297,-0.037546804161040094,-0.022310838368526455,-0.0134035356603379,-0.047496552044745836,-0.012490773090211562,0.004867325801100362,-0.0110717494573161,-0.012589506209139612
2021-02-26,-0.0031505577343034015,-0.010447385956916277,-0.010296279041037273,-0.023756458762077645,-0.011349326567522133,-0.004783510776841065,0.004512505923673889,0.003364229923295368,-0.006697259087383875
2021-03-01,-0.02463744798998685,-0.010663781493989555,-0.015564469244661074,-0.01685241133594048,-0.0050473843106585686,-0.01611202032958242,0.00807497209294851,0.015337511924853725,-0.012165962237534087
2021-03-02,-0.01642350943195165,-0.035619708577556614,-0.013533836483114674,-0.020065738975765156,-0.04599965957623612,0.007841933675919427,-0.010446945996546634,-0.000591645217032131,-0.013009953611112339
2021-03-03,-0.018769091805319476,-0.013583280605434012,-0.0005380853644638586,-0.006866791533934993,0.006383449162774746,0.00972477788774671,0.0018688738356735849,-0.01834877716428492,6.071878434364274e-06
2021-03-04,0.014336964063826464,-0.007824311528614994,-0.005208130460531639,0.002873271243866676,0.028464626701804982,-0.006090474140300506,-0.011257992780479472,0.0005392037989524132,-0.0010084676467408875
2021-03-05,-0.0018476424323892564,0.010900427988672497,-0.0025467858609810167,0.004265182377545135,0.013145204361780892,-0.00456540648592932,0.009149223563948239,0.0012066426974611643,0.002543613200147265
2021-03-08,0.004296690528704007,0.0073608440649954995,-0.0015245812107299037,-0.004648493728933268,0.025946029816719805,0.00889203789487005,-0.009841630733361516,0.0013130948881239215,0.0021099117482203103
2021-03-09,-0.009250337064186508,0.0049481049014510605,-0.00043535451232541646,0.0010442319187068494,-0.05541810951794056,-0.00511924523329079,0.003177311661893519,0.003667802965150623,-0.004512118219612939
2021-03-10,-0.0028355822764244004,-0.0035687086465411473,-0.017383821554142906,-0.010313583691683973,-0.032788686904287066,-0.025519068967294414,-0.02565190212219017,0.014827395033481405,-0.01679124229457491
2021-03-11,0.004751288016299172,-0.002449665135058827,-0.020039316179425996,0.005157306248569097,-0.04196592790835887,-0.00733960182666761,-0.003261582580329875,0.0027719928363452934,-0.005864668858508175
2021-03-12,-0.03154557748351025,-0.02998629974689701,-0.03339974439061853,-0.039094042204290316,-0.02934273955458359,-0.027337709381280578,-0.012256234689145877,0.00704347570780732,-0.02553293738204993
2021-03-15,-0.0014752096216005847,0.05428097738558497,0.0027498006574595835,0.009039217670142458,-0.02031953310376546,-0.031833243496621,-0.007772940140372402,0.004040665507500802,-0.007037198900218877
2021-03-16,-0.008385923387868293,0.011535092534357428,0.00010451294748112152,0.007633225036005442,0.015003533048467053,0.021489669343013034,0.004397821320879283,-0.0064024502450576734,0.007803431653293494
2021-03-17,0.028254196160553555,0.023890217535185377,0.025658427511898656,0.06270496030706735,0.05327410440177074,-0.005472301446270045,-0.001982705214240138,-0.011528524315779961,0.019192185022914206
2021-03-18,-0.006227997255710627,-0.010626054585055592,-0.023090452710604028,0.006773221818709087,-0.00636316144357529,-0.006557710434226436,0.005537797942369388,0.006203714758462879,-0.02410072365245403
2021-03-19,0.012955246200346205,0.010394032897007717,0.016453911270804457,0.021696047790944313,0.023905957993146314,0.0025297650552391694,0.023102670143046875,-0.00584322605229467,0.01342233398710694
2021-03-22,0.008173674008839516,-0.0012532977040211884,-0.007824773525351231,-0.005603122841747432,-0.009349072149154652,-0.017744492971357672,-0.01570243148383424,0.0032153240922912574,-0.007546017638170103
2021-03-23,0.010651559885539133,-0.022214309778432247,-0.004197699338727192,-0.014125328702708672,-0.00253935265083201,-0.0008798790898835022,-0.003071729797217205,0.0006584966384950139,-0.004459772831567977
2021-03-24,0.02458609065641265,0.01642461142582455,0.027218698555547878,0.032512509182603185,0.04657562945482597,-0.013660610632985183,0.011698326548512973,-0.006196032677677002,0.014219009382103168
2021-03-25,-0.016280850917645362,-0.024144653341896923,0.003278306789983387,-0.02347860612001692,-0.0028696929808041875,-0.003637675862815963,-0.009415655450954127,0.0020760121475001717,-0.010257546372321149
2021-03-26,0.0006304114204558611,-0.01167478174537722,-0.0113192837131635,0.003577056506914759,-0.0024721973906953365,-0.020367244175476147,0.0017711242994870432,0.0019617644946971755,-0.006319885343074339
2021-03-29,0.01404314793973532,0.007698677032429767,-0.004996813975763166,0.02741855128146469,0.015635898441375355,0.002483164769916146,-0.0034359594096802877,0.009357271167555544,0.0047136966602965395
2021-03-30,-0.026377867373778723,-0.02513984711499399,-0.006645750339572386,-0.007190901212826223,-0.031071547105983307,0.010416955557110443,0.011606624904061133,6.5909900681259835e-06,-0.005940738563653042
2021-03-31,0.006681634680025539,-0.004777817870720663,-0.0014244061878377588,0.003137614915944483,-0.02906106955845403,-0.0010340771314745738,-0.0034167285106955674,0.008731439193414209,-0.003201497509679984
2021-04-01,-0.005856117805718304,-0.009180941605851423,0.0035733157876702342,-0.0040790093880921354,0.02565413417609117,0.006585569666137561,-0.004086592820984534,0.0029912297078848286,-0.0005041066490710235
2021-04-02,0.01603133809394129,-0.004213104942226782,-0.008067279470708434,0.0051026404823202864,0.026335046932230058,-0.02622821029745147,0.007294959108828844,0.00018081218226304857,-0.0012871420885391851
2021-04-05,-0.05207248661456947,-0.05198810656347747,-0.043336946959210663,-0.046447486912286784,-0.05914387017319672,-0.02514146178342799,-0.032520311713056305,0.004451159935512077,-0.03707563015193373
2021-04-06,0.0049434653717556395,-0.005454373792733786,0.0075776813786033875,-0.006086240664538477,-0.01548562199299419,-0.0055072431273716135,0.012907671769061524,-0.0011339122553642462,0.00034101263001612837
2021-04-07,0.017208021172591296,0.03606922267894808,0.027973116480633185,0.042004818154403344,0.062177980340058024,0.001819322642662677,0.0036330472316597594,-0.01457106626327193,0.02060963792056288
2021-04-08,-0.010171944060920157,-0.011170069140992818,-0.017262889992607312,-0.015794676226797595,-0.008642356564050439,-0.006131246223477895,-0.029325312278562565,-0.003914805537004591,-0.012282906113540827
2021-04-09,0.005177833625482422,0.009392438501444986,0.009613782119576211,-0.0019262220176521363,0.013414060685187532,-0.0033911924794138544,-0.01574178490581151,0.005666198882908489,-0.0007038335804835161
2021-04-12,0.01760995896061555,0.005069488029792108,0.019802172871950397,0.006383009939748501,0.02893021458152992,-0.0010682701902893711,-0.0016732244525510726,-0.021927823548735282,0.00965876725379358
2021-04-13,0.002479691866657982,-0.002792684680483079,0.0179889568135989,-0.008927619948326053,-0.007727214773302519,-0.009495127347466693,-0.010584297750434542,0.008570689060370916,-0.004443888970197164
2021-04-14,-0.011487803921138578,-0.01568828837171472,-0.02474790448623331,-0.00042279296622898827,0.0014247451371881532,-0.0069193799601946085,-0.024329317416707654,-0.008033124791813829,-0.010313275538714924
2021-04-15,0.010562425992664656,-0.01621149428512067,-0.056607934175408776,0.012883507484590382,-0.006328807022244877,0.01895123532915465,0.016716464143897467,-0.00879720714319339,0.006777603867076121
2021-04-16,-0.0013969371293581726,-0.011550098266011657,-0.017963802639860898,0.008181925061281932,-0.025976050600869573,0.011534623178642995,-0.001548556147793214,0.0008035583177506866,-0.002202374953927117
2021-04-19,-0.009684566750895027,0.00018961326243864096,-0.02440862132899425,-0.004813744992534281,-0.056024736750448126,-0.006035958980387041,0.0085262303186789,0.006485728414656046,-0.00797110139531541
2021-04-20,-0.019757924856784095,-0.020827388886122625,-0.0150224806021108,-0.04254654175619449,-0.033734382078721106,-0.003496853263443255,-0.00752091627088676,0.0074954876375642335,-0.01624575838122938
2021-04-21,-0.008680867239973107,-0.027600390935006658,-0.017277967016126113,-0.029832519704953063,-0.03959300466437902,0.0002849380031347327,0.017510738601033013,0.0023970327821221282,-0.0092838682933737
2021-04-22,-0.02460520486472397,-0.013450353381886188,-0.014292411528093314,-6.71744777583557e-05,-0.030054716974521747,-0.009214402231852376,0.007662736609143498,0.0016813630242024829,-0.008825557579257796
2021-04-23,0.04587959639410504,0.018625682989323072,0.020684246486317268,0.02863351662716339,0.046601485458318076,0.009641984582438725,0.00605352167873017,-0.0055919203857804165,0.019650055895124908
2021-04-26,0.03879931791058393,0.023650564510486513,0.029406603389346562,0.023298328449498085,0.03568318758177997,0.006308554248979595,-0.013368544119368641,-0.0053068923273110165,0.015196200793854305
2021-04-27,0.02153676591381537,0.0010078308846577675,-0.0009871900296379702,-0.006205158050542657,0.03386432311204017,-0.007800103391571867,0.005199443130631849,0.008380289044993926,0.002126466231178063
2021-04-28,-0.023411647532493432,-0.030947648216269188,-0.014624677829466363,-0.03738883553071792,-0.031260913888012866,-0.007300016175491588,-0.001182369680894992,0.007847813959955362,-0.017056718330855127
2021-04-29,-0.01633368385104216,-0.002584910658438664,-0.0120829374648814,-0.04297516240057573,-0.011068876333540952,-0.018468361279752404,-0.0032818609287511924,0.014255428022566713,-0.015057773774121553
2021-04-30,0.01843667423726327,0.014284640198574223,0.030044652498387933,0.006321990064286565,0.024462692381305183,0.015889448028638623,0.007072779830370577,0.006743838058827766,0.012557056779713813
2021-05-03,0.03737329212302502,0.04931801844989236,0.04126144792876054,0.047478746817700625,0.08481352566824912,0.00023247938694390225,-0.012657471329633062,0.005233091031753327,0.022380967486902537
2021-05-04,-0.0031221611370776995,-0.0017510743472097942,-0.027852545652354243,-0.013028608858835028,-0.026446429888626326,0.008344230244246199,0.01619404932068488,0.0060731358458875305,-0.0028581030460952395
2021-05-05,-0.02553769828395047,-0.01015124748936504,-0.00496316607497257,0.00425424400359296,0.02265618715755285,-0.027182714564244703,-0.020360458603014615,-0.0031303057232303752,-0.011686909726621777
2021-05-06,0.001109402432689724,-0.0017088367194810431,0.010388685046439281,-0.010617993796498543,-0.018891749829926346,-0.011779699471346881,-0.008916437056220214,-0.01037180178987077,-0.003621248041890678
2021-05-07,-0.0020459567897371292,-0.010097343398229675,0.0029126504530680502,-0.003964804958262831,0.013477882239864989,-0.003543897396454826,-0.002699989174992897,-0.003703108023506743,-0.0016676084890892425
2021-05-10,0.01343559528621659,0.004517763697505398,0.011328433807569881,-0.0015818636293820827,0.024367860005201712,-0.003745273900384523,0.010971203402608279,-0.00018053319300139078,0.005703985761914456
2021-05-11,-0.019482825458946824,-0.02959409413706547,-0.02905682678518557,-0.04235208355924707,-0.06614016320062863,-0.0011387181321816171,-0.08200161796421375,-0.00036757800103276325,-0.018215999308066055
2021-05-12,-0.009661266349707903,0.012508289649677463,-0.00259498705893244,-0.014908427621180767,0.011707227473265785,-0.004103479047205461,0.024850559826655693,-0.004276941289455346,0.003034913897089017
2021-05-13,0.01996118258144062,0.0076304727913171205,0.0008822987869700194,0.016931802247331956,0.027495534319056124,-0.013271984838885411,-0.019409084258942874,-0.02189856999595222,0.00415979323736947
2021-05-14,-0.003745181723725863,-0.004137019554138704,-0.021854272772641244,-0.02335407732653641,-0.024075870034253134,-0.01188404197543046,-0.004184081500396614,0.006913042539142545,-0.011040847425827064
2021-05-17,0.0005199486500296047,0.013235055241932863,-0.0009424003449944051,-0.016149953313755863,-0.004218833098133009,-0.019385696149709575,-0.007353229745201828,-0.006449151282318519,-0.004451099464364519
2021-05-18,0.03149362124435361,0.015156569356122487,-0.0017730479232342883,0.023424224984567005,0.013503988791291983,0.021165431534170543,0.0022715498882093727,-0.0071428123509944905,0.014557425990435618
2021-05-19,0.011336422234661366,0.016523865230409662,0.011524529509708871,0.019151547255935014,0.03460045118366753,0.007358981189347979,0.002501366482417558,-0.014073486377196432,0.012482376515169551
2021-05-20,0.0016168900049834964,-0.003410081829685582,0.012198218951319853,-0.014592405787291674,0.028264831762699744,0.00015354253702108515,0.004086054060098799,-0.0031204923473129574,0.00201034147226462
2021-05-21,-0.0015894712730070005,0.02115327930004918,0.008790611736603712,0.0012060132390463274,-0.03577436364540328,-0.01788369376498458,0.021008187638276304,-0.009585231134899338,0.0005354221009382657
2021-05-24,-0.01560272552812179,-0.012295688277326914,-0.004124727380318456,-0.08355619011195052,0.01008601804550401,-0.00384267890169543,0.0022282759172690307,-0.00015040838157575918,-0.006017502028884517
2021-05-25,0.028720302282062744,0.017920001779332125,0.03607421496329987,0.0176467806578489,0.04912019570751943,0.016263126869631155,-0.0038784902007074486,-0.0018796919417328286,0.016982378703295175
2021-05-26,-0.014175879586814223,-0.005198957077451018,-0.004725812781651287,-0.007643980598149483,-0.012740432879486698,-0.004381475365157834,0.00013070780228550266,0.0025280083873631828,-0.00710470720821094
2021-05-27,0.04773473050838653,0.01610687822345493,0.013881425521376101,0.015238106787003419,0.0726440151246568,-0.00606446498563685,0.006602770572660276,-0.00010722676829798088,0.015155255633480564
2021-05-28,0.02268005949570679,0.029192599410505806,0.01778137240530454,0.024359629113102833,0.0014939638765210125,0.010413069497601535,-0.0022239175812941918,-0.005367850017030412,0.01356790387694357
2021-05-31,0.008014291762353958,-0.01371462644979492,-0.0049948084177586375,-0.02017423670492967,-0.024939943253900147,0.014212324867141924,0.014576141590872402,0.01011770768395779,-0.001065157468274711
2021-06-01,-0.01275857761136077,0.008716690148071202,-0.013555752214069624,0.005077683682536235,-0.0121271560772931,-0.014007285030918996,0.0012572911061523731,0.009046481310885602,-0.005761303111081379
2021-06-02,0.004662788091273128,0.0048272715865436775,0.009676763391979832,0.009877429795820224,0.019559931456839125,0.004978446355790273,0.013875922502235816,-0.014647335248615377,0.009571410270388735
2021-06-03,-0.023535741963011437,-0.012380948701205286,0.005180724660205755,-0.014137591736201098,-0.0156612099721506,0.004870011059557291,-0.027489121444444244,-0.0029851044939545913,-0.009775846465465017
2021-06-04,-0.05022516808401706,-0.044472505056474834,-0.026121319401559207,-0.02418197052334061,-0.048797643796185536,-0.0037896867424189735,-0.0048293950442168734,0.010435098214674875,-0.023227759916122685
2021-06-07,0.002915759590876104,-0.0050279897713980115,0.011344485099732404,0.02155430573629065,0.03287488923213029,-0.0035326298297459736,-0.014707052262620002,0.011112876176224312,0.0002944321633916963
2021-06-08,0.0066686988888923545,-0.0025331380680432038,0.0045375421879845865,-0.011402715238546789,0.011435573606822834,0.018440465649890922,0.030113476238243814,0.005431322904394451,0.00813190792288287
2021-06-09,0.0045491333563459895,0.027439974566619986,0.008117637716598017,0.013133353581716255,0.046292005151964015,0.01161868821579169,-0.04866200378240878,-0.008383781283387461,-0.00010972898415921237
2021-06-10,0.022464559051472037,0.0016374845197405564,0.0037545032612553773,0.006195712064003764,0.03187579658562305,0.012095482293340742,0.012655730970417242,-0.004429210054925669,0.010915794085364102
2021-06-11,0.07188187746742261,0.05612672136289676,0.05101004474844052,0.03811052247606511,0.0697441728055768,-0.015206232116396885,0.010345136009079369,-0.008540273940369195,0.03640429375951303
2021-06-14,0.022870972584656108,0.013696084563412007,0.00012892865393995313,0.027014037142436137,0.02289423678203303,-0.01589948027259298,0.004647197886044506,0.00779036628401889,0.0054665675323752275
2021-06-15,-0.013670760963434284,-0.010185628321273716,-0.0012223379810784505,-0.013722954069596224,-0.029340452679538016,0.005997470303687942,-0.0045638267174716255,0.00557061569521345,-0.006734134299725233
2021-06-16,-0.022979896517921712,-0.0065700071543038,-0.006338367781890462,0.0016865292637344045,-0.02335821440872289,-0.014612725986856577,0.00995889879537177,-0.01111076525755877,-0.005241060875403584
2021-06-17,0.024164529613605733,0.02614183279641043,0.013666363944469264,0.009610843600587088,0.0253444547403944,-0.008489235820585575,-0.013339177600743992,0.0031419938045393284,0.005998043142082239
2021-06-18,-0.017639743949419133,-0.003899187143866393,-0.0013342710934728698,0.012885027245988794,0.004377454020554047,0.010432358309884166,0.00894538873378282,0.008999906071004374,0.0009317337469029851
2021-06-21,-0.0012743545070911001,-0.0010851387499181376,-0.0036427034401243005,-0.045811264618709005,0.010655128195348043,0.004447132832819555,-0.001029914578383933,-0.00582991507893302,0.0017595741808911053
2021-06-22,0.0070417229268716465,-0.0066593690518136454,-0.004653867077056254,-0.024108761230973157,-0.007056831020181743,-0.002841459447540755,-0.008492016684613427,0.014335126880576402,-0.007432279028927892
2021-06-23,0.013332616393284705,0.03397778810460767,0.035323493803761354,0.02703825150985386,0.01839887327908738,-0.007733581325201016,-0.005287663164260976,-0.009612837926078933,0.012532761336843464
2021-06-24,-0.004882612477857867,-0.004216648412740398,0.0016200348743353992,-0.017545018376053635,-0.02038341368836889,-0.0031747117740718784,-0.00393316332237793,0.016220562190788195,-0.007581378498071711
2021-06-25,-0.027588033197064887,-0.013482257096953547,-0.008354801936249889,-0.015647097904229905,-0.04607576903805029,0.015826799354350905,-0.00957644249652969,0.007119665212670849,-0.009915349982966386
2021-06-28,0.011470317858328877,0.0272787766806718,0.0346405409411184,0.014189925644521519,0.04856384038811408,-0.001273231882643379,0.00356310346348466,-0.0135826836440735,0.013920432528696762
2021-06-29,0.0017793915442011004,0.005583254265547138,-0.014846363809754157,0.0037179552187459526,-0.014061457672156243,0.016049594194533775,0.0024037222849997864,0.0006457684735037082,-0.019936071631970115
2021-06-30,-0.015287850495966156,0.004411194547793674,-0.0007189830077362583,-0.003989492250141885,0.005293986101692211,-0.015084681301078656,-0.024986935137239725,0.004691837219256752,-0.009387832636230348
2021-07-01,-0.018529339503430706,-0.0026682274103569156,-8.843286355404798e-06,-0.020841118137457613,-0.025605845215516728,-0.015014948299931621,0.01627863050794717,0.009036971683664328,-0.00790534701734042
2021-07-02,0.011036134904742539,-0.007825515413550997,-0.00971434669823677,-0.002297495044193975,0.00614155630460159,-0.000905686304652044,0.0030176776031914324,0.0015194809760032632,-0.0004324921719232733
2021-07-05,-0.004350501385684505,-0.0075436091584014904,-0.0030520572672060593,0.0003180951206787104,-0.0022868815768768034,-0.016355311587567863,-0.021148125956649985,0.004957955760323184,-0.009343927801047315
2021-07-06,-0.005038730936611762,-0.00208787903432434,0.0019250672948422484,-0.013463943919234658,0.02122271932382512,0.0023896113054151743,-0.008125488867749922,-0.0009638753966586788,-0.0007340407538608241
2021-07-07,0.0240086996119972,0.01396340152218358,0.01543568254114605,0.022974229510694173,0.014066751168126751,0.010082347413327373,0.010914808090331858,-0.01588885577115523,0.015629255648537694
2021-07-08,6.584891754698367e-05,0.001731157118600859,0.001416362383850345,0.0043651033203855535,0.026768356607047183,-0.014679547487871447,-0.011442655439113686,0.00651635139127356,-0.003372971385685002
2021-07-09,0.00897616817345036,0.03750802401380494,0.03145234758091122,0.0405321337111312,0.03574063815151892,-0.0036955785672081035,-0.0031177128732482336,0.002344151805703912,0.013978177249495374
2021-07-12,0.007985701489353068,0.003112949120474901,-0.0004708339034620243,0.0005922497734380762,0.01819924805314944,0.012170026249722625,-0.007851843289986518,0.006078309277013174,0.0026123427970318564
2021-07-13,0.00914401637398281,0.004141742853645595,0.02159391741201286,0.005639507205555953,0.016649743804191805,0.011846341072556521,-0.005195024798221233,-0.0022310121922498394,0.007095718451717402
2021-07-14,-0.008189802109410914,-0.010263504445108434,0.004060554020455982,-0.01176363691351631,6.494940707002517e-05,0.001862699364215632,-0.01884252742544683,0.005482373288027915,-0.006852818140091114
2021-07-15,0.011951514391928725,0.002436018587108773,0.00416503877081277,-0.01108140289575874,0.00679087655870265,0.014110717521050095,-0.003525056844605638,-0.005998736884060281,0.0043736518749454825
2021-07-16,0.00933268793034581,-0.021216702377840204,0.01112627009670943,0.004593242654164666,0.010966479701717885,-0.0007224618674817143,-0.025103784466984917,0.006617832246505762,-0.004642353097671557
2021-07-19,0.010467069159783576,0.004721322304666696,0.007736188622422796,-0.0029158143726659954,0.023780065491359585,-0.012323851128569189,0.025534865724384206,0.01882472103568777,0.0029574576592095976
2021-07-20,0.023370350532004168,0.014874268013680329,0.026892993258833986,0.018647796728776714,0.0015025626127734915,0.02776081827441875,0.030701972444820532,-0.004290768245016443,0.020764685489542748
2021-07-21,-0.009466592184355927,-0.02681815521499266,-0.008110399019783682,-0.034759953199796856,-0.022852118475459923,-0.016042228230474204,-0.027606663206455776,0.0053009676696367984,-0.019049866662303468
2021-07-22,0.015657282037010695,-0.0037290505711956067,-0.007130312045037379,-0.029903115430024295,-0.04423429933713773,0.024267958386779535,0.040458055046850856,-0.00024786031118448104,0.006541271443239088
2021-07-23,-0.0043911283663259195,0.007202961480838266,-0.0022452673673312965,0.0038781827052619213,0.002054338964889172,-0.007267349045414106,-0.01034942228600215,-0.0496772286481429,-0.0028871074748713496
2021-07-26,0.008840772595880989,0.0007609631732936712,0.0037610415626577296,0.020807399810786935,0.00800217169582148,0.014388903688753089,-0.01705914775396502,-0.004844157711825135,0.004884088407409992
2021-07-27,0.03479738031382413,0.0011988129513006126,0.007302355077124016,0.029002494532696182,0.011234055972858563,0.005195515293509231,0.00968277816442215,-0.00024024364824089592,0.011741960407054995
2021-07-28,0.008783350346211775,0.02117367564965603,0.010837822025777839,0.004251693711714088,0.014006886471064206,-0.01015274111619402,0.003883546117462519,-0.004755221420864837,0.005486472271313152
2021-07-29,0.0096685234798702,-0.006324992068946337,0.006658810794536738,-0.0038513608196233716,0.022979647842151053,-0.0034643991157824057,0.007193936308433766,0.0018584950128220624,0.0021450830663517226
2021-07-30,0.0028122967666629533,-0.016815629292131828,0.0013722042168287422,-0.006203589608093384,0.006410979039354104,0.007803079772008521,-0.007578209042755054,-0.00680407411783482,-0.0008813411167840658
2021-08-02,-0.0044757942412636705,0.007860753730008838,0.0018078902250989151,0.015242078337195757,0.01435424778306378,0.004208874797417951,-0.0035586267764722104,0.0016685697787597528,0.003036926205957943
2021-08-03,-8.325493257376935e-05,0.006191525802005534,0.004212966166959115,0.005239416690322439,0.036754720487632384,0.015929175189298976,0.007384531440602488,0.001281189804185466,0.00788467141860187
2021-08-04,-0.002177915429033256,0.0022703758066943214,0.010151241507925103,0.013070924262067426,-0.013256867687979481,0.01400216217267648,0.005461473656675089,-0.009515588906999392,0.0066246878253138275
2021-08-05,0.02668283136683399,0.021047633400035404,0.026376911376169102,0.03227448293678944,0.06247522155293666,0.01855630392365956,-0.007159734387450111,0.013693301860029308,0.016252968805173972
2021-08-06,-0.008114146354447864,-0.016917640702008012,-0.006600808717557111,-0.013779759962997322,-0.010720298088125753,0.005788941646361814,-0.0064799539870898145,-0.007825508556031598,-0.004930563574993785
2021-08-09,-0.008535061576350679,-0.0038360334144040293,-0.018924112943732807,-0.012825782662438999,-0.0008336933087051933,0.003768584280196284,-0.041412265128562414,-0.008285495910332872,-0.00486088738810555
2021-08-10,0.010768704261444776,0.012014993337073128,0.004044127375175009,0.011980713571384572,0.041893481007925795,0.005847597044516554,-0.0187757039267651,0.000903885527289225,0.00482651547521497
2021-08-11,-0.021834423671338102,-0.014050557372537876,-0.01586484415606817,-0.014294945584473685,-0.020227598115725755,0.007886533071229048,0.0019427497394071454,0.013059464961500148,-0.008890853969758325
2021-08-12,-0.005302816318952873,-0.010941283903573032,-0.027707120932550566,-0.011072196158018306,0.019390085818946336,0.0007590525031624395,0.007004925620208009,-0.0008787709283540343,-0.003660540753647722
2021-08-13,0.018240459264257994,0.03523586087171957,0.04165486572472622,0.04116373196911709,0.04765015614888982,0.013760635139068046,-0.0006902541652854606,-0.017149838348613757,0.023061741859713856
2021-08-16,0.00175140591719906,-0.0019377937982621967,-0.01688165669037911,-0.006409486962217917,-0.011907975460959544,-0.016182542205195032,-0.012147683195445909,-0.0011797378892504152,-0.008124976564654928
2021-08-17,0.017217941228885092,-0.009906265184499998,-0.02396019762105038,-0.0076739073984968004,-0.0039342661604790715,0.004913095531300879,-0.004820463221033891,-0.006610210219178292,-0.0015283585442392204
2021-08-18,-0.006915690330546915,0.013215364502670534,0.002931631128547,0.0036315851752906987,0.049951352959505,-0.0026994909885200823,0.005076380499096599,0.005630853739670692,0.0037685726195670873
2021-08-19,0.005979091286338033,0.006410700221745305,0.006270977935781443,-0.0013293560891405312,0.013021170572353578,0.02778807469671394,0.028858769026821118,0.001000557534888616,0.01281265827881653
2021-08-20,-0.014457806127449995,-0.012417375289095627,-0.0004226900114752388,0.01048313600603746,-0.022839623344760206,-0.008815194590644539,0.024084385268969152,0.0021107144880396075,-0.0016728090037157666
2021-08-23,0.004521635995587419,0.006031135716472618,0.001286780847105856,0.01544467631321899,0.034023071844993195,-0.011452043259275384,-0.009834840615737932,0.008081321209233414,2.0872527094208896e-05
2021-08-24,-0.007829485795197183,0.006449483937606116,0.014209192035781967,-0.00025306442345639864,0.00760209681649294,-0.014640839665129322,-0.018283703872610444,0.0011345516334022505,-0.004431151317503786
2021-08-25,-0.01618107537587302,-0.018746237740231927,-0.026635332568511666,-0.013861052956454744,-0.06176057565007206,-0.0191339949294297,-0.03474803652505994,0.006903610288181481,-0.022597873597861664
2021-08-26,0.001432666330512102,0.019802360215539633,0.030594044520000262,-0.00461073823154639,0.02259787837301199,-0.007909123321744179,-0.017690317373191433,-0.002800975584059973,0.0024621081670539923
2021-08-27,0.011450004224082733,-0.00026280160786829954,0.010022423757429066,-0.022063561998212786,-0.011861780066909086,-0.007868581214901586,-0.0005662568526839202,-0.0020538270290001576,-0.001993884246364557
2021-08-30,-0.002208746965963497,-0.001012120117345949,0.004757376171296762,0.002576724008808635,-0.004270902093942704,0.005419430884400261,0.013429920367475081,-0.004935031989165506,0.00401237235507858
2021-08-31,0.021367121289782926,0.001962106067127172,0.025570070068556855,0.03160237513982527,0.010199938078425575,-0.0056954378206099995,0.029488622882220133,-0.005954169405312364,0.010402691950745953
2021-09-01,-0.005666377225461368,-0.0024919428157701646,-0.006390491022905605,-0.006000260519532293,-0.17679748715807808,-4.585377795028833e-05,0.001228419433160413,0.00888221836287083,-0.007245851261550655
2021-09-02,-0.002437843123815733,0.00785714170714072,-0.007830389443995306,0.009299776329498008,-0.006918222458220796,-0.014878409969446175,-0.008868705135926844,0.012440378419388921,-0.005554813483192973
2021-09-03,0.027268585731100504,0.009931605780469295,0.023449679181053285,0.009637305064630257,0.029461528610932167,0.010680553576519182,0.01639329913399521,-0.0005038900403241186,0.014620098101634282
2021-09-06,-0.0006015528206844249,0.03085670308858808,0.015959187759242283,-0.002344482271888845,0.03444028143240163,0.0024169869585438214,0.0018690763534320888,-0.0559230915441652,0.009824123097702444
2021-09-07,-0.0038690871647495827,-0.003514830034648581,0.0130231059893142,0.0025452155741300464,-0.021067918833364615,-0.014220415550127586,-0.003690979140173058,-0.009461055560581673,-0.002675019176348282
2021-09-08,0.012082817081298488,0.0160683382191822,0.008371317589094537,0.015174705186426536,0.022736204164227038,0.012265478908590855,0.014841227706770987,-0.024123530241976235,0.015490766766584058
2021-09-09,0.010007987105536794,0.0022360612363347835,0.003919401976202782,0.01378652653170087,0.01181401911555286,0.021865531929455822,0.025251161738872818,-0.0023180857509785156,0.012815150064508207
2021-09-10,-0.049401975715620904,-0.036530861123589116,-0.04791463932742383,-0.03806865933926789,-0.05830858282204735,-0.007790744203949229,0.009116640326719258,0.006074545313200546,-0.024124235778024923
2021-09-13,0.004973073979345337,-0.011356756079885795,-0.011989323123325506,-0.01170085553957861,0.0012671774783350838,-0.013476201960674786,-0.010305553120253197,0.0005303245651259686,-0.0077099263289571755
2021-09-14,0.015185037938996475,0.017651721782404893,0.02677930261859822,0.014838048227751113,0.04791352599416768,-0.010524003546028893,-0.021186028582241747,-0.01211542811208981,0.007235966087384268
2021-09-15,0.025395380294371175,0.008129322048544286,0.004560234567771664,0.006906386067323427,0.026856294521407975,-0.0010464557405837236,-0.005805005178192234,-0.012421707142935756,0.0070596431198768055
2021-09-16,0.02164148905006299,0.015712771561088062,0.0062005371535213995,0.028245537095828117,0.015643798661568085,0.024582424638992077,0.031692295751823085,0.04440133232662653,0.019675387668981255
2021-09-17,0.04125601090457733,0.03219517975296307,0.025086381720978653,0.04165612864298298,0.06361320009956994,0.029584308919709305,0.008146842591509228,-0.002349119293852966,0.027393332220826457
2021-09-20,0.012626049880614552,0.008390863555851688,0.010912382468790678,0.007826608256211388,0.01011716226176236,-0.006700016371856182,0.009316162908174951,0.011625943539915211,0.003812414515316411
2021-09-21,0.08109176396387115,0.012233611093098272,0.009830166190102324,-0.0087586286044157,-0.012611000270689293,-0.005953624507809338,-0.02889661422397039,0.010849881686193847,-0.00517141463757244
2021-09-22,0.00034455265246356606,-0.024453496837619913,-0.034753843888439453,-0.020595886016507116,0.009398265801022916,-0.014896537001541142,0.0025350078948723374,2.1852565405388687e-05,-0.010894203449725484
2021-09-23,0.022298025111265586,0.011186256029742795,0.004136030133014932,0.028297284181256287,0.024594087394039555,0.01982139709782927,0.0012747749724214474,0.00985711937538155,0.011822941452218462
2021-09-24,0.008541948753629836,0.007417126473047353,0.0008308373139957691,0.004966106022448985,0.0009971052252080437,0.01467365043174776,0.004687257654106955,-0.05993619257078353,0.00820496048331014
2021-09-27,-0.0295834295625894,-0.012545596936873732,-0.02676104911170961,-0.016608139381331898,-0.02738107004762671,-0.009595652586390764,-0.00168752531184429,0.004762106348573571,-0.014315638451816106
2021-09-28,-0.00483519682877404,0.0018088197850909008,0.017910010661555852,0.02655519943639094,-0.013421069191214567,-0.002044993426579881,-0.021165292779400314,0.012094735807701325,-0.0020493210101915956
2021-09-29,0.007056804948426598,0.006815897682137504,0.020738026599907745,0.026158474472807877,0.04000583990742859,0.010090053091945632,0.00029292499633736544,0.0049842372176773534,0.010190665895530186
2021-09-30,-0.0024895130277238844,-0.0054467462503665276,0.00847762832533415,0.020979524405185412,-0.00886363076989171,-0.0023422530724514484,0.0037257783328570764,0.04823281712121239,0.0011489004755472747
2021-10-01,0.0340951970540156,0.027803252799660023,0.030179767621429328,0.05008963428500507,0.04144515511695938,0.011402397458900879,-0.007641713670957178,-0.005915815296165402,0.020445498354071705
2021-10-04,0.014063838601918488,0.014386559431826108,0.008779615909811168,0.010234344999189151,0.031866954565874385,-0.009779638053010707,-0.000100177617499225,0.004970886521153312,0.004757641775616914
2021-10-05,0.012954186716909764,-0.010156041594020235,-0.004646808224044657,-0.016823778822470326,0.020892527280325774,-0.014402626917657028,-0.028229171708425142,0.0027378632261458253,-0.008729674454082865
2021-10-06,-0.02566572583613239,-0.010973667773230633,-0.034116668153750945,-0.03422867470055945,-0.04455886446673193,0.0011105505051868872,0.014998689630677789,0.012435223042730944,-0.013368173634192532
2021-10-07,-0.041940677267148625,-0.023388954831999313,-0.007438228858138708,-0.0053694983990010565,-0.023603692329466335,-0.024666000993338877,-0.02200289456163939,0.020599133715877373,-0.022415889522585115
2021-10-08,-0.019373000355469946,-0.002029841261397605,-0.010250260348732217,-0.023320404730037353,0.009567121358752324,0.0005293611839647002,-0.007224973709498841,-0.007905870276266014,-0.005829530684860548
2021-10-11,0.000441726329637536,0.01638706889526719,0.01978211659835229,0.006292075140912656,0.0060106076162111735,0.02199642343019406,0.03038683446527137,-0.018575246253613488,0.01701962822423097
2021-10-12,-0.001265012317103827,-0.012380383986111892,-0.00498804162560552,-0.023336486877814533,-0.022182544415085357,-0.012131803250970194,-0.012096624695129468,0.0010392207548281694,-0.010603010456530552
2021-10-13,0.028621285727554853,0.024952539080792657,0.0410370198110627,0.027507057617212123,0.03278056093893305,0.03396368690746334,0.011187035515837801,-0.0068269088480465085,0.02519035608374951
2021-10-14,-0.046019682962880594,-0.005718263195841486,-0.0017619440401878323,0.008312964262221816,0.006537731384572127,0.012520351767498125,0.0015613501764687098,-0.006392440390283411,0.001180870598457826
2021-10-15,-0.02605536363607617,-0.0334239839158727,-0.019930749751046715,-0.004744269801366999,-0.029758335366843462,0.0038145303768759077,-0.028794930089426362,-0.00046104962718167893,-0.01592642940946548
2021-10-18,0.014638171312366876,-0.007588600396862137,-0.015386577068675855,0.0018168729936027276,0.01833962380366858,-0.0016323642560029806,0.006784139772167458,0.005667057069238775,0.0005209194173085295
2021-10-19,-0.018435773904156717,-0.005695633710558311,-0.0008676584867200875,0.004523560115954539,-0.0035803358206500887,-0.018139140873672317,-0.0003897915099502486,0.001742843204195575,-0.006791782342536419
2021-10-20,-0.004323871810596644,-0.010526293133183803,0.002314779304854177,-0.021765656540851004,-0.02969437255288247,-0.005687667792549972,0.06457981520840456,0.009806165865651846,-0.005025766241615004
2021-10-21,0.02470853808481726,0.032067196904878144,0.012079017215830129,-0.009835986843688,0.025152868666115425,0.021843224674090455,0.03413058459072715,-0.011099671163619646,0.020300886058406655
2021-10-22,-0.038424017841619536,-0.029663298296146837,-0.03109718401987748,-0.015800815232144563,-0.01924139250046429,-0.00021703396019790165,-0.023493645383729327,0.01220065224243271,-0.020377593288470063
2021-10-25,-0.028604787899982144,-0.04240832773946733,-0.020790885897373407,-0.03142128844912669,-0.06910540698010838,-0.013068690408092392,-0.004081917583058689,0.003991787240240787,-0.0033492729400731065
2021-10-26,0.03413111353762677,0.03444356669351939,0.02475881415584152,0.025163684121189994,0.050934016876778794,-0.002731139833366934,0.007260344744836389,-0.015169304409051065,0.019609277157790633
2021-10-27,-0.01973864797911079,-0.025695118210380164,-0.0020375837072178957,-0.013963112234658716,-0.020807359300717365,-0.031210929253411263,-0.023773320982411996,0.007517323106836264,-0.019850681356056533
2021-10-28,-0.037120498953109406,-0.022254285839887384,-0.017744570724975973,-0.006664929508046107,-0.04428547226564428,-0.0377747319377149,-0.03331857180761608,-0.004698583438460548,-0.024877391998451733
2021-10-29,-0.04704571339741116,-0.03634045205702976,-0.016927188691499877,-0.029776297853355754,-0.03325874063006657,-0.033994180571250955,-0.04147659537267263,0.018310740191246396,-0.03360913500935053
2021-11-01,0.0026946044011105564,-0.010697167291328724,-0.004850447139677225,-0.01922436085261517,0.011201668460136005,0.03293039078075355,0.019963950933035896,-0.005280041454218775,0.007330327449971087
2021-11-02,-0.028838138390261822,-0.0013987670102979016,-0.01848288054383669,-0.017904233541777254,-0.010581166625531267,0.011542592775014062,-0.000663999299045334,-0.0016139109024691655,-0.005965690531119241
2021-11-03,-0.01019747463529697,-0.013129934788796292,-0.0057714554011651445,-0.006805064321317876,0.02474201521242415,0.001681887243600268,0.013774920760571985,-0.0072335430676352345,0.0005642485337457059
2021-11-04,-0.011879176431284095,-0.0032377363067886307,0.002894745581337857,-0.002322370050644829,0.03722209117202992,0.015543531238040207,0.020382924572929107,0.0070489214913819764,0.005527294648016135
2021-11-05,-0.024472740145242405,-0.0005779767679693075,-0.016607835766760465,-0.018384562252454537,-0.009668201400231691,0.009373500671480507,-0.013872087187787641,-0.002675735735030409,-0.0075784511110595755
2021-11-08,-0.002414171468727827,0.008302630192043452,0.04200385632698963,0.021776910215045575,0.007157500148869185,-0.01117644958646863,-0.007595295310329778,-0.00990708189423752,0.005629927400288276
2021-11-09,0.008845928109720394,0.000860005224866712,0.024110813561475083,0.0012446307515730551,0.009089751551234825,0.012135563830617466,0.018656468242741468,0.00918422105041396,0.008446668709593435
2021-11-10,0.01940937357917769,0.005627446552183414,0.017684095466661456,0.023709473630440146,0.04955820755521994,-0.015260279429296563,-0.01739414611783826,0.006302188496727522,0.0034914562445375365
2021-11-11,0.009551189068698542,0.018641367149859506,0.007103959869264034,0.006108680879198864,-0.0026403261316126484,-0.0022195355431781252,-0.005509180819144399,-0.007420214925732915,0.004514930449321169
2021-11-12,-0.003907059226472424,-0.005619989730073038,0.016151224197216592,-0.0024817520576534413,0.00583744757878862,-0.006858295000185604,-0.010929328992536617,-0.014202562038697002,-0.000837456779097717
2021-11-15,-0.020416432665948323,-0.011352477777628697,0.00031400039032992977,-0.0310152047325562,-0.03192375212152084,-0.022160303549075788,-0.01440855595236161,0.011465501024092621,-0.017518624285697497
2021-11-16,3.489526304809249e-05,0.016773148790520703,0.015168244467296338,0.0018220644795916942,0.01566291125836244,-0.007541171347297207,0.00332953074146099,0.0032491783048162076,0.0033538092756311023
2021-11-17,0.003962361210886606,0.0015228517437478272,0.007707680187615162,0.014407443861489832,0.01725104749108917,-0.0018347595005327475,0.011914606286053772,-0.007748422716541733,0.006605845808442444
2021-11-18,-0.05548654369301057,-0.037685210433441335,-0.04414927583251107,-0.03643344873859157,-0.09820499492642938,-0.024895526409987323,-0.010015385957982719,-0.0022000801957856426,-0.03207003091839411
2021-11-19,-0.00895193920160992,-0.006148146492046274,0.0007500849732161684,0.007800356049721716,-0.002421089791403474,-0.011794480892781877,-0.012172059383165866,0.006616370469916538,-0.006450493068777472
2021-11-22,-0.0022677836704350193,-0.005692156503633833,-0.005129621305717817,-0.016900075547200175,-0.04267509059757506,0.005460585495649501,0.01575351696707746,-0.01499251648937315,-3.6325444389860334e-05
2021-11-23,0.01997856665351181,0.020340519698697365,0.01217809621162752,0.004427062857714636,0.02098209247142294,0.009489208536634278,0.007874397158429221,-0.003959052643385083,0.011891938812324993
2021-11-24,0.00832853654569618,0.011130011884015877,0.010755669160619236,0.011008700272242157,0.045170231671747135,-0.0045686750211254195,0.015608298335565369,-0.007005138024412986,0.009902819228713831
2021-11-25,0.022627574624016676,0.012007847381409744,0.03038636412664724,0.025622934144105533,0.014839818647585542,0.004033841167086074,0.02012265915669221,0.004799440044793662,0.014523325681356926
2021-11-26,-0.001583252235673052,0.0014646102305815385,-0.005042091898150148,0.027869340709345027,-0.0454615851685674,-0.00042587135068442033,0.01510831249243928,-0.002903996828363697,0.005878574700181899
2021-11-29,-0.028543018607774612,-0.024029876473811097,-0.009480739335070456,0.000969452160332702,-0.03933753610567356,-0.018343805636787634,-0.00322815021920359,-0.0020422840620612803,-0.013690086352532162
2021-11-30,0.01633134749449541,0.004944829394434208,-0.014902345627974087,-0.01560190454695506,0.001448622424447951,-0.022127492276817547,-0.012382414916721615,-0.0108733577101959,-0.005250391879143172
2021-12-01,0.03906254159796966,0.014299655791597246,0.020063173022243502,0.008984931070174708,0.025791924949093988,0.032863999635391807,0.012057191743638094,-0.00635279151928603,0.020484121445669905
2021-12-02,0.021089896197583335,-0.022779161899464523,-0.014082580679877367,-0.008864598089702424,-0.01968909048652863,0.011462491891365759,0.02180634746850623,-0.011141732437168388,0.003620796843722817
2021-12-03,-0.02423091013043454,-0.001344337401900936,-0.004557889703664482,-0.013833681818877815,-0.022929931646032495,-0.005131230186006283,-0.0011257362933140553,-0.006450446274312477,-0.006856887057862807
2021-12-06,-0.012720375004734346,-0.02210483710425208,-0.025209683976183214,-0.03382501159366068,-0.03906624253080943,-0.001460314698543315,-0.0009749933083588013,0.019881732733691905,-0.0161245323173621
2021-12-07,0.009151412384332614,0.0064015066162573225,0.014776931133014787,0.0183310478091935,0.01314841657333488,0.006383182503687111,-0.005916161497584383,0.0038083285761147992,0.005865448807912207
2021-12-08,0.014574946329856326,0.009691291380158578,0.0037435805240182006,0.005286908103610422,0.010590509924939435,0.020333571285022205,0.05352647598231901,0.00844655663600183,0.016287120005067865
2021-12-09,0.011981323121598718,-0.05887156413344696,0.0021467368759359724,-0.0063591175679883994,0.010556745692518243,0.013656991718698521,-0.014048930897737354,-0.007634793692911299,0.005046638711884273
2021-12-10,0.0016089512364358019,0.01738279998304934,-0.004530340524685079,0.03459155985567721,-0.010333894939620135,-0.022792522176559974,-0.009650109776579447,-0.010028697738832398,0.0005179978564826456
2021-12-13,-0.00042740403801752515,-0.0023009358412722676,-0.010733984722518516,0.0008633666748215421,-0.00935253675843944,0.013002719239372322,0.0028784689734016678,-0.007920736543567218,0.0021639895528789243
2021-12-14,-0.002162709152991527,-0.015661563540764315,-0.04098398187797812,-0.007989095301787305,-0.048874649017379264,0.014394459571745203,0.00777571583940663,0.00098639633580597,-0.004474436148340765
2021-12-15,0.014355275907621073,0.009774789289302286,0.0015721325205646096,0.00992715128036746,-0.016215313956709155,-0.016417370551591967,-0.02126567057433264,0.002330435163967435,-0.003379094378500017
2021-12-16,0.019375270987173898,0.0027077071338644913,0.01215041864291199,0.008087278078795924,-0.0017784364552806,0.010149633478638629,0.0058089315018476344,-0.007038909286003363,0.008693953015485058
2021-12-17,-0.0014116853830945086,-0.002480676820557538,-0.006365636106740213,-0.019610720515668582,-0.00717718710237754,-0.011604915228326292,-0.018843367128812086,-0.0007785794925594677,-0.00898244299675899
2021-12-20,0.004146930415180612,-0.003054295605909598,-0.007224037720568681,0.00533452683707247,-0.04305579770381905,0.010870304167526717,-0.019295396113662214,-0.012316831549784357,-0.0018299960249822226
2021-12-21,0.0391504078485639,0.04545091982793094,0.043936796673333556,0.04490634653779437,0.028776409571956967,0.01822758983796861,0.006827091851794158,-0.013699537503269379,0.028349403702506253
2021-12-22,-0.007436583627979162,0.005118204015731069,-0.019709941184463314,-0.0054481488295971565,-0.023039999800772728,-0.007604496225225319,0.0002516323328748012,-0.008417836140205168,-0.004442780827613176
2021-12-23,-0.002872278025794218,-0.009218539169241764,-0.011417717288870463,-0.009798045996496618,-0.024844356861503575,-0.0020736173314837656,-0.005028624382230293,-0.003920177158935332,-0.005876899882179615
2021-12-24,0.008197159669840992,0.001340690555628952,0.004173784693718013,-0.00901258599639639,-0.004813698243281183,-0.0021511638451675993,-0.016474210742498694,0.00309976462074089,-0.003229118305658478
2021-12-27,-0.005396826803242324,-0.009862293207768155,0.025093278995534783,-0.004749881937586405,-0.038446521126146646,-0.01894581937760227,0.00308301562851011,0.01138300558559343,-0.006877564577019131
2021-12-28,0.023431567641173563,0.02430493512383197,0.017830641651219156,0.017079464453618236,0.03435072138304698,0.019222852413741744,0.016487231278857373,-0.00917626017471386,0.019394186600721983
2021-12-29,0.03581921842564848,0.02701371522981907,0.033770357924226446,0.036209389386400406,0.052002120106342906,0.013834105837696368,0.022157821443107198,0.0015301602600150178,0.024414191444459193
2021-12-30,-0.01136380487055617,-0.0030056206777878073,-0.005102350721481318,-0.009249175285204326,0.03840595650656343,-0.022896820818642076,0.0006688631263944429,-0.005004241208786777,-0.004966148133067627
2021-12-31,0.046178641181129215,0.02014660061045854,0.014475520915785724,0.02265558631407736,0.024085494354959106,0.02292825466812028,0.007555081938478739,0.0014924716584654254,0.01923783923218203
2022-01-03,-0.0309964962316331,-0.023116708800552246,-0.03805480475289974,-0.009443101451266525,-0.06406819456279753,-0.02333140043177212,-0.008029860169899185,-0.000378525065671219,-0.021244558977881602
2022-01-04,0.036854601546583626,0.013466328897590637,0.01412233935943804,0.015542960962211146,0.043004827418348844,0.014842112822323747,-0.0014343328388462132,-0.005478262228657728,0.015299918326066473
2022-01-05,0.014083419701636695,-0.003652888695717369,0.0228823086937382,6.833439657924446e-05,0.010507966570219239,-0.010265542753746698,-0.02006471764807137,-0.008025686116170631,-7.71247965325317e-05
2022-01-06,-0.006433791225486519,-0.015218372879248578,-0.0031141891041197023,-0.017887867108142205,-0.03141684166782769,-0.007631069735764716,0.009495822745560165,0.0033313725802519125,-0.007210593130480421
2022-01-07,-0.024403517986710043,-0.029093898680785213,-0.03706886567306268,-0.012448800992138517,-0.027572733643949188,-0.021029471814614766,-0.020708581124913264,-0.0018677447349792569,-0.020856546659800527
2022-01-10,0.008991962918513159,0.002953844250287667,0.02646702037066628,0.02757180392980925,0.04364555007185633,-0.015958705037819897,0.0008359307216911759,0.0033642787917226515,0.011793500718714002
2022-01-11,0.029628382530427665,0.024614276245541643,0.024318559364261062,0.02560602353152521,0.06924357728419349,-0.00849667379321296,0.023690510687144697,-0.05344015511982139,0.018848551308686193
2022-01-12,-0.012394716684918523,-0.02683984682838599,-0.011951418996400058,-0.0296842845769213,-0.025880047143223436,0.008302145145396641,-0.007399470823874798,0.0002896140416351992,-0.010674056770181708
2022-01-13,-0.005976959661443362,0.025469682161318032,0.022627656734719864,0.012323665533697207,0.008223144240782852,0.003279492018678792,0.004423432593615741,-0.0059268391946841895,0.008767580075746502
2022-01-14,-0.015944217106041263,-0.021343106192381455,-0.012486696068100333,-0.030265352554778926,-0.014991562718872203,-0.0066068637371111145,-0.0296166294570617,0.004050268890143961,-0.017033459287799757
2022-01-17,0.01310277218027484,0.006143548357514076,0.026799062072790435,0.02757456469999138,0.00430999772095202,-0.01905655291859547,-0.01599820874296086,-0.011794853725226869,0.003641669761731187
2022-01-18,0.0006910823842582387,0.011281078883849048,0.0038589313628089672,0.0033923583484935737,0.007279410439583628,0.015640464823177852,0.01142558458487989,-0.01021272920888866,0.009024539275694889
2022-01-19,-0.004291764062604596,-0.007836847591802368,-0.03665424384887016,-0.008213213798775237,-0.015502739451928765,-0.0035743520720882866,-0.008627777333497946,-0.0023047687599750846,-0.008861893573202776
2022-01-20,0.009042405753141323,0.013519750109669215,-0.024873332192628297,0.021455323841257527,0.016950028952927715,-0.0022338190343179484,0.002900352507368988,-0.012816925196206905,0.008716130881480365
2022-01-21,-0.026328519644295785,-0.029074084117155462,-0.04556608934261504,-0.03417691875776123,-0.017132003697260388,-0.013690553490048378,-0.0021187443988821175,0.025639153646505295,-0.022988347996567265
2022-01-24,-0.012624055928391968,-0.015363237851195578,-0.01215526157535093,-0.02050903852894192,-0.03119558616627228,0.007731039818924369,0.015649052307852313,-0.012368306688171371,-0.0030559282259248434
2022-01-25,-0.00731125222708966,0.002130835474298796,0.012130014412123583,0.03682475437433499,0.0030769636078394574,-0.0037389172084100505,0.006004314878096292,-0.006269305715517556,0.005798543650621172
2022-01-26,-0.0064475682633563566,-0.033898086136913336,-0.02072674913092542,-0.023204299731311384,-0.007460762339064928,-0.006442406129533623,-0.022166847743577647,0.0017264914184360078,-0.015524893369398702
2022-01-27,-0.020485567127457128,-0.006263520536950191,-0.011062054089486132,0.0007944710039986778,-0.049493759451293765,-0.007260496757769858,-0.010676579171970523,0.00963263135580477,-0.011733017512819313
2022-01-28,0.01220127899388365,0.025887042298831722,0.01436847747097578,0.033808137158226656,0.011916030101393426,-0.006767675393205615,0.00955178768504783,-0.015299389696055411,0.013052029709763597
2022-01-31,0.0026600126404581355,0.01417090815004654,0.008513669270094167,0.009402738249892666,0.022115491581549906,-0.005703486358660919,-0.011271515522023701,0.0032900162206727116,0.001802767068733061
2022-02-01,-0.006311326331801821,-0.004950664807663309,0.012975218814250886,-0.004453475984290034,-0.010942587880347953,-0.021635724449097313,-0.009829942848978611,0.0063788067291097586,-0.007989097456860756
2022-02-02,0.002781794948977521,0.012933678508270093,0.016423837544100702,0.024777371459107134,0.03643338855729745,0.023527095190746545,0.008303786788834505,-0.013368665020641558,0.016119878162511574
2022-02-03,0.014640680033058427,0.027842906632972297,0.03410943030151469,0.04928480551180669,0.05333601562936301,0.012211451290714955,-0.010911002667876722,-0.0011852474974241192,0.017884368690883223
2022-02-04,-0.046503724664532495,0.003907551216173112,0.008502330954661037,0.004135972140527979,0.024312667891136737,-0.032503590078961066,-0.011160511052616262,0.011013065818007348,-0.005965116740157733
2022-02-07,0.01378360034422169,0.028575660284531738,0.022217191191514083,0.0211943501736766,0.040870809061056404,0.007246034990453561,-0.005085843145129568,-0.007391418607841116,-0.04020524571324369
2022-02-08,0.010192711816190676,0.00715421896016716,0.0026202909291199034,-0.0011923228595795005,0.01743872670981129,0.012384218966442416,-0.00889744768209543,-0.011827838113820585,0.00584645846442338
2022-02-09,-0.023382054584448784,-0.00920050349542665,0.006875253246517385,0.013711475359423592,0.0049157665610036795,0.005383862087814298,0.030043794706812038,-0.0189830994074068,0.006813773756690845
2022-02-10,0.015839005353829455,0.006966275994797775,0.021225370852938845,0.012811714253513662,0.02181489529645878,0.002241720515629909,-0.004085359794533384,-0.006351634369452575,0.008242873781311878
2022-02-11,-0.012789025952521129,0.002493247019784292,0.0057938104171241095,0.013629571448490049,-0.01900275942778184,-0.02197799610731802,-0.009817636686760172,0.025297999349607917,-0.009699788197486094
2022-02-14,-0.008906497777961184,-0.0009199439727310763,0.005385620451996233,-0.017615671329259834,0.017410080239313133,-0.003902292952959459,-0.0038903237682817973,0.0010483354284850082,-0.0032688667609402046
2022-02-15,-0.012447145361343876,-0.027513235787603205,-0.015984331309808423,-0.04381344884237322,-0.036966966342888666,0.00822617530898051,0.009493045659559518,0.01156491297464316,-0.012190958834977382
2022-02-16,0.04338732009836855,0.02253262672038205,0.027566052296715732,0.022032166862077138,0.05986324914998353,0.011399782299621943,0.032141429280477696,-0.008534736990349387,0.025649158726598464
2022-02-17,0.011335013810222184,0.0074195311437943315,0.012892735457640709,0.012909399852638902,0.02195149877908459,0.0015447230686850438,-0.007478116170118778,-0.003987699010669307,0.005857774176777892
2022-02-18,0.015723588570661473,-0.0033159965809745695,-0.0009703368817736428,0.010129700087456738,0.022946630455082904,-0.019885682496777062,-0.009205906581569149,0.0046840688963007545,-0.0022382029345436897
2022-02-21,0.02458026974924164,0.007303666531917029,-0.012564400981066006,0.014237323750400878,0.004925198139681439,-0.01795663270477793,-0.007997951370886191,0.010489016749354985,-0.0016487708029033759
2022-02-22,0.042076111591666285,0.01881857583245011,0.021620794167708388,0.008645131932412373,0.03584522194059506,0.009265404440211638,-0.011485646287309997,0.020682691125840102,0.009940410631840915
2022-02-23,-0.007848483855415964,0.005976395032396961,0.021680647262137743,0.021691654438019826,-0.010111720554072223,0.005058513880668173,-0.022322539008162733,0.00636689688566723,8.03363911402797e-05
2022-02-24,-0.013294123826903818,-0.008714798653615661,-0.0034069469680477237,-0.010648397892315828,0.014089406604023828,0.00537207315632649,0.008907727141519092,-0.00904359979411331,0.00015408698410224246
2022-02-25,-0.03927825572004341,0.011071785033846203,0.025851265310437774,0.016078939194060192,0.029802531405808647,-0.037532097100647636,-0.019214246720530005,0.009697595313030879,-0.006133993143928616
2022-02-28,-0.020640881599742995,-0.01692879869827899,-0.04258210579024143,-0.02005900327585567,-0.06723446609721981,0.0056415504505066575,0.015831096810185734,-0.0009674289534180683,-0.011189698272240714
2022-03-01,-0.0029562456857410617,0.0009829169119260923,-0.01262365556808591,0.0032326438818138423,-0.0325636890068319,-0.02399652467396454,-0.01179381000387964,-0.0005453975076871994,-0.009537630077913313
2022-03-02,-0.010583219419244387,0.014566510089048804,0.008240751948899325,0.008627295506139084,0.010813305885602519,0.01320531467931738,0.013134810880026522,0.0026012998907285504,0.007248304634656477
2022-03-03,-0.03131016124801912,-0.041032805955746376,-0.032717858336368366,-0.03573357400235212,-0.04039879580668157,-0.012284858363129265,-0.002208996063956935,-0.004975447013309456,-0.020896333712631707
2022-03-04,-0.022781001611409533,-0.010624321946871462,-0.03203236315992195,-0.015498907079216638,-0.05362227140442654,-0.012358284574717672,0.004385863210557145,0.00497060109242389,-0.01457658043538226
2022-03-07,-0.010986896767990627,-0.02420020742052695,-0.03568542860714034,-0.021913856211992634,-0.021258513305052917,-0.002110740437466414,0.004332082501475256,0.0036385636455562656,-0.011951847829525054
2022-03-08,-0.018054147986572903,-0.01686279876782192,-0.02870193197107125,-0.030476759071146282,-0.029702461973469645,-0.009265896034574584,0.034382788862598754,-0.008156919128131409,-0.00736913024168282
2022-03-09,-0.024239258125797535,-0.02040376331174244,-0.02157665475092395,-0.009775697694156486,-0.03614866886510387,-0.010058091570574416,-0.012973293511391173,-0.008559086620144372,-0.013986143777760009
2022-03-10,-0.005863714558162219,-0.0028713938799105583,0.0030272959798050042,-0.004307700490256685,-0.008447262688585628,-0.022552627089496156,-0.0027647014772717395,-0.004782390212385704,-0.0059791070544082305
2022-03-11,0.024092833992836137,0.014182469295004038,0.002714015366728873,0.011472974593862841,0.027276988643475955,0.0018377888078560663,-0.004618372876017848,0.00332222772299843,0.0070554006837986625
2022-03-14,-0.0052349592596752145,-0.02208991751074973,-0.00964081457592885,-0.022140524265678446,-0.017120892790087144,-0.0021263251827311354,-0.02746060049606473,0.003079516985102041,-0.013315117271530078
2022-03-15,0.012111328127387147,0.009641474362296608,-0.013104330067714005,0.017879565924929723,0.018681493870295378,-0.01303984377240884,-0.052330050574031686,0.0023139038985274074,-0.0010234768624890716
2022-03-16,-0.007733839906535823,0.004421931445157373,-0.01863491322609696,-0.01933235363515961,-0.048312291518981226,-0.013875899821025517,0.014320635904903147,0.018568507003886188,-0.009938379695413781
2022-03-17,-0.010387816874668832,-0.009254390783508638,-0.0027854906638853935,-0.026191173204822074,-0.026645086005428052,0.014967659295436512,-0.008184252685733081,-0.005641584892594099,-0.00485917557787722
2022-03-18,0.005867175901698372,-0.0029709666531747185,0.000286307956918565,0.007920140783440548,0.0048441672175601955,-0.0009245153379810113,-0.0015870818769974462,0.013588101724830786,0.00101428829629227
2022-03-21,-0.022486375945270174,-0.011980009534652314,-0.0005234784908412127,-0.005252618412857339,-0.018187917464277645,-0.022998140915789587,-0.012697796125363519,0.01289341465597739,-0.014488242960248669
2022-03-22,-0.003443918500113183,-0.006496705467693994,-0.012369253635076627,-0.0042269243150306664,-0.0007380381933735337,0.003174882537361779,-0.012716204702271772,-0.012724757029530269,-0.002831312156274913
2022-03-23,-0.008050557242285908,0.015721327998017277,0.028329127679741002,0.03823533920429041,0.0053906857036288,0.011330088001440511,0.01737371566420648,0.003884300432784249,0.012806452548040952
2022-03-24,0.02343536400027135,0.015884095425382043,0.01617960775293937,-0.0024962032572421957,0.03296267805026872,0.003304024798209323,0.010192797824504074,-9.39405534207369e-05,0.010547761894078977
2022-03-25,6.6704244434701e-05,0.009194904796003647,0.0033936529501690633,-0.01356398867808025,0.012131348100794288,-0.009571205657444555,-0.021513109737107922,-0.008531163538162767,-0.003560046105321353
2022-03-28,-0.0008294157925213586,-0.024584270361052013,-0.019362029552683808,-0.001182046598216461,-0.02534944871208605,-0.005668807614272522,0.010234211552029368,0.00925045532769754,-0.0074975814000333525
2022-03-29,-0.04803023311896045,-0.03361016694874866,-0.011086388279107115,0.011448172514725071,-0.03971418100471663,-0.03155822511998356,-0.017646027913510297,0.0013520099625211539,-0.01910085954650981
2022-03-30,0.01983296971961481,0.012477989032133865,0.005087054215465365,0.018779656494612537,0.01753153995788086,0.0016864343669941374,0.01674513485364148,0.008911752275997742,0.009960583420347077
2022-03-31,-0.0020942773470079843,-0.025510713973595868,-0.017632402292399697,-0.025239302874507763,-0.02659748414089811,-0.013008276678254242,-0.007113175319811158,-0.005797773725257974,-0.012555824749813175
2022-04-01,0.022439266493278844,0.004191760821175804,0.007454834231343736,0.021076303798233414,0.03591677583778737,0.015406818706644674,0.012126020286500769,0.004623318134114115,0.012769258200117753
2022-04-04,0.008369709774984756,-0.015075412572123765,-0.013136135482684583,0.000633288460445337,-0.017968015851858355,0.019866885276929154,0.007716528165767926,0.001244252522435263,0.0017961512385393727
2022-04-05,-0.002352153163878041,0.0006408553795757556,0.009651812393761033,-0.015406167402624188,-0.007132000503103392,0.010833243052810825,0.0059789293999849644,0.01194803958300823,7.143932030406796e-05
2022-04-06,-0.02893581341528385,-0.010388231182072561,-0.0032736657281678258,-0.013962517807137637,-0.014305327179726204,0.0031202381883824867,-0.012235450375457221,-0.004090459555686259,-0.008621760308864275
2022-04-07,0.016819646212734754,-0.0017965845933441687,0.0004101454010672042,0.0002910981808973189,0.014241463316746344,0.0026848758873900683,-0.005091183096208181,0.010419770824015833,0.0009660265016265443
2022-04-08,-0.0042790796964588575,-0.020739679883364382,-0.021387915571841578,-0.009360635136553599,-0.013854999169874996,0.0030731278902830445,0.006938382712227678,0.02016922443209523,-0.008269836596605679
2022-04-11,-0.027690934076062254,-0.030244422514666486,-0.03221507008130195,-0.04041739100382109,-0.043656400691099474,0.004777455661935267,0.01885090704650969,0.008441217282781835,-0.014658367192254683
2022-04-12,-0.005412814004575453,-0.021963929421518015,-0.00308518033852865,-0.03328752372359224,-0.03585028152439186,0.0030536907409270996,-0.00770692005448067,4.2025459198462775e-05,-0.009038393235011124
2022-04-13,0.0006824796329766618,0.012073704030325347,0.007670184442750445,-0.0031459419514967483,-0.014970853373257298,-0.00803737381460742,0.0031084314453682727,0.0020959751008028274,-0.00011411969812608817
2022-04-14,-0.038121115054700304,-0.020503794917795415,-0.030708729036088636,-0.017982140611867495,-0.05225298602705246,-0.02347900995181438,-0.012076137037337677,0.024667712423726357,-0.02546959757999253
2022-04-15,0.0032756984694570874,0.006478710514548943,-0.014504467776208545,-0.015665370417888028,-0.04862723187292297,0.021961663933063865,0.031202197693673186,0.002388305734557824,0.004519573500143604
2022-04-18,-0.07255026455730201,-0.019996596709038795,0.0015414942154617036,-0.01130741806508988,-0.03317822589654262,-0.0280702644138799,0.004116453366737479,0.002310424778018692,-0.014072738079928064
2022-04-19,-0.015429498394402733,-0.024626372970863824,-0.019851942097471955,-0.016684851216026024,-0.03680455607273217,0.0032951945334592854,0.0002539599474102212,0.011820991819470147,-0.012025263685802704
2022-04-20,0.054587510390896134,0.0302909529251936,0.020536109667902577,0.017795240390268433,0.04419698810905478,-0.007552909564938404,0.0064486895696159695,-0.020176019654520184,0.01972194083655268
2022-04-21,-0.022960824617125734,-0.019475218384335063,-0.010336793021977604,0.012787036261936405,-0.037335343208259854,-0.007341864109212277,-0.015173510997255791,-0.004979858747959201,-0.010518876968633331
2022-04-22,0.015408182261821262,0.004964619055158064,0.030939366890042657,0.020887083910943252,0.004935339181714212,-0.021083276686802224,-0.00712042554314894,0.004521995502093966,0.0068465100111583695
2022-04-25,-0.02277914327939691,-0.021743441295442197,-0.01081968412601618,-0.0015103633175673693,0.001917531703131249,-4.419310439343524e-05,-0.0045632119965321235,0.00966281122736456,-0.009082267095906284
2022-04-26,-0.03166367921774544,-0.01599743876651186,-0.027725513395442394,-0.02323472265595418,-0.03225482758099904,-0.00654459948367836,0.006066903721610643,0.010692915757479236,-0.015015638702223328
2022-04-27,-0.0069234008457342115,-0.003194180846898856,-0.010018911782304147,-0.008551038809434737,0.037967161525640426,-0.0008279673526244067,0.003566023750378975,-0.004340699358325856,-0.00017639865636712236
2022-04-28,0.014282960933202589,0.018481045913600825,0.016690791406162638,0.028572435452152087,0.05018606126427379,0.00967389996635709,0.003982518235172815,0.005383255200937549,0.013517235796500368
2022-04-29,-0.011790613151852808,-0.008278974995937077,-0.02669005680819224,-0.00436074492234224,-0.03430491673754835,-0.010748632660044768,-0.008990608286585074,0.0027237441393788255,-0.01163764716622945
2022-05-02,-0.0003152977039007262,-0.0006785650759568421,-0.005404460019909318,-0.011749096780155711,0.01465355675615459,-0.027683720095939078,-0.015252726915969168,-0.002207115006489791,-0.008794204981913753
2022-05-03,-0.024778297947397176,-0.022037127465230705,-0.020015632435717648,-0.0071776316110332625,-0.02194859797521709,-0.02280734990226668,-0.01965904278353258,0.011547460036725727,-0.019404890898825182
2022-05-04,-0.0005141386346768977,-0.0002374535049702608,-0.004511080808660997,0.03187068326355151,-4.070568357752904e-05,0.006437787257248075,-0.00778246355413807,0.004442281811159902,0.00221422563332039
2022-05-05,-0.009497694934182913,-0.006761872975209145,-0.016021742713719304,-0.02427184901220679,0.0008434043315985977,-0.011452067542713242,-0.038865200617663014,0.017517952306180473,-0.017443080724278397
2022-05-06,-0.003472596150366301,0.01653844526989684,0.007703750751922644,0.005871517853803646,-0.011806769784208986,-0.01854564516823673,-0.009143471248364437,0.0024868692572620785,-0.003020800424630551
2022-05-09,-0.007615631691089388,-0.004651559871630703,-0.024611664171147074,-0.005944334042266409,-0.010457860059365583,0.020982711713488623,0.007594364121988412,-0.006921270195462796,0.000955946629088051
2022-05-10,-0.004908829131374869,0.001868755345168622,0.0003089251969893334,-0.016012857992988093,-0.03461779995864105,0.0028206955778558077,0.020326824890013723,0.00046155138623093063,-0.00017007362189716806
2022-05-11,0.0187372901902985,0.015769901210676462,0.004780446375676378,0.014164303241448179,0.04250697811452676,0.011793864323871427,0.01647146227881168,-0.005679573557772246,0.014567539162118231
2022-05-12,-0.0012211370501429247,-0.0011899852254410087,0.011723817784882126,-0.026029136848207096,-0.004161444414603598,-0.0008259432337808686,-0.018183354248326507,0.00579196915779157,-0.006224087095086877
2022-05-13,-0.005424448127777371,0.017596123008872918,0.020495942950857115,0.019276781542903187,0.023912893958464264,0.0009611639814446869,0.0275764336066522,0.0051214929016697545,0.011066185944573663
2022-05-16,-0.023822467048443315,-0.009275018693369289,-0.011536998153444045,-0.030528682533648197,-0.017831862322438066,-0.010047256289308817,0.0003870640893716364,0.006314719879701586,-0.012536885352206565
2022-05-17,0.012035348307520552,0.0025976187740592294,-0.0005375159517259068,-0.0030823547276268935,0.02596689638893164,-0.0015989129526950265,0.018144211580323585,0.015125651203465049,0.0034846879486247076
2022-05-18,-0.050648498683470385,-0.021781609547563363,-0.02817520731987413,-0.03984780657181265,-0.06038417419122006,-0.018907605643305975,0.004395715527472404,0.006257794281971674,-0.023656519177938717
2022-05-19,0.009590239396586393,0.003107272431225293,-0.00030169312075295127,0.010248651404710268,0.023267578795699115,0.014696519728088586,0.003168634883198214,0.0008526901940952483,0.00721270164934614
2022-05-20,-0.005899490598820141,-0.0166339262213541,-0.020260060045865346,-0.017265215910226235,-0.008289236824664719,0.011227461944163592,-0.01506636958904256,-0.0029477026972136327,-0.007272474619612296
2022-05-23,0.014890506740686963,0.004163250333742959,0.0010777579279677139,-0.012266134486007853,0.014195837118785347,0.000553271742208733,-0.007284761646367542,-0.0025378324810090124,0.0012227341990545069
2022-05-24,-0.01685152316137658,-0.020623015760755467,-0.002614910576520313,-0.011411671267200862,-0.008329034195923322,7.206820649338159e-05,-0.0026916004110162347,-0.0007640640951777645,-0.007196223269478404
2022-05-25,0.021374705860913737,0.026823640352302305,0.008031051060247072,0.03376365407858458,0.026868647279923264,-0.0018212197912842348,-0.0004310685256217455,0.004552037629048546,0.01111023792698507
2022-05-26,-0.0036315770202608624,-0.022068100821332752,0.005128308996173714,-0.003544318951974733,-0.010127202143432894,0.005896258060340562,0.0019359388958245403,-0.012359879556214533,0.003187338853954727
2022-05-27,-0.007598239371348422,0.013225563285837327,-0.008994651745539019,-0.002091768528940215,-0.012256726549665488,-0.013102457467445589,-0.012207273790291174,0.015497838730615644,-0.007788871072758695
2022-05-30,-0.01309140133784195,-0.02932672856125058,-0.03955683394001196,-0.03373243546938255,-0.0503151631989601,-0.011660204965079104,-0.03795361799976594,0.0038008969741343246,-0.025033955143924258
2022-05-31,0.02949724492543931,-0.0016002961971139185,-0.0032690230367564584,-0.005558526656635181,0.012205857748673892,-0.010938621640634241,0.019867229879245104,0.0002484126968440804,0.004405784450854185
2022-06-01,0.028965845535058293,0.019393948105355652,0.022504875363534453,0.01198350782131029,0.006307685314356068,-0.00010180254622789453,0.034038212602218544,0.002065022541284803,0.01581076227962455
2022-06-02,-0.016348591974791268,-0.0003634991870871359,-0.01869039233537635,-0.029628262386938893,-0.029918388902937517,0.019635758074402748,0.032512649218953804,-0.0030487050444640645,0.0006899367194002832
2022-06-03,-0.02806025092319496,-0.017664068960228034,-0.01519187455777863,-0.008193942689504845,-0.009829012939389545,-0.010289885330870802,-0.0005507908128766227,-0.00267503630579974,-0.010641115751200603
2022-06-06,-0.008073717032789548,3.40422600433578e-05,0.00233645568172137,-0.00019073132128499554,0.011769877393891952,-0.02102004840299835,-0.024173320418881383,-0.0009735424050569265,-0.008205355717678805
2022-06-07,-0.006303399612375927,-0.008262435619770985,0.007851764966320684,-9.532464105398196e-05,0.014329571379727766,0.002754689573342599,-0.006957028541230434,0.0018132472425116666,-0.0012439496783686515
2022-06-08,0.02192263670009374,0.01336348470989856,-0.005079428671914934,-0.013115884123582021,0.005050442742352508,-0.025453451241560364,0.01529279099497571,0.004878968622522578,-0.0002178746320221698
2022-06-09,-0.01869932797144039,-0.0006068829933676754,-0.016690579684811652,-0.022753539769940795,-0.032349291944457785,-0.00359050809874613,0.005367454743191285,0.011741314696085957,-0.009852683728761628
2022-06-10,0.0008866628211638763,0.012401841471871232,0.00036800152399678137,-0.01775405213032242,-0.010281089550125576,-0.009222249224843776,-0.011414491281150692,-0.008371475245836988,-0.003306001180282195
2022-06-13,0.011809091586820532,0.027600742223568828,0.0005002909335194029,-0.0029442622151833967,0.0034070095322618565,0.01415690533167376,0.0055941190348110376,-0.008526126614105841,0.009858330488898635
2022-06-14,0.017742154546773723,0.011859030013080035,0.0021642858947037748,0.01254930836590746,0.013165628836273459,0.0016780914299672966,-0.004314648651777737,0.006611809889437604,0.004788731101161616
2022-06-15,0.01914106231388415,0.028195992308759722,0.027310221898018433,0.017312106305606978,0.0522025261403849,0.014166076845456463,0.04344999712918178,-0.0010044294904431174,0.02359163600807497
2022-06-16,0.005995611814088912,0.0030922501684379593,0.00033440205598728385,0.00630236241158476,0.015456259169936905,0.01610676537176745,0.011320951901663937,-0.0046189708265628425,0.008323008459751056
2022-06-17,-0.022461398467929942,0.0040734593078789304,-0.008420772029630177,0.0056086916588630915,-0.0030332423920978826,-0.00010384462913748778,-0.003645167343548817,-0.005640244353835841,-0.002670718212399139
2022-06-20,0.031360279663418734,0.022472507091690554,0.03282224936843128,0.043715400183750544,0.03743761370523229,0.017044815778448203,0.011874312432601324,-0.014258097268523763,0.024245169764092096
2022-06-21,0.011235658082246028,0.002050173711259138,0.0001334520749274778,0.0012259281767288653,0.0443727620094477,-0.021489149742061425,-0.0026052250432068934,-0.0012347264798876515,-0.00020687591242754273
2022-06-22,-0.00402825090379539,0.005101970753973807,0.010088388067577645,0.0066595864442123,0.02518611798567662,0.016797395931804605,0.017734734914580327,-0.005489211693434175,0.010176094795316705
2022-06-23,0.009678087862350393,-0.002589650630484947,-0.016624340319017484,-0.029477039964944766,-0.008073784298259508,0.002900327541230362,-0.01414174900052702,0.009843750171411456,-0.007588908618746623
2022-06-24,0.024675122707228103,0.02091903484030299,0.0064687300755579035,0.021268576353116388,0.04016387180313832,8.557080390434097e-05,-0.016965973204668774,-0.00105143497356302,0.008349722016352115
2022-06-27,0.02064361590034997,0.009384255550197392,0.029049099348382717,-0.008545611582674174,0.021347074446792555,0.024852163098953408,0.001633719418437918,-0.00431079284851547,0.012668670333649292
2022-06-28,-0.0111875116982371,-0.004489606867139235,-0.01938252715442714,-0.012069453353744878,-0.005761765055912837,-0.007071143971950762,-0.01813728314688636,0.010901337397675237,-0.011517987986983664
2022-06-29,-0.017491799617254167,-0.02619354123108264,-0.03021706848371029,-0.01698956521045336,-0.02726523501771281,0.0018039422880682004,-0.006699776309608467,-0.004230700592048971,-0.012271443195936552
2022-06-30,-0.0088888983274519,-0.003612833355759233,-0.021122772618692286,-0.017514304208124394,0.0025595651160205766,-0.013419172651951004,0.003350780065227817,-0.01748276906041347,-0.005204382321807682
2022-07-01,-0.0021493959869113128,0.01857827988123206,-0.0019847452372219227,0.014085193886185631,0.030478932202062572,-0.007896279150021996,-0.008629808350850568,0.000965566277733185,0.0019884592812724833
2022-07-04,-0.007154250256663398,0.009930726893441029,0.010131347534616034,0.0034758546823559417,0.007662127823126376,0.008125816734673472,0.013835029797675204,-0.005641237414764405,0.006810909567204843
2022-07-05,0.024091215734047523,0.024014781782546988,0.010662245130580138,0.005266811326911321,0.020222399026047354,0.008093344006360538,-0.017060944483778137,0.0015851981926049276,0.007479571264499027
2022-07-06,0.011041063948031712,-9.194804090096622e-05,-0.00634047816339831,0.004120506102178408,0.0015499390915194734,0.007205254098970141,0.011814881118354912,0.00908238244880991,0.003350470373892124
2022-07-07,0.004782006685209689,-0.0007240127203150216,-0.0005042616805404059,0.011433260334549075,0.022442423305510256,0.018648783368848114,0.01346249315074164,-0.0013590602092929775,0.008924049286084475
2022-07-08,-0.029725186273394474,-0.004436933493825971,-0.012800695419146316,-0.0064149755283608775,-0.007320233597257492,-0.022450375073394275,-0.025065145446440507,0.016112054045418888,-0.017561530927301207
2022-07-11,-0.009367552677004827,-0.007489166883993525,0.0052066231161065615,0.008466928344205578,-0.02990999875095503,0.019848113754398402,0.021252369987048037,-0.001756092901634598,0.0051728173521424295
2022-07-12,0.0194639808151132,0.01863844262640155,-0.00034134722579183237,0.008359030944212021,0.07576638629681341,0.004466396244464787,-0.007444937312786604,-0.009472633046449167,0.010866486526772018
2022-07-13,0.015826087746466648,0.02678787788739875,0.022445494547226327,0.03665926373556391,0.02034348007852506,0.010417079412026959,0.011161168046937222,0.008201011274213868,0.015591654743780369
2022-07-14,-0.010159974198883367,-0.005854686386735686,-0.02414744210434598,-0.041454715961626885,-0.009554280950404321,-0.010454712290674994,-0.009690133153708995,0.009787986296259505,-0.014532692441565256
2022-07-15,0.010300497254571269,0.029010930110200454,0.02535993610385262,0.025335406690141553,0.03637273101477735,-0.009015711250847703,0.011088676859950995,-0.023493033353865884,0.015666861769789066
2022-07-18,0.001277469240198749,-0.007912228556196808,-0.009503882730033827,0.01710807522546203,0.019040727937041958,-0.009547704439034407,-0.011531758400791455,-0.00934791830068184,-0.0014557793900650017
2022-07-19,-0.0035320268976641255,-0.024502032326964546,-0.01461626766831867,-0.009280699442546265,-0.0019100030768846323,-0.005142009971365814,-0.009090198926626752,0.01968553607632318,-0.011504985532197996
2022-07-20,0.013564893601964369,-0.009999690326564866,0.012396496599618018,-0.00970954326616308,-0.00012820380946916283,-0.011589658301644476,-0.011206895101360718,0.01011130549886606,-0.003218026026812028
2022-07-21,0.013541863110704083,0.026508922499953166,0.018760911319366153,0.03156119563290365,0.0417060252160908,0.00855249600088805,0.015649884304116693,0.012714298663173067,0.015259071857753045
2022-07-22,-0.01604569772175203,-0.022087527045495273,-0.010144177096104637,0.00017441011353035445,-0.028210825804885244,-0.03163560682997549,-0.024515380087313552,0.00788446961689895,-0.01844493477543111
2022-07-25,0.004054051122519586,-0.0030277658666855696,0.01008762277308482,0.007459563921309336,0.015853523243784823,0.0036514829738376487,0.008760195986224413,0.003628535289081053,0.0044142841165429455
2022-07-26,0.0074532303643396036,-0.01880385600658797,0.022846145286222294,0.019777710184584102,0.004271151506212528,-0.004721185736126536,-0.005816516294508913,-0.0003498560909499802,0.005603051510734296
2022-07-27,-0.01894775469983953,-0.025298585111312333,-0.042516577684828694,-0.06674141408222581,-0.05160099611140293,0.0184146246404567,0.029029131174035487,-0.004645275651288866,-0.011103533004380533
2022-07-28,-0.02495973851947454,-0.031391165920679955,-0.037704298471491204,-0.03272301907879483,-0.04740442069200999,-0.007697800437963836,0.0018265207323434913,0.0018866217759819421,-0.018753242735514583
2022-07-29,-0.018420023284547244,-0.027386863210964858,-0.03712195187977955,-0.018654552721840245,-0.04157385434244198,-0.03261669365649064,-0.01800853177746851,-0.005523421565003769,-0.022575319494970703
2022-08-01,-0.009336439652057521,0.0017135447463411727,0.010839208137121317,-0.009769098529771154,-0.0012171964050755823,0.0064472159942642856,0.004071850327336649,0.0028339673114167615,0.0004546343991701731
2022-08-02,0.010645296237595688,0.0018016833758364669,0.00721690822916857,0.016981290329855334,0.024214528005610518,0.007527636035248968,0.01243847714222801,0.005052579959803838,0.008296205938883807
2022-08-03,0.00027241798804058734,0.00225560002277046,0.011571568980545364,-0.001337681075579578,-0.01982787892623203,0.008047806810328939,0.0018195402863859906,-0.011270252905822488,0.0036267706193543565
2022-08-04,0.0261158295451589,-0.000852516745390943,0.016359412453777956,-0.020460417171984095,0.0025352202332173824,0.02876896190127609,0.010874994857556159,-0.0014499485318104103,0.010351181369666767
2022-08-05,-0.02940273112854157,-0.018629109535352115,-0.017142535213880625,0.003850776040633865,-0.04674839664897684,-0.012142978618458842,-0.02048715669629598,-0.00573062726415387,-0.015091033528484583
2022-08-08,0.0013431041820858992,-0.0052065263902352325,-0.008565980151546027,-0.011485527089952721,-0.015565842040759325,-0.016999342810798453,-0.010761232039171321,-0.0016530201542165899,-0.008388239236715759
2022-08-09,0.003607774778979496,0.005348633665698356,-0.0020726189861961465,0.0003269104548681116,0.04272509669902865,0.027240280872159062,-0.002995852692556377,-0.008316132259205836,0.009196712167370303
2022-08-10,0.019517694856666157,0.008729756275289765,0.012184886642177106,0.03664911230710539,0.025681238022896652,0.015321162486319106,0.015350443173516071,-0.007224465897717681,0.01673362192362327
2022-08-11,-0.014114297658247196,0.006002054919584084,-0.005915020824346331,-0.008930928508454413,-0.02644589958715859,-0.013921582476809045,-0.012146068020666805,-0.019800990654642803,-0.006093076690964089
2022-08-12,-0.008086807488109317,0.003782290360489037,0.005098596487287943,-0.007554483089664266,-0.010277579814335617,-0.0034686523364546077,0.01832882495527879,-0.007005541100150221,0.0018551096438742742
2022-08-15,-0.019033337452236097,-0.029360203690877346,-0.018732265392279433,-0.01894329120684888,-0.008724464664997206,0.005214423939929665,0.030836515613479717,0.002680638508160106,-0.005001023352501829
2022-08-16,-0.02206082117576617,-0.006622590157589954,-0.007631295253447921,-0.0019316975282260484,-0.035244080882725445,-3.094103327548869e-05,0.0011404145068602592,0.002506841087066492,-0.006829168945531689
2022-08-17,0.02185073086095979,0.038122642498632134,0.015827097096348094,0.033377935560422484,-0.01095916188279977,0.018538179612225064,-0.012551201316101202,-0.00913769339263522,0.01511856185488451
2022-08-18,-0.0029300134299371995,0.007784545006165527,-0.016237110094081953,-0.007681015345578071,-0.012965543677953715,0.018679746129532677,0.013645261728744543,-0.010202226825224255,0.004705613856010177
2022-08-19,0.028320114732093782,0.027263956612735098,0.012747279542164817,0.017514033287543813,0.02907589941753882,0.002027570185574578,-0.01855991797892571,-0.008637500706239426,0.01044980385599994
2022-08-22,-0.005849740969298429,-0.004874704646160594,-0.0027577584032319287,0.02356983369574233,0.0013224129972863427,0.013123963671849643,-0.0032826649685388444,-0.0020086401036881023,0.003188989786184651
2022-08-23,-0.012781405765892779,-0.010651029924566513,0.0003674937455137003,-0.01670534594936509,-0.01458523094146044,0.005706445863943149,-0.009705680809988298,0.010443360591148507,-0.0076012637177578475
2022-08-24,-0.0020394723832592707,-0.023977862077449508,-0.01915010798385613,-0.01109815682070441,0.011337150991438802,0.002562789982859934,0.013885741440489817,-0.007555397844335396,-0.002125579023664199
2022-08-25,0.022404959208142713,0.00509995712402517,0.018537986943994347,0.022350659748035365,0.028143403956318386,0.002514762924609544,-0.009972953843666066,0.004026053808006745,0.006321430374786875
2022-08-26,0.0068809195958812654,0.00011812310649417799,0.0019610225603095078,0.004334568878423531,0.012142404881788202,0.010838362337881208,-0.0054267527004160186,-0.012852678670336489,0.005147552906353934
2022-08-29,-0.02994500119992927,-0.02348975605497627,-0.02648027476974233,-0.018259947203558613,0.00014946798835515523,-0.0348010372630276,0.01076681288451324,0.003235166013562213,-0.017018798856134512
2022-08-30,-0.02408227770011274,-0.004561043468326217,-0.007664604165207989,-0.01051962211211033,-0.051832625868320666,-0.0037694709110266665,0.008467573779879113,-0.0007684045756046207,-0.007697990645268007
2022-08-31,0.02085540844855132,0.006867181475824848,0.026150923308450782,0.01662299137915755,0.0247673022283874,0.00839615241164227,0.007004510906174944,-0.024730984409389447,0.015495820038188855
2022-09-01,-0.023184738564469867,0.003193420019429168,0.014118491706472395,0.011205455178017248,-0.005447663717220575,-0.014461750671805733,-0.016218439579037906,0.017067696161938338,-0.04218222967158228
2022-09-02,-0.04067578077501471,-0.015276943886248624,-0.0019000208568988601,0.005069804483380466,-0.0045514705555602455,0.007083175168057519,-0.00046173172428302966,-0.01534104107263883,-0.0037696145659540034
2022-09-05,0.011836529056687372,0.006586332947655507,0.0045969614022938875,-0.005315731822811064,-0.009850201910028857,0.026457823783092537,0.03821990843692154,-0.001986414221732645,0.013434967375557496
2022-09-06,-0.016427694062810524,-0.0034701081537014088,0.013450470612929654,-0.01959197988376274,-0.0016438005507157702,0.0045130586522955166,0.008030395076942488,0.014321702586350965,-0.003215984026266901
2022-09-07,-0.003245249105942654,0.005691373411491888,0.003626056457222372,-0.0052903401232161215,0.006017528282168503,0.008677707587558021,0.006617651503241617,-0.007898909375559952,0.004257092481875881
2022-09-08,-0.007168435157991961,-0.01415787765880466,-0.006803443010362424,-0.003936682825121338,0.005294596400941985,-0.013975522205035272,-0.015373326226467945,0.015499469543352828,-0.011043615341492076
2022-09-09,0.00140447727399078,-0.0008412143344784229,0.01213271531214024,0.018664735862155092,0.028843907515924794,0.0020926593230857333,-0.01099847717214186,0.01616264762027661,0.0012126438350888728
2022-09-12,-0.007181691451839696,0.011591188467252806,-0.0004232721185686045,0.020081241464013314,0.034683100874533586,-0.011594125041454573,0.0017161290620015066,0.007018003931261097,0.0016839475414206922
2022-09-13,-0.012219945161547383,0.008321803563732801,0.0025183373442455876,-0.01433016428532636,-0.006312128880735384,-0.0013517256332953745,-0.015098622433233823,0.0028312124053625843,-0.005324449363376254
2022-09-14,0.005074480491555956,-0.002555777003233441,-0.002098013654608904,-0.0005320996561483018,0.0044166121336118806,0.014598208822232115,0.010056379897870182,-0.012134270542101281,0.006399809005411
2022-09-15,0.003801351960176524,0.015528111778112363,0.02441454199284044,0.03688081990346232,0.028155973088991357,0.015050138580334067,-0.01180864806284441,0.0011661220028410077,0.01125248827290948
2022-09-16,-0.00023007185472448996,0.03449272308036523,0.024198990891025157,0.010042246172873498,0.033072658090714746,-0.0012600239874419952,-0.011769134838115904,0.015250911654972743,0.00549083009633828
2022-09-19,0.006967709063704712,0.0004151328882266805,-0.0016473035014586469,0.020418692824297244,0.014035753701632629,-0.03720224410641991,0.01649875233386842,0.002690995044891148,-0.0011307453375289074
2022-09-20,0.020040510722163896,0.018898602526451393,0.024023449012532973,0.014336704625278942,0.005887312056502459,0.011565497541103633,0.027463056177550422,-0.00888330987664418,0.017303734635937762
2022-09-21,0.022409771266251446,0.009996026364193611,0.006490057021908359,0.0063599609126152425,0.016766400145567975,-0.014365714041812869,-0.011156566140248837,0.0011171788369442447,0.0016073321620478096
2022-09-22,0.02129809345345674,0.03535592712201558,0.04266929562365843,0.04360980317152931,0.0466234492422551,0.003972510730547534,0.00573906942965321,0.00024927715880923964,0.020586012741359523
2022-09-23,0.011863215182050557,0.0067643716072588915,0.015280217516105508,0.026034746010324655,0.03550609507938402,0.00427455320991795,-0.008356963701996479,-0.00857132278596303,0.009271094357200204
2022-09-26,0.005407396165925111,0.009733303884980404,-0.008379780401411858,-0.004226444885302941,0.008146117529979393,-0.010505886139020098,0.0016861190969454708,-0.002336138681795858,-0.0003820191678399244
2022-09-27,0.0018114714907320672,0.005879682997508842,-0.03875398020407426,-0.002203298576529194,0.010213701260164333,-0.009381769655513435,-0.02620812660753352,-0.01247574693632205,-0.003728075482488721
2022-09-28,-0.022381696680756378,-0.018706449360122706,0.0018398543392789005,-0.028594819673128498,-0.030367366940606367,0.021324407300445717,0.012775139215081102,-0.001938094991937578,-0.0034383214415920757
2022-09-29,0.008446258669705848,0.025130908084399096,0.011303922728558895,0.005581699140132658,-0.0045355160145452815,0.006455118254301211,-0.0135658620151739,-0.006381030125897167,0.005685974159663878
2022-09-30,0.019818773775997108,0.007682326514576613,0.013331818695979422,-0.00813568361116624,0.016020538207577338,-0.010154043000280246,-0.00783040408389804,0.017860198070146157,-0.0008756834523691631
2022-10-03,-0.0013919691895382643,0.03563788547005913,0.01132857806457395,0.03117246547133004,0.00046641334868167885,0.002064940286207502,-0.01527025904805436,-0.00057796065049481,0.006933211795522092
2022-10-04,-0.004553681099040031,0.009577515600562796,-0.0014128513175813528,0.006108768975344916,0.01893994525302176,-0.01875312462942131,-0.018578906231104423,0.001172402775216914,-0.004700918804007492
2022-10-05,0.025941293756491915,0.015100495535837692,0.011399417937752714,0.004476649996868573,0.02859017145051179,0.0030520940627799774,0.000305504562128778,-0.0027774453200377427,0.009487978097767937
2022-10-06,-0.009070256461392106,-0.01463056726744614,-0.006218949968216789,-0.047243024100573315,-0.03583097865890668,-0.018882636603995685,0.007349689363578578,-0.0014323974870517064,-0.013103609237779432
2022-10-07,1.5395845642084973e-05,-0.006546642948553972,-0.008415123081481204,-0.004011001862339646,-0.013758698141748623,-0.006536729845539538,-0.016543455589233133,-0.00866202919432077,-0.005766084777446576
2022-10-10,0.006280940544608617,-0.01182281195307639,0.0024542514402948025,0.007407528958570057,0.017555511031880668,0.004302515278406799,0.00999990625685635,0.01912860959008904,0.0010821858807953293
2022-10-11,-0.017571248523301754,-0.02897391451189842,-0.002353094880694211,0.006506244548985983,-0.03635132538034506,-0.013960997066148026,-0.012336693432490185,0.013135990299854646,-0.014205792032757915
2022-10-12,-0.03381489203591722,0.0022371044715928175,-0.002715665677155992,-0.0021554292873077695,-0.017937393973765942,0.00032951326597758265,-0.022563076737318312,-0.005878470148929931,-0.008466612288939654
2022-10-13,-0.03918173450815382,-0.02942506684764934,-0.030539841402226486,-0.0338216224078766,-0.05748371665268871,-0.024974703551346986,-0.0394161724363155,0.006682267618567506,-0.031137896076445935
2022-10-14,-0.023384670493097576,-0.014714144509479648,-0.017359203469903942,-0.0223305239034704,-0.06610509415344104,0.0020527881658714358,-0.017171386027267036,0.0026961841927748732,-0.01560124774763775
2022-10-17,-0.0059834754166384905,0.0093061893026336,0.010107341731248803,0.019531127453127746,0.01612451188573926,0.006367562044195319,-0.021233725652759012,-0.003443849892941126,0.0025960212274627912
2022-10-18,0.02245643455801491,0.009470480556467015,0.013557634440686639,0.015995248176250546,0.04306383046505047,0.004426077297980544,0.014724933943393663,-0.016161927149398896,0.01502956068006366
2022-10-19,-0.03940139274966586,-0.017200207312783482,-0.0118194613114012,-0.00815755248456293,-0.042067788283884994,-0.016029909598643984,-0.012062703970018865,0.015633733505850192,-0.018982806158393307
2022-10-20,0.014874481557895796,0.01391725366190695,0.026283846866142276,0.014155919861376631,0.01701115621181209,0.005116882277991426,-0.008394123821986106,-0.003962031352870995,0.008918046195668189
2022-10-21,0.018952454411049313,0.019060902882127348,0.03133838029375826,0.001575703542576945,0.06038234051670451,-0.012592405376419322,-0.019250882977875354,-0.007162959980183557,0.006861986950193796
2022-10-24,0.004851758379908692,0.000682494617245842,-0.007213358468908593,-0.018172898808951905,0.0161685788710378,0.009609467656897668,0.022023287893858694,0.0036483018272348263,0.0038370084970267854
2022-10-25,-0.021079363632787895,-0.008599931612657317,-0.013950142509750137,-0.01961990040998731,-0.0416191503364123,0.006373535863707245,0.007218814234173608,0.005822800307884412,-0.008066744158176061
2022-10-26,0.003982439667907936,-0.01233219962646763,-0.008079725542726807,-0.03782473334919783,-0.044542064575299044,-0.005661232193695417,0.030065406111684803,-0.014257660013627774,-0.002677041517841907
2022-10-27,0.004696563890054289,0.0234609889488756,0.017468658132285507,0.02434397101433982,0.018586814409462995,-0.08344169456650652,0.002195452484080115,-0.007806595325766364,0.010252289085084918
2022-10-28,-0.027458957344060717,-0.008033500674333052,-0.010543427480584424,-0.01544794554923347,-0.05171181873889376,-0.01842407702017925,0.00632678455273364,0.0004795751458789566,-0.012787104294227065
2022-10-31,-0.014640470642666508,-0.009908799764337811,-0.024276373487761568,-0.01387378826547784,-0.014204438017778084,-0.001768205658590914,-0.0150791459426776,-0.000365507171210844,-0.01074046119379034
2022-11-01,-0.002856392759753282,-0.004965269203631517,0.017101156672698778,-0.008616312201051902,0.018435368766920528,-0.014237489961494546,0.0023707727098118306,0.006597964510535813,-0.0025632353728749138
2022-11-02,-0.020601257324655523,-0.03595949908692345,-0.03316176387835919,-0.02253617605669834,-0.059855221941553044,-0.008311164791462128,-0.026378931214278988,0.0025764303570370824,-0.02282283390228394
2022-11-03,-0.0005024308944818289,-0.0058211421422568336,-0.01669140151265728,-0.016040201446128437,-0.02834362452702552,-0.018753153132641788,0.006250523505408166,-0.0013103018339056466,-0.008296583850461775
2022-11-04,-0.010120624219351036,0.0038398175309132644,-0.008249623383700121,0.01501037770730273,-0.015739081202678293,0.005080991221338893,0.015383267972068154,0.003957067555740994,0.0020702107348875036
2022-11-07,-0.015750567280500186,0.0029780394284346272,-0.010486052581453468,0.006153207901630546,-0.01385194690082761,-0.001100689528965028,-0.020284178686013826,-0.0042142504369145585,-0.005841670075525731
2022-11-08,0.0048522196812825465,0.004513388454150582,0.008826251578672333,-0.0003717386928799957,-0.01001153721961264,0.004725999993305632,-0.010473758705475008,0.008282722883062168,-0.0004983416383301088
2022-11-09,-0.00487946675422467,0.002200580324731277,-0.0006105917375178822,-0.021148573043416545,-0.025750622200501554,0.012499671069232266,0.006896205924276359,-0.014600396784020583,0.0014232575390759903
2022-11-10,-0.008991382499616285,-0.0157410315605354,-0.024096280062432116,-0.0034684547876990893,-0.05376309788207448,-0.014943059678389872,-0.005827876207491893,0.015934936924283615,-0.015054641116822488
2022-11-11,-0.014049455698576317,0.008198930961710073,-0.012949320927646214,-0.0011946927756585801,0.003206324274460098,-0.01404547451642224,0.001856257499423953,-0.003069813754510767,-0.004024136509766888
2022-11-14,-0.031574398702573954,-0.01709321227154261,-0.021889225114980995,-0.006538563421722496,-0.02957977134250728,0.0071432109813878986,0.006268134287409775,0.0017363119568531878,-0.008677083332680656
2022-11-15,0.014878890696912993,0.01552153477822957,-0.012360905186083099,-0.007205019006906056,0.03353958534406014,-0.06211118785715194,0.006567150345234007,0.006209005201352686,0.0012689103319762575
2022-11-16,-0.03431956208246153,-0.029202045267371846,-0.0026600598631056614,-0.030297358112066006,-0.05125243647726959,-0.02138929377943707,0.004040421635519111,0.0016202697548864287,-0.01836363354897067
2022-11-17,0.025804354100684764,0.024049012897225303,0.01022670625377978,0.0029936578191820298,0.037943736731916616,0.007310202812061531,-0.015023767062295423,-0.017471809762654167,0.011647352165643372
2022-11-18,-0.020989437287103764,-0.037078787047074,-0.03921837747937781,-0.043062147313334236,-0.05667778631369149,0.01035244035804551,-0.0025346303063023467,0.0030144699907635945,-0.01813883161108068
2022-11-21,-0.003312881444741933,0.002543051330770196,0.003841596004309671,0.0030005419739977694,0.05173610713196399,0.011043428489462057,-0.011077489283256062,0.00341314647018302,0.0032238826740382644
2022-11-22,0.008744139500182093,-0.00957389384986902,-0.016034796805089617,-0.002602839316651273,0.012384534866664831,0.0054140499195714864,0.013144767316712396,-0.03440927406420775,0.0012431193697179446
2022-11-23,-0.008011298398608632,0.004094083482517925,0.011878704627118552,0.0028694391582066952,0.0007041374015644366,0.02051298542072346,0.008479103074030237,-0.0004218661215178173,0.00644997330701846
2022-11-24,-0.0008521243264575999,-0.00968360556390803,-0.0019879146480694565,-0.004916369601400222,0.026636360325494973,0.008422472744934682,-0.0055952804959754285,0.0071373290735097265,-0.0009894350369469994
2022-11-25,0.023969124907114534,0.01027471522769858,0.013547773965457251,0.012590167288608805,0.02336736391943848,-0.004563677783573322,0.008188960702143148,0.001917530252352142,0.008607245151635969
2022-11-28,0.0006961764660921103,-0.0040054755886880355,0.006298337470394518,-0.00910226319068879,0.017434469561671426,0.013695773803671239,0.022394100782472583,0.003070730563879423,0.006058542915131379
2022-11-29,0.0027989063398463714,0.006401082878633266,-0.0016489683559586434,0.019070897872368847,0.019665779417634862,-0.0098565582244778,0.020832101699423556,0.0008961829365838023,0.005535352302382853
2022-11-30,-0.013771290352153341,0.007912435183489684,0.021670599896888035,0.0195916691915844,0.03310727254645454,0.016140218214525458,0.013463021322322572,0.0016011201283349734,0.010481708667139884
2022-12-01,0.013855108030750254,0.0010445295623595732,0.011641176905452928,0.025621956650772174,0.01299020662772306,0.0005536862087500334,0.00791316561817712,-0.0065733207909775045,0.008831524916198168
2022-12-02,0.021116876906962994,0.009203141045239192,0.010408754352339396,0.004127571867205647,0.04044792438950892,0.015968767773054084,0.0052651054240457715,-0.011741552999174436,0.013155271341131047
2022-12-05,0.010929564229009012,0.009661395621486607,0.009433712674108426,0.01187373452302915,0.02888200301351824,0.003272228715171502,0.008404665489530653,-0.009530971036815434,0.009805966148920115
2022-12-06,-0.004133791901910014,-0.0002398688789177312,0.005090595956426019,-0.0044431198850342175,-0.001273876358974281,-0.00024057267654451045,-0.01242992045484151,0.00394299193363323,-0.0033280936525272196
2022-12-07,0.0317878869359341,0.030475904136039674,0.032473474678385635,0.007781337956283283,0.024684980121205215,0.02891870621496771,0.07267088603138602,0.00478072333664063,0.03051687253996967
2022-12-08,0.010132690888404104,-0.0026478862999126654,0.0114508542184452,-0.008541641954556516,-0.017730089079965615,-0.013285827910031705,0.009037643032992846,-0.0007569482093994902,-0.0008185867309100461
2022-12-09,0.0006013159620331745,-0.012182694740775147,-0.01464120412410231,-0.016977993133808017,-0.03907176499307167,-0.008533112980279782,-0.0180977024269363,0.0065753374134687815,-0.012575428748279098
2022-12-12,-0.02194463349211036,-0.017833550523494453,0.0045542710863866395,-0.022310463135892113,-0.014566303924363111,-0.003907341405893483,0.010825901810347666,0.004486646041022302,-0.007555380949724047
2022-12-13,0.002050624285808948,0.002505828400150386,0.0009339386853035099,-0.014711366781695422,0.020967641601275608,0.013504020194238818,-0.008304117400183678,-0.0026448356318382886,0.0017876997741793595
2022-12-14,-0.019526058344934913,-0.03406270922595625,-0.032377494655914774,-0.03231868582849152,-0.06749460958036652,-0.007099529126767301,0.009843795890120832,0.01133504934188108,-0.018777803806667367
2022-12-15,-0.03158879518678122,-0.012775572627234675,-0.013167062558514523,-0.01106539323026511,0.009219129088022974,-0.01861270615440586,-0.05046296023666692,-0.005181596189531972,-0.01907737751159047
2022-12-16,0.0013479441386923699,-0.012705513395593868,-0.02297503800098408,-0.01647279629106619,-0.03824180947795483,0.003702509841138528,-0.004191942348857395,-0.00374466654655561,-0.00720223409465676
2022-12-19,0.005514064531825854,0.00438091579967677,0.0060442075191693475,0.007154396016511618,0.006946807151189149,-0.010809231436282195,-0.013678120606594917,-0.0034712856789772192,-0.0008717886685816489
2022-12-20,-0.02291822054801291,-0.01987503275570201,-0.016100000749596624,-0.021748999681042935,-0.009689577000288732,-0.011550094655455348,-0.011302835224165055,0.010436931418525704,-0.015637008795420022
2022-12-21,0.025698953660982994,0.015838935730446316,0.01471075021628675,0.017249714837010925,0.029900412285330306,-0.0031373145768948886,0.013886112599795697,-0.0003767263340338194,0.012059478428672528
2022-12-22,-0.021547881104216526,-0.013488888195494491,-0.03366567895757831,-0.02840403709268817,-0.04209059968993468,-0.004692298921969171,0.020492301853349482,0.008047524832588339,-0.011948204100134842
2022-12-23,0.012253488892373352,0.021189717007955022,0.035827239646772556,0.013505373348073809,0.014422500850485187,0.016310825736735445,0.009986895174565153,-0.0018789170883105233,0.015229029830793892
2022-12-26,-0.009643999342329705,0.012183354933164692,-0.006768227376384443,0.008596762777084531,0.011925668923593818,-0.020956221417836384,-0.020985200398529566,-0.004679251261061641,-0.005689470144388424
2022-12-27,-0.005600874878467369,-0.004507550524743072,-0.01993479396515042,0.019368940863318272,-0.003035180994354809,0.003923611505348232,-0.00696991093800438,-0.0042736328885506535,-0.0012111138244032887
2022-12-28,-0.032934775491541585,-0.018642977131881955,-0.03186217218585605,-0.03011686565143093,-0.05066371095468523,-0.02295451291733107,-0.012933899166576897,-0.017360037559655133,-0.020191304118458656
2022-12-29,-0.0007195495980387017,-0.015720417634788198,0.006769574098101882,-0.011116444573401487,-0.012932321638592332,-0.00828289606920241,-0.004782130058583052,0.012246824799956651,-0.007491414489245447
2022-12-30,0.014024855211497038,0.021952827501154393,0.0351447023142675,0.026179686651162694,0.06140607168753209,0.01790598092381695,0.011541520285274779,-0.0004606522224658402,0.01978756874138276
2023-01-02,0.006025515315100002,-0.013307372475381801,-0.024555795545358968,-0.00933343966409086,-0.032663199032166426,-0.0021987641562644894,0.0007702842371068654,0.003265469206459622,-0.007044040217201668
2023-01-03,0.01672428315088442,0.010377478380195093,0.014771267126855822,-0.002289324217797484,0.012385833866705089,0.019019798978954477,0.023346398988736673,-0.009071013697435246,0.014174989855912883
2023-01-04,-0.016565778875640872,-0.018326488590155992,-0.03011299590030364,-0.022343555144819137,-0.018141310438768207,-0.017597640654949794,-0.01167335983780303,0.0020699535723633197,-0.016646775541175354
2023-01-05,-0.009914450154062119,-0.01295658333586199,-0.01934239598912615,-0.027682613194464883,-0.013219602456528022,-0.006981576204904303,-0.004033986447525317,0.013446728043507598,-0.012546193945896341
2023-01-06,-0.028163827982140396,-0.011257032313631685,-0.010623708510802108,-0.019903659641522603,-0.019288208292850616,-0.028914018025174248,0.004297196170236477,0.007657850334556706,-0.015390717203938862
2023-01-09,-0.009452649872914914,-0.025467677141112366,-0.02103723805440573,-0.024617565575248274,-0.05194858801467196,0.00409663848258069,0.01746327519515822,0.0022325337815172143,-0.008846965799271522
2023-01-10,0.008545423082236558,0.005700161806743039,-0.006511157755625362,-0.006227955556274317,-0.0021948545820565783,0.004479426490907141,0.0028968296462233175,-0.011750736880031205,0.0014688910800389387
2023-01-11,0.01260635399672341,0.008677312205475742,0.03589353478931188,0.013265051005099544,0.028778053457024635,0.042405975544771816,0.02293725427749592,-0.004324484689234881,0.021941015438901076
2023-01-12,0.02782910083767648,0.005642185031660507,0.014185273477360583,0.007309143739792927,0.0170813495678101,-0.011122751248059821,0.015951012263730198,-0.0037270948033111748,0.00840085249439905
2023-01-13,0.022968401136196585,0.009836561377288595,0.014654779931375612,0.02428202483019616,0.033690125868776975,-0.020997546563860388,0.0023486612330530193,-0.001898905310892682,0.006709483383868965
2023-01-16,-0.0010508853886874447,-0.0187919964125253,-0.009599528582483807,-0.027384199419580736,-0.02421208573784767,-0.0011261273665614747,0.013275045772429012,-0.005191503376571905,-0.0051947203756898125
2023-01-17,0.01757393745217237,0.007079190654457434,-0.00397426234343446,-0.012655914866999966,0.011433203110666191,-0.006478092231582349,0.014699298284230045,-0.006046581917632724,0.003989829507521991
2023-01-18,0.004993797373708402,-0.004248703563555361,-0.0014302326791854115,0.011382484449260964,0.005193476981468414,0.002406072424042088,0.0038070428094049446,-0.014201846936719676,0.004461824473249109
2023-01-19,0.003693943731703652,0.012828213645729199,0.015190786098703845,0.008159174239850714,0.03279176764182338,-0.0005146095602369804,0.003709170879897509,-0.003758174705765591,0.007345991724241273
2023-01-20,-0.005767639700426007,0.015079520418900618,0.02989268243778656,0.025134304959224918,0.04758609735630179,-0.01593052722129591,-0.02580556980205259,-0.0036737898092791565,0.0026426194123270203
2023-01-23,-0.0026230343689835818,-0.020207996119792817,-0.0003281218392677829,0.01864982247883936,0.01764960526698615,0.012096620194199558,0.006554093061768395,-0.006024143335336763,0.00418151752182535
2023-01-24,0.038012097933251374,0.02162397810184421,0.016512265210215964,0.03602102426702188,0.061895187331364274,-0.00017354378924252693,-0.0003282682974244082,-0.007104356591835448,0.0175098693133756
2023-01-25,0.020340218917512042,0.00467087201603415,0.019181456614661176,0.014066825422456125,0.06192515587226097,0.009567923160594806,0.0039078911737319534,0.0034668389421737395,0.012040205229442654
2023-01-26,-0.030792625592498228,-0.023111520445211482,-0.023674857602798652,-0.04333315000144874,-0.04308747951808749,-0.03640668247474781,-0.02369313332645852,0.007093249050840993,-0.028448001656379902
2023-01-27,-0.006377568105843657,-0.005026167616869972,-0.013064406220266247,-0.0075398068391152005,-0.009301341485847318,-0.014116836129510915,-0.003506825549500131,0.004008713161513733,-0.008043028999603694
2023-01-30,0.04357627167571514,0.02774558513672591,0.02337941779316416,0.02280228036108612,0.026788271296358895,0.0214459111468716,0.020521050012532897,-0.009602927876071638,0.02182448173559415
2023-01-31,-0.0164997547828559,-0.030724169340571945,-0.027412894411806065,-0.013416652933010687,-0.028680950069193085,0.011752554699144898,0.011983176488708712,0.0077390629029202304,-0.008744306475096403
2023-02-01,-0.0008404713626101009,0.00036493044303774995,-0.0001283843217938298,0.019135304542446996,0.005303367347674054,-0.007547325723682376,0.004361541067113931,-0.006625461621258026,0.0024168224784472414
2023-02-02,0.008172483833535572,0.003521313661207121,0.010081006543395974,-0.011979818325403842,0.007786795534778313,-0.036971964919837196,0.03785158913941017,0.0006989361204048006,0.007099042219880047
2023-02-03,-0.02343794162835108,-0.0006234961377555241,-0.009404342887166801,-0.0185862474536208,-0.011423469792520454,0.0028935237331817513,0.007637689048460954,0.0015798183246284966,-0.005117307153835314
2023-02-06,0.004965765187667959,0.007353456133154326,0.010165777291067338,0.020892492838088708,0.015274027548854832,-0.0071651719651395,-0.0042935022496479874,0.005748554891999282,0.0027583034354455175
2023-02-07,-0.03053650049756089,-0.00976959832126634,0.0038963365550386472,-0.025056430612535804,-0.021171445204819048,-0.011161345805070434,-0.010608056790152755,0.004696785902258977,-0.013333716500494376
2023-02-08,-0.01865646515072699,-0.015687604919578123,-0.01527611179865709,-0.029193591098117436,-0.012828243949118304,-0.011964827755612467,-0.01328244382617992,0.0055213278439015636,-0.015196351512512774
2023-02-09,0.015644718377894207,6.0809344470132425e-05,-0.011819362450331054,-0.004190906491867851,0.003679990857285649,-0.014125129644022627,-0.023768542327480904,0.0024048988978319576,-0.06312830450960204
2023-02-10,-0.024746882657702376,-0.005363761602544762,-0.01565246413453135,0.001449514098345951,-0.01600102443133251,-0.0020656481441910907,-0.0063039242958269,-0.020569968594812624,-0.004863835962877358
2023-02-13,-0.001344290579411037,0.00345661822897007,-0.017780816852450865,-0.005625317045842944,-0.025162357539683725,0.0016722283829104616,0.0004997619608320564,0.006876890416771068,-0.0040647511520011895
2023-02-14,0.00896883672481365,0.015985542834093893,0.007829460840372891,0.05711298565835974,0.004209141122182555,-0.0012794478719495598,0.013074407979322755,0.004526499412458971,0.010485151941862468
2023-02-15,0.012784517371493507,-0.014923723356925392,0.011059242813548274,-0.0014320906314065104,0.023629225869553523,-0.023893038301875783,-0.00657693250789073,-0.003525316889131557,-0.0033571543700792383
2023-02-16,0.0064656129751444824,0.008693258958689687,-0.004895405109903995,0.0023620555335627743,0.0032026010325485283,0.007870041243339926,0.0172966474843322,0.0006178351020433956,-0.03453005668825875
2023-02-17,0.002770527716042836,0.031739331090598955,0.037847734093730476,-0.012017808527757414,0.024516791260244024,0.01804246794237426,0.00788695490271311,-0.007752558628293926,0.014171794328399986
2023-02-20,0.010612722906647958,-0.005747741516450558,0.011785179950542648,0.0035504147233144687,-0.010660936143265104,0.017196591614487024,-0.011843179010457052,-0.005781273047393796,0.0037011158973854997
2023-02-21,0.038688597165913226,0.018291092932972167,-0.003932725613825857,0.007078385698210201,0.03432310355714002,0.017716111875582488,0.041195973934840244,0.009430637740516102,0.018557308460459845
2023-02-22,-0.01485007507391228,0.008739688951390871,-0.002021714449114798,-0.009030456547680877,-0.012354562332484902,-0.017803053996234365,-0.014483076359795089,-0.0011103208629982884,-0.008371900185752902
2023-02-23,-0.005972218936333424,-0.018188741058171753,-0.029931763230041777,-0.015474883990923427,-0.02178354250823497,-0.012516874296235771,-0.013508241233351403,0.006588399728829115,-0.014636695048431993
2023-02-24,-0.0128874411691101,-0.007396052037293657,0.00309034771194157,-0.014313877538056208,-0.01199209780649898,-0.003168112153221138,-0.019855938004861233,0.002583627810439201,-0.0088430554329706
2023-02-27,0.010663781747149702,-0.006150238820019415,-0.0013221820120348977,0.016942269500142666,0.04351445145849202,0.01750664966744206,0.003680768707819802,0.00392119430193734,0.005997343787171922
2023-02-28,0.005880551649585895,-0.004635215919820018,-0.020277743942582787,-0.011421954397205615,0.005025961333035279,0.0020132406922566837,0.005684082721844218,0.003138953727492805,-0.001993540156386731
2023-03-01,0.010212725411867603,0.003916143698763556,0.005496036740239006,0.027343361509800573,0.017898968290494192,0.004049465169925162,0.003864144024751881,-0.0027149462323292424,0.008067064296984842
2023-03-02,0.004553759069221638,-0.002493293779093373,-0.0021424106113654114,-0.010431890888066512,-0.0004405554740918563,0.007592829708465265,0.0006927024556121254,-0.016958593854501717,0.0027590511657525213
2023-03-03,0.002992859603351983,-0.009077922139310251,0.0035447305941051174,-0.01889803056001199,0.011892363659289794,-0.0012750343825260295,-0.03111445364460447,0.0025119901473360166,-0.0076643345712388644
2023-03-06,-0.008948882419693806,-0.014158065789225478,-0.012009593739047402,-0.017333124569684943,-0.05155157472209544,0.012531530558624254,0.0016440417106892602,-0.005168809769675578,-0.005564797996861914
2023-03-07,0.0144674517259698,-0.004874934385317652,0.0016455637906420194,-0.005201379399699146,-0.006349176266823915,-0.011584449447835871,-0.011963946467103586,0.00039399332934593305,-0.0038638124203372445
2023-03-08,-0.012983533042430296,-0.009504295685290992,0.0010246848296514692,-0.02684685032723881,-0.016818675644307318,-0.01546721456472879,-0.021709132962678894,0.004079221712545942,-0.01387091087451036
2023-03-09,-0.020589373903944184,0.0014955910571073925,0.006383788581284519,-0.026087462096411898,-0.039608304671647,0.004561739018384462,-0.002202702133845671,0.012929118477085801,-0.00810702627532965
2023-03-10,0.006155091222051605,-0.007289091158162506,0.002250838824031924,-0.01641624870345658,0.019076407098009687,0.0053392152212855225,-0.008865290773541321,0.007421592204849075,-0.002153453879544749
2023-03-13,-0.0029653889745236495,0.004483212931164548,-0.002683354322101428,0.001155418603220504,-0.026391792684432053,0.00022951518946356817,0.001222356922519798,0.015110180731432825,-0.003281971099415854
2023-03-14,-0.004081302661589224,0.012121729245114598,0.0037914666600460615,0.002691599239174801,-0.008958413676757088,-0.010682201562451294,-0.028404322364562584,-0.005584899583313467,-0.004839510763797684
2023-03-15,0.0029550251990474556,-0.006766823649723545,-0.00874191775540075,-0.010369770202756017,-0.0077056476870660095,-0.007645101341466699,-0.01761403698725281,0.0019856979057978285,-0.007649905654177394
2023-03-16,0.003138946579288685,-0.004622469741664,-0.003504419854205852,-0.027692682238353042,-0.0115502771862248,-0.005844728986930018,-0.014655431501646991,-0.005477973081425305,-0.007064055148752043
2023-03-17,0.018378334439156385,0.02490975751113133,0.00901802607674404,0.00999448265717312,0.016088232268327486,0.016710577781847948,0.011785886364135594,-0.0021246917508555107,0.013945116028852053
2023-03-20,-0.009646727841915616,0.009261901158271838,0.0034482349984953403,-0.008281847335578525,-0.004863897056756871,0.014997675099068032,0.0006458001391127657,0.007406069701526136,0.0010976700919149095
2023-03-21,-0.012632022324204923,-0.0007388702542948725,-0.012816914778278718,0.0028064458605228733,-0.001753029960535668,-0.014233970352922716,-0.008659776083427863,-0.002918793122810548,-0.006645103207769418
2023-03-22,0.03417064708379077,0.018842879676887414,0.02477392280261388,0.09089045328624838,0.0370535039781906,0.008297689142946693,-0.004102505715197451,-0.0005064360527083055,0.014857373474509616
2023-03-23,-0.015086157512338032,0.0016503545665238555,-0.0012777798879410596,-0.0061033249652633565,0.01681956345251654,-0.02609447369919314,0.0040827630679362015,-0.005689214550830338,-0.005249218197464805
2023-03-24,-0.009499453783347036,-0.01663197937931502,0.002104406576723017,0.015499327096845907,-0.010805172673034154,0.002282048550108914,0.00048366557707232914,0.01581804481049887,-0.0038263870743832458
2023-03-27,0.007524848134175039,-0.0030233603302521088,-0.025952680493526024,-0.012543388896146883,0.0249130301182489,-0.010393971365488081,0.005011565748861991,0.012272420841097458,-0.004952338138981956
2023-03-28,0.0029976532752610165,-0.01729295843786886,-0.017717058440863517,-0.00032398813549005894,-0.010393524254718485,0.002312797770113775,0.0018478712568279108,0.020419400401631788,-0.006367008019990983
2023-03-29,0.029189787379864475,0.02124344184584172,0.03781064819527315,0.011924641967875087,0.039372583981987355,0.005583364335614472,0.01077710896234356,0.006634922383666367,0.015266820997803002
2023-03-30,0.022398543220611224,0.007567874305949891,0.000508253773357067,0.008309231330886312,0.015007984939751725,0.002484025541161171,-0.009817147944896912,0.009178251966094042,0.003182234959810913
2023-03-31,0.026026669616514092,0.017756066442549796,0.023571567319438557,0.02735720150307877,0.018585973106921335,0.013823746252658474,0.03515309157274276,-0.0014331318018835438,0.020699232896341756
2023-04-03,0.013101181818042146,0.012459197055695672,0.012458436536682379,0.018596368741068757,0.03384055252032319,-0.012226625609916083,-0.0006826067622592237,-0.002538888080990846,0.006242239428100521
2023-04-04,0.023731678905734913,0.016933821572851275,-0.005337641422085383,0.01643721130648023,-0.008586318081280136,-0.01922283096129677,0.006282537710543164,0.0008261132111675667,0.001997067981843518
2023-04-05,-0.006930673033812878,-0.02015875451871929,-0.026775588133937177,-0.021369465811459473,-0.04808525948572475,-0.0014579870336405122,-0.008032129507517805,0.004209223136825384,-0.013414034299985986
2023-04-06,0.00769551872793515,0.011032161091493544,0.004607331707382008,0.009683253794166631,0.016862174851072453,-0.02771599541704713,-0.002380175607071291,0.0013495130755040935,-0.0011334866990871434
2023-04-07,-0.021824771658915238,-0.017970969426579334,-0.02769620478129112,-0.011614909879623266,-0.05332396085860171,-0.01915368589225807,-0.003456380378857169,-0.0018761247715426,-0.016216377839483227
2023-04-10,-0.04529156473410943,0.022258008544479204,0.025095776342243064,0.03105831055929234,0.028934549087963096,0.0055046353869782315,-0.0036648559152426528,-0.0016260047718574147,0.013182554047199433
2023-04-11,-0.006765554007711245,0.002504909141650798,0.012930532823477,0.008664101093328888,0.03674086147022023,-0.008688593541727163,-0.029241829383701422,0.006543973630072421,-0.003793947742766318
2023-04-12,-0.003954461510353294,-0.02254915462546621,0.02106090912886436,-0.036113109688950394,-0.03624740077133611,-0.010479058475304512,-0.004553166918863117,0.013685451839979873,-0.016530667321692682
2023-04-13,-0.027739367072137797,-0.01142581856426883,-0.011876776809645124,-0.015756863527986463,-0.024707982042016748,-0.004337536491191372,-0.01381072714148607,0.0009403004071738116,-0.012617711538537706
2023-04-14,-0.011542715140382824,-0.019212948644665235,-0.01493916767797782,-0.028813797353523393,-0.05653049305855813,-0.009393688557702423,0.01442965295577291,0.0019884241941414134,-0.011472443286921307
2023-04-17,-0.036699269535920294,-0.019347291854475635,-0.018867907874729518,-0.030137530691754698,-0.034368896577887206,-0.008034287559644337,-0.021431581257172518,0.0066238788899383024,-0.02036114322422421
2023-04-18,-0.0031474938441844852,-0.011755354355659966,-0.009820875192287578,0.002302009968095688,-0.03070056845546634,0.0055537623687566765,-0.007052528999038526,0.002998494916328671,-0.0049243089196171685
2023-04-19,-0.00912822314233674,0.011418103128036924,-0.010497293195198189,0.004682790991106959,0.03144710730212977,0.006902952913843717,-0.016324261971053054,-0.010412021613418863,0.0014972651627713355
2023-04-20,0.0036582496325570724,0.005223864216330704,-0.009947077973003142,-0.011411828172533972,-0.016085318961033292,-0.0021366100726910474,0.02623951939905808,-0.007864238817014747,0.002994669815878085
2023-04-21,-0.01911370027029708,-0.025832883916941673,-0.007951989939712571,-0.020164522413844845,-0.016680567353390355,-0.014692086960299227,-0.003874464140967812,0.02481213095675741,-0.014427022351625454
2023-04-24,-0.0007671473653791736,-0.007860942145823032,-0.019661484501436576,-0.0005038623068944698,0.0030457182659785484,-0.008479096745491447,0.011313009863129239,0.002074919164939473,-0.0030843677334412185
2023-04-25,0.006097439916097482,0.002273374239453364,-0.007743777758789735,-0.002152118514359145,0.01642175880725292,-0.006059385728047821,0.0031981765570776375,-0.008602056771148173,0.0014633439321251052
2023-04-26,0.0063927822150466815,-0.00917883905200896,-0.006660057216133335,0.00745275058372757,-0.023797194394086712,-0.01304333877948321,-0.006039417557466866,0.01909280473746916,-0.007758030788387551
2023-04-27,0.009608828097946063,0.009591012210491988,0.0014697768680409133,0.008256025624833057,0.0034460024534707463,-0.0014726072337767722,-0.0215936269834975,-0.0008994734931111152,-6.240329360015454e-05
2023-04-28,0.001885911332430892,0.013865378505905463,0.015144915122425301,0.009887167139705146,0.0030863119202459476,-0.0026819719029195365,-0.019512028645919735,-0.003581276147861526,0.0015035355991618064
2023-05-01,0.031130199996550412,0.027028208766542796,0.013805855604622046,0.003823568496389292,0.027232653577197938,0.019215608686882362,0.009097569004952094,0.0010170918305389036,0.01588225174632154
2023-05-02,0.013519714807567059,-0.00890498777269282,0.015043581016377369,-0.009022027508755385,0.01765744269657392,-0.0007720591155956453,-0.0009387823857840377,-0.0021566468695462387,0.0020079553769784247
2023-05-03,0.008942990274546914,0.018218329321290833,0.0283853795952606,0.0224098257736741,0.05723664759695627,0.007138042351991871,0.018626144772921554,0.0012414429470746476,0.016197771921342908
2023-05-04,0.004069685883416899,0.008649884220462551,0.0057645191863805656,0.011208382277783728,0.02626034674107485,0.0018880113970790914,-0.03825187720391327,0.01385438418475719,-0.00305110631653464
2023-05-05,-0.013648282284588111,-0.021691631457121684,-0.019910820780035216,-0.024801583057344645,-0.04109259894850934,-0.014817700798725186,-0.0010848381718721735,0.02045018553538311,-0.01744019090010652
2023-05-08,0.02067378666710343,0.009742749834842893,0.01158093944944371,0.017527560315684552,0.009610202328861794,0.0008169452530964429,0.01418084059604025,0.00745707972765679,0.00896303828796763
2023-05-09,-0.020207575313474627,-0.016660346237373638,-0.03036355995579791,-0.01998724466519828,-0.025117793457619584,-0.01142281140339977,-0.004656020010150931,0.007186049565844663,-0.015396385609404763
2023-05-10,-0.020319986434506946,-0.016254415186976606,-0.009923118653837163,0.005688307887262493,-0.022001766782117703,0.001814911741164293,0.010179822526433291,0.000272942349452882,-0.0043580553379950395
2023-05-11,0.02207736914392145,0.03065995071702162,0.028473159658228275,0.055312710773828336,0.035691984953510614,0.037632138180021965,0.029791275053691595,0.006120678548591527,0.02902441908618562
2023-05-12,0.015768149556530914,0.026971172581405956,0.00795749638039098,0.014223571540721658,-0.012855239518140235,0.0044256279697725675,-0.005773548303987089,-0.004657103952084045,0.007727303074848089
2023-05-15,0.03117222174141614,0.004691014049064156,0.015747960360758775,0.02409276250026155,0.020343497696876107,0.010320396812487472,-0.014641787285075548,-0.013765312051671228,0.015597434302637879
2023-05-16,0.003912044331065052,0.003955317355087189,-0.004512055022230237,-0.00903199301695446,-0.0014786898566481088,0.011678862865046755,0.0044276559308958074,0.013492671000944916,0.0005975673209349382
2023-05-17,0.0042791526088727305,-0.0009558844652907358,0.006742930188072591,-0.006847593318292692,0.03628599757008445,-0.020652729191067774,0.013717445253635326,0.0016852226704576197,0.00033535644791905946
2023-05-18,0.024411822619708493,0.026279574944798167,0.013343471916362454,0.027253744286200525,0.067616888895616,-0.0033398912869855167,0.028881672526795948,0.000916136021332398,0.01854277077909947
2023-05-19,-0.014883127863566596,-0.012278649304102702,-0.0321397245451024,-0.02384774872609014,-0.031655020278656104,-0.020495774692371217,-0.001015088124759661,0.0016455949989860837,-0.015500054884291093
2023-05-22,-0.004865335361926804,0.0009931114494233857,0.0002920486838417746,-0.009370882954647046,-0.0015057540451526778,-0.001484362862445773,-0.016149206074324924,-0.0019655796386581783,-0.004308837539340832
2023-05-23,0.01096458621455854,0.004927079522672233,0.012762691462313874,-0.003599867917430926,-0.0073923194673824275,0.0005673575234782518,0.022149316161000375,0.00012286908329315542,0.006255198865541834
2023-05-24,0.02810905014739682,0.0157422045267472,0.04013110713837472,0.01930497599348914,0.017403579745967124,0.00862000734021342,0.004612923469006273,-0.010792689649970691,0.016651801353881182
2023-05-25,0.006493060269754209,0.009827753506632005,0.0023215640892056996,-0.0012868933041815618,0.026406660222065892,-0.019255171001815986,-0.023113966202384935,-0.0017702681147992584,-0.003704735593779736
2023-05-26,-0.005732842608650308,0.0011069173966861319,-0.0003266829543312838,0.015140345944378505,-0.026121990843529667,0.009485774948122248,0.0016081322577089971,0.007427457641709492,0.0006159159187164949
2023-05-29,0.00130326918348584,-8.375707065695973e-05,-0.010752360407077301,-0.019261255791029636,-0.017777040839486554,0.0006069821326456956,-0.009620326780869352,-0.0021575571696029238,-0.005243894945386668
2023-05-30,-0.005664634214089562,0.008056517418289454,0.011313300298832037,0.0043878562019088645,0.01032019896258742,-0.009483686448523512,0.017665467678121223,0.017282547131075875,0.0011739517943589995
2023-05-31,0.046568418855123604,0.023614485180779493,0.01091200630091771,0.01421830883376005,0.03394280516235792,0.040553757284321396,0.01834022528076122,-0.011878534738028513,0.0260609335574198
2023-06-01,0.020981115856890088,0.02557295130070456,0.014829114822578104,-0.004132959157347468,0.0037780613312585554,0.029007292801444224,0.025179837712158426,-0.0032442018374276562,0.01752374829861306
2023-06-02,0.035414644564904556,0.023479486552043693,0.02184555300451684,0.016853812316353224,0.03165508206864909,-0.008226449021800785,-0.019295841699631694,-0.017590286487313606,0.010959737490609555
2023-06-05,-0.02666753064945133,0.0045431276358072325,-0.01112805312592817,0.013503910893526996,-0.0147211286340592,-0.024247502103039855,0.004524565343985333,0.013780419665597997,-0.009198837107715985
2023-06-06,-0.004976780254769114,-0.013412597838991592,-0.010608376308609571,-0.008293940233287564,-0.01959326572185879,-0.025828857469795227,-0.019772484387539556,0.008465654172390664,-0.014946898282587984
2023-06-07,-0.004902493924765431,-0.013646855494062134,-0.016081007304491014,0.006013598523677089,-0.03145340977088262,0.006418048233651596,0.002531976513165003,0.012683144849045602,-0.003959299937580969
2023-06-08,-0.0053317536431449625,-0.0034198341454773256,-0.008980486176743342,-0.0013490366861632526,0.0018675174170697784,0.025495234621185744,0.013676861826089664,-0.016128405555251097,0.00731661823645335
2023-06-09,-0.00272292424296103,0.0212566038457972,0.028351274107902703,-0.026783765251917835,0.032634728025704794,-0.0033618648626716112,-0.00045161121972994993,-0.062477780117346726,0.006908083114911153
2023-06-12,0.016662962509338762,0.012203029647224188,0.03817418659203913,0.016542014776935864,-0.0010964542738973603,-0.009456172019380826,0.019114500504199595,-0.0035246424420347505,0.011077734036807656
2023-06-13,-0.008696205904275212,-0.010749605256467482,-0.017088487610646207,-0.005799320296620023,-0.01639531232423863,0.001653394666530638,0.003792495641001789,-0.0018778711209886364,-0.004630318441316263
2023-06-14,-0.026392326178706894,0.016964581546049858,0.020607367539722473,0.023814401478007938,-0.002971355895670292,4.481791425813643e-05,-0.011594072940947105,-0.012252683909928674,0.0030268429120008707
2023-06-15,0.0242647199110689,0.025988957361321365,0.010512864858245204,0.014772649939425885,0.043135363338455864,0.0002715192744933173,0.0037377178267303805,0.0010264789504775107,0.012030442687211342
2023-06-16,0.005355719863100172,-0.003639043837406538,-0.007090877726887415,-0.01659820508899411,-0.03370073294472255,-0.0013926047501075377,0.011280874047403524,-0.011437866785402482,-0.0010217710315548556
2023-06-19,0.014712609616424658,-0.010829263305676325,-0.0063397917823880615,0.017756476940355113,0.014417733106409734,-0.022037285882218725,-0.000547592851819351,-0.00498721045811063,-0.0011760500355885062
2023-06-20,-0.011298882385155903,-0.007947161969971408,-0.013232029923132538,-0.00989917079271296,-0.024703340544419618,-0.006527866287017584,-0.019687188595105043,0.005977377749032213,-0.01165281308081228
2023-06-21,-0.027024159538128537,-0.006984619577341068,-0.012300261671574143,-0.07822606600609361,-0.007214876127328754,-0.002521876239230731,0.011503567478637983,-0.00026918261498634307,-0.005873016131344933
2023-06-22,0.003041202331188093,0.008012955624750283,0.009910761319941258,0.02243240636419542,0.027094958621170076,-0.002867865524608217,-0.009547752925383627,-0.0010376628246390558,0.004292037086539864
2023-06-23,-0.01768591010132493,-0.035801787806151314,-0.04262645319624534,-0.006797335531989889,-0.04924143806911884,0.014512123299549944,0.008115727520794046,0.0035334687570865667,-0.011067581771190271
2023-06-26,0.000955367450292906,0.022354925742911577,0.030776348381863345,0.022192426368294105,0.004877432959414984,-0.006154961928334835,-0.0119227630789737,0.00833025126747442,0.004468461631349883
2023-06-27,0.004328240705973532,-0.000340964202489814,0.01762088375231651,-0.00542964659622325,0.006141919821630284,0.00820212084212851,-0.007084316329992615,-0.006281641526332529,0.003243251614990116
2023-06-28,0.025861728784021827,0.039259298183431095,0.030782530747701712,0.027398043892394197,0.03467831598568825,0.011455511719018244,0.0018451528763074627,-0.005623542948716101,0.019686134382772155
2023-06-29,-0.006276032458844554,-0.006140981883930465,-0.007181970122069523,-0.010054530970353455,-0.017879863623124072,0.007440354721894657,-0.02105384763406537,0.014252893726466865,-0.00845848377761388
2023-06-30,0.011632714549274307,0.016228620284607916,0.004657040761807019,-0.0011545651256704326,-0.004778982111389081,0.0009495274475828793,0.01183111634587034,-0.006528927904267927,0.006703838052155137
2023-07-03,-0.040893188588982,-0.03151326088618893,-0.015461828717808008,-0.02831078762371008,-0.058650006687182885,-0.01948444177212703,-0.05281472175638893,-0.003861100008481979,-0.029279253180405883
2023-07-04,-0.009403131022621213,-0.01135684368270082,-0.034484693303746185,-0.03817416563807263,-0.007268639402841953,0.0008253498671366962,-0.01933650661036576,-0.002186673753076421,-0.013499264795169873
2023-07-05,-0.02022469423068048,-0.0360908807680271,-0.028179381616340916,-0.02025701043164891,-0.027745435651830862,0.0016596006553262427,-0.02374912749559858,0.004847394321208006,-0.01821607140044065
2023-07-06,-0.000665412413691789,-0.002642004195316813,-0.009006419616353161,-0.041713822124096196,0.005921596786670981,0.001607131943900908,-0.019681120609363046,0.005340306060076588,-0.009283710764865609
2023-07-07,-0.006516961163397312,-0.012880902072580134,-0.0034436000582631675,-0.017361681133294088,-0.03394680320104025,0.01185392362886743,0.002370237618123465,-0.0005267821432196112,-0.003890095270814106
2023-07-10,-0.010902106720404498,-0.012400066620260908,-0.006642358148438823,-0.028491870389874316,-0.015724771800447093,-0.01370526503714602,0.0042711627596631555,0.006823367001470631,-0.010580520126914121
2023-07-11,-0.027471070468582808,-0.01933220272307284,-0.03070395320800781,-0.024148868015151696,-0.0769464495693568,-0.028359224211261073,0.0013157274484745687,0.007159079390532122,-0.02230250075691803
2023-07-12,-0.04614502125933416,-0.022246487768758386,-0.014719511314880768,-0.020889637322221946,0.0015778834990551548,-0.008845120382069173,-0.005893953984168384,-0.008485863635586137,-0.010109885953637163
2023-07-13,0.003994850819721127,-0.0013561240484956914,-0.005288714818685758,0.0027271397451270637,0.02791369773831941,0.0017591973858820304,0.015401444619365476,0.00585816699291966,0.003684597233932739
2023-07-14,-0.009881432704161251,-0.00874860694907066,-0.009750856100870786,-0.0019443830472378738,0.0030886665095839795,-0.0017489578834885952,0.009258034173319765,-0.0031827875505858654,-0.0018440855784391996
2023-07-17,0.018790210296049537,0.020473275621787992,0.01801331201438904,0.026787342937005312,0.013913531014639187,0.010172113509659195,0.01123381260488518,-0.014357067563890834,0.016339022864589815
2023-07-18,-0.021154075998681954,-0.01879716745608911,-0.01569502029226061,-0.026133942126485142,-0.027364636913640827,-0.006255022305875796,-0.016155437684744728,0.007864417833884125,-0.016128701931490474
2023-07-19,0.041229090550592574,0.026531155713843096,0.012380982560973652,0.011143835887575892,0.05724058559807802,0.005151563449445902,-0.012222627245325442,0.004268624713640534,0.012690458928736019
2023-07-20,0.012398252727810586,0.019132825293428118,-0.0285791086477776,0.045552392827638885,0.0005348720226747877,-0.0031125484542668925,-0.0022671121132235407,0.016690666768604527,0.007513158808477773
2023-07-21,0.023603386219445327,0.006965167721838194,0.001994298380979597,-0.001661442058747829,-0.00048346918469411725,0.023897650530677886,0.009511602470135761,-0.002934994089104338,0.010519387935255127
2023-07-24,-0.028468859582270866,-0.018225782362049938,-0.02937286261964546,-0.026731123040284854,-0.046063399894663445,-0.0174534877651635,-0.007652454794331435,0.005887069854840908,-0.019938063855621746
2023-07-25,0.007411273116082327,-0.00470742523293426,0.006174118847088623,-0.000542287148233401,-0.006013514123835028,-0.00829385487439317,-0.005944412837594384,0.016084098401135404,-0.004289660642356006
2023-07-26,-0.019312365167907176,-0.002259040035135263,-0.010821553488202188,-0.005329955617581668,-0.02419663828636343,0.011966788924541583,-0.004297919177468159,0.012794760132781505,-0.005978250470438169
2023-07-27,-0.004293367153823601,0.013251535617338574,0.008909160162835057,0.03519385569166385,0.011840406828888386,0.0057295727205194024,0.028087075123293503,-0.04044965441325523,0.01420760043379819
2023-07-28,-0.013158429479080089,0.0006569589282145615,-0.020121286810345532,-0.002045131501957906,-0.0014436274436898937,0.021420500654145663,0.021333436364768497,-0.0011338029759963408,0.0032115968343010134
2023-07-31,0.01037838793129943,0.0019198113631064676,-0.0090880080859395,-0.007029934517318768,0.0004950303770601385,-0.0403496995362641,-0.061431431380316384,-0.0016445908340791539,-0.0036536696856801073
2023-08-01,0.010530668624001165,0.025740619312774413,0.019959395266731423,0.007282563288359809,-0.008486882703429432,0.01521340415661407,-0.0019871757628088225,0.004015924475430427,0.009095224802771626
2023-08-02,-0.026361903036791798,-0.011120005389289643,0.0015099027873944214,0.0030519542313210924,-0.05260909163486945,-0.015069528096903519,-0.024958665720033787,0.006137929338274758,-0.0151999891877667
2023-08-03,-0.04671332394813026,-0.03444147815262196,-0.022526279023453395,-0.02911405897407047,-0.047048479621351266,-0.017945901802861167,-0.027064006047826054,0.00529762312598349,-0.027268937382035955
2023-08-04,0.011725085565078093,-0.021646943777925937,0.013188561090275545,0.026642483794576427,0.016808315307226863,-0.012720423053257325,0.002663244966070419,-0.0003827579320691915,0.00671460932139847
2023-08-07,-0.02142980954363043,0.006235981400895747,0.006792112736824749,-0.003910506531125362,-0.021888126207227698,0.011474103695327652,-0.010517180565886398,0.018931405306371697,-0.005053939068737186
2023-08-08,0.031219875387924277,0.018986677492879515,0.03564637380272124,0.016935802470501353,0.036954952809999914,0.02089664424721189,0.02180684231947172,0.005119452191973227,0.02085413814921641
2023-08-09,0.0023688949640601527,0.015982742883809846,0.00249778818704432,0.014430239195508539,0.009483597462018854,0.005160814810610266,0.0041033175114229894,-0.007906736862991724,0.0074485293551284516
2023-08-10,0.003429380512665796,0.0013352781241749937,0.018704597712686635,0.020112663181288966,0.01806758234825354,-0.00650134392443888,-0.013237999683827734,0.01621412824124186,-8.57666265249126e-05
2023-08-11,0.002881310766342955,0.006238861484138527,0.000988106628458533,-0.009174742162599154,-0.011907330439420341,-0.00573044977737104,-0.011014414331869829,0.011145090542529238,-0.004881675325291157
2023-08-14,-0.008365967127639934,-0.004167810342494397,0.0028784349636421626,-0.0067804977268215525,0.009950104200539078,-0.01779198174647037,0.006962312912382711,0.0012826739431546354,-0.004051131180222175
2023-08-15,-0.011350607843913634,-0.021334508597382652,-0.03371621143887426,-0.031244519174434812,-0.02156690152518974,-0.01978289489879004,-0.03179325814972497,-0.0034105816681573734,-0.020915873684884078
2023-08-16,-0.005221052879206388,-0.004745779038036444,0.0072023349671417655,0.015020588364902256,0.03794931741711986,-0.0210136148734958,-0.02188836317573557,0.00739330803219594,-0.005649123106053211
2023-08-17,0.016055862080684317,0.013298821031392667,0.02883098922991146,0.03122102618804727,0.04867293873781098,0.0020539391679222137,0.029112516290107554,-0.0049151062927598735,0.01397850586954181
2023-08-18,0.026832585455094957,0.02662199406142682,-0.006058585785746966,0.03836079675831512,0.028177651670645808,-0.013444716348972204,0.01111031653585337,-0.013752130325169375,0.015546934103732726
2023-08-21,0.004508684575644231,0.007605565064307758,0.014844010055876291,0.016046700699623762,0.024026602272514856,-0.006739614380046676,0.0016869242546213845,-0.013579148767488907,0.006925193853985972
2023-08-22,-0.023865902270118408,-0.019684208392770335,-0.0316705861994317,-0.03241092541939048,-0.03617170595802122,-0.015968127142200875,0.0052657479968449515,0.006036539222238119,-0.017434158094131888
2023-08-23,-0.0014831479027399368,0.013081226992271502,0.017514376207334946,-0.003824559051470996,-0.0027403568671349617,0.008659544592746343,0.009686706979125517,-0.010637442308571434,0.007422791479829732
2023-08-24,-0.014840526956262107,0.005106730557057011,0.005579286475651974,-0.013734900149025552,-0.015318906925340691,-0.008563611732418342,-0.0019401479426693464,-0.001349425110250884,-0.0048729073779842985
2023-08-25,-0.023719403887531975,-0.009408589562200947,-0.03917535388305752,-0.010215298385989424,-0.014190647390861181,-0.013455269585090981,-0.005721350422359573,0.02397536939795756,-0.013844816247110652
2023-08-28,-0.004214031041978107,-0.008556064936646115,-0.037412322176170604,-0.0033058060557947556,-0.002339507056095632,-0.011863915072059826,-0.02635251940846278,-0.006693545177690882,-0.011708134865869914
2023-08-29,-0.0007028065484445911,0.0076005742882232705,0.005371103360058999,0.016494231759954854,0.016153792669861732,0.012042983329482202,-0.022706139762363596,-0.01125676310149813,0.004175791271150553
2023-08-30,0.01991481939324402,0.03489864002218439,0.023773581439970166,0.017805526808968075,0.0012224037977750827,0.0204411594053414,0.005622096575067509,0.02054578664495476,0.013540561882809388
2023-08-31,0.03800657819082078,0.03412672728745451,0.01785207371040109,0.03019409468165401,0.05934317425779977,0.008723425724206937,0.01889184983871995,0.002919544829884418,0.02205963566986462
2023-09-01,0.0005824529722869563,-0.012754772278637506,-0.008506204545224522,-0.005225487614062423,-0.08888354500943248,0.0009950041570182852,-0.0005712274122319813,-0.010179647268526323,-0.00393082596893723
2023-09-04,-0.004627436666901123,0.019053184385471628,0.012930759898039802,0.02322067976845181,0.01499923991065162,-0.020850974279118476,0.0005329984834393291,-0.006366227220904783,0.0033997610685579565
2023-09-05,-0.0176996512127213,-0.010796852975490212,0.0011301460936867561,0.003953772432839576,0.01763702624060753,0.018028629360797466,-0.022039316849300578,-0.009043686981415467,-0.001176300330888055
2023-09-06,0.01201922061828149,0.00036849315356790276,-0.0025114351170682676,-0.0006385349711933678,0.011565173496981536,-0.016910550956484482,-0.023403937970197124,0.0006922072895774892,-0.005394066465288399
2023-09-07,0.0004250477866879165,-0.008503717561563862,-0.02857980930697227,-0.0007194463072040978,-0.02469009947072535,-0.01739526112997627,-0.031192191252646616,-0.009779758485586688,-0.012632667495144584
2023-09-08,-0.0033398798398627653,-0.015761402659359835,-0.008331433322885693,-0.012440177460724757,0.02580021866486479,-0.02490856170939704,-0.010509022186581866,0.00446113601110111,-0.0105269223400554
2023-09-11,0.0025531102425403033,0.010664020514833382,0.008060779399833483,0.024473965855344372,-0.0239911609241059,-0.007109291493738701,0.018239429586539735,0.006456735462041655,0.004595038754867678
2023-09-12,0.022624891063841947,-0.0064464272604382545,0.009712848386653851,0.019304444190255253,0.0027709123911228237,0.0383917834180887,0.02107671138489362,-0.020841702756180507,0.019048087735001443
2023-09-13,-0.011824121581167113,0.005545547004248862,0.006712485113713076,-0.005852573889343189,0.0251783017199153,0.010552838668069152,-0.0076732130221637725,-0.0012849992543262734,0.001528787099239678
2023-09-14,-0.005551984160672991,-0.07432223884081267,-0.005302339781235597,-0.01900979764587183,-0.052297613985204744,0.001249374785405516,-0.025619582502369873,-0.007737906707131097,-0.010150474401146924
2023-09-15,-0.02820281118619488,-0.013800391786794977,-0.017071379665413746,-0.020476203022183892,-0.051985225998020655,-0.01575273489262293,-0.004067863771090559,0.0025007112339222645,-0.016331698000958673
2023-09-18,0.017895638915549888,0.009308186128153912,-0.01066844889407377,-0.005434490792709285,0.006132966104164535,-0.007049482384310691,-0.015672839949154548,0.0005161510516022295,-0.0018649536903355688
2023-09-19,-0.007737812161509603,-0.004995386231907894,-0.01911174140076336,0.00549179252821495,0.006752644195014914,0.006838150541821492,0.019281782275241893,-0.0022532952735011087,0.002180214565268488
2023-09-20,0.031032438323017882,0.02814952567747712,-0.00032611705328262344,0.023088042993458652,0.022398170561521553,0.019752728102186635,0.017292158279008762,-0.018108583561062156,0.020520132076280083
2023-09-21,0.004588139776499178,0.007408607849239001,0.011761458475870713,0.026359884674704882,0.02348926416636542,0.0036108241386722272,0.017404215452753693,0.017941907901925503,0.007974544098856739
2023-09-22,0.004510150075362911,0.008141479414916232,0.008700535215875677,0.007190302172539172,0.049304146010139244,-0.007457056069929136,0.012029204091647401,-0.0012167990798000491,0.006643619191026139
2023-09-25,-0.0024485969069222954,-0.007641713198854864,0.001082231369367353,-0.0018814308824900415,-0.02298632315573701,0.01810610769295679,0.02244931848708476,0.013229170615571533,0.0027067100716218224
2023-09-26,0.00024274379133589104,0.008368794768939146,-0.0012047577446163095,-0.04723037531825323,0.0020436905513849693,-0.01752503690252732,-0.005528927719271158,-0.0034324521437956537,-0.0023088147928913985
2023-09-27,0.0072895791856753935,0.019547104473157172,0.004181524344682651,0.006116108615013966,0.0016139088231838423,-0.006786693936898959,-0.00921692921267842,-0.0029008750574219346,0.0021780839120346457
2023-09-28,0.006525147888379745,-0.007439412472761882,0.011008175366004836,0.014188276519290726,-0.009898112891006956,0.017887058679778325,0.01294729501600258,-0.002334241566387252,0.007860016661502735
2023-09-29,0.0004184617642598576,0.006685003194910143,0.006163044960554739,0.00043380216119089587,-0.03107594894060527,0.00858333543843741,0.00010411247771878958,0.005433030798206935,0.0007874639858988554
2023-10-02,-0.005259204410159115,0.008320783334190816,0.006098635138788486,0.005957796217277917,0.0027678120747172425,0.02202714579313028,1.9899034611545326e-05,-0.003914253534361521,0.006573333799762515
2023-10-03,0.013691347210500499,0.002747308315217913,-0.00048754805542932495,-0.002440023992864801,0.007693050420068057,-0.05829830479405215,-0.034545649143969646,0.0041756666507724565,-0.0067325816312083404
2023-10-04,0.015938590284935574,0.02858034223153837,0.019055933586175522,0.03678278262910659,0.035196335297408156,0.02820036310832354,0.008448283527506335,-0.024034375748718955,0.02374740941863548
2023-10-05,0.030998654927792718,0.027015818306484703,0.017586892824001076,0.027074262287867093,0.05570011779867382,0.00859023167191863,0.0418846194502324,-0.007842899026499886,0.024934702117240512
2023-10-06,0.014312325488820221,0.0018249791251423063,-0.0004136364122689566,0.016503572140430474,0.014158124026792755,0.007424923927402595,-0.017750375838597583,0.005025832789552238,0.002360329409305703
2023-10-09,-0.0002542509682707906,0.00414179819413921,-0.0020468690570554253,-0.00657227832743663,-0.00455636667160003,-0.005729036075126191,0.026909265224474878,0.007879007203451393,0.0015518248457397652
2023-10-10,0.03678990132433059,0.01988768843654289,0.02047799021977085,0.03380887537085754,0.004429835867486713,0.00837274625738956,0.0006573051590722027,-0.0020920665731351644,0.015277102017262002
2023-10-11,-0.0004897112411180405,-0.0015228127170025627,0.010559463039967115,0.006613959144668683,0.004733402627549302,0.003033683339656703,0.025999076646144138,0.0010565237813417142,0.006474488716697294
2023-10-12,-0.032798563070409584,-0.038016828418689565,-0.03548184208816519,-0.034769257106596695,-0.060522083409464515,-0.008031461708182537,-0.015325910532718322,-0.0024976423734242434,-0.023649611537384877
2023-10-13,0.02502686444288013,0.004358899387617066,0.010784608736131764,-0.012770996172925986,-0.014209797555325837,-0.0017131416621320057,0.01765878636661672,-0.00815929732827628,0.006363272874096689
2023-10-16,0.001509535695582525,0.0016407095523579603,-0.007284946126879973,0.023266077382078705,0.0012732625134439445,0.002108864438719784,-0.004626539838412868,0.0038666316585586847,0.0013477045748739676
2023-10-17,0.03021728525560337,0.011749274825562045,0.025782665314892688,0.026732557282408122,0.05032077373468744,0.007950192684628817,0.003716750173962897,0.005236475144941358,0.015067712276637633
2023-10-18,0.028489730770338378,0.02151467035354473,0.01814978215508917,-0.010080400933384154,-0.004384181767101885,0.0034624904082443306,-0.008883282276831161,0.003916064505496753,0.005561883823926758
2023-10-19,-0.007969161353484983,-0.01036948281782489,0.0050574796991266465,-0.011540073707704651,-0.0016155885913344166,0.0005193529440805422,0.01140818030427808,0.00813426364265614,-0.0023916756804324025
2023-10-20,-0.029046806998198248,-0.021844481814914496,-0.01993862026171198,-0.017823306617032866,-0.04578557786187378,0.005854108812800965,-0.0003473397551224391,-0.0049142310164463085,-0.01134250546069093
2023-10-23,0.03488931090752738,0.031087932500806173,0.037999437951614076,0.01921993945253616,0.03274053942663609,0.004142261419705809,0.009288704169463015,-0.006168736812541069,0.01938480563310339
2023-10-24,-0.005548568138215893,-0.012524639395116291,-0.010842172719327147,0.004347134336903382,-0.0369605506356607,0.0022041049870372264,0.018876452357440867,-0.0005434081766810451,-0.001416518604541381
2023-10-25,0.01717492697755551,0.0005065213114269322,0.0038029939640584734,-0.007551144006350055,-0.02692652079589739,0.0018134562722577257,-0.013683621438986321,-0.0009721460163210823,-0.0014606505096301772
2023-10-26,0.03357900702815733,0.023723710396875597,0.032913463576774875,0.03243762722822871,0.036428232053711186,-0.012520685573279582,0.020606821225623847,-0.01245969239400729,0.018908146848653547
2023-10-27,0.010341412465749707,-0.0039690210724216655,0.003231887734875934,0.028551818087430743,0.03903126619376797,-0.004116027142093499,-0.011525686014613469,0.001164401692424715,0.0034413709198987006
2023-10-30,0.022034394279665588,0.023348052231473106,0.0005280248938829844,0.01958373276374186,0.02285640991828949,0.0068510963899455195,0.008642414588855495,0.00797883261421462,0.010953189327475032
2023-10-31,-0.012351203054547937,-0.00871415288569572,-0.012957910010585143,-0.03131822869421702,-0.023007007712090355,0.01862991982776497,-0.016133078060247538,0.0010463782071389114,-0.007945666182524036
2023-11-01,0.005948192550750791,-0.0067552736351835785,-0.018402530508061152,-0.024443665891696928,0.011972611739174648,-0.014595298786102256,-0.013674636115447041,0.02009511796269075,-0.011886577582472772
2023-11-02,0.006912377107593549,0.01692261952996041,0.009546938475002691,-0.001094366261343625,0.004210587740739681,0.008773892048885611,0.03171437387505262,-0.009008961752998314,0.013658572984848436
2023-11-03,0.008273613043088372,0.01278456642880052,0.01698598215710409,0.0017656349658925225,0.005286872167962614,0.007071924736148932,0.021741162230555056,-0.003990956009582037,0.010401899555877791
2023-11-06,-0.017222660844451055,0.009872089530684209,0.003854574524948023,0.01442728053619104,0.0031737656070150466,-5.681810105583935e-05,-0.021090496986004906,-0.018281898102526808,0.000167441577869682
2023-11-07,0.0022498333578435973,0.004060406778306595,-0.010717451521609234,-0.012799627226153758,0.015919003372319246,0.021196273898505116,0.0004163824921320446,0.005692732107122477,0.002581544913861004
2023-11-08,-0.0012529148018632476,0.02042129479791034,0.007151974447837721,0.02511908536148908,0.025019589252397938,0.002680168592425772,0.01986411377937195,0.0010024944010354254,0.010956037505542091
2023-11-09,0.025204088791049215,0.03126014191189731,0.037647566456033316,-0.018500034103283818,0.03872677990494383,0.012334984429474876,0.008986085954304467,0.0010154475742062373,0.0149248559594879
2023-11-10,0.012828414959967168,0.00574135149539163,0.022639685795938874,0.022332662668205598,0.030324830579580766,0.011668983502130298,0.02189396953755758,0.006690657092436427,0.013683704608348085
2023-11-13,0.018340449129176605,0.014450514313105775,0.033723065727780714,0.03448919535417401,0.022020581543724195,0.038217524997950246,-0.008746812493558033,0.0012139254166445555,0.01832231246166124
2023-11-14,0.034071555737318064,0.025863336222961168,0.014521453500996942,0.018912601622142027,0.023076839719900242,0.006156262198760513,0.0023343619414569416,-0.00978286136578407,0.015419675369078432
2023-11-15,0.007773561494705937,-0.0059165237261797066,-0.02003700065249842,-0.0032185979858456813,0.004077328059056198,0.008147445407152242,0.010418412034240663,0.014362901166013896,-0.0006117764722756887
2023-11-16,-0.0207314970159616,0.06763794940474503,0.032490305504725384,0.019548509103536442,0.066497409640902,0.023492322994404284,0.01585991681937631,-0.0014223246678339374,0.031409477315870786
2023-11-17,-0.011367125074432065,-0.013560429913830645,-0.012975586085540055,-0.0014401723957184684,-0.023572454364218072,-0.007540609143512632,0.002894581939063733,0.00030873493878722923,-0.00705028680586024
2023-11-20,-0.015345549590103962,-0.022965684449126552,-0.014057602602397721,-0.011663286450016202,-0.03957500155100403,0.011394288264664055,0.02876561419157949,-0.003416074953578166,-0.002402742090009755
2023-11-21,-0.04114384624165114,-0.015067667089736132,-0.027632630873041086,-0.012061068121807348,-0.0522162516858747,-0.0114146436800041,-0.0196753116677447,0.001996137785603467,-0.0199868189359459
2023-11-22,-0.0010308279059869762,0.02350605558167121,0.009812679218814947,0.030326649171950507,-0.007431719192470144,0.0005044990922910643,-0.0054679684848308804,0.011037460958624977,0.004444730230724437
2023-11-23,-0.0359573093516959,-0.03872157066017973,-0.04256548810423762,-0.025136097823673986,-0.036983150512979825,-0.017589935175825317,-0.020396735814392393,0.012397559175719441,-0.02728865814533558
2023-11-24,0.008945537862654122,0.010424860462315692,0.0052703722256497824,0.012627845655989272,0.015669112894803598,0.009631764899751599,-0.012654012903649219,0.004028421968785683,0.004450961895184643
2023-11-27,0.006534066817992025,0.011411903929361714,0.0071379572854855374,0.01921263930199743,0.016744608719832046,-0.011111146748266035,0.007067468752484924,-0.014617748248062277,0.007027622520247087
2023-11-28,-0.005904038188669256,-0.008830760966290629,-0.004831667242507089,-0.015058534787128252,-0.0025535524821168206,-0.0018190613540889384,-0.010009464410338209,0.01277843817367283,-0.007992938326526498
2023-11-29,0.011999298517206464,0.02433330320292661,0.03269204153061713,0.029898986198034133,0.028310582550487202,-0.009944810168918015,0.001095093392467291,0.006444115963126727,0.01012603472892646
2023-11-30,-0.05988373589862141,-0.029938969035688254,-0.021260836736578848,-0.03563624702001894,-0.03674639365873829,-0.007558328354138884,-0.018757411594521763,0.016194818264214143,-0.026505804835404108
2023-12-01,-0.00013668521666895816,-0.0016658887120327003,-0.010098419825107646,-0.00022772758579703224,0.020248004922975692,0.014502816078522716,0.014909568605096325,-0.013954804951019568,0.0069703994572418255
2023-12-04,0.0038039636494172774,0.0023641550729839693,-0.003204533361487619,0.0244143066160415,0.010675254391673147,0.008284817154145531,0.016737679578620216,7.54672987404789e-05,0.008068583165803568
2023-12-05,-0.015713592474038064,-0.01718455170117775,-0.0242478822548244,0.0014156619378260444,-0.006174031777485493,-0.013091833233214346,-0.020098339136497667,0.015159196733699656,-0.014894841150963007
2023-12-06,0.025750450470454093,0.01674290273446197,0.02139950820521957,0.022986912771795806,0.019823373703014232,0.00684275745225394,-0.009607264917935891,0.0012976772257463861,0.01074482240004781
2023-12-07,0.018337817828642126,0.02004633661153611,0.014788369846890474,0.035893711931226015,0.0472836157211542,0.024600185438274247,0.03172712527619651,-0.00417576039515682,0.02351972571856039
2023-12-08,0.014535061537972118,-0.0031329259400763275,-0.011052370284648682,-0.017694703801766444,-0.004788768448009269,-0.003120578717558666,-0.0197400165193754,0.001976601546363881,-0.0060907668380140514
2023-12-11,0.02172577240617873,0.0376148271374594,0.03260317576707834,0.02111462104996737,0.0533803777763366,0.010368086178201065,0.004683862444540577,-0.011654255836077633,0.020539350286130905
2023-12-12,-0.002262922801472317,0.007836194416175196,0.00980801455386109,0.028401825802542226,0.025518482682328376,0.00738170369983979,-0.001118209345232776,-0.00969352678255496,0.008717350760113637
2023-12-13,-0.01147097785722452,-0.03656626614382693,-0.03581774815474079,-0.008155690483860577,-0.02706448827806526,-0.013019667266691673,-0.0035868358509568853,-0.01190222301636901,-0.013765845361147326
2023-12-14,0.023405861406998036,0.014482389826517601,-0.0054319145751197655,0.003759009013406188,-0.003210631777296434,0.007754025737664746,-0.014148848531512926,0.019129585360775064,0.0034011871393067328
2023-12-15,-0.0034117709956039918,-0.01386187099570244,-0.02053561661770392,-0.01839102755577287,-0.006776989745663485,0.012204389952226672,-0.0013912354668995045,-0.0067708503791763085,-0.0036613169647927582
2023-12-18,0.009832651239182267,0.009516080969519806,0.010923801355708425,0.008027789445886224,0.01581379401773263,0.0015119964361523096,0.01624279284932993,0.01770347977954844,0.005854769664681584
2023-12-19,0.0007570923151034081,0.0036242185856872784,-0.004855172887753188,0.009429218547538821,0.01151084462057852,-0.005005689700329152,0.009627046866908932,0.0005058769138234257,0.002231378679329904
2023-12-20,0.007074735356042104,0.007633695496587581,0.01664973056260049,0.020370063019460434,0.014915892780480756,-0.0017980751033251188,0.00042487567502238165,0.0018328463377790911,0.006031599734343968
2023-12-21,0.006189427505329253,0.0033165869609899307,0.014227151651720685,-0.0009936824877078846,0.05265165746765072,0.011746465478422232,-0.010128519423289198,0.000992890597983971,0.0058512936949509506
2023-12-22,-0.005289275920145698,-0.020319953521565546,-0.024909592104654425,-0.010288657015187495,-0.052640504213765295,-0.02275631896541955,-0.0035446133425673537,0.0011298683624644725,-0.015061388489543057
2023-12-25,-0.007853238976346745,-0.021757670313494043,-0.009708824873201426,-0.023128362139729748,-0.0318585122285027,0.00010326809765055008,-0.07541442132344806,-0.0038792684207038007,-0.00936509742429081
2023-12-26,0.007353798629174453,0.006024481596062235,-0.00040779585309398897,-0.009134229538548111,0.0038740464110139884,0.007637901398716696,0.0054332331125088226,0.013378471429962622,0.0014208486297386962
2023-12-27,-0.01227615693811122,0.007919615072125942,0.005082762031875993,0.004965939403699132,0.029648903367721097,-0.010451239459867322,-0.0044900837386036355,0.01031097406883955,-0.0006584613733104639
2023-12-28,-0.0056364669262624345,-0.02295044939338191,-0.04003357110508836,0.002714243758109581,-0.017426317321508004,-0.013656002819351637,-0.0038323873830052933,-0.004156707366743827,-0.011181264759150827
2023-12-29,-0.015723612649615915,-0.026365761610240852,-0.0425259743280357,-0.047447663428919644,-0.02475262155517002,-0.02266532341541562,-0.006020000069545034,0.013433062094934134,-0.023541784181482613
2024-01-01,-0.004393214749913279,-0.001215404113393126,-0.006296921222159168,0.011443985083302929,0.033047588826697505,0.01693789382593616,-0.02303203676323846,-0.0031627799126556925,0.0015413127765981321
2024-01-02,0.009040590578928134,-0.01337790105389223,-0.025225302032311374,0.004980555064856364,-0.01772824504998659,-0.02019072193793317,-0.023759049686183316,0.005712333812218531,-0.012261227291823749
2024-01-03,0.005134891603651033,-0.007480922021528491,-0.02250797878942658,0.008640105064999756,0.0023710475056202603,-0.005697557465794028,-0.010253113001760645,0.014169121042026828,-0.006307831143669327
2024-01-04,0.021100896419657653,0.007683741877305748,0.009833204624186877,0.015977396485489126,0.009896860826810832,0.0046628983274495306,-0.0035065703875485975,0.0017410478341507835,0.0069973290242318275
2024-01-05,0.010961618728432826,0.011070337608912234,0.006885440604177056,0.014513386833227436,0.00936337744468932,-0.004405911224063671,0.0068262143578646465,0.0038897280077305474,0.005324552637720293
2024-01-08,-0.00958744332519701,-0.00827979055592204,-0.013215310684449654,0.009330457601767598,-0.003004499920712714,-0.0029075857986338794,-0.015376419883061689,0.007987706768107825,-0.007068202981609927
2024-01-09,-0.010640364487561112,0.0018772732783083,0.0029883231605471435,-0.03191474031116179,-0.014021157171936489,-0.0005158835370758588,-0.0050114716036565796,0.0018597988705139124,-0.006314774500489953
2024-01-10,-0.04906149387602804,-0.04367924660801204,-0.03432345371022771,-0.07901764090673219,-0.08694573778288268,-0.04110864143590887,-0.02600541557103705,0.02406198412840044,-0.04446310628371429
2024-01-11,-0.0010231560868329123,0.00906442761671356,0.005479265766762205,0.002280635607754056,0.022910659004502034,0.007012775136841987,0.006814947739268294,-0.0017679229313742502,0.005786609531520382
2024-01-12,0.01705038968682882,0.0077855698897435445,-0.04275400794020236,0.001065209452987497,0.043145721865618984,0.011295203183087897,-0.00650447455227866,0.002593165967428139,0.008582413125947437
2024-01-15,0.0014626313304570175,-0.0043430511543524055,-0.0038103819669726095,0.00918908115423657,0.009647650195397582,-0.01434824398917575,-0.02092287077279112,0.0034933011080932135,-0.006023708884131482
2024-01-16,-0.011023075383346428,0.010926599176838863,0.013061334267608696,-0.0019022261134819135,-0.009209389516871615,-0.002331625327720567,-0.0051364986681175125,0.009999151013270622,-0.0021011435605035123
2024-01-17,0.001491583948513881,0.008912172396605897,-0.014943487912223732,0.009281312780225079,0.018844168913912496,0.010185800709344406,0.01149318939568209,-0.007967194428221837,0.009790666165776457
2024-01-18,-0.004217315490464856,-0.010641530348655786,-0.02352877536117922,-0.004333483199489302,-0.007798515065051146,-0.02069958538276417,-0.013653686989753869,0.0012257764175222516,-0.01169690886532823
2024-01-19,-0.01821030237351583,-0.027354588685043167,-0.015008104109409628,-0.038400687459901287,-0.03899021238077956,-0.01161551052753822,-0.008913813526120109,0.00569329679380643,-0.01828123810612003
2024-01-22,-0.027339374705323872,-0.008105912358809917,-0.038428064539101185,-0.004726830302380517,-0.06348095619201084,0.022616525968504064,0.0019526230858431136,0.012945467750556588,-0.009518637980855688
2024-01-23,-0.006825928030877664,-0.008442659276848057,-0.015820541758811174,-0.0001555677557212125,-0.01851242605356647,-0.01332850088332925,0.0003503785501016032,-0.005721969795634509,-0.006401208557719432
2024-01-24,0.002762185755737957,-0.005244998211304953,-0.007989604517569887,0.015149735418308118,-0.0027474749363886656,-0.004529299760754655,-0.004554137262167144,0.004650828309557798,-0.001978750926611242
2024-01-25,0.008408387245480937,0.00873935892716176,-0.012409345128904351,0.023370867921493545,0.03726852672861229,-0.0086912779560699,-0.019110815209048657,0.0024856931718407627,0.0002870724684625331
2024-01-26,0.024936705295821305,0.011558124671681231,0.03019382559344027,0.009812020845158297,0.02503111705883835,0.024425281206408744,0.00939345426012353,-0.0011343787751259536,0.01660263284862949
2024-01-29,-0.008934739274041589,-0.020104449586936392,-0.030164808701183463,-0.012283842402693425,-0.017444751918772046,0.007259161678048528,-0.0029004025453882015,-0.00933899936676821,-0.0069708103713460225
2024-01-30,0.051459120108650135,-0.022665143197160342,0.03747839780394927,0.042804940230518757,0.03712873168942535,0.007094705416284465,0.033063810746970915,-0.0006150828383736745,0.029264129417035233
2024-01-31,-0.020765972545053232,-0.019535327735016428,-0.01993777043866702,0.006886862483403533,-0.02460292349235595,-0.021438310403871775,-0.012845522860188946,0.005713702231716545,-0.014975845653608181
2024-02-01,0.00796654913996918,0.01927666111463916,0.014950925702152961,0.004031977151264876,0.008353596164057644,-0.016294518512979233,-0.006855017435430783,0.001311454546991571,0.001401997902143539
2024-02-02,0.03508611065737275,0.032673217853079826,0.007975049548797769,0.0007253644901809792,-0.012416461663175924,0.029515204345586115,0.02907898709019475,0.00945539152794209,0.01971031340799864
2024-02-05,-0.0028220285543857056,-0.01585579802518907,-0.006483845571767672,-0.011113332930054742,-0.017395139598454686,0.018061661228684762,0.005359368290130119,0.012167265225009593,-0.002596286480356756
2024-02-06,0.04828685896892147,0.0282517283094149,0.03549827583400353,0.04416490999117866,0.046597817118336354,-0.03170165545089347,0.028201725640654072,-0.011810421495719767,0.032028194461014264
2024-02-07,0.0016721531239154044,1.5265882273905176e-05,0.015553258714396823,0.014342326248551933,0.007799987813226807,0.010041018223343244,-0.022510080903857234,-0.006099221673993126,0.002761671376961934
2024-02-08,0.020546214132670316,0.016217570915628157,0.030273645166052247,0.03163450731759443,0.024556363527728834,0.007039318044810014,0.011470402800210099,-0.007050212856411083,0.016786804606762865
2024-02-09,-0.018683074949753457,-0.008688622044535537,-0.0014057859302523327,-0.011858682302684831,-0.025009688781970765,-0.0049206290692871265,0.0073503649412896225,-0.0028572755439555736,-0.005745887876668375
2024-02-12,0.021167423754484264,0.018900696837341264,0.02712298596748519,-0.03576024337023107,0.07293064972436737,0.022155413737881165,0.001632395571826125,0.0008733883422733662,0.019598736633614874
2024-02-13,-0.0071370167494020035,-0.020616028978895556,-0.017272932089083086,-0.008234637005840236,-0.02055070962242104,-0.018349975625170423,-0.029894953767470707,0.021063305924988073,-0.01883407847054462
2024-02-14,-0.013662198032829512,-0.0036759565901515693,0.018625765663975457,0.009466629173753441,-0.049820420440507725,0.033939982126819125,-0.009467215292610586,-0.0034997185012395245,0.003362036607757169
2024-02-15,-0.012179394477998744,-0.004700561266145023,-0.02820032296358415,-0.01506113584502512,0.001903086416535354,-0.016282194212992103,-0.027938774446126798,0.0018843381700580863,-0.014654158213876275
2024-02-16,-0.009625813388113082,-0.019732325852531783,-0.008488339262300467,-0.004918591501285807,-0.03591681702552013,-0.015327048166321881,-0.005869300775456285,-0.005920053382717333,-0.010361974619293779
2024-02-19,0.026766922724947663,0.017426222646024656,0.0031969413410027608,0.018538401788754197,0.022511719867139873,0.0050327754235322065,0.011145230938004597,0.0037859165458117997,0.011546317163163329
2024-02-20,-0.0001972843102468028,0.02353189052130545,0.027338134806591977,0.028181692334265186,0.02869013854478784,-0.007358110465013701,0.013191059020557758,-0.0010302953088999426,0.011274211960139991
2024-02-21,-0.003415578619334009,-0.013055131515026665,0.002817284159777526,0.0038430476244470536,-0.0022659231337068854,-0.001605975887292635,-0.010507724777034851,-0.017098850152646092,-0.0013547102547500987
2024-02-22,-0.012226016664911922,-0.01811357396776218,-0.010586826853347504,-0.0029228275868476597,-0.019398623112139073,0.011543444023934087,-0.006427907229606672,0.0004546642998153929,-0.004947150536302895
2024-02-23,0.020137371949285776,0.014877173027017269,0.01490060084246619,-0.005508525626559304,0.002125276209292194,0.02003344333373121,-0.016119131535202707,0.00878847361615846,0.005514208264380882
2024-02-26,-0.01231202102409846,-0.017478699839885238,0.0073273702564517745,0.010746103668871994,-0.010446183760781455,-0.0004799373587912646,-0.010175744914038935,0.00234042360320297,-0.0047089627426814724
2024-02-27,-0.0005123528548762222,0.020443275030958444,0.011233989949849164,-0.0018449477188603753,-0.012343943535959648,0.0046592581637781814,-0.006497559829631761,0.0002746679103481091,0.002581710959526788
2024-02-28,0.013047883863126873,-0.003115948332082512,0.001444759234536467,-0.0018870104337622264,0.035123717428830255,0.00390383182517774,0.027827799305778483,0.004818256092430956,0.007812854159925487
2024-02-29,-0.0028098383162599785,0.002258241898211854,0.014024273409275506,0.016154680212600796,0.01787767530925802,-0.002595156651001832,-0.00333943651440889,0.009343797517409097,0.0016979845828186417
2024-03-01,-0.009584099748804304,-0.014651340551956061,-0.02093488053653414,-0.004265380493317873,-0.034213129736989756,0.005955180787216177,0.008454354231389134,-0.002837732959654161,-0.004671216767256038
2024-03-04,-0.02491880694848211,0.0024113425287287035,-0.0005792179595911721,-0.030823396486197772,0.011041738778309787,0.007063493514121002,-0.004959799909797245,-0.00703030973550969,-0.004245469786236585
2024-03-05,0.04347748153578771,0.018783742519171472,0.00715713606715138,0.022643692045412188,0.0060961542479739655,-0.0016829334543239074,0.017295952322192006,0.0009517020058931461,0.013917994789997072
2024-03-06,0.0011959152324120584,-0.004019499951456185,-0.002897861860502653,-0.011660472987097171,-0.0155062121774952,-0.008113763160387573,-0.012921896406857569,0.009669512032730828,-0.007866802337359358
2024-03-07,-0.015572326391876268,-0.023776864806455255,-0.019645704098550987,0.007926258487118277,-0.03916914301391675,-0.007608560240813809,-0.004280440193683087,0.0019176442817445765,-0.01088156986067058
2024-03-08,0.021246711545207707,0.01958067108722153,0.02578400688826294,0.02807088781344203,0.04915295226684078,0.028312881391914183,0.03235152022607613,0.01605656246782071,0.02224734814525982
2024-03-11,-0.010934915371554894,0.00252933515151317,0.006848958178998525,0.02464349044621076,-0.012017833280593974,0.007267045046470491,-0.00629813164819127,0.0038707776381869457,0.0014092009737409806
2024-03-12,0.009330050655033303,-0.009581674507485748,0.004852140536674813,0.0027864787927857847,0.004485586586809042,0.026158543062145094,0.006593526120330592,0.0022688540483411157,0.006787800497535703
2024-03-13,0.004366098325342866,0.028381721550605685,0.01887684264131009,0.010749476944035607,0.05722216718163611,0.0008072202449449777,-0.020206187749080586,-0.008226403161069205,0.008337627476119106
2024-03-14,-0.030875390742800442,-0.02455909921772483,-0.022541002295135674,-0.00897492077876899,-0.021530468195081965,-0.002050802799218432,-0.027246041875942643,0.011347283206890576,-0.016398479518849044
2024-03-15,0.00783259223045706,0.010249037550813356,-0.0058954841499833386,0.016758794373872052,0.04345721636110099,0.00585164565831284,-0.005673863465735006,-0.0016141243558977004,0.006314323842059166
2024-03-18,-0.005484718409794968,0.003907766268252558,0.004180530986916956,0.014098008983896316,0.011442555737747582,-0.01063108188508559,-0.01172855126528477,-0.004424196277737641,-0.0010748973335277963
2024-03-19,0.032528789886653996,0.04417753677342668,0.043125154276988015,0.039686184162406726,0.03275730787404382,0.017448199647754164,0.0025174407620847943,0.0076157113329514995,0.02308694153783971
2024-03-20,0.00765468206629556,-0.0046086143864496375,-0.0012603311561779893,0.007931013812441965,0.021542383216868476,0.00018932249295017803,0.010089152278546107,-0.005235888819198799,0.004673961147970009
2024-03-21,0.018550293077733433,0.016387150725501103,0.008228954792578215,0.00959368735430786,0.03896052596635323,-0.008458865422477401,-0.01459705124969229,0.0039972743518341325,0.003860798481308138
2024-03-22,-0.02475652164728639,-0.0009889407155939597,-0.018103691092169968,-0.01455640827989111,-0.03060475904935769,-0.00976018181705471,-0.018070967982481183,0.008229064843151893,-0.014456354550483972
2024-03-25,0.018223034467433303,0.005470070956521771,0.030596573983623726,-0.007297780113400551,-0.01173417887220062,0.028889238232779845,0.02212842977832502,-0.0004414789279111877,0.013990138646850654
2024-03-26,0.010948165098950384,0.010936938253694298,-0.0015276463944753926,0.01624316177475512,0.02596602956243993,0.02110078901941614,0.03332632377004751,0.001326173203847311,0.015250267624570034
2024-03-27,0.0321373816671499,0.010124705604182301,0.016886130741582687,0.013556868880451961,0.01909787586921518,0.018120512482511068,0.01446050036861111,0.0014494780887375752,0.015325587675731188
2024-03-28,-0.002197377912741,-0.010005589517550694,-0.008782348245894987,-0.00860894278107339,0.023124439000323835,-0.005822944082742841,-0.03245543918505365,0.013874550217039166,-0.01061226665416104
2024-03-29,-0.0014377909868692708,-0.0057206503681441695,-0.014177472618404005,0.01696543320788431,-0.0013053278873842574,-0.023284095765576565,-0.00657206513123665,0.012144762147872445,-0.00791450326238125
2024-04-01,-0.015029598201037643,-0.021103107717806973,-0.026201433229636955,-0.001040707540842133,-0.024660681436760933,-0.027644038369170478,-0.009384955501779604,0.00511667732250885,-0.01647343562508981
2024-04-02,-0.01712526754525838,-0.023331925043065783,-0.006131300824296779,-0.011512114889367852,-0.014139048720854065,-0.0024475188827575256,0.0009436762157869812,-0.001448488194889666,-0.008073102869929173
2024-04-03,0.021420128782868718,0.030609296602319997,0.009943061908839205,0.016967719967705616,0.04618645056728566,0.03115690837559193,0.039613902060699424,-0.010492739916565737,0.02616118095374073
2024-04-04,0.001907263027519993,0.013355790840696123,0.017110974562392987,-0.004640383993842127,0.020644574583967186,0.015560979080528425,0.007348293654085982,-0.0038399173488348932,0.009034266473095465
2024-04-05,0.01293089547755823,0.011228070145329918,-0.0004364059499444551,0.0029211339800761927,0.014505187617804425,-0.0038351020233394514,-0.00036022247289386057,-0.015541194297300038,0.005495283507961137
2024-04-08,0.001153629283400192,-0.011513784040845512,-0.0336518689407515,-0.0024079023845889483,-0.004332803400419501,-0.0012150998731841184,0.009422630148638814,0.009725388037965379,-0.005291130718730331
2024-04-09,-0.003610901450991647,-0.006945423762009059,-0.0004611262777110003,0.013856792424515239,-0.0027437895480591557,0.018121573533914657,0.02568300260759123,0.0031855946051724403,0.005011896224393265
2024-04-10,0.0003695439897948363,0.039362262951890895,0.021796557043942417,0.05603149875906102,0.0511581623550288,0.009158668500532187,-0.021136446275352425,-0.001650580484859381,0.01851745122503526
2024-04-11,0.008073936553851472,-0.007593995510610495,0.01675491328899658,0.011512231138297063,0.048767834645099706,-0.010691893165470673,0.015813817711202906,-0.014977414523665723,0.008196147508484596
2024-04-12,-0.010267768778218287,-0.011746400913477286,-0.015085290230006928,-0.023119362546268743,-0.04261726002385161,-0.00980588528451563,-0.003486125276967916,0.011930920494082037,-0.013381702627571877
2024-04-15,0.021448850986243696,-0.002250161885111372,-0.0014129669497335434,0.012471661347794736,0.017450410649209144,-0.007130118020934638,0.010654237757965443,-0.004598716644251126,0.005582565886812325
2024-04-16,0.009461967044711847,0.0066062901572174725,0.0003499716403954655,-0.002198329945442998,-0.012363526823313683,-0.002462961849727696,0.015124651374107193,0.0014027838989635593,0.0030030481182200296
2024-04-17,0.009975609274029388,-7.909031027777589e-05,-0.01590269937319821,-0.014589827329826962,-0.0158671234244527,-0.009361449063336618,0.00980857485695547,0.009061610156594601,-0.004230849320942005
2024-04-18,-0.012597759393451051,0.009943479761409689,0.020611457884520845,0.004793051329459352,0.015035848873014346,0.016478001469322465,0.0060525377715499925,-0.0025297791203526478,0.007585327809674963
2024-04-19,-0.04075415082642176,-0.026237047159404704,-0.032723364778458386,-0.043354216403031165,-0.042292372003542134,-0.031510451767228276,-0.007559739681512247,0.009875311558039813,-0.027764467371946704
2024-04-22,-0.0002436720234311843,-0.013480795437941508,-9.586096051247773e-05,-0.002734134451728656,-0.0022532423066447876,0.0052826387681260915,-0.05458169759009984,-0.012031978117807417,-0.0007320973397833036
2024-04-23,0.013020866844811558,0.0028308382058305414,0.009017524584118964,0.022716880824524742,0.03620394998188494,-0.003326416421197624,-0.020703555088839885,-0.011639385395946654,0.004854854117463995
2024-04-24,0.02666586569026063,0.009759212665815796,0.005254521971403871,0.003798524420828747,0.00902017651895346,0.006015213373029122,-0.011765215357221125,0.007561163071598148,0.004263867201174204
2024-04-25,0.04460083954891662,0.01669120881458462,0.03729731881404357,0.046183069347795515,0.04214767519272822,0.008956027778561337,-0.0035747929982273066,-0.012102706936475386,0.021735543558729104
2024-04-26,0.0012380587227064192,-0.017174361205944167,0.01483885104956532,-0.00434002078114623,-0.0033287987179003178,-0.00762050927644877,-0.006828789312354927,-0.0022452635888468055,-0.003614150577685391
2024-04-29,0.000615674042059213,0.009769557595924414,0.008517960402015662,0.01538066502163918,0.011450001023459696,0.005240333634769662,-0.0004737032542953144,0.007529698843823946,0.004367840396583232
2024-04-30,-0.0019151624841431364,-0.003206260241515003,-0.003604533961908591,-0.002440947949968006,-0.004690576075531642,-0.007842570186421403,0.0065377590267294075,0.007870710261593312,-0.0030960579347594185
2024-05-01,0.036148246357771974,0.0012497352230684113,-0.02228419026132276,0.001116432125429753,-0.03516257642537941,-0.015442376541958453,-0.002933237373494143,-0.003695717623494898,-0.008169505387116378
2024-05-02,-0.007678334974651585,0.003369066452824499,-0.009871415725964644,-0.004474061041077205,-0.018015204901628064,0.008575279664910663,0.014456711546742522,-0.015347305258319573,-0.06838093659454686
2024-05-03,-0.009899705728676413,-0.04964901139864109,-0.014739092898142587,-0.003936016209015115,0.03524171446033096,-0.0023433487373510633,-0.009654915245282374,7.739245146724086e-05,-0.0038769174160162637
2024-05-06,0.026430325966709693,0.021437282083318077,0.007360879666491523,0.003794953520028654,0.024857885885826998,0.018853030796937686,-0.00434222692031223,0.006734131856657469,0.010680720989127385
2024-05-07,-0.01553493516359539,-0.015492287496623496,0.006215507881726002,-0.024495929817654034,-0.03175721329662817,0.008460685156893959,0.005623099845348497,-0.005781990620418665,-0.0044714383594628
2024-05-08,0.018728234294465546,0.01649806491865607,0.007428494373140268,0.007175573934552987,0.02505703895720748,-0.011151851573319207,0.014961274083602052,0.013176216766216067,0.005921519156633714
2024-05-09,0.007154108724514523,0.018470760017671534,0.034125844868676314,0.039269134407554425,0.0006264023188399602,0.003689009305455428,0.01094457357400746,-0.007534593807106349,0.014598325415220496
2024-05-10,0.029612492537406936,0.01073497364344469,0.011236178094033392,0.00517992828755858,0.018767886699623412,0.004384063886015835,0.01765927390763966,-0.009642024376225031,0.012950785368223963
2024-05-13,-0.02742846388353342,-0.029816031411441526,-0.031372948426581754,-0.025451702105007454,-0.06017940682019371,-0.02543635352508465,-0.02666541644792353,-0.004550788219428576,-0.02543580419390701
2024-05-14,-0.06562660886146889,0.0015816025203547054,-0.012013872605705137,-0.01008447465231593,-0.018827336440978865,0.007639376719342759,0.0005208652564309154,0.00955271993932539,-0.004172408354576946
2024-05-15,2.270746420959726e-06,-0.006333996143293237,-0.017281788884232156,-0.008946454490821786,0.0214077333942941,-0.013447141148751125,-0.008961557968362696,-0.008937588250141511,-0.0053051560241372305
2024-05-16,-0.013012810010301683,-0.013604751016665015,-0.015608520934168878,-0.016033183145256202,-0.04986838253453557,-0.012454807313061542,0.00035111032969137497,-0.009376328792614404,-0.010620068428405391
2024-05-17,0.00603829428497072,-0.004643979094900237,0.0021961778167927572,-0.018538296093844796,0.01218430930319153,0.004856346259109242,0.002985585033750653,0.009887770847197802,-0.0009322596941994407
2024-05-20,-0.010024941590953294,0.009107431739495589,0.02339474278363946,0.00025868994832430503,0.00467060355760462,0.01465093193628675,0.005590178286934512,0.003499959896181113,0.005785489623777849
2024-05-21,-0.00904510458029309,-0.0010721437605263294,-0.002751733926550625,-0.01853397215565729,-0.027630233943740406,-0.010211172031092425,0.00786026257995603,0.009034629528513496,-0.0070620287673179
2024-05-22,0.008635839007539657,0.010675934623265793,0.011385368029648808,0.01481535718768331,0.024858646284990023,-0.013909802679166878,-0.015529184229572862,-0.00936107712177978,0.002575734672404578
2024-05-23,0.030048599324271997,-0.004352737671381073,0.021022227521165695,0.013379930630564562,0.03841583506897079,0.013374735947950446,0.027210605726260644,-2.661103040337969e-05,0.01600214501838462
2024-05-24,-0.0009909138755812507,0.005408291388816709,0.0006717378159195346,0.010198980892342766,0.004187012729215624,0.020659591744248345,-0.017328066834545464,-0.003212069878008896,-0.0017992941377974598
2024-05-27,-0.033687407026980094,-0.031179439656812396,-0.04822683173377931,-0.04303421295678369,-0.03177540999232602,-0.029007477468500784,-0.00834196476744117,0.030821329578104035,-0.03094376586650353
2024-05-28,0.003227970547780633,0.012124968163757022,-0.00691564141825526,-0.016670664496675154,0.0015104729600004113,0.0055431221809736034,0.017597155083147496,-0.005263765854955794,0.004254643407304209
2024-05-29,0.0036794799353862735,0.0011766338474053066,0.0006943648464080032,-0.00912625033432982,0.005134553698685907,0.0030689196611693344,-0.004248920823879142,0.005693890403752995,-0.0009422226040838178
2024-05-30,0.012820810694090247,-0.0030663481234105726,-0.07384949288865221,-0.008870708638640203,0.004109944762641409,-0.009490170367536079,0.013976952072856628,0.006888319925156549,0.00020511716296075854
2024-05-31,0.019423649866418043,0.0101209027162451,0.005743923618291364,0.031812596616230746,0.020471012143925625,-0.011348480210205753,0.010347218596981733,0.0001133225166711536,0.008439208999123777
2024-06-03,0.00515859816679435,0.0034316312825144997,0.019851076638711197,-0.010071865818757271,-0.00385456752875351,-0.008198398040652984,-0.03132851904863063,0.006770876179529329,-0.005979503948690724
2024-06-04,0.016842207094231915,0.01589283901608342,0.019964771243544087,0.010742117002110417,0.009430053932606102,0.007773115130075945,0.01833002715459972,-0.003067630430050904,0.012845153601585776
2024-06-05,-0.02027567537569993,-0.011025753455060693,-0.017261676569933403,-0.01537274901430847,-0.0266027420288155,-0.01169456498166799,-0.003293438918436536,0.0073414038703064925,-0.012758649254643505
2024-06-06,0.014242309705490399,0.027845780093261486,0.011088612524252764,-0.0026613868199923006,0.021461246275487938,0.016533905062801495,0.018883365457649095,0.007422723262760376,0.012721140745789807
2024-06-07,0.022973450955506087,0.019382671578981638,-5.746826081917244e-05,0.021434528099409725,0.027997044384218635,0.01095819348227746,0.020169302909395607,0.001534167687515309,0.014541117414783507
2024-06-10,-0.0016497303989495221,-0.0192789013582645,-0.005037376897427706,0.008225574483433157,-0.03100602950369954,-0.009950824907591058,-0.016485408967453142,-0.0022401956322755314,-0.008456481020796673
2024-06-11,-0.006941988864926651,0.002985125890801717,0.011882232318352521,0.017213013717442348,-0.013499933988778688,0.018721723159124945,0.027939843842086122,0.01183252153056093,0.008414643443365899
2024-06-12,-0.01238823885681554,-0.019259447537379407,-0.026513251413217136,-0.01866345153369492,-0.010987803533197274,0.009862839958069233,-0.004878656422693592,0.002467173601233784,-0.008691156764796029
2024-06-13,-0.010332274486811675,0.001664257968051062,0.002659342352739559,0.0009124882445429271,0.0041209712425693155,0.00654720606351437,0.010081251844812495,-0.007020939688881636,0.003348621155052472
2024-06-14,0.005377250810714635,-0.0011346139770025295,0.0030126836364708543,0.0061166184597735125,0.02395782030901789,-0.01205469238294279,0.012423635141892557,0.000707804721023394,0.0023861571890587646
2024-06-17,-0.00859450710312781,-0.016917639447820033,-0.031234256882408634,-0.010213480909716733,0.01314268468425253,-0.026782509834052833,-0.027246143881192796,0.010664396257058513,-0.018082992745700573
2024-06-18,0.015590787901195861,0.009477724997622972,0.002815541555849914,0.005213965271104159,-0.029368789191286746,-0.009852502943069065,0.01110576859518825,0.008939124609341527,0.0011587027569972346
2024-06-19,0.008649220215503019,-0.01964929409421428,-0.017018737974414267,0.00553318703388186,0.020780844860273765,0.01547641286752825,0.0021536023281411207,-0.009548719130105366,0.003185358379730413
2024-06-20,0.0011341871256537017,0.01876219215699751,0.014106618416378645,0.012129618943438955,0.01804237852655031,0.008555011601390418,0.01305399443657304,-0.008060551648895421,0.01119291639756463
2024-06-21,0.025047395905664058,-0.0016952843585595608,0.022333212277435854,-0.011220812431854842,0.0024827049575541524,0.018433418058901817,-0.004160036726401653,-0.013351983788339314,0.011328424792136109
2024-06-24,0.0020548613741201587,-0.0008717400317428156,-0.006931888155022417,-0.00258910769099009,-0.012307213443945501,0.030676173446220412,0.010198062873324788,-0.003869409276065894,0.006619868478017295
2024-06-25,0.032215482687259066,0.0031196948641369357,0.012878220278145343,0.00986148672103813,-0.004135814167102675,-0.002643616349473185,0.006652569440905327,-0.009179122311101412,0.008488332250085516
2024-06-26,0.0313724120185391,0.02312437404225954,0.005056093685307411,0.006892775240104212,0.022549429839102006,0.003536284866173051,0.006951872861966864,0.00014737649957535424,0.011344628840804213
2024-06-27,0.000807407147795766,-0.012345846493423926,0.005232413457706357,0.01310259439108746,0.0039289645562140185,-0.0029235605410050567,0.006642440974332486,-0.0011270588925922755,0.0012583666630380692
2024-06-28,0.0108117680258531,0.01757980620990114,0.028770641837320886,0.00949636380008847,0.027542604011865247,0.009405789839500743,0.007312621425191323,-0.001734124875367049,0.01234480431751769
2024-07-01,0.004607924252048403,0.01170923276057142,0.021422925505122297,0.0031310070672933405,0.011271217867716853,-0.0013347488294465767,-0.006654172716774381,-0.01525343957753848,0.005911129246232505
2024-07-02,0.009327432513978606,0.0046833858645436805,0.004764431983405904,0.010680310711757618,0.03601537535170367,-0.002810223342828618,-0.016606768354365416,-0.0009084480517192812,0.0022154440200618346
2024-07-03,-0.019603345290167613,-0.005507393677537403,0.004940097445528748,-0.03433074629956107,-0.01120220949615833,0.0034068791851390163,-0.0034716868279945695,-0.004404528300469676,-0.006455257605569357
2024-07-04,-0.004922387651900432,-0.006514688394779502,-0.010445777852874979,-0.011307860949002832,0.010681273783140731,-0.0181418194735864,-0.032531683645261954,0.012515835333729235,-0.013871049781481435
2024-07-05,-0.005974758105872667,-0.005048801938749327,-0.0021402650412039033,-0.010469477387927917,0.0010618830060647542,-0.01402808462337339,-0.010882133508673996,-0.017395326070516685,-0.004902096521931253
2024-07-08,-0.002232879153884017,0.006333349392034985,0.008524515309774522,0.0115350898640149,0.007617115186720605,0.006364256281978415,-0.009903343712738039,-0.010660929032509727,0.004068426770988632
2024-07-09,-0.011117112458069721,0.008978690868811005,0.007068518081927165,-0.005777938924084499,-0.004719668209449215,0.0012621953903653703,-0.0005011660083020136,0.0019784115862423,-0.0005886897342259089
2024-07-10,-0.023655863563687693,-0.04005299444026964,-0.03368601252761825,-0.02449872869087629,-0.050877740413826034,0.004963832760737243,-0.002275656627889528,0.01607428510472783,-0.018771737357918893
2024-07-11,0.019415973218618068,-0.00048753641212788325,0.004127165755308054,0.020882143490043636,0.01992338029283299,0.011356936047993933,-0.012392007028453854,0.015391746395715325,0.004175758364562803
2024-07-12,-0.03430533701768923,-0.026717208791536728,-0.05057305979116125,-0.04813730297503998,-0.007436354459865624,-0.019321387212505897,-0.03320988114297785,0.006795227819145221,-0.02887616391458906
2024-07-15,0.016121701246201284,0.0008784237222734642,0.007001930666014434,-0.00792181307048729,0.05401985249794905,0.009019662619642412,0.002282352915160955,-0.0028222932368995985,0.007444111901344741
2024-07-16,-0.012548236372367193,-0.017140488451235742,0.005104105141657724,-0.01438601797039507,-0.05399010287641568,-0.01736377381409172,0.004716521369602544,-0.0006570466341804493,-0.01041509357970839
2024-07-17,0.021506603329978335,0.00575600584813483,0.015104185510755815,0.003789855266342352,0.02753484839989886,0.0006545445537266798,-0.0009323566634208207,0.005635605663910154,0.0061090303605845645
2024-07-18,-0.002044859522123821,-0.006517611116396388,0.013012196990705972,0.008813493732381033,-0.004816382648357407,-0.007325502493947146,0.010684458148943856,0.0010927891096926766,0.001028312540607649
2024-07-19,0.0029009873495799664,0.0059888775428599455,0.003621526797954395,0.01908976312768007,0.03316419040484629,0.008440051713321834,0.02175109493559369,-0.0005316497577644458,0.010686579725614553
2024-07-22,0.018589960023432883,0.024221292791143444,0.028787362336443252,0.030703277875652885,0.07088896297752362,0.0014435308049757028,-0.0389803615512232,-0.004601179165320009,0.016595787876002653
2024-07-23,-0.03420562573547528,-0.09749123481331752,-0.023056852835474137,-0.016012438961527854,-0.053622084503462834,-0.00048565695303596964,-0.013446144675301528,-0.007171389758266343,-0.013695454035018222
2024-07-24,-0.011486780360452201,-0.01399581975962991,-0.00920419807686158,-0.0009113532607081265,-0.02864215138629625,-0.016013673610197638,-0.007806035851461557,0.006706180844745164,-0.011258941682450565
2024-07-25,-0.018023462055436538,-0.015454373165431596,-0.0005652573640883933,0.014547030341149294,-0.02871662897205925,-0.012701913325277944,-0.0019534749266655435,-0.0031669415670746103,-0.006809544483710941
2024-07-26,0.005185072055131149,0.02128708909374831,-0.00025580839514388533,0.027648764763650517,0.009627003509143863,0.008057418479370184,0.025810816325726273,0.0009490382576921445,0.012622134184207054
2024-07-29,0.013540443175144107,0.007294838686170757,0.01307230267809872,0.0076252371342297965,0.030531880685455055,-0.013390982317003317,-0.018081230406014455,-0.012502517520521473,0.0025688927747128465
2024-07-30,-0.026105502445246453,-0.025107250588302682,-0.0331529699207578,-0.007903288184707877,-0.05150463961431223,-0.02545665942391766,-0.010957555059183145,0.01890393220215148,-0.023057335875377515
2024-07-31,0.00019007150051451145,0.015007552040967978,0.018719593517855265,0.017154985370294307,0.006665481740125585,0.009579055502796698,-0.01284800147359536,-0.007256450199969555,0.006785388030422236
2024-08-01,0.023838008224018065,0.021120273458726527,-0.0030191072363812527,-0.0027723235895938786,0.006533538136774517,0.0034611028158572955,-0.012432821704077996,-0.0038501669751316034,0.004694757962897708
2024-08-02,0.007943096184486262,0.008007806148904215,-0.004534779504225455,-0.017135893422340398,-0.020560952029320373,-0.01970748798192672,-0.005982109238110789,0.0034977672913219433,-0.006731034903753021
2024-08-05,0.0034820677896587773,0.01923436221045252,0.033804739474966865,0.028807181776067677,0.02460846290383548,0.015677820572296105,0.026575620669027234,-0.02038505227125608,0.021052487579654222
2024-08-06,-0.008732592757468075,-0.011708890826736883,-0.01295972132521242,-0.006665350941183179,-0.03424180222489793,-0.006891606856988512,0.003183914310674798,0.003549658265028375,-0.06748142633488091
2024-08-07,-0.0048412550971610934,0.0048577053165651495,0.013385692531970212,0.01757742516376353,0.016603507646351136,0.013295164033898717,0.017196287798499802,0.02172718917338285,0.006590711224781873
2024-08-08,-0.0006922835659980675,-0.010614879016628399,-0.009499253916437862,-0.011382173948361047,-0.0014693874912617734,-0.010979537514471354,0.010381344257196432,-0.01009734787063904,-0.0028444620501769016
2024-08-09,-0.001510206494412832,-0.01037612920776569,-0.020424393132562606,-0.018931564572210673,-0.06744511407168785,-0.0030190953007492947,-0.010138527573875962,-0.002777698069686597,-0.009217487402637121
2024-08-12,0.01876255564307893,0.02947071054339012,0.02362686864811502,-0.023137665368537015,0.03222549648408637,0.014744041203339607,0.014546984375235864,0.007485455623420991,0.017395017460216818
2024-08-13,-0.003263135546105874,0.0018834157264838657,9.952092264239605e-05,-0.011705398287771512,-0.026747901828864048,0.00998789540124418,-0.005265094836465731,-0.015259576158613584,0.00022153236832206206
2024-08-14,0.008968713277091913,0.004889380033616181,-0.005080131338661068,0.0007627173705862527,0.027102702916676297,-0.019130714744060487,-0.02900618285176668,-0.004434304577510009,-0.005121874430187321
2024-08-15,-0.00788075039029577,0.002247072781342831,0.011482840845953711,0.006341651144519631,0.01291573332255041,0.003595970221148342,0.0011873305683393566,-0.011233679117491562,0.004200009797708426
2024-08-16,-0.022954946337583167,-0.016825455339956864,-0.012790055374324222,-0.033795543718158745,-0.028669822027607025,-0.018271105832623074,-0.024546532681306122,-0.001985646590549504,-0.01909135872682518
2024-08-19,0.011573476917749674,0.006038405143503672,0.01508461502248418,0.004407482612111819,0.005968856629025413,0.02793033191253782,-0.007957668251909984,0.0034121188638253017,0.007462844865519289
2024-08-20,0.014380766838149638,0.006068782298996244,0.022402197121398407,0.00902138584658216,0.004984934714136229,0.0007148028596461916,-0.005050159672423324,-0.009812258438784121,0.006752609137111896
2024-08-21,-0.012769330746916338,-0.00866449980766181,-0.023889849279067763,-0.013715978270617454,-0.04016155066649468,-0.019878526259163438,-0.011339823428597785,0.011642545847144907,-0.016244953799194307
2024-08-22,0.009853055400352261,0.005321034580669643,0.00169994387993236,0.014655130860361897,0.0012515985787202198,0.013559648212121371,0.02345040222331526,-0.00840127937308545,0.011410713855696796
2024-08-23,-0.00875214813724076,-0.022314903514047735,-0.02066358484002786,-0.0009447236404208821,-0.03860304471680649,0.012076492316945254,-0.0021563275351183958,0.01997398083085562,-0.009153895825878347
2024-08-26,-0.0016665870103948943,-0.011249286468994361,-0.014758470283926413,0.007202160169660402,0.0007860178713144151,0.010757491305273363,-0.014210358143944475,0.006853823503598042,-0.003620549734900804
2024-08-27,-0.02271506552143492,-0.012263421793357309,-0.01000399817035855,-0.012407968853537057,-0.008245141981326982,0.004971208397273949,0.01910466515988209,-0.008140840658332446,-0.0021086341029685667
2024-08-28,0.034073869817642634,0.018829032329360812,0.0006912083379324065,-0.0022198839017043303,0.014833989498565644,0.03293481163949946,0.017890335696639812,-0.00842151714941774,0.017947218502012016
2024-08-29,-0.022457612964040634,-0.004864791485668782,-0.008949999295494719,0.0162285634889019,0.0018113376656999844,0.006036404866906354,-0.0032571707186647984,-0.00789596447062459,-0.0009107194287763516
2024-08-30,-0.02327823010675561,-0.005006342325863933,-0.012415257861636077,0.0005417454371368492,-0.012654091836409228,-0.008976039663943879,-0.02188988066547455,0.004711310005476414,-0.011605003681334623
2024-09-02,0.016786044607745593,0.003301775998256859,0.01239398306922131,0.029649473153704052,0.025212239998255743,0.015170356535977333,0.015528274296342645,0.0144150095573712,0.011928336938261551
2024-09-03,0.013219129537485812,0.008635879101240753,-0.0003349658931867858,-0.008927191225469094,0.030238095327321426,-0.010331451765136498,0.006311232204663234,0.003522092468276182,0.0020024975816805013
2024-09-04,-0.008205650850785845,-0.014263581296973636,-0.00638807404562155,-0.012922941660214049,-0.0373159872759542,0.02156220295524253,-0.0018894628204913539,-0.007830282846568833,-0.0021187264042265615
2024-09-05,0.02297136388586959,-0.009058245650664246,0.012288748964619213,-0.005330525647283473,0.012307533374657445,-0.004307479108623285,0.026543536734291894,0.0006490284708729718,0.006512780640076016
2024-09-06,-0.004437735856999062,-0.0017382862488891976,-0.00013381982415463015,0.00376888995916663,-0.0014525553414156613,-0.017997610538128043,-0.012716703303499326,0.006228653765518693,-0.0070019413934788105
2024-09-09,0.012739762225160508,0.00908818631335367,0.0059141559784372175,0.023136709189726753,-0.01346520899918536,-0.003778576971524977,0.01689572938119421,0.014140704869552954,0.0053047005015457145
2024-09-10,0.0017612039424286744,0.006591865835964958,0.013284181736136276,0.023167630899291893,0.019638321026913423,0.01456613960306024,0.012804822954449459,0.003024481170012855,0.010486449127366713
2024-09-11,-0.0049337683247180925,-0.009030428357807884,-0.019602836753711276,-0.03157880182188688,-0.027541331750599557,-0.0073550945906136435,-0.0025320466382749403,0.006793975188444555,-0.011548500362156254
2024-09-12,-0.003658471358841927,-0.012637232073992912,0.0010491185265040558,-0.006423366850223385,-0.0165119576529913,-0.0037418143036634485,-0.011788669040163098,-0.0034234767795278866,-0.005895145422250822
2024-09-13,-0.010306782608478605,0.004858304449283632,0.0064367217463903665,0.02225878820407843,0.03039505986764272,0.025548324450214425,0.017709849889591057,0.0035918849317937308,0.01217014652125915
2024-09-16,0.015442549193066531,0.003077445185023375,-0.010827595721283247,0.02007798074025704,-0.011696900387215582,0.008504247580320319,-0.006773043494187388,0.00896365427890341,0.002102240905977223
2024-09-17,0.010206835058190405,0.02120013812153137,0.01517955140794958,0.04308555155890982,0.043824841895238484,-0.0053145938699121365,-0.00017000047925035773,-0.003178780442196021,0.012009668941231821
2024-09-18,-0.0283561726925234,-0.014351771624933814,-0.030147482060629276,-0.053316183165671285,-0.047243901506021056,-0.019578166348131046,-0.022821871134081795,-0.022218306068945707,-0.021524667363191592
2024-09-19,-0.0021897387432266474,-0.00846176583811425,-0.001437125460868854,0.013240812205269306,0.007857418893501564,0.01227209025314974,0.01922956970516657,-0.008336144635937055,0.007003508252888405
2024-09-20,0.01842594168889754,-0.015235561593224407,-1.0986545704946013e-05,0.01363374997484389,-0.011336697095390865,-0.009076418510561032,-0.010582929484585205,0.0029921188424810925,0.00024185188507608253
2024-09-23,0.019082326593548922,0.002490476294329659,-0.004976698653839814,0.01016372024063156,-0.003446501453583132,-0.003991740855092203,-0.024857945307173994,0.0021809610389292213,-0.0020377616630946095
2024-09-24,-0.017281934125424007,0.00026786051859774794,-0.004332184461805205,-0.027284158789756353,-0.03156313346057249,-0.015770841557849805,-0.011756146173555157,0.005018757833471311,-0.013038823843697067
2024-09-25,-0.0243700232151852,-0.021593579956610542,-0.028323859420738822,-0.038813508905572586,-0.036649266781969524,-0.009403039510270036,-0.031400967299102474,0.004245667725904369,-0.02271039694082447
2024-09-26,0.001081637229070978,0.015361999078751166,0.014597136056441123,0.013026287447102864,0.005944845641464002,0.004310622683698953,0.01055806520544422,0.0022366605273292897,0.0075858410225990375
2024-09-27,0.004707173833387788,-0.011606656225310784,-0.014081308569356518,0.0009017958924474939,0.00839416277560244,-0.00025817150155681845,0.018777273107347534,0.005737832936351068,0.00045244185594780226
2024-09-30,-0.020641400430528783,0.002761624905065258,0.005506378483241457,-0.014982547465493157,0.03894110455750229,-0.018771738563076266,-0.027765247060130387,-0.02283413351609607,-0.002538815106191036
2024-10-01,0.012452282080426012,0.009646814625537414,-0.004823054017368537,0.0037108310732320775,0.013133990319918076,0.012527520910882519,0.010035812170447262,0.00469816086559526,0.006902787111411086
2024-10-02,0.02171239767202794,0.02190686092665325,0.005099685376606207,0.032092723519380265,0.05195074620579531,0.012526957783497232,0.010791522855048334,0.011813203675401802,0.015029855926597011
2024-10-03,0.022766158618724833,0.010018791865576597,0.02302792712090884,0.01811905349356594,0.003359591035723352,0.0015392517509591945,0.017526072936841438,-0.004354037191326291,0.0124461398869266
2024-10-04,-0.010206897763552908,0.0006853561863202472,0.0172489953942724,-0.02297889059119973,0.04511693609306833,0.0012485803950115766,0.006998348521427118,-0.003303406873425577,0.0022882660040361795
2024-10-07,0.004268626234635017,-0.008859898669659829,-0.013286878855090365,0.008023922059425825,-0.031449554332578025,0.005221289563636904,-0.0024379935196393236,-0.007587350919278759,-0.0011725061341252105
2024-10-08,-0.01596282681279719,-0.02330722218813937,-0.019770470917850006,-0.028445901767356306,-0.030402094801722682,-0.005043292480946583,-0.001364090431855882,0.00213910416127397,-0.013401692842161863
2024-10-09,0.012221578831094442,0.00711175001249067,0.0015632501009397275,0.02439385448242922,0.013659523066570891,0.017515676067805044,0.0249591937311262,0.009443820679081418,0.01225928272064623
2024-10-10,0.0008618420384184745,5.8293874778953436e-05,-0.0024809527744289574,-0.027588336961978863,0.005456447925236375,0.0021535642185771834,0.011892173857613186,-0.0005102433446352422,-0.0004071521326058882
2024-10-11,-0.023423924910760126,-0.02874079253666297,-0.049720679481308254,-0.03426797135326094,-0.05977517496486976,-0.022858899161283985,-0.008963866449317558,0.0018934711516527952,-0.0250119387289168
2024-10-14,0.045758482708765674,0.030383139580255337,0.01668344689825262,0.018960314850737042,0.040476037506023764,0.01016735681162478,0.02670479412861948,-0.004892985004349578,0.022861924454820985
2024-10-15,-0.006754207934013722,0.0005409304305204376,0.009963325580848628,0.016873936208921907,0.02856219998676144,-0.0032516087999421225,-0.002436491072135788,-0.020854236416691208,0.005367863391303792
2024-10-16,-0.029568955556881694,0.02385596671066328,0.017953345220984105,0.04060160931884298,0.02899009147366043,-0.000626820065350344,-0.003846780062612083,-0.012369837034558934,0.014401402834687606
2024-10-17,0.005961356748227644,0.01112859895366938,0.0035143498715683287,0.005942289801973984,-0.02859895447077968,0.007909906834013348,0.0066309280204516225,-0.010924626118947579,0.005740279053372771
2024-10-18,-0.003675018320379022,0.017805710641326532,-0.0016116794155754334,0.009345365269700742,-0.010380527311832522,-0.005665797219650083,0.0019466936464854951,-0.0025283835186739587,0.0016653016926265014
2024-10-21,0.006741682233515262,-0.0008937807977894793,0.010557980759598611,0.000942998620761838,0.004040594821125719,0.006854827107575696,0.006844285543394798,0.0047815371328466805,0.0038946705170515832
2024-10-22,0.00914593912462748,0.002626751384800158,-0.008101321851447133,-0.01741042125406788,-0.031598557948562464,0.02337466958870076,-0.01801273471140644,0.009335405486066754,-0.0027068933038703127
2024-10-23,0.02179986758959401,-0.01024845372798644,-0.00403805414954283,0.017969629814980133,0.021262922805860326,-0.0012454463105450616,-0.02580532717048581,-0.010763856303658751,0.0010847033876878872
2024-10-24,-0.00526938155887581,-0.0041294576782092965,-0.0006148294741937929,-0.019157698205999406,-0.001929615698002883,-0.007075047993871217,0.00033116908885868617,-0.0038582238731536328,-0.0043260517456739905
2024-10-25,-0.006665127036015047,0.003036656591570136,0.0046424507982295755,0.0015413310768177704,0.016739622078427073,-0.0030313463508453804,-0.0012453846904220934,-0.003757951546571465,0.0007711108224030272
2024-10-28,0.006015096121999969,-0.002098670427153921,-0.016254340799028953,0.008943469070142507,-0.013511373307729642,0.0009029004220088073,0.03196057348208319,0.007262309059157825,0.0035515526457229876
2024-10-29,-0.008618613648965,0.006620128336748244,0.0023786076786809977,0.005837304564814093,0.03837951787541475,-0.0044159168845608054,-0.003009883670759837,-0.007129563995258846,0.002313203734275381
2024-10-30,-0.009015513134717072,0.00580618147517338,-0.01651523733076453,0.0014103829303590294,-0.016422384528958448,0.00704339311284435,0.0021215213802625215,-0.004082601853984237,-0.0005768738910118308
2024-10-31,-0.014126423858945036,0.0002872610698550826,-0.014429764254737128,-0.011265268424815218,-0.00626643103937433,0.01645967558505698,0.005381617165383882,-0.0012499962326648706,-0.0005796102347776881
2024-11-01,-0.035699455240758356,-0.037282064735525894,-0.0346728763288336,-0.04242145891621466,-0.08207463582151672,-0.0019275477010201973,-0.0012379438286773338,0.006039878054922986,-0.02351960447201646
2024-11-04,0.002273376142003852,0.007577061605316687,0.002175015668693589,0.00959633935649386,-0.006317466216906617,0.0031024100580183196,0.017376619204531117,0.00967790875144057,0.004323376062725758
2024-11-05,0.00590996926988439,0.004520645033410762,-0.0008910213064276336,-0.0197737335630484,-0.024905788676392628,-0.0009192023119360426,-0.00042731289935468903,0.011686058452127033,-0.004133618645132831
2024-11-06,-0.011235461519422818,0.001998938564316185,-0.00650957509537862,0.004502953724408795,0.010467723895728698,0.013476567252759808,-0.0022060550854743027,0.009050774410465116,0.0001582861182261417
2024-11-07,0.023736111465375374,0.01579543920329366,0.014752056918962704,-0.00915910956141682,0.012250933744819961,0.023722300407410385,0.0075904416017470895,0.003183440482769349,0.011655149599519903
2024-11-08,0.019616737668507755,0.01550215193897715,0.003529973684372406,0.012119677398096584,0.04895581321729632,0.011225419759250895,0.004528545975489821,0.017662926065712854,0.009372343155231224
2024-11-11,0.01527884805605849,0.014032157359873393,0.019833832779823077,0.024822949356551605,-0.013860624325810858,0.012032816313729454,0.006072531737409053,-0.007220738859611379,0.012009367924043307
2024-11-12,-0.026569575480170533,-0.03806516447022205,-0.015424289007840979,-0.019556985773338212,-0.08183265934730541,-0.01587402747105351,0.0024935766935013583,0.0015180862342453801,-0.019465839918071333
2024-11-13,0.019388897201206325,-0.0022468776668667896,0.0012988049611044681,-0.05190500099551517,-0.017676683028831797,-0.014675031816734246,-0.014951304131860113,-0.005510459446687466,-0.0034275435945070225
2024-11-14,0.01929121031160495,0.01894593614305987,0.023925027046226267,0.016106406114964326,0.03904232977895193,0.005568719698863911,-0.0010798722156355747,0.013513429070919479,0.010213997352523714
2024-11-15,-0.03216896613114334,-0.01694831791677957,-0.020325192927403146,-0.03831457294390863,-0.05616083305612531,-0.020977239925701507,0.00012462524031501364,0.014020294975033227,-0.021633681792497795
2024-11-18,-0.02715450762336215,-0.03348385402892005,-0.04206130916350857,-0.016594567572315103,-0.03531805840854452,-0.010484583776061323,-0.005986098535478929,0.00479880431968103,-0.019587394512714962
2024-11-19,0.009924533082189766,0.004729822793446879,-0.008087788790600962,0.008483476726779886,-0.0008311554584394475,0.004712152561193493,0.0011374453990229245,0.007261899013673173,0.0020178633394846174
2024-11-20,-0.014713990101753472,-0.005967894885411613,-0.0030357876824226786,-0.00021501546272812908,0.00902253507465528,-0.011097686483798955,0.0022526268500600607,-0.01297987551514203,-0.0025607341949388197
2024-11-21,-0.003971529129161919,0.01401056245751893,0.005897325786486462,0.013825021633737715,-0.021146051555561145,-0.002382240181069602,-0.011287283226937632,0.020001090427202918,-0.0028796208826604884
2024-11-22,0.0021655372234667693,0.0030964600089627183,-0.015040258900874043,-0.00992348073562886,0.0032087211503171874,5.535573728460754e-05,-0.03100188598324639,-0.003917005514780572,-0.00636231386910428
2024-11-25,0.011248293080592199,0.021574441458110574,0.0047912490558745385,0.028121460516985206,0.023354406553694487,0.025192887499074116,0.00791691268592949,-0.02005036302104176,0.01873565343513256
2024-11-26,-0.006949830093494057,-0.008712812567143487,-0.0096053814858546,0.00780300859790294,-0.02014991297869687,0.01652205939510342,-2.7436405370652125e-05,-0.006724088960481578,-0.000482233174002693
2024-11-27,-0.00042048751574379,-0.0007937253773880942,-0.014613028239398033,-0.0109605831836002,0.0005414417639130992,-0.01818646446565319,-0.015627849831043924,-0.0018472983558823356,-0.008705682302858992
2024-11-28,0.026969995021320525,0.014832716655447194,0.0073780408191444265,0.048342472358853826,0.025984511707932756,0.005726827424718203,0.0001925443477032862,-0.004710129087121474,0.014559268202814625
2024-11-29,0.01711433912512296,0.016244149486629965,0.025371119139386805,0.03141432635747354,0.034288652236774575,0.012340488083488641,0.022362734244372146,-0.012443750943922057,0.01995553679421653
2024-12-02,-0.008168136001154994,-0.00924021048982184,0.024318359992660247,-0.026914783546086486,-0.002871300028163056,0.023784391724237637,0.0008802556383531538,0.004405335783504644,-0.003306024373990659
2024-12-03,0.018515671622344985,0.0378069244872292,0.04363958766330094,0.02983969689414427,0.055328601013477634,0.018998255915212193,0.011412027986497526,-0.01443952555395561,0.05617096982794801
2024-12-04,0.021124525083004244,0.028555822449258937,0.01970983412741105,0.02524663186740425,0.05640781362782307,-0.013326416508223375,-0.00931596224544992,0.0148709541458738,0.008041362656712348
2024-12-05,-0.019044483704179695,-0.011190056759066461,0.00011709305743203078,-0.04017037417130364,-0.020747706406912446,-0.009842413589596003,-0.027663521330489316,0.0028375136880240807,-0.016343976833970302
2024-12-06,0.000448103764110674,-0.0034487094266824336,-0.013193308307264093,-0.023689325244456286,-0.023573124501288175,0.009090495989273391,0.007095703818939533,2.696636805286657e-05,-0.0027050539178900077
2024-12-09,-0.005722223619155176,0.004762512781994843,0.007108893699725042,-0.003108921603505935,-0.04582566667348774,-0.007650235605125973,-0.008524508761569596,-0.008179165285467733,-0.004077568486518211
2024-12-10,0.015275606354498927,0.009999228788704198,0.020214174255317924,-0.004828456487701953,0.01008810778947936,-0.019174911234758823,-0.011601774424554602,-0.009939177962681367,0.0010109447626870365
2024-12-11,0.0080996563838116,0.017159704564585848,0.007489114651182631,-0.0019856595858033558,-0.0056409008514932205,0.0071543240702171655,0.029209303654660533,0.0015935557631867664,0.009480432915639124
2024-12-12,-0.0024565890432637462,-0.0017882562582164244,0.020466388477462818,0.020982571120392167,0.014275691518808665,0.0035068047224141668,0.005580514948483993,-0.031548914016891,0.005634438361007021
2024-12-13,-0.014015137338075832,0.002571550899929456,-0.0013230097403511432,0.009124457709332727,0.02733915034892762,0.014778479834949631,0.004761762641459152,0.027901931251992036,-0.0013582431821844208
2024-12-16,-0.018362421771229327,-0.015263398153784292,0.003581746833906795,-0.024767008905198173,-0.03399392790138565,0.009701990159939238,-0.0006438944069295027,0.00018360921702573635,-0.006837481290573156
2024-12-17,-0.011770521228886315,-0.024351607003065365,-0.03260937181076367,-0.015341837971689505,-0.024471639662546566,-0.016009373674578664,-0.025068724552544226,0.0018246298921020532,-0.018538120260463344
2024-12-18,-0.013869427108017977,-0.01659500074092804,-0.026188523883321244,-0.022629803723305274,-0.02051893429051712,0.020092995782973043,0.009182238267036121,0.0017314282786630702,-0.00501841488706788
2024-12-19,0.01315310393327205,0.0024384541689703304,0.029482683927689487,0.013464922178988644,0.022820564461515907,0.01264662540437641,0.011840142849201459,0.010855943018477452,0.010549004529631914
2024-12-20,0.01469057995279435,0.011902443340319483,0.021166466089959615,0.012168226969403265,0.014794732410487125,0.015267142822803042,0.013586362729183109,-0.009528296547213889,0.01419410331929052
2024-12-23,0.01379326680341795,0.008588659152732048,0.0031065995346945072,0.011918266852366159,0.026124173759069884,-0.016518518709237043,-0.00106889767011263,0.00534370421073703,0.0017347287292781173
2024-12-24,0.004333476185300307,0.011002093686869514,0.013948911363291704,0.0197243953234207,0.01052054865440572,-0.009386498330843984,-0.026980180558850323,0.008380730748774582,-0.0013784361160844383
2024-12-25,0.021483223344375087,0.006331683403221963,0.017321312502649254,-0.005659037347095763,-0.0001917329264072129,0.007545779911998086,0.014982338973675223,0.012256515873899731,0.00691966559114634
2024-12-26,-0.014397373870165606,-0.01984018376007271,-0.02278794642417141,0.009421540821159088,-0.005123170344941771,0.008261634947389128,-0.00256971350501825,0.002557297017958886,-0.005212807447712235
2024-12-27,-0.00804843560193252,-0.008482128578204545,-0.014339484601749296,-0.015335104243731185,-0.014263913995780213,-0.01402663393325968,-0.003423573329361058,0.00454791920540275,-0.009999230839712447
2024-12-30,-0.013722004111719048,-0.06588591472615656,-0.013302435095903783,-0.009871660704233776,0.004327325040504455,-0.020395463500089746,0.01812828076453399,0.0019046715660221486,-0.006209758985809514
2024-12-31,-0.012404247714726285,0.004898722618125894,-0.0011652854800302459,-0.0063171739249703466,-0.015025042572283613,-0.005047249599301625,0.0029371563534909798,0.0018904624264997438,-0.0033807715448854773
