,AAPL,MSFT,GOOG,AMZN,NVDA,JPM,XOM,TLT,SPY
2018-01-01,42.76552809836133,84.86446782576151,53.064662708262624,59.459524425918836,14.339763260551663,105.45540208694918,83.72234767862437,124.68813562821812,267.16381045179116
2018-01-02,42.159400947498554,84.92632364511915,53.37119379248728,59.44666076737734,14.575396301386064,105.8780358485097,82.7883101739807,125.14205647645483,266.6538004245896
2018-01-03,42.849441687053684,85.82532537298715,53.797246528808685,59.557201073972614,15.112558047373424,106.11732652729042,82.50010351292279,124.63780156786252,268.48834799550707
2018-01-04,43.1630500357865,86.66592732061763,54.45535451880315,61.70526312105423,15.320572004509623,105.9106797267531,81.62530286256667,125.12849870710868,269.9391569987435
2018-01-05,43.11398105624907,85.79067219939186,53.61476295471946,61.641041076212886,15.381417105999834,106.37729937689937,80.9525570574515,125.56672571498437,268.8706542742244
2018-01-08,43.31792398957553,86.92972532479814,54.23227082950434,62.76948239898462,15.655810594143066,107.1517882159148,81.96623761147809,123.81123508553755,272.0491303192802
2018-01-09,41.354843374854774,85.88528472809384,53.58224309935286,63.301679711733954,15.263735307604511,108.18409847705394,80.37936125511466,123.59931283641617,270.59620539913885
2018-01-10,41.81855547698242,87.24146279461266,54.691206099089875,63.997235104164645,15.45765653807622,109.97229168901619,80.91814581165549,121.92813888180052,258.55336300433646
2018-01-11,41.1768665514044,86.85771315586372,54.442973094866666,64.12206544764119,15.200171352242926,109.86638265763617,81.45766848759946,121.7291759220394,257.8793985187122
2018-01-12,40.732063320453584,85.89022505109168,53.71552214347096,62.45857245810015,15.026675377102748,108.70260780789161,80.97156650276403,122.51637655075845,254.88547026411433
2018-01-15,41.245666372333474,86.53621347066071,53.85987839208806,62.80735345488297,14.741483417828823,107.12290489550773,79.20030916534171,121.41071768467835,254.1676871905683
2018-01-16,40.62293379737258,85.30889742999484,53.978400112882674,62.02856359886732,14.707631856843124,105.44989159677735,78.31079792812918,120.69163557597108,251.83174316170738
2018-01-17,41.26049686038828,84.54716579041934,54.12586647990585,62.28735481890217,14.6171797408333,103.80315942882665,77.95721163920514,120.20650186976775,251.3177318264942
2018-01-18,41.31242119417355,86.17528016798468,54.6310045817087,62.149831537985165,14.28522326463041,104.366445546105,79.63083886064953,120.87538730873786,253.33164660524042
2018-01-19,42.41477097374669,86.56642557023123,54.718947423073,61.9507645645373,14.374258479953188,103.08864866709875,80.08380012771616,120.57258548768675,254.0969668620088
2018-01-22,41.69201838320446,85.90682260495757,54.758759502904184,63.09050574473416,15.051747710934405,103.27627401416267,78.8405821963488,118.58321053978345,254.4656241754217
2018-01-23,41.13059711359204,84.74586528424693,53.77809865837243,62.09304442280911,15.0260072283764,102.9071155856128,78.36448357114456,117.84864964375649,252.42270344722397
2018-01-24,40.81370028402547,84.27530491408297,54.541524409869474,62.25152570607643,15.27549691897589,102.21657406217282,76.83466459430905,116.95598862925878,251.74775729422137
2018-01-25,42.38158686871237,85.67079616959673,56.04948848396335,63.05590222039034,16.07034734904241,103.79947319852832,77.47773374445045,116.5044800709963,256.53026952839764
2018-01-26,42.75204389369659,85.74643237148001,55.43496969461626,61.968823189017954,16.068199005289554,105.88418073713672,78.34729831623137,110.10344554006834,257.5928005575216
2018-01-29,43.77419059795929,87.34891675337434,56.10584203805594,63.84148374704217,16.68496908387673,108.74202671356544,79.63104335153521,108.60873217529478,263.22647938319875
2018-01-30,45.0870944653231,90.83009652498781,57.723899648677765,65.53221974879277,17.90364220291431,108.45942656430735,78.87555656797346,108.78015645881841,267.5676274604396
2018-01-31,45.12238299056082,90.7279659892642,57.9049017217866,66.73462426352725,18.038512311581858,109.45752223203412,77.01930403294612,108.71412781895496,267.72057320990524
2018-02-01,44.19174170121648,88.5903613740457,56.598653132961836,66.09668207000443,17.098609605795918,108.72007853402856,76.11712745518619,108.75460084687118,263.6420219145122
2018-02-02,44.64976612539572,90.56948843394072,57.39895188431856,66.53975470657608,17.38608292214803,109.62302185363147,76.72284244916759,107.49297878243779,266.7534806127943
2018-02-05,44.86848681030205,93.47661248470317,59.755518093122994,67.61047983731746,17.868774859400215,108.46057902366772,75.97639901589088,107.42836943976323,269.046208109588
2018-02-06,44.33065659288925,92.05209800194415,57.640219721863616,66.10799272202732,17.03499420961317,107.00867995653962,74.51121567783834,107.70612896893222,264.12709109883974
2018-02-07,43.22224698991858,92.76030884283409,56.77966499422237,64.68560104700637,17.317508949124576,110.30184544453732,74.12432165132714,107.44597277878609,264.1971720610648
2018-02-08,44.577885807622145,93.68453062153722,57.361529416829185,66.2369042337099,17.929160973836623,110.63532076719915,74.28199315106004,105.98333519100436,254.40664877879914
2018-02-09,44.4073478541931,93.71179038736068,56.97314265569725,66.42580380672861,18.215832459179676,110.71427991291736,74.5798101809918,106.11124935175525,254.5689901441837
2018-02-12,43.88093997544214,93.3258491617794,56.618901910720574,67.73855737490499,18.677559161614248,110.97537774169439,73.7328457677113,105.23961109837991,254.6981278209051
2018-02-13,44.1226132249188,94.19839403083913,55.928379423432304,68.56549455890107,18.962255571592475,109.52229455572014,72.8542874175015,105.53396517711083,254.16705230623393
2018-02-14,43.93375081570223,93.83779132316583,55.589308617820535,68.39321204667422,19.357468638085322,105.76343204934827,71.45341004222672,105.94268428915878,251.31374437112817
2018-02-15,43.68390217856686,91.62707857189739,54.92024751122245,68.90495870064672,18.542878044451868,106.59437917127153,71.3135427467091,106.0535741989041,249.92477533364018
2018-02-16,43.46433655481381,92.69229070643645,55.59499361230457,70.8919753353548,19.210159547693117,107.3946010575158,73.17324601115874,106.3305645754615,253.07269330413385
2018-02-19,43.27491879987867,92.51177904270092,55.05009570707105,71.41244111269663,18.742696362494367,108.34302843368854,73.2484555457205,107.41794967875296,252.59332301316022
2018-02-20,44.702393735850315,95.33988034462091,55.52598183806511,72.90699362377629,19.034447331880347,108.69964909715537,75.13575410050537,107.62550644578356,256.84423672651695
2018-02-21,43.94212770715357,94.31131487589447,54.213726751142524,71.1478058275853,18.667357248793973,109.57821335575854,75.83474327236351,105.76971568293534,255.76190477410577
2018-02-22,44.03632067577273,94.90994047334134,55.40338901138171,70.04356929674645,18.578366388490927,110.70059926610179,74.68107139531628,106.94213614272157,255.57227341671575
2018-02-23,44.73233030452158,95.31692169341277,56.230922488430615,71.6903108935071,19.016217321994848,111.60590053876196,75.32425723777418,105.98818567134623,258.66998976567845
2018-02-26,44.65104142880681,95.63647687726875,56.93484349268757,71.10459128443456,19.01615801415555,113.81852010065191,75.25701663572403,105.12960352501213,260.05061875329943
2018-02-27,45.35503523053777,96.67712183103426,58.33339483358296,72.99026726221454,19.796541747638006,115.36061865480481,78.16281816305593,104.67696494648116,265.4060511868093
2018-02-28,46.678014534648305,98.07993699529102,59.289261214386435,75.46027620521663,19.87966940706919,114.59599085064515,76.55337078927103,103.71286484605292,267.4527079450137
2018-03-01,47.15034097827376,99.07205677152623,58.8688744096021,73.56852417395775,19.911528952140138,109.64151197007656,76.95283435901467,104.3264057610338,267.01576777256474
2018-03-02,47.82367157606294,100.29688345299842,59.83504784182497,73.90387699479066,20.201653774177725,110.49046993899795,78.21183547698602,103.76480658662602,270.0350306281834
2018-03-05,47.64117933027906,99.92805985636012,60.19067244405929,72.05156375077321,19.562989652621564,108.35427261506096,75.17374805901815,103.2652392740339,266.1441133397344
2018-03-06,47.443379502305895,99.89629186664543,60.83763864864737,73.42522684801477,19.664683109455382,105.08584544718356,75.8434861372011,102.43604097280718,268.51491840079626
2018-03-07,46.64637478652082,97.22301565939719,59.26912069987909,72.37700432399767,19.60849444179792,102.25920499255238,75.03847250096182,102.03938184876513,263.8042837297319
2018-03-08,46.57924434133659,95.12669489599664,59.071784182142274,71.15046136479619,17.683580452316892,100.62985914688204,73.83081418595955,102.63334226913213,260.3206273793007
2018-03-09,46.88993110089746,95.96219856123905,60.323754778440325,71.6908165178578,17.478839173509126,102.4503891176669,72.80626160080766,103.35933516712129,262.3314561244916
2018-03-12,46.822408064775495,96.27036043044988,61.70543219937411,74.15578141470311,17.792264144155016,103.00286233956116,74.04729060158009,102.47189746813268,265.545764695109
2018-03-13,46.84192542903698,96.66087889356096,61.299195423850925,72.64371314555801,17.04057050034109,101.53740488400744,73.22553270323793,102.26187778198464,263.1693530128669
2018-03-14,47.796606273531246,96.94134552695127,61.91285875830742,72.93596991305996,17.19252388721206,102.27865075260009,74.2129435569932,101.82304271435102,265.5734521702398
2018-03-15,46.87561914611475,95.7197829756147,62.92979069267344,72.87732032521888,17.4708357643407,102.10071182872062,74.58245458375119,101.88832486484043,265.2184873651246
2018-03-16,46.272059864094786,95.38400088068722,62.02930395813287,72.82432157919911,17.622509344364655,102.17638346346895,74.16788205267069,102.44981294652202,263.9599462054131
2018-03-19,47.07601451309559,94.52659641926937,58.2614122273886,70.9368867679965,17.05811140310267,104.09285278796332,75.78914928988004,92.44248700641523,265.03105844191487
2018-03-20,44.65553730443846,90.71301816582684,57.71019369252392,69.20324660287667,16.038880193599244,103.34960186078597,73.59266065763272,92.65343378163885,258.3175616284577
2018-03-21,44.62670514970057,91.50824781583106,58.224546392098716,70.2000899741282,16.007903015872195,104.75219662659018,75.6758519263897,91.75165241017987,261.4235009193881
2018-03-22,45.717115711562506,92.82336981199359,59.93711179158595,71.26946564170171,16.898357572944647,105.78557912169255,76.44312043716316,92.71916376442003,265.2839690553569
2018-03-23,44.99813097211334,91.39359345873363,59.461823698221,69.02863172832062,16.681512805141583,104.48157548650009,77.06181587504835,91.07044856744103,263.26189850584467
2018-03-26,43.69887805509119,88.79020588575442,58.21219024038072,67.20662219500389,15.968315410624015,103.27333642825998,76.62382924445771,90.66165637201283,258.68802075298754
2018-03-27,41.63222869977943,89.94311705405197,59.18437854069145,68.34638220691444,16.88574012024119,103.6570793110905,76.49308571178095,89.95307023026186,261.6428156352466
2018-03-28,40.75472942861684,87.78590593230804,57.99841463049553,67.23767770656373,16.398948184197103,101.86822812713778,76.62376995366158,87.51997922436567,257.53597048714414
2018-03-29,40.32096288758198,87.72684503780896,57.955482025383304,65.82832743037724,16.208043812822922,101.96755020679662,75.68819320279383,87.72546773730359,255.817555060592
2018-03-30,41.306452516287095,90.42313952993294,59.18845903970727,67.71170762033692,16.130789580468292,101.514850857911,75.58099581145699,86.59802535777892,259.08544160468693
2018-04-02,42.79769869722911,91.4154750060278,59.51033042920203,68.86864709960493,17.031040095664537,100.72442961554032,75.75892132637425,87.831972281867,261.25773666383793
2018-04-03,41.86800766869859,89.66683520673855,58.19266077958623,68.22691257715012,16.655236576867413,97.72406085273846,75.08206409151806,87.75379462460508,256.83747470470496
2018-04-04,41.4410968535031,88.42557087496242,57.913730085566826,68.25775295187815,16.594121965045467,95.33389655200818,74.71199599306668,87.19357076894276,254.65508097165537
2018-04-05,40.43659371097907,87.45965669569665,56.70735250800028,66.03832118515194,16.317159169132964,94.87681447260493,73.73007809914023,88.53404857919963,250.4891206580048
2018-04-06,40.49479579903678,87.82949857746446,56.485088044774066,66.46505921207608,16.219012170778218,94.45270969504118,74.95412346293043,87.75066111873554,251.42551272446298
2018-04-09,41.680777965016865,92.11263084291141,58.27216417479916,67.20977337266721,16.894770505276696,95.2677796360761,75.40959353517545,86.46080241148337,256.8274410644137
2018-04-10,42.10277318334662,91.1909486467773,58.49022329216575,68.91954811618145,17.077680500142563,95.06984248156367,75.21643270897916,86.93447426074431,257.35746297293736
2018-04-11,42.26160990866453,91.03540877592343,59.656259287243955,69.24549691137074,17.722106345442505,93.95571024928866,75.43042350036193,87.17301362714969,258.02578871372197
2018-04-12,42.43074041617294,92.55268962274239,60.10009179933545,68.44949477118207,17.871272376380247,93.11825450548493,74.88892578724956,87.04504214506493,257.9910235539559
2018-04-13,41.25861163874823,91.3698162364061,58.92183431865711,65.05873890621422,17.178768122587005,92.602107968213,73.76994842191323,86.36028998436994,253.78792497274577
2018-04-16,41.548865214837406,94.29307704672233,60.427488120451734,66.8036540781485,17.686026812431784,94.21551318166284,75.10275720965618,86.95427317166293,258.2464406760833
2018-04-17,41.266048318481985,93.37028170402326,60.49679671058388,67.7304010262331,17.484275352973153,93.61039197117701,75.15586295567563,86.8525121682666,257.68594018348097
2018-04-18,39.6630850850034,90.08761780238548,58.166493438888835,63.41873903400134,16.12531739364446,91.18701372318142,73.7975055346877,88.20801099176694,248.70538096481297
2018-04-19,38.97656352212337,89.00566975286209,58.18416233921396,62.12161571523348,15.567910975180524,91.4672527234653,73.59755581524564,88.80138809660339,246.5394425230633
2018-04-20,37.73306139024349,88.76569101420948,58.24855387804022,62.10862423482603,15.302437818796477,89.89927303025662,73.84279009079393,88.553028603198,246.05852660886558
2018-04-23,37.701991190695935,89.87351168428177,57.22673621257423,60.862758246805356,14.982025377492253,91.47175948869122,74.70937721071827,89.09412673830141,246.27676296321485
2018-04-24,36.99041357909986,90.54393855886106,56.76829007580781,60.68849242913979,14.72051142904624,91.39814881951581,74.7055572000652,89.81987573569873,244.60713446451498
2018-04-25,35.965822014091415,86.57346378377163,55.5270697235738,59.77386336809804,13.830015876253837,88.3287780433887,73.45457834790153,91.0242236621593,237.85182254202593
2018-04-26,36.32474829600384,86.80352628484633,55.19497815869264,59.85892541143563,13.81811494467751,87.33922821714998,75.16976240809996,92.42485369812584,238.0162251152514
2018-04-27,35.76646385159095,86.77333258465256,55.379847139384474,60.03790829162891,14.064628972671283,87.83572294956679,75.96935330798468,92.97701559562823,238.4011124261723
2018-04-30,34.672477619857744,85.09948799462241,54.01854702476388,57.739490243025024,13.945446146813834,88.84653041838683,77.4088840084564,93.49579237762975,236.26350516095394
2018-05-01,34.71011854682218,85.37527410924977,53.490622192085496,57.92063380854447,13.967519888928196,87.36445294391636,76.78735512019887,93.52532858721044,235.16915798477632
2018-05-02,35.287884313407055,86.35445111149237,54.202985413552085,58.67723576382456,14.193831354294229,86.6545894922246,76.52132037170956,92.804252198167,236.60877099553318
2018-05-03,35.636885763108495,87.32762036299287,53.632595858528184,58.75949596097366,14.552384678070641,87.94539239672109,78.08471039541485,92.77481122793056,238.85459336702158
2018-05-04,34.986810709430934,86.62292404934134,53.37397146478252,59.186527363393026,14.68691697760276,87.44501036504624,76.40814236772223,92.69840601218351,237.1355713880808
2018-05-07,34.89264729327623,85.91627737904027,53.222854349617535,58.544445851632084,14.39719203839901,87.67391369875489,76.07198741245664,92.9578501520538,236.0421454608405
2018-05-08,34.221849316954746,84.36005828599585,53.244934064915135,57.055574266805124,13.514694801476248,85.20734291996322,75.12066112888542,93.21086299717145,231.58507422649768
2018-05-09,34.984630773685076,83.07217588163378,53.240164426162636,58.1328484736455,13.342547840759119,85.10590218224095,74.44245260484026,92.51020944908561,231.92141468902892
2018-05-10,35.896032518862135,86.27138702483506,54.594944832709224,61.18190452540205,14.02580876494917,87.97181989640208,75.51945173410455,92.11782519794416,238.71686604917448
2018-05-11,37.94005040822681,90.40870967948302,56.447821667332946,64.49782337055476,14.927884855355797,89.04207887385705,77.33377036284988,91.53401594040464,246.73407580484863
2018-05-14,37.98253157915811,90.84123573068602,56.885698941439635,63.24024222304806,15.104166791964154,87.9979971295929,75.48319791080392,91.5189050129294,245.20507801337217
2018-05-15,37.551077250552545,91.02842026757588,55.97848654279191,62.467177946542996,14.776817220804542,87.65966074475703,75.5716415217831,90.84323230252036,244.00760577727328
2018-05-16,37.62558884666532,89.21086625833203,54.12358927202386,61.33376766626998,14.390570447681455,87.14040306048925,75.25511598097182,91.28752959129837,241.16682016859355
2018-05-17,36.921048474591124,86.92440086492391,52.40839635441115,60.06120411828739,14.225307172057974,85.89266213338828,72.0012207694239,90.38822965271335,236.2243198677372
2018-05-18,36.59007353733629,86.01819199158194,51.99267442577511,59.31441939646942,14.2957148870073,84.85547707353156,70.67943249192894,90.95435984258323,233.6929670611846
2018-05-21,36.87351969365699,86.58202760235852,52.202813747600686,60.81739371674435,14.344510692081238,87.34711930257461,71.42825182400594,89.79370647057993,237.04787936082732
2018-05-22,36.20573416324821,84.81205666835723,51.56995308342384,60.28021911845271,13.858392573635301,87.94325910611734,72.59528816935132,91.07313163190078,235.3883058121482
2018-05-23,37.108040359605376,84.43002913940323,51.53065015809259,59.85807489734661,13.979047211187392,87.63232541652947,72.45119238555408,92.52485872749776,235.15191396292485
2018-05-24,37.41127339856174,84.686149800333,51.75900278121879,60.13087264226753,14.198000376894866,89.11796244995085,74.61853370545133,92.67242006029758,237.79446204457565
2018-05-25,36.68450980467721,83.51941564695547,51.63341300012904,60.15710452138169,14.039576383157314,89.7244296805174,75.1680223861234,93.7524559517703,236.79226727331522
2018-05-28,36.48637997007012,83.5541640226647,49.930325049520455,59.71674026329568,12.939761268913358,87.50126799446468,74.84745747391148,94.30766666570479,233.13952774709364
2018-05-29,36.05995330226456,84.2203606848238,49.77792325749433,61.34088152832637,13.01284432304125,87.90011314933743,76.53651412654584,94.39515973199404,234.75665402176475
2018-05-30,36.02164340783407,84.14413303233485,48.99492079983329,60.78828743656613,12.744370922766693,88.78661146889641,76.89131857751691,94.21554444776724,234.52084542002387
2018-05-31,36.19485414144066,85.02221920951234,48.820789678732716,60.22978240013837,13.046202005243666,88.40238702398817,75.30671197699384,94.58699707270311,233.83625920342644
2018-06-01,35.24921784653439,83.77667323191733,48.49523166251381,59.69012380922528,12.908939694396066,86.26812719378084,74.63986006453982,94.63964482622352,230.61230769957504
2018-06-04,35.82124826970562,86.11179535175077,50.438983384296975,62.30450436014737,13.43823541762559,87.5306349321249,76.10208724070019,94.31504116958136,235.97899230565088
2018-06-05,36.37299061270797,86.95864302516071,50.50794729122971,62.45839049323108,13.759164721002321,87.84524836789495,76.65934603558942,94.76762637601935,237.43723554525963
2018-06-06,36.889922816042905,88.17761668444071,50.41337869654272,64.06910549619067,13.902128988808846,86.39394920219316,75.15754913028692,84.38374952835508,237.81808551584126
2018-06-07,36.74394005753902,87.62525378151989,50.51660816863591,64.1780891930722,13.934790085085737,86.77218273627876,75.87219522448117,82.90821787530543,238.7597683244692
2018-06-08,35.36301919634942,85.47778070820686,49.34106095186048,63.381204707246084,13.719959006994603,86.05087175770616,74.7254582525736,83.61473277394451,234.48104768226506
2018-06-11,35.3930230140102,80.74975933880577,49.407329476919635,64.3395827908351,14.035086360782362,85.15513280997853,75.36627649005122,84.09554151031267,235.2492925442713
2018-06-12,34.94802278220617,79.29933848815485,48.438761400285344,63.74082391848301,13.49443233834298,85.1866379475959,74.00511859884989,84.14715058512422,232.39889372085
2018-06-13,36.485772752167755,80.4075050225095,50.09662971071575,65.56078942780519,14.166611583235355,82.94802701055991,75.22162369772691,83.6981344083325,237.72259679826695
2018-06-14,36.22386407221487,81.07322368162349,49.91506612887883,65.52588702291571,13.893919669598846,83.38930689468297,76.85557291156567,83.60998156023881,238.53486018641848
2018-06-15,35.54332708400048,79.86061159281391,48.38421231484926,63.46577831417468,13.512967873403143,84.11262746031684,79.8200495476794,83.41981443144907,237.5807565458323
2018-06-18,35.72717158462846,80.01627133682862,48.723349394870496,63.78477454122454,13.629465837423739,83.84508580212955,78.26676315555633,82.30902086772478,237.71780831627564
2018-06-19,35.58399440974743,79.27656256090643,48.40903126262817,64.00267389348029,13.583895058082897,83.00322328422484,79.5970321707643,83.531337544218,236.67879328154473
2018-06-20,36.226172563495986,81.36881725252438,49.97390077079019,66.07321775727873,14.244393656086897,84.30360120073078,79.17957051503974,83.71283942739971,240.70178848887252
2018-06-21,35.75007367233052,81.87648645333663,50.47544328613316,67.47287963240565,14.262108911373677,83.08665018200139,78.38941124319311,83.79755943094432,240.18522821612603
2018-06-22,36.49615125337593,82.69990860681875,51.20818282373606,67.54335818336189,14.634876206781932,83.56532410489876,77.96886368307455,83.48733000255501,242.03050442108443
2018-06-25,36.35410557901834,84.16704494979028,51.65959159289341,67.92079502350052,14.242039893431025,82.82776069484589,77.51656581294694,82.89754815872499,242.056365315856
2018-06-26,36.28008087553314,85.30269241001056,52.093022978819896,68.4506171039496,14.364213672581357,82.99234533640636,79.40373898135043,81.17031394180046,244.68844067472543
2018-06-27,32.8755399839,84.83806743623013,52.21113758646093,68.63187483504858,14.198172708621804,83.95422534521893,80.84349419129089,81.30538070799662,245.4323882843627
2018-06-28,33.062339666525304,84.63676466885101,52.59698644147672,68.92543928583915,14.265296564919016,85.66662048727315,78.95005134263816,80.26310366457218,246.3275165859462
2018-06-29,32.87936277033372,84.09643758605922,51.46069263644834,67.33291478174958,13.799511062151314,88.00936771639596,81.72553981159672,80.02600465264317,247.1855491922208
2018-07-02,32.24160054289876,81.19963126712386,50.09519878079824,64.74269483293195,13.201965482091548,85.40511704843242,79.60589046588588,80.54186366226585,240.46282220351657
2018-07-03,32.50715942359828,80.44515785951818,50.36866547275692,64.11556279688729,13.32859868385126,85.46917769736011,78.19174557766172,80.36445420367689,239.81682147345734
2018-07-04,32.51863649040296,80.96160282285989,51.53557215542272,65.7405494646183,13.551657644343392,86.76251447490483,80.85455163313671,81.51257418699235,243.38918416811285
2018-07-05,32.01558970062431,81.50764569153469,50.97360639759211,64.35004563209705,13.274089012767561,86.92759887172471,80.74088807237437,81.12143017807604,242.2014120991996
2018-07-06,31.64128170863793,80.07284990110084,51.56493511088974,64.24684319436646,13.349319551078976,86.18649155291837,80.12273650202697,80.75480482869331,232.96219772589987
2018-07-09,30.8998384163141,77.18732730753086,48.89976091795842,60.980526821481085,12.942209199339633,84.99442891393988,80.64864760592724,81.53786088850745,227.586370696807
2018-07-10,30.435805855612145,76.88819600254863,49.010024061324806,60.29183580298613,12.938641594778215,85.35517898025495,80.09491468352951,80.82879904727564,226.9849419247557
2018-07-11,30.50881618624655,77.31342888136892,48.77455416375807,60.372101353874946,13.110074327456273,86.06103706548879,82.03547072489977,81.68745612177017,228.23918737384528
2018-07-12,31.441430588569215,78.44321073121736,50.09101125022915,61.717004551881736,13.450611263195933,84.93308531761892,81.68506434174661,80.40053658556238,230.80944090405814
2018-07-13,32.310054301487604,79.1981065431332,50.85213154233916,62.08339728409952,13.5968507525226,86.38703516757677,82.50222812128509,81.37981404151701,233.309293470413
2018-07-16,32.90777906061345,80.28200338819792,51.92247190515167,62.75200164348826,13.89938492781706,86.83544203807718,81.9676773680484,81.6545261647748,235.19804583721555
2018-07-17,33.28103016817661,82.31010700254255,53.669621702210165,63.914248814248644,14.424868037850802,86.81500833414076,82.18312800653504,80.9888030016281,238.42090525855826
2018-07-18,33.52358392219679,82.52449375112042,54.538299070837006,62.70069234668084,13.956441306534398,87.95661205376594,76.54907729225276,81.02641527675694,239.12184970354707
2018-07-19,33.53911243961498,84.4465866240609,55.805045383360635,63.86712664019552,14.164162806523727,87.95129352645381,74.48976440015606,81.02507113055538,240.02109903062356
2018-07-20,32.636296656635565,82.30966641493292,53.907794054906056,61.3829396348369,13.572334168370086,84.69628943943803,73.64738275744463,81.98524239060902,233.4352510471561
2018-07-23,31.236768399926717,79.03487967923492,52.818194356907334,57.338843388200495,12.673732993159698,82.25712226118117,73.20261977910364,81.99916474686253,226.38727590479425
2018-07-24,31.575587384888912,81.27411712948017,53.73515729586642,58.683881994930324,12.706174045839534,84.06625787377251,73.35529242362327,81.30673213160168,229.84168483147144
2018-07-25,30.732718985764176,80.05198945865862,53.49354269858316,58.12506729477092,12.06458777409898,83.45375794447136,73.7182134807482,80.16774264641273,227.91404376563256
2018-07-26,31.23470081926003,81.18876654052762,54.38646073587664,60.31854867278283,12.511655937553753,84.69923288712185,76.98298147688924,79.80986106550831,233.05534361354364
2018-07-27,31.497654367391025,82.06788637035744,54.530357759518665,59.95477893848921,13.132386845363753,85.20724896855654,76.43357905007461,80.40037719880145,233.92664317668715
2018-07-30,31.384659884289135,82.41274707665913,53.85501624016229,60.01462109521354,13.554381649568061,85.56159445013654,76.07660275024722,78.83928042994825,234.1971575822793
2018-07-31,31.271472215781486,81.87744478521108,54.13634905682506,58.63052686364209,13.640432260046857,85.03328380552693,76.22037917856255,78.16024015010728,233.56841259960927
2018-08-01,31.9858362072717,84.03817521918405,54.379662212153505,60.20375598446087,14.161271003522328,83.91853422161407,75.94217496891665,78.26314619836016,235.5474536060682
2018-08-02,32.11376715758039,84.5587208716396,55.5054373018647,61.73289704270182,14.49865527738433,83.98714852353743,75.974033781391,76.94115364996918,237.14464240995244
2018-08-03,32.84914135959609,84.82680390365549,56.094102312889866,61.644110589105445,14.524860675729014,86.00888316649018,76.40200738345027,77.08269857251528,239.43206162860224
2018-08-06,33.95685415603095,87.33813429260464,57.40649466877933,63.71953313718925,14.794478852072544,88.30315487196235,77.30170064187335,76.56760736091931,244.99282103789992
2018-08-07,33.63872216242194,87.49897569922109,57.510480620729915,64.18254867832097,14.787074135551201,88.80165702622394,77.005640587406,78.02648599746392,244.44246737739581
2018-08-08,34.416242867630636,90.22991737392758,58.35717548563199,67.36166498338658,15.676105858020586,90.69943491800431,77.91977488969465,77.59078497296221,250.31800646892103
2018-08-09,34.68335862122421,92.15404879657366,59.326889121831904,67.62266815463765,16.209152037600905,92.17138760954099,79.25473382522424,77.89636646783178,253.6072381144826
2018-08-10,34.14532217028255,90.3082455289291,57.33952377928853,66.32490889965533,15.69925316530702,90.95341242218566,75.46290797113804,77.38122667014323,248.1745675712345
2018-08-13,33.77484935598102,90.04221651361593,56.2265712188452,66.84690823596006,15.52081678419683,90.97890357553175,77.699922203513,78.48069566277348,248.04397308261477
2018-08-14,33.45093488289467,89.15059935654689,56.08012919995993,66.30997430685143,15.234515336123911,92.43309347132755,78.04764868948853,80.06059490890158,247.14078058399528
2018-08-15,34.533509911057756,91.46039640578968,57.95096359898688,67.57804770051612,15.615105236508482,94.03722623691078,80.02063065227514,79.71414341151943,252.68581918774302
2018-08-16,33.73510598815928,88.58229385660627,55.4258634483287,65.54274092286971,15.240393098552053,88.42341547593118,76.85218925650884,80.02682697044335,246.25131309308492
2018-08-17,35.01174221471159,89.3751020114796,55.950762466919755,67.92819558831123,15.865377305325994,89.85673574448283,77.72983510588844,80.04523557683552,250.72090859423574
2018-08-20,34.54241048522209,89.48479424629275,54.986063409987054,67.63778229391592,15.748395936929919,88.81975027156814,77.19884004107101,79.76260213838272,248.93720386914023
2018-08-21,34.35711940289777,88.05981862163473,54.58032070937608,66.02121951365616,15.666981291796766,87.17682611698133,75.90356275533576,79.54350673508628,245.84336231609245
2018-08-22,34.587270287442436,88.26078827903335,55.0317091797494,64.62851077259575,15.665532556250264,85.19259857970412,76.9977611654015,79.48427061954443,247.65350019119262
2018-08-23,35.163840343149126,87.25925602061413,53.840673672419435,64.30661763802198,15.382093085639104,86.61596591118469,77.27333347725444,78.22139824718396,248.37247221919287
2018-08-24,33.4891023042179,84.26678766471,52.040205031039505,61.73160410548521,14.821022980716286,86.62217309179373,76.64079830203818,77.2329973651298,243.4124780522153
2018-08-27,33.84638580070068,85.1818776894956,53.0619013067502,61.64019552907058,15.576272767873252,85.92239052923074,77.20886097640687,76.0551181857849,245.62353814604919
2018-08-28,34.78119741484168,86.52014238385973,54.37624745606056,63.08075536200851,16.05103687651447,88.18430194580353,78.08882761657206,74.62275891574299,250.98389706245803
2018-08-29,35.1497085189145,87.54013494941164,53.960106727148975,62.779279974578294,15.994870576595064,87.96841280874807,76.67180036760972,74.19565858445347,250.64933147462455
2018-08-30,35.65873195537074,89.21115179592094,54.67045985123435,63.40093800524049,16.381416095418462,87.5514106641707,75.49413868245847,73.4777506435113,252.12318434396317
2018-08-31,34.958083052004675,88.2222351278423,54.49888615476702,61.536455364660355,16.027118334294506,86.85622758046397,75.45414249560828,73.61698442474464,249.44342287016258
2018-09-03,34.210209455282964,87.0083730918232,54.39630612887431,59.186532995334424,15.708129625355289,87.65026332390383,75.45137733229657,74.08739837835134,247.16210103363431
2018-09-04,34.16804858850909,85.35199223252711,52.356874681879304,58.70733852247686,15.091517850314144,86.70969342278794,73.60280406345443,73.43777261603428,243.592424516993
2018-09-05,33.75818520655902,85.0520465013907,52.363350526193805,58.70723518982609,15.059594533353824,88.25330658310557,73.03270499405312,73.42173401878767,243.60608234044594
2018-09-06,34.540612222244,85.01349400083818,52.43549279184132,60.02954729978707,15.443268168808087,88.88679578865515,73.14367533800878,73.12229661647123,245.8116130010439
2018-09-07,34.4170105316753,84.78680472395583,52.35206205054555,59.38279108957377,15.500973022138027,92.05138625034262,72.4867824563077,73.29240612233762,246.5749372436999
2018-09-10,34.797574562314836,85.47629588451296,53.17196204258059,60.89232343942009,15.863195304180335,93.8158062658164,70.90603303775127,74.14318666444105,248.19168728036
2018-09-11,35.48950295576514,85.44549448105869,52.90859427630025,61.17199622484312,15.991827417282236,94.4488752722651,72.23278612965973,72.99192455054857,250.5399383218184
2018-09-12,35.52567013198216,85.32374926176924,52.02241211499328,61.195659873944244,15.227076390450382,95.1623664198391,71.07360223379042,71.16460758189658,249.12183077738106
2018-09-13,36.28953349153075,86.39501614711644,52.26947103392531,61.4927970440315,15.848377053124606,96.28356814312258,71.17913812444462,70.91436101263315,251.76016059929157
2018-09-14,36.56987219589438,85.13132823754182,52.32060533596353,61.38788456743135,16.47267754121761,94.91856933790858,70.57906247410233,72.12562151731247,250.40354495902955
2018-09-17,36.15271928165085,84.71664283270445,52.033232005664935,61.22036119491508,16.116333843808338,94.57375372664795,68.90225900496634,72.29127207197767,248.1133573846272
2018-09-18,36.0392617261696,83.00158371346852,51.91642664039267,60.95030816488108,15.705508992425285,94.04408106978481,67.31423024914298,71.78193097506959,245.8402631042184
2018-09-19,36.85159830347387,83.66657569916988,52.78803622207379,61.37924854787909,16.089807133267044,94.467860071228,68.38748131173845,71.32110585531338,248.8063623203578
2018-09-20,35.98550194757325,81.86366647721435,51.100837153964555,60.21843988077865,15.41498242436784,96.46798529720752,67.20962005669567,71.6508328937469,245.6092247821964
2018-09-21,35.70374389698849,81.58388699126506,49.60664064212303,59.62444774570166,15.709078270329794,95.43854488096957,66.97123512958308,72.47240486007858,243.4719534471608
2018-09-24,35.36905133681569,78.97947224947639,48.8865745916905,58.41956467889425,14.980264801347566,95.06140309830576,66.1419632836016,72.36235824208114,240.05965838224117
2018-09-25,34.56497730380265,78.73573004712794,47.8018243799911,57.13414406366737,15.158645298801693,95.73894602884639,66.21778904515408,71.95278023496539,238.8600120606562
2018-09-26,34.63982675760043,78.89983581455137,47.83585403666613,57.19868128995956,15.140741357548995,94.07693934876103,65.29001798393972,72.55391949967523,237.37185375514161
2018-09-27,34.554251522200985,78.05095806402437,47.55313580298638,56.54934903861588,15.38412998690484,94.76999505974585,64.17381935863415,73.07490235712024,236.00124417603038
2018-09-28,34.23275035205531,77.86020214523312,47.127716636770856,56.83808606957926,15.08007967305022,93.8364810162414,63.29066742096076,72.81037667091078,234.42504474500205
2018-10-01,34.642308923111585,80.01256059068933,49.20942926872709,57.68448974025585,15.616788586217274,93.27536972842113,62.66393333476182,72.16860333668122,237.1201809531033
2018-10-02,34.0298144830952,78.95231047590642,47.965382452982595,57.286585481585306,15.013371303389023,93.30490502270385,62.94751555342467,72.31489051976546,236.33848345563456
2018-10-03,35.0835696688332,81.60806383957234,49.4272369279475,58.02853625573815,15.685374778388528,93.02317366533627,64.36187903895576,72.52562074735897,240.59170120308357
2018-10-04,33.60652993232916,78.41591738477602,48.16257861858076,57.01035319662887,15.251499381850893,89.93069668254856,63.33625912646627,73.60846187995408,233.9163346890428
2018-10-05,33.63118345842897,78.71490758880853,48.12189135348296,55.76968508633418,15.105024618359716,89.55399602192728,63.1308857237005,73.27198089302281,233.17734125987522
2018-10-08,33.63699031550688,79.1363674635833,48.11847205998826,55.59701162538474,15.160750068580672,87.42429243721398,62.89930300787879,73.32624740773987,232.05921700949708
2018-10-09,34.23636031906922,78.33931675887818,46.97335453197492,55.36493714755641,15.09064486938175,87.61596686745766,62.59079613354796,73.83082634778238,231.2479312308005
2018-10-10,34.558512868043415,78.61637708871656,46.08852161977303,55.73934586013033,15.463227377126202,88.34319288178358,62.053725209336605,74.29281028839523,231.51524939488579
2018-10-11,35.5388670359866,79.34113265240033,46.51901475301382,56.9847298973285,15.868689361513004,87.73027487504275,62.36914076972239,74.54717848686256,233.51285219455045
2018-10-12,35.707539116605965,79.37626385799418,47.329387978698456,56.748759261979075,15.796941939350564,87.9771501908584,63.25532219627428,73.52397667521608,235.01633379228116
2018-10-15,34.455306549680515,77.5612905425024,45.725776073928145,54.89943380698024,15.30120664564916,86.22606442507956,62.62527954083517,73.70887205225384,229.83090726145014
2018-10-16,34.77413828966191,77.44746081175218,45.69210834651681,55.68659346189064,15.519504014453,84.8656834451013,62.768559545895705,73.06861739818302,230.22973179814426
2018-10-17,35.43263603056972,78.69943906934895,46.40846733567337,56.40826431721759,16.076120793604343,85.0010738071722,63.13715886233776,73.46695796329236,232.52577310890845
2018-10-18,35.078465486758155,77.12167429005221,45.1991418007628,54.08579130732833,15.779299006473323,86.35584691690853,64.6346719521077,72.63666388216642,231.7196426936067
2018-10-19,35.98898367995949,78.07585219415988,45.845866986535526,53.56129661368421,16.143834059680078,85.75201201308359,64.79570682531617,67.96839058865766,233.4930540419326
2018-10-22,36.670748942306844,78.38613599876541,45.576825662978365,52.329716446323374,16.10409862159551,85.3346077354116,63.431515477175886,68.23079603537207,232.2580215393702
2018-10-23,36.00696500691268,76.95985717652502,45.42230383314914,52.09459628915641,15.774986162744684,85.60405456949891,62.40798287189725,68.37753397571393,230.1515700099617
2018-10-24,35.740005004932804,76.97542325354092,44.96473035380354,52.166019278426184,15.851438757742644,82.268283123574,62.28322598690274,66.75942730903554,228.71741041307672
2018-10-25,36.41758029030762,77.6896967112203,44.68435662541049,51.7528776210021,16.284665596819952,80.51429699394122,62.7242762989391,66.75027688320016,228.86676718759475
2018-10-26,36.0748119341163,76.31889736398224,44.53326074267665,51.71750878378195,15.566814900951096,77.1006744046813,61.75558898103338,67.58942873443287,226.07321590653063
2018-10-29,37.12707659335045,77.79442555618654,44.77598314123305,52.09134275736846,15.733854615635007,76.22436172638768,61.81287738590485,66.75251413739994,227.9513054842849
2018-10-30,36.91085415754255,75.91376360574101,43.69071075020286,50.54490552251097,15.043593660471878,77.72628665861502,62.3028083095749,67.03072574568642,226.24668245481485
2018-10-31,36.51731765901683,75.5743249601795,42.97868384233565,50.634851118876306,14.563953890194387,77.20547723386798,61.57777773578133,68.3528814565524,224.2488905255752
2018-11-01,36.37471393343055,75.19004626448579,42.462384398145865,50.59752042376606,14.521562359563044,76.95926027555302,61.080899638859485,68.90643705992628,222.96221670235118
2018-11-02,36.2096958313795,75.06723778825604,43.16291355301647,49.948908776335664,14.701754626336639,75.13555218196635,60.62952313875628,69.8837098669292,221.25137637147617
2018-11-05,36.35028212538334,74.79968663634936,43.11918901701764,49.75417693655951,14.477592211697358,74.90239331988778,60.74345372613239,69.44649035341908,221.06967079460557
2018-11-06,35.50988457011143,73.99135366100921,42.87136912609844,49.34025929670149,14.462900496598385,74.56816064105722,60.782612315249665,69.77593039771273,219.43659723733793
2018-11-07,35.20841271260979,75.4489377323526,43.09141621528495,49.27980339554926,14.678069200831606,74.85161550312054,59.740076428215254,70.38605327214427,219.2885744465714
2018-11-08,34.54924197855531,75.53978354126718,43.23802421747289,48.37075558720659,14.984126682820005,75.20672281480786,59.73860963283022,71.40171642079257,218.4373465553694
2018-11-09,34.562290432198196,75.0078036604182,43.32950857173502,48.57060028850162,14.970088267606375,74.45743861252578,59.57565761654603,71.41700482877923,211.0237860386725
2018-11-12,33.695215404818846,74.24723694222062,41.58987837085529,47.58277498783402,14.370942420704683,75.01629285442029,59.190910543344934,72.03695195759062,208.10277624976231
2018-11-13,33.79223554519742,75.02756198471812,41.670271673978505,48.42090666299539,14.282976230126305,75.48141458947569,60.133174803924625,72.35751685381774,209.50263123800408
2018-11-14,33.36669708834082,73.23555412364688,40.49528306417436,47.79606692162628,14.019439692283088,75.05563995323972,58.91989421126114,73.09039750094686,206.17348584401645
2018-11-15,34.07790707072037,76.67309442065188,42.00166796144671,49.800809802938566,14.636174459955546,74.25981907249994,58.42333232511118,72.07045749976123,209.87897594240448
2018-11-16,35.14292991837547,78.52908559078782,43.08152249661566,50.83967453153409,15.139376025434798,75.93605467963135,59.19224395010216,72.09397623754452,214.15689612587948
2018-11-19,34.96152233008158,77.01881038495426,41.596404817593374,49.66734780078758,14.753246946199475,74.23765700827381,58.482500767284456,72.40657309504952,210.39896464449748
2018-11-20,34.42772051049182,76.60526380962396,41.49489262417564,48.64129921320986,14.574537429205614,74.92355096631846,59.246954042547,72.4105223799865,209.99533140266792
2018-11-21,34.07560833344194,76.50483562595159,41.455104744443204,48.86990397621161,14.5561256785524,75.57874702590554,59.48772446751785,72.91660517468824,210.04368849577585
2018-11-22,33.6218064181548,74.2674459537398,41.29349142936176,48.28499737486256,13.76521960078485,74.55133604854635,59.68337184614873,72.92790117251127,207.44287923163932
2018-11-23,34.481927852873966,74.66929347981149,41.30040289906809,48.79481303553026,13.401249734772351,75.4007852330432,60.81328836787456,72.95420551418438,209.8720211194488
2018-11-26,34.35437900480367,74.55351448298697,41.27467069365161,48.84646546039818,13.56224795637999,75.87054015934756,60.968191042307986,72.47889595724165,210.39798409005692
2018-11-27,34.3673934260673,74.75174533033154,42.337896816040804,49.00072453041369,13.793930777914895,77.11105912932037,61.51992687986272,73.80524991860435,211.73754152360027
2018-11-28,34.5938543557953,74.41809224890002,42.120190932779984,51.18989873106656,14.002796522405824,77.4430259043168,62.655666861079425,73.77676214867002,212.7130372558647
2018-11-29,36.27396820478903,77.18363766155254,43.18988877775038,52.455176823074474,14.491765054645564,79.48900707617244,63.43557948036903,73.43343458567293,218.25152260992638
2018-11-30,36.773654057788235,77.1679013615335,45.770707613928934,52.608199523213436,14.712340574260432,79.94821177699342,62.93630297056562,73.86678440491579,218.45816578193458
2018-12-03,36.46747436545248,75.92660948688298,45.887700866989235,52.65511842906566,14.72674053565531,81.02082183510383,65.57762553623617,72.84613109724292,220.3440639298851
2018-12-04,36.10297134571307,74.70091922378957,44.79433711654886,51.605028931837545,14.05970260949804,80.93964814721126,65.51104894970206,73.31413129140667,217.7606782144926
2018-12-05,36.518482501759856,74.9743801767542,46.04355585827842,48.12960318601825,13.852216992251618,80.40000673160075,63.97064039576661,73.19693458181318,217.90865491389272
2018-12-06,36.24863878614959,76.33331922501853,46.75033016725945,49.05333149252173,13.828825052417043,79.59596642097766,63.77653773349111,73.21441913339038,218.43246395404353
2018-12-07,36.16500226293618,76.24379942656287,46.581509636613305,48.45046866753795,13.617691437572338,79.34990530009442,63.77266025637865,73.63168908044615,217.46871997558227
2018-12-10,36.008813214144205,75.64435951168338,47.27241034368552,48.61455491609769,13.448491060639592,80.06233227588476,64.82499445041589,74.46440867248182,217.66506507209
2018-12-11,35.48995760249035,74.94344405441771,46.85996766202699,48.0868356438772,13.083186591835275,78.2455323452344,64.19079325221523,74.145463960642,215.03160775697262
2018-12-12,35.023882336576,73.36446586021842,46.242120345998416,47.446380374235346,12.926727547256963,79.55486989953087,64.89649396871387,74.5823826350069,214.46951088997525
2018-12-13,34.25945466082385,73.6291243840674,45.65301016597389,46.454224947128836,12.706615222012308,79.06614832444183,63.831115462960526,74.5093257683204,212.1894970497867
2018-12-14,33.802317906260626,71.82141400160016,45.305446144725146,46.057344296993726,12.293644915867992,77.10896794873054,62.408716056220435,74.70869566707249,208.51606390471002
2018-12-17,33.21380023053927,70.93145475604597,45.12261001095939,44.23489619069208,12.218130451221574,75.52769259768418,62.013513020258195,75.07308896802479,205.46394891989198
2018-12-18,33.56554794481067,69.53203316287413,44.297967690756636,43.825808522047886,12.028539906800395,75.87003222401319,62.77396688841086,75.58031582930752,204.8521081818549
2018-12-19,32.50174469854138,67.71329016728531,43.483845883423484,42.21971734618874,11.679832653400368,75.97108857239485,62.67801110298979,73.89329448557118,202.41207193049524
2018-12-20,33.611427894194364,68.8525944411173,43.311667278246375,43.40677974372956,12.023852083932129,77.61673426488856,63.66676028617498,73.99208918485631,205.9449132727683
2018-12-21,34.05427705427754,71.25581917719981,44.81421286849029,43.74728416961655,12.527024803559646,79.3929597504009,65.50624296526135,73.39122848133877,210.72428134903228
2018-12-24,34.641265644789485,74.17539630618613,45.732001604560075,44.606378197094116,12.931160765147123,79.60304297595523,65.01678689988228,71.39199426334838,214.1998230258867
2018-12-25,34.897191147256585,74.1415410895004,46.75858204530054,45.01650627157599,13.38316150368205,80.13769164877702,65.95930659741285,71.48751041014039,216.2441460572881
2018-12-26,34.962089218636685,74.66736435814899,47.164599391016026,45.12311204500025,13.579733726538773,82.54739791215725,66.6031537962302,71.62842480717653,218.4609998753624
2018-12-27,35.695775418818386,75.74061024575921,46.56519337387039,45.679255925887844,13.252564486710483,84.46211945610004,67.59182437398546,72.0881760493624,220.50349243331993
2018-12-28,34.749457495309166,74.63849299972236,45.862328335310806,44.64645357844405,12.901896930146844,86.7838488214015,68.9553672411325,72.84886100073096,219.72373611798656
2018-12-31,35.68659042988175,75.83871425904279,45.55211782919018,44.9825565879344,13.341916315491414,86.18174441457904,68.72037884449983,72.35886481035887,221.16465668087164
2019-01-01,36.189492823971804,77.13079388616623,46.472856398800424,45.69446962989192,13.709788373251445,85.42322831516012,66.59302490491194,72.33001790946118,221.70854599975704
2019-01-02,36.99298779423439,76.0266760039463,48.42526024505645,46.55683278716501,14.193665116721345,86.88576656192049,69.60929203406083,72.87190961916458,227.28223928008504
2019-01-03,36.772253568165624,74.97615656596697,48.370052135348196,45.59962761231065,13.924646564518946,86.53786249562933,70.92738844878559,72.74838988630863,226.4990213544965
2019-01-04,37.13153992837512,74.88600181109828,48.459364857929565,45.66064595072184,13.921398962767771,87.57710785767053,69.90408530318288,72.39126764017882,226.94812259546734
2019-01-07,36.761768404428416,73.03380257035187,47.97616041856547,45.62563208634766,13.652431781065868,85.02613183559447,69.55762309649357,71.60740620323766,224.2921651749391
2019-01-08,36.218415694765994,71.3646419937566,46.91976241676706,44.64607492611055,13.104803554715694,85.09837579832599,69.02514645271695,72.41049618864945,221.07953496437594
2019-01-09,35.804412519350244,70.13184088923583,45.46263473445802,43.942842474983685,12.689085962043015,80.09759566869867,67.30768293289937,72.15931516668923,216.42918509359387
2019-01-10,34.76031375290972,67.63029749377756,44.73389915211834,43.577055910825194,12.06887238898497,78.7363701322077,67.13558573882568,71.03564778767291,213.1235427854203
2019-01-11,34.61853839473622,68.65143159397397,44.88974843769208,43.88567770228297,12.418529926620959,80.9051460101752,67.39318096790113,66.19568262824296,215.3241030197577
2019-01-14,33.719285314968225,68.27534716917194,43.98233322039579,43.295779527584436,12.086674332405984,79.37388940924073,65.78747126158545,66.54574583183602,211.57748299415547
2019-01-15,33.6715618824795,68.27948328180987,44.242860995003674,42.84481003719194,12.229217324515684,80.19505848285809,68.35834605156393,66.31202501329753,213.45086670174663
2019-01-16,34.157654616227525,69.58852156913541,44.638983987834244,43.203762157953584,12.59442985848456,79.7595939202753,67.93951109838805,66.26849082305502,214.6869411374448
2019-01-17,33.82321355846345,67.6903890621714,42.86612025317816,41.42053287229395,11.81011078810045,78.95152660596098,66.43729416671219,66.14726006142214,209.93087510920498
2019-01-18,33.58994119766139,68.40994700290487,43.386287149182216,41.69456019839298,11.800158089641679,78.62321741289013,66.63378919918306,66.42776414163141,210.23207246266045
2019-01-21,33.64087953463007,66.91401623413691,42.92246377282255,40.49401088970229,11.589738509752918,79.81564643255635,66.3905482366364,66.6245751254587,209.82063100802395
2019-01-22,33.61073499562191,66.8010310436121,42.91841720022038,40.88712496059162,11.897053755490871,79.79888810234941,67.05008782009367,66.26185986853741,210.75886367439782
2019-01-23,33.18834044317423,67.08185010094108,43.94385677336287,41.097451595600745,11.484400170481697,79.35749051114041,68.05600492060802,66.50134786201525,210.94110081031357
2019-01-24,33.80777603827911,68.30240242997172,45.193386413569854,42.411021642034896,12.178951224564706,80.34732155286237,71.39009308488228,66.1291342940488,215.31985779769283
2019-01-25,34.85505869763295,69.8992244938796,46.539686418198414,43.56643846015166,12.535256749217552,81.23885222868414,73.39291677823917,66.16839032936926,219.89516884609003
2019-01-28,34.75315855739848,71.19323551201964,46.92308484286361,42.979011118690295,13.04216260878343,82.018651654462,73.62014094208565,65.89766329282459,221.33063413127564
2019-01-29,34.45126924238201,71.72383692611322,47.32195855941896,43.26538349219157,13.131556235016337,81.85933445824429,74.56672044433662,65.39097065775431,222.33796596383198
2019-01-30,34.85471844266127,72.81505864140047,48.12813054108514,44.09121032997625,13.34703810150897,83.13177988522565,75.16181224534827,64.95745837410854,225.3116456069215
2019-01-31,36.12739492125903,73.17210023934341,48.9194773672311,43.860350158767204,13.601407094001502,83.34769318494847,73.4218301881449,65.05154375525633,226.18285656410518
2019-02-01,34.82126301600663,72.11698248728001,48.86576124725087,44.06143312999647,13.405756785436356,82.80956635183522,74.26462827532457,66.13573413073887,224.2353135134087
2019-02-04,34.273380164820445,71.53850721212025,48.690692006575816,42.72649255168043,13.259760772210944,84.82015751076067,75.56407088856488,67.01018726461328,223.88457502609734
2019-02-05,34.25903901824209,71.84352282906352,48.37664294850164,42.18529488507183,13.521577727282587,86.21647469160568,75.056310468951,67.56860109763814,223.98479911217095
2019-02-06,34.494284730669015,72.56423805729058,49.26835530770651,42.7117228052848,14.08478671201917,86.88400386070633,75.9815740333389,66.99160119467719,226.75709329243202
2019-02-07,34.81025060521913,73.61192351275314,48.93296086149789,42.495159944285255,14.508090187426056,87.34771471949514,74.24661580915641,67.55967278680403,226.6449275239294
2019-02-08,35.70718223149266,74.82201718821753,49.80724331388655,43.88230529798307,14.74654341121752,87.00991855236117,74.16457104658505,67.86343246418309,228.92994181605468
2019-02-11,34.68780113167341,74.11008347781724,48.875882712291165,42.952881978005884,13.854816115198107,85.63548574289041,73.50516554628237,68.58355689717403,224.7037751850968
2019-02-12,35.732125351955304,75.04078457496416,49.206614408912074,44.36850077995229,14.318908780029727,85.70414429388374,73.56256125910772,69.24297664938719,227.07167404421003
2019-02-13,35.24853171182226,74.34132994073474,48.82752664205802,43.41920046015473,14.05084734649322,85.35351911072998,74.45520340067749,70.0696144738267,225.35608150653184
2019-02-14,35.14628407994601,74.77405229229564,48.655127906122054,43.75137264757836,14.069883510403347,84.31446179491995,73.10102556112724,70.96980873952145,223.94571318249305
2019-02-15,36.193859231694105,75.84334096988555,49.55043274262048,45.854539384088895,14.331329077124268,83.11446818457355,74.1556275881802,70.2982602296431,227.22977173452495
2019-02-18,35.85140705305221,75.61064398805122,48.83833264211043,45.380691052349945,14.27781487979677,81.77118571519085,72.84423026170946,70.23544765673635,224.8651861665141
2019-02-19,35.61549549878147,75.39595943742104,48.46815535128706,44.996769282968714,14.156001650351286,75.41469043952806,73.13786909964944,71.18208272129127,223.37713525194224
2019-02-20,35.95138909232913,75.68186796095534,48.87213502613838,46.16020817053124,14.502401946030595,73.98701125167854,73.03130733731358,71.92325607913287,223.6653818134902
2019-02-21,36.61413005510265,76.03691668788805,48.415081747163875,46.37262914928545,14.174534605878812,74.01308413150245,74.448183917796,70.70227074539744,225.19962552196873
2019-02-22,35.97959539522155,75.11712320615084,47.678833112489315,46.55397347570299,14.194371054359765,74.09093971723509,74.42622275910767,71.09486928436716,223.9592033369003
2019-02-25,36.55500934021373,74.98667052281091,48.22954037057263,47.562264579986994,14.463889016412967,74.25276750734953,74.98499719497616,69.30094468708076,226.5260003868412
2019-02-26,39.63569472358045,74.90279419132736,48.55501636540395,47.59361244689934,14.185353834000193,74.18492947685067,76.75389848390034,69.3529967368094,226.35879820093223
2019-02-27,40.39692846804417,74.95576103897132,48.87252242364773,48.68435794639216,13.979249278573887,74.7423029640411,76.57748318387262,69.0323178013966,227.84320481954276
2019-02-28,40.311384835217446,76.4340036007202,48.758935537468226,48.269495392677214,13.732376392368954,76.46734234625427,76.95053906993108,68.89624881158254,229.14006746981335
2019-03-01,39.67506809704442,75.43910039525203,49.51065505394229,48.94828523096716,13.458682174711313,76.98943752220181,76.25342933585718,67.8735783182666,229.15511721409703
2019-03-04,40.52154084612107,77.4279566581671,50.28096488555724,49.81804868277475,14.05433455744948,77.95498578726834,76.45233357538864,66.73740437790399,233.10218405952844
2019-03-05,41.32812037386207,77.42073408273525,50.84732302333383,50.43695894300448,14.455451786809991,79.1836343118567,76.36850052880816,65.7312981544658,235.7767553739911
2019-03-06,42.01233830548356,77.81702841417386,50.80353025923753,49.56555911041204,14.98045231214434,80.18960395875841,77.62968413977755,66.23624790803001,237.4116321693894
2019-03-07,41.86796122217105,77.50972862070292,50.40380898931037,50.950773147039094,15.166823309323808,80.77872303288157,77.80082150124116,65.73395759413071,237.90070550804154
2019-03-08,41.41632537099824,77.40842214701048,50.82880940370028,51.188316236842994,15.172033852219299,80.7239523739225,77.66605592628166,65.42809643320246,237.89457272627422
2019-03-11,42.53334590733928,78.72503753967442,51.21818378871589,51.628916378532466,15.838269553487455,81.95395967807077,78.93283507609598,65.1350025863959,241.70993101475662
2019-03-12,42.087667243482954,77.95774254915003,51.33689035307678,50.9083832352812,15.45391409830899,80.93125886552167,78.57340509627964,66.16588163891542,239.6476611708102
2019-03-13,42.33103275975203,77.05625030003264,50.68356570048325,50.310992602953405,15.192332668916166,80.29008491292623,78.31163510702424,65.96257330357437,238.21243498654346
2019-03-14,42.9502774737609,78.48545664292615,51.883216786039576,50.25753137897626,15.597711525677681,81.47141990477922,77.9131979792904,65.7899437019298,240.67765477372956
2019-03-15,44.38333492847533,81.96953549355513,52.71979425997806,53.299206587481535,16.21608239148289,83.52600027023004,80.10815972653025,64.86869653806532,248.35825728891172
2019-03-18,44.33789966000598,82.44708436863324,53.02538796243351,54.29938844585673,16.38819816287445,83.47928326466061,81.26836057540659,65.15681098187574,249.71789537700198
2019-03-19,43.85686930963394,80.8868549144951,51.957596038379464,52.99971599688482,16.207821393913743,84.01498715310917,78.63732900292776,66.11770639609921,247.18010384916903
2019-03-20,44.08344131798518,80.42762421957076,52.72925423134673,53.1741091980783,16.32017381808044,83.82765058303907,77.67366548436685,65.28172922941222,247.51874604587556
2019-03-21,43.512786464696816,82.54521638259341,47.792348352152615,52.72460844022756,16.55681848554603,85.43016711418294,78.36169221854333,65.50565828383374,249.10920434431213
2019-03-22,43.03078816991996,80.94394764514425,46.12090004801116,51.673890797175964,15.418402650776885,83.45275551408783,76.91470203171116,65.27947031914239,243.99453871197588
2019-03-25,43.300287579135365,82.12217394256372,46.969900052302165,53.07862682903675,15.759183466086252,84.18309536137447,77.82808079342269,65.21990794143218,247.03424762866854
2019-03-26,43.084187999624234,81.1022965597013,46.777979466306135,52.6399158953968,15.39702320759648,83.30455894780773,76.17973391724493,65.86538516712086,244.12301719103957
2019-03-27,42.46613041506033,81.08676989072734,46.33653007380326,51.37570522184827,15.450377320098506,82.39542192032816,75.28160744842188,66.01008883051998,241.7680139948672
2019-03-28,42.51821259573164,80.06515783724578,46.26745052333829,50.8151578278741,15.843791867104226,82.26457770761567,72.89618518066166,66.31704508731585,239.91412243120934
2019-03-29,43.73719431688313,83.28286375170497,47.17311597194534,52.814386544814795,16.38775506734929,83.42980539463713,75.6686150525325,65.64830368759678,244.71430535762266
2019-04-01,44.468569485562135,84.98941609522402,45.65801505278429,52.86663285516409,16.663559253633476,83.18291692568656,76.65662377719104,66.15450764254292,246.7404872976665
2019-04-02,43.91503351126129,81.6536155891922,43.56016700757636,52.073427510695616,15.877249852393513,81.59690596995395,77.45250670797664,67.22030383574926,241.85356125219144
2019-04-03,43.726105406632136,81.31329501962782,43.51482808842548,52.96186091037587,16.011418490665307,82.30139872530611,78.88288126120977,66.56610137266746,243.58153499194054
2019-04-04,43.53709106988292,78.77000676160253,41.63259692833918,50.8603479627324,15.544281887796714,81.73195182442826,78.63877460302385,67.9746158392645,238.7764343558988
2019-04-05,43.55403296235476,79.07959580524111,41.39921100436207,50.862024005111905,15.109083351792188,83.22748866261105,78.59969695991312,69.0988226143423,238.68626408314523
2019-04-08,44.38182859270594,80.05318731211923,41.86688718843645,51.137489694499145,15.422987973248365,84.02059814276983,78.26461867334932,68.89708251721487,240.6908678478844
2019-04-09,46.220801971414815,82.20609480105526,43.63854189056942,52.730145380367766,16.27101213407951,83.79628970508496,78.09671498722042,68.71530341214114,245.25008952384727
2019-04-10,46.442126770729956,83.77940283615055,44.49605715804191,54.576632510640245,16.679081712242965,86.78063398578203,78.88801802356117,68.03852898875552,250.19142114682742
2019-04-11,48.39215859307533,86.92924454152829,45.7606598970899,57.228180771136365,17.82979312745378,90.15956474363529,78.93657254130046,67.48694433698788,257.9325719425867
2019-04-12,46.74975416928689,86.02254828194918,44.99138605693624,56.768865482231845,18.129497091174823,88.96721080764375,77.68833575475661,67.79908979969065,254.519026495846
2019-04-15,46.323262598269984,84.89901417223967,45.06135674276433,56.673563788706446,17.284751138560175,87.43779582851515,78.66483014391324,68.11291040606086,252.6334540760236
2019-04-16,46.22446768120768,84.8085521263123,45.371288631105564,55.79547954830035,16.962923155914044,87.75223760091386,78.72711373731873,68.43173641414997,252.05124678692914
2019-04-17,46.55599758934573,86.28523598172714,46.16276905001491,56.668805709361074,17.28107614835163,87.25344212690605,78.58286802255361,69.05104655005334,253.30572560138015
2019-04-18,45.865960828562926,84.9655467120062,45.6821683328897,55.69557536642857,17.074868984568422,87.38450523168727,79.40818557683374,70.0301576395994,251.4257100325273
2019-04-19,45.150203598421555,83.22433657880728,44.91625944842199,54.44985451082681,16.271158341126025,86.37656111781033,78.38094819876459,69.83112777294824,247.5461905535895
2019-04-22,46.12810892737195,84.63544604046324,46.80442934681957,55.94203361625568,16.774891826113702,87.24198914256252,79.25522845734426,69.82116532701302,251.9235240695986
2019-04-23,45.48060701788158,84.68526614229866,46.78080935501401,54.670804382497224,16.811904846266682,88.37239819948591,78.694292990081,69.85278964075327,251.18816542613777
2019-04-24,44.51049461532999,84.50407374921103,46.259991062695846,53.402686042844124,16.561565887797606,87.31512310724077,77.64316720134119,70.43905540140878,247.8651180733786
2019-04-25,43.83855860477754,83.81688890347274,46.365373658990414,53.92193908399862,16.252573038233756,88.15117876254735,77.0615213411596,71.5699412775787,246.77490615302958
2019-04-26,44.904062643998074,84.57113603994013,47.88493861821189,55.389362843526435,16.458983966041774,88.3731869090111,78.21184709788497,71.99567443139304,250.06634656149663
2019-04-29,44.978635445404976,85.41173955016943,48.258888684063145,54.86676334288055,16.304038258304242,88.8036069079608,79.7387896102741,72.90541424798562,250.85940480023916
2019-04-30,45.24582421908952,86.49582975583638,48.341133324958676,55.12609668587975,16.233864315721142,87.64088096250725,76.82791595549755,72.9813100817633,250.9010652798937
2019-05-01,45.721155273172855,87.36007324357816,49.03864508065921,55.69933906393007,16.616573568554507,87.21066140052544,77.14514325293665,73.3137076526937,252.29947558177324
2019-05-02,45.802870324057224,86.86361892688672,48.60453577263577,54.660468799076696,16.84406909137558,88.23761410459066,78.03309317163796,74.60240600434093,252.0601882378541
2019-05-03,48.29217747364828,89.81357881834383,50.323594262014836,56.40300589935048,17.924494791841223,90.58933257717209,79.27027676819398,75.28642944255142,259.2325715957464
2019-05-06,48.564735125432435,89.24343793849113,50.41990478963808,56.28580341736322,17.72122717018664,89.78344420059415,81.84388127123326,75.1421354044632,260.03464556357216
2019-05-07,48.00903542256323,88.52712494736272,50.34577474053984,56.33289074403722,17.78622770461602,88.81391695374491,81.71261050826234,74.69963213379785,258.9962036539793
2019-05-08,47.27383230618458,86.44356847380128,50.03860401821236,56.01353886085874,17.734445590774868,88.39541646154397,82.1873068118454,73.77574759518583,257.7697676481397
2019-05-09,47.462791298749664,87.30887014908525,50.59292408625149,55.791403470462846,17.408762001231207,87.86077669802482,82.73705183940943,74.12827423416726,257.9537280469662
2019-05-10,46.68288506729203,85.65030658061669,49.625946394287105,53.88723051180382,16.440096099878023,86.37902609875479,82.11064149345613,73.61220834832473,253.59498545763392
2019-05-13,47.59526156073622,85.52022541750608,49.67985733274362,54.8059155492862,16.525563664624855,86.1047341321849,83.39893296138484,73.38208945644956,255.35393454158992
2019-05-14,47.99693007078817,85.68747570386537,50.08957362784354,55.321646681327145,16.986900708456737,85.72560648138536,83.32056679360683,73.32841362979914,256.31510717034854
2019-05-15,47.17092952118364,85.70997764139344,51.057335770599664,54.228373068961524,17.155290714918536,87.84911955199824,85.18777243692101,74.22666312947396,257.12483450544556
2019-05-16,45.829710167827066,82.30212974599252,49.6433701557721,52.17654128905897,16.045245152510223,86.8003630731136,85.14836863658122,73.67383021399232,251.7964406267529
2019-05-17,47.090239456326046,82.82704058331092,50.6062345899251,52.65175393723505,16.565361423370174,88.63152542590596,86.98446508169508,74.0546286604974,255.8197262682254
2019-05-20,48.05634877695993,83.17784280539838,51.10667170088768,53.325335717972216,16.9928395767403,89.46378787040383,86.50056657684789,73.10440279542074,258.27672594866635
2019-05-21,48.25582249771859,84.51274604719643,51.625127853460036,52.940598819191656,17.464990949269353,89.27634722735465,86.88685226018602,72.63207698411823,259.7187442581528
2019-05-22,47.55186007615691,83.3820717102712,51.097789105277776,51.601376839868905,16.68683637047892,90.6396338345755,86.73355625668461,72.98977298572692,258.0671667960984
2019-05-23,47.560722283898734,83.11329641470614,50.54089674288603,52.049688969010205,16.559839921796527,90.3734572111087,86.15518832032555,71.8613025875164,257.9156529024821
2019-05-24,48.40849746382091,82.12810489631578,49.94999776686828,51.5719905544933,17.022686296401087,91.28792815160415,85.87820955374825,72.7269607357205,257.86763956796796
2019-05-27,49.31237431576026,81.90217862707621,50.65538139176886,51.72281784813016,16.502280540637457,91.474266759606,86.46475735581926,72.33585480031003,259.31426248862255
2019-05-28,49.72895385064681,81.98158358135505,50.822894720560676,51.64822206824497,16.326036757074554,91.56477783668194,87.10657879624115,73.61425082787713,258.6575233692534
2019-05-29,50.62844422913797,85.86807260940219,52.7748076453488,53.7428063964468,17.376546756209624,91.45180598318615,86.84350045278293,72.95113628399538,264.02921709454756
2019-05-30,50.5171054638674,85.89474771785599,53.38391664408487,54.507250612849184,17.438268788708882,90.80524578070174,87.90944960469633,73.41684279596141,264.6550902648043
2019-05-31,50.2821756435291,85.80729660668314,53.74815390790317,55.171149745509354,17.579310357286555,91.50099530551333,88.23711976169268,72.98225607444013,265.86735837307475
2019-06-03,50.34291595454784,85.86079348078354,52.673789719018835,54.55823375451215,17.46869411282245,91.01234016167069,87.70576571448764,73.37896093405062,264.2281007033333
2019-06-04,48.941220682546685,83.94069715121068,52.07198307037412,54.6978442594199,17.28800891512566,88.64885780567046,86.13640352555936,73.82391926340942,259.7788189454267
2019-06-05,49.44949748157388,83.6662611916296,52.122424860628136,55.0662737497817,17.634963992443566,87.9002839412697,85.44942705614353,72.16116637665475,260.5323328579424
2019-06-06,49.03526925754652,82.2456812287715,51.580311438214736,54.38550077074628,16.61020676029679,87.85308759724468,84.34094265711278,72.56823768001453,257.41438267117405
2019-06-07,49.104030506712256,82.0753612623386,51.69998270104225,54.48835877576147,16.551010094162233,86.19994246464462,82.01259000771017,72.26975674660403,255.46548931206098
2019-06-10,48.62008723244581,82.13500515372453,51.450872840678294,53.63794176204504,16.318093545593115,86.25156499495085,82.3415307202194,73.47282884221089,254.01405982716227
2019-06-11,48.59951967651776,82.52681970534816,51.5801069535342,53.4384541330147,15.896006907798816,85.78341682659384,81.04886386899283,72.37688969954985,253.33573995310297
2019-06-12,47.744365148753054,82.12083963343338,51.56247874869406,52.51861234518509,15.595248884749571,83.45704146894778,79.46990079948343,72.7717867917473,249.50207666674567
2019-06-13,47.18556736841074,82.47724063227473,50.70999675836486,51.356621842037036,15.590882973016207,80.47069272329347,80.47457699987879,72.79735096111159,249.580492090959
2019-06-14,45.543528633754896,80.69688758854439,49.455367077130035,49.405912989824124,14.96106326896387,79.71890169633245,80.86058134688265,73.17829074093727,245.11553560849705
2019-06-17,45.58971055972653,80.66275659640608,50.0266019114654,48.99858729390851,15.739678224560594,78.2960025168795,81.3850441765718,73.51699423482403,246.24173123953278
2019-06-18,46.26678763670961,80.0091323460243,50.70858075146859,49.0337737944127,15.873513929401243,77.28873566575714,81.60867170843176,73.11272457159274,246.59142839631562
2019-06-19,46.075334764196576,81.55512061418463,52.353991528995834,49.898042346444704,16.22804060380064,77.27499894639112,82.9023410925331,72.73817327769993,249.4602997925252
2019-06-20,46.91085435905154,82.06205711155783,52.73729526972253,49.35976248755943,16.594630014501856,79.46970332700889,84.84705577495356,73.50899797773656,252.4129061316065
2019-06-21,47.147350008396955,81.47620071168588,52.43361249858739,49.6665818339877,16.61127189940441,78.05854270065495,82.69686055990366,72.74684006610276,250.79429002064987
2019-06-24,48.90484733328995,84.78563163729515,53.07128742464983,51.91828337232966,17.73514329803938,77.45773796007259,82.39364512987278,73.16834758514345,255.06215716703895
2019-06-25,47.81831609098326,84.132547057326,51.3219091799145,50.791006167476134,17.610865247462343,76.84223864536105,81.29011979552392,73.97393488671631,251.17799846004542
2019-06-26,48.96499663808864,86.33517214607762,53.01409648979474,52.5852968726356,18.421266643239164,77.72184385117265,81.69867452260094,72.91625407186062,256.4851292291805
2019-06-27,48.764178846271186,86.35349137175396,53.805182937135406,52.77514579094786,18.82113874710617,78.84042574114675,81.92415267074496,73.23927002307866,257.81010065406
2019-06-28,49.94394530510515,88.39249834291375,54.162685069952836,53.75241379025498,19.915428920577618,79.1960459707325,82.72784271292514,73.42669714470061,261.4584781681681
2019-07-01,50.43744429450014,87.59469378555947,53.611038671562994,54.23232531690844,20.04066175697277,78.92019431847935,83.08760107459455,73.45980279162472,261.539587533057
2019-07-02,51.0658043519,87.61854651703688,53.7884965334679,54.24202672223605,19.600966099389105,78.2417617165835,84.67244538285433,73.66444999061092,262.01943928139184
2019-07-03,49.722963584463095,85.98477540758986,53.78209341747282,53.41323087770395,19.59535537213579,78.08179668652318,84.86952296354325,73.00986520343729,260.35762896877696
2019-07-04,49.472626861710125,86.55688256174227,53.459656710782866,53.494457829668285,19.72157764499294,77.8713267664875,85.1849596842014,72.87224633928095,260.47052578054917
2019-07-05,50.916786318351576,89.29633347619237,54.38581358161919,54.340561896746,20.260861591111265,77.50723616162345,86.52027756863886,71.56250553703241,265.32856774562447
2019-07-08,50.73427068199338,88.88636733689454,54.43226288549116,54.61294302889809,19.922710975572745,78.18661078478651,86.9726550276067,70.79760991592099,272.0022643917089
2019-07-09,52.01462547742815,92.09861285636882,56.355266188685945,55.494045660751176,20.933462251924635,79.87740278343261,88.96064829261616,70.92168735904288,278.4644250237549
2019-07-10,51.99360024360966,91.45623483594358,54.94078558249077,55.11577655345984,20.756824206082676,80.19903913065448,87.42971184885465,71.43278257860428,276.29929784879187
2019-07-11,52.11093659898551,91.5493306518091,55.185324951033905,56.64248884167966,20.590803511924637,80.58055032325714,86.72304357539275,71.05457757379274,277.32003628610295
2019-07-12,53.39482313936469,94.95059067008866,56.9994018780663,58.09741318756969,22.422074436690707,80.97994614193364,86.48326814043307,69.71100663403598,283.4360397012757
2019-07-15,54.35332764397757,98.71940721460327,57.73318917904476,60.49494416186324,23.3762812186175,82.51092107079053,85.51202174695261,70.30745521784743,288.027836688333
2019-07-16,54.36347581079763,99.47629110123228,57.51972805922517,60.15842598854371,23.21589554281528,80.61321712213186,85.68795103844569,71.06348235388839,286.3054181527292
2019-07-17,54.74482144711229,99.6634940171347,57.87834909989317,59.95253020596385,22.959915584903044,81.86487482261363,86.2943635275382,72.20730295750118,287.08641008378584
2019-07-18,53.898386285043166,100.04397972696825,58.21205504317996,60.48361326484923,23.44094108199576,81.05665913315067,85.65040427868787,72.15762036435378,286.5323348002858
2019-07-19,53.694851029026196,101.3319666386921,58.76792233606405,59.89886172829246,22.895024467915448,82.89030619539106,86.48964627564025,71.62356875243512,288.4850719285446
2019-07-22,52.34258681818319,101.28601951396026,58.17110953879858,60.36080054983128,22.6599441736006,83.99168248658741,87.07620016478853,72.20915000282831,288.05229791129807
2019-07-23,52.9637277594591,102.511439673102,58.60084440700874,62.384457566375666,22.79069753347874,84.42253341914716,87.42820485854706,72.32968463841695,290.69876141046586
2019-07-24,53.30399952464308,104.44937452140094,57.761084733292485,62.24538869444058,22.333614532122116,82.60159178317782,86.83590100157598,72.7024620058732,288.46748947595586
2019-07-25,53.883785358720544,102.93661087690681,56.52984200432383,63.1542512246113,21.828860611351327,83.20885800586831,86.31578208012763,72.82898603133991,282.9598395720827
2019-07-26,54.464527061290724,103.85999255789041,56.693345129835585,62.755304502971526,22.111655399614417,82.15682853509097,86.43958386586739,74.43899028262753,282.2781182698034
2019-07-29,55.202166383033074,104.72120467418068,55.94557771978238,61.833182375107185,22.674988804528443,81.42393766441114,85.3389904053996,74.38103833212466,281.5726953050148
2019-07-30,54.05588507843817,103.22922363004936,54.65804147164072,60.16781020319287,21.704897869998874,81.3794981363155,84.87127188424323,74.46604621506657,277.8202744501625
2019-07-31,53.96764818014649,102.81176592403939,54.78264421897711,60.60231972949617,21.652897131603535,81.46854599720146,84.0091011603248,73.94359858772108,277.70582302617834
2019-08-01,54.438303071568114,103.96486575878646,55.42734257954839,61.24843169696126,22.256164832303224,82.737233655052,85.67697880110681,73.75284937371106,281.341538906491
2019-08-02,54.705196843319335,105.07472541798374,56.01554981543841,61.9651549210553,22.260240463216387,83.75096336916843,89.49665642448798,73.3811813287578,285.50367060837624
2019-08-05,54.32240788417883,104.02238710498523,56.530738364028096,61.307693812561105,21.896247532578343,81.97819166480821,87.75491154418233,72.41176369461267,282.96078230378845
2019-08-06,57.052382294530474,107.10587665157888,57.14406922843524,63.59565789975192,22.672877273993986,84.41088184776137,88.99543091906821,71.66864824145735,290.5688441680622
2019-08-07,57.864747834046625,107.87117004046318,57.13218153572974,63.85707253298146,22.410549638008472,85.15411927313957,87.38191954767767,71.3096534517547,291.1870192074318
2019-08-08,58.22456733634176,109.06605257544567,57.552378942707,65.29744994111734,23.147657193138834,85.9078585777824,88.83398050785219,71.67685925565358,294.3754112883319
2019-08-09,56.895234504703936,107.94517673345402,57.24427667481447,65.47834303814618,22.412530293704553,84.52928104071441,88.60352395535085,71.77788721218909,291.41059584351956
2019-08-12,57.321340097131085,106.23564443991218,56.194153816404004,65.90867162258613,22.987493537487747,83.07821811950579,87.4308109504763,71.99338310548886,289.4268087594786
2019-08-13,56.8730657091002,105.12666400682683,56.6889434429062,65.4227419378673,23.111854192275917,81.39944058075665,86.3903511727752,71.08953192614308,287.62210701406457
2019-08-14,57.76455877407653,106.19086556200209,57.03377317401085,65.4260534883757,23.32818337216718,82.05316240065707,87.98198375867489,69.39504979743313,291.1586844864304
2019-08-15,57.977086705700124,106.35505729798739,57.382604918985585,65.87081338520127,23.341376606751687,81.65309581250484,87.56248353392435,70.06008417881668,290.85113412119466
2019-08-16,57.96347423105501,106.58231810190544,58.42981958161811,66.07498459970824,23.906256183580684,83.07592815442945,88.15756005083239,69.85575610882958,293.35125891084635
2019-08-19,57.75252891396834,102.70320298765316,58.79404502682233,66.53468354237762,23.561850387013042,82.16456372191381,90.32216074255828,69.72090170757191,294.3062002479214
2019-08-20,59.26074963385547,104.84697057000652,60.24738330352813,67.88194409453375,24.211665516314888,82.74338696111066,89.2367385241384,69.44548144008397,297.8811239366349
2019-08-21,61.24670295051726,107.32066736235481,60.018083524978394,68.83045078413816,26.092171833348665,84.22448081165471,89.11760989170656,69.65327237720786,302.51831364278445
2019-08-22,59.83766716627138,105.26749961138442,59.07336315719757,66.01441841889694,24.670103351271766,83.59939511043017,88.17501833911876,70.09241447107581,296.89269832530414
2019-08-23,60.64360864502675,104.8212415375333,60.15384698971668,65.10762075982841,24.31185432936183,84.34958012551374,90.66361237380974,70.18597457251651,298.94835372538665
2019-08-26,60.71530987243826,103.70328149380339,56.74561156256995,63.63354738328007,23.423140002445045,84.62031195972803,89.4469368270681,70.45258862750111,296.23887109251535
2019-08-27,61.085717036376145,103.57205382116861,57.64770718763865,64.28756844784822,24.162539385239782,84.02938830599939,89.26780367466209,69.85338234429932,297.5652987980044
2019-08-28,60.85664143958461,102.47964970077643,56.46275300388695,62.40897346132,22.66758986653836,82.61884880943725,89.38219742900029,69.0442082846762,293.99186723818076
2019-08-29,62.83213915303732,103.98397059441858,57.56616120525551,64.11901635907998,23.69988080293162,81.79195139151552,88.9905612603046,67.94699566927218,297.8177020345572
2019-08-30,61.119464499148236,100.87234467495645,55.516515437918656,61.051749882466176,23.140952033035884,83.32770097936763,88.75583250260354,67.47071284273501,293.8290867771988
2019-09-02,60.909662328818825,100.29930430247794,54.88563688133343,60.812590258735774,23.121062280395783,83.49177431770482,88.37165611037676,66.91787347079787,293.22571846441525
2019-09-03,60.97628153147089,101.40642141860155,55.7386752776057,60.31553758852524,22.707279822775643,82.92955206275015,87.01966965641431,67.27480147421467,292.2448115746209
2019-09-04,62.21170972494554,103.25836625161458,56.73118099899967,62.263423522449834,23.603723790631665,83.62419536637515,89.24392928433788,67.15907711609837,297.65116933642696
2019-09-05,61.346668507635556,103.14516983738372,57.28384795726681,62.20374399897941,24.07105980672335,81.39909270214208,88.03268113833252,67.23664695816579,295.3853388875979
2019-09-06,63.97969036040669,106.04911060996332,58.548665367897996,63.94253755148099,24.291963243056145,81.67649794669262,89.80988833171672,66.57791459902964,301.36819152291537
2019-09-09,65.5133396488041,109.38645748697535,60.3064274551963,65.31736273103238,25.13922237959037,81.67619328449604,88.9514436016862,65.73830762059023,305.7515055519297
2019-09-10,64.37486541305445,106.1943984520387,59.14759635647372,64.12435982007734,25.130134379133654,80.34899099216769,88.36896254252484,66.19202675339329,301.09388840141435
2019-09-11,65.27623109848055,108.14652817699614,60.20030196055897,64.94369185833497,25.549835324159684,79.45010101012302,87.19497284789972,65.72610390488204,302.54486665569493
2019-09-12,65.83973111940051,110.26428354513638,60.43214029088364,65.856027943664,25.534972735456776,79.47927938665497,86.56013147834884,65.95661953416437,303.71797300179867
2019-09-13,67.07205523084703,111.35934343892191,60.615038841665715,65.41951775586993,25.954997492751666,80.7045967741625,87.60690982756367,67.11269715361595,305.76919843326
2019-09-16,66.76679259790383,110.64133950006517,60.625158481476404,64.51666788458824,26.28215766034481,80.92828376439262,87.9274010410149,67.5669099216467,305.1468973172527
2019-09-17,67.0264075830077,110.81005775966177,61.72985949082787,65.78110516099869,26.468309812190306,81.20428109431853,83.00317986862565,67.69885601036972,307.03593400533333
2019-09-18,65.26134386558385,107.7647084374708,59.687320817311175,63.46166457920512,25.65118252172544,80.16277134791683,82.43850105647964,67.31740691381863,301.28600672381054
2019-09-19,65.99431146918077,109.32527445379978,59.885823228200294,64.16377530847657,27.071021461970155,80.40441593375247,81.80702107519899,67.16786205688196,303.53761971396034
2019-09-20,65.87596098407339,109.17818467573395,58.86666985820251,62.97213040680022,26.707796095087087,80.04882559675927,80.99530177238589,67.15704917179558,301.29199298702895
2019-09-23,66.96691924723775,110.28686511413225,59.699128228775436,63.32075366336487,27.446956375548936,80.83556643979217,82.41495160649713,67.44404470496886,304.66060957054054
2019-09-24,66.90913322161065,110.55342405915985,60.466574394665024,63.12299964066396,26.08228048821079,81.1427496999463,83.0691900324282,66.92073748957888,305.82001928063494
2019-09-25,66.85661178269213,107.7350485461207,59.37133421469507,62.011237251757336,25.439453073324778,82.26211767057646,77.50356719751034,66.59176132214218,303.627998331161
2019-09-26,66.3478625982815,106.72508018445221,58.600317222507705,62.27514415709209,25.586803761361676,82.08568413820964,76.91290904862635,67.29185495416422,301.8343051436727
2019-09-27,65.44819148759353,103.69807049447454,57.12984560678854,61.49215069832724,25.892987279104847,81.52337321793225,75.61430078141959,66.89346258931974,298.19603770838177
2019-09-30,63.46826028023808,102.2710664744229,56.779078751594874,60.96155198462403,25.19539229221707,81.55802521244003,75.59139349549736,66.59376160042939,295.7803353840966
2019-10-01,63.12997284562065,102.82981369952331,55.398913738805625,61.48522527378204,25.771209595468335,81.36960519974394,75.94683812308857,67.00572486157792,295.5433592851081
2019-10-02,63.79431140878865,102.62981542538257,55.0912472424504,62.33863655710594,26.379969625988775,80.75990005325055,74.95567188889322,66.68221873464758,295.6434374926945
2019-10-03,62.72479609329432,101.91707956797786,55.102353193592585,61.87529988543922,26.541983013266076,80.15516402137982,74.3577051361664,66.2370161632638,294.0420385839742
2019-10-04,61.93150719340161,101.48185338826667,54.760655901549406,60.65940713219488,25.877300650083672,81.29417309086615,74.95183332381387,65.70618482008507,293.6967982358657
2019-10-07,61.82596392771285,105.37151130018708,56.184735873288105,61.73581884369635,27.302222719890118,79.84549254462593,74.55635772373141,66.67677637541374,295.44096060856464
2019-10-08,59.98976118525792,102.8271157093997,55.88255407544393,60.94306927526109,26.108924772592218,78.56938063719312,73.28420675016818,67.09373123095635,290.0827133435653
2019-10-09,61.15572296226584,104.71787055653274,55.93161140979736,60.63949542910417,26.778973645789016,77.59804731563129,72.81540743620032,67.2095855803819,290.69083681363054
2019-10-10,60.10425588800267,103.4240685842954,55.605036138047055,60.807457286159504,26.706449705380926,77.33876053785721,71.82332688310939,66.72821122979559,288.8742126934891
2019-10-11,60.591316732958084,104.40183745814797,54.746419897082745,60.22500827329225,27.32349778503101,77.43262910134844,70.4997155187013,68.09688833204997,287.50692417865395
2019-10-14,61.05496328924839,105.43196859605972,54.945173581976135,60.07824964877911,28.599145270096688,78.5631269452146,71.72071210881222,68.37482598723898,290.3865594100161
2019-10-15,62.48404814382333,106.09371519499719,55.60594341167972,59.554975649772075,27.94864355498233,79.35091365773172,71.50117785408094,67.07473477543031,292.3760490999597
2019-10-16,64.87517056111734,110.50604778319868,57.32235683090484,61.61441448564038,29.898542285931924,81.54873613993927,72.34818490954804,66.71791230076884,300.87369722571674
2019-10-17,65.56560299880769,111.1484115510011,57.5818664234855,63.04965351625452,30.999866310347944,82.30385145375071,74.32334803744776,62.76668008977608,305.088493920455
2019-10-18,66.25024485058874,116.07999535573131,58.51559781640227,64.03627051292544,32.29632956081825,83.31407405400006,76.83319133649127,62.167544000630244,311.8099480677873
2019-10-21,67.66647209459121,118.69311197196026,58.975590853704425,66.17460600541618,34.01636452991255,84.52293705404047,77.65459630456814,62.130835269611296,317.3120420418949
2019-10-22,68.49033867998092,119.72624411321553,58.89697660669417,65.67917755787968,33.798877304786195,84.99283584702981,77.93768320337013,62.187895640261466,318.23964052563167
2019-10-23,67.79229301027448,120.929990019049,58.95028156514074,65.43610092066736,34.09153545441794,82.94300001493653,76.25955908748577,62.76525382929572,315.23779436669747
2019-10-24,69.18780901208703,124.69676309760905,60.093880990357526,67.16111823155676,36.00811012773684,83.14672797782735,77.41010665737602,62.21409670148159,321.1459091773704
2019-10-25,68.27273422465255,124.10590399589877,60.50329809329085,66.8392951122711,34.93159349938969,81.87921157718738,77.28763940791244,63.21836688640133,318.14970063509895
2019-10-28,67.86642967657734,124.71890412245614,60.44503302187448,66.5345420862839,34.28028140725333,83.30507892023525,75.25848685611636,63.6163412376347,316.9953383914872
2019-10-29,67.43447924009833,126.61327132294497,60.44471072420328,66.24843719807723,34.32360491571518,83.75791696514067,74.99980091758654,62.725123370134874,317.98424944579307
2019-10-30,69.01741063085173,128.734572148278,61.668394609821824,67.24805832936133,34.865115902682994,86.19982869800205,75.98831013544054,62.263316166673235,323.88778443458534
2019-10-31,67.9892747432619,126.86990013988321,60.96847065193787,66.45075657053974,34.405763670852764,88.09885414228484,76.91686434539248,61.07843357724663,324.63193098628545
2019-11-01,68.0940568337694,127.08991922718866,61.214797093968365,66.5833474336736,34.48943191932459,88.87262072020722,76.67449212719467,60.56028778097443,325.77237600664665
2019-11-04,67.29371179808989,126.26254244369595,59.81158023875449,65.83119518213043,33.324105617197915,87.97434015860757,77.31350729187584,60.92923146191568,322.77598451276197
2019-11-05,65.25012956495605,126.36151320416005,58.65903877069947,66.2226428310174,33.41278342540096,88.02463862377175,76.18310138826239,61.13847216615971,320.2621340138396
2019-11-06,65.34051572585362,126.14620691881431,57.30774044233417,66.61825234633076,33.2132175367788,87.33922653582091,75.30462955524567,61.41711375142944,318.29289723833574
2019-11-07,62.79847288333062,123.47518527495023,56.40144461807044,64.98583150575124,31.296150599593567,86.57496315348297,73.29284050437289,55.59771207246172,311.7153815779566
2019-11-08,63.7880952969487,124.29317853253065,56.54626695303146,67.01802077658695,32.09694593144576,87.33028759178683,73.28133235622452,55.250692367531535,314.95411990793826
2019-11-11,64.9337290263884,126.44510409512628,57.252344562945815,67.88853463087158,33.25834201849851,86.12862495266798,72.4075864681941,54.647010729266384,316.8567425278771
2019-11-12,65.99332590755019,124.68558941604873,56.02481993817932,67.19530312184871,32.71099705649918,84.65670336367964,73.7886674101395,54.893545732210924,315.3667592534417
2019-11-13,65.2454248304777,124.79057884455473,55.678637527593665,66.66663708048267,32.81238501502503,82.69070863361453,74.53502999432037,55.070502172453146,313.48801534386104
2019-11-14,64.06476935116225,121.99761866694895,53.990172598064326,65.37150618406889,31.822092965934488,81.54218488630646,72.86264837746616,54.697906177200736,307.9683861493877
2019-11-15,63.59458756567104,120.47393612301431,54.402993035629756,65.05995529275415,32.296292514311986,80.84660914828625,72.7406526099882,54.74778833017618,306.8447662027685
2019-11-18,65.25227814107438,122.41377739075081,55.68933149945689,65.74090607075732,33.10778321581413,80.6371435444914,74.09777861017031,54.74976238491336,310.7989516460469
2019-11-19,66.87243559827868,126.08047714790911,57.47147937708242,66.38245417567119,33.890943906152316,80.43125586006263,75.04383045930705,54.62143756921122,315.32377060642756
2019-11-20,66.70818893057003,123.75883171976314,56.76121100781019,64.25081296863392,33.48475618360962,80.49929079918333,76.90085523236667,55.12544417902646,313.69599301758154
2019-11-21,67.72898538942678,123.08502252433908,56.16565336014249,64.3885637293532,32.24814186373247,80.62265034697761,76.0308564619654,55.17345110809417,316.26184643805584
2019-11-22,68.29493215378747,123.825555282631,57.33129239322313,65.10732699857438,32.294078448005976,80.73707911420435,74.84509332869229,55.28108896217403,317.08692817737233
2019-11-25,71.3289714086926,126.65434069775613,58.51870562569995,66.3041510907851,33.72177705814564,82.081678414346,75.66715465353622,55.571585238964246,323.2615953360984
2019-11-26,72.63197275721711,129.0030133846255,59.40398995579421,67.11199273908296,36.008824506516405,81.71009358825741,75.91445079303377,55.13624145403704,327.1537363598466
2019-11-27,73.83150155516357,129.45992810409342,60.07821172047081,67.9241288798278,36.223445869937194,82.88520345400157,76.920576838131,55.14268495845323,330.51967310091914
2019-11-28,74.45730492755797,130.55829275242067,60.5366906019342,67.90064590187198,37.6839845302917,81.99179314123374,77.03318473460946,54.984985096095095,331.7260512407219
2019-11-29,73.33576063581302,128.1797969388647,59.0215949873562,66.91530172396554,35.79680341345817,80.99155518748087,74.27906205721021,55.26871765267458,325.01862716249525
2019-12-02,71.4749509257139,127.61375563859941,57.68793985798677,66.57692298765137,34.6304327564644,82.10738185647098,75.28333003098426,54.88049269426254,324.16705136314573
2019-12-03,72.30073509707982,128.24574983021085,57.89945806540632,68.01210142879205,34.660116139497156,82.50690014740506,76.49927899654618,55.196715406410156,326.6533187340293
2019-12-04,71.99542320004196,125.3760661950118,56.38753791637763,67.06036178549198,33.78019176298419,82.16580553701033,77.29685198168049,54.79667183682027,324.3222481450893
2019-12-05,72.29791660703093,124.75115983725894,57.1481545704427,68.06270626939246,34.20590404089128,84.20561801009859,76.59738446861522,54.735528350150055,326.58409042411404
2019-12-06,71.19477917032178,123.93107987615036,56.034684296008685,67.8024160187957,34.325624474871006,84.06615127840007,74.45858454078525,54.41183819936969,323.58245180699663
2019-12-09,71.2835537060134,120.2657069155943,55.800702143944115,67.10116697562717,33.23203449322694,84.92361231263725,74.07225788178411,54.178009436717126,321.85410171035335
2019-12-10,73.58512725331556,125.10647737664756,57.78026654690434,69.77870519026938,35.47726956126957,84.68021125702033,74.92675841427473,53.590725406346614,329.5182561627694
2019-12-11,73.35413353471696,125.5828569823748,57.94632637608017,67.22380002791684,35.29320009780323,85.2876785611107,75.62455899995949,53.5412299682581,329.2417512010118
2019-12-12,73.82104151724525,126.76837842405565,59.01892154357005,68.27630340924074,35.310547938330735,83.03686111417571,74.40982516913017,53.85202823201292,328.2529495319315
2019-12-13,74.92868742017323,128.2810133722131,60.470118253653176,69.12256806473313,36.39279460396891,84.08020541109585,76.45232454530459,52.93521596381761,334.2455475853083
2019-12-16,76.11551535895083,131.92040751589317,61.88041209168997,70.3859305194744,38.03941055482713,85.63979227649156,76.87503339789386,52.900722707919954,339.9697920010769
2019-12-17,78.72000396352131,136.07958499240658,63.56046350139636,72.3500374975539,40.114120088265985,86.50728179100736,77.71121378138578,52.20192643162915,347.7272465196307
2019-12-18,77.20559227656997,133.68952109885925,62.67752455713732,73.02008304026913,39.11224783740697,85.32128885636355,76.49595899503342,53.08151235129294,342.793650383684
2019-12-19,75.9074867710533,136.36488964092476,63.61011034604518,72.63726042423899,39.28725982950193,85.40816587632077,77.38877703399136,53.853056071276846,343.38482051548635
2019-12-20,75.25104225169777,136.82496389598597,63.131802030538694,71.46750248400885,37.72173188134784,83.57196364513788,75.76284104310113,53.37404664869923,339.31926788384067
2019-12-23,73.72476721522516,130.10944477327928,60.24328318284921,68.3262131616889,35.20847177750076,84.13607585109098,75.06650718347501,54.0673505945221,331.14226581090566
2019-12-24,73.73411777539175,128.9124347786942,59.86686083312311,67.30254372832503,34.97244535473847,83.75073274957914,73.94013057582416,54.59564513937754,328.30218683726997
2019-12-25,73.21576192071522,128.54675472809004,59.61369909981816,66.30185002669965,34.69506239574107,82.91914601035954,72.64353490167294,53.91140378012766,326.0295910947013
2019-12-26,74.01186899146582,128.49334353124715,61.380245157172816,67.84478678286752,36.167410181152675,84.17536592964758,74.98144026086712,53.44771954964906,332.07483678550483
2019-12-27,73.49408934127747,128.73454515849713,61.45485255535289,68.04409892903007,37.00361367213011,84.49818840277743,75.8244432741668,53.03896191257522,333.61797221226846
2019-12-30,75.65064914340086,131.43482187437584,62.2150987628478,68.7846072076873,37.63927959598072,84.44956211554728,74.77399243113612,52.22819685647016,336.79283646665505
2019-12-31,74.92552152357298,132.27404817046957,62.521973982443825,69.137309495694,37.21004966464111,84.31186294396832,75.07768372976918,52.533867637357794,336.6358253281433
2020-01-01,76.41706165020997,134.0743561208626,63.85245174165255,69.87082912470873,36.87845318019752,85.22009526518396,76.40845529414024,52.63406168265587,340.63077766253485
2020-01-02,76.01392494880437,132.40023316246382,63.67566141417543,69.77066634563351,36.174693510191695,86.26100647974232,75.86102902558933,52.40892602675734,339.93069302390137
2020-01-03,77.24484589247949,133.32275433034837,64.36987016209744,70.59843583090314,34.985738486213506,85.75275653783685,75.84458358783034,52.16435036709856,340.94711900801633
2020-01-06,78.85116878272284,134.71717569285056,64.32793015946268,71.47878637386145,35.382211231041666,86.00269586560198,75.79204011321382,53.09525609528446,342.26799737499374
2020-01-07,78.37991080239351,134.2014978119205,63.54213216893843,71.78979397136358,35.682449890449014,85.74968737447276,75.31655136695308,53.11903746222615,341.1432509534619
2020-01-08,78.33998764945125,133.89721512496178,63.62005729733036,72.42465350716134,34.953650563758785,84.66623511666144,73.17966978280688,53.53771627181218,338.178669535507
2020-01-09,79.1065520399419,132.6258339004444,64.62757274957274,72.16692767327277,35.17167471930365,85.78492724874751,72.69626947757025,53.25651299208265,339.42855764870126
2020-01-10,83.16266957238611,137.6542143019798,67.9786661490887,76.36074535968501,37.85141966802017,86.27532208903095,74.34564445918843,52.24251052697014,351.20562854329756
2020-01-13,83.52865001207071,133.94172607611415,66.67420298602657,75.808903338682,37.01839218557494,86.78653631441739,73.61818898280258,51.77917713544492,349.03034486120464
2020-01-14,83.6480777648633,133.56752345783414,67.47299236485941,75.2565674389839,37.2569083547981,86.94956525326043,72.17082240587162,51.1947046082387,348.7439462351721
2020-01-15,86.64419290932366,137.67360172317225,67.99219822425641,74.00865343310099,38.773293476403296,87.58915275525779,73.77633650619477,50.65713733519073,354.4455593907298
2020-01-16,88.01300764823098,138.45650855149876,68.14476291825957,74.51154730169966,39.62064302386103,87.88337696649727,74.92786046688485,50.41756333895952,357.54977849257455
2020-01-17,91.15890795266783,140.84290886706677,68.96963925426749,75.83751371414576,40.920604290808456,88.25871347983644,75.30923429766518,50.26794745409533,362.4936791494978
2020-01-20,87.44790589724096,140.04993038102475,68.00141154491742,75.16598528735129,38.8521720566963,87.00381294153938,73.94628043592199,51.03028403674108,355.60230823309206
2020-01-21,88.69353922890359,140.37779310017893,67.97267547501922,75.23648632773325,40.043062623520385,85.13295842206333,72.00328799857684,50.22397997120304,354.6924986963539
2020-01-22,87.50129730765536,136.56971482744063,66.10244476448348,71.67115188309677,37.76819706108803,85.75200195960757,72.48444923733084,50.46057920440025,349.55420225780136
2020-01-23,85.20692788319671,132.4359319970575,64.47019285191888,70.62257295071706,37.03296758531389,85.61719044210132,71.42653881791371,50.68094820164058,344.01282749454344
2020-01-24,84.97894498932399,135.29319306731833,64.03472077620468,70.77801565743862,38.14222271882895,84.07479967041488,70.23835160354471,50.4679948524398,343.30723252319757
2020-01-27,82.66097239965148,133.76960533781377,63.67494837551528,70.35686186020119,36.79385938685532,83.68607774194717,69.10277170811031,50.42454212867335,339.31998315021593
2020-01-28,82.87266084111101,132.22121750820776,63.38555695237859,68.80608283377491,35.58318066489962,82.49641982321462,68.3021521058784,50.89535881162246,335.3006165268522
2020-01-29,79.78615201872778,131.49017951059542,62.936146673911864,68.8952121907087,35.19390604884376,82.2884210935959,68.6755082983467,50.76581665277442,335.3415728742792
2020-01-30,82.09724609247566,133.80745728936805,64.8202489415117,70.97084974667037,35.56877824259079,82.00725686011117,68.09436721896124,50.22815946344966,326.9385627039704
2020-01-31,83.05895932754052,136.79243129483075,66.08236108079065,71.8152414131546,35.097657603921384,82.62395385066236,68.55053982393241,50.152914838040736,330.1108340671494
2020-02-03,84.9489727686959,140.1228788139726,66.69486651037107,72.60058242573488,35.98043370109074,82.4012150383155,69.12030986916355,50.19062547312153,333.5102920843292
2020-02-04,86.8163957062259,142.37471155994962,66.40734926364156,73.24752806017146,36.82527693606475,83.8188123592566,69.4487173008295,50.45583223852159,336.8808055812259
2020-02-05,84.87844824516736,137.98968924225292,65.64869567337257,72.85049742802197,35.999015336468766,84.79572715862541,66.25786333008782,50.886988959076696,334.79307559886183
2020-02-06,87.54469661388458,141.7578698686391,66.91373000751794,73.97383917663052,37.454881710149024,83.83184336611144,66.79534675233674,50.33126798875247,339.49007845168234
2020-02-07,86.81566797162024,140.57233558428564,65.89487422499,73.07979909054379,38.18337822795333,84.95093701671017,67.35087537294847,50.4003503304454,339.4223583142376
2020-02-10,88.62176552016493,141.23129634638505,66.32627427328379,72.0568745911325,39.308092210926034,87.50064864982156,68.39817203553842,49.40314650290067,344.5533176736695
2020-02-11,87.28591487094918,138.77278735791734,65.85524281332421,71.40213893513295,38.22801066724211,86.38902377090632,68.02817838427849,49.34610220221675,340.86873099487497
2020-02-12,86.85010962803823,138.8743022631474,65.68138163859915,70.02049242958378,38.624174186789325,83.25074529269489,66.5120305469851,49.18798959775187,336.53796047180384
2020-02-13,87.78633635024752,141.6828777650898,66.13137400502909,63.65120246350159,39.59251533866221,81.844203809431,67.81282913574637,48.52884482726434,339.89593902491083
2020-02-14,88.46679131037327,142.8907584923027,66.22723378703735,64.65215537551276,38.96504424709224,82.0370854080312,67.47268711014836,48.197275108847684,341.12474620634606
2020-02-17,90.22532985198673,144.26234548186534,67.46578498585095,65.62049846398673,39.20782739761567,82.31961839991159,67.48538021241143,47.80778936667082,344.3376579335277
2020-02-18,90.67751986071885,142.1679119353754,65.72502347806932,65.12553202189515,38.10476364478884,82.4268991566629,68.19692117624705,47.37466533435502,343.2946544560473
2020-02-19,93.43477067252707,145.65613277003047,66.84222172212812,65.7830741486056,38.975031567522755,81.94546974855741,69.09146750777752,46.92584016245861,347.92309359277397
2020-02-20,92.85609045028829,143.3563028197484,65.79538593562233,62.81198727732444,37.866343865040385,81.3689295530071,69.57649027974048,46.285730331915225,344.70096110352983
2020-02-21,94.2811553723131,146.89740181223144,66.96554077497886,64.77363663184488,38.063762410913235,82.72808978638558,69.56402185308522,45.47404799235589,350.2931574506804
2020-02-24,94.37266239785876,145.64731147332193,66.90570981843524,63.10655420636346,36.20416238505509,84.11386330826892,70.97684511305461,45.055824098448994,350.74367381161204
2020-02-25,96.15209954153181,148.20795710408413,68.00447043309953,64.99699535989848,36.7814430053531,84.76567098939923,71.38057322162035,44.829784589522255,355.50678518130815
2020-02-26,96.3596237312718,148.510901125373,67.33989707963292,65.5157940280332,36.19735791751527,84.55779069288299,71.04573414907867,44.97902649517531,354.7147673641233
2020-02-27,97.95795892047119,149.04635719468328,68.62811805754428,65.88102018266123,36.73170543706924,87.04437752866802,71.82067496970484,45.34490421086051,359.07348871068734
2020-02-28,98.76124507031356,150.0133363208107,69.6555763813857,65.93036531672374,36.48643366458069,86.66817083424739,71.91076107583149,45.20790668496285,360.1017304575356
2020-03-02,101.12028776466943,150.77675460656027,69.67643084373837,65.24302872697612,38.185582325855854,87.32538115087236,69.8690800346507,44.664939821497555,363.721195697202
2020-03-03,102.11685914567033,151.36875790000312,70.80985489296889,67.71856434728032,38.3352516009684,86.64057005639432,68.916756295003,45.22393245228079,364.52315945303604
2020-03-04,101.96189986135704,151.3098629112162,70.13510800630895,68.22102670750148,38.03122302519261,86.29897926100725,69.3383403723411,45.18111723397922,364.3389106801638
2020-03-05,102.06993307904203,152.81664093315806,71.83459576201363,69.53904987797311,39.23523821909674,86.40628324152406,68.7622289733232,45.369757699151734,366.503460656018
2020-03-06,99.59782023670047,149.80431529074852,70.52244987265676,67.78042335187568,39.06400162595473,86.21528263879578,69.71616979179333,45.62193737918016,363.03864895334846
2020-03-09,98.03941146826786,148.28890207143024,69.8528440697639,65.9154063023726,37.85920841938023,85.44942752401619,69.74474603385895,45.89211966825388,358.8665347724067
2020-03-10,98.93579544563946,148.91964902831606,67.98208195580403,65.17034662574507,38.43871604699225,83.5390653451531,69.15175995331052,46.60005133010976,355.53916214559734
2020-03-11,99.02591824707827,146.83444393288767,68.62238609176359,64.98416808764173,38.309460992687484,84.97219954537694,70.2672225033634,46.249491657336655,357.56987618507475
2020-03-12,99.97684270339029,146.7664116220573,67.15859995156224,64.61052656007685,37.166705181532336,86.70823902363729,71.10698634276869,45.88591105862307,358.90919381635985
2020-03-13,96.73231171356196,141.77868973171215,66.03352797359743,64.75279682984662,36.41154300836989,85.77748440989781,70.04836125623241,45.7129460687596,353.4377683375203
2020-03-16,96.49471797431976,144.98481931511031,67.90820541945016,64.46877441525645,36.57154187213108,85.41447322029126,69.97425001126071,45.58937087657773,355.0712999258458
2020-03-17,94.74551017993194,143.6353666763727,67.70727764197186,63.91467506764313,36.0991708885538,83.93290703384031,69.42960136302372,45.882726735828385,351.13823509892046
2020-03-18,95.78111787508472,147.02134186191344,69.53099914059,65.2644053252422,36.38518031097282,83.91097825243503,69.41373744448494,45.843857779485944,354.6120434717692
2020-03-19,94.2838898164654,143.53014461440446,67.03091449303106,63.48322596010251,34.16274644817568,82.17339275958345,68.28118244631408,45.5138614541023,347.2286493577811
2020-03-20,95.59720061665112,144.0006837786983,67.04755705548976,64.19349112088703,34.09301740973798,81.63409729804738,69.27643783789107,45.83385517075197,348.4385655915786
2020-03-23,97.24145835174815,142.45070123437267,67.85143175619638,64.76169713110917,34.98860899092031,82.30666386386045,69.6211700971605,45.70940140174845,350.9302275997985
2020-03-24,96.79164850041026,143.4452015018731,66.89196438219768,64.11832647520023,36.10631227268296,81.47176218764207,68.99621338761519,45.43265868311121,349.8410438460223
2020-03-25,95.61916517805152,142.01094210503587,66.92429526964008,63.156109123208104,36.131324642746364,82.05435448151164,70.080322330637,45.53514130805556,349.5841428404964
2020-03-26,97.48118031575402,144.41407204926483,67.25705818649745,63.86232134823353,37.8133006538944,84.25234231070282,72.37191453872579,45.732597689288085,356.20749905777564
2020-03-27,98.4039120829234,143.32073359834035,65.99230108390955,63.61160077503067,37.96421545179802,85.1443404867663,73.15862584447508,45.98010625870216,356.62874696967555
2020-03-30,98.3076141325235,140.8020234118039,63.826273173934744,63.07377823536038,36.70673586131435,85.70428208636827,74.35714638735982,45.840226581986606,355.1725099970769
2020-03-31,97.24700349646362,136.86192977251955,62.6719522846275,61.514531589276004,35.34843295837088,87.32088944046642,73.30576087291912,46.09805699642637,351.23013083356557
2020-04-01,98.8898205924328,138.900705703083,63.72999419742567,61.71503604408161,35.563930459869695,88.87312046310002,75.79510100708055,46.15700736866044,356.62306773396483
2020-04-02,99.5673473349539,143.3984380930952,65.1497578468348,64.13462158426113,36.33895613030147,89.47696080077993,76.81551789571678,46.15258986147876,362.4409116631035
2020-04-03,98.23259427815964,143.75403233235917,65.90089310228792,65.45187980052002,37.68156722527711,89.57098564451545,76.40572057601561,46.69324661666511,333.31918392648873
2020-04-06,96.61609186482382,140.51375226824126,65.11022170686867,64.25309883755217,36.7018966145929,90.2493557003027,77.26248739115672,47.327998938244676,330.5542111546793
2020-04-07,97.13226671888908,142.15462219188967,64.56097824829412,63.90485801388214,36.305111850839424,90.38811689000072,79.07010881444329,48.11619666157678,331.22411502473705
2020-04-08,98.11919006933152,144.05302251686987,65.50047496570865,64.9980073922031,37.209423729824024,92.74338398347447,81.22915418149907,47.561193960012716,337.473672043608
2020-04-09,99.7492444398728,146.19900474496447,67.14027975611016,66.29981331933203,38.329926646575274,93.53628047060485,79.52182870756701,47.4102528145217,331.45188542463626
2020-04-10,97.74887713979268,144.73287033376224,67.33737505561278,66.11231296441287,37.683645762749116,93.64471129266671,80.53228952017517,47.091042282104304,331.4849962538389
2020-04-13,99.33087133249728,143.14463330052047,67.08304722666422,65.6526177779667,37.55577105506487,93.19271932393083,80.58528328768658,47.89265876179684,330.19313124507863
2020-04-14,99.92867574958674,146.99603829570992,67.8638325072679,68.13629985020351,38.646434569111975,95.80697681257199,82.47321681803733,47.86150629464219,336.97349054747485
2020-04-15,98.91599450125214,146.15754850365477,68.13938278888337,67.91618379724264,38.175749318549464,95.35149510406838,83.34478046538572,48.394232731646696,335.82209588186043
2020-04-16,97.83585504075828,145.7513466475993,68.9944335292484,68.93100977124134,37.38364866315758,95.04424802073537,82.18597800141211,48.281183245806695,334.92631243399615
2020-04-17,95.46633901848595,140.74002998698563,66.55679321637216,67.10563853244923,36.19803187339486,94.54269022225185,82.95072336737962,47.78946914488976,330.27286132465343
2020-04-20,95.02415534284637,141.50385103881854,65.74384720061559,66.9002339933101,36.235395345395474,95.78566253772861,81.6100880207604,47.81519381867974,329.72627727959315
2020-04-21,95.95435896427091,143.70969928904006,67.43040933100258,67.56402582662582,37.61478921381669,97.95842542676584,80.74086312415628,47.93799394896561,333.44511532080725
2020-04-22,95.60024049316942,141.40762634605414,67.41054119021837,66.09100458694459,36.935382202433,97.68162196979746,81.37328506515865,47.748219494489135,331.86976313380325
2020-04-23,95.85049524303156,143.30229059362804,69.68007233101817,65.96106961291011,37.74491840154162,96.79490435314248,82.29279702908602,47.283115535474856,334.4737004667657
2020-04-24,94.93792710884333,142.29607685655685,69.47962646173148,65.98042620927889,37.44839725511998,94.9537561676273,82.3338100899827,47.33881434996497,332.2529855797425
2020-04-27,93.83566712740758,138.62999004274803,68.1848636246195,65.83087117657803,36.71689106211079,94.18188169128035,80.89259772015414,48.19788820627427,327.23802266130855
2020-04-28,92.71698305951129,138.45227520032398,66.56775429425963,66.14412433376054,36.746126941497096,94.86230207394385,81.58178756937832,48.203556183152855,326.9812844149746
2020-04-29,92.56885074195775,136.79879495050702,66.41171091678116,66.44102280260041,37.52262659462023,95.16675644542632,82.59379665336675,48.136932806597244,327.78260239741854
2020-04-30,93.42305783406339,137.07061817168156,66.8195290975775,65.88898978265547,37.09630612090869,96.16393876302516,84.0659964293793,47.68383732735804,330.00514625402656
2020-05-01,92.6267609668609,136.3439731726725,67.5101020381209,66.52170760085234,37.61153427422223,98.42611399082264,84.04450928858128,47.26657225008433,332.2200007072505
2020-05-04,92.29182623340613,132.39421868253106,66.11147473340849,64.84271334453425,37.112806005120916,98.31503502881993,83.16094584012426,47.65687969461327,327.91900999804125
2020-05-05,91.12130213749023,130.55746789905743,63.75958179645803,62.67094365070244,35.492629660510154,97.70402373063568,81.73335820956034,47.602838886488094,322.34136753162187
2020-05-06,91.47587164885383,131.5562549662535,64.38847862757117,63.12082235448741,34.867901558357936,97.23068381100117,81.2429305949582,47.39343483594105,322.6395405783632
2020-05-07,93.85581790154905,135.08657168864093,65.11108007786662,64.89414240428086,36.47610667353189,97.05198550605623,82.31609520271826,47.205291250932966,327.76061809048196
2020-05-08,94.69132588798793,136.25206528387955,65.41582466433425,65.30534726009681,36.408663597981985,98.1085860741448,82.76864443045825,47.20899055664442,329.82535341341315
2020-05-11,92.84560633744805,133.12010672137538,62.63908878577812,63.99254230935548,34.31483699081224,97.38016541251703,82.68122215514373,47.640871428254144,323.87362059749825
2020-05-12,92.81995058607333,135.65062803505896,64.52965532858086,65.87103518679504,35.38937470660225,96.65283252030846,83.30192500644573,47.478690167523766,327.30746190218497
2020-05-13,91.86489887528984,134.47929487538153,64.15770107015881,65.58115432557346,35.31853339814359,95.65405297556043,81.31702571029442,48.2218730377212,323.46172573015207
2020-05-14,92.67007408365598,133.2719101657226,63.386927435671915,65.64822232353798,36.05750520206922,94.13953671547407,80.57603124003326,48.38956911291921,321.81079044104075
2020-05-15,92.18934457448209,130.468878041352,62.93135334080904,65.82194843222598,35.53256715166043,94.35092961786795,80.03790102054755,48.12651171812523,320.32382960408245
2020-05-18,92.89992162201067,131.89578813054612,64.48664283677694,65.88358200154431,35.733927770861484,94.99321434484033,79.82834740416287,48.348209544330416,322.0907580141099
2020-05-19,91.35465987808072,130.5552485740223,63.96924269876486,65.97580567151223,35.51074906279068,95.14841264813869,80.06175217793593,48.34938027755686,320.89017095042647
2020-05-20,91.89983210516269,130.60925318575144,65.24747889087861,67.61973992701735,36.452585290599494,95.95315461241285,80.30367195869874,46.49529386426062,324.3252699443863
2020-05-21,92.14442758393112,131.20971750261538,65.8001289032224,68.74374989279251,34.12942496764041,95.36228263680904,81.71100083207867,46.770590945554595,325.72907269237623
2020-05-22,92.05062350628789,130.99478204101584,65.73989381535549,69.07032576633576,35.69103927985935,95.520205699456,82.37840134399335,46.136677606675086,327.70324345292505
2020-05-25,94.1261142501576,133.5960200237187,63.70613110862315,69.801405812168,37.4140516096856,93.34020962281588,83.27519461864374,45.0863258130536,329.88263090433094
2020-05-26,94.19392914569652,130.12016082921332,63.01623460613011,69.88954923099013,37.12444338205199,93.77083762065116,82.87161572180713,44.46412558866846,328.97546231584164
2020-05-27,97.18324639786306,133.12400710473142,63.399081828819156,70.10752034631182,37.760448517524594,92.7306524286857,82.86779164016112,44.4899040185516,331.65585418662647
2020-05-28,98.60020470733538,135.35919591041915,63.86786645931465,70.80028896251044,37.15417079822282,92.8468965192359,83.14707782652567,44.4628170840391,333.596323872359
2020-05-29,99.1110558474079,135.44981668036957,64.16383381884533,71.89558157744894,37.39601709619312,93.40898841586632,83.19498505239628,44.19509101918247,335.3662479566893
2020-06-01,98.2269605249772,135.26490189564768,64.00174374420851,71.3802034634427,36.922522658240865,92.64300188113046,81.02457680444408,44.38413857083319,332.144026113183
2020-06-02,99.78481953402967,135.91055822746722,65.73343241512887,72.07352245631566,37.047581769515894,92.0602254740699,79.1351525952781,44.88926545616806,332.12079826899003
2020-06-03,100.92926804937004,135.59706534567022,67.10502870187062,72.38842744074242,37.26918003641085,94.10884359937957,80.71177145043028,45.64721380628031,335.2186120512577
2020-06-04,100.31057676507193,134.1269015146057,65.21564085585202,71.06522554993509,37.293013589956225,94.33395266754049,80.649654905917,45.3750298762151,333.24859185222437
2020-06-05,102.19013320320087,136.4919777870283,66.30019777995818,71.52379120457948,38.723648693935424,91.18368189257576,80.07192973719694,46.3319087621435,332.7660035801119
2020-06-08,101.84428693179332,136.1995155299317,65.82677555252971,72.16490340404064,38.9891985243264,91.2620817243033,80.88529304220607,46.37104969081841,333.3122388683092
2020-06-09,102.20507285016626,136.85300197954132,64.83781095950876,71.50171900208271,39.69751871806458,89.64407073818127,77.89782231884881,45.36938501493328,329.88498969944925
2020-06-10,102.3707013302635,136.50719044681605,63.44264271502197,71.35097915061732,39.9085681676616,87.44627128755347,78.18529721528182,45.76386865585982,327.3790454026613
2020-06-11,103.51371433764972,138.56909525543972,64.53965106702098,73.11660776751373,39.53983244940023,86.31976869756369,77.18021701963235,45.630968784805404,328.3767285931445
2020-06-12,104.196890560941,140.96902956866057,66.12015997926778,73.49986265301521,40.47137500177065,85.82737934026542,76.92789325415441,45.67358824171086,330.2026282733131
2020-06-15,108.71938603246261,145.9969542905282,67.75343649475583,77.5717840019103,42.53100568658182,87.19944791747322,77.33282783299452,46.08015242487829,338.2045170329313
2020-06-16,109.10095493655211,148.36772114898292,68.13281809583238,78.48873837923165,44.113632929590764,84.23587358783062,78.90515574167836,44.52719579108551,344.3267929809273
2020-06-17,110.19112074885797,149.76787098512233,68.67391709284523,77.8999475892836,43.83361552997473,84.17020567969067,79.0597181782596,45.12654891569409,345.0973567497087
2020-06-18,108.51461387751196,147.03663212972663,68.7106389022234,78.21043258025863,43.26230571450927,83.39566807945853,79.79281580567546,44.83066495152506,343.727919652768
2020-06-19,112.95925880062559,151.43727600098572,69.99616033928798,80.69930783259666,44.85988097303595,82.94395559998938,80.72355848402475,45.09133992666718,349.42405864188464
2020-06-22,112.30626437041684,149.22871125296007,69.16887714528417,79.27393622069147,43.27944294871181,84.65631342275913,81.89154063575448,45.34869755476667,348.69021479053583
2020-06-23,113.93165231695893,150.00336656562664,69.81083657622263,79.6697372684127,44.170431527696365,85.35304783800234,81.87108733965,44.78424376188617,351.6033890247573
2020-06-24,113.62062355133652,146.53815352324213,69.17250524439416,79.65416087537433,45.54882995864423,84.62270390177389,80.78020693730831,44.48985679774217,349.62353200948746
2020-06-25,114.1252778621254,145.65284620712296,68.85113270343827,77.4712921442539,45.88070782362847,83.70810271385398,80.35451839638303,44.01050523556727,347.9397192206689
2020-06-26,113.6620994480311,145.26950749986833,69.03740038686645,78.7829977144888,46.6073138450455,84.71593437430886,82.25686788727937,44.219233197731505,350.60921274960003
2020-06-29,115.78440690570416,148.88521036844034,70.85245990882964,79.11058507845965,47.212350495305,85.10364920420443,83.55931888992825,44.06408544422086,355.31565952367225
2020-06-30,118.57152392783576,153.3418865315366,73.44782743719145,80.36965889779519,49.45277298981116,85.32729385571932,82.11495704423578,43.789421447170476,360.1048934016599
2020-07-01,119.63863693971133,157.81351715103006,75.03504774085643,84.4333924488058,51.46069878606286,85.98901873901168,81.12913115665837,44.066587537242214,364.9457959245203
2020-07-02,118.37766583809221,159.03267775225268,76.15954048033261,86.08464668812583,51.5792969476586,86.02989632591121,81.07306439484266,44.32562082010777,365.87591645429075
2020-07-03,119.24969618567945,163.41902366492755,78.30367674274414,87.66679995536104,51.90662802781874,87.0183734207045,84.3628108717574,44.603276461927884,374.3137526955537
2020-07-06,118.89801763800479,164.20110016479538,79.90918274590595,88.83744071493462,52.87310422261717,87.27186241772166,84.11922974687982,44.49996579715179,376.23282686307255
2020-07-07,122.60495479538936,167.21098274137316,81.3913261896138,89.66790099059686,55.12191634066507,89.53431646288081,87.14814504726574,44.42138655851781,384.81875038726025
2020-07-08,122.3799309045642,168.0443979341061,81.88095076291894,90.04156018813302,55.512846553630524,90.12808999125403,87.06421053027647,44.30771735178805,386.0924376073315
2020-07-09,128.3377000889182,171.24903910578183,82.57879917551024,90.86456098462843,55.98040768558043,92.1324371195712,88.98424280756959,44.21202620255846,394.05629021213133
2020-07-10,126.8830902439733,169.51211194228915,81.84191990136924,90.40883440535724,53.71370315366389,90.466693550357,89.14404050299326,44.393433191745636,388.9852220542275
2020-07-13,122.87669980878819,163.11080248715416,79.98297970705532,84.6779474130717,51.98557787433105,87.25775335248834,88.40395583733545,44.32990207668734,378.0802584667083
2020-07-14,129.9371526488216,165.19708836791003,82.22154985374986,85.07830207848633,54.4324005720425,88.20163603978078,89.45179323100632,43.81698511023122,385.85840020085084
2020-07-15,126.7311333547938,164.83787624827212,81.29521170284325,82.72343393487687,54.8140470212808,87.55813933268522,91.2021589245016,44.37017479125099,383.0918483503603
2020-07-16,126.65179164213197,165.03025373220225,82.69364921143175,83.67396334653098,55.44362535262707,87.51919375514484,91.15445892070035,44.83554439585932,383.86155857445374
2020-07-17,125.87996535033443,163.33364495796067,81.56225500168937,81.39615558131706,53.684385334942846,88.86785062828338,91.4515833442328,45.15050484434242,381.66993901878703
2020-07-20,127.2516900507997,164.25840346283454,81.6066800675737,81.96878517375285,53.721258156660376,86.73497415535918,88.4722781609997,45.251060430682195,381.1018254097213
2020-07-21,125.19417118875829,159.7730656971797,80.157317045389,81.99867650230475,52.6211822955206,84.66910678328102,87.58458628364995,45.405067453539985,375.26395588987236
2020-07-22,126.64326657863577,155.62095873073537,79.56912733361234,80.20248975580846,50.48255844016443,84.39472022980964,88.00373610382387,44.84059358609804,373.22691345804844
2020-07-23,128.4589571177632,157.22845192261607,79.56298682630099,79.79275128697644,51.91011948410436,83.03057912666536,88.73284081262474,44.77536511100228,374.18491650327144
2020-07-24,124.70091353120279,153.9239520808188,78.56352494498437,76.97544491112117,50.56095849679642,82.399470982884,87.3952604705863,45.255598494673826,367.24004162897444
2020-07-27,125.57230973672321,157.50856720039502,81.02940547628721,78.943143109582,51.78409455058293,82.31032447048386,87.19259807264731,45.335871446654544,371.02176752557637
2020-07-28,127.35954479265051,162.85928704601318,82.89923110524624,79.48004536055863,52.104994755587384,83.77130049027474,88.09536214931757,45.48829087563802,376.334833766611
2020-07-29,129.3366537514743,164.29080392472216,82.95923048625977,79.644101807416,51.59404390936861,86.2069802402055,89.2640164425337,45.64255437014737,380.1848028720085
2020-07-30,127.04982044483012,161.94639758146866,82.91075649277623,78.36965045272179,49.83453784068657,86.01578526121709,89.66094357126418,46.34974955305454,376.5079334623145
2020-07-31,128.6038911842701,164.62876987393793,82.92176602773606,78.13342928108194,49.48478460982416,84.88830530820665,90.29123147930754,46.42178320067077,377.0368951387342
2020-08-03,122.83495147925197,163.57188854300227,80.96556756366309,78.52688828506041,46.87446230916464,83.21291731118383,86.52853703400771,46.72414642305781,368.35644712880026
2020-08-04,120.61742095780421,159.08022676112049,79.97587369032678,77.78023326803982,47.175735482619736,81.91826514172463,85.90575240634692,46.38967929309261,364.26162920964265
2020-08-05,113.37729610252741,159.07288051803621,80.71296525768639,78.8315404071324,46.59733187978389,82.97723613370626,86.32607559100688,46.23045766193593,365.85775970838307
2020-08-06,112.35652366134912,161.2988211826562,81.50746461893984,79.50842624436356,46.75374894943662,85.62783731197504,89.02811914167641,45.852049610575236,371.4351499297806
2020-08-07,112.030026539205,161.28673079769098,80.82408177064902,79.66591599290133,47.84982938243081,84.08385004098596,86.89028981315714,45.74013875707094,368.8591154265957
2020-08-10,116.0768469236762,167.0521790729962,84.0543413689744,82.18041400010746,50.07916477645114,83.6989796396916,88.06479651588216,45.71211432100747,376.50127641246496
2020-08-11,115.74653043789979,166.50022599516555,83.98553168278701,82.91748729787533,48.74023323932573,84.4825428435655,88.41756797495442,45.291063945225574,377.3660949530548
2020-08-12,115.56895741890233,169.10406863006045,86.28861803703526,84.4951995222741,51.41553692215746,84.75335820950353,89.6798319022598,45.041214919971274,392.9933746665459
2020-08-13,114.28878601414638,163.92682364302203,80.42876330194565,82.45048886616763,49.268168765617965,83.04673191301427,88.52777730786204,45.86331435262006,385.28008069479966
2020-08-14,111.04047902727808,160.18579151681698,77.89733115046626,81.3665385020845,47.820739113406894,81.56827358819346,87.58837666993483,45.882528773508554,338.7715974803153
2020-08-17,112.20867759969846,162.5656674580601,76.50947505447756,81.45884875050407,49.961615242049305,83.00940292632882,86.07016142073982,45.74968018142432,340.4548141977298
2020-08-18,115.6932070540508,166.42642307207177,77.49300935820895,83.13910611289465,49.29883381167693,82.68162370277805,86.36172816341455,45.93213171022675,343.5462344229128
2020-08-19,115.01640967988321,167.72032749951353,76.5279514177164,83.15918528541599,49.269008251051545,84.36118045459024,86.7976622443389,45.85587426442257,344.9133060364355
2020-08-20,112.42605890907768,164.8089799913783,74.95660656590778,81.48274487336168,48.620987701975686,84.30335982805745,85.63135374371954,46.053017771452986,340.38640522683284
2020-08-21,110.87560274306423,163.59588518503634,74.23230701473868,80.67728501509166,46.49831731808657,85.51626044336292,85.21251242432609,46.48705772330252,338.1599188662422
2020-08-24,109.74912334523925,164.77463983967425,75.19426964155203,81.26414853433955,47.36145814202401,85.22740530267241,85.03213251450633,46.21540461162006,339.00471815986776
2020-08-25,108.50263169072012,166.3393929075794,75.17798949064174,81.35391322389658,48.01887224316441,85.15338413647812,84.58349255760761,46.21450948751806,338.85577092490564
2020-08-26,107.32878529687085,164.93248155615817,74.6176445888611,81.57193940198421,47.473407958855816,86.85627598553063,85.0223125287946,46.1485035295831,339.2985960735101
2020-08-27,104.92994873277365,160.55903297011525,72.61172272567394,80.77634083714042,45.94643125021534,85.59400789377919,85.60177340010557,46.943201306803715,333.8854748859091
2020-08-28,103.44266352646949,158.16740216742105,73.16284241613351,80.51690068673585,45.19309783321093,86.14408309283267,86.88985509252433,46.75282676357107,333.88314613572044
2020-08-31,105.22353235199567,157.93534786429876,73.38193371939171,79.75436868591925,44.6226908216265,85.80751056344563,87.46543571767992,46.60483805438102,334.3232671725521
2020-09-01,105.4110778196532,156.09784257566247,73.23232671439021,80.51375353363399,44.450427634483326,85.56250983312195,87.7623248679976,45.841664196922814,334.8355964910959
2020-09-02,111.2703672063851,161.71416822604274,75.63287829330986,84.23836381928766,48.52852097564751,88.01201445286166,86.77599011490378,45.79835471008222,344.54380871884723
2020-09-03,112.58912623772426,160.90738152037943,75.83064729268264,83.0421657005208,49.59437948181162,87.05884916735144,86.49223277718454,45.4980438233321,344.1952438203605
2020-09-04,115.63874338372977,164.04435642224408,76.71582025617761,83.29636731207596,49.158237158689964,86.37154833080473,86.66946898290828,45.768811128819166,345.9135774043412
2020-09-07,118.94309748049183,165.8750773038496,77.51674860337094,83.35662952471392,51.04868376010131,89.22845571748624,86.07188557893701,45.51538404474639,350.88328754028464
2020-09-08,116.01130425454042,164.24466012689703,77.66364721130152,82.71756197769942,50.72016773195455,90.77713312787114,88.75441913337443,45.53050792906485,351.9312723492856
2020-09-09,114.23007735890519,164.41685854198784,76.28383147000343,80.52000351271354,50.11450955210959,89.80410033566852,88.53322992978164,46.60786182542224,347.9226030515673
2020-09-10,113.45253406652614,165.60050174438408,76.69996844701116,82.19976342137087,50.661144964493474,89.58580778557565,86.29624304252702,45.959405202500925,348.1469629762267
2020-09-11,114.31068107550028,163.9087395263804,77.40002706048783,82.31362926992918,50.51288377158186,88.77532923489585,86.73294334116214,45.661265356796484,348.30298052365663
2020-09-14,116.80648770611595,166.99649914678463,78.45716725023988,84.33275306040078,51.972488770310214,89.8554109508304,86.45552009967219,46.344787226435784,351.9975492576023
2020-09-15,120.11427971786776,169.83492616413065,80.44587615698138,86.89585147971252,54.88194034849609,89.72938905438221,87.87874283680871,46.94891806928571,357.4145867177806
2020-09-16,120.29267024593643,169.0288108912209,79.93240506371137,88.44049126242574,53.98694239194748,88.68678210074407,89.33566927075469,47.22991754940868,357.27712967399594
2020-09-17,119.44196350079835,168.50768958793475,79.07807582513658,88.03930133632579,51.816401886901815,89.28755431690297,89.97348800290932,47.22712689613349,356.3388213152315
2020-09-18,117.66120792185154,168.25711376714705,77.73229028565406,87.7519578573512,53.12062949693407,90.54685620143387,88.46984271247504,47.08495083141765,355.4603186981382
2020-09-21,117.61806853314847,165.57500017708048,77.29656811593136,87.05252134078977,54.36245070443448,90.03960858551855,89.50023722359231,46.66890437521748,355.35649431791705
2020-09-22,119.21790201868167,169.154998963658,77.73305560822342,88.2112180212292,54.17256776351316,90.32419212719608,90.84280632141383,46.39252121630959,359.00414476243884
2020-09-23,116.94624044226252,165.78898008440115,77.95576274433775,87.34199225922409,52.16160533726555,89.5760468489977,88.44884631125451,46.08485659459538,354.3447530170334
2020-09-24,116.75443248481466,169.20474133946576,78.81995438881984,88.26002509699586,53.5546095203472,86.79043947728681,92.90717108087458,46.0552131335163,353.8284648058962
2020-09-25,118.84297792364642,169.08370450665322,80.16237759879525,88.81264219967927,53.41998665147798,87.45395669939084,93.17034954839869,46.586823469796826,355.51934790698755
2020-09-28,119.37783054020822,171.3588193078399,81.85136177249086,90.83878349885168,55.8749229513182,88.49954299989284,93.91076371213666,46.99098416069986,359.72979298051155
2020-09-29,119.55205404399604,174.9150035355464,84.35726783460186,92.4869579596421,56.75237744026148,90.63026249724835,96.05696678517299,46.95513912842078,365.9617209945314
2020-09-30,120.3558734686059,175.6948754388204,84.09544203179203,92.83554856775218,57.33089017214259,90.32801964637082,97.11829851588703,47.468931701800635,366.6021830284333
2020-10-01,119.87450441858782,176.77125502841525,84.40289114447481,91.64632470598652,57.96768729498286,90.47304597944616,100.53429253495425,48.0496414056908,368.17937057624033
2020-10-02,120.50599976070978,177.75992382332333,83.85925495551969,89.76535837371708,56.93227357382881,90.46471041233957,97.80381682608085,47.83074367299208,365.8244019216153
2020-10-05,120.15330866092143,176.112466250096,83.01645684056307,91.02412660487376,57.36986677527466,89.66918678938318,97.21777592531178,47.89647257910765,364.50410026467455
2020-10-06,118.62818276781981,176.67757896588807,82.56241662013252,89.4611305992065,56.769455961992854,89.55980114425859,94.52315285368103,47.923421076520576,351.1596804556972
2020-10-07,119.6759014363825,182.23557144657642,85.42724296387884,93.33525210491469,61.900289355932976,91.12601693486268,95.54097874618188,48.147164256729994,353.2222359123362
2020-10-08,120.00769377929409,181.27001981156107,85.57209343266719,92.50737118727754,60.94861953803155,91.63107169568308,95.64160641976581,47.36018021100858,353.7348333370249
2020-10-09,117.68400125132223,177.14220603666627,84.40615190920255,91.1497702053152,60.514014903357044,91.87738012818161,96.83329898290198,47.7390666919904,351.1237025220905
2020-10-12,120.06872136878158,181.4304749415622,86.36869519613059,94.54075970986584,60.175228487141695,92.40410833631476,97.04690374898418,48.02956387996726,355.4968491173559
2020-10-13,117.10233428499394,181.38165545986692,81.71647264381964,92.07136202992675,58.578375897055416,91.43882420590953,94.38636209389104,48.40793851265756,349.4355354814919
2020-10-14,119.38167994345666,182.88662787695458,82.44049517240352,93.00281356903646,61.38632519954943,88.59772663540828,92.02778441193145,48.4207033495556,348.70817461466686
2020-10-15,118.94195818400871,182.21257300468056,81.59337268031004,92.55386967178714,61.645269232367795,88.15650196314658,91.18421863301715,48.41718907279272,347.0305944481475
2020-10-16,115.39471220796149,179.57344215902347,79.93363023539031,92.25192708614442,60.72866713251342,88.74791672414543,89.88301117065585,48.39894594282429,343.5520970631928
2020-10-19,114.0601275999571,180.77813085274784,81.35152099199018,91.46468535593866,58.89049290345525,88.68833138243997,90.57910602828943,47.64265649310566,344.6095861353588
2020-10-20,115.14474922459507,177.96076508548214,80.3507255774584,90.94609844782681,58.86443557368832,88.45268562458669,90.0047837837517,48.05920479919907,342.71045719966645
2020-10-21,113.93120593859359,176.82042969874738,80.18417958759788,92.39498118815126,59.49576522176808,89.63465421825168,89.64271596974102,47.87420857410769,343.5028918343133
2020-10-22,113.74215218901493,174.6355458154466,80.65784885116508,93.13695304888772,59.01980809379073,90.34688335938502,90.19075481115115,48.18034741777231,343.77887089832984
2020-10-23,113.54922229972634,174.35896345784334,81.09620480703772,92.48705341529289,56.268162966211186,89.17980517387737,89.72852426466171,48.208982397098055,341.4896401555927
2020-10-26,114.8154888140873,175.85715531267226,81.68718334531286,94.51508708430487,56.624819085311955,89.3990850528258,88.64610588565414,48.73176484074289,342.49965400254
2020-10-27,113.48288031182278,174.30064967896507,81.49015276614563,93.58384802032846,55.39331035075051,88.40737924702856,88.54492427065549,48.65476390665664,339.9865838429203
2020-10-28,110.90762483941127,171.8465096544727,80.22061180672509,91.7489388879308,54.18088906765964,88.64145443049738,89.24661621207058,48.999811164304795,336.9775957769157
2020-10-29,109.89527171494859,168.79488501384003,78.67019351114777,90.38534663604531,52.265241940415855,88.32717218885814,87.83680140831764,48.42568441674347,333.3611493809871
2020-10-30,109.07162082500815,166.37864731045426,76.91254259459937,89.55407578312597,51.268998109862935,87.44259554034767,87.00313029318525,49.00900895057271,329.705427200206
2020-11-02,112.95078768379618,174.99172156194246,77.65965661419453,92.1815719738778,53.18689994046671,88.21253037586662,87.26352588672181,49.11084717077707,324.51559540459124
2020-11-03,111.23462728964302,172.90834023572248,77.27108530052482,89.94246722914055,50.56279845931837,90.07874552925097,87.24820563776704,49.084406732585094,322.8094959062857
2020-11-04,112.4070818946216,177.64713420193047,79.2245560626243,90.13097568789755,50.56988749911602,90.24388297917172,87.27966494797592,48.21210694773726,326.20955856312924
2020-11-05,110.35139492509732,178.5274448669729,80.71636803266493,86.74995050814385,50.97968223688924,88.7638839791528,87.3176085864385,48.02183857034061,325.5857903261634
2020-11-06,109.88456729466783,177.11492669092638,79.96294500091362,87.16831996659386,49.93026013471759,90.56522565709176,86.48523641203829,48.69815273418976,324.68681208099144
2020-11-09,109.97853443747017,176.26658557153158,79.44171893378554,87.71188670053287,51.194317808010396,91.84975384743481,86.45289708291122,48.80094993641443,325.7354177635085
2020-11-10,108.15109946584565,172.04883712929134,77.61225096231186,86.20036075101113,47.95186107662724,82.93164833190056,87.78849278133204,49.40782185377334,321.33279414324767
2020-11-11,105.58083382640828,170.25038223953806,74.74514511910282,85.52696326362899,46.48504253319466,84.16949969644166,86.0497193571903,49.92723121917974,317.3036184430811
2020-11-12,105.05650181113045,172.28237488502165,74.29773539357728,85.38849453390165,47.38856078646485,85.31927797828175,85.54776169515694,49.588699735218654,316.96965219729617
2020-11-13,107.8781356883905,173.88849987636996,76.3566298264059,87.55760717726925,49.1091481237753,85.72860638532302,86.72211072845548,49.4509673140554,321.95645926285044
2020-11-16,109.29666697703917,175.16922263373226,76.25091106867593,88.67429841948936,49.661667197106226,86.53604340672454,86.64409499063196,48.89520752028315,324.43823172687144
2020-11-17,112.37366073866401,180.2627234884031,77.74592215988078,90.44984515826445,52.71616819483507,86.94647766683383,86.33937734133144,49.52314303233317,328.80486673104684
2020-11-18,115.97693416605344,181.30006735454577,79.00394597786403,94.1292944869302,54.42737511195257,87.41669979416812,85.42958378010118,49.87139260658868,332.41004476203767
2020-11-19,115.88423960965264,178.69740639634063,79.72400871023966,95.22006735741404,54.31285889139345,86.14608013044528,86.61639102756018,49.76651486985887,332.30129383095573
2020-11-20,112.38362884818069,173.8138335845068,76.5989346790885,91.61416613395969,52.53086013180388,84.70292080807087,86.02102761967308,49.725348892565776,325.1122743848199
2020-11-23,116.28946811152251,177.20073280097537,78.41144204409353,91.94239832984125,55.6229703082455,84.98930142812523,87.63831757103706,49.53150671446403,342.9598024877832
2020-11-24,117.76734009672805,177.83235943382667,79.73285400666785,91.98037397147051,57.06786780999508,84.9067746032378,88.12159161918049,49.290273050455816,345.22390579651534
2020-11-25,115.63777692614593,176.22005974728802,79.01101934758015,90.39479711318789,55.9412238432207,84.63471991205725,87.11902285647545,49.329907264917175,341.7516326595784
2020-11-26,120.52322526213321,183.35597875874487,81.9242785148918,95.05733928224905,57.37023789493199,83.24843147170866,86.57769506410749,48.498657494612225,348.4094216062225
2020-11-27,121.0656349814243,185.86432508399776,81.66522257717205,96.01008470042248,57.988708730145675,83.78143036091058,86.26646601300212,49.02972488911801,349.39299605858884
2020-11-30,124.95991074753923,188.23092932466466,83.5353954212043,97.83345686511778,59.45514306758642,85.23575369395937,86.87429747704181,47.75865260262719,356.22442532387254
2020-12-01,127.8735301589552,193.8368366809625,87.19580488437461,100.84511529008167,60.70803013195732,85.78789748705374,87.51756698394459,47.12053311226489,363.37776074641533
2020-12-02,133.03631316731585,200.16365248430242,89.68798198001507,102.33255111953189,65.09624962846802,86.91453642044328,88.04203672964078,47.111008288949634,371.1559703725079
2020-12-03,133.49710444911773,197.38756640287983,90.06130906375087,101.89859663586165,66.13848528819267,86.66164454268011,87.72243543699322,46.675980753992874,370.9769260181288
2020-12-04,131.5513375829205,194.41419552126266,88.94467540860897,100.72327808441831,62.82008342657779,86.02204578924743,88.28114586184958,46.61587299781344,367.51086712160134
2020-12-07,132.04302246159452,194.66250980413398,88.08233059579962,100.48627957057728,63.89508586525056,84.84983749097199,87.2854436473357,46.12261452779339,366.5006648022159
2020-12-08,131.94319400536136,192.72391787964665,87.6195073972727,98.41681927563828,61.9553784749694,83.15199522424113,85.30329740396267,46.73258744237105,360.87270432605254
2020-12-09,133.14340920944397,192.104607535386,88.3471933321305,97.52092208638858,62.14538036198635,83.36932671850754,88.13169733331635,46.96316466835011,363.0508133360714
2020-12-10,134.86843436933268,198.47757335104208,88.80549596379036,98.1539831185048,63.4089365248032,83.40278410936624,87.95869781099981,46.33117284804632,366.6514622736454
2020-12-11,131.6019962501527,194.85365219272362,88.35663136036256,96.74463943546995,60.7797438284559,81.4866429796901,86.64304039506926,43.91780956786257,360.6588901104481
2020-12-14,128.46378097973485,193.58852836814717,87.65170918732083,95.95566624605509,61.31044027903081,80.57166125674418,85.13477464880162,43.82066605628289,357.072347848989
2020-12-15,128.36981562582895,191.70672268924545,85.17923600024461,94.02105257650028,60.6234688711371,80.53350240718954,86.30956911387457,42.277105692877996,354.2921691162251
2020-12-16,131.61223022199817,196.6551670153233,88.57742907924984,98.8836963687833,64.5661906776101,82.17573759052179,87.09635879203387,42.0689579555617,363.4668109836734
2020-12-17,133.16931665795656,196.64192347525193,88.61619023953568,96.263982126749,66.45069023498873,82.02222316238607,87.58971022893279,42.60794561204975,333.9335317424945
2020-12-18,136.6781742298205,197.37210731148073,91.64733147432418,99.38090197029445,68.77022961554347,84.23904342671284,87.48566702829666,42.3609817131719,340.12467260164993
2020-12-21,132.2964318405851,194.4402795502013,90.70142787485503,100.20065759962377,65.37940167474761,85.39696936186118,87.1208127460389,42.26790013537977,337.8468764978937
2020-12-22,129.87343717927757,192.9919127541844,88.81918033529284,99.7344885849488,63.43448045053667,83.63028969720754,85.56240816150552,42.503997111463995,330.91579237818263
2020-12-23,130.06518565221563,194.7500794452821,90.38656785897696,100.30783359413344,62.972613919054844,83.9824776363357,86.37645057760133,41.90914718782394,333.4420102427741
2020-12-24,128.52882334340256,188.6615721513925,88.84416089226184,99.9760033919471,60.211910114274964,78.71496380347664,85.02254311264832,41.946546159755364,328.5339665686618
2020-12-25,127.26550996996956,186.60141419438057,87.67670475309339,99.09824176794149,58.59471084669468,79.9009220124058,86.03225918378912,41.70173983465313,328.27450718470544
2020-12-28,127.65499848902179,189.59869041602002,88.01373270998197,100.83184166240453,59.51497027754142,81.63362459122308,88.37830968454205,41.69235647951813,332.98681970296195
2020-12-29,128.90712860943066,190.49303398602632,90.06805232648337,102.1196838625435,60.055966115685074,81.55717768638132,87.06209340099886,41.829570650197915,333.96456818629974
2020-12-30,131.51653507815683,190.3118225968911,90.5390845862147,104.19929631548142,58.648253365569545,84.06240522745132,87.9346690412969,41.785490711145144,337.8572380239566
2020-12-31,133.315777094987,192.68495828743698,92.48106880545367,106.42744250720028,61.886983837258605,85.08978542980513,90.80175566539727,42.016233237550075,343.8844155772916
2021-01-01,139.57209162027237,197.51329594072436,96.35302836960707,110.08256063483503,66.3191068037448,85.59567326710487,92.23887023902493,41.72880419018608,352.7745656934862
2021-01-04,140.7738624694209,200.79291883456295,95.22738213729896,110.4302133202359,67.43829492417494,85.99254885866794,93.66449341217997,41.572511054013646,355.3522223872598
2021-01-05,143.82976706213503,198.54896969054653,95.6447180976835,110.22592278412515,66.65641600093562,86.66409391811648,95.69147918286106,41.91626314420781,357.0755139618284
2021-01-06,146.17701629941587,202.7160093372732,97.11402959413303,111.1088903209877,67.45384297883093,88.13653699862886,96.59096004237607,41.4205252913828,362.1898331838257
2021-01-07,148.44935900483492,203.6056813854131,98.05225165210979,113.75982557827604,67.07783407209254,88.53739346750336,96.75497436220944,41.49088381354389,364.62473620478164
2021-01-08,145.09792025595968,201.8937233604258,98.16412629847804,112.59793499531322,65.8594824428127,88.61534044470169,97.06356475489957,41.750016128490856,362.36624840628355
2021-01-11,142.71144433121933,201.98832095161418,99.08352360508802,112.80739946406376,63.86304475445663,88.38150686703183,97.18082018345174,41.34370155362013,361.7854432730446
2021-01-12,139.2883785459105,200.18567429339254,98.19800270536956,109.16722749489733,62.65623647357456,87.74956151457934,97.33415721167177,41.301964280488754,357.9014493890502
2021-01-13,137.51615604733158,197.30028275998737,97.07842185456501,108.0533388588318,61.329509599976895,86.89533942550152,96.31268537082165,42.277122851187045,352.9378727586755
2021-01-14,136.28281692264798,203.54501325395418,99.19755968156343,108.02841421094013,63.3193239012772,86.15105855875768,97.19219469120739,42.12473841763947,355.4887458688515
2021-01-15,140.26990947393952,208.87951370801215,102.46781158602414,111.57526259014921,65.52263051638381,87.79194365607069,99.95077025338357,41.977424151019164,364.3158763190245
2021-01-18,142.49658208387868,211.64355458435597,103.9279325258569,113.24984130699492,65.43206401269697,88.21878257508308,100.70995128861219,41.73639890653137,367.8509358811155
2021-01-19,142.67453818185248,213.72582416496655,105.32681910467124,114.44031560659397,64.6024044892817,90.49051281940815,101.77438617557212,41.61416866987449,371.65693161535324
2021-01-20,141.56998672133662,216.41521092798143,107.5434023353836,116.20889473941399,65.30550977551627,91.41007815268314,102.35945493311335,41.47748211432041,374.76711529855254
2021-01-21,140.59198226807496,216.08156733866713,107.51452771556791,116.82195938746435,64.44674321101766,92.15930897686872,101.44558004035373,41.27978420671892,374.55737245715505
2021-01-22,138.0562371562408,216.01564050505928,105.9252611102721,114.73367506365472,64.85274806729936,91.02227556338183,100.42290961552837,41.01716547804033,371.30880324262006
2021-01-25,140.23863559183715,220.1583537041018,108.14696139816026,116.87302191110487,65.97358358764814,90.7207305308298,102.26923465402086,41.18297735133706,375.5466745056188
2021-01-26,140.4595930935216,219.68552598191812,106.70632402113029,116.5620173116741,65.19152605484838,89.54415543652509,99.66324855572383,40.6895229537507,372.72544819853164
2021-01-27,140.37139594122317,217.45387831561536,106.78656541796954,114.4737274139115,65.49057896213434,89.2538669686859,98.41833996959797,40.77259452478561,371.0030210230608
2021-01-28,141.82954831819328,216.693598902528,107.8705354266906,114.50444747267748,67.12391017463044,88.19405336248123,97.07434874596103,40.91808319278395,370.3316887365842
2021-01-29,146.12262009031792,221.22638262690498,112.12260540842843,117.27969774704536,71.14495114571628,88.11303678805389,97.92124584314396,39.95911534576809,378.0774906866438
2021-02-01,147.45298192304412,219.3194503158237,112.27810612520098,118.52950465886467,70.73837100580648,87.17771601568755,96.91168156384667,39.65335820814788,377.41508771891955
2021-02-02,147.8472306821293,218.99475636226225,114.29191482839056,118.18609731412118,72.84589089534944,86.18041008687258,96.5394394316289,40.058177430663726,377.0255161166427
2021-02-03,146.8803635084633,219.46481072660876,114.79765060391304,117.48385338526158,73.51620110852502,88.1513166558311,98.04766250971697,40.22827101767365,379.34418500283
2021-02-04,143.22360217567814,217.00578425778053,112.10660854501786,114.54510416717093,74.27367026433878,87.12936342111628,96.21885195730769,40.7714722554558,373.1095073405293
2021-02-05,142.2183563814156,219.113732148588,112.64337452769203,112.72907642886341,74.91916525953208,86.6559164856591,97.95895635581512,40.560421056102086,373.93997402586245
2021-02-08,146.79684670914872,221.75681129774904,114.02611446105873,115.07211623434141,75.8989984187564,87.6907934333895,98.50588144248773,40.36551424708204,379.09135480567215
2021-02-09,147.1095250648698,222.53222975158727,113.57173300364309,114.32936729330622,75.73772240471318,87.66552574785999,97.94377646897074,40.48338959232493,378.34719634165816
2021-02-10,145.34256345002385,220.0838715963947,111.44498021208496,115.15527618925525,74.77387041789375,87.49271927434602,97.03703828500201,40.561086310275115,375.6883307074918
2021-02-11,145.0341065467045,217.47393022187663,110.2471398560958,110.51023404255916,71.7552210797339,88.84807286411863,98.76471980216704,41.048859609363284,373.72934892572084
2021-02-12,146.8823339294195,218.25311583898875,109.54339797852377,112.32298788456977,72.56257018647352,91.87050670105403,99.79682458064383,41.68140667998247,377.4789982962258
2021-02-15,150.47194693846853,226.0739561368385,111.29169104950995,114.36220102731224,73.88073797079251,91.30383607055374,100.80833411978479,41.46954103152007,382.5889371088917
2021-02-16,152.0796120928734,222.9637653792331,112.1822040325425,113.86918469411646,74.53432676353195,92.14610326481566,103.09614655072119,41.148844026932494,384.8790167365146
2021-02-17,152.36562095920294,223.7995556970005,111.21267506521949,113.95770613565979,74.10468118493016,90.59182919144311,103.29015857502678,40.98342918384361,383.78908596292933
2021-02-18,151.25546857850978,225.89896008410358,111.61444146052752,114.41384512119721,73.79112039729524,91.1469814526894,105.4286658897957,41.18146450434037,385.62311424562625
2021-02-19,149.36238961385826,224.1494333396503,110.30064449910547,113.6481857418134,72.56979899495504,89.95826306965648,102.27118478524719,40.76096714034443,382.34602924718166
2021-02-22,149.30988124579372,222.1233934909983,109.77653348394855,112.4655058187292,73.39617287970637,89.62757698072937,102.97106622969696,40.885055538123716,381.47487554153207
2021-02-23,149.2014756960408,218.94273117747042,108.6691047456614,110.42928204512575,72.8420452507406,87.86945459330944,102.0362697124019,41.18015652729744,377.0092239728723
2021-02-24,147.32069613676376,217.187612189338,108.05189952700843,111.70222036521282,70.37297358227259,86.65391958858335,105.16841388397995,41.1335960992057,376.49811388604263
2021-02-25,145.9355570705585,209.03291144826105,105.64117106124908,110.20501567120877,67.03049997997867,85.57154514162492,105.68030281833825,40.67817522891686,371.7581885435449
2021-02-26,145.47577867251997,206.84906394466316,104.55346008578051,107.58693476104156,66.2697489457216,85.16221273324902,106.15718581082166,40.81502596324703,369.26842763701234
2021-03-01,141.89162674167292,204.643270724521,102.92614097185249,105.7738354820755,65.9352600546217,83.7900774303787,107.01440212371,41.441026910671546,364.77592189086687
2021-03-02,139.56126827156606,197.35393705895555,101.53315541010143,103.65140530882664,62.9022605380385,84.44715366028788,105.89642844387087,41.416508525310945,360.03020406861594
2021-03-03,136.94183001491024,194.67322315329662,101.47852190516741,102.93965271637153,63.303793920406676,85.2683834728866,106.09433550828089,40.656566239457305,360.03239012824776
2021-03-04,138.90516011066862,193.15003920906562,100.95000852414339,103.23542626037508,65.10571278315903,84.74905858835976,104.89992624507892,40.678488414425985,359.6693091110246
2021-03-05,138.64851304277033,195.2554573024733,100.69291046976818,103.67574418119918,65.96154068281307,84.36214468660405,105.85967912213682,40.72757281541501,360.58416871336726
2021-03-08,139.2442427955801,196.69270227651623,100.53939595041226,103.1938081345304,67.67298078412611,85.11229607404984,104.8178472506646,40.78105198308462,361.3449694871578
2021-03-09,137.95618661547357,197.66595840073032,100.49562567071877,103.30156640279739,63.92267212362593,84.67658535807833,105.15088621910871,40.93062884647015,359.71453826676935
2021-03-10,137.56500049778364,196.96054618585876,98.74862764708706,102.2361570522201,61.82673164127896,82.51571773641054,102.4535659777546,41.53752344934557,353.6744842978509
2021-03-11,138.21861143611096,196.4780588028851,96.76977267538267,102.7634202238152,59.23211547841159,81.91008522378358,102.11940521166888,41.652665166786676,351.6003005637403
2021-03-12,133.8584255193899,190.58640883793333,93.53768700328662,98.74598273652815,57.49408294066155,79.67085111853987,100.86780581507868,41.946044702054365,342.6229121059364
2021-03-15,133.6609562821314,200.93162538606506,93.7948969965055,99.63856916853575,56.32583001907814,77.13466951530036,100.08376639838737,42.11553463805804,340.21180652567466
2021-03-16,132.54008574280022,203.24939027797214,93.80469977764929,100.39913278926477,57.170916471251715,78.79226805806675,100.5239169201281,41.845892022993866,342.86662610554134
2021-03-17,136.2848993245139,208.1050624256067,96.21158086716953,106.6946564256796,60.2166458440861,78.36109301561768,100.32460762589473,41.36347063929128,349.4469858319412
2021-03-18,135.43611734552601,205.8937266728458,93.99001190894369,107.41732300052169,59.83347760498958,77.84722365831178,100.88018503157441,41.62007781255749,341.0250605952226
2021-03-19,137.19072559015626,208.0337928411709,95.5365152252353,109.74785437391631,61.263854207198314,78.04415884436996,103.2107866703284,41.37688228958462,345.60241285650505
2021-03-22,138.3120778581664,207.77306456624424,94.78896363019656,109.13292366424105,60.691094014079916,76.65930481630052,101.59012636424494,41.50992237607422,342.9944909532957
2021-03-23,139.785317238366,203.15752934635552,94.39106806024746,107.59138524519602,60.53697792361337,76.59185389694765,101.27806894598882,41.53725652042306,341.4648134411647
2021-03-24,143.22209172042386,206.49431282409995,96.96027008811554,111.08945114594948,63.35652577569857,75.54556240320296,102.4628528687218,41.279890321681464,346.3201048271427
2021-03-25,140.8903141970103,201.50857922388883,97.27813559990402,108.48122567840485,63.174711998391906,75.27075213430598,101.49809794958811,41.365587875436745,342.7677102922112
2021-03-26,140.9791330601117,199.1560105416289,96.17701678396112,108.86926915259589,63.018531640231544,73.73769434631483,101.67786369721834,41.446737417033056,340.60145766385625
2021-03-29,142.9589238820905,200.68924834585604,95.69643812234781,111.85430679183192,64.00388300088281,73.92079719113043,101.32850268469168,41.83456577805471,342.2069496173385
2021-03-30,139.1879723480306,195.64395132481818,95.06046348620036,111.04997352146269,62.01518333525504,74.69082685021662,102.50458460744306,41.834841509262255,340.1739875949967
2021-03-31,140.11797553111364,194.70920015788005,94.92505877379189,111.39840557479889,60.21295577866891,74.6135907742399,102.15435427073781,42.200119884066496,339.0849214208534
2021-04-01,139.29742815970468,192.92158636110852,95.2642559849538,110.94401043264078,61.75766702535393,75.10496377432433,101.7368910199427,42.32635013634002,338.9139864573654
2021-04-02,141.53055232614938,192.10878747214826,94.49573260835409,111.51011783154534,63.38405808489166,73.13509499006888,102.47905747979257,42.334003256075405,338.4777560010015
2021-04-05,134.16070453459338,182.1214153572658,90.40057605643409,106.33075309297708,59.63527958246846,71.29637179434869,99.1464065864895,42.52243867527869,325.92847990485194
2021-04-06,134.82392333171046,181.12805708224553,91.08560281823196,105.6835985396116,58.711790185407835,70.90372534077773,100.42615585978982,42.474221960936816,326.0396256329814
2021-04-07,137.14397625897436,187.66120530655027,93.63355099557505,110.12281887817095,62.36237072128573,71.03272209373934,100.79100882732246,41.85532725826308,332.75918426503307
2021-04-08,135.74895540417592,185.56501666819406,92.01716530512125,108.38346460880796,61.823412877332885,70.59720298465874,97.83528101858985,41.69147179135929,328.67193444628725
2021-04-09,136.4518409100918,187.30792467526967,92.90179828362572,108.17469399292905,62.65271588943484,70.3577942808295,96.29517906859559,41.927703962250305,328.4406041018614
2021-04-12,138.85475222861893,188.25747995729614,94.74145575335315,108.86517413991518,64.46527240423183,70.28263314654478,96.13405562031522,41.00832066796247,331.61293545357665
2021-04-13,139.19906922836708,187.73173617703304,96.44575570935771,107.8932672395857,63.967135398944876,69.61529059450305,95.11654415167297,41.35979023329556,330.1392843873398
2021-04-14,137.5999776150666,184.78654656336505,94.05892535895994,107.84765072509333,64.05827226404438,69.13359594784032,92.80242355742664,41.02754187698826,326.734466981299
2021-04-15,139.05336719521804,181.79088051978587,88.73444390363024,109.23710674040557,63.652859820706816,70.44376299379852,94.35375194329114,40.66661409252035,328.9489437682185
2021-04-16,138.85911838362074,179.69117798591756,87.14043586598761,110.13087656166682,61.999409913114086,71.25630525521764,94.207639860652,40.69929208852915,328.2244748533426
2021-04-19,137.51432798266416,179.72524981640692,85.01345796449121,109.60073460609469,58.52590929404874,70.8262051196032,95.01087589588306,40.963256643684105,325.6081642838625
2021-04-20,134.79733022365153,175.98204214582506,83.7363449413013,104.9376023746669,56.551573908418725,70.57853627309342,94.2963070534465,41.270296227451205,320.3184127199512
2021-04-21,133.62717249567717,171.12486898505946,82.28955113535453,101.80704928403411,54.31252717888473,70.59864678028325,95.94750503730214,41.36922248043629,317.3446187643167
2021-04-22,130.33924854092723,168.82317902478144,81.11343500606596,101.80021044866632,52.68017954635232,69.94812245182524,96.68272549670745,41.43877916145491,314.5438755589446
2021-04-23,136.3191606582959,171.96762603854677,82.79120528908331,104.71510846719694,55.135154167423245,70.62256117007628,97.26799647146048,41.207056807500116,320.7246802951471
2021-04-26,141.60825110998107,176.03475747188662,85.22581342714534,107.15479545789051,57.10255221592976,71.06808742841959,95.96766496922916,40.98837539389733,325.59847693645685
2021-04-27,144.6580348656015,176.21217073724003,85.14167935386227,106.48988301620074,59.03629149469215,70.51374899863664,96.46664338561621,41.331869827182906,326.2908511025852
2021-04-28,141.2713519405849,170.75881846583877,83.89650972345231,102.50835029442261,57.190763070008956,69.99899749035204,96.35258415125935,41.65623465220373,320.7253999613934
2021-04-29,138.9638703407781,170.31742217596403,82.88279344294202,98.10303729310469,56.557725586166185,68.70623071547973,96.03636836994913,42.25006210697937,315.89598944516007
2021-04-30,141.52590194900029,172.7503452712963,85.37297817003089,98.72324372014803,57.94127982896684,69.797934797677,96.71561245913813,42.53498968380425,319.8627133211068
2021-05-03,146.8151908255149,181.27004998661135,88.89559086331683,103.4104996137591,62.85548405299213,69.81416137876872,95.49143736730869,42.757579156854284,327.02155030821893
2021-05-04,146.3568101423868,180.95263265216238,86.41962236050328,102.06320466239472,61.193180900869,70.39670681562212,97.03783041373798,43.017251743515146,326.0868890191442
2021-05-05,142.6191940831691,179.11573769425812,85.9907074225917,102.49740643881718,62.57958506012507,68.48313322799025,95.06209568467273,42.88259459418478,322.27594098414255
2021-05-06,142.7774161640332,178.80965814464923,86.8840377989255,101.40908961309263,61.39734719470859,67.67642249970832,94.21448049206795,42.43782482281851,321.10889986390526
2021-05-07,142.48529974001127,177.00415562344264,87.13710063098493,101.00702235178173,62.22485341003897,67.43658420221023,93.96010241461178,42.280672973216966,320.5734159365701
2021-05-10,144.39967456155335,177.80381857202585,88.1242275076666,100.84724301681126,63.741139926779,67.1840157234666,94.99095780993241,42.27303990832286,322.40196213672056
2021-05-11,141.58636090574186,172.5418756272756,85.56361709339804,96.57615215384358,59.525290529427735,67.10751206656953,87.20154557754758,42.25750126881579,316.5290882175189
2021-05-12,140.21845736154563,174.70007938432022,85.34158061432522,95.13635357952586,60.22216664606797,66.83213779689427,89.36855280289927,42.07676841684998,317.4897267461832
2021-05-13,143.01738359022738,176.0331235867032,85.41687738737936,96.74718350486664,61.87800729585285,65.9451426773036,87.63399103144803,41.15534735847012,318.8104183644362
2021-05-14,142.48175749903018,175.3048711122489,83.5501536495683,94.48774230016937,60.388240434219334,65.16144783365077,87.26732327076742,41.439856025472416,315.29048117751034
2021-05-17,142.55584069649564,177.62504076559944,83.47141595594462,92.96176967329943,60.13347252673743,63.89824780527247,86.62562659350867,41.17260412484664,313.8870918856219
2021-05-18,147.04544034956146,180.31722701534733,83.32341713523451,95.1393270810903,60.945514265719964,65.25068179434842,86.82240102591322,40.878515939581085,318.4564799950998
2021-05-19,148.71240954904582,183.2967645732701,84.28368031485931,96.96139239958165,63.05425655693452,65.73086033426516,87.03957566976246,40.30321270238539,322.4315736820942
2021-05-20,148.9528611576627,182.67170760695862,85.31179110136301,95.54649241598614,64.83647451043838,65.74095281732147,87.39522408131718,40.17744683557546,323.07977124663483
2021-05-21,148.7161048638204,186.53581325818556,86.06173393348934,95.66172275078425,62.51699089381603,64.56526174931818,89.2312393475067,39.79233672124634,323.2527552965264
2021-05-24,146.3957282980188,184.24222704580524,85.70675274313619,87.66859365818301,63.14753839212166,64.31715818021163,89.4300711692128,39.78635162028098,321.30758118568707
2021-05-25,150.60025786754065,187.54384808229418,88.79855656539847,89.21566210105105,66.24935783639077,65.36315628359056,89.08321751453444,39.71156553574939,326.7641482096222
2021-05-26,148.46536674626722,186.56881566597437,88.37891121178951,88.53369931089956,65.40531233956715,65.07676922454505,89.09486138611628,39.81195670649909,324.44258461045234
2021-05-27,155.55232101772907,189.57385686020046,89.6057364854363,89.88278527524749,70.15661683839556,64.68211343620442,89.68313431505177,39.80768779904184,329.3595949186109
2021-05-28,159.08025691310647,195.10801052222484,91.19904945553543,92.07229658820516,70.26142828965105,65.35565277866736,89.48368641590297,39.5940061014118,333.8283142434157
2021-05-31,160.35517250563834,192.43217704054987,90.74352767562334,90.21480828286822,68.50911225516919,66.28450854786192,90.78801329917441,39.99460668118273,333.4727345213778
2021-06-01,158.309268591842,194.10954870233115,89.51343089942202,90.67289054280927,67.67829155813395,65.35604254349762,90.9021602608407,40.35641714306028,331.551497018519
2021-06-02,159.04743116417018,195.04656821145872,90.37963119064007,91.56850565352995,69.00207430212703,65.68141409532717,92.16351159190594,39.76530317173291,334.7249124222448
2021-06-03,155.30413186441046,192.63170665608652,90.84786317472972,90.27394750470633,67.92141832796749,66.00128330837877,89.63001762900959,39.6465995865315,331.45269307023875
2021-06-04,147.50395573737808,184.06489210778633,88.47479712379345,88.09094556712193,64.60701315026762,65.75115912004237,89.19715886605898,40.06031574709484,323.75378949205094
2021-06-07,147.9340418110115,183.13941571299492,89.47849814146618,89.9896847404746,66.73096155120145,65.51888461399453,87.88533158893863,40.50550107557275,323.84911302069736
2021-06-08,148.92056939126596,182.67549828729312,89.88451060170057,88.96355799097238,67.49406837387427,66.72708335513806,90.5318644334323,40.72549953131849,326.4826241886889
2021-06-09,149.5980289209298,187.6881093142411,90.61416049509891,90.13194785395534,70.61850413476468,67.50236453219054,86.1264025039441,40.38406585059121,326.446799581991
2021-06-10,152.95868267560786,187.99544568778256,90.95437165619369,90.69037945062624,72.86952520774543,68.31883818714829,87.21639508348389,40.20519634006699,330.0102256260542
2021-06-11,163.95363996127426,198.54701368539432,95.59395822444242,94.1466371950422,77.95174996609475,67.27996607575194,88.11866055284413,39.861832949496495,342.02401482338826
2021-06-14,167.70341916598315,201.2663303746424,95.60628302480107,96.68991794906454,79.73639578739235,66.21024958238979,88.52816540588637,40.17237122892545,343.89371219811443
2021-06-15,165.41078580981437,199.2163063398596,95.48941983383014,95.3630466460565,77.39689383995547,66.60734358805995,88.12413819935824,40.39615607060725,341.57788575534124
2021-06-16,161.6096630689567,197.90745378195277,94.88417277164397,95.52387921490396,75.58904059907263,65.63402872749522,89.00175757311501,39.94732386319902,339.78765526240585
2021-06-17,165.51488455803135,203.08111734788392,96.18089440931115,96.44194427815977,77.50480361740567,65.07684597977243,87.81454732206888,40.072838107285115,341.8257162778167
2021-06-18,162.59524437461,202.28926606595903,96.05256302215645,97.68460135783998,77.84407733161294,65.75575095471056,88.60008258434596,40.43348988624925,342.1442068332321
2021-06-21,162.38804039210964,202.06975414465836,95.70267202040289,93.20954623586287,78.67351595482985,66.04817551372795,88.5088320676463,40.19776607386752,342.74623494571733
2021-06-22,163.5315319791885,200.72409707759982,95.25728450590081,90.9623795412151,78.11833024697304,65.86050230142165,87.7572135889922,40.774006150852145,340.19884929148634
2021-06-23,165.71183516327318,207.5442579155912,98.62210460490813,93.42184323718526,79.555619505961,65.35116475075502,87.29318300329949,40.38205223812706,344.4624802767254
2021-06-24,164.90272848917627,206.66911674987804,98.78187585374845,91.78275528086405,77.93400440233653,65.14369363857148,86.9498446576173,41.037071827847264,341.850979835363
2021-06-25,160.3533865413303,203.88275058385588,97.95657284609915,90.34662152306439,74.34313521528408,66.17470980699045,86.11717447017143,41.32924204056986,338.46140772827533
2021-06-28,162.19269085461883,209.44442260607397,101.34984151822609,91.6286333647104,77.95352336783111,66.09045405663952,86.42401887279162,40.767880020683464,343.1729369181245
2021-06-29,162.48129515725677,210.61380407198442,99.84516489898557,91.96930452031526,76.85738319859891,67.15117902438107,86.6317582129154,40.794206632332404,336.3314166655712
2021-06-30,159.9973054085017,211.54286253619682,99.77337792201858,91.60239369268052,77.26426511706474,66.1382248898066,84.46709608962425,40.985606409340036,333.1739936156086
2021-07-01,157.03266101695348,210.9784180719124,99.77249559746697,89.69329738405747,75.28584830378654,65.1451628624369,85.84210473694651,41.35599217389905,330.5401375789241
2021-07-02,158.76569464838727,209.327403209364,98.80327098428488,89.48722747782017,75.74822058008394,65.08616178061807,86.10114853382201,41.418831817251025,330.39718155691475
2021-07-05,158.07498427382032,207.74831909340944,98.50171774305356,89.51569292824394,75.57499336995815,64.02165732465721,84.28027059961651,41.624184553045225,327.3099741467774
2021-07-06,157.27848696025538,207.31456573355814,98.6913401783665,88.31045865876663,77.17890024214871,64.17464420079162,83.59545219908838,41.584064025648566,327.0697152866085
2021-07-07,161.05453890911357,210.20938225629294,100.21470837492004,90.33932340418782,78.26455662728469,64.82167525875067,84.50788051706594,40.92334082996655,332.18157148171747
2021-07-08,161.06514417616677,210.57328772478263,100.3566487181708,90.73366388474082,80.35957018877627,63.87012239854647,83.54088595841935,41.19001169891946,331.06113254625774
2021-07-09,162.51089199717305,218.47147565742966,103.51310091571013,94.41129288141799,83.23167250890492,63.63408534312544,83.28042946282423,41.28656733922045,335.688763737408
2021-07-12,163.80865546943096,219.1515662454263,103.46436343834651,94.467207948237,84.74642636277298,64.40851383212836,82.62652458155937,41.537519864494456,336.56569786140193
2021-07-13,165.30652449724357,220.05923567878855,105.69856435752064,94.99995644814983,86.15743265003394,65.17151905496023,82.19727773736733,41.44484915124095,338.9538732939322
2021-07-14,163.95269677421666,217.80065673521213,106.12775908797899,93.88241145369393,86.16302852419922,65.29291400206887,80.64847327730392,41.672065285154055,336.6310840423694
2021-07-15,165.91217978930922,218.33122318330362,106.5697853192399,92.84206262755015,86.74815101483102,66.21424386767828,80.36418282457076,41.422085530093035,338.10339121425625
2021-07-16,167.46058638712628,213.69895460123368,107.7555095348501,93.26850874971163,87.69947285209673,66.16640660139974,78.34673770007737,41.69620994343161,336.5337958887195
2021-07-19,169.21340792637827,214.70789624207643,108.58912648171699,92.99655509138209,89.78497206007731,65.35098165673172,80.34731112719238,42.481129463862175,337.5290803409535
2021-07-20,173.16798458433274,217.90151903543457,111.50941312817247,94.73073594720269,89.91987960228369,67.16517838255912,82.81413205943487,42.298852782546206,344.53776553780796
2021-07-21,171.52867389488605,212.0578022763596,110.60502729324108,91.4378999990956,87.86501986031321,66.08769926180558,80.5279102069351,42.523077633609205,337.97436704418476
2021-07-22,174.2143467194927,211.26702800765443,109.81637893489038,88.70362192074364,83.97837227054858,67.69151279736909,83.78591283089514,42.51253785035441,340.18514911987774
2021-07-23,173.4493491597918,212.78877627256475,109.56981180286938,89.04763077317075,84.15089231291194,67.19957494645848,82.91877703739004,40.400632787149526,339.2029980330135
2021-07-26,174.9827754126171,212.95070069499837,109.98190841907255,90.90048042887145,84.82428220155643,68.16650315828822,81.50425336833113,40.204925750271045,340.85969546346524
2021-07-27,181.07171759701842,213.2059887529801,110.78503536640837,93.53682111552924,85.77720293566627,68.52066326795214,82.29344097315354,40.19526677223154,344.86205651195803
2021-07-28,182.66213393046337,217.7203432053999,111.985703862829,93.93451102967987,86.97867447899159,67.82499071268272,82.61303134633745,40.00412937865885,346.75413262243893
2021-07-29,184.42820706125323,216.3432637613775,112.73139547654459,93.57273533428969,88.97741378829592,67.59001787482974,83.20734423208964,40.07847685360138,347.49794904051475
2021-07-30,184.94687391165309,212.70531563811628,112.8860859727865,92.99224848576901,89.54784612306862,68.11742817609853,82.57678158360638,39.80577992655955,347.1916848100272
2021-08-02,184.1190897584596,214.37733974141128,113.09017162416637,94.40964362194109,90.83323809475881,68.40412590281383,82.28292163754806,39.87219864796497,348.2460803361174
2021-08-03,184.1037609360562,215.70466257178552,113.5666166910346,94.90429508446128,94.17178837191824,69.49374720799061,82.89054245940517,39.923282502343206,350.9918862523837
2021-08-04,183.7027985145705,216.1943932190797,114.71945884430323,96.14478193765518,92.92336543353132,70.46680992638387,83.34324697343472,39.5433889582329,353.3170979280238
2021-08-05,188.60450930895027,220.74477355069797,117.74540384336152,99.24780506176337,98.72877327643569,71.77441346790862,82.74653146211728,40.084868519806534,359.05954969898266
2021-08-06,187.07414471730866,217.01029278492115,116.96818895521999,97.88019413115792,97.6703713970373,72.1899113591762,82.21033774565147,39.77118403823739,357.28918376198317
2021-08-09,185.4774553728033,216.17783405052856,114.75466973660751,96.62480403427436,97.58894426194485,72.46196512431314,78.80582144261989,39.44166005553947,355.55244127472804
2021-08-10,187.47480723687835,218.77520928626862,115.2187522379185,97.78243813530015,101.67728484496617,72.88569349741394,77.32618667150774,39.47731080123593,357.268520634791
2021-08-11,183.3814028679659,215.7012956565029,113.39082468980729,96.38464350303889,99.62059758962403,73.46050892960076,77.47641210051316,39.99286335841892,354.0920983898355
2021-08-12,182.40896497224517,213.34124654235654,110.24909139748515,95.31745382355257,101.55224952622156,73.51626931278736,78.01912860459784,39.9577187927579,352.79592983313484
2021-08-13,185.7361882672569,220.85850902372226,114.84150249592047,99.24107594472397,106.39123007341703,74.52789987158609,77.96527557610658,39.27245037468274,360.9320184961043
2021-08-16,186.06148772642618,220.43053077464265,112.90278767697703,98.60499156233979,105.12432591644149,73.3218489864496,77.0181781081624,39.22611917697203,357.9994543043898
2021-08-17,189.2650834870587,218.24688748202897,110.19761457226915,97.84830598806083,104.71073883834525,73.68208623505163,76.64691481324097,38.9668262831297,357.4523027795707
2021-08-18,187.95618477927707,221.13109965167726,110.52067332944084,98.20365044551437,109.94118191271,73.48318210724474,77.03600371691482,39.18624278262916,358.79938774062697
2021-08-19,189.07999196590418,222.54870484124905,111.21374603333749,98.0731028248188,111.37274479532154,75.52513826059308,79.25916795493059,39.225450873109295,363.39656168639624
2021-08-20,186.34631009948137,219.78523405313308,111.16673709375046,99.10121650026548,108.82903325332428,74.85936947034062,81.16807629205508,39.30824460056705,362.78866864608784
2021-08-23,187.18890028287208,221.11078862818425,111.30978432187793,100.63180271135832,112.5317312705233,74.00207673280421,80.36980119863665,39.62590715135536,362.79624096240366
2021-08-24,185.72330744708876,222.53683910787313,112.89140642276897,100.60633638222379,113.38720838656937,72.91862419247263,78.90034355322021,39.67086478903897,361.1886359212777
2021-08-25,182.718104610231,218.36511061599722,109.8845062685715,99.21182662587489,106.38434912526017,71.52339960691286,76.15871153359313,39.94473697933764,353.0265407817446
2021-08-26,182.9798786866811,222.68925519492137,113.24631774541044,98.75438686382942,108.78840970758485,70.95771221903141,74.81143975583053,39.832852746346816,353.8957303109901
2021-08-27,185.07499907056575,222.63073210060116,114.3813203308234,96.57551332666382,107.49798551780466,70.39937569761234,74.76907726540963,39.75104295673419,353.1901031894673
2021-08-30,184.66621522789293,222.4054030579027,114.92547529860671,96.82436177051567,107.03887214636207,70.78090024851048,75.77322001903369,39.554870288140016,354.6072333955922
2021-08-31,188.6120006467925,222.84178604860446,117.86412775465429,99.88424157386166,108.13066201423948,70.37777203225829,78.00766792874647,39.319353889639274,358.2961032081128
2021-09-01,187.54325390187884,222.28647706080724,117.11091810431559,99.28491010262259,89.0134326853825,70.37454494552689,78.10349406396567,39.66859697677404,355.6999429366736
2021-09-02,187.0860528699361,224.03301341065506,116.19389400741495,100.2082375594713,88.39761795629516,69.32748361441412,77.41081720502675,40.16208933453133,353.72409609767806
2021-09-03,192.18762494171318,226.25802098166028,118.91860354468612,101.17397491482087,91.00194690685281,70.06793951748313,78.67983588767578,40.14185205771705,358.895577083538
2021-09-06,192.07201393382886,233.23959755650287,120.81644786672267,100.93677432425655,94.13607956922128,70.23729281350892,78.82689450842535,37.89699559034101,362.4214114120277
2021-09-07,191.32887057000988,232.4198000137419,122.38985327254345,101.1936801742691,92.15282828556579,69.23848932258483,78.53594608511014,37.53845000948167,361.45192718658126
2021-09-08,193.64066231547875,236.1543999691974,123.41441760397058,102.7292644376432,94.24803380377735,70.08773255303367,79.70151594412594,36.63289007544103,367.0510946879609
2021-09-09,195.57861556703966,236.68245566875842,123.8981283162195,104.14554416739486,95.36148187673845,71.6202381070352,81.71407181406443,36.54797189493999,371.7549095477291
2021-09-10,185.916645550302,228.03624175033298,117.96159418460496,100.18086292478364,89.80108901269548,71.06226315211735,82.45902961642496,36.76998420632138,362.7866064581614
2021-09-13,186.8412227826154,225.44648977540058,116.54731451578313,99.00866111987042,89.91488293022233,70.1046137420968,81.60924370646836,36.7894842322053,359.98954844923657
2021-09-14,189.6784138391379,229.42600848973572,119.66837032058625,100.47775640853213,94.22302201076208,69.36683253848199,79.880267936728,36.343763880709155,362.594420613628
2021-09-15,194.4953692922159,231.29108639906084,120.21408615959109,101.17169458546795,96.7535032405802,69.29424321836599,79.41656256771991,35.89231228931097,365.1542078204187
2021-09-16,198.70453869704136,234.92531040376517,120.95947806720027,104.02934343792957,98.26709556507721,70.99766373019746,81.93345575620926,37.48597877523974,372.3387584182453
2021-09-17,206.90229531231552,242.48877300073508,123.99391370676437,108.36280315082503,104.51817997846204,73.09808054656925,82.60095472323347,37.39791973924986,382.5383577262862
2021-09-20,209.51465401334244,244.52346320881009,125.34698271693482,109.21091636063147,105.57560736460822,72.60832221015599,83.3704786738059,37.83270584264866,383.99675251394723
2021-09-21,226.50456688356454,247.5148681608442,126.57916438847018,108.25437850468079,104.24419335155496,72.17603952357469,80.96135411390118,38.24318622490998,382.0109460872163
2021-09-22,226.58260963287938,241.4622641150091,122.18005186978417,106.02478366421056,105.22390798888611,71.10086648018707,81.16659178575948,38.24402193663827,377.84924112052016
2021-09-23,231.63495435224942,244.163322822921,122.6853922459709,109.02499709781294,107.81179397790714,72.51018498869058,81.2700609255647,38.620997826262425,382.3165305760532
2021-09-24,233.6135682618757,245.97431306837814,122.78732384773107,109.5664267924979,107.91929368102157,73.574174095956,81.6509946406878,36.30620226327175,385.4534226015459
2021-09-27,226.70247772033534,242.88841847979788,119.50140624394656,107.74673230481359,104.96434794125112,72.86818188200057,81.51320652049438,36.47909625956227,379.9354107635671
2021-09-28,225.60632661898677,243.32775985671356,121.64167770384657,110.60796826978732,103.55561416492087,72.71916692904504,79.7879556391004,36.92030129132537,379.1568011437735
2021-09-29,227.19838646106794,244.98625697112067,124.16428605172635,113.5013039842617,107.69844348671813,73.45290718416118,79.81132752571374,37.10432083110946,383.02066142624767
2021-09-30,226.63277311809526,243.6518789945719,125.21690472015332,115.88250736121988,106.74384424915982,73.28086188662859,80.1086868405256,38.89396675216315,383.4607140463047
2021-10-01,234.35986217645473,250.4261937813702,128.9959218068822,121.68701977497277,111.16785943184681,74.11643939999074,79.49651919313393,38.66387722872216,391.30075944418957
2021-10-04,237.65586145287227,254.02896510149188,130.12845645427868,122.93240671727298,114.71044055754696,73.39160744888092,79.48855542124167,38.85607097489394,393.16242828415193
2021-10-05,240.73449985650083,251.4490363658352,129.52377447264467,120.86421909654761,117.1070315662337,72.33457550790756,77.24465934140078,38.96245358272861,389.7302482776546
2021-10-06,234.55587418388546,248.68971817885756,125.10485484094019,116.72719705815474,111.8888752185726,72.41490670728034,78.40322801248988,39.446960383321894,384.520266648182
2021-10-07,224.71844196362517,242.87312559318963,124.17429629936906,116.10043056043109,109.24788463282336,70.62872054650603,76.67813005323889,40.25953359494285,375.9009028318013
2021-10-08,220.3649715075832,242.38013170157598,122.9014774336799,113.39292153043024,110.29307240329254,70.66610864963644,76.12413257951071,39.941246944958266,373.70957698427657
2021-10-11,220.4623125176279,246.35203161861367,125.33272879038272,114.10639831314731,110.9560007842951,72.22051029765794,78.43730399501668,39.19932844727928,380.0699750483836
2021-10-12,220.1834249768359,243.30209887141646,124.70756392212554,111.44355584623786,108.49471436877721,71.34434527604208,77.48847736649118,39.240065202977014,376.0400891287323
2021-10-13,226.48535769556958,249.37310400194437,129.82519069338719,114.5090401579673,112.05123196469505,73.76746228161554,78.35534371485832,38.972176854644886,385.5126728756499
2021-10-14,216.06257333868484,247.9471229592973,129.59644597237875,115.46094971650182,112.7837928205906,74.69105685837701,78.47768384459476,38.72304953722198,385.9679134563816
2021-10-15,210.43298442219904,239.6597423095188,127.01349163907821,114.91317181952466,109.42753488989086,74.97596816364425,76.21792442470955,38.705196289669516,379.82082272839983
2021-10-18,213.51333849794383,237.8410602939169,125.0591887612119,115.12195445801278,111.4343947135343,74.8535800731547,76.7349974771513,38.92454084591916,380.0186787700572
2021-10-19,209.57705486387408,236.48640473315197,124.95068009474092,115.64271553966978,111.03542215848897,73.49580043930904,76.70508682661864,38.9923802174089,377.4376746177527
2021-10-20,208.67087054420028,233.99707951491806,125.23991334315167,113.125675911782,107.7382949663482,73.0777807422627,81.6586871594263,39.37474596531738,375.54076109434516
2021-10-21,213.82682269623365,241.50070993888937,126.75268841253268,112.01297325183039,110.44822214994797,74.67403512569986,84.44574588908881,38.937699232951296,383.16457129560877
2021-10-22,205.61073704593676,234.33700234124086,122.81103673595393,110.24307695787508,108.32304455658235,74.65782832413258,82.46180748100605,39.412764560412974,375.35659949919585
2021-10-25,199.72928552277875,224.3991619444692,120.25768648423859,106.77909743726241,100.83733647717531,73.68214827922397,82.12520517911854,39.570091931087845,374.0994277976153
2021-10-26,206.5462684437458,232.12826944487338,123.23512419471331,109.46605291591945,105.97338707511318,73.48091202905053,82.72146248095935,38.96984116109104,381.43524716186965
2021-10-27,202.4693243595358,226.1637061215164,122.9840223134972,107.93756613316937,103.76836073392731,71.1875044822357,80.75489860126494,39.26279004852105,373.8634976124907
2021-10-28,194.95356201661087,221.13059435887988,120.80172363151333,107.21816986362172,99.1729298725936,68.49841558310436,78.06426071340194,39.07831055345131,364.56274882847254
2021-10-29,185.78183261217296,213.0946085962385,118.7568900613443,104.02560970247083,95.87456312043722,66.16986807492773,74.82642095872534,39.7938633451084,352.31011018371646
2021-11-01,186.2824411559761,210.8150999192043,118.18086604362928,102.02578384363721,96.94851819027274,68.34886768854601,76.32025195524002,39.58375009702271,354.89265865529853
2021-11-02,180.91040233824424,210.52021871216468,115.99654321397772,100.19909038241785,95.92268976520312,69.1377908349082,76.26957536143878,39.51986545118051,352.7754788819949
2021-11-03,179.06557309913865,207.7561019687508,115.32707433812891,99.51722912742795,98.29601041459041,69.25407280336414,77.32018271848507,39.23399680241225,352.9745319286955
2021-11-04,176.93842156352497,207.0834424944497,115.66091687697785,99.28611329497926,101.95479347608911,70.33052564734474,78.89619417080104,39.51055416566559,354.92552616991094
2021-11-05,172.60825355089145,206.9637530756568,113.74003936485207,97.46078156430345,100.96907399904326,70.9897688767257,77.80173928647906,39.40483436397366,352.2357404217652
2021-11-08,172.19154762990198,208.68209658060135,118.51755963695945,99.58317625391746,101.6917601612226,70.19635530371991,77.21081210094096,39.01444744290091,354.2188020681265
2021-11-09,173.71474168133759,208.8615642739968,121.3751144211272,99.7071205374224,102.61611299589589,71.04822765418491,78.65129316489845,39.37276475237628,357.210770939905
2021-11-10,177.086435998841,210.03692156375416,123.52152353182737,102.07112388257154,107.7015836222564,69.96401184722578,77.28322107923127,39.62089933748307,358.4579567167192
2021-11-11,178.77782203056793,213.95229693365036,124.39901547798779,102.69464380535133,107.41721631660248,69.80872423618753,76.85745384001987,39.3269037488481,360.076369460301
2021-11-12,178.07932649151476,212.7498872221577,126.4082118668858,102.43978116177742,108.04425868591004,69.32995541178916,76.0174534414736,38.76836095856523,359.77482106370354
2021-11-15,174.4435819130033,210.33464885527513,126.4479040947529,99.26259037628662,104.59508055346758,67.79358255482,74.92215171020608,39.212859640838055,353.4720611460345
2021-11-16,174.4496691676812,213.8626232163266,128.36589681643935,99.44345321636352,106.23334401823782,67.28233953252698,75.17160731754161,39.34026921365287,354.6575390233825
2021-11-17,175.14090177004323,214.18830428501406,129.35530009609687,100.87617918597097,108.06598048103365,67.15889262085159,76.06724742261996,39.03544417800293,357.00035204097264
2021-11-18,165.42293847154647,206.11657296565133,123.64435727175706,97.20091208265391,97.45336141617412,65.48693663594368,75.30540458092106,38.94956307033321,345.55133971314103
2021-11-19,163.94208238379753,204.84933808061996,123.7371010461696,97.95911380525632,97.21741807771147,64.71455221306421,74.38878272448875,39.20726780924792,343.3223631914147
2021-11-22,163.57029720647043,203.68330358859927,123.1023765763354,96.30359738141071,93.0686559535828,65.06793155823632,75.56066767529923,38.6194522001145,343.3098918540028
2021-11-23,166.83819729174462,207.82632783753894,124.60152916216202,96.72993946044225,95.02143109899194,65.68537472983988,76.15566238213061,38.46655575579556,347.3925120815965
2021-11-24,168.227715315107,210.1394373361821,125.94170198673747,97.79481037131438,99.31357115551434,65.38527959905839,77.34432268053351,38.19709222340243,350.83267733014935
2021-11-25,172.0343004972274,212.66275962853035,129.76861240203618,100.30060035709386,100.78736654070626,65.64903343162652,78.90069612353912,38.380416877414106,355.9279345626775
2021-11-26,171.76192680635276,212.97422768194596,129.11430713280967,103.09591196179755,96.20541309280033,65.62107538908786,80.09275249644455,38.26896026853082,358.0202835138856
2021-11-29,166.8593229334118,207.8564832986435,127.89020804245528,103.1958585163704,92.42092918170104,64.41733513647345,79.83420105991652,38.19080418090274,353.11895491662244
2021-11-30,169.58436051893358,208.88429814708238,125.9843439597731,101.5858065821569,92.55481221220197,62.99194105074797,78.84566085784766,37.77554190580374,351.2649420233567
2021-12-01,176.2087566560695,211.87127171085504,128.51198965073186,102.49854805200567,94.94197898245656,65.06210817847237,79.79631810896458,37.53556176354812,358.4602957553693
2021-12-02,179.92498104305125,207.04502171070806,126.7022091881439,101.58993961874658,93.07265776730088,65.80788206590327,81.53638434835611,37.117350577499856,359.75820766284033
2021-12-03,175.56523499717696,206.76668334414492,126.12471449345371,100.18457671806185,90.93850808658209,65.47020667496956,81.44459588126956,36.87792710175487,357.291386264757
2021-12-06,173.33197937021856,202.19613949023613,122.94515029948741,96.79583224906742,87.38588227428168,65.37459956984544,81.36518794528334,37.61112419216454,351.53022976021583
2021-12-07,174.91821179282806,203.49049941496455,124.76190231860109,98.57020127775574,88.53486825705234,65.79189757000523,80.88381835311773,37.75435971120536,353.59211232730803
2021-12-08,177.46763534182298,205.46258513788896,125.22895854626047,99.09133287366562,89.47249765803186,67.1296818092218,85.21324411355415,38.073254048762045,359.3511094936283
2021-12-09,179.5939324244794,193.36668137991992,125.4977921695068,98.46119943795331,90.41703606228214,68.0464713177692,84.01608913543079,37.78257260888194,361.1646247139575
2021-12-10,179.88289030411016,196.72793572573312,124.92924443588278,101.86712591177304,89.48267591086265,66.4955206112223,83.205324652275,37.40366260839198,361.3517072153967
2021-12-13,179.80600763042392,196.27527736744224,123.58825583471223,101.95507459354512,88.6457858951628,67.36014319640591,83.44482859770838,37.10739805110643,362.13366853472576
2021-12-14,179.41713953195872,193.2012996394709,118.52311699725145,101.14054578611646,84.31325422266697,68.32975605439354,84.09367187315216,37.14400065257533,360.51332455770273
2021-12-15,181.99272207249612,195.08980163386607,118.70945104392152,102.14458328471416,82.94608833473458,67.20796112954868,82.30536354971169,37.23056233782653,359.2951160093154
2021-12-16,185.51888038034417,195.61804768149432,120.15182057097543,102.97065493398037,82.79857398741716,67.89009730186018,82.78346976880664,36.968499786863674,362.4188108665937
2021-12-17,185.25698608862317,195.13278252492813,119.38697780365825,100.95132619875474,82.20431313009942,67.10223847782927,81.2235504557561,36.939716871058934,359.1634045570313
2021-12-20,186.0252339188588,194.5367893246933,118.52452177265992,101.48985375760005,78.66494085358846,67.83166022040518,79.65630987595426,36.484736600861375,358.50613695437283
2021-12-21,193.30819769690663,203.37866533987304,123.73210958658937,106.0473923005089,80.92863541054508,69.06806790093118,80.20013082005238,35.984912583500964,368.66957216071836
2021-12-22,191.87064511875963,204.41959884152962,121.29335698400811,105.46963032426504,79.06403966680932,68.54284003929496,80.22031176606748,35.68199748585345,367.0316540537984
2021-12-23,191.31953928099006,202.53514876264828,119.90846372494667,104.4362340351144,77.09974445041503,68.40070841824036,79.81691395037052,35.542117734324215,364.8746457693334
2021-12-24,192.88781609243674,202.8066857237773,120.40893583548909,103.49499349473314,76.72860954599663,68.25356728730719,78.50199328913622,35.65228993342329,363.696422371409
2021-12-27,191.84683395653022,200.80654672467372,123.43039085596443,103.00340449450188,73.77866143810661,66.96044752960485,78.74401616131584,36.05812014887464,361.19507674011885
2021-12-28,196.34210602312766,205.68713681525765,125.63123392418703,104.7626474801674,76.31301168118117,68.24761833002452,80.04228696759354,35.727241456977474,368.20016145767875
2021-12-29,203.3749268049219,211.24351055562184,129.87384566026904,108.55603897592697,80.2814500803027,69.19176310517278,81.81584967011942,35.78190986205491,377.1894706893873
2021-12-30,201.06381382114714,210.60859269224738,129.2111837501628,107.55198514317117,83.36473596037067,67.60749170322772,81.8705732751184,35.60284855419412,375.3162919037104
2021-12-31,210.34866753410324,214.8516398943488,131.0815829430917,109.98863842583263,85.37261683774683,69.15761349047214,82.48911216456214,35.655984796621894,382.5365663885727
2022-01-03,203.82859585355334,209.88497709959003,126.09329889749132,108.95000455469084,79.9029474118509,67.54406951722021,81.8267361283416,35.64248811263518,374.4097457427344
2022-01-04,211.34061753753565,212.71135723187643,127.87403125547276,110.64341022231712,83.33915987551495,68.54656621747367,81.7093693536171,35.44722921627234,380.13818427308155
2022-01-05,214.31701615431984,211.93434631959343,130.8000843125732,110.65097097299012,84.21488498147701,67.84289851134567,80.0698939283348,35.16274088089459,380.1088661929652
2022-01-06,212.93814521631373,208.70905041138204,130.39274811518905,108.67166110883838,81.56911927393963,67.32518462172918,80.83022344833407,35.279881071711706,377.3680558135595
2022-01-07,207.74170535947076,202.6368904449504,125.55923685056561,107.31882922620933,79.32003567462777,65.9093715493128,79.15634420870938,35.21398725958932,369.4974613495658
2022-01-10,209.6097110706918,203.2354482586874,128.88241573001483,110.27780294361105,82.78200226336615,64.85754332952922,79.2225134286502,35.33245693009874,373.85512992555493
2022-01-11,215.82010777238668,208.23794172501323,132.01665040795456,113.10157896079006,88.51412423482982,64.30646994082903,81.0993352296941,33.44428495098986,380.9017575239723
2022-01-12,213.14507868163935,202.6488672652555,130.43886410442784,109.74423950481884,86.22337452679129,64.84035158806589,80.49924306482635,33.45397088552412,376.8359905402994
2022-01-13,211.871119144324,207.81026950485267,133.3903899462496,111.09669080672617,86.93240177245214,65.05299500358727,80.8553260403607,33.25569457966197,380.1399302627848
2022-01-14,208.493000022187,203.3749528549432,131.72478468858537,107.73431029179135,85.62914921897823,64.62319872990759,78.46066380939342,33.390389084838105,373.6648322369866
2022-01-17,211.22483630265975,204.62439671251465,135.25488536997975,110.7050370013413,85.99821065695907,63.3917033235422,77.20543373165947,32.996554329754034,375.0255961575664
2022-01-18,211.37081006614636,206.93278067338858,135.7768246891071,111.08058815783309,86.62422692940086,64.38317902945539,78.08755094517288,32.65956945555787,378.4100293794812
2022-01-19,210.46365641962086,205.31108000950337,130.80002784792728,110.1682595383991,85.28131410908959,64.15305088008382,77.41382894309974,32.58429670016246,375.0565999720877
2022-01-20,212.3667541972568,208.08683450597812,127.54659530446075,112.53195522382318,86.72683485238238,64.00974457391831,77.63835633597989,32.166666206785465,378.3256423854075
2022-01-21,206.77545193757896,202.0369003758787,121.73479574747132,108.68595973248655,85.24103039703968,63.13341574194476,77.47386050335463,32.99139230395709,369.6285608622269
2022-01-24,204.16510706770043,198.9329594206858,120.25507746233889,106.45691519677796,82.581886488387,63.62150269295044,78.68625299886287,32.583344645871975,368.49900250998
2022-01-25,202.67240447395776,199.35685282762665,121.7137732850881,110.37716495034871,82.83598794777849,63.38362716170686,79.1587100384456,32.379069697052934,370.63576006124447
2022-01-26,201.36566031101333,192.59903705849183,119.19104244042975,107.81594013134843,82.21796832857848,62.975284093568206,77.40401096544537,32.43497188302184,364.8816794074076
2022-01-27,197.24057055954734,191.3926890344791,117.87254468197148,107.90159676955165,78.14869198154972,62.51805224758722,76.57760091414471,32.74740601020688,360.6005162728136
2022-01-28,199.64715778985718,196.34727967120182,119.56619368468095,111.54954875272831,79.07991414758638,62.09495036376008,77.30905389950695,32.24639068412178,365.3070849245624
2022-01-31,200.17822175320973,199.1296989369339,120.58414071359635,112.59841996154385,80.82880532318701,61.740792661418645,76.4376636984857,32.35248183253069,365.9656485072393
2022-02-01,198.91483167120546,198.14387454424624,122.14874632488369,112.09696560237612,79.9443290176745,60.40498588412734,75.68628583282012,32.55885206134744,363.0419132754517
2022-02-02,199.46817194522512,200.70660371598453,124.15489749073913,114.87443375854492,82.85697181972787,61.8261397370189,76.31476861321465,32.12358367468266,368.8941046853371
2022-02-03,202.38852162745425,206.29485894386968,128.3897503132912,120.53599788461374,87.27623256370657,62.58112663091044,75.48209796927748,32.08550927752395,375.4915428614229
2022-02-04,192.97670154242934,207.10096667082604,129.48136246164108,121.03453141379525,89.39815062081757,60.547015344219766,74.63967918061668,32.4388691030016,373.2516919733126
2022-02-07,195.63661527223636,213.01901353900968,132.35807464718908,123.59977965568609,93.05192536525257,60.98574113597151,74.26007347990128,32.199099842296356,358.2450159846416
2022-02-08,197.63068291240126,214.54299820454656,132.7048913095829,123.45240881296364,94.67463246151897,61.74100190803015,73.59934836124529,31.818254101950924,360.3394805906825
2022-02-09,193.0096714969816,212.56909459964632,133.61727104438785,125.14512347446407,95.14003085394862,62.073406947466474,75.81055207396568,31.214245021363457,362.7947522870309
2022-02-10,196.06675271716318,214.04990958059173,136.4533471746626,126.74844703663959,97.21550066552936,62.212558177295655,75.50083869252133,31.01598354986925,365.7852236386552
2022-02-11,193.55924992823685,214.5835888797386,137.24393199897463,128.47597405151063,95.36813789373095,60.84525081584876,74.75959888869247,31.80062588154129,362.23718444359014
2022-02-14,191.8353148988472,214.38618400050171,137.98307572606066,126.21278351891272,97.02850482673468,60.60781482236902,74.46875984422857,31.83396360430091,361.053079351786
2022-02-15,189.44751284886206,208.48772637049143,135.77750852850892,120.6829661849533,93.44165535450396,61.10638533219205,75.1756951816406,32.20212062302261,356.65149612416656
2022-02-16,197.66713273067543,213.18550248457888,139.52035842932355,123.3418734333506,99.03537644997753,61.80298482209585,77.59194947193204,31.927283992973607,365.7993069583342
2022-02-17,199.90769241000467,214.76723895966867,141.31915750150804,124.9341429960753,101.20935139520539,61.89845331846414,77.01170785991495,31.799967594181467,367.94207669251796
2022-02-18,203.05095871756993,214.05507152957304,141.18203031088316,126.19968839530898,103.53176498026981,60.6675603287316,76.30274527166948,31.948920833292746,367.1185476567227
2022-02-21,208.04200605568994,215.61845839149072,139.4081626707362,127.99643421619272,104.04167943654856,59.578175230813606,75.69247962552154,32.28403359903697,366.513253314142
2022-02-22,216.79560471824328,219.67609070160697,142.42227786113864,129.10298027687003,107.77107652702391,60.1301911201369,74.82310257793338,32.9517542942621,370.15654555409645
2022-02-23,215.094087914687,220.98896179881248,145.51008502971615,131.9034375119544,106.6813255173711,60.43436052656534,73.15286095192572,33.16155471605551,370.18628259512326
2022-02-24,212.2346004755142,219.06308749206426,145.0143398867038,130.49887722596287,108.18440208964158,60.75901833246985,73.80448667690695,32.861654886652914,370.24332348296446
2022-02-25,203.89839556539573,221.48850690562702,148.76314406093297,132.59716073777227,111.40857113053674,58.47860495667557,72.38638906081479,33.18033391706016,367.9722534751346
2022-02-28,199.68975292415283,217.73897255823928,142.42849612284138,129.93739385616414,103.91807533192096,58.8085149568139,73.53234499377632,33.14823430134472,363.85475498619144
2022-03-01,199.09942095358412,217.9529918767522,140.6305278447062,130.35743517743208,100.53411944462376,57.39731497661351,72.66511848777999,33.130155336972535,360.38444293104334
2022-03-02,196.99230809538784,221.1278063318633,141.78942914111718,131.48206729213015,101.62122563011818,58.15526458262759,73.61956107669168,33.21633680643042,362.9966191589985
2022-03-03,190.82444716430177,212.05431196322812,137.15038268488357,126.78374311056459,97.51585048626232,57.44083539415969,73.45693575604304,33.05107068267379,355.411320668495
2022-03-04,186.4772751259555,209.80137868270847,132.75713181919912,124.81873365693866,92.28682908525448,56.73096520414916,73.77910782813572,33.21535437071487,350.2306389651253
2022-03-07,184.42846855457043,204.7241418014744,128.01963666957636,122.08347387501752,90.32494830126446,56.61122086183625,74.09872501013244,33.33621055160242,346.04473566297673
2022-03-08,181.0987696903492,201.27191979536107,124.34522576692493,118.36276525516001,87.64207495909054,56.08666717494013,76.6464458271436,33.06428977809464,343.49468693642757
2022-03-09,176.70906986556048,197.16521518255652,121.6622717606263,117.20568664378115,84.47393061274377,55.52254234060625,75.65208898882311,32.78128965785038,338.69052085803804
2022-03-10,175.67289832003047,196.59907619035008,122.03057946682118,116.70079964996486,83.76035713052056,54.2703631481378,75.44293354663702,32.62451673904129,336.6654539755146
2022-03-11,179.90535629629534,199.38733655184592,122.36177233470497,118.03970495943238,86.04508744074327,54.37010061412972,75.09450994865801,32.73290281300117,339.0407636497048
2022-03-14,178.96355908548688,194.98288673472754,121.18210517644408,115.42624400746455,84.57191872355664,54.254492100006274,73.03236961151015,32.8337043431855,334.5263961218799
2022-03-15,181.13104547241625,196.862809238267,119.59409487191151,117.49001514666305,86.15184850478987,53.5470219990708,69.21058201619844,32.909678379668286,334.1840160955573
2022-03-16,179.7302069646291,197.73332308481972,117.36546929161982,115.2186566252475,81.98965528492735,52.80400888609744,70.20172156201886,33.5207619731568,330.8627684554614
2022-03-17,177.8632024878342,195.903421642071,117.03854887264548,112.20094483314872,79.80503386830507,53.59436130053775,69.62717293378182,33.331651748820796,329.25504817135374
2022-03-18,178.90675718326972,195.32139910912957,117.07205794045393,113.08959211226232,80.19162279716619,53.544812491486105,69.51666890947205,33.7845656234404,329.5890077132091
2022-03-21,174.88379258209756,192.98144688548058,117.01077323624358,112.49557563843094,78.73310418040485,52.31338134849739,68.63396042034518,34.22016403699549,324.8138420924329
2022-03-22,174.2815070534541,191.72770326433618,115.56343730404805,112.02006535443147,78.67499614243687,52.47947018941108,67.76119693011245,33.78472076411406,323.8941927127902
2022-03-23,172.87844380464844,194.74191737366132,118.83724867454418,116.30319055094495,79.09910831937495,53.074067204926074,68.93846069864252,33.9159507695996,328.04212832235254
2022-03-24,176.92991306301084,197.83521657254644,120.75998874453683,116.01287414786401,81.70642676096983,53.24942523911297,69.64113649087629,33.91276468641451,331.50223858312364
2022-03-25,176.9417150391796,199.65429255422777,121.1698062366021,114.43927683641084,82.69763586607922,52.73976403900871,68.14293907933116,33.62344934484348,330.3220753297505
2022-03-28,176.79495678637028,194.74593744733005,118.82371286735605,114.304004278524,80.60129638708128,52.44079246304944,68.84032833364608,33.93448156097106,327.8454586817377
2022-03-29,168.30345379766436,188.2004939771347,117.50638704974341,115.61257623862842,77.40028191314993,50.785854129030184,67.62556997829535,33.98036131811448,321.5833286224967
2022-03-30,171.64141110054004,190.54885767682356,118.10414841132891,117.78374070684707,78.75722804826155,50.871501138790535,68.75796926713626,34.283185880430416,324.78648619383404
2022-03-31,171.28194638146368,185.6878202706347,116.02168855413909,114.81096120145448,76.66248392426682,50.20975057693902,68.26888177710494,34.084419726114724,320.7085239920766
2022-04-01,175.12538762180486,186.46617920061468,116.88661100955076,117.23075189910351,79.4159531745427,50.983323101383775,69.09671162247083,34.24200284192523,324.80373394191014
2022-04-04,176.59113629043108,183.65512461841786,115.35117265121747,117.30499278149055,77.98900606901206,51.99620293247558,69.62989834386757,34.284608540334524,325.38713057091206
2022-04-05,176.17576689049275,183.77282099301624,116.46452052904735,115.49777242553529,77.43278843849134,52.55949043666637,70.04621059019368,34.69424240026238,325.4103760063557
2022-04-06,171.0779777714549,181.86374644355917,116.08325461964392,113.88513272135903,76.3250870654402,52.723488565888786,69.18916365652854,34.55232700490893,322.60476574241153
2022-04-07,173.95544883236087,181.5370128386108,116.1308656326671,113.91828447632545,77.41206799303013,52.865044589038426,68.83690895607964,34.912354333736545,322.91641049566965
2022-04-08,173.21107960317394,177.77199330535583,113.64706848323074,112.85193697996046,76.3395238552484,53.02750563198606,69.3145257751437,35.61650944374651,320.2459445465081
2022-04-11,168.4147030166389,172.39538202855417,109.98592020750894,108.29075611750281,73.00681501325595,53.2808421890059,70.62116745750382,35.91715613881543,315.55166189951495
2022-04-12,167.503105553574,168.60890202508335,109.64659380896975,104.6860250041957,70.38950014183152,53.44354540346727,70.07689576575474,35.918665573795266,312.69958189330583
2022-04-13,167.61742301157466,170.64463600501233,110.48760340700389,104.35668884639956,69.33570925619128,53.013999651081654,70.29472499214681,35.993950202492,312.663896711416
2022-04-14,161.22765994377806,167.14577338454373,107.09466953213138,102.48013219377471,65.71271140925174,51.76928342568842,69.44583626013967,36.881838615081,304.7004730843839
2022-04-15,161.75579314269007,168.22866246403257,105.54131834889888,100.87474296248509,62.51728415455559,52.90622303033892,71.61269897213101,36.969923721746426,306.0775892680173
2022-04-18,150.02036755651167,164.8646617458383,105.70400968062592,99.73411007159979,60.4430715784374,51.421131360737604,71.90748930791601,37.055339949554615,301.7702395221127
2022-04-19,147.70562853617076,160.80464309597,103.6055798009755,98.07006128389239,58.218491161320635,51.5905739917018,71.92575093011905,37.49337081996598,298.1413728193314
2022-04-20,155.76851106868284,165.67556897014256,105.73323534997499,99.81524159952761,60.79157312290463,51.20091505193921,72.38957776992889,36.73690383338813,304.0212993350029
2022-04-21,152.19193760516401,162.44900108350006,104.64029278061824,101.09158271335471,58.52189887619097,50.82500489136056,71.29117371555016,36.5539592414605,300.82333669145396
2022-04-22,154.5369387185641,163.2554984897706,107.87779719043927,103.2030910841786,58.81072429670294,49.75344725062792,70.7835502212249,36.7192560807341,302.8829266777021
2022-04-25,151.01671964953456,159.70576214220011,106.71059350062828,103.0472169211455,58.92349572502598,49.75124849133965,70.46054987569826,37.07406732065149,300.1320630388253
2022-04-26,146.2349746820355,157.15087899167116,103.751987511091,100.65294341551474,57.02292852994553,49.425646496150875,70.88802724796587,37.470497199298336,295.62538841728144
2022-04-27,145.222531334646,156.64891066392266,102.71250550097865,99.79225619008483,59.187927268107025,49.384723674469704,71.14081563674962,37.30784903614919,295.5732404959766
2022-04-28,147.29673907631954,159.54394637421817,104.42685850509983,102.64356398870066,62.15833621208962,49.86246655116271,71.42413523228804,37.50868670850884,299.56857368289644
2022-04-29,145.56002020734124,158.2230860314329,101.63969971929765,102.19596158822581,60.02599966378935,49.32651321468049,70.78198881020646,37.610850774106936,296.0823003202843
2022-05-02,145.51412546719013,158.11572137104184,101.09039202572912,100.99525134498468,60.9055940567076,47.96097182953663,69.7023704643152,37.52783930095656,293.4784918797512
2022-05-03,141.90853311080915,154.6313050649313,99.06700389615953,100.27034463636666,59.56880165831515,46.867109163367644,68.33208858124358,37.96119052554902,287.78357376367285
2022-05-04,141.83557245134656,154.59458731956548,98.62010463611202,103.46602903099947,59.56637686952376,47.16882964152362,67.80029659228192,38.12982483175064,288.4207915295489
2022-05-05,140.48846145338848,153.54923835745572,97.04003869323216,100.95471719646645,59.61661540979315,46.628649018558164,65.16522446328584,38.79778128459626,283.3898443803388
2022-05-06,140.00060176297455,156.08870403226484,97.78761096428174,101.54747462091119,58.91273575633599,45.76389063918573,64.56938810701256,38.8942662941229,282.5337802180986
2022-05-09,138.93440874341684,155.36264808017353,95.38089512313006,100.94384251061591,58.29663461008185,46.72414116335539,65.0597515514312,38.625068568047,282.80386743290165
2022-05-10,138.25240347042683,155.6529828592129,95.410360684945,99.32744309522687,56.27853337488805,46.85593574171398,66.38220972860493,38.642896021987845,282.7557699548808
2022-05-11,140.84287887375842,158.1076150220498,95.86646479788332,100.73434711942535,58.670763761372086,47.4085482906198,67.47562179213382,38.42342085154562,286.87482570701343
2022-05-12,140.6708904161169,157.91946929614386,96.99038576285453,98.11231901293904,58.426608639216795,47.369391520935785,66.24868865796135,38.64596812005462,285.0892918064251
2022-05-13,139.9078284679664,160.69823970337472,98.97829517623163,100.00360875321908,59.82375793595908,47.41492127388866,68.07559122226539,38.84389317145964,288.24414292036187
2022-05-16,136.57487883446902,159.2077605261344,97.8363827675524,96.9506303293729,58.756988920834196,46.9385314079125,68.10194083899027,39.08918147587447,284.63045914712427
2022-05-17,138.2186050712993,159.621321593853,97.78379415115567,96.65179409563076,60.2827255642671,46.86348078206391,69.3375968626036,39.68043080070749,285.6223074779258
2022-05-18,131.21804023431446,156.14451229142963,95.02871547842298,92.8004320996894,56.64260296307288,45.977404568364,69.64238521377017,39.92874277367833,278.8654778834271
2022-05-19,132.47645265331244,156.62969582975992,95.00004596868915,93.7515113784856,57.96053919070968,46.65311240164927,69.86305650490765,39.962789621104,280.8768513757026
2022-05-20,131.69490906631918,154.02432902525456,93.07533933300355,92.13287129262602,57.480090554872625,47.17690844571558,68.81047387498455,39.84499119834969,278.83418160283617
2022-05-23,133.65591299748536,154.6655708644735,93.17565201786798,91.00275710276861,58.296068557962634,47.203010096043364,68.30920597403168,39.74387128548099,279.17512169254735
2022-05-24,131.4036072839533,151.47590035888922,92.93200601993227,89.96426355430289,57.810518609455464,47.20641193232208,68.12534488715579,39.71350442042839,277.16611518556397
2022-05-25,134.21232073871082,155.53903543215725,93.67834770540954,93.001785828385,59.36380904304237,47.12043868063542,68.09597819517782,39.89428178693157,280.24549667057374
2022-05-26,133.72491835888022,152.10658431658757,94.15875921869389,92.67215783630596,58.76261974885933,47.39827294701289,68.22780784801508,39.40119326906341,281.1387340307577
2022-05-27,132.7088444192754,154.11827957365915,93.31183397072967,92.478309133035,58.04238238725559,46.777239091694284,67.39493231750298,40.01182660814118,278.9489806778335
2022-05-30,130.97149967590147,149.59849462227552,89.62071324971154,89.35879053788727,55.12197044498438,46.231806896184615,64.83705080120438,40.163907438825646,271.96578440810123
2022-05-31,134.83479808009363,149.35909272023756,89.32774107352769,88.86208731867777,55.79478137506246,45.72609465278439,66.12518339416421,40.17388466338832,273.1640070322108
2022-06-01,138.74040201403238,152.25575521351684,91.33805075289351,89.92696683707909,56.14671729815965,45.72143961991967,68.37596644489547,40.2568446407892,277.4829382107468
2022-06-02,136.47219179108646,152.20041037026738,89.6309067491734,87.26258706796855,54.46689797441002,46.61921474710982,70.59905025692531,40.13411339545862,277.67438387882544
2022-06-03,132.64274784539018,149.511931825712,88.26924525734002,86.54756243059569,53.93154212945113,46.13950837314682,70.56016494864598,40.02675318502468,274.71961861882755
2022-06-06,131.57182783283486,149.5170215497748,88.47548243694278,86.53105509965931,54.56630976797829,45.16965367385272,68.85449147253323,39.987785443462315,272.465446425435
2022-06-07,130.74247802427377,148.28164678515984,89.1701711303195,86.52280655789191,55.34822159872687,45.29408204785958,68.37546881016691,40.06029318515182,272.1265131209875
2022-06-08,133.60869787126992,150.2632063047319,88.71723760640059,85.3879834530315,55.627754622802286,44.14119133892315,69.42112056386425,40.25574609861123,272.0672236570778
2022-06-09,131.11030500993795,150.17201412029667,87.23649548271459,83.4451045756579,53.828236148294586,43.98270203393244,69.79373528671242,40.72840148188075,269.3866313494224
2022-06-10,131.2265556428617,152.0344236329282,87.26859864600037,81.96361583900146,53.27482323212867,43.57708259419347,68.9970753038033,40.38744467707268,268.49603882822896
2022-06-13,132.7762220570713,156.23068656872954,87.31225833468392,81.72229346186687,53.4563310627101,44.19399922710999,69.3830531561066,40.043096210135765,271.1429615139578
2022-06-14,135.1319583089446,158.0834309697122,87.50122702383241,82.74785172288902,54.16011727643069,44.26816079846898,69.08368965935037,40.30785354966164,272.44139224662075
2022-06-15,137.7185275435333,162.54075017347657,89.89090495020216,84.18039132847628,56.987412214319875,44.895266966147126,72.08537577672243,40.2673671528599,278.86873040603626
2022-06-16,138.54423437429222,163.04336683557855,89.92096465363205,84.71092666257738,57.86822442692843,45.61838449747372,72.90145084870407,40.081373358718345,281.18975720836573
2022-06-17,135.43233712057696,163.70751735580285,89.16376070959939,85.18604413036434,57.69269607544124,45.613647273253726,72.63571286077305,39.85530461893784,280.4387786026492
2022-06-20,139.67953308814867,167.38643570054418,92.090315898237,88.90998613959384,59.85257294472698,46.391123488009455,73.49821200904658,39.287043809014385,287.23806439830514
2022-06-21,141.2489245630149,167.7296069706388,92.10260554197434,89.01898339679494,62.50839691965646,45.39421768867316,73.30673262648968,39.23853505570689,287.1786417616488
2022-06-22,140.67993845498378,168.5853585199785,93.03177236871682,89.61181301190179,64.08274077957043,46.156722336204325,74.60680809707448,39.02314643024587,290.1009988434056
2022-06-23,142.04145125982117,168.14878133999673,91.4851805243779,86.9703220184188,63.5653505532749,46.29059194920894,73.55173734323517,39.40728053460762,287.8994488729759
2022-06-24,145.54634149917,171.6662915552026,92.07697346310378,88.82005695272267,66.11838114401819,46.29455307237524,72.30386053831302,39.365846341640534,290.3033292397262
2022-06-27,148.55094426878006,173.2772519045113,94.75172661293189,88.06103524525369,67.52981514860095,47.44507285592305,72.42198475930248,39.196148332755236,293.98108641462517
2022-06-28,146.88902884198893,172.49930516444178,92.91519869892788,86.99818668807862,67.14072421944547,47.10958191499913,71.10844671566353,39.62343877041992,290.5950157929011
2022-06-29,144.3196753835118,167.98093750228387,90.10757377666484,85.5201253221503,65.31011659434284,47.19456488198881,70.63203602894487,39.45580386455488,287.02899556357625
2022-06-30,143.0368324623769,167.3740503681439,88.2042519845583,84.02229983134126,65.47728209050096,46.5612528676037,70.8687084472371,38.7660071574979,285.53518693321894
2022-07-01,142.72938966870174,170.4835723207387,88.02918901552923,85.20577021522891,67.47295973211267,46.19359221738634,70.25712507526514,38.80343830673154,286.10296202580616
2022-07-04,141.70826789603103,172.17659811727415,88.92104332263595,85.50193309059526,67.98994617418478,46.568952882061055,71.22913449418043,38.58453889873411,288.0515834270734
2022-07-05,145.12219234921253,176.3113815491218,89.86914128380886,85.95225564026963,69.36486599547862,46.94585143775158,70.01389818494765,38.645703040058876,290.206085773168
2022-07-06,146.72449575521873,176.29517006299977,89.29932795593551,86.30642243413136,69.47237731286302,47.28410822625309,70.84110406863542,38.99669809507183,291.1784126658742
2022-07-07,147.42613327480422,176.16753011734406,89.25429772674931,87.29318623036436,71.03150581255842,48.16589931735365,71.7948019469504,38.94369923439701,293.77690317154827
2022-07-08,143.04386400164435,175.38588650244185,88.11178064669939,86.7332025769039,70.51153859724555,47.08455681193171,69.99525479385169,39.57116222119015,288.61773100077437
2022-07-11,141.70389307048663,174.07239232932793,88.5705454806158,87.46756638818603,68.40253856587401,48.019096451610366,71.48281984606831,39.50167158410409,290.1106978078311
2022-07-12,144.46201492663744,177.31683062659854,88.54031217062912,88.1987104822398,73.5851517265387,48.23356876366444,70.95063473337312,39.127486744466516,293.2631817968324
2022-07-13,146.74828345089776,182.06677223280442,90.5276432646647,91.43201027094486,75.08212979476279,48.736021679800984,71.74252669066915,39.448371704389544,297.8356400764711
2022-07-14,145.25732467730623,181.0008283799361,88.34163224008833,87.6417222553623,74.36477403234889,48.226500594946565,71.04733205425305,39.83449182604186,293.507286321103
2022-07-15,146.7535473513512,186.2518307619548,90.581970389007,89.86216093172631,77.06962395520223,47.79170439094369,71.83515296116428,38.898658780938355,298.1056244043216
2022-07-18,146.94102049398256,184.77816370795614,89.7210899649745,91.39952954086885,78.53708569714335,47.33540332278126,71.00676733253225,38.53503729664805,297.6716483802513
2022-07-19,146.4220208572276,180.25072316746665,88.40970249855312,90.55127797800992,78.38707962181226,47.09200420689689,70.36130169234282,39.293620163553676,294.24694037229096
2022-07-20,148.40821999114053,178.4482717546526,89.50567307494967,89.67206642667607,78.37703009959158,46.54622396939935,69.57276996508155,39.69092996118377,293.3000460598631
2022-07-21,150.4179437907638,183.17874316084726,91.18488107008896,92.50222405797513,81.64582449328745,46.94431036375408,70.66157576575199,40.19557229892934,297.77553253857286
2022-07-22,148.00438293276972,179.1327777171222,90.25988548802674,92.51835738137488,79.34252836081109,45.459198618182015,68.92928037828608,40.512493067454116,292.2830822631796
2022-07-25,148.6044002675361,178.59040560714573,91.1703931643718,93.2085039821558,80.60038697839987,45.625192107940606,69.53311438358928,40.65949407819802,293.57330283074816
2022-07-26,149.7119830958846,175.23221733595082,93.25328521240705,95.05195476065353,80.94464344264398,45.40978710175256,69.12867389076918,40.64526910653982,295.2182091686853
2022-07-27,146.87527716455725,170.79909017143328,89.28847466730826,88.70805288864777,76.7678192111212,46.245991286234386,71.13541923303143,40.45646062761913,291.94024403968666
2022-07-28,143.20930865155455,165.43750759276065,85.92191536838789,85.8052575815298,73.12868521362905,45.88999887425714,71.2653495510645,40.53278666721835,286.46541777894504
2022-07-29,140.571389851629,160.90669320235475,82.7323261606641,84.20459888016407,70.08844390630335,44.39321883907879,69.98196523904177,40.308906999250944,279.99836944832515
2022-08-01,139.25895355347342,161.1824140211428,83.62907906358775,83.3819958570439,70.00313250434326,44.67943150961498,70.26692132710802,40.42314112404576,280.12566633878794
2022-08-02,140.74140636778768,161.47281369696188,84.23262245247955,84.79792973697516,71.69822531685014,45.0157620082812,71.14093482188997,40.62738227680144,282.44964655550154
2022-08-03,140.77974685854443,161.83703177921356,85.20732605360065,84.68449715111768,70.27660158604193,45.37804016434359,71.27037861880957,40.16950140364035,283.4740266350761
2022-08-04,144.4563267309128,161.6990629995974,86.60126784459506,82.9518170114061,70.45476824830462,46.68351927298616,72.0454436197852,40.11125769405659,286.40831769836547
2022-08-05,140.208916196227,158.68675344321412,85.11670256100238,83.27124588088068,67.16112079642113,46.11664229661988,70.56943732709252,39.88139502711552,282.08612017314255
2022-08-08,140.3972313779359,157.86054667363126,84.38759457629978,82.31483173050171,66.11570139882369,45.332689684936675,69.8100232371419,39.81547027735743,279.71991431177327
2022-08-09,140.90375296833975,158.7048849080554,84.21269124558152,82.34174130958513,68.94050113441253,46.56756488464478,69.6008826910595,39.48435956056844,282.2924178511802
2022-08-10,143.6538694229349,160.0903398730006,85.2388133422416,85.35949303440273,70.71097855346315,47.28103411283464,70.66928708563516,39.199106151429895,287.0161924434073
2022-08-11,141.6262959501406,161.05121088501323,84.73462398627966,84.59715350459456,68.84096311492854,46.62280729684399,69.810933117721,38.422925016855075,285.26738077130113
2022-08-12,140.48099135953782,161.6603533274887,85.16665164248776,83.95806573901038,68.13344462201914,46.46108898738171,71.0904854908004,38.15375163646151,285.7965830404528
2022-08-15,137.80716924536705,156.91397242505445,83.57128732134886,82.36762365055255,67.53901679190979,46.70335680207272,73.28266835660733,38.256028052328986,284.36730765460226
2022-08-16,134.76702992790646,155.87479549568394,82.93353015308892,82.20851431554091,65.15866622135597,46.701911751955826,73.36624097470263,38.35192983527853,282.42531526804294
2022-08-17,137.7117880277921,161.81715459891328,84.24612718736478,84.9524648088831,64.44458185016882,47.56768018024787,72.44540651442355,38.001481659427895,286.69517986630814
2022-08-18,137.30829063941,163.07682752165817,82.8782135452235,84.29994362304139,63.609022809382985,48.456232369985706,73.43394304735816,37.61378192384382,288.0442566771384
2022-08-19,141.19687718398575,167.52294707175113,83.93468530123968,85.77637564179341,65.45851235863654,48.55448078204436,72.07101508753009,37.28889285591228,291.0542626612618
2022-08-22,140.3709120267856,166.70632218332196,83.70321371752757,87.798110550694,65.54507554616264,49.19170802393343,71.83443009105522,37.21399289029977,291.9824317321141
2022-08-23,138.5767744424428,164.93072815713296,83.73397412504815,86.33141274024405,64.58908548224639,49.4724178427269,71.13722804142401,37.602632037089606,289.7629962675661
2022-08-24,138.29415093800628,160.97604190504788,82.13045947863607,85.37329318309988,65.32134169675756,49.5992052596021,72.12502119680039,37.318529192055244,289.1470821208657
2022-08-25,141.39262574849704,161.79701281675892,83.65299286415528,87.2814426106046,67.15970660309812,49.72393550207905,71.40572168943126,37.46877559861813,290.9749052685655
2022-08-26,142.365537037723,161.8161247825343,83.8170382703993,87.65977003540844,67.97518695241504,50.262861531916016,71.01822049642799,36.98720146567815,292.47271398785676
2022-08-29,138.10240086029978,158.015103485631,81.5975400666131,86.0591072626858,67.98534706686688,48.51366181479741,71.78286038790414,37.10686120279668,287.49517969758966
2022-08-30,134.77658049172976,157.29438972998096,80.97212722114782,85.15379797497677,64.46148800782203,48.33079097779915,72.39068705436948,37.078348120862124,285.282044493718
2022-08-31,137.58740112718382,158.37455884938583,83.08962311023018,86.56930882461734,66.05802516340333,48.73658366502397,72.89774841134732,36.16136407155916,289.7027237153193
2022-09-01,134.39747320228523,158.88031533618374,84.26272326500587,87.53935733444352,65.69816325648942,48.03176734346479,71.71546068328996,36.77855524633377,277.48241688707674
2022-09-02,128.93075104559315,156.4531096741634,84.10262233334328,87.98316476072993,65.39914000087312,48.37198476518994,71.68234737997092,36.21433391970744,276.4364151265831
2022-09-05,130.45684362664483,157.48356194517348,84.48923884204135,87.5154698519397,64.75494526712227,49.651802214145775,74.42204013337701,36.14239725177877,280.15032934522486
2022-09-06,128.3137385111464,156.93707695279357,85.62565886619502,85.80086852708246,64.6485010524306,49.87588370973039,75.0196785180801,36.66001791597648,279.24937036109725
2022-09-07,127.89732846596293,157.83026445983998,85.9361423394307,85.34695274970683,65.0375252359134,50.30869204423447,75.51613260639797,36.37044375675178,280.43816075623
2022-09-08,126.98050475997427,155.5957228847608,85.351480692494,85.01096886664061,65.38187268295363,49.60560180146398,74.3551984644786,36.934166342037784,277.3411095817627
2022-09-09,127.15884599314954,155.4648335322866,86.38702590920565,86.59767614592235,67.26774137183872,49.7094094265511,73.53740451153696,37.53112025777282,277.6774255685137
2022-09-12,126.24563039585473,157.2668557177894,86.35046068973222,88.33666499083103,69.60079523144024,49.133072317922796,73.66360418856337,37.7945138072865,278.14501978660786
2022-09-13,124.70291571553241,158.5755995981588,86.56792027957998,87.07078606909458,69.16146604173771,49.06665788462811,72.55138524184908,37.901518103632334,276.6640507130788
2022-09-14,125.33571822857103,158.17031572743187,86.38629960078234,87.02445573376664,69.46692541183603,49.78294320263693,73.28098953395784,37.44161082900651,278.4346477963058
2022-09-15,125.81216340673933,160.62640207002676,88.49538153999174,90.23398901288051,71.42283429430665,50.53218339677352,72.41564011885434,37.48527231521602,281.5677304054054
2022-09-16,125.78321756895744,166.1668440760236,90.6368804717758,91.14014094370823,73.78497727279203,50.468511633555764,71.56337068590707,38.05695689165798,283.1137709736731
2022-09-19,126.65963843407461,166.2358253979324,90.48757402121335,93.00110348560098,74.82060504067351,48.59096974407653,72.74407701503067,38.15936797407707,282.7936413971544
2022-09-20,129.1979622761781,169.3774501877845,92.66139764197978,94.33443283609904,75.26109729080427,49.1529484851715,74.74185168867851,37.820386483666454,287.68702752462127
2022-09-21,132.09325905885302,171.07055164536146,93.26277539640596,94.93439614165035,76.52295496337642,48.446831282921565,73.9079892768691,37.86263861905105,288.14943613656555
2022-09-22,134.90659363486014,177.11890960205787,97.24223233047807,99.07446647159573,80.09071906997876,48.639286840054,74.33215235873512,37.872076910031026,294.0812841002884
2022-09-23,136.50701958462795,178.3170077252787,98.72811479223945,101.65384504229215,82.93442775625367,48.84719805974427,73.7109612595819,37.54746311426033,296.80773943386885
2022-09-26,137.24516711895174,180.05262134932929,97.9007948708351,101.22421066884178,83.61002135203769,48.33401495871843,73.8352467190159,37.45974703327581,296.6943531882418
2022-09-27,137.49378282642846,181.1112736857338,94.10674940444761,101.00118350956483,84.46398913248338,47.88055636384959,71.90016322490546,36.99240870899002,295.5882542443279
2022-09-28,134.41643868371756,177.72332481598434,94.27989211569482,98.11307288033626,81.89904018122986,48.901580849524265,72.81869781969067,36.92071390693142,294.57192681187684
2022-09-29,135.55175469430088,182.18967335638865,95.34562473102751,98.66071053486822,81.52758577291202,49.21724633673021,71.8308494129441,36.685121719221655,296.2468551758916
2022-09-30,138.2382242555267,183.5893139146965,96.61675531339645,97.85803820910367,82.8337015757585,48.71749230107167,71.26838483635113,37.34032525935437,295.9874367069977
2022-10-03,138.04580090654653,190.1320488575152,97.7112857683101,100.90851452626904,82.87233631989413,48.818091013567155,70.18009813796363,37.318744020677784,298.039580294501
2022-10-04,137.41718435215654,191.95304152161503,97.57323424946978,101.52494132915527,84.44193383278292,47.90259926861929,68.87622867536868,37.36249661973524,296.63852042715604
2022-10-05,140.98196389862585,194.85162756820262,98.68551232621773,101.97943295743849,86.85614319867494,48.04880250743878,68.89727067745123,37.25872432835383,299.45302021192316
2022-10-06,139.70322132963457,192.00083772389468,98.07179206247315,97.16161614846743,83.74400258532829,47.14151443043365,69.40364421492887,37.20535502525514,295.52910484999325
2022-10-07,139.7053721788659,190.7438767934931,97.246505861446,96.771900725148,82.59179413257495,46.833363086092305,68.25546810912827,36.88308115384131,293.82505897722535
2022-10-10,140.58285331528378,188.48874780696283,97.48517323852009,97.48874138214539,84.04173528561216,47.0348643463094,68.93801639173739,37.588603213712716,294.1430323074743
2022-10-11,138.11263706156606,183.0274909415491,97.25578137642894,98.12302697435048,80.98670682071607,46.3782107431639,68.08754921766855,38.08236674091314,289.96449756262956
2022-10-12,133.44237315053337,183.43694255995888,96.99166718903999,97.91152972825068,79.534016353835,46.393492978856074,66.55128461981435,37.858500684826076,287.50948058420954
2022-10-13,128.2138695136112,178.03929826280364,94.02955705574917,94.60000294040421,74.96210549350084,45.23482924499765,63.92808770938144,38.11148131803981,278.5570402567855
2022-10-14,125.21563042239039,175.41960229979838,92.39727884263347,92.48753531347515,70.00672845191279,45.32768676715699,62.83035383733866,38.214236891532735,274.2112028598907
2022-10-17,124.46640577597913,177.05209032619302,93.33116971493344,94.2939211535083,71.13555277691738,45.61631362496672,61.49623134129084,38.082632795905006,274.92306096332305
2022-10-18,127.26147747195873,178.72885870510905,94.5965195958502,95.80217582387047,74.1989221617402,45.81821495511974,62.401759285559,37.467144059000276,279.05503379042017
2022-10-19,122.24719801618333,175.654685282604,93.47843969229383,95.02066454645191,71.07753761334764,45.083753111417934,61.64902533608893,38.05289540444399,273.7577861764527
2022-10-20,124.0655617085795,178.0993160945844,95.93541268645203,96.36576945894623,72.28664870883924,45.31444136873909,61.13153578391304,37.90212863978406,276.1991707599982
2022-10-21,126.41690861084257,181.49404986203658,98.9418731328587,96.51761334326584,76.65148574598777,44.743823553617936,59.95469974227913,37.630637209173514,278.09444586540764
2022-10-24,127.03025290655735,181.6179185741296,98.22816993436612,94.76360852269713,77.890831338854,45.17378787890237,61.27509935529321,37.76792513166375,279.1614966171692
2022-10-25,124.35253601317503,180.0560168947589,96.85787296530975,92.90435596099078,74.6490811195341,45.461704636048054,61.717432914719595,37.987840217748555,276.90957224514494
2022-10-26,124.84776248539885,177.83553015046613,96.07528793509775,89.39027346978736,71.32405692782108,45.204335370182186,63.572992599471306,37.44622250727188,276.16827382355683
2022-10-27,125.43411797844185,182.0077275580436,97.75359429499686,91.56638769609978,72.64974393686846,41.43240902514152,63.71256408399422,37.153895001679004,278.99963080292486
2022-10-28,121.98982788338193,180.54556835597222,96.7229363625811,90.15187512483043,68.89289354697809,40.669055130130744,64.1156597502559,37.17171308629441,275.432033425797
2022-10-31,120.20383938955135,178.75657847079435,94.37485423461008,88.90112709761273,67.91430871072465,40.5971438767201,63.148850359670725,37.15812655859518,272.4737663592604
2022-11-01,119.86049001302449,177.8690039367668,95.98877340283926,88.1351272315143,69.16633403635734,40.01914244830995,63.298561930759426,37.40329455890679,271.7753519631479
2022-11-02,117.39121321520686,171.47292365211064,92.80561636428097,86.1488984874454,65.02636776172757,39.686536760609044,61.62881351962514,37.49966154246155,265.57266824655824
2022-11-03,117.33223224294683,170.47475538998336,91.25656055891513,84.7670528013447,63.1832848095329,38.94228905943312,62.01402586713998,37.450525667171625,263.3693223360598
2022-11-04,116.14475681159834,171.12934734430797,90.50372830301225,86.03943828102777,62.1888379592637,39.140154488282946,62.96800424508097,37.59871992723463,263.91455233439996
2022-11-07,114.31541100515993,171.63897728806162,89.55470144920928,86.56885683251045,61.32740147802782,39.097073330075624,61.69074999547207,37.440269505353854,262.3728505915323
2022-11-08,114.87009449231307,172.41365066643579,90.3451337742529,86.53667583882742,60.713419915548414,39.28184609837182,61.044615965659716,37.75037688233387,262.24209927531524
2022-11-09,114.30958968518318,172.79306075380745,90.28996978204539,84.70654862891553,59.150011576802726,39.77285625359367,61.46559220792727,37.19920640110547,262.61533732017193
2022-11-10,113.28178844094951,170.07311973104026,88.11431738334869,84.41274779477409,55.969923714673236,39.178528089016204,61.107378345519294,37.791973408740496,258.66175766504347
2022-11-11,111.69024097279289,171.4675374981577,86.97329680923123,84.31190049481019,56.14938143971927,38.628247071150994,61.2208093748433,37.67595908896024,257.62086744234307
2022-11-14,108.16368877313138,168.53660648202302,85.06951873638191,83.76062178621892,54.488495575709145,38.9041767898214,61.60454962918873,37.74137630721232,255.3854697073084
2022-11-15,109.77304447576171,171.15255328093852,84.01798248105578,83.15712491421894,56.31601712334009,36.48779215680095,62.00911596855405,37.975712709010004,255.70953096845662
2022-11-16,106.005681660895,166.15454867240229,83.7944896180788,80.63768372112304,53.42968403307327,35.7073440509961,62.25965894231281,38.03724360773267,251.01377484677272
2022-11-17,108.74108980715718,170.15040155635754,84.65143124908828,80.8790853535155,55.45700589769369,35.96837197788894,61.32428432898554,37.37266412352263,253.93742068084057
2022-11-18,106.45867552211854,163.84143105107523,81.33153946419193,77.39625826545469,52.31382556782709,36.34073240356603,61.168849939413,37.485322897997875,249.33129256735867
2022-11-21,106.1059905513495,164.25808822034494,81.64398238122193,77.62848898701056,55.02033925188706,36.74205868311949,60.491252659740056,37.61326579553084,250.13510740156215
2022-11-22,107.0337961345355,162.68549871974093,80.33483771338074,77.42643450378293,55.70174056172779,36.94098202297772,61.2863961006488,36.31902062432253,250.44605519861955
2022-11-23,106.1763164549659,163.3515467328946,81.28911152184548,77.64860494682841,55.74096224058953,37.698751848642274,61.80604977022205,36.30369885995442,252.0614255694987
2022-11-24,106.08584103282097,161.76971478607896,81.12751570632265,77.2668557058767,57.225698595719685,38.01626855860552,61.46022758540944,36.56281030530352,251.81202716357745
2022-11-25,108.62862580741293,163.43185253797196,82.22661295149099,78.23965834507848,58.562912320349966,37.84277455837025,61.96352297385114,36.63292060017495,253.97943501350474
2022-11-28,108.704250500244,162.77723024221703,82.74450390890699,77.527500382872,59.58392563264194,38.36106063882501,63.35114035216463,36.74541042910607,255.51818032009487
2022-11-29,109.00850351613737,163.81918078375182,82.6080608403317,79.0060194249738,60.755689970970245,37.98295261108571,64.67087775075538,36.778341038930414,256.9325634678304
2022-11-30,107.50731576336293,165.11538943351562,84.39822707506032,80.55387922169179,62.76714515758705,38.5960057546606,65.54154315684711,36.83722758105461,259.62565574520164
2022-12-01,108.9968412373603,165.28785733897945,85.38072176694769,82.61782722316151,63.5825033426164,38.6173758307598,66.06018424271815,36.5950846671141,261.9185461927996
2022-12-02,111.29851411701743,166.80902480313546,86.2694287262453,82.9588382425375,66.15428363031423,39.23404773740595,66.40799807708794,36.165401540985904,265.36415573724054
2022-12-05,112.51495837565265,168.4206327849929,87.08326972940816,83.94386946416829,68.0649518494821,39.3624305150247,66.96613508675526,35.820710146363965,267.96630766553665
2022-12-06,112.04984495187564,168.38023391662017,87.52657547016504,83.57089678852533,67.97824551644632,39.3529609897604,66.13375135445872,35.961950917528085,267.07449069790385
2022-12-07,115.6116727543948,173.51177378386703,90.36886750238126,84.2211901797465,69.65628715569422,40.49099770731236,70.93974966196662,36.13387505551064,275.2247688892091
2022-12-08,116.7831300975064,173.05233433519118,91.40366823003704,83.5018029282445,68.42127497944408,39.95304127986751,71.58087779626135,36.1065235834887,274.99947354537863
2022-12-09,116.85335365773024,170.94409057180698,90.06540846578933,82.08410989146817,65.74793500292091,39.612117464720626,70.28542837044571,36.34393615887751,271.5412372599945
2022-12-12,114.28904963938739,167.89555049590186,90.47559075144868,80.25277538369205,64.79023059926908,39.45733939797561,71.04633151668237,36.5069985361599,269.48963976893583
2022-12-13,114.52341354017994,168.31626793459338,90.56008940572715,79.07214736977355,66.14872893373857,39.990172106016814,70.45635443891547,36.410443525619996,269.97140633709444
2022-12-14,112.28722268553328,162.58295984193919,87.62798059495405,76.51663948114565,61.684046300118375,39.706260714365705,71.14991241117417,36.823157699542676,264.9019362354864
2022-12-15,108.74020460602748,160.50586943052772,86.474177492584,75.66995277662835,62.252719485630756,38.96721975119899,67.55947721032675,36.63235496592019,259.8483019943708
2022-12-16,108.88678032746638,158.4665599564067,84.48742997858804,74.42345705918436,59.87206284757669,39.11149626580961,67.2762717767421,36.495179011757756,257.97681369430825
2022-12-19,109.48718906085477,159.16078861264015,84.99808953813992,74.9559119439036,60.28798252192268,38.68873105085319,66.35605881741778,36.36849381950253,257.7519124313727
2022-12-20,106.97793751477612,155.99746272554057,83.62962023286158,73.32569583894336,59.70381747308445,38.24187254511639,65.60604721847949,36.74806929529176,253.721443509647
2022-12-21,109.7271585737159,158.4682965117631,84.85987468679012,74.59054318239053,61.48898623053778,38.12189576093284,66.51706017738282,36.73422532986332,256.78119178454324
2022-12-22,107.36277080686594,156.33073537758543,82.00300938920432,72.47187062707417,58.900877925768306,37.94301643055039,67.88014785293515,37.02984492041129,253.71311769602565
2022-12-23,108.6783393264023,159.64333941988195,84.94095085834788,73.45063029712611,59.75037588774703,38.56189835947519,68.5580597739764,36.96026891201284,257.5769223338822
2022-12-26,107.63024549341299,161.58833088675007,84.36605118937229,74.08206794161784,60.46293908864459,37.75378667916192,67.11935515068514,36.78732252709713,256.11144612438005
2022-12-27,107.02742195526567,160.85996332106916,82.68423134125882,75.51695913461135,60.27942312505991,37.90191787094675,66.65153922306858,36.63010701566361,255.8012660113909
2022-12-28,103.5024978417305,157.8610547034391,80.04973212520846,73.24262502194966,57.2254438553367,37.031897807586475,65.78947493546026,35.994206982057506,250.63630485546818
2022-12-29,103.42802266101249,155.37941299523288,80.59163471836328,72.42842744048274,56.48538600948827,36.72516644680091,65.474861109833,36.43502172878014,248.758684409743
2022-12-30,104.87858570364462,158.7904304459479,83.42400372956034,74.32458097551105,59.953931672084835,37.38276657662133,66.2305405475077,36.41823785504519,253.6810139775167
2023-01-02,105.51053322802797,156.67734704247744,81.375460950402,73.63087698341728,57.99564446911862,37.30057068941065,66.28155688890651,36.53716048931437,251.8940747127186
2023-01-03,107.27512126113432,158.30326282407705,82.5774796216714,73.46231203356147,58.71396888650562,38.010020045723515,67.82899256162956,36.205731406050404,255.46467066653594
2023-01-04,105.4980253234648,155.40211988414717,80.09082431636661,71.82090281357368,57.64882054984334,37.34113337167143,67.037200324022,36.28067558911439,251.21200763524985
2023-01-05,104.45207041004333,153.3886393672986,78.5416758773439,69.83271254170828,56.886726060086694,37.080433403459615,66.76677316643486,36.76853196699594,248.06025306592002
2023-01-06,101.51030026663646,151.6619384973969,77.70727200687311,68.44278599943382,55.78948303874141,36.00828908365071,67.0536830883847,37.05009988182056,244.24242786144498
2023-01-09,100.55075893972148,147.79946121314995,76.07252562710606,66.75789122694007,52.8912981688103,36.15580202640268,68.2246600090061,37.13281548141531,242.08162345542374
2023-01-10,101.41000771610139,148.64194205701435,75.57720541187912,66.3421260473481,52.77520946067357,36.317759283799745,68.42229522672369,36.69647753707845,242.43721499275873
2023-01-11,102.68841817218102,149.93175459507128,78.28993846360937,67.22215773315293,54.2939772597385,37.85784929582947,69.99171481058895,36.5377841818205,247.75653366987902
2023-01-12,105.54614451635614,150.77769729661821,79.40050265124141,67.71349414652357,55.22139166473883,37.43676585532542,71.10815351189217,36.401604396271935,249.8378997637633
2023-01-13,107.97037070198678,152.26083137040263,80.56409954403595,69.3577148927288,57.08180730057291,36.65068562107788,71.27516247539953,36.33248119635884,251.514183000889
2023-01-16,107.85690621700489,149.3995463735219,79.79072216774091,67.45840939681989,55.69973768814014,36.60941228099675,72.22134351969777,36.1438609975487,250.2076371496793
2023-01-17,109.75237674064736,150.45717424598953,79.47361290527422,66.6046615104305,56.336564102339466,36.372253131696425,73.28294659058164,35.92531418120749,251.20592296338648
2023-01-18,110.30045787137306,149.81792631360813,79.35994714696416,67.36278803432127,56.629146751219984,36.45976740695688,73.56193790545134,35.41510836805242,252.32675969828964
2023-01-19,110.70790155633105,151.7398226803192,80.56548712887815,67.91241275917544,58.48611657324071,36.44100486208524,73.83479170339908,35.28201220358166,254.1803499868379
2023-01-20,110.0693782681639,154.02798643478744,82.97380565106728,69.61934405198132,61.26924261048696,35.860480442158405,71.92944283227699,35.15239350669728,254.85205191394522
2023-01-23,109.78066250599385,150.91538948257374,82.946580133346,70.917732459644,62.350620557569265,36.29427105404873,72.4008750944809,34.94063044963278,255.9177202344965
2023-01-24,113.9536558003489,154.1787805599762,84.31621606278823,73.472261821535,66.20982389720682,36.28797240872221,72.37710818248159,34.69239975137504,260.39880607077953
2023-01-25,116.27149810577882,154.89892991156006,85.93352390310899,74.50578330197152,70.3098775623163,36.63517294038265,72.65995004472816,34.812672713830565,263.53406113737356
2023-01-26,112.69119339752869,151.31898012596767,83.8990599613962,71.27721301817175,67.28040215293076,35.301407831734664,70.93840816082461,35.05960767151518,256.037043729625
2023-01-27,111.97249763670716,150.55842556824072,82.80296856056205,70.73979659998427,66.65460415720122,34.803063642233035,70.68963953864535,35.20015158222549,253.97773036193485
2023-01-30,116.85184161393269,154.73575718289575,84.73885375705366,72.35282527474332,68.44016577651574,35.54944705274328,72.14026516698581,34.86212706535459,259.5206626994665
2023-01-31,114.92381488137768,149.98162957616685,82.41591650643407,71.38209252930935,66.4772367991522,35.967243873755,73.00473469642404,35.13192725964296,257.2513344882023
2023-02-01,114.82722470608797,150.0363624386956,82.40533559488838,72.7480106087348,66.82979000615641,35.69578736885666,73.32314784489625,34.89916202390337,257.8730652960039
2023-02-02,115.76564834364824,150.5646875314288,83.2360643222312,71.87650265810761,67.35017991656653,34.37604397046932,76.0985455115295,34.923554308813735,259.7037170739101
2023-02-03,113.05233983520158,150.4708110302706,82.45328383276666,70.54058819360318,66.58080717076882,34.47551186955077,76.6797625391867,34.97872717987196,258.3747333846502
2023-02-06,113.61373120873964,151.57729153850184,83.29148555312773,72.0143569272326,67.59776425372011,34.22848889841923,76.35053780622223,35.17980431311772,259.0874092993774
2023-02-07,110.14436544915421,150.0964422855452,83.61601721301184,70.209934189779,66.1666218918542,33.84645289743896,75.54060696521512,35.345036322059805,255.63281123493195
2023-02-08,108.08946093360314,147.7417885991353,82.33868958590745,68.16025408001686,65.31782032493643,33.441485918382654,74.53724309660412,35.540187855248504,251.74812517727412
2023-02-09,109.78049010952776,147.75077268045084,81.36549877000631,67.87460082870555,65.55818930655002,32.96912059429674,72.76560147908876,35.62565841385033,235.85569287136175
2023-02-10,107.06376520268222,146.95827275920112,80.09192821872053,67.97298601952636,64.50919111778198,32.901017991525514,72.30689263602426,34.892839739107906,234.70852947032466
2023-02-13,106.91984039172398,147.46625140371853,78.66782831170381,67.59061642261388,62.88598778628056,32.95603600763759,72.34302887046971,35.13279397432371,233.75449770477564
2023-02-14,107.8787869828405,149.82357948211592,79.28375499286749,71.45091832899831,63.15068378348086,32.91387047749973,73.28887114438216,35.29182254560653,236.20544913030398
2023-02-15,109.25796520903828,147.58765382958052,80.16057329050348,71.34859413825397,64.64288555441748,32.127458109517846,72.80685518528605,35.16740768753826,235.41247097451966
2023-02-16,109.96438492653172,148.87067152342652,79.76815481040431,71.51712347985017,64.84991092644097,32.38030252988342,74.06616969386877,35.189135346455494,227.28366500664643
2023-02-17,110.26904430274828,153.59572705658834,82.78719872281602,70.65764438341334,66.43982265586995,32.96452310024323,74.65032623406101,34.916329511603124,230.5046823613256
2023-02-20,111.43929911511424,152.71289851943578,83.76286075736574,70.90850832434694,65.73151194916585,33.53140054176443,73.766229057282,34.71446867688377,231.35780690563487
2023-02-21,115.7507292670306,155.50618433831835,83.43344440937793,71.41042609555141,67.98762144076447,34.12544658510729,76.80510070679725,35.04184825532995,235.65118509311822
2023-02-22,114.03182224755508,156.8652600194529,83.26476580927607,70.76555734564415,67.14766413383717,33.51790941690702,75.69272656843896,35.00294056013404,233.67833689286425
2023-02-23,113.35079923938363,154.0120784239363,80.77250455366796,69.67046855516728,65.68495013784904,33.09836995806297,74.67025095834238,35.23355392422865,230.25805833633865
2023-02-24,111.88999748271446,152.87299707754113,81.02211967830317,68.67321400024962,64.89724979138094,32.99351060994702,73.18760308450611,35.3245843140079,228.22187356258223
2023-02-27,113.08316799555926,151.93279163638212,80.91499368908758,69.83669409928281,67.72121801721761,33.571116441494404,73.4569897237399,35.46309887273829,229.59059859808949
2023-02-28,113.74815940565594,151.22855034184647,79.27422016594456,69.03902256402921,68.0615822403982,33.638703179198906,73.87452532982729,35.57441589913332,229.13290052025533
2023-03-01,114.90983812377124,151.82078307634083,79.70991419253039,70.92678151628074,69.27981434271994,33.774921936084525,74.15998713546192,35.47783327272065,230.98133036130687
2023-03-02,115.43310984127017,151.44224926235952,79.5391428265333,70.18688107046117,69.24929274126718,34.03136916676193,74.21135794065881,34.876179107410856,231.6186196701073
2023-03-03,115.7785849326034,150.0674683149538,79.82108765953942,68.86048724707967,70.07283051369495,33.98797800098986,71.90231208411103,34.9637877257054,229.84341707602707
2023-03-06,114.74249598932299,147.94280322572817,78.86246882493946,67.66691984369683,66.46046575547948,34.41389938593512,72.02052248427232,34.783066558123906,228.5643848890905
2023-03-07,116.4025275109658,147.22159176722278,78.99224204807841,67.31495852078073,66.03849654362273,34.01523330819584,71.15887280873764,34.796770854322006,227.68125497990926
2023-03-08,114.89121144880478,145.8223542278079,79.07318420016524,65.50776390458904,64.92781649021784,33.48911239614867,69.6140753774584,34.938714597517446,224.5231085842863
2023-03-09,112.52567333800822,146.04044483671734,79.57797069054806,63.79883259670738,62.356135753008495,33.64188098685724,69.46073630507878,35.39044137798584,222.70289384357477
2023-03-10,113.21827912222643,144.97594272152392,79.75708787651602,62.75149509380963,63.54566678369163,33.82150222989494,68.84494668038998,35.65309480184287,222.22331343284148
2023-03-13,112.88254288560285,145.6259007426408,79.54307135004434,62.82399933862092,61.86858271994244,33.82926477838718,68.92909977754526,36.191819507933616,221.49398294053847
2023-03-14,112.42183506287688,147.391138482519,79.84465625310571,62.99309636744267,61.314338362342525,33.46789375331491,66.97121540716476,35.9896918302444,220.4220604259813
2023-03-15,112.75404441841086,146.39376864087583,79.14666083493282,62.33987243375223,60.84187167275676,33.21202831388538,65.7915819419017,36.06115648594203,218.73585245962315
2023-03-16,113.10797334043899,145.7170678749652,78.86929770530878,60.61351415566486,60.139131190407696,33.01791300928447,64.82737791936715,35.863614441426975,217.19069033483905
2023-03-17,115.18670950222476,149.34684470096366,79.58054308866976,61.21931487168397,61.1066635014144,33.5696614128204,65.59142602880969,35.78741531566741,220.21943971194483
2023-03-20,114.075534664651,150.73008041488373,79.85495550254738,60.71230585192797,60.80944698066164,34.073128287875605,65.63378498086371,36.05245940793271,220.46116800457492
2023-03-21,112.63452996412153,150.6187104420377,78.831461343248,60.88269165136891,60.70284619822094,33.588132389994655,65.06541109942158,35.94722973735243,218.9961807898791
2023-03-22,116.48332473697418,153.45680067998495,80.78442588098287,66.41634709284872,62.952099351314196,33.866836271458965,64.79847987852453,35.92902476421845,222.2498888373656
2023-03-23,114.72603895243138,153.7100588117513,80.68120116633327,66.01098654353535,64.01092618082275,32.9830990030985,65.06303671903099,35.72461683373272,221.08325067649596
2023-03-24,113.6362042476563,151.15355628320094,80.85098721668562,67.03411241595911,63.31927707047812,33.05836803635662,65.09450547023178,36.2897104236466,220.2373005837448
2023-03-27,114.491299427164,150.6965646173578,78.75268737786482,66.1932774746177,64.8967521272007,32.71476030559696,65.42073086428552,36.73507302216716,219.1466110004375
2023-03-28,114.83450464588071,148.09057518870023,77.35742141321613,66.17183163806672,64.22224615991419,32.79042293028156,65.5416199524503,37.48518118698997,217.75130277064386
2023-03-29,118.18649942036605,151.23652871063865,80.28235565956474,66.96090703870918,66.75084194035729,32.9735038082202,66.24796913224637,37.73389245470332,221.0756729320817
2023-03-30,120.83370483572585,152.38106775038895,80.32315946976271,67.51730070541979,67.7526375709139,33.055410833861394,65.59760301822614,38.08022362731408,221.77918766724991
2023-03-31,123.97860375002467,155.08675611395154,82.21650223051422,69.36438510576191,69.0118862707299,33.512360445506076,67.90356156407826,38.025649647810944,226.36984672433582
2023-04-03,125.60286997930076,157.0190125691039,83.24079130582109,70.65431078868617,71.34728663260111,33.10261736103431,67.85721013377315,37.92910677914818,227.78290150689153
2023-04-04,128.5836369592883,159.67794451149436,82.79648181013998,71.81567062483353,70.73467613533732,32.46629134312666,68.28352561537083,37.96044051534622,228.23779944630238
2023-04-05,127.69246581402497,156.45903602603346,80.57955731425264,70.28100810668911,67.33338087873092,32.41895591131799,67.73506349439826,38.1202244798475,225.17620977597633
2023-04-06,128.675125576113,158.18511731569245,80.9508140636334,70.96155694509606,68.46876812042194,31.520432277854447,67.57384214852547,38.17166822122421,224.9209755372444
2023-04-07,125.86682034223209,155.3423774086723,78.7087837401148,70.13734485626102,64.81774220913188,30.916699818816234,67.34028124639931,38.100053408903264,221.27357201390728
2023-04-10,120.16611510082535,158.79998937235422,80.68404177302669,72.31569229461097,66.69321435285295,31.086884978687475,67.09348881833934,38.03810254025237,224.19052283619752
2023-04-11,119.35312475921388,159.19776891742706,81.7273294235036,72.94224276328553,69.14358050239483,30.816783670629235,65.13155246555617,38.287022880213776,223.33995570813352
2023-04-12,118.88114742121319,155.60799381007874,83.44858128183677,70.30807154941695,66.63730542915937,30.493852792523903,64.83499763549581,38.81099808793714,219.64799720068075
2023-04-13,115.58345963493923,153.83004510565493,82.45748110687086,69.20023686109688,64.99083208328732,30.36158459327931,63.93957917393307,38.847492085242045,216.87654213198502
2023-04-14,114.2493126854332,150.87451634903343,81.22563497031162,67.20631525936543,61.31686830133312,30.076377323491705,64.86220511155109,38.92473737838606,214.3884383021122
2023-04-17,110.05644636489684,147.95550304782583,79.69307717262537,65.18088287055654,59.20947519620468,29.83473505932241,63.472105492183495,39.18257012460314,210.02324460422517
2023-04-18,109.71004437745052,146.2162336806287,78.91042140802367,65.33092991265384,57.39171064973136,30.000430088176703,63.02446662756984,39.30005886193046,208.98902526749364
2023-04-19,108.70858661141749,147.8857457157873,78.082075578347,65.63686100268946,59.196513932786246,30.20752164447045,61.9956387237555,38.8908657996514,209.3019372544282
2023-04-20,109.1062697584445,148.65828077093738,77.30538708427527,64.88782442314228,58.24431912479613,30.142979949453842,63.62237448870448,38.585018743202475,209.92872744832886
2023-04-21,107.0208452206714,144.81800866048962,76.69065542389552,63.5793924331762,57.272770836682604,29.700116666793914,63.37587188018477,39.542395281227755,206.90008100518352
2023-04-24,106.93874446121971,143.6796026727362,75.1828032908736,63.54735717383388,57.44720756096309,29.448286504223788,64.09284374384971,39.62444255502438,206.26192507128476
2023-04-25,107.59079703027491,144.0062401801873,74.60060437090627,63.410595729921475,58.39059174767942,29.26984797726463,64.29782397418774,39.28359085064096,206.56375720776632
2023-04-26,108.27860156403274,142.68443007908843,74.1037600774379,63.88317908426216,57.001059485074144,28.888071434073193,63.90950256717112,40.03362478013888,204.96122921958343
2023-04-27,109.31903203314754,144.05291819022406,74.21267606983457,64.41060024777762,57.19748527591015,28.845530651109517,62.52946460803474,39.99761559581599,204.9484389638198
2023-04-28,109.52519803450923,146.05026642581177,75.33662074992024,65.04743861799614,57.37401455652528,28.768167748378435,61.309387903388746,39.854373089111355,205.25658623779452
2023-05-01,112.93473935398528,149.9977435171778,76.37670725773383,65.29615195506672,58.93646121927624,29.320965602469865,61.86715429049121,39.89490864639154,208.51652301301374
2023-05-02,114.46158482191807,148.66201544522585,77.52568644112968,64.70704827591223,59.977128405994456,29.298328083698415,61.80907449578471,39.808869416548475,208.93521488658658
2023-05-03,115.48521366178971,151.3703890001738,79.7262824791443,66.15712195410414,63.410018168445774,29.5074607904024,62.96033926562348,39.85828985671666,212.31949984365627
2023-05-04,115.95520220557248,152.67972533943166,80.18586616415412,66.89863626736371,65.07518723240702,29.563171212673552,60.55198809931812,40.410501917339026,211.67169047655983
2023-05-05,114.37261287350432,149.36785300639414,78.58929975386776,65.23944418355559,62.40107866196656,29.125112986982668,60.486298991245235,41.23690417912657,207.98009578650036
2023-05-08,116.73712787261034,150.823106631603,79.4994376756915,66.3829324764446,63.000765653447274,29.14890660978328,61.344045555484506,41.544411061312054,209.84422934816996
2023-05-09,114.37815356924585,148.31034145452415,77.08555173337342,65.05612056344457,61.41832543409209,28.815944146964412,61.05842645187456,41.84295125838247,206.61338667521716
2023-05-10,112.05399104031481,145.89964358800006,76.32062265702665,65.42617980716031,60.06701376174299,28.868242542329472,61.67999039689792,41.854371971806984,205.71295410251597
2023-05-11,114.52784836456152,150.37291947003916,78.49371193115556,69.04507916787026,62.21092471312944,29.954616234696807,63.51751595612096,42.11054912849959,211.68365309384467
2023-05-12,116.33374060596162,154.42865343263546,79.11832535973119,70.02714679094925,61.41118837529717,30.087184222128883,63.15079450959902,41.914435923728824,213.31939683729183
2023-05-15,119.96012176413903,155.153080415466,80.36427761130585,71.71429420715454,62.66050674457246,30.397695902271664,62.22615400950595,41.33747063376892,216.64663211493985
2023-05-16,120.42941107844028,155.76676008712855,80.00166956890185,71.0665712026597,62.56785128883683,30.75270642412769,62.50167000936297,41.89522352504158,216.77609306248232
2023-05-17,120.94474690704162,155.6178650609526,80.5411152417342,70.5799362245384,64.83818818866897,30.117579106457768,63.35903324597718,41.96582630550987,216.84879032304553
2023-05-18,123.89722861532185,159.70743640857137,81.6158133510748,72.50350375813831,69.22234475561523,30.01698966641501,65.18894809580188,42.004272710653325,220.86976773573076
2023-05-19,122.05325031989848,157.74644480565325,78.99270359144677,70.77445841875308,67.0311100286401,29.401768209268937,65.12277556872425,42.07339473176202,217.4462742135463
2023-05-22,121.45942032507897,157.90310460609558,79.01577330656376,70.11123925273242,66.93017766356341,29.35812531644886,64.0710944459329,41.99069612374804,216.50933354442517
2023-05-23,122.79117261080361,158.68110575936663,80.02422724193157,69.85884805189517,66.43540840826569,29.374781869722366,65.49022537359718,41.995855482087606,217.8636424819915
2023-05-24,126.24271583937836,161.179096180761,83.23568807904316,71.20747143646982,67.59162233645483,29.627992705056542,65.79232677121355,41.54260724728441,221.4914645788346
2023-05-25,127.06241740194089,162.76312460844724,83.42892506342781,71.11583501827053,69.3764913413518,29.057500639080118,64.27160515384746,41.46906569426891,220.67089726629104
2023-05-26,126.33398856150093,162.94328994261534,83.40167025571141,72.19255336257048,67.56423926977678,29.33313355069735,64.3749623953501,41.777075423154365,220.80681198471478
2023-05-29,126.49863575561999,162.92964228996655,82.50490543856978,70.80203412604646,66.36314702898912,29.350938238657136,63.75565422060066,41.6869389945501,219.64892425944117
2023-05-30,125.78206725548304,164.24228779103132,83.43830820992305,71.1127032705942,67.04802791011173,29.072583143431732,64.88192766953215,42.40739548247369,219.90678150820457
2023-05-31,131.6395392478997,168.12078486212997,84.34878755484766,72.12380564769903,69.32382605798497,30.251585623858713,66.07187683964142,41.90365776208581,225.63775752991592
2023-06-01,134.40148367220752,172.42012950604544,85.59960541064375,71.82572090468462,69.58573572454955,31.129102225757944,67.7355559758013,41.767713838579105,229.59177679953362
2023-06-02,139.16126444545458,176.46846561808428,87.46957612780767,73.03625812429895,71.78847789971749,30.873020253203318,66.42854141025569,41.033007786238365,232.10804240325913
2023-06-05,135.45017716063902,177.2701843810823,86.49621003775502,74.02253324600612,70.73167048211243,30.12442662968658,66.72910168657204,41.59845985367448,229.9729183298007
2023-06-06,134.776071393441,174.89253068913493,85.57862569240598,73.4085947793472,69.34580606740545,29.346347107909097,65.40970156527975,41.95061802889976,226.53553651177526
2023-06-07,134.11533252223091,172.5057975958295,84.20243518753809,73.8500445965375,67.16464401327518,29.534693379129138,65.57531739337617,42.48268379386728,225.63861437620434
2023-06-08,133.4002626094539,171.91585637891848,83.44625638228828,73.75041817710198,67.29007515578127,30.28768731629481,66.47218194856735,41.79750584056429,227.2895259769973
2023-06-09,133.03702380037726,175.57020363277613,85.81206407026086,71.77510428941571,69.48606845731943,30.185864204534575,66.44216236539944,39.186090461203996,228.85966091359515
2023-06-12,135.25381474031695,177.71269203287605,89.08786981592701,72.96240912518734,69.40988016058307,29.90042148006282,67.71217111143298,39.04797350362702,231.39490736894993
2023-06-13,134.07761971799647,175.8023507444585,87.56549285631868,72.53927674505735,68.27188349696235,29.949858677464974,67.96896922521586,38.974646441851434,230.32347526213286
2023-06-14,130.5389994451345,178.78476405965014,89.36998715140578,74.26675620438847,68.06902343342513,29.95120096766322,67.18093203829771,38.4971024184982,231.02062824069742
2023-06-15,133.70649170414183,183.43119366965033,90.30952174871162,75.36387299593258,71.00520549131978,29.959333296020166,67.43203540559362,38.53661888378517,233.79990866831068
2023-06-16,134.42258621758717,182.76367951473867,89.66914797241783,74.11296797564519,68.61227802337167,29.917611786162073,68.19272770376418,38.0958421706326,233.56101869445322
2023-06-19,136.4002932522367,180.78448350655933,89.10066424496856,75.42895318248601,69.60151153573543,29.258308822317183,68.15538585352753,37.90585018814869,233.28633925010553
2023-06-20,134.8591223814789,179.3477599344751,87.92168158950814,74.68226909221703,67.8821216938618,29.067314494540827,66.81359791845698,38.13242777362147,230.56789714451708
2023-06-21,131.21466794306983,178.09508405928452,86.84022189935236,68.84016898072441,67.39236059458034,28.994010324778795,67.58219265060254,38.1221631869976,229.21376816521706
2023-06-22,131.61371829710436,179.52215206483774,87.70087461156757,70.38441962547991,69.21835381627348,28.910859402148226,66.9369345730189,38.082605235463625,230.1975621589277
2023-06-23,129.28600990720068,173.0949380701088,83.9624973846678,69.90599310906114,65.80994253358308,29.330417358488155,67.48017649509075,38.21716893125159,227.64983181620514
2023-06-26,129.40952555284426,176.96446255714,86.54655645518962,71.45737671383647,66.13092611635359,29.149889756304486,66.67562633821245,38.53552755118044,228.6670763550591
2023-06-27,129.96964112908282,176.90412401029513,88.0715832656498,71.06938841158713,66.53709696229039,29.388980674620424,66.20327510973216,38.293461181075806,229.40870121974268
2023-06-28,133.33088073811982,183.84925576469396,90.78264948552344,73.0165506346934,68.84449143551909,29.725646487148538,66.32543027322185,38.078116257469034,233.92487174053176
2023-06-29,132.49409180284104,182.7202408156689,90.1306512093161,72.28240346498849,67.61356131744867,29.946815841350563,64.92902476998562,38.620839601790784,231.94622200773406
2023-06-30,134.03535775224884,185.68553822217848,90.55039332588608,72.19894872274818,67.29043731742527,29.97525116495963,65.69720761626321,38.3686869244284,233.50115191688312
2023-07-03,128.55422459009444,179.83398141339057,89.15031865395109,70.15493961880333,63.34385271877482,29.39120012903109,62.22742787583856,38.22054158701905,226.66441257199227
2023-07-04,127.34541237276231,177.79163499764095,86.07599725723834,67.47683333346615,62.883429094975305,29.41545815215257,61.024166805371344,38.13696573190234,223.60460964704131
2023-07-05,124.76989034584328,171.37497829738848,83.6504288825195,66.10995441673549,61.138700959454205,29.464276065778606,59.574896087597914,38.32183064301927,219.53141211224315
2023-07-06,124.68686691195218,170.92220488575444,82.89703801891564,63.35225553756368,61.500739694596945,29.51162904504783,58.40239537240763,38.52648094743541,217.49334597839058
2023-07-07,123.8742874427013,168.72057270259157,82.61157377396385,62.25235387784553,59.41298618746606,29.861457641911297,58.54082292690782,38.506185885231204,216.6472761417665
2023-07-10,122.52379674108693,166.62842636087086,82.06283811375101,60.47866787969336,58.47873053768504,29.452198450533395,58.790860309713274,38.76892772335298,214.3550352761074
2023-07-11,119.1579368867342,163.4071318430359,79.54318457219009,59.01817651133445,53.978999847487046,28.616956951160162,58.8682130583422,39.046477554810274,209.57438193961286
2023-07-12,113.65939135587746,159.77189708316192,78.37234776685808,57.7853082085938,54.0641724206419,28.363836521958657,58.52124651944611,38.71513447083018,207.45560883939936
2023-07-13,114.11344366860449,159.55522657125366,77.95785876984831,57.94289681929388,55.57330338806409,28.41373410902167,59.422558256771595,38.94193419371364,208.21999920189288
2023-07-14,112.98583935435309,158.15934060731186,77.19770290705151,57.83023363301059,55.744950789065754,28.364039684752345,59.97269433177887,38.817990290366154,207.83602370422204
2023-07-17,115.10886703629706,161.3973803797256,78.58828921631034,59.37935193346519,56.520559890778955,28.65256191601813,60.64641634131213,38.26067778107291,211.23186124761077
2023-07-18,112.67384531488906,158.3635667937538,77.35484442232631,57.82753538652781,54.973895291212095,28.47333950211295,59.666646941306986,38.56157573775087,207.8249655191141
2023-07-19,117.31928548606008,162.56513524375845,78.31257340212596,58.47195595065827,58.1206332502885,28.620021717175696,58.93736375676495,38.726180632941954,210.46235970840038
2023-07-20,118.77383963736243,165.6754655751798,76.07446985837954,61.13549345752305,58.151720350954214,28.530940512818816,58.803746145470534,39.37254640910717,212.04359684009657
2023-07-21,121.57730444708955,166.82942298030454,76.22618505045199,61.03392037741041,58.12360578612758,29.212762958505714,59.36306400256103,39.25698821812345,214.2741656944444
2023-07-24,118.11613723839437,163.78882622547914,73.9872037889454,59.402415142170895,55.44623488948141,28.702898357622814,58.90879083882844,39.48809685005422,210.00195369621852
2023-07-25,118.99152819088476,163.01780257203265,74.4440095783021,59.37020197586527,55.11280817286004,28.46484068417023,58.55861266631894,40.12322728546406,209.10111658062996
2023-07-26,116.6935203465751,162.64953882958264,73.63840974677426,59.05376143432704,53.779263488555614,28.8054734244084,58.306932481934446,40.63659435433465,207.85105773206266
2023-07-27,116.19251221925506,164.80489498652656,74.29446613334474,61.13209099229669,54.4160318472181,28.970516479142535,59.94460367476334,38.99285815617017,210.80412251006211
2023-07-28,114.66360124122085,164.91316503370143,72.79956587185421,61.00706782722778,54.33747537026675,29.591079446334945,61.22342806267018,38.948647937550106,211.48114036257303
2023-07-31,115.85362457650209,165.22976720185898,72.13796282855793,60.57819213530874,54.3643740711878,28.39708828172161,57.46238524277052,38.88459334815223,210.7084581309372
2023-08-01,117.07364070580667,169.4828837385404,73.57779294238989,61.019356653428545,53.902990005200266,28.82910466262249,57.3481973835429,39.04075093829624,212.62489892548348
2023-08-02,113.987356741356,167.59823315797547,73.68888825704393,61.205584937159465,51.06720266462323,28.39466365990053,55.91686289540054,39.28038030886869,209.39300276076614
2023-08-03,108.66262841990594,161.82590227224702,72.02895179923769,59.423641927756535,48.66456842073729,27.885095814134683,54.403528579823956,39.48847295999038,203.68307808024633
2023-08-04,109.93670703585562,158.32286606394757,72.97891003031044,61.006835344831494,49.48253783104316,27.53038559849827,54.54841850345064,39.47335843373965,205.05073037493509
2023-08-07,107.58078434222335,159.31016451205883,73.4745910146469,60.76826771677224,48.39945779794337,27.846272097627793,53.97472293646632,40.220644581052454,204.0144164776201
2023-08-08,110.93944302352273,162.33493522698686,76.09369375095707,61.79742709529804,50.18805747689595,28.42816573926298,55.15174120877901,40.426552248115506,208.26896130327617
2023-08-09,111.20224691141678,164.92949275777968,76.28375968031678,62.68917874995018,50.6640208114075,28.57487823804865,55.37804631426646,40.10691013721167,209.82025877530577
2023-08-10,111.58360172993945,165.1497195014904,77.71061671714837,63.95002508725954,51.579397179511226,28.389103127024132,54.644951754667204,40.75720872153638,209.80226319953402
2023-08-11,111.90510876295124,166.18006572560452,77.78740309262818,63.36330009579219,50.96522425342868,28.226420797330118,54.04306961489627,41.21145150299866,208.77807666808263
2023-08-14,110.96891430162542,165.48745872895697,78.01130907342093,62.933665383528755,51.47233354535413,27.724216833735827,54.41933437630087,41.26431235800114,207.93228929194575
2023-08-15,109.7093496725228,161.956865117945,75.3810632820781,60.96733326873562,50.36223479650976,27.17575156596277,52.68916643013893,41.123577050723824,203.58320379410662
2023-08-16,109.13655135653923,161.1882536224022,75.92398295001495,61.8830984854711,52.273447230638034,26.604690788657827,51.53588681988927,41.42761632324557,202.43313721354897
2023-08-17,110.88883277308136,163.33186735968926,78.1129464847388,63.815152323883495,54.81774952530907,26.65933520511911,53.03622616445844,41.22399518556115,205.26285001027833
2023-08-18,113.8642668544808,167.68008736258062,77.63969249748357,66.2631524122809,56.36238497680194,26.300908005234117,53.62547542501269,40.657077431245156,208.45405801333249
2023-08-21,114.37764491816463,168.95538917700551,78.79217687365134,67.32645738645432,57.71658158376992,26.123650027433754,53.71593754017274,40.10498892835496,209.8976427747249
2023-08-22,111.6479192226614,165.62963608736374,76.2967824441335,65.14434459735018,55.628874365819655,25.706504262377337,53.99879213067356,40.34708426702841,206.23825408700472
2023-08-23,111.48232884542102,167.79627495366987,77.63307299526923,64.89519620456824,55.476431397940296,25.92911088236102,54.5218626072701,39.91789448581882,207.7691176422567
2023-08-24,109.82787233904367,168.6531653183361,78.06621014949502,64.00386716454707,54.6265931088052,25.707064044197654,54.41608212770211,39.86402827665131,206.75667797598047
2023-08-25,107.2228206769256,167.06637690748985,75.00793874057942,63.350048563604,53.8514063878341,25.361168567241773,54.104748653237635,40.819783080274654,203.89416976154
2023-08-28,106.77098038218458,165.6369461379392,72.2017175706464,63.14062558942754,53.72542064260909,25.060285817231822,52.67895221426319,40.5465540180833,201.5069493236073
2023-08-29,106.69594103798812,166.89588205193505,72.58952045849212,64.18208170136809,54.59328994877091,25.362086421560807,51.48281656275125,40.09013106491963,202.348400283669
2023-08-30,108.82077143375184,172.72032136085048,74.31523333480047,65.3248774777572,54.660024993737316,25.880516872955972,51.772257929423525,40.91381434434774,205.08831131959752
2023-08-31,112.95667659203417,178.6147006649337,75.64191435809897,67.29730301338803,57.90372438187636,26.10628363960129,52.75033165203767,41.033264059487635,209.6124847474556
2023-09-01,113.02246854405483,176.33651083233548,74.99848876237662,66.94564179003177,52.75703608956608,26.132259500346994,52.720199216593706,40.61555990508576,208.78853454899684
2023-09-04,112.4994642289304,179.69628288711468,75.96827621327876,68.50016509993158,53.54835153084838,25.587376429650007,52.74829900282276,40.356992022025715,209.49836568031776
2023-09-05,110.5082629504603,177.75612854054037,76.05413146388531,68.77099916434865,54.49278521193923,26.048681755615373,51.5857625278379,39.99201601866703,209.2519326834475
2023-09-06,111.83648614300495,177.82163045691232,75.86312644732878,68.7270864763783,55.123003727249056,25.60818419543779,50.37845254149106,40.01969878368005,208.12321385056296
2023-09-07,111.88402199391098,176.30948553516996,73.6949727600334,68.67764102780798,53.762011282098115,25.16272314429362,48.80703821480449,39.62831579490973,205.49406249196792
2023-09-08,111.51034280445076,173.53060074098556,73.0809880082513,67.8232789858381,55.14908292903917,24.535955902077507,48.29412396734376,39.80510310156169,203.3308424547725
2023-09-11,111.79504100281396,175.38113462723877,73.67007773090769,69.483183599935,53.82599240567173,24.36152263949212,49.17498124088975,40.06211412232777,204.26515555591206
2023-09-12,114.32439162698039,174.25055290001117,74.385624026541,70.8245178399012,53.97513951499309,25.296804940402364,50.21142812786154,39.22715144800604,208.15601616014482
2023-09-13,112.97260612069,175.21686753163456,74.88493642049342,70.41001211606607,55.3341418630761,25.563758041756046,49.82614514368939,39.176744587646006,208.4742423922796
2023-09-14,112.34538400091797,162.19435765400937,74.48787104309572,69.07153203349627,52.44029827171838,25.59569675647362,48.54962010740559,38.873598592937704,206.35812993157825
2023-09-15,109.17692834829954,159.9560119727765,73.21626031605066,67.65720932052513,49.71417751465949,25.19249453107692,48.35212686667046,38.97081023764205,202.98795127349314
2023-09-18,111.13071923592956,161.44491230453633,72.43515638465368,67.28952683941232,50.01907288025331,25.01490048466325,47.59431172108791,38.990925062328,202.60938814467195
2023-09-19,110.27081060510847,160.6384326123987,71.05079440750633,67.65906696013613,50.35683388237818,25.185956139966063,48.51201487723392,38.903066995175614,203.0511200837651
2023-09-20,113.69278273404069,165.16032829601107,71.02762353180076,69.22118240700904,51.484734836613896,25.683447483592406,49.35089231692468,38.19858755571188,207.21775588612059
2023-09-21,114.2144211128036,166.3839364006078,71.86301197660981,71.04584479230451,52.69407337372639,25.776185895730485,50.20980587959408,38.88394309562009,208.87022301850058
2023-09-22,114.72954529279303,167.73854779378607,72.4882586430312,71.5566858844645,55.292109661213594,25.583971432237107,50.813789881921714,38.836629149442345,210.2578772405802
2023-09-25,114.44861888305648,166.45673791915354,72.5667077104455,71.42205692579282,54.02114736057849,26.04719757420272,51.95452483451679,39.350405542594004,210.8269843545451
2023-09-26,114.47640057471732,167.84978019670604,72.47928240733005,68.04876637118598,54.131549869014286,25.5907194755074,51.66727202201766,39.2153371587301,210.34022389432664
2023-09-27,115.3108853615978,171.13075738600753,72.78235629120141,68.46496001742986,54.218913254960505,25.41704309480209,51.19105843317852,39.10157836529795,210.79836255204464
2023-09-28,116.06330594172222,169.85764509503687,73.583557232806,69.43635980203933,53.68224833073519,25.87167923610527,51.85384416889431,39.01030583576632,212.45524119392124
2023-09-29,116.11187399749241,170.9931439951771,74.03705600438933,69.46648144498668,52.01402152259237,26.09374453734442,51.85924280108998,39.22225002881951,212.6225420449769
2023-10-02,115.50121791769295,172.41594089799304,74.48858099571014,69.88034858536723,52.1579865594172,26.6685152525572,51.860274749957405,39.06872419801859,214.02018098719256
2023-10-03,117.08258519543976,172.88962064609822,74.452264232894,69.70983885818919,52.55924057982803,25.11378602195879,50.06872789393551,39.231862166740484,212.57927264797027
2023-10-04,118.94871655037095,177.8308651724445,75.87102163545642,72.27396070802,54.4091332342528,25.822003906802774,50.49172270304504,38.28894885010309,217.62747966945736
2023-10-05,122.63596676881973,182.63511151522826,77.20535716140665,74.23072487681192,57.43972836472442,26.043820902595396,52.60654929384875,37.988652490440906,223.0539560475411
2023-10-06,124.39117264185121,182.96841678126162,77.17342221446246,75.45579699985285,58.25296716297747,26.237194291576067,51.67276327231122,38.17957710575827,223.58043685986212
2023-10-09,124.35954606576269,183.72623503947077,77.0154583245046,74.95988050055125,57.987545284874265,26.08688045896953,53.06323936408735,38.480394268799266,223.9273945368026
2023-10-10,128.93472149426066,187.3801251595548,78.59258012684498,77.49418975820876,58.24442059284472,26.305299289699335,53.09811810507844,38.39989072222845,227.348356187601
2023-10-11,128.87158071177447,187.09478032204834,79.42247557191006,78.00673316321877,58.52011488631898,26.38510123789918,54.478620147458386,38.440461119977414,228.8203205544973
2023-10-12,124.64477804381596,179.9820301605126,76.60441983541638,75.29449700182113,54.97835561203774,26.17319030764047,53.64368568913249,38.344450595430196,223.40880886152357
2023-10-13,127.76424600743144,180.76655372156137,77.43056853079972,74.33291126876848,54.19712430886597,26.128351924893543,54.590968074634816,38.03158682213268,224.83042007478636
2023-10-16,127.95711069739885,181.06313913299917,76.86649101047915,76.06234653438284,54.26613147558491,26.183453077110304,54.338400786019996,38.178640959764365,225.133425060492
2023-10-17,131.82362721182497,183.19049971545178,78.84831402213256,78.09568757014762,56.99684519902462,26.39161657422227,54.54036304659431,38.378562464217815,228.52567073315745
2023-10-18,135.5792468602593,187.13178292873081,80.2793937449303,77.30845172827223,56.74696066952073,26.482997293468575,54.05586560617056,38.528855390455924,229.79670396456024
2023-10-19,134.49879396584592,185.1913231209824,80.6854051490535,76.41630649709944,56.65528092727015,26.496751316081017,54.672544667509584,38.84225925805167,229.24710477624467
2023-10-20,130.59203345602955,181.14591463078614,79.07664949512413,75.05431523586046,54.0612861510883,26.651866181471085,54.65355471923285,38.651379422856905,226.6468682384725
2023-10-23,135.1482995133232,186.77736659762482,82.08151773103563,76.49685463034525,55.83128182177265,26.762265178517747,55.161215420829365,38.41294923575563,231.0403737266269
2023-10-24,134.39841996470952,184.43804743382015,81.19157573873122,76.82939673377393,53.76772690294518,26.82125202066213,56.20246347569919,38.392075325050484,230.71310073884294
2023-10-25,136.70670301350222,184.53146923548334,81.50034681119801,76.24924689511622,52.3199490863449,26.86989118836881,55.43341024155927,38.354752621964934,230.37610953067036
2023-10-26,141.29717835478885,188.90924037073592,84.1828055074629,78.72259154233318,54.225872332700625,26.53346172941101,56.57571661633375,37.87686420244702,234.7320948400978
2023-10-27,142.75839075640232,188.15945561492927,84.45487488406992,80.97026465542099,56.34237679030754,26.424249280759057,55.92364267056214,37.92096808722808,235.5398950452474
2023-10-30,145.90398542505946,192.55261241247217,84.49946916041849,82.5559646802422,57.630161249997535,26.605284359613485,56.40695797584015,38.22353314416506,238.1198081098516
2023-10-31,144.10189567460677,190.87467950936977,83.40453264309558,79.97045809831467,56.30426368566984,27.100938674227976,55.49694011967482,38.26352941624697,236.22778760316402
2023-11-01,144.95904149700752,189.58526881925602,81.86967818662042,78.01568693935351,56.978372774038476,26.705392376893787,54.73803965801751,39.03243955353533,233.4198476786831
2023-11-02,145.96105305699015,192.79354819196953,82.65128296723636,77.93030920371154,57.21828521192813,26.939702606731785,56.47402231291934,38.68079779847131,236.6080297043146
2023-11-03,147.16867832934537,195.2583301158739,84.05519618497961,78.06790568254443,57.520790971513634,27.13021815598083,57.7018331938365,38.52642443604208,239.06920266341305
2023-11-06,144.63404209555293,197.18593783238973,84.37919320288374,79.1942132586994,57.70334847958732,27.128676668503978,56.484872854774935,37.82208827024766,239.10923278792706
2023-11-07,144.95944458813926,197.9865929509511,83.47486329029934,78.18055685051954,58.62192827862799,27.70370352967357,56.508392166901956,38.03739928650212,239.72650401168798
2023-11-08,144.77782275434492,202.02973553163633,84.0718733795883,80.14438093165649,60.088624845342785,27.77795412576768,57.63088129839467,38.07553156631679,242.35295658071252
2023-11-09,148.42681585402022,208.34521373477838,87.23697481972957,78.66170715123427,62.415663794519105,28.120594757391693,58.14875735136436,38.11419527248241,245.9700395490357
2023-11-10,150.3308966389822,209.54139683921227,89.21199251943648,80.41843252194798,64.30840822459996,28.448733513685784,59.42186447346196,38.369204283404756,249.33582091272837
2023-11-13,153.08803280133296,212.56937779342547,92.22049440687572,83.1919995512739,65.72451677185687,29.535973697905096,58.90211256689498,38.41578163570081,253.90422973137615
2023-11-14,158.30398024363996,218.06713108200253,93.55967002824411,84.76537669693654,67.24123091106891,29.717804896285095,59.039611416742545,38.03996536970051,257.8193505286699
2023-11-15,159.53456596892062,216.7769317270559,91.68501485884065,84.49255102623034,67.5153954685881,29.95992908929798,59.65471041482364,38.5863296326641,257.66162271591907
2023-11-16,156.22717559059322,231.4392788673264,94.66388900180966,86.14425442914762,72.0049943781303,30.66375742035321,60.60082915988672,38.53144734418639,265.75463960978516
2023-11-17,154.45132174562968,228.30086274693852,93.43556956087468,86.020191851869,70.30765993415605,30.432534010774845,60.776243225465215,38.54334334822357,263.88099318054816
2023-11-20,152.08118132852502,223.057777173629,92.12208945505921,85.0169137138153,67.52523418321435,30.779291075917804,62.52450919010255,38.41167639838454,263.2469552114797
2023-11-21,145.8239765876955,219.69681684540018,89.57651376189428,83.99151892600716,63.999319559956,30.427956435563075,61.294319984914516,38.48835139705174,257.9854859822288
2023-11-22,145.67365716326694,224.86102243328443,90.4554993569795,86.53870025389543,63.52369458847725,30.44330731196509,60.959164574937866,38.913165072958535,259.13216187086215
2023-11-23,140.43562440825445,216.15405046441373,86.60521687513713,84.3634550187799,61.17438823037103,29.907811509809896,59.71579659963679,39.39559333966508,252.06079289110644
2023-11-24,141.69189660366396,218.40742627886956,87.06165860475222,85.42878370776305,62.13293662582326,30.19587651893847,58.960152138913294,39.55429541334793,253.1827058755348
2023-11-27,142.61772092364032,220.89987084502317,87.68310100507647,87.07009611514864,63.173328338236786,29.860365703744023,59.37685117179682,38.976100680866125,254.96197836108277
2023-11-28,141.77570045292617,218.9491568881063,87.2594454382288,85.75894804388008,63.0120119288551,29.80604786647338,58.782520693194776,39.47415437366742,252.92408299243345
2023-11-29,143.47690940514687,224.2769131086898,90.112134852434,88.32305364780197,64.79591869423925,29.50963237855562,58.84689304319846,39.7285304019977,255.48520104059673
2023-11-30,134.88497605477863,217.56229355170896,88.19627546535182,85.17555149044651,62.41490235842113,29.286588887428564,57.74307764932839,40.37192673176237,248.71336016348067
2023-12-01,134.8665392726012,217.19985898271722,87.30563244869185,85.15615466773667,63.67867960864149,29.711326899630247,58.60400202701046,39.80854436872377,250.44699163417303
2023-12-04,135.3795666855169,217.71335313118266,87.02585863686424,87.23518313803785,64.35846571278958,29.95747981040073,59.584897034963376,39.81154861203407,252.46774401479868
2023-12-05,133.25226734530884,213.97204675826308,84.91566586351257,87.35867866644566,63.961114500328605,29.56528148063558,58.387339566941385,40.41505970971714,248.7072770719563
2023-12-06,136.6835732556599,217.55455992503042,86.73281935191049,89.3667849928106,65.2290395755299,29.76758953081519,57.8263969278683,40.46750541227963,251.37959259369393
2023-12-07,139.19005172219005,221.9157318646622,88.01545636235008,92.57449062956233,68.31330441667922,30.499877753323673,59.661062267469845,40.29852280588824,257.29197166274105
2023-12-08,141.2131876894456,221.2204863117924,87.04267694786105,90.93641243827284,67.98616781990937,30.40470048391851,58.48335191274651,40.37817692838254,255.7248662540504
2023-12-11,144.2811532659375,229.54165666367518,89.8805446436292,92.8565003265505,71.61529514170155,30.719939038758174,58.75727988840148,39.907599324264766,260.97728885891627
2023-12-12,143.95465615438928,231.34038971190267,90.76209433360286,95.49379447345889,73.4428088105649,30.946704526419428,58.69157694892981,39.52075394138753,263.25231942632297
2023-12-13,142.3033554811979,222.8811354518806,87.51120049676504,94.71497664260397,71.45511677240319,30.543788730484827,58.48105989658019,39.05036911420209,259.62842870613684
2023-12-14,145.63408809734162,226.10898694047162,87.03584713130043,95.07101109350808,71.22570070384327,30.7806260544268,57.653620238141144,39.797386483542,260.51147357885054
2023-12-15,145.13721793959988,222.9746933325338,85.24851234261497,93.32255750873217,70.74300486054564,31.15628481776869,57.57341047687069,39.52792433417968,259.55765850111317
2023-12-18,146.56430158542514,225.09653856844005,86.17975015731537,94.07173135096389,71.86172016760575,31.2033930093769,58.50856345687593,40.22770614335735,261.07730880634125
2023-12-19,146.675264291824,225.91233762709362,85.76133257087822,94.95875426501749,72.68890926262256,31.047198506374542,59.071828139390796,40.24805641119135,261.65987114686857
2023-12-20,147.71295296996618,227.63688362146115,87.18923565087292,96.89307007364536,73.77312923951392,30.991373311712238,59.09692632224633,40.32182491398732,263.2380987561665
2023-12-21,148.6272115839719,228.39186114152048,88.4296901288755,96.79678912673293,77.65740677054954,31.35541240844716,58.498361956134765,40.36186007483798,264.7783821836893
2023-12-22,147.8410812526624,223.7509491384209,86.22694261782424,95.80088016323654,73.56948172221435,30.641878642388264,58.291007881826715,40.40746366358675,260.79045210598804
2023-12-25,146.68004991106375,218.88264975473578,85.38978033259619,93.58516271351634,71.22566748912257,30.6450429709041,53.895025254058204,40.25071226583586,258.3481241146906
2023-12-26,147.75870546102698,220.20130424988054,85.35495873427995,92.73033435588871,71.50159903063089,30.879106787475298,54.18784948986805,40.78920526991999,258.7151976928345
2023-12-27,145.94479640381527,221.94521381791964,85.7887976777669,93.19082757718482,73.62154303092761,30.55638184813258,53.94454150804369,41.209781707746714,258.5448437284654
2023-12-28,145.12218338582505,216.85147142008816,82.35436574591398,93.44377019924926,72.33859066037161,30.139103811465297,53.73780512778626,41.038484704540224,255.65398537862416
2023-12-29,142.8403383873998,211.13401721979614,78.85216610240158,89.01008164130597,70.54802090192108,29.45599127612765,53.41430353717979,41.58975721785832,249.63543442970467
2024-01-01,142.2128101059137,210.87740406679,78.35564022425814,90.02871168787266,72.87946288922502,29.954913728900404,52.184063334428686,41.45821796915745,250.02020071428282
2024-01-02,143.4984978971601,208.05630702068282,76.37909553366612,90.47710464385217,71.58743791201343,29.3501023951254,50.94421958083905,41.695041149457,246.95464620577758
2024-01-03,144.23534712914878,206.49985401177392,74.65995647143878,91.25883633395205,71.75717512810846,29.182878500102234,50.421882740690194,42.28582323435594,245.39689799736695
2024-01-04,147.2788422489743,208.0865455877017,75.39410310065531,92.71691494486397,72.46734590367643,29.31895529545052,50.24507485978724,42.3594448753134,247.11402083418037
2024-01-05,148.8932567644726,210.39013389922988,75.91322471946008,94.06255139744223,73.14588501578741,29.189778581236478,50.5880585112071,42.52421159443683,248.4297924456307
2024-01-08,147.46575110373922,208.64814765551185,74.91000786973397,94.94019804517016,72.92611821005701,29.104906795568407,49.81019528246989,42.86388252719816,246.67384024594574
2024-01-09,145.89666176256347,209.0398372476741,75.13386318120787,91.91020627946827,71.90360964469457,29.089892053304446,49.560572903239205,42.943600727508084,245.1161505696227
2024-01-10,138.7387535849665,199.90913464563425,72.5550095062371,84.64767860401356,65.6518972548842,27.894046111475856,48.27172960895179,43.97690896662975,234.21752511499065
2024-01-11,138.59680218475643,201.72119652654945,72.95255768603172,84.84072911395161,67.15602548588946,28.08966078451234,48.60069892352089,43.899161180816684,235.57285047827017
2024-01-12,140.95993167135487,203.2917110003496,69.83354345546506,84.93110226060213,70.05352068310407,28.406939210417427,48.28457691414989,44.01299899158942,237.59463400233176
2024-01-15,141.16610408375647,202.4088047002193,69.56745098079256,85.71154105179357,70.72937254561069,27.999349515640674,47.274324951056236,44.16674964973725,236.16343309466995
2024-01-16,139.61001947686788,204.62044457904162,70.47609471219818,85.54849832017807,70.07799820355423,27.934065523150306,47.03150044390898,44.60837964925029,235.66721981799668
2024-01-17,139.8182595409713,206.4440572570002,69.4229360427657,86.3425006909662,71.39855983885087,28.218596347570887,47.57204238607393,44.25297601545678,237.97455889345136
2024-01-18,139.22860182915932,204.24717655640018,67.78949937570195,85.96833691482001,70.84175709432463,27.634483103092588,46.92250860987118,44.30722026986171,235.19099216580798
2024-01-19,136.69320689080848,198.66007905161848,66.77210751154666,82.66709367750651,68.07962193978932,27.313494473685537,46.50425011794503,44.55947442496659,230.89140963761025
2024-01-22,132.95610008794833,197.04975786163183,64.20618465468114,82.27634035410195,63.75786244186088,27.93123083074024,46.595055390315146,45.13631766411674,228.69363789638035
2024-01-23,132.04855131748184,195.38613389542067,63.19040802917781,82.2635408084841,62.57754972807246,27.558949395940246,46.6113812982647,44.878049017756496,227.22972222438207
2024-01-24,132.4132939449968,194.36133397262537,62.68554165972081,83.50981168630582,62.405619478613964,27.434126653034564,46.3991066698532,45.086769118606,226.78009120097695
2024-01-25,133.52667619693605,196.05992743177413,61.90765513867302,85.46150846537526,64.7313849761683,27.195689032811014,45.5123819164207,45.19884099274447,226.84519352155618
2024-01-26,136.8563915703896,198.3260125161513,63.77688408082896,86.30005856789619,66.35168385088751,27.859951385039466,45.93990039422187,45.14756838686201,230.61142098307087
2024-01-29,135.63361539372204,194.33877719574224,61.8530665729732,85.23996224910493,65.19419518671597,28.062191276486047,45.80665619018359,44.72593527428599,229.00387249793124
2024-01-30,142.61320189903805,189.9340609818397,64.17122040738924,88.88865373842957,67.61477296751158,28.261284256928143,47.321198801407384,44.69842511906856,235.70547145971292
2024-01-31,139.65170006384048,186.22363685251688,62.89178934613761,89.500817673061,65.95125188123887,27.65541007261606,46.71333326043236,44.9538186104256,232.1755826994213
2024-02-01,140.76424219487933,189.81340679165845,63.83207981592716,89.86168292493831,66.50218200596879,27.204778481203782,46.393112546465005,45.01277350024688,232.50109237929487
2024-02-02,145.7031119731301,196.01522158319756,64.341143815262,89.92686539875996,65.67646021257414,28.007733077252915,47.74217726727762,45.438386897450286,237.0837617777928
2024-02-05,145.29193363067904,192.90724381991168,63.923965774852945,88.92747820422733,64.53400901884406,28.513599263877687,47.99804517822563,45.991247802228166,236.468224412377
2024-02-06,152.30762473922553,198.35720686122988,66.19315634433208,92.85495227485953,67.54115296901722,27.609670964349384,49.351672879629675,45.448071780569755,244.04187468770738
2024-02-07,152.56230640972936,198.360234958998,67.22267563007799,94.1867082941793,68.06797313906685,27.886900173642925,48.240762730368516,45.170873916124506,244.71583814781258
2024-02-08,155.6968842257977,201.57715613628622,69.2577510592156,97.16625840693165,69.73947503206546,28.083204933249064,48.79410371027521,44.852409640105726,248.82383510698014
2024-02-09,152.78798766836405,199.8257284138057,69.16038948721564,96.01399461794327,67.99531246569549,27.94501789869577,49.15275817952887,44.724253946953574,247.39412124941282
2024-02-12,156.02211574793523,203.60257392685597,71.03622576078321,92.58051080345757,72.95425478203003,28.56415133215387,49.23299492432417,44.76331558896772,252.24273347648463
2024-02-13,154.9085832945651,199.40509736260216,69.80922185735243,91.81814390317582,71.45499307628441,28.039999851455168,47.76117681722738,45.70617899943493,247.49197404056386
2024-02-14,152.79219155260967,198.6720928808423,71.10947206485194,92.68735222292952,67.89507527865037,28.991676945249566,47.30901147367024,45.54622023916964,248.3240511174143
2024-02-15,150.93127517853247,197.73822253638266,69.10416198685316,91.29137541998429,68.02428547416281,28.519628830666687,45.98725567283814,45.63204472046818,244.68507118402903
2024-02-16,149.47843888923398,193.8363874957943,68.51758241547178,90.84235043670286,65.58106965949555,28.082507105893434,45.71734263745644,45.361900579760466,242.1496506867
2024-02-19,153.47951671202793,197.21422354119713,68.73662910728136,92.52642242853327,67.0574123282575,28.223840057487138,46.22687297902279,45.533636949714854,244.94558735447785
2024-02-20,153.4492376114364,201.8550470588129,70.61576033996694,95.13397359820445,68.98129877841016,28.016165924597274,46.8366543888249,45.48672385716841,247.70715582501322
2024-02-21,152.92511967629764,199.2198028724882,70.81470500300337,95.49957798944524,68.82499245771503,27.97117263766798,46.34450771503002,44.70895318199989,247.3715844008421
2024-02-22,151.05545461465158,195.61122023731437,70.06500198246569,95.22044918836538,67.489882368332,28.294056303294703,46.046609518836014,44.72928074689386,246.1477999344074
2024-02-23,154.09731448919527,198.52136220681086,71.109012610033,94.69592490383877,67.63331700969735,28.860883676928157,45.304378163251776,45.122382850607686,247.50511016706488
2024-02-26,152.20006511344718,195.05146690499285,71.63005467399742,95.71353712987515,66.92680695186287,28.847032260643868,44.843372367573366,45.22798834046401,246.33961782466488
2024-02-27,152.12208497557396,199.03895768812353,72.43474598831227,95.53695065788334,66.10066622580699,28.98143803120504,44.55199987265261,45.24041101751073,246.97559551576845
2024-02-28,154.10695627335195,198.4187625798958,72.53939675648019,95.35667143518208,68.42236734817966,29.09457669133068,45.79178398377986,45.458390903519934,248.9051798245939
2024-02-29,153.67394064281288,198.86684014294505,73.55670908953698,96.89712796835548,69.6456002155212,29.01907170712209,45.6388652282845,45.88314490358965,249.32781698251975
2024-03-01,152.20111426690033,195.95317434351935,72.01680817208693,96.48382484886073,67.26280625973705,29.191885525415195,46.02471236164304,45.75294079100415,248.16315270328766
2024-03-04,148.40844408313956,196.42568456645327,71.97509474340123,93.50986566103943,68.00550459595311,29.398082219488927,45.79643899742333,45.431283445932955,247.10958353642863
2024-03-05,154.86086947051925,200.11529404950153,72.49023028992586,95.62727426227588,68.42007664168135,29.34860720342878,46.58853202284894,45.47452048951875,250.54885343264698
2024-03-06,155.0460699432236,199.31093063478392,72.28016361630964,94.51221501391088,67.35914041607495,29.110479555492915,45.986519838302115,45.914236912574815,248.57783512684034
2024-03-07,152.63164193629007,194.57194158263187,70.86016890970878,95.26134326030123,64.72074061182322,28.88899071815597,45.789677290418645,46.00228408644087,245.87291804809337
2024-03-08,155.87456240518185,198.38179077356347,72.68722799298017,97.93541373991894,67.90195608579074,29.70692128589123,47.271042961425124,46.74092263453724,251.34293845540023
2024-03-11,154.17008725670303,198.88356481038718,73.18505977765143,100.34888417276434,67.08592169812549,29.92280282106776,46.97332370970676,46.92184635265923,251.6971311690145
2024-03-12,155.608501980299,196.97792722748562,73.54016397287754,100.62850421039147,67.38684140865833,30.705539747202735,47.28304354654546,47.0283051737121,253.40560108119186
2024-03-13,156.2879040002043,202.56849990967157,74.9283700760097,101.71020799631384,71.24286251358697,30.730325880518638,46.327633491296005,46.64143137537135,255.51840258336887
2024-03-14,151.4624538958247,197.59360002200427,73.2394095141556,100.7973669371548,69.7089703281116,30.66730404218198,45.06538884917883,47.17068490636244,251.32828929191643
2024-03-15,152.64879753541507,199.61874424843015,72.80762773621075,102.48660928308233,72.7383281339699,30.846758238732573,44.80969398581834,47.0945455549707,252.91525750117634
2024-03-18,151.8115618653395,200.3988076437151,73.1120022800459,103.93146642148429,73.57064050791342,30.518823826007175,44.28414119272394,46.886190041824655,252.6433995652798
2024-03-19,156.7498082636219,209.25193333774618,76.26496865787237,108.05610973815631,75.98061662952173,31.051322357137987,44.39562389487642,47.243261730685106,258.4761629609645
2024-03-20,157.9496782098327,208.28757186737346,76.16884954174792,108.91310423700837,77.61742019000886,31.057201070896042,44.84353810485289,46.995901264806925,259.68427050432035
2024-03-21,160.8796910321588,211.70081170181274,76.79563956122965,109.95798250784537,80.64143570476304,30.794492386638506,44.188954680918826,47.18375677557407,260.6868591415031
2024-03-22,156.89686947851243,211.49145214959654,75.40535502538754,108.35738922082804,78.1734239956245,30.49393254198101,43.39041749570063,47.572034969623786,256.91827747910145
2024-03-25,159.75600653885172,212.64832539955268,77.71250054918322,107.56662082063228,77.25612305540746,31.374879023840617,44.35057930230645,47.55103291862683,260.5125998019441
2024-03-26,161.50504167398807,214.9740470041991,77.59378332791358,109.31384284418556,79.26215783054366,32.03691372663238,45.828621067524274,47.61409382429877,264.48548666849626
2024-03-27,166.695390839434,217.15059594265625,78.90404209792277,110.79579627844251,80.77589668191752,32.617439021716955,46.491325859364146,47.683109410012186,268.53888218339273
2024-03-28,166.32909806944767,214.97787621616254,78.21107932221005,109.84196160789794,82.64379397743498,32.42750949817122,44.982429460303045,48.34469110602598,265.6890759586522
2024-03-29,166.08995159138934,213.7480629494437,77.1022438866636,111.70547807097972,82.53591672843699,31.672464261576657,44.68680200412867,48.93182588062103,263.5862789001984
2024-04-01,163.59368635374096,209.237314552549,75.082054591612,111.58922533759787,80.50052477890597,30.79690944428345,44.267418355803095,49.18219424445335,259.24410730307903
2024-04-02,160.79210070621806,204.35540521319658,74.62170392840456,110.3045973550959,79.36232393700271,30.721533426887994,44.30919246563976,49.11095441669149,257.1512029563983
2024-04-03,164.23628821061328,210.61058042365457,75.36367215030775,112.17621487416767,83.02778798842401,31.678721429027227,46.06445247636229,48.59564594494283,263.8785821094128
2024-04-04,164.5495300108945,213.42345128463052,76.65321802740019,111.6556741621758,84.74186135009285,32.17167335048221,46.40294760017329,48.409042681001004,266.2625315367318
2024-04-05,166.67730278434672,215.81978476631275,76.61976610697063,111.98183534603922,85.9710579480579,32.04829170092156,46.38623221563919,47.65670834294928,267.7257196350736
2024-04-08,166.8695866017169,213.33488237277166,74.04136777966782,111.71219401767884,85.5985622558429,32.009349825739996,46.82331252579604,48.120188324196604,266.30914785571827
2024-04-09,166.26703696933038,211.85318121147444,74.00722535934695,113.26016670146899,85.36369781539642,32.589409612379946,48.02587578349211,48.27347973652205,267.64386166837767
2024-04-10,166.3284799535434,220.19220183751506,75.62032806855585,119.60630359145341,89.73074772746209,32.8878852116478,47.01077944016758,48.193800472932686,272.599943822502
2024-04-11,167.67140554778686,218.52006324528955,76.88734010822999,120.98323900399556,94.10672199521612,32.53625145652659,47.754199336695955,47.47198194577874,274.8342131728758
2024-04-12,165.9497943249033,215.95323897477195,75.72747226768408,118.1861836394403,90.09615135395367,32.217204707155744,47.58772221530693,48.03836638807032,271.15646346031366
2024-04-15,169.50922673457595,215.46730922746457,75.62047185218297,119.66016169777966,91.66836619299346,31.98749223528911,48.09473312214883,47.817451552998875,272.6702122832159
2024-04-16,171.1131174517131,216.8907487916161,75.64693687276456,119.39710918104288,90.53502188871704,31.90870826224513,48.82214919355206,47.8845291041269,273.48905405110764
2024-04-17,172.82007505307246,216.87359483499782,74.44394637717369,117.65512597441098,89.09849152217325,31.609996515171257,49.30102489859446,48.3184400394006,272.3319630724905
2024-04-18,170.6429293291957,219.0300730360238,75.97834464268433,118.21905303238033,90.43816297551417,32.13086608419353,49.59942121396933,48.19620505866091,274.39769028544765
2024-04-19,163.68852164985122,213.2833706804498,73.49207755567834,113.0937586242531,86.61331854363675,31.118407978208275,49.224462501238044,48.672157599530365,266.7791845665798
2024-04-22,163.64863533656833,210.40814118999197,73.4850325345338,112.78454508252304,86.41815774997534,31.282795286596322,46.537707774960246,48.08653526434634,266.583876235249
2024-04-23,165.77948242662092,211.00377259489042,74.14768562197874,115.34665815201097,89.54683641068209,31.178735682654025,45.57421177833303,47.52683754804883,267.87810206443925
2024-04-24,170.2001358392101,213.06300328493336,74.53729626520817,115.78480524986236,90.35456468182029,31.366282430486468,45.03802136202533,47.88619571702698,269.0202987177446
2024-04-25,177.79120478897852,216.6192823634247,77.31733756754846,121.13210294013777,94.16279952621001,31.647199727244107,44.87701975860636,47.306643123961095,274.86760113870645
2024-04-26,178.01132074088798,212.8989845639428,78.46463802326228,120.60638709611361,93.84935051987325,31.406031948149018,44.57056404570844,47.200427240644295,273.874188239264
2024-04-29,178.12091769026085,214.97891345575408,79.13299670290291,122.46139353550909,94.92392567937682,31.570610033701552,44.54945082447421,47.55583224306617,275.0704269822369
2024-04-30,177.77978719105934,214.2896351127768,78.8477591287797,122.16247164800836,94.47867778458959,31.323015308684106,44.840704398737756,47.93013041990028,274.2187930041609
2024-05-01,184.20621473587403,214.55744041771575,77.09070066267502,122.2988577558781,91.15656405642017,30.839313511857878,44.709175968741576,47.752994192211055,271.9785610974648
2024-05-02,182.79181771471943,215.280298692431,76.32970630782786,121.7516852010243,89.51435987681536,31.10376924989591,45.35552362921422,47.02011441334442,253.380412355983
2024-05-03,180.98223250973385,204.5918446887476,75.20467567566884,121.27246859459818,92.6689993876934,31.03088227149731,44.91761989266875,47.023753415267144,252.39807742244273
2024-05-06,185.76565190914897,208.97773777528673,75.75824824367496,121.7326919761738,94.97255479962647,31.615908450617997,44.72257739437445,47.34041757116049,255.093870865584
2024-05-07,182.8797945511173,205.74019458127802,76.22912423273928,118.75073649701133,91.956491119529,31.88340069796786,44.97405691240434,47.06669572079734,253.95323434613175
2024-05-08,186.30481019119435,209.1345096678569,76.7953918531716,119.60284118652824,94.26064849987917,31.52784174573146,45.646926104522336,47.68685670608411,255.4570232882015
2024-05-09,187.6376550592022,212.99738300734526,79.41609948218215,124.2995412326074,94.31969358867485,31.64414824731239,46.14651224570056,47.32755561086608,259.1862680437662
2024-05-10,193.19407371937933,215.28390430005183,80.3084329194974,124.94340394236875,96.0898749114903,31.782878214847162,46.96142614532964,46.871222165998965,262.542933771592
2024-05-13,187.89505704585463,208.8649926470637,77.78892059529441,121.76338164524198,90.30724323789019,30.974437688529598,45.70918016017602,46.65792116033572,255.8649431156839
2024-05-14,175.56414163010294,209.19533404584817,76.85437441312723,120.53546190946027,88.60699838639313,31.211063086702083,45.732988484021405,47.10363121413153,254.79737008938463
2024-05-15,175.5645402917492,207.87029160680686,75.52619333968984,119.4570968849571,90.50387338471768,30.791363515972623,45.32314965665538,46.68263835325311,253.4456302865206
2024-05-16,173.2799522843867,205.0422680457347,74.3473411698692,117.54181937259996,85.9905916059114,30.40786301647475,45.33906308267399,46.2449265871463,250.75402034999746
2024-05-17,174.32626762996554,204.09005603935938,74.51062115128398,115.36279432166147,87.03832757120225,30.555534128282307,45.47442671085789,46.7021858240855,250.5202524836667
2024-05-20,172.57865697920627,205.9487922934477,76.25377796776748,115.3926375169631,87.44484909360426,31.003201179072665,45.72863686366773,46.865641601533795,251.96963480495714
2024-05-21,171.01766497850284,205.72798558080234,76.04394785990591,113.25395358625585,85.0287274559729,30.686622158318585,46.08807595683961,47.289055311019744,250.19021799547397
2024-05-22,172.4945460007025,207.92432410503915,76.90973619271836,114.93185136155353,87.14242651586375,30.259777299206224,45.3723657345193,46.846378817237174,250.8346416146614
2024-05-23,177.67776549909982,207.0192840667107,78.52655016555451,116.46963156001348,90.49007560040707,30.66449383042689,46.606975289389005,46.845132186826184,254.84853392541376
2024-05-24,177.5017021358845,208.1389046780477,78.57929941885443,117.65750310683225,90.86895869881366,31.298009754007527,45.79936650661846,46.69466234879753,254.3899864522955
2024-05-27,171.52213004805117,201.6492502594035,74.78966876802308,112.5942050621694,87.98156028058311,30.390133441259234,45.41730980484912,48.13385392658811,246.51820227273265
2024-05-28,172.0757984321389,204.0942409990442,74.27245023703334,110.71718484530811,88.11445404836557,30.55858966402023,46.21652524894441,47.88048858982191,247.56704931681284
2024-05-29,172.70894787983553,204.33438519106417,74.32402241553451,109.70675210009757,88.56688244430731,30.652371520657745,46.020154892406836,48.15311484433049,247.3337860469202
2024-05-30,174.92321660577844,203.70782483248527,68.83523105070248,108.73357546652608,88.93088743895277,30.361475292757692,46.66337639172344,48.48480890477105,247.3845184514185
2024-05-31,178.32086391863666,205.76953191015272,69.23061536010515,112.19267284148314,90.75139271568564,30.01691869124518,47.146212547721845,48.490303325336455,249.47224810577762
2024-06-03,179.24074960034852,206.47565707284397,70.60491761136373,111.062683294776,90.4015853441346,29.77082804386043,45.66919152984975,48.818625165060126,247.98052781314036
2024-06-04,182.25955942484296,209.75714145144275,72.01452864014388,112.25573163329682,91.2540771695229,30.00224011776305,46.5063090507205,48.66886766495055,251.16587578310245
2024-06-05,178.56412376382673,207.44441092436085,70.7714371384215,110.53005244548056,88.82646849550446,29.651376971110263,46.353143362540024,49.02616547838945,247.96133846925048
2024-06-06,181.10728931676067,213.22086237253674,71.55619418263397,110.23588922068912,90.73279521166835,30.14163002293194,47.22844670876567,49.39007313736983,251.11568955543225
2024-06-07,185.26794874556396,217.35365232169084,71.55208197260346,112.59874348575339,93.27304530631363,30.471927836594453,48.18101155637501,49.4658457916612,254.76719228195213
2024-06-10,184.96230657856736,213.16331269872245,71.19164716791181,113.52493283703645,90.38101851164616,30.168707018095756,47.38672787640259,49.35503261997191,252.61275835569816
2024-06-11,183.67830030586777,213.79963202242848,72.03756285868712,115.47903906323208,89.16088072790035,30.733517198957294,48.7107056534567,49.93902710608926,254.7384046465065
2024-06-12,181.4028496488648,209.6819692259815,70.12761284341931,113.32380161451778,88.18119848761535,31.03663696043917,48.47306285646653,50.06223535543671,252.52443323770964
2024-06-13,179.52854561360292,210.03093411402247,70.31410617435034,113.42720825131792,88.54459067071811,31.239840218137655,48.961732010812,49.710751420315596,253.37004189701707
2024-06-14,180.49391563105007,209.79263008057382,70.52594033143487,114.1209992071485,90.66592606334272,30.863253554215724,49.57001470522945,49.74593692485651,253.97462264398175
2024-06-17,178.94265939108766,206.2434340060608,68.32311499424942,112.95542656034849,91.857519741199,30.036658162389074,48.21942295237792,50.27644730840182,249.38200138511857
2024-06-18,181.73251644013004,208.19815255613565,68.51548156374083,113.54437223161689,89.15977560828526,29.740721899444175,48.754936705480546,50.72587473580662,249.670960997669
2024-06-19,183.30436099513827,204.10720582668807,67.34943453581673,114.17263447981914,91.01259107297787,30.201001590538308,48.85993545067784,50.241507605325495,250.46625248545826
2024-06-20,183.5122624414551,207.93670444303626,68.29950730937237,115.5575050298279,92.65467469179866,30.459371509518974,49.497752776222306,49.83653333835439,253.26970030993928
2024-06-21,188.10876673237036,207.58419260042353,69.82485470455687,114.26085594079507,92.88470891199657,31.020841838365342,49.29184030679887,49.171116753153655,256.1388470620273
2024-06-24,188.4953041712621,207.40323314977672,69.34083662130419,113.96502227989966,91.74155697373789,31.97244256304681,49.79452159338949,48.98085357787448,257.8344525416889
2024-06-25,194.56777137942103,208.05026795103947,70.23382318958424,115.08888683377569,91.36213094269384,31.887919691154544,50.12578310606617,48.531252331981015,260.02303704038167
2024-06-26,200.67183166866516,212.86130016673164,70.58893197950809,115.88216866335469,93.42229490433695,32.00068445897212,50.47425117732607,48.53840469806971,262.9729018856634
2024-06-27,200.8338555399157,210.23334723048254,70.9582824571628,117.40052571651022,93.78934778977627,31.90712852060271,50.809523411495086,48.48369905742252,263.30381821867877
2024-06-28,203.00522459775095,213.92920873365327,72.99979778712927,118.51540381903584,96.37255065648118,32.20724026584945,51.18107422099774,48.39962226883723,266.5542523306436
2024-07-01,203.94065729546747,216.4341556330005,74.56366701701194,118.88647638597638,97.45878667139795,32.164251689604896,50.84050651330118,47.661361554983834,268.1298889673029
2024-07-02,205.8429000132474,217.44780029809652,74.91892053694782,120.15622089320463,100.96880145468995,32.07386295870215,49.99620999861618,47.618063683936924,268.7239157264154
2024-07-03,201.8076905687583,216.2502296575404,75.28902730491416,116.031168157406,99.8377277882185,32.183134734803154,49.82263881491433,47.40832857482746,266.9892336256241
2024-07-04,200.8143148846441,214.841426796022,74.502574850928,114.71910384213169,100.90412189261114,31.59927411435024,48.20182449061539,48.00168340871732,263.28581267488346
2024-07-05,199.6144979290118,213.75673498389057,74.34311959449488,113.51805477849314,101.01127026489078,31.15599682303697,47.677285801146844,47.16667847388897,261.99516020829606
2024-07-08,199.16878287777308,215.11053107144417,74.97685865565455,114.82749574155123,101.78068474565542,31.354281571539282,47.20512125256764,46.66383786197964,263.061068331957
2024-07-09,196.95460112038398,217.0419420325604,75.50683393678815,114.16402948435096,101.30031368352537,31.393856801207093,47.18146365037808,46.756158139464304,262.9062069815555
2024-07-10,192.29546994803965,208.34876233502493,72.96330978287271,111.36715589975665,96.14638262009582,31.54969065608282,47.07409483990857,47.50772995579979,257.97100071433107
2024-07-11,196.0290736426124,208.24718472696486,73.26444145640252,113.69274082933345,98.06194356481622,31.907998475197946,46.49075232579432,48.2389568871156,259.04822527837854
2024-07-12,189.30423020603715,202.6834012123648,69.55923447806185,108.21987891796911,97.33272019344489,31.291491681482597,44.94679996680706,48.56675158892147,251.56790626345673
2024-07-15,192.356136450061,202.8614431201008,70.04628341505828,107.36258126667019,102.59061938151892,31.573730379314917,45.04938442673847,48.42968197437388,253.44060590846888
2024-07-16,189.9424061822103,199.38429889709968,70.40380701039109,105.81806124321987,97.0517412869555,31.025491266541376,45.26186081107462,48.39786141483818,250.80099828103417
2024-07-17,194.02742216751275,200.53195608757764,71.4671991721395,106.21909637989664,99.72404627023803,31.045798832876585,45.21966061354859,48.67061267674879,252.33314919399797
2024-07-18,193.6306633457404,199.22496678138856,72.3971444461414,107.15525772010002,99.24373710415807,30.818372756099762,45.702808184883494,48.723799392244004,252.59262653572517
2024-07-19,194.19238345059713,200.41810071092266,72.65933264484849,109.20082620786225,102.53507529796887,31.078481415881676,46.69689430453612,48.69789539609975,255.29197777730158
2024-07-22,197.8024120957989,205.27248620888676,74.7510031808199,112.55364951917312,109.80368045466419,31.12334416117736,44.87663248122605,48.47382765440829,259.5287492869389
2024-07-23,191.03645681807575,185.26021805518272,73.02748030117567,110.75139107635016,103.91577822253295,31.10822889268375,44.273214788343154,48.1262029432235,255.9743852303138
2024-07-24,188.8420629977675,182.66734943465266,72.35532090742954,110.65045743496476,100.93940677125838,30.610071868604997,43.92761648644589,48.448945963531656,253.09238455480457
2024-07-25,185.43847524085686,179.8443400513492,72.31442152945563,112.26009299653325,98.04076727834838,30.221265388849446,43.84180498905144,48.29551098267879,251.36894070369013
2024-07-26,186.39998709677437,183.67270254102863,72.29592289333843,115.36394590013992,98.98460608897621,30.464770771063513,44.97339776501216,48.34134527027615,254.54175320299407
2024-07-29,188.92392552990583,185.01256527711845,73.24099707979265,116.24362334436894,102.00679227178159,30.05681756437664,44.16022339788164,47.73695675406894,255.19564367366002
2024-07-30,183.99197153001933,180.36740843872113,70.81284050663997,115.32491648944375,96.75296919761148,29.29167139627348,43.67633531857352,48.639372948084905,249.31151200354324
2024-07-31,184.02694316013066,183.07428170735977,72.13842809676899,117.30331374465058,97.3978743471011,29.572257942348067,43.11518169803924,48.28642376052938,251.00318735293857
2024-08-01,188.41377894462278,186.94086060027917,71.92063444648088,116.97811100081876,98.03422707358865,29.674610567583585,42.57913833124859,48.10051296641937,252.18158656547652
2024-08-02,189.91036771326245,188.4378467732755,71.59449022746209,114.97358655796201,96.01855003349709,29.08979853645458,42.32442527448642,48.26875736736912,250.48414350422047
2024-08-05,190.57164848759905,192.06232857227045,74.01472331744449,118.2856515653837,98.38141896007647,29.545863178393354,43.44922314561577,47.28479622536672,255.7574578242434
2024-08-06,188.9074638902375,189.81349173508886,73.0555131292877,117.4972361863939,95.0126618694407,29.342244705117494,43.5875617489768,47.45264109309828,238.49857977448033
2024-08-07,187.9929146677871,190.73554974304614,74.03341176580167,119.5625350624093,96.59020532729015,29.73235466159483,44.33710600524709,48.48365360290466,240.07045504129454
2024-08-08,187.86277026243852,188.7109149583536,73.33014958913812,118.20165349062195,96.44827688780381,29.405907158194285,44.79738476605537,47.99409728643657,239.3875837425609
2024-08-09,187.5790586867298,186.75282612183005,71.83242578545993,115.96391125502217,89.94331185108815,29.31712792207871,44.34320524536719,47.860784175047684,237.1810317050661
2024-08-12,191.0985212128159,192.25656460362654,73.52960107416847,113.28077708157674,92.84177973091249,29.749380864125413,44.98826515921943,48.21904395109213,241.30679989280796
2024-08-13,190.4749408354381,192.61866364092074,73.5369188079089,111.95478046748862,90.35845692105303,30.046514568448078,44.75139767662807,47.483241777624905,241.36025715968046
2024-08-14,192.18325596626218,193.5604494890285,73.16334160212426,112.04017032327134,92.80741533499364,29.471703269185838,43.453330452747664,47.27268662125537,240.12404023007088
2024-08-15,190.66870769679772,193.99539390661977,74.0034646094996,112.75068999763408,94.00609116181559,29.577682636508346,43.504923920290366,46.74164042873045,241.1325635517025
2024-08-16,186.29191774336138,190.7313330702866,73.05695619925226,108.94021912456648,91.31095325869533,29.037265666772964,42.43702888348322,46.64882804977645,236.52901528021798
2024-08-19,188.4479629533275,191.8830461329255,74.15899225823246,109.42037124611767,91.85597524735613,29.848286134678474,42.09932908603174,46.80799939594043,238.29419462744826
2024-08-20,191.1579891696836,193.04754256677447,75.82031662112564,110.40749463460517,92.31387128706751,29.86962177496308,41.88672075204538,46.34870720886501,239.9033021834103
2024-08-21,188.71702958106044,191.3748821713351,74.00898068475576,108.8931478372836,88.60640306815168,29.275857714158192,41.41173273471421,46.88832415750012,236.00608412316663
2024-08-22,190.57646892851255,192.3931945372403,74.13479179853083,110.48899116863574,88.71730271629728,29.6728280458703,42.382854524107685,46.49440224691717,238.69908201729956
2024-08-23,188.9085154409779,188.09995896438238,72.60290123860409,110.38460960667248,85.2925447123856,30.03117172578829,42.29146320788043,47.42308054613919,236.51405548678042
2024-08-26,188.593682962991,185.98396864118595,71.53139347814731,111.17961724532518,85.35958617681942,30.354231794515627,41.690486369265,47.74810997019934,235.65774458588743
2024-08-27,184.30976509755794,183.70316878693657,70.81579354866872,109.800104017397,84.65578426932423,30.505129006505328,42.48696915170244,47.35940021519541,235.16082862902496
2024-08-28,190.58991203961241,187.16212169103184,70.86474201562686,109.55636053408331,85.91156728416823,31.50980968437321,43.24707529255918,46.960562214097,239.3813114035443
2024-08-29,186.30971756017627,186.2516169949896,70.23050262451159,111.33430288662372,86.06718214190936,31.70001565290725,43.10621218524837,46.58976328333394,239.16330219236315
2024-08-30,181.97275708368582,185.31917764156697,69.35857282467597,111.39461773720936,84.97808011498469,31.41547505505911,42.162622344572654,46.80926210124348,236.3878111899806
2024-09-02,185.02735990148705,185.9310600543206,70.21820180197035,114.69740946527587,87.12056786543468,31.89205901239146,42.81733510939229,47.4840180618064,239.20752464995283
2024-09-03,187.4732605400038,187.53673821011526,70.19468109928579,113.67348375791342,89.75492790152006,31.56256774301405,43.08756525365255,47.65126116418538,239.68653713958415
2024-09-04,185.9349204201541,184.86179269848603,69.74627227881476,112.20448795899662,86.40563415399275,32.24312623447751,43.00615290108027,47.278138311274084,239.17870694460888
2024-09-05,190.20609913621564,183.18726916880098,70.60336671006709,111.6063790581909,87.46907438010146,32.10423964182579,44.14768830041067,47.30882316908797,240.73642539671613
2024-09-06,189.36201470985898,182.86883725783326,70.59391857994923,112.02701121960226,87.34202070890196,31.526440040129483,43.58627524675899,47.60349344866238,239.05080305481275
2024-09-09,191.77444175173991,184.53078332173882,71.01142202556015,114.61894759958444,86.16594214564542,31.407314959799688,44.32269715806247,48.27664040027961,240.3188959696725
2024-09-10,192.11219565461013,185.74718548800124,71.95475066108916,117.2743970716369,87.85809657908804,31.86479829406142,44.89024144803514,48.42265219012174,242.83898784660335
2024-09-11,191.16435858889736,184.0698088367874,70.54423343022583,113.57101212773041,85.43836759422716,31.630429688497774,44.7765772630853,48.751634487660105,240.03456170751122
2024-09-12,190.46498925816852,181.74367594470138,70.61824269245551,112.84150385328283,84.02761288657058,31.51207449425833,44.248721012979495,48.584734399027575,238.61952305987919
2024-09-13,188.50190801935835,182.62664205417266,71.0727926708859,115.35321898818275,86.581637210793,32.31715519753696,45.03235921992576,48.759245174430646,241.5235576183509
2024-09-16,191.4128580069342,183.18866553441924,70.30324520506298,117.66927869735413,85.56890042497632,32.59198828642845,44.72735309228333,49.19630619107453,242.03129832093333
2024-09-17,193.36657747662778,187.07229054604798,71.3704169297989,122.73912447156873,89.31894395725033,32.41877510527315,44.71974942082204,49.03992193512605,244.9380140871843
2024-09-18,187.8834414127383,184.38747175477783,69.21877856574817,116.19514282964845,85.09916856631217,31.78407493345946,43.69916106239162,47.95033793997422,239.66580480935693
2024-09-19,187.47202576186606,182.827228145307,69.1193024967011,117.73366089502026,85.7678283812264,32.174131969655754,44.53947712609818,47.55061698756453,241.34430625127436
2024-09-20,190.9263743768537,180.04175264998068,69.11854311432512,119.33881219128601,84.79550449033896,31.882106082685134,44.06811898039239,47.692894084624626,241.40267582669358
2024-09-23,194.569693808035,180.490142366945,68.7745609538527,120.55173849224751,84.5032566608557,31.75484097728849,42.97267608898776,47.79691042845697,240.9107547085255
2024-09-24,191.20715317684062,180.5384885500812,68.47661686952095,117.26258571684384,81.83606909301609,31.25404041154096,42.46748302741678,48.036791547085514,237.76956181582892
2024-09-25,186.54743041501155,176.64001626232942,66.53709479970085,112.71121330183266,78.83683716443845,30.960157434695663,41.13396298159768,48.240739802612964,232.36972068654552
2024-09-26,186.74920706073593,179.35356002942194,67.50834582529241,114.17942196481404,79.30550999224226,31.09361499162455,41.56825804491572,48.34863796113863,234.1324404461394
2024-09-27,187.62826804161813,177.2718649153748,66.55773997671965,114.28238849854395,79.9712133521193,31.085587506353335,42.34879657882179,48.62605436845976,234.23837176203244
2024-09-30,183.7553578288845,177.76142331249244,66.92423208402063,112.57014718839457,83.0853807328545,30.502056984604444,41.1729717791116,47.515720550649405,233.64368384535342
2024-10-01,186.04353137835938,179.47625481075977,66.60145289760848,112.98787598849958,84.17662331912652,30.884172141304006,41.58617599038589,47.73895704944102,235.25647645486376
2024-10-02,190.0829825159547,183.40801616453567,66.94109935301114,116.61396465364051,88.5496617136393,31.271056861896383,42.034954159040204,48.30290707231732,238.79234740177924
2024-10-03,194.41044184663326,185.24554290496644,68.4826141103058,118.72689931729666,88.84715236334878,31.319190890925398,42.77166183152832,48.09259441847527,241.76439036146937
2024-10-04,192.42611434253755,185.37250208378464,69.6638704056822,115.99868688765211,92.8556636585771,31.358295418659434,43.07099282786598,47.933725011512415,242.31761159692005
2024-10-07,193.247509502449,183.73012049918097,68.73825499902519,116.92945131023437,89.93539441925908,31.522026159262328,42.965986026467206,47.57003501898186,242.0334927109161
2024-10-08,190.16273297625702,179.44788175805294,67.3792673276232,113.60328762455258,87.20117003209445,31.363051361749115,42.90737653603325,47.671792278842915,238.7898341840888
2024-10-09,192.4868218080627,180.72407023338718,67.48459797407435,116.37450969159146,88.3922964255798,31.912396409899443,43.978310059490475,48.12199613657472,241.71722627216778
2024-10-10,192.65271504293847,180.7346053397069,67.31717187349933,113.16393050443476,88.87460438801804,31.98112180493686,44.50130776868196,48.09744220831547,241.6188105880035
2024-10-11,188.14003231191862,175.54014954344274,63.97011634718895,109.28603217568637,83.56210936079069,31.250068566533063,44.102403989023514,48.1885133276052,235.5754557018226
2024-10-14,196.74903472729014,180.87361040896008,65.03735838634232,111.35812975452518,86.9443724333605,31.567799164036742,45.280149608127594,47.952727654511335,240.9611639734877
2024-10-15,195.42015083592554,180.97145044890837,65.68534676286377,113.23717973234788,89.42769498652561,31.465153030480153,45.169824927862415,46.95271013517895,242.25461058430687
2024-10-16,189.64178108093896,185.28869934639798,66.86461846925752,117.83479146420828,92.02021204446359,31.445430041201327,44.99606654589823,46.371912762475894,245.7434168198919
2024-10-17,190.77230339233176,187.35070297207105,67.09960413258743,118.53499994384377,89.38853018981249,31.694160463182712,45.29443222436754,45.865316953125394,247.15405260796737
2024-10-18,190.07121168234403,190.6866153776409,66.99146108181367,119.64275281556294,88.46063011081257,31.514587776951267,45.382606607799886,45.74935184166236,247.5656386701149
2024-10-21,191.35261139324564,190.51618334242087,67.69875563897286,119.75557576645218,88.81806367471184,31.730614827528782,45.69321812612723,45.96810406629693,248.52982526407843
2024-10-22,193.10271072838677,191.01662199084242,67.15030623059906,117.6705807448348,86.01154094280734,32.472307464968594,44.87015830991087,46.39723495718153,247.85708154425905
2024-10-23,197.3123242534573,189.058996979093,66.87914965788153,119.7850775209332,87.84039769828735,32.43186494944147,43.71226919453213,45.89782178721534,248.12593296027254
2024-10-24,196.27261033069718,188.27828585238316,66.83803038546283,117.49027115620491,87.67089948796993,32.202407948393414,43.72674534689323,45.72073771547016,247.05252733484278
2024-10-25,194.96442844915282,188.85002235016634,67.14832265297792,117.67136256236171,89.1384772126743,32.10479129657062,43.672288727676225,45.54892139846192,247.2430322123727
2024-10-28,196.13715822664525,188.45368839309268,66.05687093249327,118.7237527538797,87.9340939709713,32.1337787261808,45.06808012068787,45.879711742968844,248.12112885756315
2024-10-29,194.44672783768385,189.7012759957885,66.21399431292294,119.4167794577818,91.30896210238859,31.99187863013912,44.93243044226011,45.55260940201332,248.6950835793891
2024-10-30,192.69369080886048,190.80271603029198,65.12045448222713,119.58520284512751,89.80945121580308,32.21721000774959,45.027755554110534,45.366636234414834,248.55161787884913
2024-10-31,189.97161805755005,190.8575262226301,64.18078167588725,118.23804343544118,89.24666648307519,32.747494832732805,45.27007769631925,45.30992811003314,248.407554817256
2024-11-01,183.18973478169008,183.7419635747357,61.95544937015134,113.222213133511,81.92177883319243,32.6843724743538,45.21403588301134,45.583594550495064,242.56510738009337
2024-11-04,183.6061939542028,185.13418775222337,62.09020344329237,114.30873191343346,81.40424076298484,32.78577280025826,45.99970296725043,46.024748419117415,243.61380755899296
2024-11-05,184.69130091823257,185.97111369859996,62.03487974910397,112.04842150464731,79.37680394517976,32.75563604210165,45.98004670080604,46.56259631938766,242.6068009818553
2024-11-06,182.61620891379363,186.34285852962094,61.63105904084439,112.55297036157579,80.20769841260328,33.19706957412995,45.87861218495138,46.984023874639995,242.64520227063795
2024-11-07,186.9508076039557,189.28622582249352,62.54024393179088,111.5220853745712,81.1903176116806,33.98458043121316,46.22685111151046,47.13359471828592,245.473268402708
2024-11-08,190.61817255363815,192.22056965514935,62.76100934708433,112.87369707207398,85.165055635731,34.366071611895556,46.43619153207105,47.96611191700627,247.77392810961433
2024-11-11,193.5305986488087,194.91783893635488,64.00580071156732,115.67555513818081,83.98461479387736,34.779592239025966,46.71817677891396,47.61976114874268,250.7495363742682
2024-11-12,188.38857280028657,187.49825933906232,63.018556743213836,113.4132899520204,77.11193042103532,34.22750003639163,46.83467213569273,47.692052052620646,245.86848603967607
2024-11-13,192.04121947219335,187.07697368757698,63.10040555735357,107.52657302415614,75.74884726924135,33.72521038435031,46.13443270867603,47.42924693385537,245.02576108525963
2024-11-14,195.7459270255285,190.6213220848987,64.6100844669411,109.25843967743356,78.70625874470254,33.91301662776597,46.08461341660982,48.070178698183156,247.52845356028456
2024-11-15,189.448982928735,187.39061131648702,63.29687203509472,105.07224922067489,74.2860496868691,33.201615141361025,46.0903567226317,48.74413678303424,242.1735017613723
2024-11-18,184.3045890775585,181.1160514407757,60.63452273134356,103.32862068100727,71.66241064508823,32.85351002591087,45.81445530575465,48.97805035718779,237.4299538418466
2024-11-19,186.1337260690581,181.97269826913939,60.144123518073556,104.20520662976486,71.60284804131562,33.00832077732367,45.86656674715093,49.333724012768286,237.90905504139963
2024-11-20,183.39495626607547,180.88670433385442,59.961538728727284,104.18280089904268,72.24888724921361,32.64200478198026,45.969887006925624,48.693378416384185,237.29983318886954
2024-11-21,182.6665978551234,183.42102880265867,60.31515145726961,105.62313037533532,70.72110855460983,32.56424368659796,45.451011872368134,49.6672990812963,236.61649963376703
2024-11-22,183.06216917226274,183.98898468314889,59.407995963706846,104.57498127581887,70.94803287140287,32.56604630431635,44.0419447844778,49.47275199689061,235.1110711964882
2024-11-25,185.12130610308128,187.95844426213267,59.69263446827936,107.51578248283128,72.6049820752665,33.38647904515064,44.39062101585504,48.48080535970298,239.5160307451884
2024-11-26,183.8347444789792,186.32079756686483,59.11926394231586,108.35472905795507,71.14199800463004,33.938092434927995,44.389403096782196,48.15481611158854,239.40052816945763
2024-11-27,183.75744426396582,186.17291002150083,58.255352468834374,107.1670980367789,71.18051725351798,33.32087852282812,43.695692171096006,48.06585979895778,237.3163832280777
2024-11-28,188.71338162089555,188.93436004476982,58.68516283728308,112.34782051140047,73.03010823746874,33.51170144376835,43.70410552964253,47.83946339462121,240.77153610041722
2024-11-29,191.9430864314043,192.0034380324978,60.174071095342114,115.87715161049647,75.5342122216373,33.9252521960926,44.68144882698993,47.24416102684767,245.57626134806912
2024-12-02,190.37526919695117,190.22928585030806,61.637405818462575,112.75834315696291,75.31733083595805,34.73214368366803,44.72077992424967,47.45228741998089,244.76438024237893
2024-12-03,193.90019516641743,197.42127009571018,64.32723679301581,116.1230179390526,79.48453338318087,35.39199383785427,45.231134716323204,46.76709890318644,258.51303285993
2024-12-04,197.99624470280986,203.05879683227053,65.59511596008086,119.05473302429185,83.96808212855382,34.92034538691455,44.809763172987076,47.462570286511266,260.5918299086433
2024-12-05,194.22550844707843,200.78655737028964,65.60279669276125,114.27225985184138,82.22593701299907,34.57664490492499,43.57016733363697,47.59724597936805,256.3327230774945
2024-12-06,194.31254162849987,200.09410287713564,64.73727877017488,111.56522712179208,80.28761476255656,34.890963756755745,43.87932833637809,47.59852950422143,255.6393292406503
2024-12-09,193.20064181329516,201.04705359968978,65.19748920336151,111.2183795769931,76.60838129043826,34.62403966352665,43.50527861752284,47.20921326406119,254.596942367824
2024-12-10,196.15189876507162,203.05736908592797,66.51540261112747,110.68136647057287,77.38121489847374,33.960126776389764,43.00054018872494,46.73999249195151,254.85432581330684
2024-12-11,197.7406617441009,206.54177354910456,67.01354408735179,110.46159095427078,76.94471513746336,34.203088528813716,44.25655602441184,46.81447527635836,257.2704551524403
2024-12-12,197.25489420105262,206.17242392997224,68.3850693138951,112.77935914254043,78.0431541547684,34.32303208118771,44.503530396874496,45.33752942111866,258.720029674105
2024-12-13,194.49033976821724,206.70260681227,68.29459520109823,113.8084096355222,80.17678767991013,34.83027431867387,44.71544564533138,46.60253405016189,258.36862495770555
2024-12-16,190.91902611896356,203.5476226250692,68.53920915123271,110.98971574059277,77.45126374015456,35.16819729738164,44.68665361997699,46.61109070495026,256.6020343184861
2024-12-17,188.67180966903197,198.59091091249527,66.30418859640447,109.28692950517672,75.55590432249664,34.605176485386544,43.56641620920282,46.69613869435399,251.84511494721048
2024-12-18,186.05503975748948,195.29529459876085,64.5677797697833,106.81378774095187,74.00557768644273,35.30049815057646,43.96645342327659,46.776989709393774,250.5812516731241
2024-12-19,188.5022410327288,195.7715132240555,66.47141121264848,108.2520270805268,75.69442674254792,35.746930327274676,44.487022512380946,47.284798044254856,253.2246344320647
2024-12-20,191.271448275901,198.1016725678534,67.87837608403275,109.56926231594063,76.81430553116913,36.29268381805797,45.09143933697548,46.83425446631408,256.818931056183
2024-12-23,193.90970639384668,199.8031003111248,68.08924701559123,110.87513802303891,78.82101579604766,35.69318244140096,45.04324120252616,47.08452286911245,257.2644422341087
2024-12-24,194.75000948860298,202.00135273967481,69.03901788700499,113.06208307694416,79.65025612771967,35.358148443992235,43.827966421926156,47.479125577713,256.90981963554884
2024-12-25,198.93386743876582,203.28036135224497,70.2348642907018,112.4222605262713,79.63498455102322,35.62495325024636,44.484611871386306,48.06105423403512,258.68754967450855
2024-12-26,196.06974217381196,199.24724162820246,68.63435596613634,113.48145144302654,79.22700095975152,35.919273609017694,44.370299163494906,48.18396062470777,257.33906128893483
2024-12-27,194.49168748043851,197.55720090585945,67.65017467560895,111.74120155541782,78.09691383191803,35.415447106955405,44.218394190663,48.40309738462525,254.76586861103186
2024-12-30,191.82287174513678,184.54096401343782,66.7502626177601,110.63813032697934,78.434864562729,34.69313264814614,45.01999765550817,48.49528938792115,253.18383396914692
2024-12-31,189.44345332665992,185.4449790078212,66.67247950594343,109.93921001497027,77.2563773835227,34.51802774828927,45.1522284276562,48.58696791037124,252.32787726763902
