Date,1M,3M,6M,1Y,2Y,3Y,5Y,7Y,10Y,20Y,30Y
2018-01-01,2.2039125966523043,2.2001993848951784,2.2230446049211734,2.2415793062624,2.278232276471276,2.3120266529996916,2.3634451806598813,2.4351322633974952,2.5083264520798374,2.683857323117542,2.787446169355632
2018-01-02,2.2221961446693936,2.2286133786226108,2.235593932743517,2.2421289683845687,2.2833127401645736,2.3226698470719582,2.3971944373802465,2.440581900900511,2.530083992341648,2.7014534193909494,2.8132743426911566
2018-01-03,2.2642013258772957,2.2688196204068563,2.2669321895272057,2.2874481799808914,2.3259697608269594,2.37110608655375,2.431593897097734,2.4882758053876253,2.5603657417585626,2.7451727229264953,2.852323357800347
2018-01-04,2.3375618423151847,2.3379960963036557,2.3496148232238436,2.3674373254309256,2.410170460596881,2.4376651657906967,2.5053615017450293,2.5574443109840406,2.6385035479018466,2.8088394257004237,2.899795033512813
2018-01-05,2.333679257447347,2.3358766356620775,2.3485091589410327,2.369087429243013,2.4054790821153684,2.4436615220034876,2.498188438020146,2.5646345588791375,2.6218169459971796,2.798730907663404,2.9070862333749528
2018-01-08,2.268420908585752,2.2728526405197713,2.288319805256572,2.303834272012893,2.345348614864525,2.377400080513162,2.4279205519415368,2.483900282352449,2.5684918740931453,2.7478543293844635,2.8603907658602568
2018-01-09,2.202645658073767,2.2158274730370233,2.226300670967946,2.247461892382305,2.2921665474872746,2.3232727131029516,2.388388133011044,2.4416111943199863,2.5153628133876174,2.708207834897334,2.8236167430638335
2018-01-10,2.134010909223472,2.1392466998949127,2.152394686941973,2.1730328849755085,2.2100082243952426,2.2574420507359307,2.321349828222813,2.3854755500670737,2.467504209741997,2.6784261565251524,2.7956468124696463
2018-01-11,2.131162922872974,2.1297782791595212,2.14785168536932,2.163939498714835,2.21687631039968,2.252634235784636,2.3120080480255902,2.372568282616895,2.4607845564076474,2.655844563564253,2.77041458200656
2018-01-12,2.1241304494145274,2.1245687181544524,2.138160877607121,2.1605938729080747,2.1953655724689187,2.2298321542878505,2.300257700335798,2.35280595147759,2.436608294328366,2.6236051335320236,2.7482062583313223
2018-01-15,2.114311100520537,2.1299958261082184,2.134751841730055,2.155114780876347,2.186831720615367,2.2230634609575977,2.2954172790526433,2.351828235335098,2.4292507867677067,2.635081176893922,2.7486333755662913
2018-01-16,2.175485442362877,2.1796179361739303,2.191126173428348,2.212562295169893,2.243850809794534,2.272492552516749,2.349831163870211,2.393302790184288,2.470650681083396,2.659039574251324,2.7669125276088016
2018-01-17,2.179103589134293,2.191567659268999,2.1935553264392644,2.211573157609929,2.236073897842702,2.2852732079469233,2.3348154430344636,2.3880726741863763,2.456678250870181,2.6307119722273296,2.7313723219742982
2018-01-18,2.115433197327588,2.118696746974839,2.119260315062286,2.1506954064449433,2.1831639846033015,2.206780681355008,2.265017411946874,2.3124050447958333,2.3957500907765623,2.576437606581847,2.690462577574095
2018-01-19,2.1492713390415545,2.149390529515376,2.1643088612697956,2.18430526170679,2.2215561110140625,2.2510068437751993,2.30394501057666,2.3575184033406793,2.433203145399013,2.6080101924019976,2.715202747853492
2018-01-22,2.1493274241591327,2.1491028360116444,2.1529078251060847,2.1671999367294115,2.1983892431509964,2.229442273998559,2.2899973426024207,2.336980190569774,2.4059960483979963,2.5766934929563408,2.6955355603571443
2018-01-23,2.1062086855113438,2.1099642178592752,2.1172059011723445,2.137615757870286,2.16918624004028,2.2081564068934347,2.265487277832031,2.3195440287494664,2.3812040274714215,2.5688347565134535,2.680382425906386
2018-01-24,2.043414190990575,2.0531014265844365,2.0661036813127156,2.0861295119417305,2.1195408110301552,2.150702397449371,2.2115850821022707,2.282635063913204,2.3538701434065015,2.5486586662079764,2.673300283182631
2018-01-25,2.0146287457846324,2.0228301285381045,2.0344431721631966,2.0490091526014433,2.0852157534150266,2.120187357706251,2.191756302843907,2.2510306225188423,2.3313020128624933,2.5323285208246538,2.661106138405266
2018-01-26,2.0862578353610735,2.0970783506324775,2.1054861338880686,2.1273316739085546,2.151478332788727,2.1915171569675427,2.2618190508297915,2.3182616130566376,2.383990591243571,2.582046033783521,2.698721514652824
2018-01-29,2.0902127867689306,2.108343486998351,2.119177585265808,2.1357306238498612,2.1699825651323543,2.203544559903916,2.2694526852119266,2.3278503444776137,2.408356171569242,2.605148060859771,2.7178499387399504
2018-01-30,2.087376441580239,2.0919859999437067,2.098921609688001,2.1056047422412214,2.1490922220425284,2.186494064813197,2.25062893347947,2.3001333333131107,2.3793190234459676,2.568547231363105,2.6883185982049076
2018-01-31,2.0847258561525828,2.0900320913205426,2.09684642298271,2.1181173886944205,2.151745951632727,2.1876871036930976,2.2540624463877137,2.3171927264715886,2.3885636126193024,2.576959352665404,2.696243207581771
2018-02-01,2.126141984294344,2.1248938059495,2.1380232900394525,2.1568448545313235,2.1951443024155664,2.2307607495301274,2.2950811565225515,2.350281221440531,2.4200135411582733,2.604796327964196,2.7239150295724213
2018-02-02,2.1232177414296944,2.1273760445689507,2.1404820729510883,2.1609049747571625,2.2019970525329593,2.2306936000027506,2.2943652014408826,2.3567977979829595,2.4366768348836962,2.6157713290307316,2.7389104283570864
2018-02-05,2.1823638947118447,2.20543604295909,2.2045252269286935,2.22281565264572,2.250188500794383,2.279503566307644,2.336007953601657,2.3936110583896335,2.4540644274876318,2.6306609435299344,2.734668991414116
2018-02-06,2.215883484665486,2.2264246126634926,2.237591034617941,2.2494075759240983,2.281328191305856,2.3087581134903874,2.3676743204186876,2.419841256303564,2.483314483863407,2.6535982180166213,2.7561797120846703
2018-02-07,2.145798250961427,2.157993659890919,2.1623149150249823,2.1819445212223645,2.2123624292314297,2.2501551442865817,2.2962763732239226,2.356934396374308,2.4291351771218426,2.61075417206087,2.729874848614672
2018-02-08,2.210491013211028,2.2259591132352115,2.2266458003845186,2.244654200602819,2.2794935995503525,2.308547394986981,2.363010326181421,2.4099847885087957,2.4903779588987303,2.6482198464574087,2.758142864227827
2018-02-09,2.1615689886879887,2.178707445876549,2.186302785779596,2.206812491603583,2.235747947901892,2.2624911061318556,2.3312141124799086,2.3832152408140423,2.4591874605052206,2.631674986316198,2.7453507846092355
2018-02-12,2.161838642689198,2.170280661646116,2.1811499259774307,2.200109294052718,2.232735721950117,2.263964079846354,2.3356481217306406,2.3874722821253687,2.4640917571702126,2.6474284143465483,2.7572007721927267
2018-02-13,2.205655204320595,2.2120540513040745,2.225344864560678,2.238093230867053,2.2741933400688774,2.3042565104614616,2.3645952424101004,2.415985851562702,2.4930906514738256,2.661773105187766,2.7730869991308214
2018-02-14,2.1821896574951514,2.1804156913074237,2.1996149841311405,2.2156502439845713,2.240178127826786,2.282704405599035,2.3348227985784957,2.387724058486751,2.4675788262589595,2.6252681785000767,2.735077079914072
2018-02-15,2.205387399804545,2.2082479689438927,2.2163867535859567,2.2308877297741327,2.270371530389422,2.2999561041146657,2.3572792799355877,2.405726101632136,2.473073834104119,2.644632698499442,2.755193632871322
2018-02-16,2.1425201773392257,2.150730089039841,2.149658846972112,2.17024481906672,2.2109601700685104,2.2332868695691612,2.2922343883040264,2.3463704080595154,2.4273978444700535,2.5964223482986006,2.7178471379635005
2018-02-19,2.100535813805224,2.1031983471823295,2.110654423421286,2.12718437572532,2.1638609660460983,2.2091471581310262,2.25979023217027,2.310689601010198,2.394214435249242,2.5786029008444227,2.7003405015558424
2018-02-20,2.1945936411764366,2.1972479357678654,2.2052855506082243,2.2220386927036473,2.254394933713507,2.2845008232062196,2.3520266582047307,2.394131367921787,2.4686627344557235,2.633858276439731,2.7478788271028245
2018-02-21,2.1893011371997795,2.2041423143126635,2.2100663848164244,2.2256491129776896,2.257160593753095,2.2884682210504588,2.337158007388617,2.3847212769007586,2.4601769444199637,2.6173400538878018,2.725411640228796
2018-02-22,2.200202016887827,2.2005531015363964,2.2087160191239414,2.2353352922224565,2.262170454232914,2.2918355011334457,2.360568711684181,2.4115372504190256,2.480444099166488,2.655911073488891,2.769632658773614
2018-02-23,2.207723961924401,2.2093834138887773,2.2202301404293414,2.2406136398814094,2.2728938608116924,2.2932665707372757,2.365956178362809,2.412932988354586,2.4852001613190633,2.6629645545688105,2.7802014952540897
2018-02-26,2.2104131877688813,2.217290269233657,2.2327766387591117,2.24655278260947,2.2819106673756537,2.307515240611696,2.3663503114515714,2.4232321066063616,2.4977351145019964,2.6683033143999597,2.777534766614533
2018-02-27,2.197203075198594,2.2064852486934092,2.214900310024167,2.2338738997345393,2.2694019368719887,2.2970812698773138,2.375712382936811,2.4367146890654072,2.508348301541851,2.6947985079675334,2.80950801113887
2018-02-28,2.1822737728732604,2.1871199130248424,2.2070890140393624,2.224771600862173,2.2639706753091198,2.3075812203604293,2.3678955461005518,2.4290213020987474,2.5098043007222404,2.6956878628355296,2.808738509346419
2018-03-01,2.1310245085233754,2.1372356013220357,2.149954606352096,2.1767282433094275,2.2078462329707444,2.250932029099931,2.321115343236437,2.379515015383448,2.4705688923915203,2.663886850412814,2.7769071163780197
2018-03-02,2.0614073769969465,2.071580238567561,2.082068682699622,2.101880407332418,2.1445175961125815,2.1767489603838075,2.250646943403237,2.3194810964965056,2.4038482449731267,2.6159371481873026,2.733028800213139
2018-03-05,2.044340703760964,2.0503564375049566,2.0625930778416355,2.0900548792784774,2.1233597908048023,2.1660810690581287,2.2304065398887927,2.303894167007194,2.3807386309059018,2.582576480784728,2.70218727168285
2018-03-06,2.061785171937247,2.073026089823505,2.079257434014583,2.1037761272334574,2.144842794445269,2.1850036073728663,2.253995908173343,2.321606675596543,2.406199580340995,2.6093893533346315,2.735817377147063
2018-03-07,2.0408702034079833,2.048931605863315,2.060424427628388,2.0825737705485183,2.1325751003097646,2.1700258973979367,2.2419664011848583,2.3121368383582186,2.39776170794663,2.6117506161520287,2.7481845505884195
2018-03-08,2.02605689194794,2.034300147886908,2.0410765858569553,2.061791012605579,2.1114923196554325,2.156829075732989,2.2353373084535324,2.298461970964385,2.3873816890818804,2.6210133666940645,2.764651453243499
2018-03-09,2.064012280180572,2.076738337805182,2.0811189439420907,2.104378643870759,2.1424815864153097,2.1857214746132234,2.268416062361471,2.3323417734008363,2.4147047078248383,2.628425761226692,2.7717385204583254
2018-03-12,2.0449791584815484,2.056695874398157,2.0635683674661833,2.086070477489327,2.124553018061302,2.1651862545162284,2.2485286666323256,2.319216059718212,2.401262106670221,2.610479353238831,2.7419036995418296
2018-03-13,2.0693495814999103,2.0783269399553865,2.0892900609477874,2.110068962065076,2.14781163667448,2.1924370173110153,2.2646866330558857,2.323246021968705,2.4184311991558447,2.627124842879993,2.755484394720909
2018-03-14,2.09583360986916,2.096830500879275,2.107591625266231,2.1284042709249906,2.1702479876864826,2.2096620409276104,2.2725211629572617,2.3352217481391637,2.4194156946167737,2.631785387349252,2.7597845825399925
2018-03-15,2.1642298426475524,2.1691740174351284,2.183645410067929,2.2029432894686773,2.242617583863792,2.27747191292644,2.34211397291848,2.404926030256981,2.4800202981528847,2.690304808132841,2.804603553694406
2018-03-16,2.153643907720186,2.1632918296849213,2.1592723927440467,2.183788540978077,2.223556005426404,2.273710792921928,2.336511731556107,2.4031763104239423,2.484767860963102,2.6928297371672967,2.8265723493589414
2018-03-19,2.149343298940217,2.153058031225423,2.168935425069117,2.193249882747178,2.2273821113262957,2.270750435933788,2.344970138638835,2.414945539972883,2.496854564266428,2.723937264179976,2.862482845805164
2018-03-20,2.1936892845374607,2.204901361964567,2.2136323213187925,2.237315112578717,2.2823761055739427,2.3196024193132136,2.4030442446568876,2.4663192629747113,2.5607126261345794,2.783002267482978,2.922462996181135
2018-03-21,2.166225001765145,2.1683100895670115,2.1821609107681725,2.197865739011749,2.2417732333085216,2.285882169944268,2.3643022541920495,2.430648130602929,2.516185434959666,2.745884704668808,2.8862614849842876
2018-03-22,2.124638507042404,2.134598338907771,2.144868566783096,2.168790985554963,2.224933017943626,2.2558570579627553,2.3388821139349463,2.4096210750741007,2.5057720305703506,2.723686061175591,2.863616631593301
2018-03-23,2.1693941142796858,2.1827610249331206,2.1829476626953284,2.207542892919574,2.2566386627731334,2.2998594202933633,2.3785197771896773,2.4417647606134913,2.531309322088595,2.756026489523667,2.8942785461559373
2018-03-26,2.196082905542802,2.212647141571352,2.224782306540262,2.252462313763781,2.3023204751009687,2.3370124763682254,2.4201949222570986,2.5011123146496073,2.603484196263251,2.831278757600903,2.962318314574239
2018-03-27,2.188250800454692,2.1998296134760054,2.2068771262584277,2.2323538796806,2.2727989075229638,2.320752878118875,2.4089547894794485,2.48440439445393,2.5822540137775043,2.8117816973389966,2.9569129990122085
2018-03-28,2.1961205192751407,2.1961837716666484,2.20692659821529,2.229743255041762,2.2784922622516923,2.3383377462757373,2.4128590272928343,2.4928425812519874,2.589478712798866,2.8373669543840565,2.9703290116974816
2018-03-29,2.2063535949054427,2.2030232888799395,2.2146454609943294,2.2485116209582783,2.2884295785346693,2.3362729648294738,2.417241002852205,2.495671658608175,2.5899569126655893,2.8392736892444455,2.972734767196487
2018-03-30,2.1402874563712784,2.1421641641262053,2.163379398888583,2.186483503700615,2.2366515359386026,2.2752246626623998,2.3664319088752372,2.444807829216093,2.5422006402246335,2.7914310971410496,2.9363963349158166
2018-04-02,2.088245369436235,2.0989864715170943,2.1173278209826547,2.138670023028037,2.196111351606597,2.242028708986919,2.3313390274728496,2.4032118674252376,2.5117070249958,2.7683762628882267,2.9154361951727146
2018-04-03,2.0647796595537824,2.075791534180165,2.079430532997854,2.122866282451684,2.165403967633857,2.213680544325849,2.311008048020757,2.38726290200987,2.500458511350884,2.762475495140422,2.9123131469441215
2018-04-04,2.017044195878753,2.0317756477996682,2.0457870610961786,2.0764610029791757,2.127505997024564,2.1775396218730916,2.274553314898683,2.3581311104350386,2.46766349995724,2.74732958170291,2.9135216973515927
2018-04-05,2.0941453295121897,2.088007719159367,2.1166015911419964,2.132299081073067,2.187093230236387,2.245030096653006,2.337954612300204,2.419132172056284,2.5348868695032856,2.800173457193429,2.951168318752459
2018-04-06,2.010007733020294,2.0199510600139114,2.0309020080579483,2.06314396183817,2.1098802446710256,2.173386696399713,2.2670242997064873,2.350206371564043,2.4686242433791166,2.7383637037001387,2.9114388314299466
2018-04-09,2.0415553945226264,2.062216028386859,2.0683776518622787,2.102668785937554,2.1646410118429644,2.223400829886771,2.318287254919111,2.4232190646216236,2.5359225686902014,2.82389561721298,2.9869286684216716
2018-04-10,2.1128773767008315,2.120190082440772,2.133160150105808,2.1631091194921406,2.226229113911776,2.2788026708491493,2.380411863016745,2.486398768747523,2.5949475090975658,2.8804307044980373,3.036184091619459
2018-04-11,2.1108970028768814,2.128201751260042,2.1375490511522526,2.1761607152466502,2.234867276798675,2.2947305270644067,2.397542006532262,2.4904357313017913,2.613281858981022,2.8945270841850057,3.06304464942075
2018-04-12,2.0836978083691164,2.095216257459497,2.1021954520252426,2.133831841692387,2.195218463205394,2.255894432432378,2.3625950347857634,2.4558397486932297,2.57349437429935,2.859040385162985,3.0283082087542423
2018-04-13,2.176544490559905,2.188698683699695,2.2059580457909593,2.2343629877174496,2.2918626912098197,2.334730900428625,2.432434036494791,2.5166339020367188,2.6283644856705006,2.8921442183778208,3.033205920789174
2018-04-16,2.1311426068013892,2.1424051750844617,2.146265980129749,2.179418787267153,2.2370888559436928,2.2970173442252984,2.3925926273097864,2.4816871702800594,2.591754079826616,2.853775244755483,3.017191639994905
2018-04-17,2.1629368178298938,2.1745513249448685,2.188457986746649,2.2119295082669286,2.2724928301998637,2.319711766184306,2.415990682237215,2.507131091542484,2.614323930460434,2.8728630248486016,3.0381330191220943
2018-04-18,2.1617284035818196,2.175717617275039,2.1945068628927475,2.2179163357624034,2.2651579228363063,2.3218752314382742,2.4147547355165404,2.487642173873501,2.6096126508799165,2.8586088578263995,3.0134497482707783
2018-04-19,2.174718662072859,2.180480761534462,2.191574913665823,2.225984989629248,2.27508304753056,2.3253207547302814,2.414212374300134,2.4975539950542305,2.6012458403695895,2.8569371171742026,3.0121774217750508
2018-04-20,2.266448383683924,2.2698590641347636,2.2799182289137407,2.309286750177194,2.3578736502534903,2.3980159646584225,2.4938533024812273,2.5571882007289735,2.6663822232389616,2.898402097366453,3.0535245057487077
2018-04-23,2.234636306761509,2.244992685674033,2.261913227061293,2.280207316349275,2.3346652284804237,2.3847854546621,2.4690962591373635,2.5548262075371224,2.6527122228479034,2.901803047968437,3.0618945864877656
2018-04-24,2.2067071459059835,2.211469567733629,2.228402827521356,2.250778706257453,2.304384412550396,2.35429818059288,2.4505707424909167,2.523101256568002,2.6257591738250743,2.8845513111074417,3.0339968283422216
2018-04-25,2.175199969343839,2.1899169275959993,2.1999524947646543,2.224868121772453,2.283224442081571,2.32246158856255,2.4226603803365814,2.4997268064950715,2.6102556248082585,2.871064506361435,3.030490293965617
2018-04-26,2.137374861142314,2.149076868417523,2.1667230780728826,2.1896131682593185,2.240903426231801,2.2985476019053506,2.3925403132530962,2.478601197390075,2.592511085744619,2.8676409588664518,3.028432870325272
2018-04-27,2.095938796757336,2.112072053347615,2.1288439839053486,2.1582550379876784,2.2122204993432093,2.262766600822264,2.3626397269692663,2.455182234021324,2.5757270195938675,2.8551191340512174,3.026750804804291
2018-04-30,2.202429176138948,2.214286289216926,2.224639364479772,2.251786417321438,2.306510988934658,2.361863068162911,2.4466566986415694,2.5399126786357065,2.6463131342408452,2.917262877815433,3.088038477157441
2018-05-01,2.233152258059624,2.2426009321178193,2.2524275371925113,2.286397251255723,2.335631650793311,2.377975523846108,2.4704011557464383,2.5600458243904,2.657315843620495,2.925155521808786,3.0800985743136504
2018-05-02,2.276848427995004,2.277721944537627,2.294450061420168,2.327708434402783,2.371734578573228,2.4170234924963356,2.5018284593710214,2.5790135594256185,2.689390460438834,2.9378206267620164,3.092436724249346
2018-05-03,2.1433145876352047,2.1468439957800873,2.163112696592072,2.186575745025775,2.2357234961087378,2.2915641975442975,2.3830763006857145,2.47144663006953,2.5770675992273073,2.836535650243225,3.012654589042864
2018-05-04,2.083368142717976,2.090689707147988,2.104465124452788,2.1333132745077266,2.1842536166691118,2.242388357117065,2.3375050459376263,2.433922847750828,2.546577626203857,2.8227133651990877,3.002253028115965
2018-05-07,2.0179268224421025,2.0195311982064266,2.0455264240298483,2.079669148340787,2.1183134868637232,2.183555693119066,2.279969937541058,2.364775391824241,2.4865457492715506,2.7783903956754665,2.951278161746736
2018-05-08,2.000095026595693,2.0202389467346102,2.024285659233095,2.067006787666032,2.123763057958704,2.17064681829599,2.285849007796056,2.3747389077903254,2.5011814627603655,2.7942599880364645,2.978418361467378
2018-05-09,1.9666762809474136,1.9781317009663024,1.9877183354170185,2.0186389436854997,2.0894541566914646,2.1504469073075065,2.2501933509076966,2.353538613988547,2.476389950870645,2.7846765900730293,2.967733558190419
2018-05-10,1.9487147273547714,1.9633450580247922,1.9788217716975458,2.0115664952719836,2.074762670581556,2.131718196770703,2.2456438337826587,2.339336565417261,2.4656560587552594,2.7712846934772797,2.967845398815578
2018-05-11,1.9449529609195488,1.962864178831247,1.97186183021553,2.0060333493955538,2.0691532558803067,2.132065168544039,2.23042964653394,2.331489766381466,2.4581700507265434,2.7729259855363786,2.9692251479898597
2018-05-14,1.942762730069447,1.953578361482548,1.9711483378122419,2.0113717603318233,2.065621369317492,2.1402661878609264,2.2517387874597983,2.3594509358472777,2.4883209399197406,2.82164736026628,3.010854991154856
2018-05-15,1.87830733573924,1.8964795601037103,1.9048432179539205,1.9436833477377968,2.0092807529240906,2.076542135379677,2.1910352797297277,2.3099005279357807,2.433909375220139,2.7566541544477996,2.9613232162001575
2018-05-16,1.8616975106366338,1.8810553101588185,1.8993232370207136,1.9306740980727695,2.0015298868164604,2.0590185244545824,2.184756012031283,2.2864432988083347,2.4240061372897856,2.749758495017751,2.9562221031457288
2018-05-17,1.8326433131111493,1.8468168660936912,1.8654909172873675,1.8985618753084244,1.9700998314185338,2.0319884921769185,2.144623833628015,2.258227147147165,2.400564173929102,2.73917189376212,2.9384617648243463
2018-05-18,1.8239304340461409,1.8326029434290378,1.856894387467475,1.8884152673853427,1.9597362153191757,2.0331968666185456,2.1431667088074344,2.2592128710018353,2.3948373449877964,2.7432891871002245,2.9491633181200294
2018-05-21,1.8616508962588456,1.8861843795511124,1.8983008948843292,1.9375353908870256,2.005316357385856,2.0752240559175825,2.1905840973377835,2.3007844256255447,2.4492726635867834,2.786088268666015,2.986492968433992
2018-05-22,1.8239887000825332,1.835130157228201,1.8549420507429935,1.8876537977318095,1.9632420513127031,2.0277275035956333,2.159855889075904,2.2621811675709487,2.408102346067927,2.7474962625097246,2.9651136773913724
2018-05-23,1.8538872118778933,1.8617470060593262,1.8824334142103336,1.9120155306286764,1.9855645941969944,2.0405899125543265,2.175788012450754,2.2868992958344,2.4302410698795702,2.7753210774219514,2.9690587236156754
2018-05-24,1.869594225120374,1.8708453102334561,1.8921387635461973,1.927534977367991,2.00370668252034,2.073130330181766,2.19330393488289,2.305448855864003,2.4618003441148475,2.7991978394038903,3.0104783125564767
2018-05-25,1.861499211970873,1.8727277632739443,1.8895498630127776,1.929420672731677,2.0021827896794426,2.066011466697709,2.1892041570693235,2.3048588617531425,2.44662871734131,2.806340648293295,3.017009525397046
2018-05-28,1.9157315605008947,1.9315570381518676,1.9402029282195223,1.9902285110490798,2.0567581364409464,2.126784559899764,2.261882177992191,2.372079015875837,2.515596227373178,2.863337330257523,3.0747868410216572
2018-05-29,1.9497084325445517,1.9583076568287827,1.9736568456594739,2.013084328727016,2.080732559098672,2.1558923403505843,2.275804481682978,2.3825474148556216,2.5332675199275654,2.884600398666374,3.0779233388328757
2018-05-30,1.9491463437182384,1.9639840146911192,1.9790893395732871,2.0200446906832763,2.0896532863596393,2.1638158711962077,2.280785540211002,2.3992240724976037,2.5392442799120274,2.8769044265048076,3.0888243220604665
2018-05-31,1.9372633516558437,1.9548991417917037,1.9763747251044097,2.014107488495781,2.0857184668688444,2.1617302809810215,2.2934480451013206,2.395299685131851,2.553530528645599,2.9073257107927226,3.112181319006767
2018-06-01,1.8529819128281158,1.8869946181335688,1.8981809849903533,1.9446689802167634,2.0200108076917935,2.0907739880075584,2.22699929791817,2.335545257638934,2.5039027974728794,2.855567587752032,3.0777459608590245
2018-06-04,1.9195297405565133,1.9215799299120264,1.94910165205781,1.9909561005874887,2.0660853836110413,2.1316697533614613,2.27724050364443,2.388956717535776,2.548216406017226,2.9127840705575294,3.110698233017435
2018-06-05,1.8879060396617662,1.898820123128065,1.9119365530689512,1.954034357372534,2.0335935692962894,2.106160289470023,2.238096882433299,2.3629053702040315,2.5216510308258786,2.8845533994601658,3.0934117025891306
2018-06-06,1.901894428388785,1.9140720660386836,1.9366929641267199,1.970900552225062,2.0480168327831745,2.133633323211948,2.249394422486075,2.377689278672344,2.5247243074914483,2.8807371464387246,3.079752916933272
2018-06-07,1.868911784921231,1.8835316453858726,1.9008377497708764,1.9391244254314501,2.0227617817320867,2.0928972127636083,2.22369387224948,2.3408873587063432,2.4879793321378614,2.856858326241812,3.059889629121363
2018-06-08,1.8212797678510584,1.8371167953129912,1.8601149066016462,1.8989466306086855,1.9728176834296194,2.0493859632482305,2.1823538564680613,2.29876189776381,2.446040592923837,2.816792983140231,3.024181311744608
2018-06-11,1.8163307674472486,1.8267967450086893,1.8448671839694024,1.8859931321684507,1.9644551818929792,2.0383124624121955,2.1706568248217293,2.2896704747440175,2.435276840552611,2.8039942808796754,3.0143001804755167
2018-06-12,1.7735311559706743,1.782540548122194,1.8079920202954127,1.842798812260964,1.9234039542961983,1.990508454488806,2.1260988648399115,2.234251299402935,2.39289447505626,2.755953274646769,2.9686078734420467
2018-06-13,1.738189247609752,1.7541999953292455,1.7721622027346828,1.816071519970991,1.8959191712350492,1.9558412180387583,2.0899999264486473,2.215228448375384,2.368742950563816,2.7352446770484358,2.94986529967439
2018-06-14,1.8319150296567726,1.8476611852785172,1.859987575669079,1.8975004362114645,1.9690918718262476,2.0444958858163966,2.1774198704377477,2.2841846483961254,2.438479018255669,2.792976661005566,3.0056833943235666
2018-06-15,1.7935741895112898,1.8008788166241174,1.8345937311909601,1.8620145487498518,1.934143980715374,2.0115346367353246,2.1370198675525134,2.257881921747946,2.408039503599196,2.7689599211826255,2.9786648482690015
2018-06-18,1.803895335805075,1.8186192941501003,1.8340229088691717,1.8798253369114328,1.945872712376418,2.0199077846680544,2.144666106917397,2.2540479415997896,2.4110495483198764,2.759237818414387,2.9619301513586884
2018-06-19,1.8876062373278184,1.897060328057895,1.911783026424879,1.9571787509542686,2.0189473116929397,2.090371834609539,2.2105115180302835,2.318662590566565,2.4618640943505743,2.8062921342142606,3.006275772409686
2018-06-20,1.9285409739080224,1.9368889386509989,1.960654786778987,2.0023610101060147,2.0664485095845726,2.1219919684891773,2.244513569890062,2.3551967209851545,2.4980228369167765,2.8257932849506173,3.0255519933359496
2018-06-21,1.9392605200635284,1.9527135348842564,1.9681345511904436,2.007711837029482,2.073858884445121,2.1398708713399333,2.2544168753818985,2.363821512630732,2.5023964281699564,2.827348044675989,3.0362321145050255
2018-06-22,1.9196337077743426,1.926539396889954,1.9476274520508454,1.9849042119275067,2.055675602625637,2.1164832610636557,2.232993023430715,2.350089017624081,2.4846255132750255,2.821530653394622,3.012023911788739
2018-06-25,2.009267391423025,2.0181010349204604,2.032169743059637,2.0782800695427626,2.1399784047338835,2.2038866534778916,2.3300733399678824,2.4316576020627,2.5837854792661274,2.907362737961807,3.1057527917329093
2018-06-26,2.020637826856679,2.025618960616775,2.0606851617197446,2.0853027968944833,2.161036552638678,2.215548082703897,2.334817778611905,2.4438058036554264,2.588289878643069,2.910377770524424,3.0869102762706615
2018-06-27,2.0547130263060476,2.067901752688868,2.0831739406398175,2.120548535289016,2.1990599266595425,2.25414318791371,2.3733022008184674,2.472734845423853,2.6126726871292707,2.939041392666069,3.135800233568632
2018-06-28,1.946823575954523,1.960660248092462,1.9751148010159705,2.0188004599807816,2.0872119301239542,2.1589617297911525,2.2772599202484707,2.3863214992161095,2.527545547391524,2.8547786042252894,3.0607137332760646
2018-06-29,1.9366005437242868,1.948739344589725,1.974944541515885,1.9932698667757291,2.0756870938570655,2.1416662024478885,2.266969208401872,2.371075161379383,2.5105622765443045,2.848202544115908,3.0399606432826864
2018-07-02,2.0390443872313937,2.0486413734857445,2.0677249384019083,2.106591583892376,2.1674917605605386,2.232933108260633,2.34840317889378,2.4533024780400585,2.5878000324127814,2.9123765240268487,3.1017803392275978
2018-07-03,2.0295174163262595,2.037793104828679,2.054894633214399,2.093379546724017,2.1545815454507067,2.2182791632267143,2.3304483802751963,2.425948998238496,2.561175966950111,2.879217882412925,3.056314891217466
2018-07-04,2.135515794749764,2.143747340008079,2.156708407187882,2.194009371944249,2.251252513828926,2.313562812496827,2.426701395116825,2.5214241638968278,2.6419843867985646,2.9462361268845605,3.1238259899615852
2018-07-05,2.142089368629771,2.1397160108685727,2.1644018384398636,2.1926783186824927,2.24848433065732,2.3122880025093684,2.411387560927455,2.5013263596068085,2.628748517161109,2.9241240466915475,3.10195575445172
2018-07-06,2.112153316345406,2.1213967450298843,2.1340123577674857,2.167253816631939,2.2227296317899023,2.2750548097758836,2.3847561784515685,2.478909586907219,2.6084390970658107,2.902628553085004,3.0853534072475592
2018-07-09,2.110927151136653,2.1283146365456482,2.1294209630724477,2.1658359260930564,2.229571549994613,2.284973916709924,2.3897367186119736,2.4776232283143913,2.6095713533632767,2.899535888267723,3.0758452422397085
2018-07-10,2.08476524042688,2.1088126528062614,2.1208629478908536,2.147677593003906,2.2036387147841956,2.2588792561235396,2.3632472385791017,2.463997208631561,2.5889693077631537,2.88544846955605,3.0704222869258517
2018-07-11,2.1015200645826955,2.1229594799035305,2.13696559666131,2.165035526039553,2.2205562520965474,2.2929237538299168,2.403987116958467,2.491968709691696,2.608974669957583,2.911843273878836,3.088658408580082
2018-07-12,2.016518836831618,2.031785556020845,2.0515804644172744,2.0795831721810014,2.1444299473027946,2.2024798629496547,2.320292215007844,2.4025292031516363,2.5427018793168314,2.8608575071290376,3.0467961973766573
2018-07-13,1.998369254732185,2.004469088231327,2.0343771081324054,2.066125846670679,2.130145737083549,2.1932671905126,2.317556671992188,2.4179155178717284,2.5356739405170456,2.8690184580037212,3.067536024680172
2018-07-16,2.0553118962859096,2.0713796413779786,2.078590467997969,2.115538412018913,2.186439603292291,2.2362492948070516,2.3552219343088625,2.4564131523486608,2.5859618705508822,2.904577324284764,3.0837707214081
2018-07-17,2.186587519405465,2.2014437473966444,2.218980868433593,2.248663115736199,2.3106787082532474,2.3718855944194783,2.477913485552825,2.5659861343720194,2.698631636761325,2.9937211758423556,3.1673928417826107
2018-07-18,2.239994127266374,2.2506310717561853,2.2666976369643104,2.2981037112051674,2.358950527131429,2.4266978573622886,2.531359979916657,2.6309526865202733,2.756951052036461,3.059298336989829,3.230065787138661
2018-07-19,2.23068420899149,2.2541077640798837,2.258524330757479,2.2950716069726034,2.3531196689078278,2.4238357748772654,2.5344777236593736,2.6328060751808424,2.763221294801221,3.056915486588383,3.2215972157897568
2018-07-20,2.1318950448499705,2.145660094255621,2.161321704614478,2.195970306078185,2.2535196047073125,2.311175373849925,2.416339072427428,2.519129626516019,2.643904035233758,2.940975391647747,3.1145297856715195
2018-07-23,2.1599286710004875,2.1673766087593807,2.1873803258579074,2.220962838976112,2.2779475943224043,2.33610159702813,2.4369440801762177,2.547851119007536,2.6711346285726942,2.9621962141411666,3.132254059119393
2018-07-24,2.2317833229209194,2.237273396012158,2.2490149045719825,2.273700691651399,2.3431159612497874,2.39517403651658,2.4920891901756,2.5799911004128075,2.696561816286467,2.9714533666710388,3.139983288425944
2018-07-25,2.1698406432132655,2.1764909111296715,2.1951002018025187,2.2289258255640196,2.285274391933276,2.3377705622542213,2.436231017298066,2.531046489458092,2.6494534920062036,2.9309846538112474,3.0892995329116753
2018-07-26,2.0877845102614896,2.10142014438473,2.118008517707811,2.1427908843786136,2.209959867474549,2.2643268376909367,2.373662176048592,2.4581241141384713,2.582813442646831,2.8748112843368743,3.0462553917409774
2018-07-27,2.0793615596804136,2.082089708517535,2.1026932235966034,2.132733249318218,2.1880896005248576,2.241340535463244,2.3613069230715396,2.453925013426467,2.5653321910810556,2.8507141981715223,3.020145822482353
2018-07-30,2.0270999202401865,2.0366744614956667,2.0531155142169717,2.081712357689734,2.1495954895242932,2.1992727663459597,2.2977676443306128,2.3974096508718685,2.511345780520014,2.7961882277607453,2.963955466906017
2018-07-31,2.0706830855424885,2.0756187075374792,2.0969549497613555,2.1199068598314024,2.1821624359569602,2.239421765651298,2.3349537661575908,2.4285969087601895,2.524490885637917,2.8098297873235754,2.9585260948181262
2018-08-01,2.0621596128961297,2.0780688105449716,2.0905167463917045,2.1223845285459277,2.1657274896372525,2.22790540642169,2.3264916049200774,2.4074647040792896,2.5179634951151244,2.790495748415172,2.9560196286272147
2018-08-02,2.0261685640895775,2.0301829282852166,2.0373077264778456,2.0764229026761467,2.137089873470632,2.18506668338987,2.275231253653701,2.365905644502507,2.487101264205547,2.7614334145057895,2.929612653189146
2018-08-03,2.0688450437485075,2.072361213247411,2.0935757012677487,2.1179778676194805,2.1729652135159134,2.2308039272386004,2.314029867109028,2.3982692484394494,2.5075739987523273,2.7706355467538306,2.930431993713894
2018-08-06,2.061499194196848,2.067274262590025,2.0851922319014906,2.1104507481349697,2.1648861270135416,2.203601053809068,2.3021639290201734,2.3921821441399724,2.4925513799498074,2.7514358753776946,2.9062617683241316
2018-08-07,2.077669047510503,2.090098223590931,2.1042851936834857,2.1335447994319283,2.180677094557014,2.2306058148889263,2.328487946034741,2.4061692750243577,2.5152455109900966,2.7741080409760874,2.929282650406658
2018-08-08,2.0468671947410333,2.048757783588997,2.071051181432484,2.096681533580084,2.1526850221961213,2.1958399933476676,2.2844567314123667,2.3723472500439637,2.4847207487345706,2.7449830961989505,2.8930407595762397
2018-08-09,1.9259888058028782,1.9231011800508189,1.9399321784810868,1.9715371675121631,2.023157171747983,2.084388405659521,2.1783072668774883,2.2667052157346705,2.381134838983348,2.653181080614473,2.8115932253257268
2018-08-10,1.9586323543098567,1.981316583010158,1.9893519999148044,2.022022822721406,2.077855219141372,2.131837952494699,2.2246867821449943,2.316359874630875,2.4345888193942407,2.707529745502574,2.8655279840680743
2018-08-13,2.1009907506980636,2.1087032002838986,2.1203966232413847,2.15896726953769,2.2128248113848845,2.257507511722935,2.3573229139037055,2.4371191631253395,2.5461728123057235,2.8094734898596645,2.960596249145547
2018-08-14,2.0631472672678304,2.0704732041061487,2.087544656888971,2.1152849602322927,2.162896513819775,2.221064573011597,2.308759533301569,2.391936416290103,2.4984060268030794,2.761455396013402,2.9079241608735837
2018-08-15,2.044002456677905,2.048691798758384,2.0717707827803777,2.091213400268619,2.1508379267367808,2.190450508954011,2.280594818325263,2.363414054969526,2.472416380616992,2.7262133832735813,2.875529758456856
2018-08-16,1.9796491209077374,1.9901134988093694,2.002516041571061,2.0379134108355426,2.0914498895672433,2.1476394739186846,2.238224306687681,2.325331028513203,2.4459517319576727,2.7059490884605757,2.8578154302280314
2018-08-17,2.0014693262699432,2.0255252150524305,2.0351787888491333,2.0691969789583053,2.1275463636046106,2.174675549064266,2.286050669406609,2.370309683587869,2.4880446655257273,2.7468983286058815,2.914486281633072
2018-08-20,1.993403783100476,2.0024749680073226,2.0117255332538835,2.0499038647728196,2.09914726035389,2.161062532054481,2.263344261815266,2.3644487610702276,2.480225390305191,2.7578984625801417,2.927011997094792
2018-08-21,1.970438896098741,1.976986691135531,1.9947609240497417,2.0292280162699914,2.094280284055908,2.140728645668625,2.243125029940044,2.3374404562069726,2.46352042683569,2.746357895816815,2.9165405281789973
2018-08-22,1.884233067958621,1.897517607523091,1.9149012369174996,1.9477594541147683,2.009583716390459,2.0779155489310606,2.1848949513820166,2.278306573115903,2.412524345021407,2.7091046725716583,2.877051212756443
2018-08-23,1.8970306117354776,1.9161652345667355,1.9299585340061887,1.9576211085802415,2.030660852913468,2.085527532914864,2.1993342744289417,2.297006268905831,2.4346047268431743,2.739802192749398,2.9196030889671984
2018-08-24,1.8732898264228042,1.878109823358938,1.898889934266689,1.9260139188023349,1.9887408329415879,2.052980895024561,2.1587133877349958,2.264675082687956,2.384950290043439,2.701345843615019,2.889203651450342
2018-08-27,1.8592286479495994,1.8715065523240182,1.883251818211009,1.9173963250401427,1.9731367934626407,2.0364144564544686,2.1515644218104075,2.237471675575302,2.362413030355241,2.668412370279519,2.8419296312920244
2018-08-28,1.8709648676590562,1.8692510206083914,1.8875044827371947,1.9202911342366493,1.9911913111604873,2.0483576885577333,2.151878906062575,2.250250033111772,2.376418671215572,2.6708763899190027,2.849776644726217
2018-08-29,1.8238260679538243,1.8365675697132393,1.856455046831579,1.886741489831392,1.9519851889560602,2.010750906600265,2.11494566434665,2.2187356964275606,2.3352902393202735,2.65288760248466,2.831750042835264
2018-08-30,1.8092621771927007,1.8280039506781465,1.8409814975488483,1.8717923928074056,1.9287901796561866,1.9948380898792086,2.1053810232176393,2.193889214781299,2.3304169703044946,2.6484712047785495,2.8290566763459415
2018-08-31,1.7731292427954755,1.784030374546984,1.8062471303092313,1.8418263193275397,1.907263381873379,1.9634306297161437,2.0866364073720858,2.1844286145831613,2.3143085862253012,2.6442123186358923,2.8293911261216635
2018-09-03,1.7938184038832157,1.799767644571855,1.8190128098538987,1.8512586743381607,1.918088584602892,1.9724998437152037,2.0777609707918905,2.181827230742666,2.312722722718531,2.626847044177791,2.8070161035713634
2018-09-04,1.676009781703823,1.6923170487847896,1.7092510857328842,1.7367696726007733,1.803232858704783,1.86849434822211,1.9827582220519333,2.0851752705931355,2.215676552217324,2.5361532569799206,2.7283500733743216
2018-09-05,1.6596037512194703,1.6724676990479328,1.6964440516696533,1.722984733545465,1.7994638751523997,1.8567959876156064,1.9798206915124184,2.0716976934566698,2.21036538002632,2.5436485665054462,2.7303515862345216
2018-09-06,1.6261299831390843,1.6323330483849656,1.658320861747148,1.6793062365363258,1.7423766438503703,1.8084217992815825,1.9217816690846317,2.0269537612227233,2.158155577048413,2.471008576036506,2.663416144383372
2018-09-07,1.6168909733853767,1.6268982483454406,1.641022755043662,1.6751950513559297,1.7373214038937443,1.7991272111228982,1.9035412426164355,2.010606512793299,2.1355626025015715,2.4459273772309036,2.635796760340734
2018-09-10,1.6674951095280364,1.670192464926114,1.6929176842009404,1.7190486800573863,1.781604421874651,1.8304211021813122,1.9389740151490937,2.038179741223616,2.1587789867213747,2.4581696628945484,2.6469467358740486
2018-09-11,1.651467677645423,1.6700777649162812,1.6811469889322057,1.7088402243301164,1.7715965610470639,1.8359945984464845,1.9418910389961967,2.0411801957163416,2.1602650594205515,2.4756492007054134,2.6610043028062402
2018-09-12,1.610767258525931,1.624059276314395,1.6383557633052181,1.677427054118128,1.735426637327093,1.794724471842103,1.9096711067501764,2.000882369100207,2.1393852563406104,2.4516479806713907,2.653311937023151
2018-09-13,1.6297553884067868,1.6457262845355627,1.6553107469292445,1.688967269613221,1.7583211937314722,1.8212274777058868,1.9266057791574007,2.025310199410227,2.156852632899147,2.4786077492481455,2.6768112330211506
2018-09-14,1.6315766597358925,1.6459186573320495,1.6580684636459182,1.6969927015673774,1.753160946466286,1.8130288557745444,1.9257101362419946,2.0240167870122905,2.146814367012,2.4606936148053213,2.6636553872821875
2018-09-17,1.6872052171885152,1.703116094240928,1.716583317415741,1.757465633537464,1.8178625109853146,1.8662098115952934,1.975835717049524,2.0761712935483936,2.208890384461393,2.5218324877903715,2.710336326351067
2018-09-18,1.671027154079239,1.680842724789476,1.6983473478213178,1.7356870181006858,1.7925023962137259,1.8501733794703954,1.9534949687786758,2.062116376502595,2.1813968727842163,2.489467850906513,2.6854514822635993
2018-09-19,1.6744635780465382,1.6888365236431964,1.7032306756970568,1.7369597910419587,1.8024009047169312,1.8592552338520494,1.966484552720918,2.0647882777225486,2.192860802447548,2.5038472064196453,2.696797266189484
2018-09-20,1.7920041090477405,1.7999339316728211,1.8140030278379635,1.848290386524488,1.9113430740657866,1.9665021560932232,2.074298412197143,2.165202418726509,2.289121872171089,2.595856319353801,2.7717948204189473
2018-09-21,1.8214822429827073,1.824573108480319,1.842313890253883,1.8685095693356177,1.9339118756579452,1.976756222338205,2.0859636663881704,2.1850874376423057,2.2959515143438463,2.597471804834158,2.773524017538714
2018-09-24,1.7195035130904708,1.734805760872967,1.752603246357868,1.7860983091256613,1.8438268868139935,1.8962106569358441,1.9999371005891806,2.088945840514891,2.2244047939570115,2.5202225726792515,2.7088374574577427
2018-09-25,1.8104920459283476,1.8131464987717172,1.8236728486741811,1.859108443348106,1.911147794250129,1.971331278848041,2.0696225920259566,2.158487356380657,2.276725518365548,2.569119010489124,2.743826457294335
2018-09-26,1.8510848690156614,1.8588617152539542,1.8583399809462582,1.889492500122263,1.9452699615127973,1.9900489925233886,2.0891511721012876,2.172378149767553,2.281608379570669,2.551648483529558,2.723280985796983
2018-09-27,1.8879198138092044,1.885333170527506,1.9107830309892642,1.929786690979135,1.980047005803469,2.0304258530827792,2.114352392040911,2.1993664767889958,2.292842254953544,2.5593413817656834,2.7354565085867915
2018-09-28,1.9410279356773321,1.9513554251970053,1.96147819014508,1.9794918071071688,2.031982483073609,2.080059060724694,2.169954060412012,2.242845931641148,2.343404836531297,2.60171716009747,2.769759626411778
2018-10-01,2.074730326994001,2.0783352395958357,2.087606843060539,2.102471740305989,2.1512856826810407,2.1914487328903265,2.2706192681177932,2.344113269936028,2.4380257135506356,2.675161617603784,2.832477261263918
2018-10-02,2.051818514290708,2.06543463102447,2.0775090424302247,2.1039605339227863,2.1400658304822184,2.184144566804132,2.272089127742261,2.3344996076151805,2.4267391013058366,2.6690875422026075,2.8308010441365687
2018-10-03,2.052729553525606,2.0636823133132918,2.0750038094257577,2.094352520367732,2.1442361554939096,2.181217342147359,2.260893085615135,2.3426656592561264,2.4356620603680743,2.6766799755392423,2.8267040795475826
2018-10-04,2.0630859946858706,2.0707457290729603,2.0878356399498554,2.1047766224542155,2.153559870537754,2.1957486273191953,2.268941206271362,2.343524863353761,2.4449568408320705,2.676310204746219,2.837725631269002
2018-10-05,2.0832049748912165,2.0831421783092354,2.096431972421893,2.1235817105901367,2.1582591495379444,2.205713388884374,2.2904734855773703,2.360947991654819,2.458508289496215,2.7038571050422715,2.8521530597706777
2018-10-08,2.0396292587803684,2.0373317508952917,2.056040798196714,2.0891997480904023,2.1242333168901006,2.1673273045232495,2.251959268690308,2.323208763422637,2.4216133791025065,2.667470728089281,2.8237984962881333
2018-10-09,2.027458556678643,2.03875672091388,2.0540124405197644,2.080539802915494,2.1170177365089846,2.175237096452384,2.2536432881527064,2.3314677887038187,2.427572932135172,2.6837197434055167,2.8410487644416165
2018-10-10,2.088467934221812,2.0979998259828685,2.116242251478741,2.136014639740336,2.1875006994514763,2.2401556996232483,2.3242163979102988,2.4024941975661958,2.510264254966703,2.7576393213643637,2.910176282510332
2018-10-11,2.0219731842434596,2.0287284458900414,2.0439306546267058,2.061936361191296,2.119744710428256,2.1563552311113177,2.2446601799721644,2.3222614114586313,2.4372517200287667,2.68279843322855,2.8446505536083295
2018-10-12,2.095844380910867,2.1062781685332266,2.1263116194628067,2.1546624463629493,2.191408636842306,2.2341752326928117,2.3269874427939308,2.3921405036395016,2.4968416227784083,2.7463789562947962,2.902345289492305
2018-10-15,2.070542501935489,2.086500086821658,2.092276921860627,2.128885389074193,2.1687767595927485,2.220834353528162,2.313657747554395,2.3835056940248913,2.5028657905792806,2.7618130090256385,2.914990034460748
2018-10-16,2.0810383593256376,2.102189426679641,2.1064610757935043,2.1340639757557396,2.190382156280641,2.2356894688072604,2.330853441981261,2.404119907660759,2.5170413714678586,2.78443974098902,2.9472038669830964
2018-10-17,2.1049310108871917,2.120751392736694,2.133284410163456,2.154234285410869,2.2003276102066205,2.2512668207454456,2.343377044475831,2.4282924937160733,2.5333409596897374,2.785483971744944,2.9460339707737906
2018-10-18,2.209124641668946,2.2111269519366856,2.2224214023724183,2.255832393535438,2.3065239882353112,2.3532105039245796,2.4370163262943985,2.518650558142022,2.6112877290385774,2.8605671654373963,3.0147416544812358
2018-10-19,2.231309770754012,2.237279713615389,2.255187695012054,2.2797150972388978,2.3265436103336303,2.378094525198377,2.460765956339507,2.5394429073826355,2.6359060392669593,2.885201344853476,3.028126896141702
2018-10-22,2.230384656560265,2.2462040545272925,2.2630767274304,2.282829353030981,2.3325089403512096,2.381691056436722,2.470932505175039,2.5465261640215893,2.6483025270022535,2.887734685436338,3.044526362360806
2018-10-23,2.2462756762071936,2.2625551833270503,2.2697720959854975,2.2961993507365914,2.3378051074971347,2.3901356385138937,2.4719891669829055,2.5410530141002687,2.643878053477074,2.876215066593037,3.017456129575534
2018-10-24,2.1948405167896645,2.201800181560261,2.215112469791776,2.240244994517835,2.291066837359177,2.3303371279194796,2.4100068187488652,2.4850706381612313,2.5746726276533547,2.8054746697642168,2.9549267034874664
2018-10-25,2.2170872952786302,2.2224046869837037,2.2429185715694295,2.2616653009250247,2.305439166955033,2.3539074467413252,2.423395978890222,2.5004899018716227,2.583685453549298,2.8203504194687454,2.9587226072927617
2018-10-26,2.174803886859209,2.1844605327264337,2.1954209595133727,2.216946657687169,2.2647069332443412,2.314910849358623,2.397173727433149,2.4705515397513547,2.5579292288933697,2.790907801862628,2.9329818617668777
2018-10-29,2.1056741259812806,2.122278667031633,2.1339088410190232,2.158208742594434,2.2050814076601366,2.252364541318913,2.333420445952623,2.4058482402038672,2.5093522719544885,2.7477663542053286,2.8933771418296628
2018-10-30,2.0045646493917855,2.0003383964553803,2.0224158756170683,2.0481019715059845,2.089797260199164,2.140529889983571,2.2297318997109645,2.317243657326938,2.4109652644400867,2.678236141750344,2.8327084374341522
2018-10-31,2.0267678535613047,2.034608522670356,2.0462670241525793,2.075481597637554,2.122323768636281,2.177424399616778,2.2668318156395233,2.3499559657059113,2.4487267220335425,2.711943315364177,2.8706919475384036
2018-11-01,2.051305231279099,2.063658824590392,2.076429882728761,2.104898633520274,2.150629411248151,2.196062877356891,2.280543126134722,2.368733766558138,2.4709487199703526,2.719168252533705,2.876838976012474
2018-11-02,2.134202469147675,2.145778131369976,2.161175432246068,2.183662314501854,2.2312691433178866,2.283993533334653,2.373431574696115,2.439782772643994,2.5511007572069375,2.799533304346257,2.9602005669551152
2018-11-05,2.1480948618235436,2.1540819694294937,2.166168220107542,2.19630765103282,2.241156224220074,2.2926485636959075,2.370536438368008,2.4573500821984386,2.5578811794345984,2.7995559924034366,2.951042955058095
2018-11-06,2.114612830049194,2.1250084435282766,2.1346480995117205,2.1460240339315684,2.2072555839684456,2.249738234687522,2.34062774869968,2.418738489291818,2.516932056907095,2.7632245826277657,2.9231520780678704
2018-11-07,2.0707016759542305,2.0780930145256638,2.084269766489482,2.1170170592458946,2.171216756161759,2.215390408658581,2.304290263507301,2.380361237429312,2.4848858037382633,2.7432718362037964,2.8969605825871607
2018-11-08,2.126122234919077,2.128933094952176,2.148503836515212,2.1725879534571897,2.212369764319894,2.2568327104296104,2.337914192642276,2.398414012260074,2.502772639377355,2.7287520411076116,2.870764787874855
2018-11-09,2.212428046099881,2.2110766198917204,2.2324277790080367,2.248865966920173,2.2945398494598352,2.326387300209021,2.3990820502362964,2.462699208726789,2.5433382781706952,2.75606654490445,2.899910178680442
2018-11-12,2.186296150617338,2.2005143479111795,2.2085003734428508,2.2233701435200173,2.259321606394919,2.300897161409559,2.3699243172901165,2.429262930833482,2.51766782292145,2.7253437355082353,2.857636001554599
2018-11-13,2.1215203676447025,2.1327712453171923,2.13972759064233,2.1587449542757984,2.1995451679844003,2.247424408891807,2.3178122079486023,2.379637267113981,2.4696963310472313,2.692423414150488,2.835936362193296
2018-11-14,2.196321511600881,2.2123286000206446,2.2240657708070963,2.2481410971688898,2.292849335721247,2.3240250443871293,2.3964083377379324,2.456189298453303,2.5524794377641147,2.7643203118215043,2.903372316020789
2018-11-15,2.155016923785289,2.156879503448756,2.175494807910037,2.193886651706556,2.2312099462433896,2.2748018931884992,2.348546548351541,2.417362169933743,2.5030251059207895,2.7199373474631847,2.8610519410889625
2018-11-16,2.1462882368341725,2.1502658272948367,2.168854097256596,2.1877245601071134,2.220036707508394,2.269645862381515,2.335369474179941,2.404746179673894,2.483013390955094,2.6913617341474536,2.8369287338981724
2018-11-19,2.1613061148002806,2.167308821487696,2.1821962722018067,2.196397985562828,2.2367168529604515,2.2839262159048372,2.3463152222883528,2.4179549914844105,2.50002790264077,2.7035193331558967,2.8449114588367306
2018-11-20,2.2090296623154684,2.2063965083305592,2.218604380188855,2.2368773436497507,2.279301291425257,2.3114233846375853,2.3735907005566994,2.440986986767698,2.517696182378684,2.7077389381637897,2.830286184485349
2018-11-21,2.2448340730782887,2.2424868370155187,2.2650293521970863,2.2783368239349238,2.3144193381003704,2.3464761950565043,2.4153058463697183,2.4718754832168734,2.5489182925790925,2.740718389751821,2.8578340588005795
2018-11-22,2.2003547022310377,2.2085145672519864,2.2157825299295992,2.2409194506444288,2.2799981935440563,2.3207068741011727,2.3855784790166856,2.4482587265539237,2.5348279507458584,2.731565465385976,2.8519996623607917
2018-11-23,2.1824271019475447,2.1850691814157446,2.195869485628212,2.215969649427129,2.258692733666784,2.299448718800974,2.369261937536238,2.4308777025687394,2.525590407146269,2.727153431588491,2.8495862229796955
2018-11-26,2.1033864285195887,2.1113987774467353,2.124935472091746,2.1390744859118564,2.184684054910149,2.2239558654804545,2.2883677479609106,2.3475167786223854,2.4340252112431155,2.6395421246920647,2.7782660432182715
2018-11-27,2.0732627875526153,2.07936850293908,2.0950667500036833,2.117387461253757,2.1571643873631263,2.19973339327802,2.273204873695804,2.3536370704540337,2.4330784694551424,2.6666567923573226,2.794376569828369
2018-11-28,2.0783480572323354,2.0907530112941557,2.1002091949788926,2.1129577083702222,2.1720335573054657,2.1952704668167353,2.27427841453494,2.347153472182509,2.424895067168268,2.642536050072718,2.767398302003637
2018-11-29,2.060137015954583,2.0714378274230683,2.0714491795046404,2.106990673203878,2.1434794367014662,2.1769742856426753,2.257994469025216,2.3215533605098937,2.4129619939500304,2.6319431149664108,2.766534880808975
2018-11-30,2.103435251618907,2.116197964647831,2.1228644258693397,2.146752225619047,2.1908485014340315,2.22913994071353,2.299320851892272,2.3656373921667235,2.455853701182776,2.663717734467109,2.7830142184429243
2018-12-03,2.0972595131486416,2.1044182740072697,2.1113015413124003,2.135296869434884,2.1805753244649044,2.214772054735851,2.2919311096259976,2.3558680747047913,2.4452164361429016,2.65656395366122,2.7809910085153535
2018-12-04,2.030462352993609,2.045612469701911,2.0579922178478425,2.0820722145250743,2.1201903895063494,2.161858373140653,2.233042141688349,2.2991489882161096,2.385955492438799,2.606970298442096,2.736571000242569
2018-12-05,2.068717492694928,2.0739077486606634,2.0855409077468368,2.104442879665644,2.149208633238361,2.1912350572301618,2.2592930068990267,2.3273426336073304,2.415628508477848,2.6260566345673886,2.765782555500901
2018-12-06,2.0942480467958013,2.0974696609387276,2.1010176721777087,2.1232760543106526,2.1673146836685433,2.2033639093724373,2.268931262168925,2.3397309290240362,2.4281060538732815,2.6244815310209244,2.759147823954158
2018-12-07,2.070768501733079,2.087404228479241,2.082590237551265,2.1103111175923956,2.1512425460509395,2.18533191980024,2.2638598373377055,2.318066365487563,2.4037825706327554,2.600200769702976,2.7269066851161434
2018-12-10,2.015691132545042,2.026899944863017,2.0414373314074963,2.063628454814628,2.0974770479538725,2.1358299589561374,2.2080290254012556,2.280365655069119,2.3674665262751926,2.5755615107201995,2.7168667282582364
2018-12-11,2.0440224357193726,2.0610802247763145,2.0630831072820106,2.0865981143927654,2.1299493977228177,2.1695524443092307,2.2421641667037595,2.3110382166654184,2.3897071646237813,2.623827236050088,2.750359357485936
2018-12-12,2.133708607522594,2.139371297529342,2.1563509099853437,2.177631038838949,2.2194856892027266,2.2489935070821123,2.3216268965257885,2.3806383315585564,2.464248349105649,2.6638591853982416,2.794473613494194
2018-12-13,2.067028792890199,2.0782717330902463,2.0933074728103693,2.1114188835229646,2.161447110743467,2.1891177069328926,2.2614876377229107,2.326602708452079,2.4098625311599697,2.6062801283859267,2.74169532152687
2018-12-14,2.0633095873095058,2.0748582601902275,2.0778613133456307,2.1050596213566544,2.1469193752715037,2.1805936813901474,2.255156948655527,2.3193089021645528,2.40368578935174,2.6072140243590187,2.7444716033677645
2018-12-17,2.0161161615033523,2.0235801359949606,2.0278049145432977,2.059806990809138,2.099591471179762,2.128400162521579,2.1966284605263033,2.261388444343626,2.347456959137898,2.546414112570671,2.684739899145632
2018-12-18,1.9362223809300199,1.9486542809185705,1.9497234743263956,1.978047677758804,2.010753268215448,2.0543315783004754,2.121213188068206,2.183463454996996,2.269645704558601,2.48046538148143,2.619425474134411
2018-12-19,1.9340133456353092,1.9423362697124333,1.951089689648883,1.9763869101230822,2.0232839072337185,2.0615589607878793,2.139495779887432,2.2104581259234783,2.296738132763942,2.529156340538164,2.6697314702618473
2018-12-20,1.960869208750879,1.964749871040699,1.9808576765216113,2.00401574616572,2.048899086598128,2.0878143071392112,2.1570780524244224,2.2240606815771966,2.312217077002595,2.532596831578837,2.67547837021497
2018-12-21,1.9662646954392036,1.9689677078700667,1.9779925969530128,2.0057683564511217,2.0427956496089488,2.0933613634511006,2.164004783955211,2.2349982968647373,2.321673207852016,2.5466892733472806,2.6966249081930243
2018-12-24,2.033640203309769,2.036197334774194,2.0610761205128645,2.0791910151188513,2.119629587546811,2.16718100050492,2.2461768384189043,2.3083190893901455,2.410457208700003,2.6297265179344538,2.7858735093898375
2018-12-25,2.0113805604628365,2.0175093084659474,2.038514416505106,2.063129494870252,2.1122944644550157,2.151736589005126,2.231325256125942,2.303449227378715,2.3991600867081093,2.6395272095831066,2.7774149650753523
2018-12-26,2.06800048614322,2.081135461765313,2.0925227791008063,2.1173085233192825,2.1543122476875705,2.2024511099543305,2.2802947908319293,2.3539489609868185,2.4467963631937075,2.668805327818375,2.8014048428783194
2018-12-27,2.0805633805982033,2.08994076661908,2.09813497304126,2.121932682437217,2.1627973446224287,2.2148851845493653,2.2953886569854345,2.3579992044874913,2.4572886566796406,2.677027694933213,2.815272627277685
2018-12-28,2.0401583107700536,2.0442660056150435,2.061186507820767,2.081831423806761,2.131724723562674,2.169877730115608,2.2543906967021266,2.3170408522373487,2.4253221263892737,2.6432306166764543,2.7889542224340733
2018-12-31,2.01778769282829,2.0218532384703143,2.0403775995408453,2.064232551697305,2.1176141810213758,2.1613254989377637,2.2458872961625658,2.313534321105647,2.4098620917273217,2.640005976638957,2.7824592730571727
2019-01-01,1.9732162280816918,1.9801506998199923,1.9944559491537157,2.0163548091878414,2.070668010776659,2.117695395442298,2.1936036050733203,2.270489755258594,2.3708684321711164,2.6168850215670054,2.766626391020707
2019-01-02,2.016851583060225,2.0194755569608556,2.038217798703047,2.062240798037162,2.1125945981554306,2.158124686998216,2.249334868383624,2.3176778816770374,2.426454075684706,2.664853043543469,2.8045048346397157
2019-01-03,2.055780297207579,2.0731779246835345,2.084209492602358,2.10642257484922,2.153554383322338,2.2048425682297967,2.2882612054247264,2.364628421214608,2.4692676321388762,2.6964277165316957,2.8359681979629254
2019-01-04,2.0270959186980093,2.0333232780239188,2.051020822313932,2.0669234283856124,2.1228278522396087,2.1675759288661043,2.247410604749724,2.32506664769974,2.426695838305269,2.658767016774839,2.7929302808480947
2019-01-07,1.9728266286820741,1.9829398589539746,1.9981260422477725,2.028436707880678,2.0792462921534485,2.117884416177539,2.2029907825180635,2.282207729869925,2.372425810100488,2.6089749569212524,2.748457181758486
2019-01-08,2.0028012769193375,2.0187299959733145,2.0294284563690304,2.045858479607878,2.1065595516638482,2.1497637948694495,2.2407355690937756,2.307771906714796,2.40791191239891,2.6419175814826446,2.79163179913736
2019-01-09,2.013844438736697,2.018737826890771,2.0370840046923613,2.0712854883025402,2.118770727958936,2.1577417050721324,2.2402069012026518,2.320507798250341,2.4182212890694283,2.6653942793940613,2.807311296247279
2019-01-10,1.9993137213171301,2.0155254450068383,2.025411706347906,2.053942751270615,2.0930392002600957,2.1466785205184284,2.229269495901983,2.305041605347362,2.4108411536345407,2.6348590747455725,2.776684998477331
2019-01-11,1.9766041647522037,1.9816743042768754,1.9961148357448482,2.022252248078134,2.0723402210503363,2.1224377287591762,2.207905796521763,2.2763289054232017,2.3799174935899448,2.614450608731873,2.7599098033252125
2019-01-14,2.005370035830378,2.0081518639102,2.019717183013879,2.0502301258715994,2.0949891581158795,2.1416884381115615,2.216644653605995,2.2973102830388457,2.3851385847759983,2.612373193189076,2.7466289853923493
2019-01-15,1.978281769913082,1.9823032133623961,2.0030235354467725,2.0303983959488057,2.073417275457784,2.1260656346953417,2.207525904460767,2.2856208509504894,2.381518903557285,2.6158883766851786,2.749561905069856
2019-01-16,2.028940714252824,2.0371075464502426,2.0517476522752727,2.0704454101922556,2.1173639146662286,2.1657942812574156,2.2405877325454897,2.3034032222818976,2.400779639138516,2.6186936796539824,2.752912392765157
2019-01-17,2.06670097389823,2.0773099969689173,2.098527510104123,2.115083185720565,2.1601034849523715,2.199552093052742,2.2737282411696915,2.3454410971173636,2.4416388337379353,2.645543652109445,2.769809319701866
2019-01-18,2.0867215781489814,2.0838017542902514,2.097116876745874,2.1255913897160017,2.174756173016432,2.2121176172535395,2.293765947654902,2.370896308115261,2.459270555415698,2.682536162056112,2.8175605946124476
2019-01-21,2.1204743327116655,2.138958048870761,2.1448034079908758,2.1702339618314173,2.225501622874961,2.265700679046172,2.340278260173162,2.4102713166411927,2.511137196553781,2.733313002648405,2.8595750305878664
2019-01-22,2.2281089340582727,2.2393868331280844,2.2467609218372364,2.271757823800092,2.3164304606997477,2.353598687891317,2.434565889505662,2.493035781623059,2.5876643820462575,2.794923178642792,2.9123326117360806
2019-01-23,2.1949540665543683,2.2065384874345653,2.223237062194428,2.2344255050483244,2.286235761446252,2.3185727473128166,2.397036493984405,2.461105394701928,2.550651622161899,2.7460605645778333,2.8779577965103074
2019-01-24,2.1284025434060614,2.139105163748606,2.1446712727322796,2.166845266282609,2.2089605862293165,2.2413049807966026,2.318469431716791,2.3967107025080363,2.4808399044928064,2.678388090523009,2.808117932477103
2019-01-25,2.1293466997147568,2.14117946104979,2.146548983158515,2.173647744419937,2.223472472465873,2.2604422049371706,2.336977714265741,2.4010613880310627,2.4922392202402497,2.7026460215799983,2.825880861234759
2019-01-28,2.125629478189369,2.1320158937237275,2.1488144814241785,2.169171708895792,2.2205930303073838,2.244556613466107,2.3213980145996964,2.3969835859491524,2.47571621298811,2.6822345539970094,2.8061158905125416
2019-01-29,2.1519230967923573,2.15152857492325,2.1647063173577803,2.186304151373756,2.2292897568338743,2.262018106023255,2.328327257390346,2.394286322553193,2.479502206249664,2.676305637155519,2.792553628346977
2019-01-30,2.161766551577791,2.1721837393628367,2.174782769248973,2.2053232371019726,2.237261238816789,2.2818559405519108,2.3484962279153874,2.413923913609615,2.4952524830092213,2.6919976542991124,2.8002175078140965
2019-01-31,2.264844034212929,2.2709679651117107,2.275603363600554,2.296934953025853,2.3329238917222477,2.372768627449536,2.4383217994546578,2.4941163100886494,2.5591461921530527,2.7390089803681175,2.8439052835202463
2019-02-01,2.2104087373803236,2.2216150250885898,2.23766139711483,2.2508104408158722,2.2878240356267296,2.318906564232087,2.388275128203447,2.4430957557151314,2.524631157939399,2.695810312458451,2.8050372959710748
2019-02-04,2.2217408942619006,2.2307220313822826,2.245646505954394,2.2688773480042665,2.303029174313444,2.3360970259452887,2.4017047149516597,2.458602914432339,2.536458694057365,2.715846484104578,2.8068478259270035
2019-02-05,2.1701254103845673,2.179171325003144,2.1876097218837924,2.2072964783454183,2.249566001611851,2.280266330674465,2.350027030190068,2.4152405487460125,2.4867119217222147,2.6721371869460357,2.784302180747769
2019-02-06,2.1707657646181775,2.1759890837787914,2.1883414878103324,2.2104172551843346,2.2501301042387745,2.282659175274807,2.350411610334237,2.4193899650570754,2.4814567224091815,2.6699513798181127,2.7770864796854062
2019-02-07,2.184500690819945,2.188700180387284,2.2008142002713615,2.219867491350912,2.2596901880901394,2.2978466693879738,2.3651157460171683,2.4261329932499773,2.4935280089316256,2.684033084700401,2.77594265842946
2019-02-08,2.1409856410108428,2.1543592399411797,2.160456791565906,2.18533731874342,2.218105630473919,2.2565713013975452,2.323692371067045,2.387488147191528,2.4722948806594944,2.6557037887609938,2.754822817337839
2019-02-11,2.163206740026535,2.1674028841978865,2.182558587986918,2.2025305736872864,2.247517883483844,2.284764908563829,2.3570259494408052,2.4219267246436837,2.502931507119986,2.6920181632643954,2.793762486574602
2019-02-12,2.1115584555873705,2.1192296204579706,2.137046476406284,2.163360747021184,2.2070322169220584,2.2327347079863595,2.3090376638511043,2.383255300509689,2.4531828044101114,2.6411854657545932,2.742131140234771
2019-02-13,2.0963394810482594,2.0924994576457867,2.111920700184398,2.130972789632646,2.179303560256112,2.2209984179208266,2.286370353249204,2.3589723357424215,2.44629375795864,2.6343679246499185,2.749383000845675
2019-02-14,2.0757395218037784,2.0882381280758175,2.0960011767184645,2.1152406246091964,2.1643260864369367,2.205162598898069,2.2745170591722443,2.3416588575815025,2.4272510900458704,2.625333658788601,2.731908323258431
2019-02-15,2.209923607115117,2.2153656272367113,2.221116523933098,2.2486192628506534,2.289877023416147,2.3263927695274815,2.39316632151589,2.4472735036015796,2.5315718333508843,2.709497980940479,2.7963287658678593
2019-02-18,2.2126678953748624,2.222700737599293,2.2314322290922832,2.2534989348139742,2.2929920272821627,2.3369741582064427,2.399827870356376,2.452407603563819,2.536892660281334,2.7186074303219576,2.7976333430216447
2019-02-19,2.2869219834058123,2.2906563068272954,2.295144441104562,2.325796760792874,2.3599323910061956,2.3949622818562855,2.4631202970475585,2.5240763883993074,2.5969773395021707,2.766056830215377,2.855159697323005
2019-02-20,2.332040248211361,2.346188568535747,2.3627092016905378,2.363904890002188,2.4103859215136403,2.448109561788794,2.511633045294348,2.5757022985567213,2.640638580244607,2.810366551939374,2.893683661213007
2019-02-21,2.385328607865353,2.387208577684789,2.4045401107993554,2.421573445307871,2.4600323006704055,2.4894721054379607,2.569598225916425,2.6197805188513996,2.691984647996077,2.85338955619107,2.9300013071486393
2019-02-22,2.4367139657100845,2.446282737218146,2.4519832325541735,2.4734579724295247,2.5116890535563514,2.5616088288806345,2.6103833018119276,2.6703749322937913,2.7449602455482736,2.8927487065033897,2.9805978074285164
2019-02-25,2.466601954108489,2.4700766336542386,2.4815172012201345,2.4972120776424407,2.542144799773443,2.5702893080571143,2.6327803140647745,2.680454219895737,2.7502694193484643,2.9020571184081585,2.971757551954855
2019-02-26,2.449775136726257,2.4500189384910134,2.4608686949307477,2.480347180891077,2.5171366623889146,2.5573798280451383,2.6133238597142934,2.6702604366947846,2.743922546454198,2.9009696119886828,2.9666944851686163
2019-02-27,2.4734303265798903,2.482431591633811,2.500950706088028,2.5116153129865517,2.5471520502025964,2.5795768284196443,2.6466964637471615,2.7029164380266053,2.7797488812297426,2.928037668107723,3.0056814563587304
2019-02-28,2.4493244969411387,2.4572151898637267,2.462884130239824,2.487589583649664,2.5321529715817848,2.562647960399545,2.6226470021462984,2.6731385971330757,2.7471474310471558,2.9002378633835684,2.97018924332785
2019-03-01,2.491581083268353,2.4963497086339346,2.5070560199283984,2.520751934397293,2.5617990239420805,2.6060606226570284,2.656694154963882,2.7246666442793943,2.794813366667147,2.945328653642584,3.022083238058754
2019-03-04,2.5422665242544182,2.541316787542233,2.549560439810484,2.5700312594446784,2.6051206283628408,2.6377248739312575,2.6985664951951547,2.7483184886454457,2.821939195281749,2.967117425027076,3.039679744364809
2019-03-05,2.5488898015244694,2.5411409549379496,2.568748201153201,2.5895324542559672,2.6213292258971346,2.6486633654891065,2.717565503438481,2.766507116494438,2.8299200220347664,2.967011181206265,3.049188008624597
2019-03-06,2.5287818301573295,2.5298968430033235,2.5426383852954855,2.563543884619304,2.594722780055413,2.633183311567385,2.7031587957478993,2.754006132783638,2.8204338841374414,2.9716672953186634,3.036620028462446
2019-03-07,2.4832403215607606,2.488633532774529,2.492831027778307,2.521956996100175,2.5595615697662013,2.5793141520008898,2.6485683311780615,2.702041682344242,2.777994990518795,2.914435671397355,2.9882625759702566
2019-03-08,2.450010780336898,2.454988388711269,2.457919523450269,2.4827418498717666,2.517970135709008,2.5500227819256804,2.613480379734772,2.668047242986588,2.7375327117925092,2.8933773270758234,2.976147346168208
2019-03-11,2.482658064268513,2.491777398932604,2.5017548203166307,2.5292237303130967,2.566014213552644,2.5963328816255054,2.662263406135599,2.7006627654231896,2.7696602223508577,2.920541008565978,2.997126364407067
2019-03-12,2.5312226690440625,2.5372349260078115,2.545395637625836,2.5691362361797685,2.5905189663878736,2.6226779790148576,2.6810253889123445,2.728967293972416,2.7788716728882563,2.913084081257541,2.981032642264848
2019-03-13,2.4579128700845674,2.475965852696928,2.483966667011818,2.492326746830145,2.525384329357999,2.552588155506439,2.603409314586094,2.6509614233834373,2.7090611675164014,2.835104998158711,2.9126469553070953
2019-03-14,2.4353029891611504,2.445615627521872,2.4521051772159197,2.4721842886522616,2.505681495271781,2.5361707209351927,2.5833330478262644,2.633313229605952,2.6848303489090988,2.8150086544390707,2.8728833723380167
2019-03-15,2.3621520408340175,2.3686032848873104,2.372803123980671,2.3966632203439295,2.427985036196882,2.460656538967551,2.518920852332454,2.5677090272733407,2.635367757022002,2.7666805151466503,2.84378337658342
2019-03-18,2.3516830459440627,2.354537210378149,2.365333646402287,2.3895013916511862,2.4172761574542623,2.450576355614713,2.5150540717290277,2.5708287539929713,2.6432051066811644,2.793676713192683,2.873073886988471
2019-03-19,2.241902294282965,2.24780913400222,2.258346921835987,2.282596949423366,2.317362887170548,2.3524001805529013,2.420292410496829,2.471405660140259,2.548062333339485,2.6984859727385895,2.789486443750848
2019-03-20,2.237955548753807,2.241871962025875,2.257969882570795,2.2819531696863353,2.3056758692538604,2.3558474933227718,2.4106290269216086,2.470292819379086,2.5350393645481923,2.6944443404770757,2.7755966248506763
2019-03-21,2.198598334717597,2.190625114980179,2.203735954736231,2.2257237698892705,2.2676515249488323,2.2989403280761445,2.3756290258785095,2.4301299377204595,2.5082261131177077,2.6830363337138334,2.7852680201301383
2019-03-22,2.2152841638058196,2.234429514070773,2.235899901231428,2.2568269852114744,2.286434770558667,2.3319729933849396,2.3992189329249536,2.468513243802387,2.5311365219447453,2.7032752300267116,2.7842480265929885
2019-03-25,2.231404598889797,2.2400183719402773,2.244907785233985,2.264520141467375,2.3011301979329333,2.3539085270208813,2.4119563680371194,2.471564865507684,2.5476133182000997,2.7215443229105656,2.8049862965261383
2019-03-26,2.2857897629550963,2.2998718659300916,2.306859113775407,2.3349280574845928,2.368620889270201,2.4062746712577874,2.4739696366544734,2.521547547126151,2.601717866767132,2.756607933094751,2.84944701094758
2019-03-27,2.292846425177683,2.301114169694386,2.3133271904337427,2.3304752858610316,2.3707851801975153,2.409463562920541,2.480427165648376,2.543203313769911,2.6226600376481555,2.7876097954416093,2.873997094848976
2019-03-28,2.3275146870258854,2.3291668276550124,2.343202887898321,2.365463719383133,2.401884857663597,2.443284271357536,2.5071234674130944,2.5755810124682794,2.642664397039629,2.801692928776594,2.8829966300251035
2019-03-29,2.273339529964427,2.2835135560450457,2.295346034958808,2.310908361644413,2.3556041008833724,2.386303202715842,2.4508568185175994,2.500336220977088,2.5741806689807922,2.7316826189092307,2.808692619797042
2019-04-01,2.256217302158872,2.2602681303985936,2.266597465505413,2.284135297456345,2.326765187247108,2.3587795596714245,2.4284898753892814,2.4850625091512404,2.5594631501560894,2.72927860415447,2.8000566679629415
2019-04-02,2.164245308562613,2.1626695107549003,2.179958486322058,2.191799837321012,2.234365963758228,2.2645592630008062,2.322659348340509,2.3833532804868325,2.447542693136284,2.614410389318262,2.691305538611049
2019-04-03,2.1303388819716123,2.1402806630062514,2.1454253331407416,2.163301906002496,2.2012974568542423,2.2351721109208116,2.296512540143745,2.3539529436656204,2.425925883707391,2.579754144214107,2.6655324280619763
2019-04-04,2.082592982486245,2.101473915194217,2.1103197960709394,2.123142238644125,2.1771469869245075,2.202424422140794,2.264292359699507,2.325499282702355,2.399372260594501,2.5597888191341283,2.6500571015457433
2019-04-05,2.032745945917256,2.0490869998218906,2.0526052652085043,2.071293819500513,2.113382318572618,2.1516770242004095,2.22889360190423,2.285177039501453,2.3636684578375218,2.549866632303362,2.643027726600682
2019-04-08,2.041797129673979,2.0369082282465145,2.0494405399819957,2.079599264944465,2.120753273069115,2.148126599193666,2.221651830172128,2.2863854301385578,2.374423162406718,2.54945007505207,2.6597953868523923
2019-04-09,1.944224926328292,1.9487197926747999,1.9659409686310516,1.9909113626996404,2.0318170215739317,2.0734132324043855,2.1424504840719827,2.2161687157843155,2.313029866920397,2.494505334529002,2.617971379007569
2019-04-10,1.8801458479330557,1.8823921773422663,1.897994925905421,1.9230406909914477,1.9576558778986182,2.0134814166196415,2.0762726463695103,2.1484832636863995,2.245512826482208,2.445816183829056,2.5607535946162714
2019-04-11,1.9532837965401832,1.961100719047857,1.961979666181462,1.9944163182134234,2.0351301354650513,2.0745226437786424,2.14338673435019,2.2158153637459757,2.301810131811771,2.501581359167922,2.607247817753592
2019-04-12,2.0123644043361852,2.011981105364572,2.036592219267595,2.0608030566954763,2.097946534265312,2.1360506526150465,2.217194858519966,2.2761156117840002,2.361523187471728,2.557722965276638,2.655553993940548
2019-04-15,1.9637495283825606,1.9670040560673556,1.9799273550420906,2.0039176725433325,2.0519892725596187,2.101760483652365,2.1765950758794546,2.2436168860223566,2.3337428293928415,2.5359401861544586,2.6515195051037823
2019-04-16,1.9951497426382752,2.013397025556249,2.022368717504407,2.043780729085828,2.090092783121881,2.1355640019489304,2.215657140694452,2.283498947619177,2.367550952758187,2.5766898906901954,2.68343737005443
2019-04-17,2.0072763529479274,2.011365217386298,2.0254887420134216,2.0475334402238285,2.098183345890704,2.1504604315872418,2.226724266990069,2.289461198640495,2.390668936880975,2.5943329509203408,2.714255174643905
2019-04-18,2.0792150845928346,2.0905109422886716,2.1039848596453146,2.123625045693282,2.1711468394403575,2.2113239142675662,2.2874131591661753,2.353287689828448,2.4358114882191524,2.6303483256171316,2.738671054155605
2019-04-19,2.1307437849244906,2.141636437112159,2.1557352843128768,2.1708540177028586,2.2053978606740223,2.25873761733642,2.3298393797972747,2.4050473062879743,2.47274524980441,2.6739711461797446,2.772378254997421
2019-04-22,2.0750002731859416,2.0858258792666975,2.0925055334168583,2.1214174870102553,2.171872718928752,2.2064622394035163,2.290010681981736,2.34905638818915,2.441337077633911,2.633586628730187,2.7480581051522415
2019-04-23,2.0592199709204837,2.0609484591085563,2.078495601531166,2.1050331388345334,2.14734312299439,2.193844343850642,2.270091099830428,2.34346707584378,2.42721323698145,2.62494722449123,2.747315863236695
2019-04-24,2.1814958277375562,2.197470475037435,2.192531039398533,2.2241356442546767,2.2625123034624486,2.310164839441575,2.3898655527034123,2.4509648206871915,2.533982897834723,2.7301952529589326,2.8246992874938015
2019-04-25,2.173798862763283,2.1768124603467855,2.192888244930166,2.21324372782461,2.2645328242989726,2.3024986219895998,2.381715994996543,2.444412183682048,2.528583194479871,2.725606022168943,2.834315416769118
2019-04-26,2.1125811023929457,2.1205285138876366,2.137293009314605,2.1498755994629297,2.2012504105845823,2.2395998317933214,2.312725102701211,2.375141278125954,2.465803439281274,2.6566044653358403,2.758948634641514
2019-04-29,2.1372355683217825,2.1443871593806296,2.1574815640456717,2.168942805350112,2.2194541092928457,2.2512823068061523,2.3236074408464473,2.389800941359574,2.4675269919010447,2.65709929750646,2.757889170495503
2019-04-30,2.1142929947287525,2.1225725227692642,2.1356035433514546,2.1544701994671867,2.199676210574822,2.237982323728684,2.305343533352812,2.377665978542125,2.453948910939388,2.643439039518029,2.7520086441742753
2019-05-01,2.145086618387226,2.1591983020294037,2.174986540693709,2.1920357495301923,2.235500569162077,2.2780388880688895,2.353597294420882,2.41213550147728,2.5047702173777773,2.6822145156094974,2.7990879137685574
2019-05-02,2.1662540262630423,2.1760839568269335,2.187542676765485,2.202304775515602,2.247541142254734,2.286558438424522,2.3565948981851297,2.42098054402596,2.5054129943476946,2.6899361726133533,2.7937701032502686
2019-05-03,2.182292614726412,2.193963941247082,2.198958941219946,2.220377628719471,2.26562416364783,2.3037493707016106,2.370453629579477,2.4405809017047697,2.512126574152886,2.696973863106342,2.807972024431036
2019-05-06,2.1713557537188115,2.1769574394712827,2.183875496336009,2.2069089653420657,2.2516207738351905,2.292430306746194,2.3654679318592398,2.4287248488217807,2.503318647956195,2.68968822907828,2.786465882369803
2019-05-07,2.158347087370323,2.1666250365600206,2.172966434694353,2.1934798299359026,2.232777498166781,2.2762171142800107,2.3476034353994435,2.4053267709432546,2.493781633395911,2.673690760118094,2.7645107004581497
2019-05-08,2.123158755148094,2.123174503584346,2.137023174862418,2.160731649859507,2.209539355462525,2.2458532227862342,2.3199734160005274,2.3829358313131515,2.4590063347018654,2.648819444888245,2.7478022004474414
2019-05-09,2.155696844160808,2.1667516785647516,2.1800529240954587,2.193278944956774,2.237707675084043,2.2774430173898472,2.356120486917748,2.417398537565201,2.483877986956264,2.671872882865998,2.762060573881023
2019-05-10,2.156387924659607,2.16413711188666,2.1767625907806116,2.191561287319065,2.2339784246445635,2.279501328486698,2.3360497718142916,2.388655145886483,2.4636830176119515,2.628091331986902,2.7129135193489495
2019-05-13,2.1068623359037977,2.1160933374302924,2.1257921266734114,2.140755659554542,2.1846818485352726,2.2182906894395447,2.284399974445302,2.333098881456128,2.4228116105778517,2.5975186199137568,2.7031242933433135
2019-05-14,2.0055132901032517,2.0129566342877845,2.0217462605158567,2.042264001677233,2.0874888647106333,2.130316405948606,2.1949682413430462,2.2669154805212037,2.3510807128884093,2.5479804531770385,2.6523954956993223
2019-05-15,1.9911427531864103,1.9976869522016065,2.012648708796943,2.037099178466753,2.07543400631413,2.116623220961403,2.1852037463695915,2.2506998875727566,2.335859060764142,2.519804753318046,2.637454060635106
2019-05-16,1.9909054077330606,2.0084206148185424,2.0173437399157526,2.03914214032406,2.075360430075669,2.114683289547154,2.188249837299019,2.2401710159495,2.3279461792333085,2.5154397823931816,2.6224306905464436
2019-05-17,2.0026572172338812,2.007439712818504,2.0140455703230904,2.034231417118122,2.07513170247036,2.1153585886150377,2.173148623339252,2.231626497834371,2.314763348554603,2.5075745755367524,2.6170134083304797
2019-05-20,2.020930222005548,2.0353673548515143,2.0413828206384617,2.060110433181439,2.103371290185459,2.1373181586821635,2.2140748617057215,2.269193438225553,2.345181808376011,2.527022733608935,2.6281571678968447
2019-05-21,1.9868446724897977,1.992077924355817,2.008123112362778,2.028350747941586,2.0692902639297412,2.106617158324579,2.169911331374063,2.2271675287315107,2.3147763250030398,2.4893450891441105,2.6048768827138953
2019-05-22,2.056776847868744,2.0604625980922555,2.06915086203931,2.096086707533387,2.1302230471558143,2.168233478187055,2.237765942873409,2.2946115815143475,2.375255687281326,2.559061739652727,2.6703874722231142
2019-05-23,2.07817940062094,2.0899278009642166,2.095449987995899,2.1211071259092176,2.1575069418374717,2.192147579514192,2.2606467367306866,2.3232727164161444,2.3976657963431314,2.581508668695757,2.6911066685579983
2019-05-24,2.054911794558964,2.0677421565655205,2.0832861572475063,2.105105136225762,2.140909642715247,2.176094633734076,2.2444130196786163,2.3003948929502047,2.3773883406825536,2.5698679708745362,2.6760628338119465
2019-05-27,2.057862978177178,2.0766093856929064,2.087267005851853,2.107234793411394,2.146710954657586,2.179342401606261,2.2490140023488845,2.316394449413645,2.3937234498023803,2.5843152345947678,2.6967768737021394
2019-05-28,2.0567530575516106,2.052577218523415,2.0709350444619554,2.093981490828612,2.1244133081586942,2.1658588000064682,2.238083623938031,2.287478111136068,2.366173763417488,2.5494903735500656,2.6634167408161575
2019-05-29,2.080441334016147,2.090948941920779,2.106633608233254,2.120795413795223,2.1643830094176266,2.191141454889742,2.268785126078896,2.3191426907927193,2.3942814969888246,2.589910210657396,2.6985380359566555
2019-05-30,2.0775044727132435,2.0712063255164157,2.081034335068527,2.1038721652839585,2.1309030677194087,2.1709158776934685,2.2394808977981566,2.29003241028795,2.367480980849349,2.5477614258060077,2.637925866201346
2019-05-31,2.0407616281100807,2.048364622861911,2.067354623745111,2.0791279809313825,2.124257694199856,2.152044411199785,2.21953290644971,2.286958641471826,2.3660737547452975,2.548411124335522,2.6524472082932835
2019-06-03,1.9677107073115443,1.9760653789304174,1.991057392004502,2.0106715901932133,2.049853321286204,2.1062200085176377,2.169110455237005,2.2337843627028686,2.311287014997711,2.5125248599210748,2.6313156121127776
2019-06-04,1.9612984420650414,1.9705385885933153,1.9789093362485888,2.0071217904068193,2.0567400738184425,2.083567967059582,2.170106047317487,2.231711180556357,2.314702591862089,2.5130633367371074,2.6344776089606063
2019-06-05,1.9747358499449292,1.967276609959414,2.000804168778742,2.017728570849226,2.054092736927829,2.1017029291373763,2.1798435256922235,2.2526044552307742,2.3325046820566206,2.53280450348196,2.646022287918414
2019-06-06,2.0308243483561608,2.037897752747158,2.0565156102754276,2.077764139430837,2.1247004703789725,2.166480256510956,2.234485995845737,2.3095022145434525,2.3942533614357,2.598265835794558,2.708642616077616
2019-06-07,2.0989009960869915,2.101036834113483,2.1160372714462783,2.1443504737640757,2.184411581314642,2.231053652786885,2.3013967771443946,2.3757517780659856,2.4626924969022714,2.6536940466386487,2.769997751520455
2019-06-10,2.049427702504214,2.0642286392082867,2.077974770078476,2.09472168529666,2.1474201186661954,2.197909583741198,2.2760511189236525,2.3510483570357077,2.4464546801082108,2.6616627356215083,2.782821735265786
2019-06-11,2.0131142397011175,2.0239248289426146,2.038132995811521,2.0604911540067383,2.1122479231243476,2.15460971035901,2.2346088891000906,2.309879560696924,2.407082796203264,2.616414206992051,2.7383614653729205
2019-06-12,2.0111284592214687,2.025986899632117,2.0427935166930897,2.065090693348316,2.113914354302421,2.16124579816573,2.24322606521323,2.307442593171888,2.40095590050973,2.6130725261826933,2.7314048490650062
2019-06-13,2.0750257593601305,2.0984083508046103,2.0949958058812417,2.125746437997461,2.171039683666479,2.2215941097503156,2.289269627320948,2.369975260399588,2.4529892678215366,2.6652488222738655,2.7696677813555595
2019-06-14,2.1003734520570947,2.1148546570922178,2.119282675266867,2.161267541404942,2.1910645398585458,2.2389382984655097,2.32046711416168,2.3878036016138204,2.4743952537790426,2.67580611244463,2.7829392910194586
2019-06-17,2.07273648299402,2.0860518299121895,2.098948023844028,2.1216864752305047,2.16915408786807,2.2115962136317466,2.285733405778103,2.362568672478886,2.455369581230644,2.658409159224687,2.7685899128840306
2019-06-18,2.104999546947451,2.113717732086253,2.126846138193664,2.1512200550255716,2.1898955433341443,2.2379328400991936,2.3125027680288373,2.384989261185151,2.4715301925345674,2.669288982584272,2.769042377174402
2019-06-19,2.096389736958697,2.101829505708003,2.1126889254772867,2.1336325783782844,2.178840727625943,2.220250772234467,2.2936145802348924,2.3701286256080003,2.460591940864396,2.6584477302164764,2.7608432532927796
2019-06-20,1.9935930904769124,1.9966855041817915,2.0054702727849882,2.034795161177954,2.0982249960695656,2.137355034547779,2.2146008630120284,2.3029551776690456,2.3890464606792134,2.593940554912552,2.716241650317918
2019-06-21,1.9116280551498674,1.9207789840890201,1.9416868254922979,1.959306969363686,2.002884246317211,2.056770845425669,2.139336030154083,2.2030432952100787,2.2910256078293125,2.5131240478898826,2.6272198857868596
2019-06-24,1.8237428742319237,1.8418381459841127,1.8587072745300455,1.881264355607304,1.9367555443229878,1.9769405894703256,2.0697629564437023,2.144104980290917,2.242927143779801,2.4738377524871367,2.601350437867612
2019-06-25,1.8247120679475803,1.834561758078183,1.8509124565297355,1.8787451659531393,1.9333393667411771,1.9868817961839138,2.0772112472317077,2.168304536864353,2.268868585377112,2.5101134355069274,2.651841779654119
2019-06-26,1.8338415241785897,1.8515967915885672,1.8579071181183395,1.8856176427770825,1.9407288669175942,1.9870756332196213,2.081253092071001,2.1542329603858623,2.256022946105587,2.4930543290142118,2.6255649079903773
2019-06-27,1.8396614864213046,1.8508865530181051,1.8693337804686037,1.8973777083765417,1.945903370495472,1.9915410526724635,2.0853295093892497,2.1582588210476503,2.26040706468754,2.4972392167362067,2.6390757573319363
2019-06-28,1.960616991075855,1.974960430363168,1.993866271392777,2.0177749411584824,2.067043361504175,2.1101457261810985,2.196915270113037,2.2689799613330233,2.376617661659969,2.6038909770365892,2.729392025631472
2019-07-01,1.991860011064011,2.009460432278693,2.0210267361025367,2.0447572619619687,2.0936680481044903,2.14599124365105,2.2375504058235043,2.308625452485197,2.4111074737335842,2.6355700395322352,2.760192176548513
2019-07-02,2.017114666942253,2.0319088038186948,2.0499795642072245,2.062340288486451,2.126141728493945,2.1627054929544034,2.255769916420782,2.3313724337519925,2.427343530650767,2.649920132492592,2.777398792071142
2019-07-03,1.973907255859936,1.980005217243828,1.9955673373115235,2.028036828514527,2.0744387644319273,2.1213583972583376,2.215158498074745,2.2889468303223013,2.3897314384367476,2.6182638191171717,2.748305621832955
2019-07-04,1.9131562970464524,1.9230530636415795,1.9312569215481874,1.9666913479166765,2.01104156586696,2.061828911138055,2.139321303972886,2.221506773685629,2.314431808419749,2.5432513577270037,2.675293194061492
2019-07-05,1.8800880169000813,1.891303252989127,1.8968528197118577,1.933894331104837,1.980654606715145,2.02609518431851,2.1187321709584017,2.1870944430950083,2.296088871649387,2.527404308269687,2.6589136007931375
2019-07-08,1.8334766058783447,1.8499909726637536,1.8619774982950823,1.89012261681694,1.934330124288994,1.9824607149628077,2.077626237724257,2.1533425200908276,2.260037865517855,2.502204844636487,2.637987635034989
2019-07-09,1.8251323352552502,1.8250238884077117,1.8441529560539056,1.8764861154920571,1.9220220125042236,1.970646284174166,2.0653348758577574,2.143366348766828,2.2523156196844454,2.4966681920435327,2.6359952281234995
2019-07-10,1.788374431483548,1.799297124663734,1.8155908361095034,1.8443490332347994,1.898298165691438,1.9468565250530083,2.0381887200203677,2.118955208812675,2.234508902456818,2.4832496149210157,2.6301614890283886
2019-07-11,1.7168651438125442,1.7371220609565154,1.7509167297158843,1.7786438488838567,1.828910232273371,1.8883240620382322,1.9771098792431467,2.053893993571618,2.161433665942786,2.4264133883955536,2.573569725286273
2019-07-12,1.6911312149253452,1.6962465164649054,1.7185777021459054,1.7390220379191696,1.8053335680365534,1.8500870319076663,1.9364154943169467,2.021662812789327,2.1306123217283233,2.377485186810579,2.5280227212575643
2019-07-15,1.711278270444395,1.7232973845966026,1.733135330976096,1.769252271547141,1.8199525523203033,1.8799910930255088,1.9623242147628164,2.0587194686288632,2.171907337650301,2.428072317652291,2.5716680762367927
2019-07-16,1.6995310437513136,1.7145822942067124,1.7207587016474477,1.7575584326547118,1.8126651307411585,1.8637870050928256,1.9608935614272198,2.0478787667775142,2.1525485244963045,2.412036491450332,2.559300517367343
2019-07-17,1.7043708890782443,1.7237929749843584,1.7420818612005529,1.7654386584577915,1.8267425464239333,1.8794878288196415,1.9657758826277825,2.0551791167682456,2.17314497754125,2.4336662116618006,2.574876649992143
2019-07-18,1.6691437197272163,1.6704136417654099,1.685897318818994,1.7126068123546825,1.7702048487327349,1.818717954803425,1.9160001631692423,2.002542030133787,2.107970332083349,2.3674614777709304,2.521667351741189
2019-07-19,1.6674210197590478,1.6710159129470985,1.685854586129412,1.7178754677667785,1.7685655315466948,1.8228062016414643,1.9198424969799166,2.0059906888478016,2.1151961534401065,2.3854264364222715,2.536927392888321
2019-07-22,1.6744171958904934,1.6912478990599826,1.7080722606292777,1.7306673257073786,1.7813855913351464,1.8305037764569623,1.92778219861132,2.013680065723507,2.1118852476603056,2.3734559705426377,2.5219723453755516
2019-07-23,1.683579175262254,1.6938390188181334,1.7083609543240812,1.74421380611527,1.793435604762449,1.845626072021304,1.9391204996620568,2.0227845709582244,2.129539824181024,2.388017722318373,2.545567983346768
2019-07-24,1.7549691316684919,1.756207999802573,1.7692119299939242,1.7944988163305564,1.8388361930921322,1.8956897132578727,1.9805061400185981,2.049636059851087,2.1609943867903545,2.395613767206436,2.5392028343767117
2019-07-25,1.7773077697508117,1.7904678628753607,1.8036103968673325,1.8349410955993475,1.873469062652197,1.9247347271630961,2.0120049177312875,2.087244978126157,2.1908795902644362,2.423720715440361,2.5668010837351662
2019-07-26,1.7630041397526663,1.7804372346211288,1.7861392161791159,1.8091126361368433,1.857885176640755,1.9158993503388064,1.9997581190075773,2.0698341363246517,2.1747030144731516,2.409045211753263,2.5520134432204724
2019-07-29,1.792980758300065,1.8139428480824342,1.8280801549842474,1.8567230448272012,1.9083360689303386,1.946742104541872,2.0469409064003568,2.1161321216925435,2.2168271469525758,2.459422724400521,2.5951610227817636
2019-07-30,1.7260936295095126,1.7340985639200752,1.7486975290478033,1.7753528524447992,1.8334563100149108,1.882623442170757,1.9727107540758342,2.051891798623633,2.1591807784584733,2.401491393859953,2.554770984645852
2019-07-31,1.7705684281085852,1.78619470985787,1.8019375127387005,1.8181246807003866,1.8839966651365252,1.928272906332327,2.0296681543200514,2.113712138892431,2.231440003714044,2.4857643512559253,2.6344580593924554
2019-08-01,1.8003452715695976,1.8065009902473508,1.8223350644064757,1.8534148419370267,1.9115471238949402,1.963096265337866,2.0572739262246094,2.14892531112674,2.268997791598134,2.5275979020149455,2.6752115212365246
2019-08-02,1.8228742798047888,1.833724270213511,1.85646363825365,1.8823351773244767,1.940667768273795,1.9964295858869618,2.0933354098377013,2.181874752422033,2.2915874557075435,2.554454041311897,2.7126229381057474
2019-08-05,1.7663465250556156,1.7819144384124006,1.800668624050064,1.8227718021449093,1.8896376748089783,1.936389677146226,2.0381316316024636,2.121692447064855,2.2308714523114217,2.513830137473529,2.6657376352156557
2019-08-06,1.7370511905390917,1.7509296560875045,1.7573867429355148,1.781994044872834,1.8415356182097937,1.8984117903181632,1.991482380872122,2.0796966221530093,2.193593114530179,2.4548890401029877,2.6051935700877653
2019-08-07,1.6833940750834249,1.6903131023008262,1.6966859679537776,1.7347264838851064,1.7924492860616434,1.8423249570790887,1.9479572688634705,2.0349590012972842,2.150282081895228,2.4235516460398556,2.5878689263279564
2019-08-08,1.6189728375282035,1.636039411418164,1.6533440027748407,1.6869692460514358,1.7458378684932636,1.7927437993937039,1.902340804781778,2.000481558964473,2.12251010968455,2.4016043465555312,2.578211471660111
2019-08-09,1.6199537919072775,1.6335129348416364,1.6440590853240298,1.67901881441973,1.7344957150627236,1.8016598218742041,1.9118381157734936,2.006525837879655,2.1365970784859156,2.438415171541475,2.6174037064608475
2019-08-12,1.60827160840654,1.613767698187107,1.6385754638555243,1.6695951745111521,1.745073068221224,1.7995335812826874,1.9063758585330115,2.0009858126573383,2.126635963542446,2.433989330700393,2.6168737641355846
2019-08-13,1.6347805264872184,1.6366894085350574,1.6578531480188259,1.6938212425370245,1.7555747539991122,1.81155273594665,1.9296275709319524,2.023342789770602,2.154137856138458,2.461682131039768,2.6347716934740766
2019-08-14,1.611214540439177,1.6159883722207022,1.636975044980723,1.6704076449720255,1.732131849954253,1.7942065412288903,1.896147045082653,1.9903000771755397,2.1209139102470527,2.411343084817279,2.5814815480218085
2019-08-15,1.564542752941483,1.5870116009070332,1.6097026750544816,1.6275877121326479,1.6990654704806731,1.751709026419115,1.8533804185309588,1.9495123296259325,2.0768143769835192,2.370568734132922,2.557809877866422
2019-08-16,1.6582231411449473,1.6702541452221529,1.679648638684327,1.7110968811130454,1.7803827679125361,1.8280923105637688,1.9354368585329365,2.0279303786651237,2.1498522182268274,2.4518185270592285,2.6133248508718143
2019-08-19,1.6268141392292699,1.6397816707576225,1.6529094149026287,1.6812046951550155,1.7436200990854807,1.7970424597215493,1.9108488642746013,2.0072094433257157,2.122756111450077,2.426425178540982,2.5994519429385488
2019-08-20,1.7188983635382966,1.734046012852131,1.7464837255190138,1.7788943643611563,1.8389959156039155,1.8942122835039894,2.0062329106678543,2.0834356601106037,2.2037451643459955,2.48536294969301,2.6479041014961227
2019-08-21,1.7155603066518061,1.7261291659113684,1.7421645903290044,1.7777688208973934,1.8274857803096545,1.88775009985518,1.9906566940153996,2.0824114428661304,2.2015754337141047,2.4846524023203393,2.6475747030532135
2019-08-22,1.74163987707322,1.7530198915426074,1.7675552159823198,1.8027975005387566,1.8568147332218952,1.9097395681010172,2.019503373738281,2.1132942408569475,2.231637254597547,2.508454403816039,2.6727690259954
2019-08-23,1.6548802509926723,1.6773629893915205,1.689117185758346,1.7249852906970118,1.7826123918884222,1.828584757042371,1.9339927780352615,2.0250340169800083,2.139888509160596,2.4174582038621337,2.5991162819369507
2019-08-26,1.6546684387724264,1.6513069048348332,1.6751254493997045,1.7008121314526963,1.7595710038724617,1.80731712641957,1.9044121754375212,1.999265511289597,2.117264140850865,2.387328748999334,2.5460470461652007
2019-08-27,1.7589796315028277,1.7828813068545886,1.7916223444089552,1.8080020436093995,1.8711162316490186,1.9168888520333145,2.0053222171343656,2.088063391065945,2.193067725027081,2.4537991556753225,2.6127206700852588
2019-08-28,1.7943344096509923,1.8037633438028124,1.8174616077658836,1.8444561273638613,1.8945771850085535,1.9444874493679156,2.027316387141262,2.113152257945955,2.2337856609825693,2.4816749824969,2.6311414908548953
2019-08-29,1.8088471808045,1.8194918750540814,1.8330895588883906,1.8622499801021715,1.9073222880427694,1.960761788437199,2.0601155719565742,2.1307376623527676,2.252020748115396,2.4993287960809165,2.6596109231014395
2019-08-30,1.7979986188946073,1.805227545826183,1.8133494526476255,1.836197212601289,1.9045681385125113,1.952788000053078,2.0381418057208607,2.1374664870149993,2.244229776842439,2.505728035331632,2.668462646846707
2019-09-02,1.7689423799964723,1.7801616217104064,1.7942262010937022,1.8178766810604325,1.8826915471117012,1.9338204674029424,2.025643124186242,2.1090297259330115,2.2206494800930514,2.5033389017382226,2.66143131331811
2019-09-03,1.742572764955928,1.7528931915202455,1.776822550015238,1.794305752659502,1.8560470734350283,1.9064145344712478,1.9965599855714509,2.090602688082345,2.2003575414492067,2.473329572588101,2.6277312279530007
2019-09-04,1.7940865771646293,1.8049225365468633,1.8204347097117475,1.8508485521212887,1.9042268612186133,1.9559435880277871,2.0477684565466028,2.132231660393992,2.2457600278255976,2.4972366819091727,2.6619987497996003
2019-09-05,1.882608020818694,1.8914091935584236,1.9017302728607581,1.9278675866596848,1.988637299882261,2.0386111183605062,2.1331238790177753,2.215733674160824,2.3134734767111995,2.5776706186595093,2.725010753282683
2019-09-06,1.8199413681855892,1.838522600785113,1.8488873270235822,1.878699385471384,1.9457509832712105,1.9785114990635524,2.0758188083425364,2.166852901635955,2.2678760125403112,2.52459916741322,2.6784116526732165
2019-09-09,1.807074342447069,1.810792462204824,1.8262221125211222,1.8550526431149308,1.9095402437035713,1.958511640387363,2.0482845726337735,2.1285267439703475,2.240903399297604,2.500676677026589,2.656914103973442
2019-09-10,1.8251321566771856,1.844572580276693,1.8418059269616829,1.8793608067627814,1.926962229563775,1.9808098337319762,2.070267294779839,2.1498476930346992,2.2581666614161993,2.511123923455836,2.6642575728393085
2019-09-11,1.8532996145357934,1.8582788034696425,1.8717998982254365,1.892939251087741,1.9426834853119421,1.9867277358492736,2.0747386137721544,2.1583179083895536,2.2562427174848665,2.4981093946977544,2.6543493313982345
2019-09-12,1.8164549294888621,1.8272351291095439,1.833552633827148,1.8591208087322415,1.9117421001195,1.9526807045632077,2.037622322317234,2.1150185635479684,2.2098071255207716,2.449512304437891,2.606120331488269
2019-09-13,1.8999955806655398,1.911460078845376,1.9120177061630181,1.9387624195381072,1.9839483228610004,2.0268530505648745,2.1184668119040992,2.195077490841887,2.297728128537857,2.518329818239785,2.6585845350033033
2019-09-16,1.9614452623869305,1.9693523949925007,1.9843590388543784,2.0065347320648677,2.0511149870296506,2.101077242025207,2.1802350092398486,2.2413910855930954,2.334651606817686,2.5532238429295115,2.6933830634969698
2019-09-17,1.9194823359050417,1.9359313937702851,1.942454027690782,1.972811486909982,2.017634844060174,2.0555305274726687,2.1312209837073004,2.218284712753654,2.305873565233163,2.5241741487173144,2.6613899365297673
2019-09-18,1.9190448269312825,1.9338807856598792,1.9413761194612869,1.9633358891975277,2.018028167239402,2.0612790772662675,2.1341556759626235,2.2059640523039126,2.2994669747161542,2.5231546821905675,2.6494163954177687
2019-09-19,1.9438833064432965,1.9466325281568242,1.967759793799193,1.9921868863911336,2.037778934120589,2.0766004535864417,2.155996488235259,2.224713909580735,2.3255662931723218,2.5482528713822736,2.680521217694721
2019-09-20,1.911564018396082,1.9190831095330674,1.9250519095036243,1.9526056642861782,2.0018599035611926,2.0428920976149563,2.1224612683838378,2.187908833146734,2.2831765029093094,2.507131590373924,2.638058668100756
2019-09-23,1.9007457699083368,1.9046567778928898,1.9100896152147964,1.9459983525141145,1.9767100170803111,2.0265573913586548,2.109743520041774,2.1754327754250387,2.278661439960539,2.504896539507744,2.6403390159456888
2019-09-24,1.7929014780469272,1.7960695757272027,1.8137377631894693,1.8351250537467496,1.8895064730586795,1.9323174126330256,2.0183085807043595,2.098429439222128,2.1935653160328066,2.4308002919005958,2.5827577518560654
2019-09-25,1.7912851757003858,1.8124595086484292,1.819716344908391,1.830424726539369,1.8864491760331363,1.9291216324244833,2.007534420421832,2.0756508030288967,2.1749971548925933,2.412345828163864,2.5559657392773145
2019-09-26,1.7954922771635966,1.8006100445176263,1.8111703618723376,1.8411244281588175,1.8830489398728019,1.9251698001422075,1.9941018907617636,2.0682146674941086,2.157652607571067,2.3802274215597623,2.5275026687344835
2019-09-27,1.8085717786089313,1.810662531293893,1.8289087193634335,1.8506959259148343,1.8859917477287564,1.9371362117627147,2.015303883459553,2.07789027845025,2.1714192841187288,2.4028539407009166,2.5405988194103517
2019-09-30,1.7787201188111437,1.8013701617654767,1.810513905005775,1.8320248493909237,1.8744084381989967,1.9194200743303456,2.004564589907006,2.071738491301203,2.1671557219577666,2.403612879171263,2.5563500875788336
2019-10-01,1.793931461207115,1.797970720243441,1.7985782483529078,1.8272059463759258,1.8693436031798243,1.9141791272614714,1.9979488385118909,2.0575241998242215,2.1591422525259087,2.389552746237726,2.5376275981213547
2019-10-02,1.7457419814621964,1.7478621273044412,1.7670227532002634,1.7869778590639622,1.8239326479592841,1.8683275331464553,1.9591365917243933,2.028473312474876,2.1228293441239745,2.357654371170934,2.5120131708792823
2019-10-03,1.7516384384390185,1.756996491874123,1.7697124537975426,1.787024396467366,1.8331785360678967,1.8773539550808855,1.9553369478272677,2.030253577563467,2.122092528473982,2.3623995877222255,2.517805993013688
2019-10-04,1.78251557014743,1.802397237828522,1.8066973340111991,1.8291715041911292,1.8705068944427279,1.919358664741716,1.998052498930853,2.0587563389010244,2.1572497528533168,2.39408872179088,2.549610980389598
2019-10-07,1.8174075249194739,1.8205194937801659,1.8378410381504342,1.8601348217101814,1.9134152512261013,1.9533206643345398,2.030096199100724,2.0966189950394147,2.200731081435796,2.447450150719934,2.604146137016891
2019-10-08,1.8280602760200328,1.838346613073997,1.8455822448082928,1.8674462751885412,1.9154541302072456,1.9643163965910102,2.049309883797962,2.1321585440951853,2.233092577477809,2.49685906557112,2.6489644955901683
2019-10-09,1.8308674031201846,1.8379519071552826,1.8581665405637457,1.885510374275868,1.9369601485036723,1.9749910416378698,2.0637644973924743,2.134653869475828,2.241520049067461,2.486871996034385,2.6471423112050942
2019-10-10,1.945909566840136,1.953946648815999,1.961751008354032,1.9869200730482848,2.028293553981823,2.0721374731196924,2.1609483706894723,2.240021272476383,2.334322456253161,2.567360165079679,2.7160760437815417
2019-10-11,1.9417857477678526,1.9544961106651444,1.9578819462870796,1.9838323837755976,2.02815557204731,2.07725312354688,2.1503165170476177,2.2204029472982594,2.3179002515793963,2.5458771713888178,2.697203813507281
2019-10-14,2.015555330505901,2.033163587281257,2.041119305415986,2.0595510251440596,2.108610872961487,2.14289045435889,2.2341573819218508,2.293286576315996,2.3911723616201916,2.610155121765434,2.751813567915431
2019-10-15,1.9775270025207283,1.9826037972905572,1.997375489480458,2.016529885907844,2.058511571168306,2.102758544308624,2.1832379321505617,2.253639378830202,2.350397002486732,2.574681752577615,2.723678031549154
2019-10-16,1.9917444689899655,1.994956350965117,2.0062652528480354,2.0167464239229345,2.0716563620998665,2.1136918744400464,2.19167055966964,2.2567804896293637,2.350852627912088,2.586882481892738,2.7306598333569996
2019-10-17,2.0525363959187293,2.0643412794253013,2.0650907212936067,2.0937282050972303,2.1379922060322243,2.179268984754712,2.256626057045736,2.320654117599502,2.416711458483006,2.6359147900230964,2.7825056123347007
2019-10-18,2.0609173167402504,2.0669133907340287,2.0797078385633077,2.0958723516403825,2.136853214232404,2.1775506748599676,2.2630555989559573,2.3195537943774713,2.4076126755695877,2.6287406376480518,2.76783582611384
2019-10-21,2.0942970034882937,2.110720665305972,2.1199804380992333,2.142897576568403,2.1893812418411933,2.2218809702913895,2.290083354299759,2.3515143944235364,2.4581912108723056,2.664910013317028,2.8150125012039666
2019-10-22,2.1583731080542976,2.1758419092530645,2.1810447158374386,2.2028521817935447,2.2466188055080307,2.2746492034287784,2.353824023061356,2.4299364061685353,2.510590527164068,2.7268972008162407,2.871469261948129
2019-10-23,2.2044128112488828,2.2074634960683244,2.226356175668335,2.246669563595299,2.2902494842019543,2.3293398955992877,2.3997891528067044,2.474362337939759,2.5684474892396016,2.789455373482334,2.926690009633505
2019-10-24,2.216017377124555,2.2229796914359103,2.241822667392836,2.2502148118433527,2.3057432166892755,2.3370647584236695,2.4235729571631293,2.4902171712600865,2.5891846657876862,2.820277795458627,2.9554912225035097
2019-10-25,2.249181671593347,2.256390447907298,2.2609625520836785,2.295507605755955,2.3434778310884274,2.3869113345245507,2.4643682203248276,2.530817583378566,2.6235727353895726,2.850290551537551,2.996142145556587
2019-10-28,2.219932279054314,2.2230933025677504,2.2381617644267964,2.2528246801285237,2.303681553680164,2.3440154626748484,2.422557241721893,2.4989504054810765,2.586185508704548,2.8137706760821155,2.958763623079148
2019-10-29,2.241366037911596,2.250523951010727,2.2514711073238933,2.2733622145069474,2.317353969368718,2.3484208390739805,2.4260566805878385,2.4949027478932257,2.581084181081443,2.789734408500472,2.9157094417726497
2019-10-30,2.2243088337647694,2.22864341003697,2.241091893505034,2.259694214610934,2.3021764916278102,2.337245608119743,2.413280959223866,2.4834402748450666,2.5623438423814386,2.7723950063793983,2.906937235973344
2019-10-31,2.2788460411326037,2.29676112126331,2.297225248018663,2.3221790837107608,2.360876088974152,2.3911748521905385,2.4603720306237786,2.521898800003591,2.598106076630866,2.799639948310652,2.929087728501946
2019-11-01,2.2866277203532874,2.291852900996912,2.303804529449622,2.3227201493059892,2.364173340385169,2.4009360800173574,2.4650486918931653,2.5260888477100774,2.6056246148445283,2.8084109533738437,2.9201420608595554
2019-11-04,2.3592832422758434,2.3682107631059734,2.3762207323262414,2.3983804543989917,2.4359706401670596,2.474364878891125,2.5458173141625857,2.6041527881574047,2.6786757257912943,2.8814103543991996,2.9990598873412253
2019-11-05,2.4333568026554935,2.4322683618364667,2.434292219616745,2.4611952814745557,2.5017929316876,2.535603510207561,2.6025319104175146,2.661633644952237,2.737113585043813,2.9275875450483637,3.0335408685148555
2019-11-06,2.394995112184674,2.4021437206467335,2.412461521158755,2.43016787096009,2.4683046872043524,2.5080133106902633,2.570057761062968,2.628012644427317,2.704828708892372,2.87349496007029,2.9885801373187304
2019-11-07,2.411119510770835,2.4091045380298164,2.420806755371748,2.4362911400199825,2.4756333994330664,2.510180690685543,2.579584455083062,2.6304269980921857,2.712583471356284,2.8978593233058674,3.0050159101810006
2019-11-08,2.412760365698626,2.4241256702348766,2.4340438587556616,2.4519931343587564,2.4873134880231333,2.5290161923259853,2.5947952889922106,2.653707409870026,2.7393262820840207,2.916524242763168,3.0294885801170506
2019-11-11,2.524804215831667,2.537331129473212,2.54192224692636,2.560115549066252,2.6013976761977218,2.6392617126786377,2.698970532081414,2.7533268336729253,2.826467704983986,2.9961980879821066,3.0922750936219456
2019-11-12,2.507546541232103,2.505406213203531,2.5223275666085625,2.53944779574621,2.5785221173328843,2.6020228518248496,2.666370331185584,2.7246181482914937,2.7960162966455604,2.9595369772412865,3.052586357141049
2019-11-13,2.563230727557917,2.565356735623288,2.575843815494928,2.5952252605825366,2.6322436768591055,2.6708397954839325,2.7239328388693735,2.7820843427655526,2.844781342655203,3.013356058668435,3.1018288908600358
2019-11-14,2.5149283894505863,2.5158802468538926,2.5282548706790737,2.547960370365824,2.5793793512923253,2.6054006653924606,2.668106448291832,2.7162195456952523,2.7884594696306886,2.9493127685897704,3.041089587549304
2019-11-15,2.5177610959045196,2.5196190373322565,2.5268501284216853,2.5514395889328787,2.57756946956675,2.6207015914635092,2.681522113074979,2.7376203648752555,2.7999911128062105,2.9670119745962893,3.0490915042391347
2019-11-18,2.4830254986653273,2.4932297691935905,2.4992306434782194,2.5114570897868713,2.5544863945046017,2.5850466824691543,2.657242088809772,2.7087477366570707,2.782368222323634,2.9584291276801435,3.044815954749215
2019-11-19,2.4867645413619006,2.4906314773296536,2.509724367508045,2.523710381127595,2.5631045104600103,2.602317794395872,2.668319395144388,2.7226001897668493,2.804795377906295,2.9730115889913864,3.07821638084644
2019-11-20,2.4580587146245096,2.4600442373023057,2.4670347789683547,2.4892919390593047,2.529134623019549,2.5773462957366253,2.6338094795093685,2.7043236891900486,2.7698397560911996,2.9561577247718027,3.056572369390629
2019-11-21,2.463729101280369,2.4711452851604894,2.4779862583874186,2.493288391384027,2.5385842707404995,2.573436483376793,2.645590435874224,2.6994974877312745,2.7793101479929447,2.9561768317996413,3.0497321379047104
2019-11-22,2.4785561954373114,2.4750684858795053,2.492908358223445,2.5071424078889817,2.5461167464039702,2.5812794201032756,2.6437493481872263,2.702976234445731,2.7794323178276215,2.9371070431419364,3.043902173748728
2019-11-25,2.5083383160492394,2.520318091622128,2.5431851075436334,2.5627630673311863,2.5904826185778513,2.6276453834983013,2.6850008569104715,2.7417701029338724,2.8225316750831166,2.9935117399156317,3.0889594228246207
2019-11-26,2.4854798028149174,2.487507284893092,2.4964617095399166,2.5213217507842596,2.5557384750645604,2.588310009751023,2.651086426594617,2.705184056272052,2.778707078861191,2.9587572738121866,3.056670630058081
2019-11-27,2.4819600905992174,2.4874666427519174,2.5079071706128473,2.525226013804867,2.5478774918470655,2.591241779200926,2.6532338908197635,2.7000936484420515,2.759227674242278,2.9333161060802313,3.018250616363726
2019-11-28,2.5416997171917792,2.542151983023166,2.5587383686211473,2.572318218425619,2.602456280686808,2.6379475183633168,2.6965486118657966,2.7502071237739947,2.821492101610112,2.9969838919479295,3.083771744458974
2019-11-29,2.6594909755358986,2.662764621039396,2.6725113831426137,2.688501670093115,2.7272965497956583,2.7591713418782606,2.820395226373845,2.874097806590441,2.948961581560626,3.1078625487204006,3.2000944084909233
2019-12-02,2.736493698597163,2.739642530766074,2.750045839525898,2.768039197944859,2.809330861897113,2.835395882290073,2.8970032156476813,2.954956449454489,3.019895747426567,3.178728559040306,3.2679045084905836
2019-12-03,2.730233029827901,2.7362337585271646,2.7409894331566056,2.764175166415224,2.797400499790193,2.8251962543855935,2.887909213239833,2.9372028328518054,3.00568930844234,3.1744274461642483,3.2534606591780717
2019-12-04,2.7090237551675584,2.726065194875836,2.7280202893178904,2.747884588061204,2.777628606778706,2.8099520998368264,2.8682937556395434,2.924912997890282,2.9963806392018686,3.1486078350984097,3.234941472020253
2019-12-05,2.7705467404722293,2.776597714590032,2.773283327448483,2.793947743932839,2.831032430516599,2.8592923326426734,2.918465692864779,2.9688438276393097,3.041113754685844,3.1811828605129744,3.272229492873234
2019-12-06,2.76179857158213,2.7523162669892827,2.7688511751069065,2.781015610408688,2.828146637755934,2.851675388288574,2.9171392057779078,2.9655055982532605,3.0329660490947723,3.190759321765257,3.279072053912971
2019-12-09,2.658412732778663,2.6656677265868147,2.6790078626489153,2.7050808182518704,2.7318216997339255,2.7597241631505147,2.826406215537895,2.8790826846694326,2.954509938802589,3.1194115201471413,3.2238836718654476
2019-12-10,2.713303266658994,2.712596147586076,2.7202971252439316,2.7406309558460973,2.7787008434535796,2.8182004602657273,2.8663496256176604,2.9227032957945798,2.9892964928944172,3.15940322874079,3.2495339196018893
2019-12-11,2.740380962651892,2.7495752516417644,2.757317800741577,2.7752074552273776,2.814241384970017,2.8399804039516905,2.9025286544661797,2.9525074451064337,3.023323485465314,3.183967330162397,3.2618095907420086
2019-12-12,2.7393943919159183,2.7470924824780516,2.75092131390538,2.775857224564564,2.8149653009743414,2.841622685697439,2.897034496484297,2.952793996824088,3.0196142442561755,3.169913241199852,3.2546594639527786
2019-12-13,2.766901419773278,2.773567361996571,2.7840092098271234,2.7999394811534497,2.8403309830581125,2.871392534858753,2.9293500992476433,2.9795131248047664,3.051691462526384,3.1967563171167965,3.2912261562712275
2019-12-16,2.7933128319733176,2.79834600678676,2.8079324748036107,2.8252210955221915,2.861115099228349,2.8934668173444704,2.9548768643205783,3.005304386045975,3.066249846036857,3.2243277498976877,3.3051361668474724
2019-12-17,2.7144403427273125,2.720308977170098,2.732669104856013,2.7567055850530613,2.7924374373066363,2.8224008705109003,2.8850797954414094,2.9406948169722193,3.012766008095792,3.172391085540869,3.275337344152824
2019-12-18,2.687202556373698,2.687764351909029,2.6998159076928343,2.718448396963664,2.7495879801270924,2.7859417730260065,2.847048379442845,2.8970385672391243,2.96946838101919,3.127804675013818,3.22287125086327
2019-12-19,2.6731738543254373,2.676267889761156,2.6859551698527793,2.700220400212478,2.7328754706361864,2.7728287291281117,2.83720443140206,2.88191663675985,2.950606425026767,3.1129980198346736,3.2123804406381895
2019-12-20,2.5740771880684616,2.5855764336050804,2.5963810863738925,2.612773060403918,2.650509740664737,2.6853401675611916,2.7508293491557696,2.801803931049896,2.878011019011856,3.046514677419876,3.1440082213581397
2019-12-23,2.6129520988777686,2.6197743352170906,2.62689868858336,2.644015562759318,2.6822740790977044,2.7150686214782707,2.7810052380748562,2.838572928551187,2.8993275059730728,3.078712377824731,3.1686068863118195
2019-12-24,2.583011726072453,2.5897478774446476,2.5976387729791437,2.621735826211987,2.6515351120994897,2.683036338628563,2.7624438832509566,2.8114266527991396,2.88853332285718,3.0664166107154913,3.171472673502062
2019-12-25,2.647209601234319,2.651044701236553,2.663511013506465,2.6861812119277975,2.72089318841712,2.7497826451435787,2.8161175833800094,2.86875896818389,2.9437104183412335,3.1183175885003407,3.2059088245159457
2019-12-26,2.603595219652565,2.6065869427365107,2.6195317644418834,2.6342383152873556,2.662339774390861,2.6992103489030965,2.758371383088958,2.8278413312228903,2.892851738988454,3.06723680163773,3.1610788620362307
2019-12-27,2.59675088431147,2.61209212666758,2.620763779872249,2.632148432278392,2.6719170308404037,2.7061208868900737,2.7758752708216377,2.831427964627789,2.901463982363115,3.0804059827499786,3.1760846918242787
2019-12-30,2.6389479227775703,2.6479871530425845,2.6533560946382178,2.6658009770972826,2.70345950803326,2.7382663997245538,2.791798213887813,2.858282359161609,2.9192988967025593,3.0858550631641726,3.1768666350151524
2019-12-31,2.595518133571324,2.6057618900357786,2.6206681515461607,2.631496779369237,2.6572107002073397,2.695777059420119,2.7525055996175167,2.8062517513346648,2.865498088088213,3.01985375945026,3.119457839302399
2020-01-01,0.5474423368310691,0.5606276265037927,0.5774454723088255,0.6050286873428385,0.6632297394440642,0.7150549230377984,0.794426853557712,0.8813701709399461,0.9944683122114555,1.2540734910498341,1.4087674778829837
2020-01-02,0.5639559989986479,0.5763771129988178,0.5943766886534051,0.6141980612534074,0.6612162764270884,0.7127612237045494,0.8020550754185182,0.8877935193518833,0.9892682025972472,1.2483427176737436,1.3894461967426543
2020-01-03,0.5702852808944091,0.5781383636895925,0.5980447701364383,0.6189404510334756,0.6670012626606574,0.7184098509475824,0.7987121347259721,0.8825589943598677,0.9684069030535338,1.2161498056745386,1.374413422821974
2020-01-06,0.5205725226760036,0.5310909723919031,0.5379963649236859,0.5694497733865815,0.6262758261817479,0.6720316458751127,0.7566574867160641,0.8458212598775063,0.9474665906750882,1.1950773366166363,1.3464208158952964
2020-01-07,0.44941997529688,0.4629983526464329,0.4796897287509415,0.5026947066891679,0.5597530585136089,0.6138661600680383,0.7023391828611972,0.7930660712188581,0.9001268398393094,1.1709124236090669,1.3359005265546315
2020-01-08,0.39363209088496776,0.4028206414921142,0.4155792074023122,0.43448293466247206,0.49522692784442135,0.5546790631419685,0.653781418893022,0.7409086281809459,0.8595990710315522,1.1254119784707446,1.2935510495253775
2020-01-09,0.378504823853811,0.38890581136872615,0.40490354598786005,0.4303477623352119,0.4944166566657308,0.5415984449032523,0.6423563757496843,0.7334959807759429,0.8476024099940954,1.1318245317890763,1.3025930921101019
2020-01-10,0.409788512361108,0.4271068763050155,0.4423476876354831,0.4680810694632933,0.5281393169086378,0.5735000503830441,0.681113240343603,0.7640759259482414,0.880187397168973,1.1601869456414529,1.3296156050618175
2020-01-13,0.3739542003480735,0.37638677773980156,0.39356866948653113,0.4296896780920273,0.49163293538435215,0.537959671399665,0.6332603936827546,0.7259089060124022,0.8450143873072731,1.1357381521903032,1.2958648196873526
2020-01-14,0.21347473626146654,0.230627832774089,0.24502385038870136,0.2728122464296327,0.33906380514002016,0.39350619817978194,0.5022790371351252,0.5929602667632566,0.7283287820106066,1.0318048860381734,1.215452530637961
2020-01-15,0.1484701430797673,0.15959511324371486,0.17415711217326352,0.2098323446382958,0.2711985319307703,0.3272901416073744,0.442476149670033,0.5456731261315761,0.6633073622094526,0.9831296553210926,1.1836947353557894
2020-01-16,0.25171341805828856,0.25959784478094633,0.28178162350830543,0.30892422404130687,0.3648118842611859,0.42027422082277904,0.5269056637549168,0.6247807649906533,0.7478059643607322,1.0476091289573826,1.2324592862882882
2020-01-17,0.22031322630704026,0.2292144549395559,0.2467389678186401,0.2847842573813256,0.33884232268824493,0.4014196998950225,0.5043458664686283,0.612538578643842,0.7382687160071323,1.053298288381753,1.233017901346354
2020-01-20,0.17393284506503176,0.180468124709323,0.1957480918541624,0.2347858717809393,0.28879132722540257,0.3572339608478437,0.46234441082892097,0.5536463120898688,0.6840148488031338,0.9981918010299597,1.184508779983254
2020-01-21,0.14821807172379095,0.15603917172162576,0.17122744773772086,0.20819510665882024,0.27821695741996294,0.33198787137721764,0.4503941884963606,0.550991917832006,0.6843640438293733,0.9966272586414787,1.1785302678085126
2020-01-22,0.14317665338749894,0.16073661523540003,0.17620742552994959,0.2065973159813089,0.27263698340193554,0.33560025117792264,0.44484004933327265,0.5436561221225761,0.6757507834204814,0.9902734392232859,1.1788939083142378
2020-01-23,0.14441387463042116,0.1453796516871383,0.164409030968842,0.19372600371723422,0.26145747143390546,0.3182641550467501,0.42651651103392313,0.5216275866437098,0.6523174929122622,0.9658504318151001,1.1582988004571182
2020-01-24,0.25948979582039944,0.2757573426378719,0.28676325833868394,0.3152375379688396,0.38170680437695004,0.42671793782194506,0.5359992005375026,0.6345462499259422,0.7517005369073949,1.0424210474173567,1.1982862291074545
2020-01-27,0.2194406164466458,0.2369230108771322,0.24330783215455765,0.27770536402188367,0.33140978312515,0.4018229171709972,0.5058515050397375,0.6055066953663973,0.7321740635179571,1.0173327067872713,1.1939224951712337
2020-01-28,0.16940421690993307,0.17351986420071197,0.1877847810323563,0.22989374365564802,0.2970013564721526,0.34819217981791184,0.4651366876120841,0.5647745977658559,0.6958593847336509,1.0032173559686572,1.1779667299699967
2020-01-29,0.22188172751297977,0.2325679588522363,0.2516949076287068,0.28395782362746086,0.34587300006585203,0.40556717889947175,0.5051921229124322,0.6133767444099296,0.7457486157346634,1.0329989220736735,1.2084011050816996
2020-01-30,0.25959684082120704,0.26653882538191365,0.2915911903532913,0.32033116855052424,0.3815793913874644,0.4368616035930531,0.5410603575236498,0.642521053324686,0.7715186732256051,1.0618631140896053,1.2211262402700078
2020-01-31,0.3114808290005497,0.31102023228376025,0.3242493845738444,0.3647615839556138,0.41649784498082265,0.48010427037424236,0.5772552029314473,0.6742323125116393,0.790541526994423,1.07739176657706,1.2404098641410612
2020-02-03,0.3221910652711643,0.3418068948486139,0.3557243828531737,0.3872887016444496,0.4351755037906617,0.48904454431835714,0.5949535323613984,0.6812680283398144,0.8053650581950731,1.0733310557438371,1.228782031972981
2020-02-04,0.269333912336791,0.2801741896629734,0.29854545415126055,0.32923344556770556,0.39069025444613564,0.4469350249920567,0.5500603802906913,0.6403384892893009,0.7564649872681019,1.0429134620099736,1.2001579285916062
2020-02-05,0.28890995319424634,0.300894687425986,0.3157442136510526,0.3521128000104152,0.41845255853914864,0.46334472193303045,0.575369744577923,0.6753519342480266,0.792528440122831,1.07756914773696,1.2486566644181063
2020-02-06,0.3301940474001586,0.339197748024384,0.3519297230941357,0.3843836761641299,0.4516216029428976,0.5039258070199645,0.6141379397380491,0.7193441113854074,0.8327419546645545,1.1219645015913478,1.2931867276541373
2020-02-07,0.3025659560499178,0.3155635199717852,0.33029227744309597,0.37240388898209664,0.4337065432766045,0.47167422413867566,0.5866949155653877,0.69239679073071,0.8137939016226534,1.0858140554558164,1.2593168959203185
2020-02-10,0.37805002862351,0.3938533811777628,0.41805741860548035,0.45127744417713794,0.5092526042903058,0.5777499587671603,0.6838407867295229,0.7765062661641243,0.9043069053901887,1.1874032207779965,1.3505943057170235
2020-02-11,0.41035428681700725,0.41920079894537093,0.4376963444692688,0.47764032600705336,0.533963898288551,0.5977006394363763,0.7088146630565617,0.7984900642136278,0.9265353436859928,1.2100999592976305,1.3684934463317315
2020-02-12,0.4049039097577915,0.4190540375067593,0.4360101617278763,0.47184045425161536,0.5301979967164618,0.588541702824009,0.6932770417386118,0.789890795677893,0.9169885771976465,1.200432904082722,1.352946225934341
2020-02-13,0.4631484932268325,0.4640699571165359,0.495175397125659,0.5193175070795597,0.5789314282594469,0.6318892414065312,0.7393337155728941,0.8253532462891762,0.9472445941666695,1.2127172161496766,1.3655694229291309
2020-02-14,0.5484553603969722,0.558943057702018,0.5645204881036489,0.5963733706992592,0.6509263344247822,0.7110282224753224,0.8092016360098715,0.8968735264021965,1.012541628662164,1.2694198472860452,1.4191464244867176
2020-02-17,0.45058113415280493,0.47311883904805146,0.4747438001780776,0.511840731546108,0.5686863697786001,0.630564291135394,0.7308540381444819,0.8299025259451179,0.9386456935017082,1.2082497227639388,1.3581544905852971
2020-02-18,0.40298264333141304,0.42010354163635033,0.4354734855979878,0.47303975243033974,0.5246632317314344,0.5758752510460191,0.6911558845162614,0.7861061272782096,0.9037029769230271,1.165810588085026,1.3274944665280428
2020-02-19,0.45206710212845846,0.45676482554949177,0.47936686567537684,0.5077878391445437,0.5673114988186628,0.6230316000253947,0.7338683386465452,0.8187141744064641,0.939009821450513,1.2029600666242117,1.3498728611228354
2020-02-20,0.42374527399647727,0.4282036847949359,0.4482420414005499,0.4798242744903507,0.5353605874919216,0.5967527155722483,0.6931659457313356,0.7757197225125452,0.8949935557343845,1.1569043086291457,1.3225039045722609
2020-02-21,0.44517932938506405,0.4609677014298617,0.4776624989475302,0.5136733236970187,0.5718791256753105,0.6225703252008495,0.7320675689123765,0.8266875167890839,0.943556921726673,1.2228510923508007,1.371479691458629
2020-02-24,0.5381408398812508,0.5413045648383589,0.5710751353788895,0.5902916321338492,0.6496669833985225,0.70499349761006,0.8039089720149191,0.8936919111164854,1.0107406949642659,1.2801141618906215,1.4262188018530957
2020-02-25,0.5428666769933996,0.5533254482189323,0.5642162470810239,0.6002155441244355,0.6497043750299762,0.7146695271796643,0.8052195239411797,0.8836236696634374,0.9996281809398777,1.2660992553973762,1.413426275214891
2020-02-26,0.49988502671852353,0.5101301531702389,0.5219984817107607,0.5426516695218088,0.6064567198118694,0.6734303843296695,0.7800134445018367,0.8679118706295531,0.9849594136711318,1.2654774830195992,1.4177110681978196
2020-02-27,0.48959075450719547,0.4909331870080637,0.5084252645040594,0.5381351520181653,0.6008332422272118,0.6602992836874688,0.7633879741559038,0.8524400994293638,0.981754128303286,1.2519458115324889,1.4086136217830592
2020-02-28,0.5038797410887987,0.5085599408038243,0.521843009029828,0.5483741728386978,0.6068746642498738,0.6681560161772561,0.7639973797084916,0.8544724335204097,0.9715916467665621,1.2407577428360919,1.3997298993110723
2020-03-02,0.4628747468730693,0.48128231508730124,0.49375087016719316,0.5195442837716989,0.5850478948409287,0.6385101346079584,0.7379863250872887,0.8363302546586007,0.9663369697484089,1.2294586926322846,1.4021546964655238
2020-03-03,0.4781772564669756,0.4962431076085683,0.5095922005457153,0.5377205737704792,0.6005321890954155,0.6592169460916217,0.7608990115215313,0.8502979201988141,0.9785379777607931,1.2588240295702493,1.4222058488498
2020-03-04,0.49372250794368705,0.5177800737209155,0.5165612732096116,0.5553795506685707,0.6186808355576199,0.6706163920112758,0.7782942852652035,0.8708000376656767,0.9942652788143189,1.2730576041070187,1.439249016755961
2020-03-05,0.5302281718896786,0.5376777595478379,0.5566976593184859,0.5913343632671834,0.654177252689797,0.7011991397450222,0.8125131113078992,0.909100696312344,1.0340303025975552,1.3194325889589857,1.4729713788204317
2020-03-06,0.5331222582827198,0.5495520514025772,0.556731912084333,0.5899787216117971,0.6495367306186508,0.7074020855485625,0.8209450823447607,0.9052361722887579,1.0333767371517106,1.3243573510528992,1.483011568176652
2020-03-09,0.569482055713637,0.584463450869743,0.6045555376891001,0.6303531838524805,0.6932237570653631,0.7491327897074457,0.8570707844112637,0.9589788736145989,1.0740724993031872,1.3561585518322745,1.5238119869609175
2020-03-10,0.5927639513957669,0.6043194178524124,0.6222508086753452,0.6477636413809219,0.7079244072145313,0.7648308210732289,0.8665302672737646,0.9533967919981712,1.0807331555409088,1.358132611658587,1.5144814528282162
2020-03-11,0.5985755319445646,0.604934768254125,0.6214486879831925,0.6515080972240719,0.7026245377247137,0.7631044910876011,0.8660402459802253,0.9533676351005846,1.073491568028035,1.357413803498038,1.5129658836275945
2020-03-12,0.6076877898399133,0.6119698859656074,0.6269071874425383,0.6586372588687828,0.7245482438855955,0.7814828154641353,0.8783305028636358,0.9703566992687008,1.09565776904528,1.3572019719428996,1.5364518879829263
2020-03-13,0.6022320322365579,0.6157917305022473,0.6360060413348803,0.6539868596289181,0.7179945815125808,0.7766443091337452,0.8761163262395646,0.9651305527916091,1.0777838361539795,1.357030904205864,1.5205813557527648
2020-03-16,0.6486097712525541,0.6500501575443881,0.6743285528968043,0.7036625262345517,0.7511714195261636,0.8104678359496987,0.9118745868313493,1.0004801342176775,1.1037685475480699,1.3705329177804155,1.5267448644119208
2020-03-17,0.64981230416106,0.6579407956445226,0.66900232704959,0.7102761484276741,0.7594710085431445,0.8176140304161944,0.9137860233265888,1.0093195926828922,1.1329382326071347,1.3964577864011185,1.5601866577018422
2020-03-18,0.730694618713329,0.7398510737384816,0.7452511023348566,0.7848290812362418,0.8307701959480865,0.8825177723247316,0.9850779529636874,1.0712936296626814,1.1807274083856334,1.4409920843386657,1.5867949329028264
2020-03-19,0.704110478728493,0.713529469753459,0.7243097767716836,0.758095085281376,0.8127839001930761,0.8560617001314059,0.9612531015734218,1.047078617610938,1.155007603207434,1.4184972680861114,1.5567855813040312
2020-03-20,0.6581424115697236,0.6646170265812699,0.6816030479109643,0.7104549141320898,0.7679399974436207,0.8167920977660516,0.9138264531077746,1.0007608124951746,1.1184343457111618,1.3810968178996608,1.5358203314987395
2020-03-23,0.6647613530256313,0.6663367999885134,0.674476576572976,0.7148039896699574,0.7648370501884326,0.8231216979002229,0.9220106950446052,1.007647181709611,1.1257351923725238,1.3920463560010115,1.5418760503304008
2020-03-24,0.6386562422439118,0.6512376706730623,0.6604829749783783,0.6890924295128165,0.7398261172823076,0.8023775557629375,0.9020725539428115,0.9824688367361928,1.1088113542412292,1.3761082573830514,1.527139274346515
2020-03-25,0.6266588689872729,0.6303745911364455,0.6544267605002481,0.6876092815557292,0.7409520399912215,0.794842749712534,0.9003827185810457,0.9879791302093561,1.1045477492261684,1.384811644561224,1.552668007033717
2020-03-26,0.671153529424006,0.6810733683814519,0.693989745354064,0.7257290386766052,0.782177970242467,0.8395730757947122,0.9413539099617887,1.0329767060012562,1.144055506844296,1.4188513238526241,1.5759715057748662
2020-03-27,0.5807794556945391,0.5923466621555673,0.6110236187461096,0.6460766106383735,0.7036683745012634,0.7629264407610937,0.869041310786977,0.9830361464947502,1.0938639443286167,1.3915965645809785,1.5568436591593653
2020-03-30,0.4948392600035615,0.4976009092467678,0.5099351188566258,0.5487405440532231,0.6102597894857227,0.680702648612076,0.7875924711750926,0.8819854655022019,1.0205046613386415,1.324022198106054,1.5054914601530882
2020-03-31,0.5173160208983056,0.5327173283819265,0.5484673583486418,0.5857432674588368,0.6474678484868542,0.713886513769245,0.8224525125001776,0.9272967303807231,1.0565934336947778,1.3688457209418259,1.5476961427255453
2020-04-01,0.6114008767039405,0.6197068725747428,0.6397986890578828,0.6779087368305602,0.7438199899601707,0.8101464975823757,0.9207859495168166,1.021362071725799,1.1571233754877643,1.456670605923798,1.642059479381541
2020-04-02,0.627182566094907,0.6380110620882053,0.6578601746455306,0.6866832923147586,0.7566065193504224,0.8202258439378446,0.9269079694388114,1.035329345662387,1.1569113355687992,1.4604020369759865,1.6296602676118628
2020-04-03,0.5867853799426083,0.5868751646513944,0.6136756657600199,0.653960832758984,0.7176186516952086,0.7747630650865556,0.8990230172469477,0.9960200194771475,1.1419346363143597,1.4503005450331876,1.6293345502839451
2020-04-06,0.5813683357949149,0.5879864746840622,0.6087958076454603,0.6401991532652903,0.7104103380497993,0.7790259643095213,0.8943931707341288,1.0012234415415908,1.137452027641984,1.4601085988043188,1.6226015385585655
2020-04-07,0.6385327443957255,0.657585121276096,0.669755450534304,0.7087015833537765,0.7668573332475428,0.8316872345250426,0.9441654978230362,1.0368679917714985,1.1659452730448165,1.4693587828998402,1.6324619686146216
2020-04-08,0.611408054844595,0.6201465173604571,0.6347077967573181,0.6707751582635464,0.7406602769387901,0.7979549832423634,0.906217966847368,1.0036652770298877,1.1322819363400933,1.4318224170957141,1.59942278509993
2020-04-09,0.5763655826673882,0.5884362757742663,0.6094887866169388,0.6484458286428955,0.7092847560505262,0.7687645122663466,0.8700023391713497,0.9739791512219461,1.0974543303024353,1.399643590517008,1.5680854445721346
2020-04-10,0.49998490211824204,0.5089349064469771,0.5281275232457571,0.5664057146802741,0.6298313619597767,0.6893878646702114,0.7998117768766574,0.9039865077915203,1.032241945326554,1.3305375416371303,1.5089967614989097
2020-04-13,0.48386040772421,0.4875591196560167,0.5049963774139459,0.5454626061022851,0.6123275367814169,0.6783415139472592,0.7781312915346117,0.8719511593446755,1.0079791512969907,1.3048129336694365,1.4762509819815102
2020-04-14,0.42855304817234696,0.42852954074898264,0.44793890057604985,0.48462966065191215,0.5475640243868474,0.6045310478622656,0.7148761630995447,0.8139204214877156,0.9385579594060297,1.2359241773590992,1.4070902584125313
2020-04-15,0.4785221836969083,0.4937019296719164,0.5093238166378427,0.5400610602159737,0.6007449915526759,0.6562194687124858,0.7520506982541975,0.8456398744699892,0.9634937543357605,1.2439443144349827,1.4108869218078053
2020-04-16,0.46952427890249343,0.48067332046034883,0.4961659239147079,0.5243628438798799,0.5857909058618288,0.6466196065057771,0.7473680861217408,0.845824592514422,0.9657769824531169,1.254171986536239,1.4106938266533189
2020-04-17,0.4434558246330954,0.4622766605392466,0.4784458621108342,0.5056096710887915,0.5659961902196645,0.6250954173624851,0.7288043007500621,0.8234574454432568,0.9423310024728201,1.2253967009806424,1.398011436038609
2020-04-20,0.45955198975191713,0.4751683407380975,0.4961765851365015,0.5172649280066817,0.5797106908277889,0.6396735105794795,0.7367851948315388,0.8238406435423609,0.945249905235569,1.2284810187792783,1.3875100456525
2020-04-21,0.5210998821242199,0.5264740480811102,0.5365366819334274,0.5723296181697526,0.6361222376396098,0.6854751398388588,0.7851390148697617,0.8775109903814179,0.986716172960401,1.2743674012475925,1.4246391780039096
2020-04-22,0.3997270901694385,0.40275688198748777,0.42463113262108865,0.44466517965671337,0.5106052387903182,0.5681598526985938,0.6610007582848364,0.7501497698672659,0.8626879772810684,1.1509772137025323,1.3225264989869792
2020-04-23,0.4207248960103822,0.43236802009663217,0.4432859997460498,0.4677034512567395,0.5248257103066035,0.5758385846103299,0.6754069490062228,0.7661606571077646,0.8804007978346486,1.147112530749875,1.3198346922867994
2020-04-24,0.4292292450772995,0.43744665209736955,0.450775406699079,0.48450286590652797,0.5352436275732192,0.5845554357661374,0.6820949749911733,0.7727692519628238,0.888532330183129,1.1725978455207433,1.324959099860005
2020-04-27,0.5084097593079958,0.5189295192076898,0.5300120615726522,0.5645160498764011,0.6151472889258582,0.6667149753965781,0.756845152474105,0.8451147187555189,0.9594484952134352,1.228925261871352,1.390167041154677
2020-04-28,0.39043489567936307,0.40304898718997717,0.41927885930572095,0.44458036973551235,0.5021763665866305,0.5567710486446565,0.6529207699660934,0.736726215941872,0.8602376778068673,1.1340075269446057,1.3113585884951464
2020-04-29,0.34173126928882314,0.35235575518264606,0.3698727363766257,0.3984856950289267,0.450382816651124,0.5089799589342201,0.6053611901536046,0.7007397037577435,0.8107273000537943,1.1057172085844664,1.288060707085745
2020-04-30,0.3340364066327945,0.34746671912001303,0.3569077478964834,0.38832715273801816,0.4468280652038916,0.5037495483215562,0.5977577767974132,0.6909862043691233,0.7963444910710643,1.0863414555680235,1.263086791208064
2020-05-01,0.3507815891119685,0.36527811415821804,0.37629836700743324,0.41134670564882064,0.46223639835534813,0.5118666749792626,0.6113095915249736,0.6934751237084009,0.8108441461456958,1.0807128338118936,1.2574525654628652
2020-05-04,0.39734163522907767,0.4059742326368031,0.4144887424055144,0.4458015085542602,0.5038434506275016,0.5496301167116203,0.6471961120772767,0.7311088457786269,0.8506929380207402,1.1329088504723457,1.295689275329746
2020-05-05,0.4248028044783684,0.4337433157202007,0.45024807178607423,0.4822060680573211,0.5305808865109543,0.5871303596779972,0.6780455550526443,0.7730303357325868,0.8786489957995993,1.1608608924612385,1.3420324406765554
2020-05-06,0.4096254154759156,0.41490830254893735,0.4340005380443061,0.4600566783947868,0.515167060906455,0.5707377979906052,0.6797568094915524,0.7534562932019021,0.8783319044708455,1.1716521367973234,1.3333921825553352
2020-05-07,0.37487757229037283,0.38180711816904483,0.40209152017890853,0.4270689186385568,0.48969062299519267,0.5405199352812796,0.6348868973940771,0.7206372155541466,0.8414315295692563,1.1247207748369308,1.2992285425512966
2020-05-08,0.3607515122469006,0.37288567930286964,0.3848072066397568,0.41334692964103203,0.4628953750802093,0.5181335320123915,0.615493357300538,0.6943470913340264,0.8086510540699926,1.0972533671501663,1.2540343485957175
2020-05-11,0.3461598969437244,0.36452064652141103,0.3689447800320508,0.39924588058321003,0.4516395433521827,0.5054120943487824,0.6093967364228539,0.6856275861717274,0.7992269849648604,1.0713982400133935,1.2522448250102498
2020-05-12,0.36858699673569345,0.38215024131051467,0.38834121143505634,0.4190695241114359,0.4688970319589858,0.5175775408240947,0.6114074050268987,0.6845394560367963,0.7881595003714843,1.066071297699112,1.231339462105417
2020-05-13,0.416040049287136,0.41699556974601876,0.43989042804191975,0.4591441786145836,0.5082719847169536,0.5590456523765682,0.6459118734797463,0.7190720807065509,0.8300452627085668,1.0930063575456568,1.25633249051824
2020-05-14,0.41213309130126774,0.43128854112973225,0.4381787444354256,0.4694230437258966,0.5167834270244935,0.5692189414265695,0.6629895006587685,0.7425196538535614,0.8550756327989101,1.131621725383322,1.2900139641463988
2020-05-15,0.41831083010750153,0.4266072840794587,0.4431687021276038,0.47631121103088864,0.5273339719777109,0.5787201939670692,0.6735115358897298,0.7670872198869165,0.8823911556270498,1.1642115844974863,1.334922545669745
2020-05-18,0.42294451301712166,0.43433426823228033,0.44234279677326516,0.4726144212799521,0.5249120549539498,0.5818936311646992,0.6842110801509865,0.763088250383014,0.8828322252458466,1.1600893208569214,1.3258195196964833
2020-05-19,0.4453604825717036,0.4545617769397271,0.47429621289391183,0.5013611203711102,0.5534243022914852,0.6135380820845512,0.7095717521170303,0.793293756660338,0.9120454610811638,1.1800591760113064,1.352370163225545
2020-05-20,0.44255319977432916,0.45474624091910965,0.4661041877891331,0.49674876907806625,0.5549486220574009,0.5966551877683043,0.6846499294065309,0.7762568255578413,0.8659934055611914,1.1361746645760233,1.296206815588658
2020-05-21,0.5190045901642828,0.5281229614363638,0.5440891908121347,0.5637157227949205,0.6164296559905367,0.6702306521497414,0.7432393966956146,0.8248867813982258,0.9241914801202992,1.1767408148814054,1.3297209637794876
2020-05-22,0.45302407487318347,0.46059660578275696,0.48294847364664784,0.5078308663522586,0.5532161795725927,0.6045161605921331,0.6868047283294408,0.7730140947578372,0.8789224367444419,1.1300978078174049,1.2918221864698605
2020-05-25,0.4803520616612297,0.4905449207431328,0.4997147938610789,0.530547797106334,0.5811551228285288,0.6257627763112567,0.7214455562785985,0.7942247915394474,0.9026973740894083,1.1599522661994568,1.3135704807148791
2020-05-26,0.4915986831135424,0.5097987550223927,0.517606725398151,0.54929826750907,0.5988293787309588,0.65615527385001,0.7363144536240424,0.8257843541892023,0.9275478786054487,1.1835467693347244,1.3315772510451662
2020-05-27,0.4134079724696486,0.41810978406930266,0.4309190650249968,0.4587547294317762,0.519041183955264,0.5677730142817927,0.6612169328965753,0.7428792679522175,0.8491572515227325,1.1200866873128577,1.287555324316607
2020-05-28,0.41590464290297874,0.4217508604390511,0.42510551898636967,0.4553842998168144,0.5131695346123473,0.569335498450474,0.6576114980351299,0.7459679657487953,0.8630522455210352,1.1350698537975281,1.3007529089647516
2020-05-29,0.4117208358337153,0.42390508142679234,0.4353274242445705,0.4651592426689681,0.5234144489699322,0.57226552307272,0.6572182678994917,0.752279476013663,0.8551521498850971,1.1247045056991694,1.2867393390153725
2020-06-01,0.41147862565956395,0.42233251532127764,0.43395757672785823,0.4571955009553655,0.5065513650592615,0.5680811449643233,0.6635369700188254,0.7437372775834096,0.8533363561127218,1.1243416962012143,1.2872495480453083
2020-06-02,0.4213831352048541,0.42490298048497444,0.44915342650797296,0.4777099740201661,0.524294039612867,0.5810162028608064,0.672194400601421,0.7561873249463911,0.8707835176166779,1.13888465248299,1.3075891831305844
2020-06-03,0.41967489669032987,0.4346058865032154,0.439500629875647,0.46166618617710564,0.5196736944466978,0.5646313734878887,0.6652362809814796,0.743960773515759,0.859976954237276,1.1201331314606227,1.2936848362596887
2020-06-04,0.46482006026441836,0.4851093315353757,0.49163639639202966,0.52906295167481,0.5727186397730428,0.6218606530268918,0.7093718846839971,0.791287722149103,0.903833973218315,1.1568652699526694,1.319587460274729
2020-06-05,0.4879179149207709,0.49389140040103313,0.5121633552549749,0.5398853206960297,0.5815370575923654,0.6277488994360725,0.7205417812204253,0.8025625741265278,0.9140603883898022,1.1591550217607802,1.3105023364468347
2020-06-08,0.5315319460789402,0.5360777844750008,0.55748456755285,0.5832816864408663,0.6342293636692568,0.6798576410841424,0.770908142424153,0.8489921645949868,0.955499510547256,1.20585072003448,1.3425436507327546
2020-06-09,0.4808072793400112,0.4917820699509127,0.5067885949461549,0.5336179850822893,0.5779913465686936,0.6253675024412119,0.7196473500398228,0.7939376273926172,0.8987477287916672,1.1591880823418785,1.3202582850614681
2020-06-10,0.4447034737287894,0.4524682161281406,0.46511570493106924,0.4930396817067215,0.5510730203500357,0.6034599090875044,0.6972815106071881,0.77381798648775,0.8863888980248761,1.1501944679978318,1.3088709145996185
2020-06-11,0.5423425206229677,0.550253817570542,0.5467572222929357,0.5999208847752995,0.6465044529651798,0.6935441927557107,0.7829127462882393,0.8641800061476752,0.973576537707319,1.2335980456927294,1.3897974432854625
2020-06-12,0.45590506452313084,0.470240787389288,0.4835857750001603,0.5072492834431324,0.5654260830455163,0.613174840067626,0.705059033045517,0.7791580357342396,0.9010092545362656,1.1529976439301242,1.3161365084121635
2020-06-15,0.43585486488579017,0.4391413255426414,0.4509438393530722,0.48308818646155677,0.5313284372368237,0.5855308070313309,0.6794842439563633,0.7502888870401715,0.8685584457049813,1.1234214866925825,1.2854249808865044
2020-06-16,0.4007753725336333,0.4154872091385487,0.4232852390261397,0.4424592817480127,0.49515455372844813,0.5439177810038393,0.6327786719072064,0.7126478878971095,0.8139445643897816,1.066077082569261,1.219432770989257
2020-06-17,0.4903387142967163,0.5022412155818184,0.510008849487329,0.5370807777495024,0.5794762492569058,0.6237062777191683,0.7033940562429538,0.7819272837011444,0.8776378071505362,1.1055871837630182,1.2500523783804363
2020-06-18,0.4012865402900576,0.4131860119718072,0.4283695115665103,0.4425608056179139,0.49484538480211376,0.5440992607725249,0.629760509585397,0.7033983027646769,0.7943779676194854,1.0440316561714247,1.1843889036078814
2020-06-19,0.4063074565298003,0.41837389035715167,0.43326351407252156,0.45818786191883815,0.5053246680123654,0.5597823511595436,0.6407118078746116,0.7127710481277393,0.8272007894152099,1.0747667655954436,1.2308166190932484
2020-06-22,0.39328298006856205,0.3964558034598624,0.41712806906256455,0.4423873687411767,0.502631036247596,0.5448687017250651,0.6458467484299629,0.7264084928620645,0.833637400872166,1.091486165068595,1.249138461265599
2020-06-23,0.3628127105915017,0.3703473522690805,0.3842302830154249,0.40486206357187693,0.46481561844972746,0.5085977374822487,0.6088657113069896,0.6891256599895895,0.7971388947957928,1.0757989075238694,1.2198519817861924
2020-06-24,0.3899937604181091,0.4018272575142707,0.4189145875762624,0.4426784368942139,0.5020784723544507,0.5491172030894765,0.6395053239628374,0.7322538358129576,0.8455838475919943,1.102523895408995,1.253167797513586
2020-06-25,0.3959247357297728,0.39534032129376834,0.4133924183844401,0.4441751694318359,0.4919896779752258,0.5520814057248005,0.645944017987709,0.7234089065414943,0.838007168689427,1.097769475423395,1.2492439866730158
2020-06-26,0.4004234057548973,0.4096723125258253,0.4231271182709656,0.44225883084399936,0.5067806304374056,0.5586997165643355,0.6379431934489773,0.7364027966910864,0.8469549151926287,1.1128549201370457,1.2627558838352657
2020-06-29,0.4366003736040119,0.45784772225080145,0.4592193414901679,0.48848059612077877,0.5335145891494677,0.5914754512206417,0.6798351197873181,0.770418648598372,0.8776858450858119,1.1360846586276097,1.27729328123675
2020-06-30,0.4294488300072801,0.4442114989690251,0.45917009234756934,0.48696368663534517,0.5383189672964288,0.5840968882878677,0.6730101874527865,0.7419881629829441,0.8471852000528294,1.0932830621467948,1.2354294148489036
2020-07-01,0.39174595181875316,0.408759223779982,0.4081383942930991,0.45254581285303874,0.4991505850821999,0.5530617129177023,0.640223093742466,0.7166847347688852,0.8232862409627435,1.0805811330111592,1.2211363357832772
2020-07-02,0.4489946226137808,0.4607692401097044,0.4748795936094941,0.5026938249438423,0.5501754202509638,0.6017479855763119,0.6857555457286276,0.7667175532812586,0.8643632074688209,1.097390841127654,1.2396179683601787
2020-07-03,0.46140152608448065,0.461718198218068,0.47780956810146274,0.5003565880693907,0.5607481215935777,0.6099988147220771,0.6939769801339981,0.772874234687899,0.8740504186712952,1.119117667762418,1.2495959818360634
2020-07-06,0.4958671224098605,0.5025297532254399,0.5255693570502324,0.5444054638354535,0.5972729076751756,0.6501671326182497,0.7250211203199266,0.8084633287021218,0.920443592927556,1.1468127217340682,1.2824941489972363
2020-07-07,0.48471022943449815,0.503801243558742,0.5048207147622812,0.538250439626964,0.590097375463879,0.6349332897844119,0.7305545342133113,0.8007186349886228,0.9134856105732497,1.1435122425173967,1.2814309441841827
2020-07-08,0.5203685430535532,0.5310984761223629,0.5455343044087316,0.5733628344611759,0.6273895871319173,0.6735323696653694,0.7634811711109772,0.8408518997353708,0.934889708537096,1.1721239687445928,1.2984428375558712
2020-07-09,0.464154868875978,0.4719240660326111,0.4858817758610659,0.512806100749792,0.5727779095273617,0.6080069531194621,0.6950523592900897,0.7669763382143386,0.8695555833992406,1.09892527626215,1.2259893798048407
2020-07-10,0.4397706609249442,0.449377009795062,0.46711070079742817,0.4943090366599546,0.5516785133091006,0.5964387380411238,0.6868609269786466,0.7603907258365374,0.8675843207386026,1.1024347561475891,1.2367751482444789
2020-07-13,0.44061530251780484,0.44841116940429726,0.4655063131401833,0.496824926517152,0.550278494771728,0.6022050067216609,0.6937493594362063,0.7725132373321832,0.8704984057147176,1.1278379521134907,1.253307888239809
2020-07-14,0.358644536264492,0.3688740321423565,0.37564084316623775,0.40697774997600855,0.4595967398237294,0.5166898903490755,0.6096793259327107,0.6918765476793844,0.8047039918905687,1.0551520587130259,1.1890891438311528
2020-07-15,0.41723885654043963,0.42751927375308385,0.44128566112343315,0.4775134297032438,0.5273757965736879,0.5664332044246263,0.6645414607221817,0.7516626222594452,0.8614425328356892,1.1082213002752732,1.2442000051447033
2020-07-16,0.46038299937944904,0.4685432535395927,0.48935601752480273,0.5115000612994094,0.5620353127527323,0.6100415092187229,0.7154612721732817,0.7848422453101719,0.8917351034901074,1.1292999062801752,1.2643219022950187
2020-07-17,0.5038070596439974,0.5180298524054802,0.5275477999199267,0.5517337278509125,0.6121432210364475,0.6501819689619232,0.7551467172168109,0.8312777270107252,0.9407845919664213,1.1761378070352484,1.2968240051249427
2020-07-20,0.5702396910143515,0.5834610262483619,0.5927375596491912,0.6276285797089229,0.6723531442576399,0.722203987038099,0.8070432637959195,0.8894531538629326,0.9957889358753466,1.2267078142052612,1.3449183729213094
2020-07-21,0.5970711713926837,0.606639057570471,0.6174505253057513,0.6376872464392681,0.6922236762897397,0.746354711874878,0.8328775233540389,0.9131907752117309,1.0125344626807284,1.250868140287521,1.368837722978835
2020-07-22,0.5548745293873352,0.5624758519571931,0.5741977930924458,0.6030281265400639,0.658029052841149,0.7075357977556802,0.7944861901132642,0.8728428037456927,0.9786109902938359,1.2100561834354162,1.3296130473528127
2020-07-23,0.5165643090399267,0.5236967510988332,0.5434438903032147,0.5645218450675715,0.6158894671825909,0.6646834332479872,0.7629202394660406,0.8392517917510338,0.9462984033526344,1.1849120361788583,1.308304874210329
2020-07-24,0.4638809496720612,0.47507947701236664,0.49068620290269743,0.5259178376052992,0.5685346435950677,0.6196564539333552,0.6980329166960574,0.7898180575117596,0.890518331515874,1.125676963426406,1.2541849863504475
2020-07-27,0.4619505548907117,0.4786370264926605,0.5006360101596228,0.5261311219516801,0.5680148226135461,0.6237792362293585,0.7093069214453056,0.7947552994948375,0.8975338518545858,1.1310904244128424,1.257835351867364
2020-07-28,0.38854860286502896,0.39302373280655906,0.40692310650975033,0.4443621766326435,0.4909060153026271,0.535150987118533,0.6234770827899376,0.7158814216015676,0.8139284697309387,1.0580297711956885,1.1890640735691524
2020-07-29,0.40000198487608757,0.4045706835365365,0.41866492524651666,0.4408367657597896,0.49638484051092685,0.5357674910739962,0.6287507171617432,0.7115649760522033,0.8091673909210291,1.0507689613625744,1.1749700788538655
2020-07-30,0.30105703988429533,0.3147506473407506,0.32370644490237965,0.36710566455326193,0.41161437273338036,0.4631175235615677,0.5551288700717174,0.6413949814669013,0.7489329516918453,1.0037830598552206,1.1387866491670553
2020-07-31,0.2684922892180938,0.2745923616123772,0.29670834502059784,0.3261551443209257,0.3778333877620582,0.4381208166832321,0.5256374312597042,0.6073922050696756,0.7146065907822362,0.9709339550475925,1.1092402797483352
2020-08-03,0.2609320217116732,0.27006672216137806,0.29157331808949927,0.3187577774387785,0.367750708675541,0.42293828653322424,0.5041120204275219,0.585682690930295,0.6901592972999172,0.9417024369009321,1.085023563832301
2020-08-04,0.34745840085081686,0.35186359132760986,0.35940193093049666,0.3954299428770198,0.4492229843763478,0.49746957315906226,0.5816227511607609,0.6606800199540129,0.7729713898539464,1.004948798481429,1.132531000656918
2020-08-05,0.3341841012887762,0.3417263262461559,0.35546328358505175,0.38399303419504305,0.43317259792994955,0.4850403035556634,0.5827009087573887,0.6622919678531566,0.7767176137367483,1.016123323136439,1.1537127948850883
2020-08-06,0.32293876150218037,0.34078823736013675,0.3452875577762742,0.37452253293468196,0.4301199945701341,0.4830893503789763,0.5737491218889061,0.6567999960578625,0.7666844707960152,1.0017440778820086,1.1352179006896093
2020-08-07,0.4633809169580353,0.4772051309716389,0.48707041436437415,0.5156785786231227,0.5726993799236102,0.6135327790039554,0.7050753153037167,0.7774898101757808,0.8750944317654302,1.1097801759873842,1.2346848918662963
2020-08-10,0.45176599107845833,0.4567967880635372,0.4746836590058753,0.5009695117847237,0.5494019852353709,0.5898016969337027,0.675917023167397,0.7508454646370543,0.8415687136723458,1.0704916488133973,1.1836891111851606
2020-08-11,0.40694890258835925,0.42282169424183474,0.43935950509928995,0.4616549028832468,0.5088499155794692,0.545702915862216,0.6356282831109267,0.7095658243366201,0.803914148315833,1.0236973356458319,1.1561107428644652
2020-08-12,0.3855140771059333,0.39272788725151087,0.4072274375300056,0.4342842286140889,0.4879541752594082,0.5338548417923735,0.6209394792818607,0.7004084076210596,0.8013350263911765,1.0343455013753504,1.1668797152431996
2020-08-13,0.38844140306821695,0.3953782719287475,0.40841960016993734,0.44008056907532367,0.4864551620282598,0.5298274171457598,0.6217172048152685,0.695177062357463,0.7867989520724196,1.0322493710617309,1.156687830667645
2020-08-14,0.41785973225819556,0.43393693661699095,0.44503711353228054,0.4580777389792525,0.5215040212759702,0.5646483738153414,0.6394203928711882,0.719759055312499,0.8171064643551815,1.0430761814622662,1.1734944854955962
2020-08-17,0.38659583553991267,0.4060474389301202,0.41379223250286284,0.44043473261403143,0.4774374160270024,0.520830608948762,0.6132641274513262,0.681767063867484,0.7848300157809023,1.0017747904486847,1.1291781621206738
2020-08-18,0.35595079197319673,0.35835757068954893,0.36717033324149617,0.39998066569755486,0.43988069515204903,0.4929931732350253,0.5783217896169818,0.6546055510400103,0.7546464450424645,0.9737223748056616,1.1107437430135392
2020-08-19,0.36415302484438195,0.38216690395443664,0.3933966878092582,0.41967243717050506,0.4690987329051456,0.5024971403670415,0.598849308227329,0.6750465019466979,0.7730632516827564,1.002786510752751,1.1388636782441683
2020-08-20,0.38352981527477664,0.39153603188729796,0.40229845752023125,0.4267089814178568,0.4704210909120665,0.5274414132953403,0.6079553133857649,0.6828447372365141,0.7813978967577198,1.015396961043039,1.1383476875157366
2020-08-21,0.3634865137673302,0.3697109220239089,0.38662808845788144,0.4103677973945555,0.45807551956768927,0.5028974884328923,0.5720313800338851,0.6561227935594826,0.7522709540338165,0.9731414978242575,1.1034027021865254
2020-08-24,0.4195308252204798,0.43741714471784915,0.43779833250282413,0.4693242241935153,0.5106084491636779,0.5549038769180381,0.6349593221859108,0.7069362848942186,0.8057319773879302,1.0206627749223378,1.1431081184358605
2020-08-25,0.5002043102768493,0.5079540485969444,0.5169525361801351,0.5485113614232285,0.5840311980763906,0.633141306788848,0.7166063610167208,0.783829543119437,0.8678290188547898,1.0776451064175987,1.1981447749945768
2020-08-26,0.4745860131319885,0.483049722318932,0.49793822927473674,0.5214162426667004,0.5699223820775221,0.6079207781973711,0.6913060329856914,0.7580847989602265,0.8529269201586102,1.067616899261777,1.1864089408689817
2020-08-27,0.5440046641890327,0.5581027514303526,0.5572329788377355,0.5876771285265707,0.6318954305352467,0.673328703412658,0.7486825682120349,0.8175545010132195,0.904777056406684,1.1034718996047828,1.2238780888750156
2020-08-28,0.5261187155747882,0.5441534338747339,0.5412361107163942,0.5784622389112563,0.6256530192344841,0.6632468320479021,0.7386227813251084,0.802701611583809,0.8934122156267247,1.1109661497644454,1.2234354673551513
2020-08-31,0.387466743176938,0.40115966479182447,0.41155011174641243,0.430237902082604,0.48370283018041416,0.5186353732294743,0.6146815497797312,0.6852143975244193,0.7811641894120067,1.0122656588377665,1.1315092968968383
2020-09-01,0.3378650492171396,0.3431290514947135,0.36002258459481007,0.38020583237160865,0.4366892754319318,0.4744321181279126,0.5620313986803684,0.6268931532638239,0.7290967017723413,0.9524416337932883,1.084403431768517
2020-09-02,0.38168440009428256,0.3904838371070898,0.4010616880057428,0.43399970466119053,0.4763849763082065,0.5190773618160689,0.5993011002969831,0.6753861475182755,0.761152964437145,0.9806537994102963,1.1120830513814586
2020-09-03,0.4167295395502483,0.4282637515042895,0.4332561377340367,0.4650445940996316,0.5027455864690666,0.5468179611946004,0.6267907738862762,0.6972565038147165,0.7867085400378669,0.9960769639786392,1.1103920262359657
2020-09-04,0.4410062421182591,0.45921835143190187,0.46308903615836494,0.4923917883947542,0.5393691949367975,0.5852841451687926,0.6655574168368851,0.7327161603420886,0.8234453311780765,1.0414839354163448,1.1570173158177912
2020-09-07,0.3600601829850873,0.3647731093483241,0.3737059910297,0.39924443445959135,0.4521570852988633,0.4915028925503212,0.584604290832967,0.6560574246135756,0.7567050203569569,0.9822304780525499,1.1173209652271783
2020-09-08,0.3340078409909371,0.3396830958111259,0.3508678889393538,0.3742197323158605,0.4266895700904267,0.47015863922480494,0.5667005699573645,0.629446161613928,0.7284907797090303,0.9581721558406775,1.100982432485525
2020-09-09,0.3229728888299782,0.33454940140052924,0.3512116671744239,0.3675702347181213,0.4234566350466749,0.46424633167836094,0.5601709071790402,0.6406345829703334,0.7413548146847431,0.9947943955502533,1.1418957943714783
2020-09-10,0.3186553455513723,0.3278573202967798,0.34700873172105545,0.37575951201663566,0.4184695856815686,0.4753145799844839,0.5648387222924709,0.6434795166775827,0.7423131266985553,0.9770745875258008,1.1169601548530836
2020-09-11,0.3116827003211153,0.332029169139214,0.34579749759949263,0.3661828884178327,0.4171191138255104,0.4682798667912135,0.5557906001611582,0.6447141983805682,0.740526636069754,0.9844979339402843,1.130985918326683
2020-09-14,0.2923373331291911,0.29306410171198427,0.31325330037230636,0.3370968207091965,0.3935836608128032,0.43963915471307247,0.5361575299369242,0.618496657796061,0.7228433302279235,0.9787397253074273,1.1216142987429072
2020-09-15,0.2627894983342419,0.2742419414650936,0.2825808621873313,0.3110851054259338,0.3659601448540158,0.4164920005582248,0.5112477460411904,0.5880999695492999,0.6919063143181572,0.9443729956118114,1.0931134852590447
2020-09-16,0.17945489275477988,0.1921224542950499,0.20269373867690774,0.24031883276399935,0.2928509252855239,0.3487602523087841,0.44144577895966397,0.5355874402281804,0.6415510618731259,0.9012548998370843,1.052534146595675
2020-09-17,0.21209016609889447,0.220251480806803,0.23094375216253119,0.26236718241497503,0.321462939495999,0.3744072077341331,0.46999089721427034,0.5529368962095262,0.673907227589046,0.9284441256902579,1.0744828568041274
2020-09-18,0.24214429106467636,0.24560094321597686,0.266728063361234,0.2889489699201486,0.3439423841263398,0.4040230787613721,0.4898760204651239,0.5699199379474722,0.6747336308965972,0.9296024400836885,1.0722542463759361
2020-09-21,0.3058133119484511,0.3209452014726126,0.32769236793056755,0.35115945011538524,0.405808154552437,0.4639393637211513,0.5520668918359373,0.6429372640914784,0.7405012805836176,0.9887130168894454,1.1343479846549465
2020-09-22,0.3279185232020199,0.32969350305269235,0.3421721021481564,0.3691953830503139,0.43528977133107555,0.47967544246933336,0.5823940077951845,0.6561611071301877,0.7708364373626386,1.0217781099470922,1.1586193114244132
2020-09-23,0.33325293289739777,0.33570172442436697,0.35137499864823507,0.381379251724708,0.4359248218647471,0.4842309198299016,0.5745397958986714,0.6667621471186571,0.7724663244557413,1.022312782160466,1.1708312530838532
2020-09-24,0.391778367084735,0.41368151964863653,0.41774924691078624,0.4398342319091016,0.4949412778238225,0.5419482676719118,0.6389112817519559,0.7113190047107781,0.8022813110568426,1.0502292742087806,1.1817838300528223
2020-09-25,0.35708186015098664,0.37278853447567106,0.3834366128712072,0.41717384378026745,0.4610125234001016,0.500967836555192,0.5984515748594301,0.6722119209087115,0.7763050040931193,1.012640148114586,1.1448735157815961
2020-09-28,0.38258613636584354,0.3782108451770732,0.40208571045262353,0.4189230276138366,0.47807166846648125,0.5244264377563808,0.6103860000366875,0.683817294914727,0.7964620736996144,1.0190837477512635,1.155102167562593
2020-09-29,0.3501954821572097,0.36790464257112987,0.3803712265759722,0.4069492686771248,0.4639448141473049,0.5119365734211627,0.5952723105244477,0.6726627317117059,0.7677839205609942,1.0219505316567772,1.1600039878024742
2020-09-30,0.2937159933747949,0.2964793857237203,0.3204256781930437,0.3450792471341029,0.3995727166638152,0.44451712612016064,0.536104582038782,0.620842934990277,0.7213256376768626,0.9748709961192007,1.1265686130833212
2020-10-01,0.3426024345262515,0.35399060566764634,0.36927192172921924,0.3978514871927518,0.4548792477364772,0.4985900609860505,0.5928925452172389,0.6696662623570384,0.7709752855220934,1.040244079800549,1.1816525864147123
2020-10-02,0.28622211055395974,0.28507161876250386,0.3110812461172373,0.3348663325431254,0.39757872761117397,0.44825771673440373,0.534060116192928,0.6171758717100868,0.7241141682814256,0.9764254294355502,1.1357100960128752
2020-10-05,0.3342675780128159,0.3442852676471038,0.361470259467949,0.3820857079313922,0.4415765783250741,0.4815861127635523,0.5828344902777348,0.6608462818588183,0.7681446704130808,1.0137763853080721,1.1598231450529295
2020-10-06,0.3131760372893867,0.31948769397173454,0.3354896344616508,0.3615024653805589,0.4173406134085557,0.4593102340444607,0.5665567217065545,0.6439309377952511,0.7463539720516639,0.9935489707178307,1.1379396400376591
2020-10-07,0.4125681879502409,0.4238899652872336,0.43452480389089443,0.461401095054155,0.5073912529399262,0.5538680056322476,0.6448734404939368,0.7148902789954543,0.8256300383475093,1.0495799341311478,1.1870351746886043
2020-10-08,0.33690678846407063,0.34387383929531357,0.3661996865234123,0.3979931962742201,0.44737760078426514,0.4822919618180404,0.5728662505820152,0.6599907852709611,0.7605044518535691,1.0022903923355473,1.1392839310247418
2020-10-09,0.4063781289759298,0.4064096808397778,0.4157914731680127,0.4452679198808041,0.4933274542232394,0.5424213148451896,0.6243296546902775,0.7097841175821518,0.8095764941860981,1.0348478168321387,1.175277776946544
2020-10-12,0.4046652639578941,0.40416757245529406,0.41708435333377186,0.44841212344995024,0.4898314317931185,0.535694468401099,0.6199303090460141,0.6969908356511002,0.7975461443475689,1.0163518948629613,1.1639794720979257
2020-10-13,0.3926232442279501,0.4122968909672349,0.42188134779140857,0.4478694408783471,0.4891131283929296,0.5426713172176352,0.6268319972082834,0.705026615222228,0.8098666839997235,1.042181118047112,1.1909407401746348
2020-10-14,0.46608589166093645,0.47437904144131776,0.49025818802048493,0.5125616812265351,0.5594544040847629,0.6099947841605285,0.6877005969030576,0.7690158175425851,0.8725106530228528,1.1102381642978087,1.2588608697971484
2020-10-15,0.44071500889315374,0.45481881146958586,0.46798041392575657,0.48153656072232603,0.5454253049595105,0.5912855177973254,0.692909892963864,0.7651564654461093,0.8673214073315074,1.124388099312083,1.2677828118909509
2020-10-16,0.43814904100287333,0.4450252204862813,0.4611186664163934,0.48326334064636034,0.5268398301579407,0.5817690848902771,0.6640569664768622,0.7391986098272009,0.8355091331241369,1.0734957058097656,1.1983829775522152
2020-10-19,0.4153034209643865,0.43243812787183694,0.43987225320895335,0.4689248474517797,0.515248211127649,0.5664816894171588,0.6435080495305964,0.7241383393954148,0.8250590915839435,1.0591846876030546,1.199627306037378
2020-10-20,0.38496579820746374,0.3907550103162836,0.4065483990617782,0.43570291555532903,0.48797873992903273,0.537191874156367,0.6322200093300665,0.7101741614100878,0.8127738503359558,1.0536571168958884,1.188641487032142
2020-10-21,0.3600071674846709,0.3596160965803832,0.37926572817526877,0.41241644549391504,0.46700202841731075,0.5072046071068916,0.5876477902616393,0.6705223353496069,0.7783818548763096,1.0093728699874758,1.1492984680118665
2020-10-22,0.37256417309204054,0.3807238093574107,0.3942765225562587,0.42643582063388724,0.4682344796769973,0.516766514581382,0.6000545923136773,0.6828467678250841,0.7811844378988225,1.0128878165281845,1.1525849492244902
2020-10-23,0.4589890295300401,0.4785054245239364,0.48351147784325094,0.5052717185645507,0.5531336594915202,0.6036065667574355,0.6793096593317601,0.7542769884114512,0.8480571882407679,1.070795701594856,1.2012036309925977
2020-10-26,0.42821227990631494,0.44124509545982105,0.4553035872387671,0.47785145885772723,0.524332026174329,0.5668633082699042,0.6630523399004753,0.729472967141768,0.8243775183619371,1.0599020850327048,1.1869246675768144
2020-10-27,0.5043792285704981,0.5156487596831049,0.5303913312144605,0.5492644009104105,0.6052542537390538,0.6377589689340416,0.7244441878347735,0.7954643345169428,0.8944693387343245,1.1135170294335965,1.2403289538876132
2020-10-28,0.49143293287781253,0.5003644487613528,0.5169428271703104,0.5392748761972213,0.5855449607265949,0.6282169872699419,0.698577793156969,0.7861926362416207,0.8644566433615645,1.086451098314398,1.211478234115141
2020-10-29,0.5511734976524654,0.5627750833306444,0.5708867021416577,0.5885513591696302,0.6343376945104324,0.6750205748878251,0.7593875141372313,0.8282598826683089,0.9101044812987696,1.1136317358950807,1.2408118436877686
2020-10-30,0.5415929268148227,0.5579255937777687,0.5606651356076786,0.5897365321063843,0.6338743159645197,0.6696371801103949,0.745221644900202,0.8154591846745858,0.9057142323235399,1.1060568456898279,1.2259522176691455
2020-11-02,0.6281851080135366,0.6396769141262836,0.6460208395440761,0.6625762209633665,0.7033019000602768,0.7461123882018191,0.809669988650759,0.8848804375075867,0.9621445728615641,1.1422196656182255,1.263414708092819
2020-11-03,0.5955638969577945,0.5951978027970228,0.6145876626326099,0.633573655544015,0.6760540885914428,0.7164502411514198,0.7857405839752741,0.8556656210595817,0.9373375864795837,1.1398006539160332,1.2493204439727628
2020-11-04,0.5618353620985922,0.5623380794847249,0.5784824841585633,0.6032818801037815,0.6530015144150177,0.6867907642528895,0.7684980813902667,0.8365576625249508,0.9258148061693895,1.1361920907831478,1.2605345461554962
2020-11-05,0.5741212475044085,0.5768822703963485,0.5935397700748296,0.6096283641909199,0.6619538843626324,0.6974124126196937,0.7777209049549779,0.8374406670911102,0.9272229449305069,1.1327036092096823,1.2534665490774866
2020-11-06,0.5754054238381253,0.5842598621096934,0.6036195285682598,0.6259420540981568,0.667724703098589,0.706676989733313,0.7941033365902778,0.856229417684744,0.9455631499141209,1.1706334224793749,1.2818305411425162
2020-11-09,0.5603029042777677,0.5561651539665828,0.5664628117306082,0.5963194778267168,0.6406079713230942,0.6745579816043,0.7486977478333424,0.8173293524943727,0.9047718763813428,1.103061915497072,1.2224677534232615
2020-11-10,0.5762488653096138,0.5769498510861244,0.5883319308320248,0.6175282704347311,0.6631060632334769,0.6920054682183973,0.768590078471582,0.8289188090887644,0.9196269198038172,1.1223059317003725,1.2308543234704117
2020-11-11,0.5866449867575529,0.5936793599377803,0.6132218802791248,0.6248706359356008,0.6740365463348625,0.7017797295535734,0.7772370269461422,0.8383088279369841,0.9319470340871918,1.1285291619034514,1.2451848138763013
2020-11-12,0.6767950273850699,0.6872078387184349,0.6992305505274468,0.7208911586099164,0.7572864444783698,0.7909197495289043,0.8491126031641522,0.9151233086571704,0.9892331883643664,1.1633698899517158,1.2764926145464064
2020-11-13,0.7331229326923809,0.7358673854473194,0.7466458593670577,0.7709232871945328,0.8061190220674309,0.834385981713917,0.9031579372238427,0.95737230935054,1.035510057628357,1.2064573117537445,1.3168115179429154
2020-11-16,0.68523587505145,0.6905745112352932,0.6939788942863582,0.7180970343182875,0.7527621196037222,0.7959310521714283,0.8597338059168554,0.9121170100547513,1.000242210680355,1.1696896745080927,1.279499999665635
2020-11-17,0.7322561087185783,0.7412708434663131,0.7518971171053045,0.776041659553395,0.8055412239659255,0.8292018573563341,0.8961054137448494,0.9457480675711242,1.0223514457842107,1.1754307681699907,1.2895313604368206
2020-11-18,0.6812076187286081,0.6854677343158546,0.6985515890073692,0.7156573301146308,0.748128409439553,0.7846882699975409,0.8525187222626365,0.9127976893886524,0.988211149082368,1.1581013171600074,1.2693274404224044
2020-11-19,0.6847402879884285,0.6929909702623187,0.696878803104322,0.7234665362283971,0.7513767102986099,0.7923171297918802,0.8419707023603565,0.8950191468823774,0.9656804733558745,1.14027481420816,1.2506500214060976
2020-11-20,0.7054644205238542,0.7083760029570636,0.7208918864631442,0.7404877486257384,0.7613211325258085,0.8024604024575875,0.8624080156946694,0.9213454974404658,0.9875653115152905,1.1677561920627906,1.2737662644118433
2020-11-23,0.6890447961878201,0.7060005621027069,0.7140027121422129,0.7368293189755372,0.772875447183121,0.8051950677426349,0.8707163777763286,0.9277739427313774,1.00693139796708,1.1891979619743234,1.2980793205833019
2020-11-24,0.659353878642974,0.6679188359084175,0.6788360561994239,0.6917028220451069,0.735356679035159,0.7705672401711046,0.849378398295645,0.9091467590631837,0.9839559697984078,1.1882620317241859,1.3196149084370554
2020-11-25,0.6429739297272354,0.6403066680712501,0.6525546478131684,0.6795140149751833,0.7228165316733454,0.7512165971759451,0.8336655198528732,0.8873258391433044,0.9731766734068319,1.1715674819357773,1.3033007701488586
2020-11-26,0.5926327353685593,0.6065488163841065,0.6185617017631179,0.6321521830822471,0.6780357602253014,0.7218932604789363,0.7913500826324628,0.8537164901125242,0.9422521654287602,1.143845642632495,1.2697092216071866
2020-11-27,0.5180489136795321,0.5221465025123606,0.5409540800940381,0.5566767155523757,0.6083001597929794,0.6459383917769215,0.7218984107958379,0.7912494908953179,0.8867003733348241,1.0948190481807465,1.225964464393994
2020-11-30,0.5092846491876902,0.5205058139317682,0.5303126093599076,0.5615111446047842,0.5939130218769634,0.6401734452237768,0.7170468023406552,0.7853917667477264,0.8733579684540937,1.0844022995088056,1.2178701257631743
2020-12-01,0.43537246526730117,0.4468878961872477,0.4536705155232658,0.477785860165213,0.5290426783579504,0.5618599441240396,0.6492799145650904,0.7217497742014296,0.8133752222957988,1.0382488217653298,1.1745953087196541
2020-12-02,0.3870277628097853,0.400123964835858,0.4085187165157498,0.42981421640557643,0.48975331008895,0.5276963872928551,0.6048793769311082,0.6844335970270113,0.7812632753845832,1.0101678398030565,1.1500085328151022
2020-12-03,0.4003383992795802,0.41267515631338836,0.42194307492974287,0.4481431817333748,0.4996967407005476,0.5458058716835208,0.6233321702265776,0.7055572194330935,0.7888825478199422,1.0203589356953415,1.1545671877869317
2020-12-04,0.524109479808475,0.525681707522,0.5377392359290502,0.5585524524415298,0.613383360995099,0.6587289186729071,0.7295080071190628,0.8172155845601853,0.900393236449422,1.1213476513463687,1.2528789070733621
2020-12-07,0.4951250667234804,0.5035172738589065,0.5109784714572212,0.5419486812697738,0.583222417499358,0.6290374766637254,0.7065342342461945,0.7766938886467525,0.8737025427650753,1.1004856127743499,1.2238310509280683
2020-12-08,0.5223863412829045,0.5361069064525218,0.5526100986545864,0.5683368341655463,0.6168551754504594,0.6596196918417538,0.7536949694230491,0.8119944995483451,0.9177742152429549,1.1426926984770773,1.2778834248706132
2020-12-09,0.4866771138938687,0.4913930759907838,0.5112603876423044,0.5362278253528151,0.5881945626447049,0.6346049341865792,0.7251794138716653,0.8032880600929668,0.9042175213429228,1.1398926988166191,1.2843112412264948
2020-12-10,0.4426341330110175,0.4466259103860332,0.46735949979164165,0.4960887976263974,0.5364570158606069,0.5940868166494754,0.6775990002178266,0.7622426781003064,0.8626524949915968,1.113128044457374,1.2600762814488242
2020-12-11,0.6290165989804176,0.6270012911978067,0.649873354338873,0.6720261551840064,0.7214093128959275,0.7621492120064239,0.8537528604613229,0.9336116552316349,1.0241213936286915,1.2539298569879758,1.3737144197527518
2020-12-14,0.636036748430514,0.6523877328071684,0.6605727599421201,0.6931233648810082,0.7335475857623075,0.7829047415575998,0.8695969540251319,0.95000106500323,1.0440849319756145,1.274003819183587,1.403374877935305
2020-12-15,0.7068512434693296,0.7111519619994314,0.7241405147949128,0.7452569452766207,0.7944777989528033,0.8459378569663231,0.9245099405210225,0.9979534899349352,1.0853468460879148,1.308802479329297,1.416530573327878
2020-12-16,0.7388981967553492,0.7543613689275472,0.7664937633765493,0.7974050536629906,0.8379704252014397,0.8838477824428419,0.9665368452910297,1.0394537002150164,1.129756762714378,1.342219744484436,1.449659175249458
2020-12-17,0.7362676245487794,0.7477701673874109,0.7540911103796706,0.7878765966647557,0.8339518586562789,0.8707276846908295,0.9617468543215493,1.0370540461828333,1.1295662586933426,1.3406656723131527,1.451307058708008
2020-12-18,0.7290231807227564,0.7325606889126133,0.7427319862127872,0.7647521501973403,0.8141328870847547,0.8626429075855815,0.9525178491294917,1.01057551395157,1.1140324658213459,1.3354291172909656,1.4432093759816307
2020-12-21,0.7989582111230459,0.8033757638293331,0.8279156164213656,0.8398821078135262,0.8901451362320678,0.933539376041374,1.0175874677167054,1.0799027734608049,1.1725166687509279,1.372181996052285,1.4812078911615776
2020-12-22,0.767691087575301,0.782341561042974,0.794702887552201,0.8147597596601245,0.8549796029902689,0.9101497231801756,0.9890870283715054,1.0597429798719114,1.149545521626703,1.3608146352078667,1.471742654776634
2020-12-23,0.8107441349630038,0.8257694642615319,0.8458627005379359,0.862930299310409,0.9088082828774016,0.951032622568779,1.0352544290627799,1.1027949843049354,1.1953243427414264,1.400168495147536,1.5072184076314241
2020-12-24,0.757007316956299,0.7631117546545985,0.7735443599131969,0.8052564913840395,0.8420827358849476,0.8919833125615195,0.9701160439495521,1.0423007008608256,1.1391179068047987,1.350719334643467,1.469475736695092
2020-12-25,0.791813565854684,0.7999337199078855,0.82234015595971,0.8383936995498815,0.8881061546162992,0.9387651398942478,1.0124285694953634,1.0908873206992988,1.1831378225266536,1.3973404316604714,1.5099865819997647
2020-12-28,0.7921873587289648,0.8055537667090042,0.8142023264627107,0.8419768229802201,0.8904122456023564,0.9304572944789727,1.0172326145320467,1.0870360329692548,1.1817609113955505,1.3851476306641552,1.498981512448672
2020-12-29,0.8279128742705761,0.8297643592702468,0.8534239547740059,0.8746770404442431,0.9181471423993846,0.9657344214338602,1.0501976076195723,1.1243296215440006,1.2092375980294297,1.4240672671777042,1.5398142702945141
2020-12-30,0.727921060739533,0.7303738361936006,0.7476680198199223,0.7711878078194668,0.820100379083263,0.867804490101686,0.9569385026984399,1.0377691589255695,1.1345402982838932,1.3602407942513302,1.4902963169090266
2020-12-31,0.6733838225716529,0.6815856100864549,0.6951050171782334,0.7211213171615086,0.7659881000216551,0.8306298591481275,0.9159293718884571,0.9919088318272278,1.097626817214279,1.3420055425577069,1.4701229795162052
2021-01-01,0.6972448010661724,0.7052607344662036,0.7266315345613755,0.7483137090680385,0.7999698139422458,0.8499251062765578,0.9452898680495367,1.0192940034179028,1.1161143201164607,1.3596379730266253,1.4813724746500425
2021-01-04,0.6647080517612604,0.6693065812555018,0.6862128148027546,0.7209061382232418,0.7685549306127475,0.8214161629681008,0.9237712384684088,1.0043835882729584,1.1159088992417017,1.3548514902414437,1.4886062475702826
2021-01-05,0.652200362020063,0.6681117499188246,0.6789752090897363,0.7114736167163995,0.7653650569699869,0.81487747759555,0.9080929397527349,1.0011451020154616,1.1083713750500446,1.3605903021160406,1.4954423574882556
2021-01-06,0.6162523756979392,0.6250448556753779,0.6403041514427279,0.6698755366295278,0.7184423702116907,0.7736211815981484,0.8670230965940631,0.9499269210256499,1.0566275248121477,1.2966299218157429,1.4265445382577526
2021-01-07,0.5138119862449976,0.5218976075490331,0.5350489675480771,0.556967661628465,0.6267421336751984,0.6831956105889199,0.7779229842968297,0.8739874484156599,0.9856718741915889,1.2326400623171245,1.375214515376561
2021-01-08,0.5607115357428402,0.5668731975206743,0.5822305884849502,0.6110975257077386,0.6639261825057163,0.7105431027718642,0.8141768894246278,0.8909607095320876,0.9983565844672972,1.236133271280513,1.3775490893075182
2021-01-11,0.4675049477560026,0.4845642447967558,0.4825172201380621,0.5128263194085902,0.5835663985526764,0.6382982629298208,0.7336831286641036,0.8184120634896342,0.9200405525706097,1.1810987556647876,1.3161603636692523
2021-01-12,0.44123438998816195,0.45437856430329043,0.46951307738168646,0.49833084378447956,0.5558680733370412,0.6098163181315347,0.7137657366699559,0.8063750460020332,0.9129466331370683,1.1735339046991904,1.3056610318025457
2021-01-13,0.500292773052843,0.5170074050020198,0.5282620339753524,0.564689287518863,0.6100817384135093,0.674429601361307,0.7685905050345286,0.8594807113752095,0.9765458975677781,1.2362602021162883,1.373715131620049
2021-01-14,0.4423930800363584,0.451916109614792,0.46400852533806924,0.4935025333887991,0.551595394290345,0.6121861213120797,0.7115188082284324,0.8055561979969363,0.9183900620649287,1.1845986847286252,1.3257408603111525
2021-01-15,0.4109973077404853,0.4227005561659901,0.43450161862359826,0.46769539982586084,0.5280454655306707,0.5835292393060908,0.6896002304690019,0.7715230616820837,0.8933407365153271,1.1614184910651997,1.3022430242612049
2021-01-18,0.4208887413899323,0.42628071356534736,0.45070048913321664,0.4800849058047842,0.5377313795572068,0.5963792528530107,0.6961068134998725,0.7887951444659076,0.9078532655691504,1.1744573081650105,1.3177109355159236
2021-01-19,0.39461520428048863,0.40394446372545506,0.4248682046542171,0.457283380082278,0.49828289556657157,0.5686964442754512,0.6582107980948085,0.7496656937577904,0.86350423033175,1.131224515404528,1.275500475127496
2021-01-20,0.46802203885902266,0.47549531701359404,0.49403069715338455,0.5204335048334289,0.579442810259062,0.6249138367031933,0.7203149228584149,0.8052722278701081,0.9073584868097938,1.1541793312868225,1.298483517595157
2021-01-21,0.38591849659061334,0.38463723272061495,0.40392557427706866,0.4422542195649337,0.49297879382040366,0.5448399660777291,0.6343815731942818,0.7216270994223181,0.836763018813674,1.0885271211206478,1.2327405262638342
2021-01-22,0.3250856421047771,0.33109466033184115,0.347021590496105,0.38080331230949743,0.4363194517727828,0.48454274025084987,0.5890731636670912,0.6635867468976709,0.775834090407829,1.0424564739713391,1.193351061406369
2021-01-25,0.30648128159814997,0.31325087145797387,0.3384109866613476,0.3653526337665034,0.4167601032251077,0.4717410967196706,0.5672533603917016,0.6543465753976468,0.7619434471947412,1.0241976465359186,1.1692450756601716
2021-01-26,0.30238611712818014,0.31167315540364265,0.3232670874176078,0.3544849639219995,0.4096977509808341,0.45557946423180523,0.5528184909673558,0.6363164556984512,0.7339237707960895,1.003839169091545,1.1500429101791103
2021-01-27,0.36711378825300955,0.3795878482018176,0.3908566447284851,0.42187873343159393,0.4693783267565427,0.5276174780641261,0.6139763452553633,0.7018072391096704,0.7992879626184098,1.0489954760955622,1.2005271465451433
2021-01-28,0.3660680039429118,0.379427988639927,0.3898324503125863,0.41043125031207106,0.47186264060920563,0.5182897059200877,0.6206184233899742,0.6919944332245798,0.8039041123746905,1.0475880317841577,1.185520637114799
2021-01-29,0.37191172857276794,0.37977458463141606,0.3940033208701153,0.42172126388326237,0.4724200635677986,0.5263210667717741,0.623223245587569,0.7067374363962041,0.8179620455661252,1.0518713906281099,1.198496174664836
2021-02-01,0.30879653794464196,0.3111661689481569,0.3337077593493767,0.3598207282888809,0.4231788749834989,0.4695202984803556,0.5672164407064193,0.6588463027121393,0.7624702116238906,1.0269987302361279,1.1641076146594656
2021-02-02,0.3383275278960102,0.34322341500377057,0.36107717378789767,0.39870124228917425,0.4462182014823134,0.5044347258657612,0.6001117603326427,0.6878648012343921,0.801083058713918,1.0530858691219511,1.1946413038200747
2021-02-03,0.30226325681941696,0.3084525929825377,0.32376077740923404,0.3617879138591578,0.4269646319922744,0.48091132926915003,0.5799833600522387,0.6657862615589705,0.7860722373634973,1.0551237123839268,1.1986943888964086
2021-02-04,0.33233287867897476,0.34217047249114996,0.360903166648447,0.3901553730660599,0.45397705396719396,0.5085625605870591,0.6082385967277272,0.7026146551797706,0.8235100294686087,1.0803297625591892,1.2316542835814202
2021-02-05,0.3191687052106842,0.3235752946519812,0.35026870434182283,0.37423456958740225,0.4317483772724123,0.4952544884290724,0.5959768793695759,0.6871923464421315,0.7938926887893694,1.0688932911603457,1.2079618253799906
2021-02-08,0.37295461829642623,0.3769252811981162,0.4010621551052152,0.41876004766720193,0.48129145456585054,0.5314550681349549,0.6262281134784382,0.7252784963273892,0.834888785747157,1.0830420578153857,1.2299182661025572
2021-02-09,0.34684769441068813,0.3546277280692736,0.3816736560417792,0.39727034227197194,0.4664212467461224,0.5192235255633543,0.618534719186369,0.7063921370944912,0.8202367429543307,1.0869980265913333,1.2267811687813912
2021-02-10,0.35595406497400434,0.36868234502983066,0.38196814434491455,0.41578194393518725,0.47592813667897665,0.5215497613948104,0.6260790915857047,0.7061637808678051,0.8252320964626835,1.0822847335107513,1.2240640015997883
2021-02-11,0.39669096129916637,0.399997047597654,0.40876030364126825,0.44745585974638863,0.5022900718554103,0.5553188409761539,0.6510652431189096,0.7330256807974173,0.8446866606430541,1.0932560459075722,1.2283968973796013
2021-02-12,0.4189185545722459,0.4270114436006796,0.4325119294519483,0.4728946380618194,0.5230946598758517,0.5788637177016263,0.6713064021040911,0.7563635537095127,0.8651467622604302,1.1076766832932952,1.2435751650958433
2021-02-15,0.4133044935465738,0.42589969812084294,0.4333623141805862,0.4693221685015592,0.5183405873540543,0.5682416964555881,0.6639678613262393,0.744715671074815,0.8495964450283469,1.0806008272673804,1.2104339382584508
2021-02-16,0.4303718226605483,0.4400594582702143,0.45826922347562943,0.4843057599415154,0.5475026749530588,0.5950423943624685,0.6779574105035979,0.7615888172624671,0.8655474726900892,1.1029950642873123,1.2213600002503886
2021-02-17,0.3901820701462269,0.3986831243620248,0.41634080179983685,0.4330316972359563,0.49690368256059136,0.5385110004691641,0.6315796321374908,0.7087275701037107,0.814285260548975,1.0484336828298086,1.1738055071160252
2021-02-18,0.3605125101525369,0.3735370540519468,0.39093299197036385,0.4142937760243598,0.47001811604667454,0.5174771304058786,0.606763749002187,0.6873893270548125,0.7831517366408737,1.0106833949463907,1.1454047845731794
2021-02-19,0.4443943607580579,0.45650715792979263,0.4719474181476139,0.4954429609755327,0.5492965529905153,0.5893918807662916,0.6789296896717608,0.7524931637913359,0.8486464366647671,1.0655491724125323,1.1829334314822615
2021-02-22,0.480210622572723,0.4940607533441357,0.5001725723096391,0.5261837042690115,0.5816629830252912,0.6256764137392553,0.7070827989439616,0.7862493838887801,0.8814943510985517,1.098258954014299,1.2069528602563566
2021-02-23,0.5139403399969654,0.5286929797193565,0.5345021088300254,0.5637554134682078,0.617826232984932,0.6545574992418383,0.7482221303963045,0.8107474571177242,0.9089643457442087,1.1306804440935874,1.240832523225549
2021-02-24,0.5150998821108255,0.5211415219411729,0.5391807627671414,0.5615730204230858,0.6115174065323212,0.6569968957313267,0.7442513950138112,0.8084224691107242,0.911742898248804,1.1226775079326234,1.2402046881473263
2021-02-25,0.49099393329805063,0.5051337299130898,0.5221283202360659,0.5383191859841637,0.5904491120401569,0.6426576120373534,0.7316566359413028,0.7983682381994515,0.8963928157202962,1.1131372413380767,1.2327459790286546
2021-02-26,0.5398995374410067,0.5466656094577903,0.5611321097751141,0.5851732718715138,0.6393604514300416,0.6951988687824466,0.782686852304762,0.8523706569307676,0.9530520645194122,1.1700647005822922,1.2777899182634462
2021-03-01,0.4658310858227391,0.4700414748910713,0.48151914824016356,0.5094688874022186,0.5647914901547078,0.6191375441203375,0.7152314589226819,0.7938959762001553,0.892315731381769,1.125551349967992,1.2375417021942292
2021-03-02,0.4694230917893121,0.4897581742365704,0.5051243814446563,0.5329321644054769,0.5839632150021465,0.6474487214243492,0.7408577321112693,0.8108466819489863,0.9300887421728702,1.156114004847228,1.2815095809627617
2021-03-03,0.4715148158077516,0.4786141884715463,0.493827325147339,0.5180673746231562,0.5722435795634259,0.6270189194640511,0.7194933957278812,0.8063372731085316,0.9061476599843056,1.1328586830395047,1.2440568874035363
2021-03-04,0.5985328527431841,0.6183804380093971,0.6204925924525388,0.6560087822941767,0.7125202699283792,0.7488117299272323,0.8401697535437083,0.9135893707994849,1.0057302068011265,1.2183842548264638,1.3267792914128609
2021-03-05,0.6234928782552925,0.6229415143722047,0.6392391844212946,0.6747746034423746,0.7183817596986927,0.7703259081119385,0.8490031283961986,0.9271461771242118,1.015158717659497,1.2176636723294758,1.3191749015121463
2021-03-08,0.6215712221362572,0.6298584790335485,0.6456870590106428,0.6702199796580551,0.7157733070504908,0.7599661689793885,0.8330746193037365,0.9043396636781343,0.999640417412088,1.2015424566467905,1.2968681352881912
2021-03-09,0.5941787336656225,0.5989562873366127,0.6142738017368331,0.6336557273858408,0.6819706606588286,0.7283829396617956,0.8123242568054927,0.8836357246771759,0.9710234509264123,1.1708160861242363,1.277240724593518
2021-03-10,0.5873948990175355,0.5995426016112946,0.6167924020842381,0.6424517526096132,0.678638221360651,0.734428589672429,0.8182140961962401,0.8920404741617433,0.9841135048166002,1.2021985401965942,1.3123009093501659
2021-03-11,0.5744860611349795,0.5724119423766354,0.59456766905308,0.6255878051948702,0.6669704485416321,0.7168956272188483,0.8073592893607185,0.8848150877850505,0.9750199955043705,1.1996856200201504,1.308195704342485
2021-03-12,0.5990949401436597,0.614801769697163,0.6253284520551936,0.6544087395351058,0.711664168079096,0.7463185863654647,0.841613735365518,0.9183741546239242,1.0212097410599434,1.2305295531189466,1.3535386507941543
2021-03-15,0.5748262070875584,0.5790731218687453,0.5951696776826224,0.6270988814718852,0.6738771878105559,0.7239012400019079,0.8037381904966739,0.8849501060849816,0.9842758444838725,1.1906877010294565,1.312811454198951
2021-03-16,0.6712175969835891,0.6727844949901362,0.6891574530540697,0.7124252553174576,0.766023983821982,0.8138963823143439,0.8953340989693398,0.9700028070035339,1.0574092491993266,1.2637755382579863,1.3615605629532956
2021-03-17,0.5759329512964609,0.5765769048351054,0.593205729315765,0.6155081721167779,0.6770937811853041,0.7294413366434748,0.8038588360834008,0.8828643927995151,0.9857922759114769,1.1920267506038806,1.3006197511436288
2021-03-18,0.6220395208399433,0.6199925945652444,0.6316877290382121,0.6586207251881537,0.7094502743490889,0.7605020870207749,0.8499336372326342,0.9198880844980176,1.0023393503366047,1.216697547667578,1.3278561875814925
2021-03-19,0.6205702268115787,0.6360865379424641,0.647965508563918,0.6782558971995014,0.7267640180146793,0.7669471881866908,0.851800309858706,0.9195371166917884,1.0270640540259783,1.2334475340605946,1.333649340292465
2021-03-22,0.55328573798032,0.5582404634219412,0.5748722742507758,0.5912013124529415,0.6435706437272116,0.6953241259000728,0.7762988732815186,0.8513259097570517,0.9412620093854875,1.1438197780274237,1.2493096924863207
2021-03-23,0.6754120885811208,0.6867211738120789,0.6990150625293652,0.7207713315609932,0.7724096445065061,0.81324161394011,0.8900451761020772,0.9638218117398718,1.0430464234396757,1.2268184430856974,1.3198524623176329
2021-03-24,0.707667398673848,0.7177106886682294,0.7294188805646112,0.7474977241642343,0.7947958232926022,0.8422838726490669,0.9153376617037021,0.9754489011264047,1.0644959765068613,1.2574379904072495,1.336711501828042
2021-03-25,0.738725874379995,0.7485328883861426,0.7582093435274657,0.7834746149036089,0.8261767432296849,0.877808320077879,0.952973059518476,1.0284562806089463,1.1229213665307871,1.2990990080724565,1.3933421972731463
2021-03-26,0.7203074840904088,0.7280199110003542,0.7493705748639325,0.765115501994185,0.8099375930239121,0.8552830111628096,0.9369393085004301,1.0048729944444887,1.0825409293160801,1.2640848662214907,1.347231339766201
2021-03-29,0.7078370003280182,0.7129604227704921,0.7200306466225068,0.7483907670324985,0.7875129755474215,0.835326588541316,0.9181612049497826,0.9858633328537376,1.0787031885394724,1.2585836949008744,1.349753610605185
2021-03-30,0.729902900316743,0.7382107011477628,0.7489370588590651,0.7753098690183439,0.8289283430619786,0.870076139863633,0.9442395841512223,1.016168600335415,1.1038324359696967,1.2865335982958552,1.3726866392676964
2021-03-31,0.6894447451313612,0.7014139827267425,0.708722635319669,0.734124162633127,0.7854555520854322,0.8221221498177962,0.9026201077977609,0.9715039842591112,1.0608121238736778,1.2376700344136544,1.3278247487322459
2021-04-01,0.6458287001206278,0.6501286581471745,0.666721646932471,0.69335219464237,0.7292171771815453,0.7839190266031966,0.8567013214271465,0.9237769235946274,1.0095572904397054,1.1902911392113094,1.2873062695467774
2021-04-02,0.7404931856144988,0.7496120503553685,0.7555654696840141,0.7846498229636887,0.8252110558336471,0.8666278733204009,0.9325424073811109,1.001639739349922,1.0782285651317052,1.2660848045711266,1.3540878251869757
2021-04-05,0.7682833080588956,0.7693894465621176,0.785192540209643,0.8102700716580201,0.8497070319731123,0.8962988602769084,0.9768942630973171,1.0364383725211985,1.123602521720289,1.2993326921119246,1.3842913947591933
2021-04-06,0.6388204987653262,0.6481816958330513,0.6618563385321654,0.6838311894046547,0.7309480012136093,0.784004921501304,0.8735914784188796,0.9363919114418747,1.0352432125821647,1.2357271129047915,1.3230379007448756
2021-04-07,0.6212799579007545,0.621243900129904,0.6344931659987583,0.6613313325504265,0.7245557664704978,0.7721512919292355,0.8549897869695827,0.9290614356363582,1.0311707476362753,1.2330560242305941,1.33199392849555
2021-04-08,0.5326662997269399,0.549292962725241,0.5599585506048042,0.5876648171769913,0.6411208910869096,0.692713254950771,0.7761439335251502,0.8600218480688134,0.9500917771234154,1.161470781342187,1.263233197182535
2021-04-09,0.526179946461658,0.534568041219966,0.5504267427917235,0.5860801693619111,0.6317400661719196,0.6801898317560708,0.7718591727127333,0.8497434782011285,0.9496912083689842,1.172091961780035,1.2762209087185334
2021-04-12,0.5140919845410198,0.5240421504174391,0.5313587970015354,0.5680805351849136,0.6153797668966333,0.6628213278977633,0.7555660180793508,0.82408106695923,0.931752688169213,1.1339043322100997,1.2460623509435558
2021-04-13,0.46600833496143157,0.4796925908258975,0.48663319672268923,0.521430722329996,0.5660030360170083,0.6185945841624877,0.7199204687052538,0.7918450538454015,0.9012840686925652,1.1159381867490532,1.224391867648413
2021-04-14,0.48731042231690536,0.4998897881024454,0.5080760469911322,0.5428898226689859,0.5877778651418137,0.6454798306419844,0.732202888475092,0.8116086044400257,0.9162963072131791,1.142076678829083,1.2491932857068222
2021-04-15,0.4380387690840669,0.4449678511917697,0.4652654949220349,0.4894710011500755,0.5467682460587071,0.588085441134801,0.6791918859360268,0.7586660655044015,0.8633693824593627,1.097449008462234,1.2112942493093712
2021-04-16,0.4727165415161292,0.47777448895449365,0.50093206144137,0.5305539009125951,0.5851581441914939,0.644790066846916,0.743572514278327,0.8229941903595159,0.9340332647901283,1.1766891803212893,1.2888504430545413
2021-04-19,0.5225790239197089,0.5446903328395595,0.5511950387728825,0.5820838098312491,0.6383442004506074,0.6986302542379231,0.7860389017028576,0.8778097260844009,0.9907825022317815,1.2345245651346517,1.349916849984314
2021-04-20,0.5516560343850776,0.5693854474729165,0.572041146060651,0.6063606960354553,0.6584656864616344,0.7175280117452871,0.8156135235697022,0.9035079972798661,1.0181255929076203,1.2594681605661715,1.3787592685812302
2021-04-21,0.6310644142293504,0.6478100594614836,0.6647165603082089,0.683592469974455,0.7397841214488847,0.796559038866564,0.8909787443897411,0.9754513044350374,1.0790244662901076,1.2983228657420247,1.4153824715931045
2021-04-22,0.5874551409397849,0.5948608541425923,0.6178225888185159,0.6442883436804215,0.698650612919822,0.747624014162782,0.8344358583884149,0.9161693489102701,1.0323818741936204,1.259440405274427,1.3521808630246483
2021-04-23,0.6366218467705491,0.6463174997786136,0.6529471286462415,0.6935421018085349,0.7427555212386178,0.7940841409701551,0.8843614956672634,0.9512149142098866,1.0548264189514236,1.2715075901954318,1.3843986630005316
2021-04-26,0.6407748208540839,0.6490138481265489,0.6627959562131902,0.6893013482739051,0.7543938030101076,0.8039977524497149,0.891897857064812,0.9707201361402437,1.070955491657256,1.287609959052617,1.3997196406281245
2021-04-27,0.5508707481009879,0.565706205242809,0.5772934514975098,0.6072074659224636,0.6637731855334404,0.7026777409869167,0.799602113962636,0.8751871314473411,0.983900384394612,1.212166086566951,1.3229474452229188
2021-04-28,0.5699159989695423,0.5801760996028348,0.5957832304486144,0.6274182910801728,0.6721685186411284,0.7209452410554505,0.8165623574309098,0.8859142272432633,0.9886758860552518,1.209786497613575,1.31717546559927
2021-04-29,0.5633501628515364,0.5712698792986285,0.5855002374753154,0.6151737737626979,0.6685160040211992,0.7138413474200257,0.8085341845164712,0.8728680744148676,0.9773733946326145,1.200168354156239,1.313437578220446
2021-04-30,0.5464888435196392,0.548715730599127,0.5629986013504384,0.5875588601339066,0.6403407086803178,0.6836849578308797,0.7756406255298495,0.8506602225543842,0.9536109795160511,1.1763131289635071,1.2837241882273318
2021-05-03,0.5116761287743253,0.5301611595369218,0.5370858063237254,0.5669131664267153,0.6260162650378843,0.6640477686567373,0.7517724138655688,0.832300233200023,0.9326331799688309,1.1453315266425976,1.2563687855263608
2021-05-04,0.4911479714403261,0.5099211317147491,0.5180100009455629,0.542805208642895,0.6019496183934796,0.6482046168205547,0.7449528426873764,0.8151276165364135,0.9177565719235597,1.1361411733859323,1.2632726766535771
2021-05-05,0.5329497545934214,0.5374628691498534,0.5502297870550213,0.5704933660677672,0.62611636012076,0.673557623430463,0.7670699889603905,0.8524965862452345,0.9431441477978685,1.1742016397352741,1.2777136996199472
2021-05-06,0.5024660408673555,0.5192472146276097,0.5273464775475681,0.5599151617364488,0.6118976803359035,0.6545524538294476,0.7519704418961036,0.8346202805038763,0.9321691964603176,1.1582404282670031,1.2724970878155846
2021-05-07,0.5768963966037107,0.5909392731970786,0.6102179347587698,0.6276490449390946,0.6929173936530434,0.7483863795055271,0.8326773970909366,0.9028119059298101,1.011239927301936,1.2380196331574644,1.34765501855091
2021-05-10,0.6485962839508497,0.6421229473327715,0.6659173325908754,0.6905040975928496,0.7504696181765136,0.7977975850686321,0.8860259603009818,0.95721488045556,1.0638512728265885,1.2779391248201215,1.382232964990418
2021-05-11,0.6687148610859117,0.6875192842992671,0.6967099488577265,0.727042304806063,0.7843268562370425,0.8263749270823254,0.9105006873854461,0.9990540528600719,1.0734113161541994,1.2864527154032677,1.397158058974488
2021-05-12,0.6442086176134355,0.654607955632755,0.6718943737749223,0.69585652336038,0.739186639349249,0.7922504139864107,0.885127359558138,0.9661837123582825,1.0586801957155045,1.2745955276220018,1.3776829757769855
2021-05-13,0.676710285504145,0.6781747179158515,0.6953398380375336,0.7204144464652043,0.773014706498906,0.8209942607864235,0.912436017160061,0.9878885695292221,1.0825880693959156,1.291801880942765,1.4005698839082363
2021-05-14,0.7564562049483375,0.7721545882207849,0.7891070225546366,0.8200484384097451,0.8615620473451642,0.9107346866586226,0.9898367217184691,1.073577302555542,1.1714787924551,1.3746501799625452,1.4746540715739844
2021-05-17,0.7428528824824557,0.7550668540408823,0.7692988596019702,0.8026661821445249,0.8619692380534688,0.8966995867739485,0.9923842523926123,1.072708438058296,1.170342988645064,1.3847602760131734,1.4916316338350049
2021-05-18,0.789423669758676,0.8070541994237241,0.8168759587741359,0.8482881349084659,0.9037906697012951,0.9417419566250916,1.0393095794030203,1.1047005574902158,1.2111375209291304,1.4145546976927625,1.524320447885414
2021-05-19,0.734173485778756,0.7425212416530832,0.7572145803902629,0.7772161305292822,0.8330764337763026,0.8847058226040132,0.9676802497484024,1.0477909004197932,1.1415543220626827,1.3599227676182932,1.4677047027076089
2021-05-20,0.6675007652659942,0.6754153357461519,0.6871872870173316,0.7180872611594188,0.774539306957813,0.8262528147830184,0.9157028499325033,0.9898816854966368,1.0929722290579647,1.3277560455847628,1.4394358621187286
2021-05-21,0.6529820326241973,0.6690455511615622,0.6761021392241982,0.7078509988423841,0.7734474150999867,0.8206467258127323,0.9209103259083878,0.9961035873947279,1.1112060181586567,1.3474727121214134,1.4734969578172474
2021-05-24,0.7174812534023195,0.7269803344556631,0.7409260958528044,0.7677475185207938,0.8218419969580915,0.8766775955874819,0.9641619132177273,1.043270185129276,1.1429353442867924,1.3768264311408478,1.4952722783319048
2021-05-25,0.7025321478826059,0.705566027053243,0.7194968616958797,0.7515050203265891,0.8182362880944813,0.860638802145432,0.9551620529916618,1.0480671353940625,1.1600972785670507,1.396685569561137,1.5099854131196173
2021-05-26,0.7316195541052977,0.7339837994890019,0.7559478312285919,0.7812254556517918,0.830987129064571,0.8814567809175065,0.9728398759308788,1.0546177138018293,1.1636359211651799,1.3879361683744535,1.5024414994852826
2021-05-27,0.7202318393837284,0.7309973315832833,0.7507509742341877,0.7665567909784546,0.822871333678297,0.8768381753891249,0.9718148241303886,1.0475292528955846,1.1391893231262158,1.361474479093934,1.4777846573478943
2021-05-28,0.6714450869637923,0.6909694691231492,0.7075935796465815,0.7246393655269757,0.7917947883897911,0.8462089608773763,0.940299873479209,1.0080044004538649,1.1169130976587585,1.359372948435697,1.4729170468367319
2021-05-31,0.6655042445384108,0.6826812328999602,0.6987884797956269,0.7211147406186452,0.775146288190507,0.8329969569438117,0.921469298004642,1.0008855815420912,1.1071618178127245,1.3395089808490726,1.4557457753626566
2021-06-01,0.6705458067109266,0.6846502263791937,0.6968742454381467,0.7268820709150626,0.7794878188705243,0.8256680173959948,0.9198183628440966,0.9972503842647094,1.107507924205528,1.3341545278135551,1.4551036541320395
2021-06-02,0.6156298151992474,0.6344850861113203,0.6433189505858122,0.6683801500024396,0.7259313872534164,0.7693748383665391,0.8600352782885248,0.9340920304312597,1.0425742724152915,1.2608232756789186,1.388111734503723
2021-06-03,0.5661817174761341,0.5855903093435539,0.5972344200007637,0.6247069524459069,0.6742025304789154,0.7263371976732907,0.8194269304463752,0.8975483383396221,1.0128887732107206,1.242993818925308,1.3769622999809445
2021-06-04,0.5937800843464386,0.5992170946427247,0.6140878768224729,0.6426214246896742,0.687119866118313,0.7427162520837323,0.8297160560361703,0.916315621239948,1.0165094662851124,1.248225664716198,1.3765866196917285
2021-06-07,0.6187391712474342,0.6077981729849156,0.6361957783689918,0.6624570728158978,0.7186744762479891,0.7680832948027378,0.8567518079407802,0.9368600309710631,1.0399583762384097,1.2676703365253137,1.386365501778073
2021-06-08,0.6433378291850889,0.6579777062288642,0.6595487770431153,0.683132000087416,0.7394367737342902,0.7923214927214366,0.8797453549063431,0.9472556534482611,1.0419771795127788,1.2646447904004117,1.378538113862201
2021-06-09,0.6972138675815951,0.699277694110086,0.7138719256066846,0.7382074694759498,0.7902898765935898,0.8356827649514389,0.9063318022335812,0.9770434976273414,1.0775903248817849,1.2996396817796445,1.402186320816552
2021-06-10,0.686172412913916,0.6901284474595113,0.7093542012688155,0.7350493211111048,0.7812552033792132,0.8299319018541108,0.9081419653100958,0.9830072951221879,1.071718662744752,1.2775899448065757,1.393344676194553
2021-06-11,0.7532750091500067,0.7599975691471244,0.7780695221272257,0.7975239197691999,0.8523258070670903,0.8896049540559088,0.9774652722814285,1.0423309635408944,1.138008790738226,1.3469533266344111,1.445415575887104
2021-06-14,0.7441205680646156,0.747482384157779,0.7642757740024771,0.7877409938950054,0.8396457510738597,0.8759706060041292,0.9617830853017493,1.0322683047867471,1.1267342051237785,1.3375894137840492,1.442536044706538
2021-06-15,0.7961561896658083,0.8073702322674966,0.8161547660138199,0.8461597223706248,0.8986628725955622,0.9424226922099984,1.032476557716496,1.101100626749122,1.1928302062426086,1.4052863571184546,1.5013014833990206
2021-06-16,0.8437887746529128,0.8385750943754479,0.8506008703674165,0.8811749664288463,0.9334603539608518,0.9913393858397296,1.067456859034807,1.1467389348075667,1.2479799844299642,1.4550912449725204,1.5552624346010309
2021-06-17,0.833187678475769,0.8437788405560497,0.859646687387273,0.8905435799246308,0.9415961901568891,0.983617520749474,1.0727926162487587,1.144687195952507,1.245962628660049,1.4410067867821397,1.5545795732232337
2021-06-18,0.8494046723725908,0.8625229740616287,0.8742644261133566,0.9100010034139416,0.9645983138679624,1.0093662034688193,1.095860304497735,1.1769585087220908,1.2779956655955105,1.4973346598540442,1.6032599440786675
2021-06-21,0.8102115209429368,0.823238790157204,0.8343383741777574,0.8638749084562781,0.9170249622852611,0.9743097349117165,1.0642251297848284,1.1432641630905775,1.24396090089892,1.4827309978231893,1.6016640115879384
2021-06-22,0.7732775183750179,0.7841808327659429,0.7990271349197906,0.8211920100728495,0.888437006006921,0.9340147860051938,1.0250920684809997,1.1132533379948368,1.2253599748405357,1.440489506914937,1.5535636372834822
2021-06-23,0.7635372151733643,0.7658451509836128,0.7925125813892907,0.8146963391152862,0.8706196582153926,0.9269908329583556,1.0278217578315398,1.1068293738555277,1.2195655590174788,1.4576037234292272,1.566396664348886
2021-06-24,0.7009565367986097,0.7082133654237329,0.7290027764336642,0.7515767649229539,0.8179176724714678,0.8745867743568236,0.9848385677770971,1.0692852192991982,1.1849872209729058,1.441759776951644,1.5558324991260029
2021-06-25,0.7555110832583485,0.7704472136510503,0.7882862214514518,0.8230430417711381,0.884816762090571,0.9324598767392588,1.0462564440882753,1.1408594817647486,1.252489344634245,1.4957496589841952,1.6313355164689913
2021-06-28,0.777127505401185,0.7859569045874366,0.8005919702082271,0.8358939071163731,0.898748783660337,0.9493013661729633,1.0531755808752332,1.1552595756586255,1.268591224051723,1.519031949259956,1.6497052878283915
2021-06-29,0.880630838575076,0.8945393971694688,0.9053483930152021,0.9432608520393349,1.0005388514651112,1.0517669666852174,1.1570676863124418,1.251033311429174,1.359248259206834,1.5966719279860555,1.7254901926463961
2021-06-30,0.920234207199063,0.9302151643272971,0.9504800632684284,0.9830292255961192,1.0370346029427813,1.0986208357168679,1.1923460303524926,1.2789912964903654,1.3848401452082677,1.6090571475872082,1.7148064972032604
2021-07-01,0.9283728001090285,0.9381903696836057,0.9553576274479613,0.9873258041138113,1.0460074717950723,1.0985751509968849,1.196924707940409,1.2825556552062654,1.3886665837215089,1.6221952276703626,1.7303774213134708
2021-07-02,0.9608571980135506,0.9725608979614998,0.9954807374806206,1.021010139365713,1.0802089907186228,1.1355032956251203,1.2436495720757093,1.3158497442519683,1.4289080131386775,1.657476051500351,1.7617851817054884
2021-07-05,0.9858451638326362,0.9917723715974848,1.013830385523326,1.0400590004279846,1.0897109745499176,1.1427390980069965,1.2315486221563858,1.323210775639227,1.4264712096423464,1.6367108188000012,1.7303605889390172
2021-07-06,0.9809616549099247,0.9979536196194104,1.009988107442135,1.029505188103933,1.084102867509783,1.1392626586751131,1.2160447852947756,1.3074536197490907,1.4003219720207196,1.6154354680475898,1.7094967946465862
2021-07-07,0.9870484417359652,0.9959628247298263,1.0102707084532088,1.0365248862863667,1.0890062139898187,1.148569662758168,1.2326011478525893,1.3133980128482097,1.4171364525340222,1.6461983056343816,1.7348969682783926
2021-07-08,1.0084872464004253,1.0198168469581486,1.0257230624778078,1.0604407400253626,1.118630283844972,1.1721125133584556,1.2634970162015446,1.345343545873125,1.4403411368859909,1.6613872896963668,1.7741332170394315
2021-07-09,0.9778229264723176,0.996757960796085,1.0105755594667178,1.0383966601799854,1.0973124066221462,1.147040205415824,1.2343137394052237,1.319250990545305,1.4264659225617244,1.6410957083529183,1.749958703033696
2021-07-12,0.9165753003724296,0.9215889155430541,0.9362885370301471,0.9666509984120933,1.0206802279913776,1.0744073561584029,1.173680447179809,1.2686893227922467,1.3746740346815365,1.6064035273357415,1.719468167461199
2021-07-13,0.891374299958671,0.9061781856698417,0.91950331048941,0.955395906942895,1.015814669979381,1.0685400673884788,1.174337847329247,1.2564683681348383,1.3736475019633954,1.6187449995627174,1.726269946084119
2021-07-14,0.8871746261373221,0.9055037654712262,0.9084788910189849,0.9430433860833646,0.9995790221952691,1.0681242529110984,1.1636402283253,1.2583892048035372,1.3618170216789396,1.6091104824706466,1.7200152168315304
2021-07-15,0.8974022773036524,0.9103086610371864,0.9287656554559018,0.9564074039561288,1.0186803835458473,1.0753217757143463,1.1713111875321922,1.2594723520355646,1.3674373180333814,1.6097093395711133,1.7203105052260335
2021-07-16,0.8824537476619488,0.8973044783179228,0.9089319150731907,0.9403081046379174,0.9949246652148919,1.0450257901073743,1.151701826878179,1.2410188827576436,1.3487394601672202,1.5764664992213644,1.6899696617001534
2021-07-19,0.8187839684649487,0.8273822726733415,0.8363010563626476,0.8737845078353604,0.9277080164699286,0.9863167208372822,1.0839732291254007,1.1708004544586805,1.2877242738389392,1.5243059541750612,1.6468367867060245
2021-07-20,0.7992800047450916,0.8003391485909641,0.8252406778817645,0.8568220139059035,0.9150042410626756,0.9676545074810018,1.0634531000090008,1.1533085798040335,1.2591080276709046,1.5061996132931421,1.6255722033568938
2021-07-21,0.8195674932246898,0.8166592147141547,0.8347926180100357,0.8707398589546967,0.9273047373499288,0.9813477641148215,1.086950607297965,1.166930655854607,1.2714796011849347,1.5233044434591796,1.6531556023255425
2021-07-22,0.7455798031499008,0.7541489495190199,0.7726490864890763,0.8012011918650562,0.8595082922021738,0.9060981226546876,1.0091151424591929,1.105049893838071,1.214202386433649,1.4621993897005336,1.5832650007728564
2021-07-23,0.7190880978852985,0.7324783530224456,0.7445912527881426,0.7729594129678059,0.8221107408122938,0.885170410687258,0.9740384916093155,1.0723318824076757,1.1821210340223667,1.4280677667623365,1.5514553727381033
2021-07-26,0.6625299029027488,0.6779167626697677,0.6938245774574584,0.7177352187143925,0.7822030615109632,0.8295427628425796,0.929717039921545,1.0280094593572162,1.1253935085430122,1.382112085254008,1.5061228220990854
2021-07-27,0.6629951866196965,0.6763738608244746,0.6953165035546974,0.7169764116915124,0.7793810315239513,0.8271333702971502,0.9326339457886934,1.0178064925968509,1.1273365690754649,1.3790548800433855,1.5089822492222906
2021-07-28,0.6373528529862523,0.6418501500927026,0.6554477064935027,0.6985509729983412,0.7468009745757233,0.7983092419258478,0.8972370679256633,0.9842690286012674,1.0896455148020936,1.3374881724149505,1.464309748647317
2021-07-29,0.5841419368616625,0.6014361753505849,0.6102205318379842,0.63699371168663,0.6922540304160354,0.7521176003715336,0.8551630454093995,0.9374928709563484,1.0526455091675861,1.3113235395742284,1.4455349530631514
2021-07-30,0.5981173425490229,0.61250665289265,0.6315974795417653,0.6635045462524793,0.7303686498742933,0.7827073652662125,0.8788781276256366,0.9810022135163331,1.0945095808214989,1.3530000467176593,1.5014751776755104
2021-08-02,0.582961121035885,0.5936393442685826,0.6110373231186024,0.6400215326708507,0.7005138202701314,0.7575371457363345,0.8678571096906478,0.958236988808836,1.0845719818938468,1.3496024850041963,1.4884374597344954
2021-08-03,0.5307190749111527,0.5401246269620321,0.5571778153930997,0.5868872324750113,0.646337538483807,0.7039382882891323,0.8107954424829997,0.8999894047374247,1.017598857283011,1.2827179871017802,1.4291698029476336
2021-08-04,0.5373646496711988,0.5503262037456654,0.5658077288722279,0.5975492957241778,0.6685935142805147,0.7091856772059355,0.8145908180087408,0.9124696384234655,1.0263988819565844,1.2984651747328408,1.4466540989111678
2021-08-05,0.5903271746781621,0.6112733020391756,0.619635815072539,0.6527678053051924,0.7066003799877372,0.764953186960118,0.8661500821424242,0.9487307644807336,1.0661831369661154,1.3155870572193162,1.453571731085952
2021-08-06,0.6929126363241376,0.6945578645929166,0.7082653751570265,0.7358864254422683,0.8029485993503489,0.8423374487312538,0.9512905071877874,1.0384177602361289,1.1439987978035087,1.399637998289904,1.5295290380543007
2021-08-09,0.7199060869234922,0.7223022879283811,0.7461060142354565,0.7745511300002427,0.8265995242378514,0.8739145017479185,0.9798742900716616,1.047853093231985,1.159656931756602,1.389922767711741,1.5077048340680095
2021-08-10,0.7440330933918603,0.7545792081388191,0.7704770810816741,0.7988037169244833,0.850595531935565,0.9022996133554388,0.980315059165321,1.067340235769853,1.1754012291519444,1.4071298183681311,1.5274605899262548
2021-08-11,0.6975130038632744,0.710425003522879,0.7304461253833425,0.7506196206142847,0.8117062277862817,0.8579779855775019,0.9617077530739001,1.0434134484962476,1.1508885810755958,1.3849047833038004,1.5060618104098713
2021-08-12,0.7358494941721627,0.7628280081011396,0.7631500485421777,0.7847571417076622,0.8515043527327582,0.9055875435487157,0.9970800764000439,1.0838521246177926,1.1906879617123858,1.433135414541994,1.557040014379077
2021-08-13,0.6665555887316524,0.6743085298377587,0.6841640169747529,0.7125645680003552,0.7742363429153447,0.8310424998142618,0.917077972571295,1.010724453953934,1.1176055465805064,1.3654387713544143,1.493287893072487
2021-08-16,0.7028871069489603,0.7109056298315407,0.7233442324374978,0.7562257707397161,0.8134029789847531,0.8534180865129822,0.9612851196859746,1.0430636354992024,1.1591952296886767,1.4106643702967114,1.542623244658805
2021-08-17,0.7694433530937663,0.7776135416038457,0.7983621506657049,0.8367183467280973,0.8886585847217826,0.9347734250579297,1.0324855259118215,1.1175983788291146,1.2237490078432298,1.4659330234723555,1.5844462343365115
2021-08-18,0.8347015075796028,0.8354028245057251,0.8539553218697542,0.8899573702216743,0.9391293747107032,0.9859978361883742,1.0982925074501246,1.1813589741812447,1.2855287022606618,1.5277165898927998,1.657136470179245
2021-08-19,0.8422494225305003,0.851038649435382,0.8767936661621426,0.8900190113960352,0.9544561960890336,0.9997519442611785,1.097797089470872,1.16914665995931,1.2706595602224604,1.4999604790609768,1.621549046008762
2021-08-20,0.8134867452322542,0.8176234109298653,0.826265804959473,0.8567401776711757,0.9162342338450058,0.9631210642200769,1.0602878520428107,1.1436077183953381,1.237286373753406,1.473422620384001,1.5914575487660438
2021-08-23,0.7657527347732231,0.7756847221093033,0.7853357748674424,0.8119057930099601,0.8681431590669019,0.9054523158211378,1.0027435808241199,1.078021916389238,1.1860481272928423,1.4264457054879505,1.5536723698266361
2021-08-24,0.7762556287295215,0.7917715623506005,0.8071211526542759,0.8283866027292349,0.8824839008594623,0.933328341922257,1.0169925835042184,1.0923555188030811,1.190630448310152,1.412902285372331,1.5274836106077547
2021-08-25,0.831539053644866,0.8437419147788909,0.8582109422047525,0.8759377993266431,0.9292908609071882,0.9763558314710026,1.0598203818959557,1.1344475694634564,1.2256272770061614,1.438632125116748,1.5538754814797724
2021-08-26,0.7926839195701547,0.8109681168925343,0.8264435585241332,0.851537752059271,0.8948700582528727,0.9461711027860267,1.0329686183719118,1.1136355576702088,1.207590367728021,1.4313894059222112,1.537344119617333
2021-08-27,0.7822483504425235,0.7985665047988919,0.8074117814445111,0.8353666934632419,0.8893913051152722,0.9438692732075455,1.0252011822098832,1.104427007016074,1.1989473418570282,1.4320815343366582,1.5494252561154285
2021-08-30,0.7798219050762849,0.7923595098631524,0.80260773092565,0.8304830115008427,0.8819969111273832,0.9267237907070895,1.0183367528203453,1.1002786751846674,1.1919481151008677,1.4196430558060071,1.5352134742799695
2021-08-31,0.743691272578799,0.7592060912295275,0.7690093308682713,0.793536226954063,0.8402983234875988,0.8859843058502872,0.9779589554533196,1.0580294211331873,1.1608996211617384,1.3729519160971517,1.495443577110307
2021-09-01,0.8084822122447177,0.8177872705860028,0.8375348395362139,0.8599407353971082,0.900239626778479,0.9414544456287441,1.0305437057266005,1.103646784813627,1.1978753366379382,1.4071343540089263,1.5216178272716192
2021-09-02,0.7351410251283443,0.7491988994377331,0.7611512365354999,0.7923932785485859,0.8370392557029844,0.8931247629217651,0.9675958806938656,1.0488606973135497,1.148036202450701,1.3663162834504183,1.4842000083603786
2021-09-03,0.7037866760400728,0.7050040759187275,0.7225786414305969,0.7553789172723038,0.8003147883691213,0.8507681816228194,0.9368485557716763,1.0100630877922372,1.1095480317664321,1.3418820028761878,1.457240595341596
2021-09-06,0.7031889212860074,0.7092155740144285,0.7132449634677861,0.7466681973240282,0.7880650899059842,0.8462872273941481,0.9304393900409899,0.9983259668414652,1.0882837694645426,1.3223550341991872,1.4484796325645786
2021-09-07,0.554051017708396,0.564379755177763,0.5705863432969349,0.6037331866830304,0.6541446220694138,0.7001459863956951,0.7854321109403786,0.8666825528987842,0.9717409803028253,1.206751564278877,1.3309817848445786
2021-09-08,0.4540019001920978,0.4668361133333687,0.48474274356625874,0.5140158352994665,0.5745121236410217,0.6178402753601877,0.7126963807420384,0.7867947025420535,0.8984072135632318,1.1451528692095452,1.2839201054901843
2021-09-09,0.5080881953617618,0.5147035374777099,0.5375976535345245,0.5581500664554458,0.6106380684142036,0.6562967810014977,0.742642690758174,0.8159110893997057,0.9206545716686991,1.160800268169434,1.294298462805044
2021-09-10,0.5264499353426497,0.5436804921543654,0.5558426803226143,0.5754573435046956,0.6245625801595027,0.6713396874466013,0.7516207980817817,0.8245494327128958,0.9231450609480168,1.1512303827475907,1.2906408707850117
2021-09-13,0.5755615831524323,0.5746458254967014,0.5945177593522304,0.6162633584444134,0.6658648031607659,0.7117134376868366,0.797013408360829,0.8654190414301359,0.9609013503121805,1.193205267498335,1.3284267062763075
2021-09-14,0.6152893439809735,0.6258266212450071,0.6339909590451676,0.6632851232601,0.7138063120186934,0.7626420838326384,0.8556326745566465,0.9415820822508895,1.050730760708273,1.288855654909389,1.4308066657248626
2021-09-15,0.6159596311785231,0.6267724223335436,0.6404255418959057,0.6796427806035316,0.7222157608137908,0.7707496396328647,0.8614137947358241,0.9421241846842058,1.0426664442797204,1.2872220822260114,1.4265216329547314
2021-09-16,0.5855045668554659,0.5965388434406212,0.6178322939012036,0.6410468995335755,0.692635664406699,0.7438712271555973,0.8245014198655038,0.9220276394351666,1.0210995934265559,1.2750764949883193,1.4147290047356738
2021-09-17,0.5761824909651169,0.5827750393420743,0.601772881662237,0.6253401271829496,0.6757942509539328,0.7281098909498168,0.8168072834279344,0.8935394249257023,0.9967722375839925,1.2461564342685796,1.3741536904860483
2021-09-20,0.5248173942895099,0.5449620075809044,0.5492974014545606,0.5822794275101142,0.645767320568517,0.683536753041324,0.7746046588649901,0.8677758626370805,0.9716475636064117,1.230303705471736,1.3619655164654554
2021-09-21,0.539583597436023,0.5574171472514096,0.5587224253680794,0.5865334964969314,0.6344249235844769,0.6839537688481617,0.7742925365405333,0.8706142351807863,0.9688979846348809,1.2047138208836352,1.3554314576235011
2021-09-22,0.593666058567814,0.607523453763114,0.6152470062385976,0.6553259820878775,0.7029387177097368,0.7547691554558791,0.8373195735118538,0.9260223939735427,1.037883662723789,1.274035084794687,1.4059181982068079
2021-09-23,0.6251490295248037,0.6273123715221213,0.6426601461271939,0.670777198095262,0.7246237490873322,0.7734065109929289,0.8612335081288944,0.9494329968248192,1.0486552731128385,1.2868888600345854,1.422492970852223
2021-09-24,0.6317432142374845,0.6504860943803135,0.6627232158741216,0.6925110944253179,0.7508242531292847,0.7967436702080416,0.8858443138970583,0.9739132412080046,1.0801271804136294,1.3299189750946143,1.4675167879971909
2021-09-27,0.6317599521576645,0.6427734525858407,0.6581337081525156,0.6854622011005415,0.7426462464687777,0.7880762408919683,0.8840861284164698,0.963391606491977,1.076799619775967,1.3262390440689336,1.4625448799197098
2021-09-28,0.6355740527543118,0.6569468152938599,0.6657311379556344,0.6956147529740133,0.7476905308048367,0.7946242226885178,0.897159895626265,0.9802319702049357,1.0817648003533387,1.3294590918689007,1.4691674060714688
2021-09-29,0.7286358946776692,0.7457142072289633,0.7623073080993906,0.7886958157082101,0.8389544701169456,0.8877749431847219,0.9855573202348904,1.0686972032641884,1.1839244064839247,1.4136537821921686,1.5489802825242243
2021-09-30,0.6813823465605177,0.6845576557624334,0.7086808876073695,0.7387686825506191,0.7977563263749955,0.8499023212249787,0.940325672583752,1.032875105846715,1.1501878907368213,1.400551304371338,1.528998973495538
2021-10-01,0.7784916656489606,0.7802225407590401,0.8061072321104823,0.8242552272294272,0.8760625739454383,0.9285879964428317,1.0239608435445606,1.1018069475448466,1.21132303473058,1.4507368050122642,1.5770177599610777
2021-10-04,0.7032409886843439,0.7197370726222176,0.7279765104878203,0.7660441882014271,0.811296420868963,0.8712761924353897,0.9619368716749326,1.0472594914988498,1.159039971308544,1.4031269588399202,1.5369168579451158
2021-10-05,0.7210201523800704,0.7312748608058866,0.7460515791566081,0.7790126330566577,0.8240923089609061,0.8848105033975195,0.9793717299184315,1.062385740870503,1.1815864394653555,1.4253605804365275,1.5713982010080427
2021-10-06,0.7289255636582292,0.7361061610440239,0.7535234191468891,0.7860624924197116,0.8332296628795877,0.895192750235568,0.9805926314828083,1.0719018711323907,1.170366880108303,1.4070470406730313,1.547158569105033
2021-10-07,0.6112403581481547,0.6240609611822026,0.6423169827031522,0.6747650138926407,0.7290138967024721,0.7840268184369447,0.8817014157908943,0.9690461777803335,1.0836034914989257,1.3421949485407798,1.493604352114287
2021-10-08,0.619930478109354,0.6231649312151543,0.6476587187758894,0.6772322215641018,0.7330441544350228,0.7753739356090503,0.8853908216468963,0.963824143525534,1.0865337585875214,1.3401796203251446,1.4764337636523024
2021-10-11,0.7046731133056373,0.7115176718376941,0.7278200375047948,0.7619531648220522,0.7991274760569521,0.8613476424954397,0.9424406831150866,1.0279969411619094,1.131440057774103,1.3852309946708627,1.5116921426890284
2021-10-12,0.7903819330169924,0.8133740440488643,0.8153224840845618,0.8455036689549124,0.8963931951324134,0.9395100247339792,1.0334554224194774,1.1121597420736977,1.2218574987108497,1.4469353092408974,1.5806998170748554
2021-10-13,0.7897893517746901,0.7990840882331075,0.8051688798261956,0.8389575299309586,0.890543134659416,0.9378908777189486,1.0321545972302038,1.1150167663575772,1.2071715349044985,1.4544083291756313,1.5809625793797042
2021-10-14,0.7453675128885277,0.7666582319108038,0.7814391900781981,0.7920983188448213,0.8479431107520864,0.8933232699475977,0.9897987870061866,1.05870550042821,1.1698299682943412,1.4031080250738792,1.5294572209412935
2021-10-15,0.7757314709802988,0.7904437074758655,0.7986862959247472,0.8241448826480967,0.8762604917683763,0.9358065087217777,1.019450318710122,1.09464497146897,1.197763579141247,1.430714381853566,1.5722548140281138
2021-10-18,0.6941887255290264,0.7058320464383467,0.7188292757853234,0.7392349162124805,0.7960251637840955,0.854052387387056,0.9433197842695862,1.0217936841025237,1.1329374646380632,1.3834559028012268,1.5234772057635166
2021-10-19,0.6328425454908153,0.6526893510564394,0.6521425713079276,0.6906461023741068,0.7350847831560003,0.783114876793328,0.8824231104824851,0.957912285587798,1.060215727334394,1.3090092745079547,1.4517382217698485
2021-10-20,0.7365030381067144,0.7469776821913442,0.7578608858436952,0.7752138346622897,0.8335373242494566,0.8834055167792767,0.979399048773531,1.047963568281508,1.1498916892618718,1.3808193148398111,1.5271222885760691
2021-10-21,0.742174387291025,0.7520868074479428,0.7662622588021643,0.7924367210418317,0.8469885635039479,0.896596321847769,0.9856445434007594,1.0623475959297486,1.1709147759689225,1.4202079747493843,1.55270881595727
2021-10-22,0.7633875044132593,0.7766426866226019,0.7886907895841292,0.8027790308642977,0.8774954685058584,0.9221869383933762,1.0073604161250327,1.0927771960692356,1.205925193966622,1.4529532538278287,1.5876766528239046
2021-10-25,0.7911998517087306,0.815670114696984,0.8124990230369192,0.8465526271691636,0.8976423305076385,0.948631728819748,1.0353493840010435,1.1136220365677454,1.2075720163064647,1.4567367868427432,1.5937900744891123
2021-10-26,0.7614078881205929,0.7759661311316917,0.7921251018778523,0.8160642157718071,0.8676426520166513,0.9128498970390224,1.017492457750502,1.0813287614336917,1.1809952094234526,1.4244591886927804,1.5626059624160762
2021-10-27,0.8360499147882701,0.8397311776845507,0.851397877803133,0.8877023245477431,0.9319986208603299,0.9764745065484389,1.0593060704764798,1.1399671602257848,1.238216499930089,1.4677963151400935,1.5925628855838116
2021-10-28,0.8597214483765997,0.8650730902701025,0.8790665689246039,0.9052724017493314,0.9505053025317144,0.9999337815705008,1.0835101280878587,1.165975436219598,1.2550446843854854,1.4839477709950373,1.607802270261331
2021-10-29,0.8271551028318926,0.8430997360804684,0.8489264004372074,0.8757446713232184,0.9332009637282026,0.9805851713985524,1.0556686961112032,1.1360541892883471,1.2416515224061238,1.4563814225168283,1.5819208379800174
2021-11-01,0.8092437955490391,0.8222579570420661,0.8287473365986975,0.8620578515642935,0.89730988867273,0.9546511962763363,1.0378321243818607,1.1076610858215263,1.2139962512197704,1.4280631011071034,1.5518281115499155
2021-11-02,0.7214364891478473,0.723461120278703,0.7412493708998159,0.7682070977998189,0.815353843249194,0.8608837914362213,0.9442902140088217,1.0228712692694801,1.1250129818386123,1.3466623361569188,1.470982088285008
2021-11-03,0.8051715373711383,0.8184821256983359,0.8191278470978487,0.8479456733977532,0.8978808300346531,0.9413435316860924,1.0192013846182435,1.09180549298965,1.1823794429448955,1.4015833152762827,1.5270194243192943
2021-11-04,0.749123184473882,0.7636818812991679,0.7776985470093252,0.8009156458020407,0.8545503622553944,0.9013236551934898,0.9814477765637742,1.0607244131930866,1.1710452053061187,1.3940952267785918,1.522685957285795
2021-11-05,0.7387654484038555,0.75059378096319,0.7607239952370674,0.7886122356539976,0.8410743187512316,0.8967064587536749,0.9848859436227047,1.068170808198561,1.1578558727605035,1.3964854032937926,1.5315002802179205
2021-11-08,0.6518323703570719,0.6589995120394767,0.6692760605017931,0.7006956336648841,0.7581771818750235,0.8159507733018497,0.9013042917768949,0.980452434535251,1.0900684490994035,1.3266181633946512,1.4604047629854076
2021-11-09,0.6310952770643314,0.648092864599768,0.6547385150997844,0.6770276730389039,0.7306556833685083,0.773037772731896,0.8601996765842248,0.9454909807684504,1.0389686785587697,1.283840730911826,1.4271306130658021
2021-11-10,0.6523733030317627,0.6525344974271865,0.6599978004288718,0.6921446509829143,0.7437344848186156,0.7943093573418516,0.8790844904614706,0.960163649416502,1.0603806722793743,1.2999524443605812,1.445139846354135
2021-11-11,0.6165093165825981,0.6235530079691476,0.6403732752091343,0.6749175542699838,0.7184894271914998,0.768679455890793,0.8626605754939168,0.9365870222141915,1.0493674516517388,1.3002181985447154,1.4419202105574673
2021-11-12,0.5459508948019574,0.5646661425791719,0.5784954306552392,0.6049556183874502,0.6587256650716263,0.7069199504087033,0.8006631313854906,0.8885425186546373,0.9852846393251785,1.2372903838642868,1.3827984968643003
2021-11-15,0.5555808159285944,0.5667525212372705,0.5755975214980698,0.5953708790385174,0.6584894493859555,0.7110777184866199,0.8041157180256441,0.8839540859638173,1.003201161558007,1.247638040110107,1.3870757205233437
2021-11-16,0.465483578542457,0.46936559299380626,0.48151209003279577,0.5146226361476401,0.5716246977555945,0.6198360115598004,0.7190073789533521,0.7977268627080364,0.9143933357520732,1.1721950592582602,1.3106728321432635
2021-11-17,0.4425536044149884,0.4554629509111113,0.46779270883497415,0.49002148499184717,0.5571467795748275,0.6133170274561274,0.7041928329574678,0.7851639677592509,0.9001399930772535,1.1500608249968167,1.2950429124059242
2021-11-18,0.4442623265907692,0.4542521348223092,0.47634748543201194,0.496041164329045,0.5431624656426985,0.6030189790478588,0.6939381813774835,0.7855384804691717,0.8828416781766755,1.1341718052432803,1.2854658248003907
2021-11-19,0.4791600470779095,0.48290404438968615,0.4943468100085853,0.5234601108159177,0.5801578451675519,0.6320651920623592,0.7201706952318019,0.8072621007850675,0.9098193722243529,1.1550086184697157,1.2959798272552736
2021-11-22,0.4803533360253696,0.4793019897029765,0.5010312762961533,0.5269324900032821,0.5761400534033226,0.6258014377252588,0.7295310969525756,0.81171977422428,0.9167327241052627,1.1557049014115148,1.3034201411453414
2021-11-23,0.46706168252353836,0.4751631656809006,0.4872974682867317,0.5156594851013228,0.5824581375630756,0.6229888809983423,0.7045108664847978,0.78798480132502,0.8927123744761206,1.1268256245305879,1.2643180495159392
2021-11-24,0.5419661493432856,0.5563532407116819,0.5604144510071442,0.5879686846530401,0.6334477837933468,0.6853017895039734,0.756050597903243,0.8366139409281509,0.9292384616036601,1.1547997403572932,1.2780882048746303
2021-11-25,0.5190854705174398,0.5301926069126136,0.5364049361744438,0.5553611678922808,0.6113519356447621,0.6509400180981396,0.7358990020149286,0.8093505556393661,0.9070746853280158,1.1134019130084685,1.248833818375515
2021-11-26,0.5456975033101552,0.5497864627873466,0.5587817499514938,0.5884394745455256,0.6344045306347044,0.6693822159584498,0.7637967745100314,0.8347734691070962,0.9314405637843137,1.156795123306885,1.2833243351146062
2021-11-29,0.5085925798912044,0.5241885799793689,0.5285730628655528,0.5645343427879012,0.6006462128084721,0.649311048893651,0.7303946358118221,0.8117113724596975,0.9019934941818715,1.1347115091589117,1.2676307617004061
2021-11-30,0.5119491455414451,0.5214493471629805,0.5293652600041013,0.5549541004040476,0.6050283149875982,0.6545613223684148,0.7363224388705997,0.8171388997358914,0.9044959811283865,1.1475218346363194,1.2751220569045754
2021-12-01,0.45024929869874214,0.45344591957421476,0.468187329869407,0.49309556565834617,0.5511037640089433,0.5954139258155694,0.6772978539829755,0.7612152169323264,0.8637963618841625,1.104006187029402,1.2492481052565534
2021-12-02,0.5035163238139551,0.5176928580698565,0.5351935791467236,0.5473163860361464,0.6119148279560677,0.664024407430245,0.740545554453428,0.8125680509414788,0.9351152678662594,1.1698623963017658,1.3078856671350214
2021-12-03,0.48883126092059054,0.49634637904299495,0.506936595770204,0.5384623992847976,0.6017368159282228,0.6437102368871536,0.7421396801758806,0.8238554299713913,0.9286373123646571,1.1934035990893683,1.3361661190189307
2021-12-06,0.5636848340459096,0.5775177139054155,0.5895429130520865,0.6213304703922715,0.6701756780520505,0.7148571985206137,0.8022689323063165,0.8856554944104608,0.9897132486492115,1.2290343247049424,1.3644840453309766
2021-12-07,0.6662048394149241,0.6756874172957756,0.6867132734763806,0.71417567561027,0.763351030668913,0.8055526772230626,0.8972022100161098,0.9773185126829116,1.0828812182808145,1.314907381580415,1.4518599877331073
2021-12-08,0.6635729592248949,0.6747023973294313,0.6930209120445222,0.7160070244895075,0.7672978345549009,0.818807640893828,0.9053232047164511,0.9867540301086232,1.0894487034197942,1.3302206092788937,1.4683205533744026
2021-12-09,0.6006394019657947,0.6079976410677645,0.6133770738745272,0.6507035500967134,0.6992434159015497,0.752573962776293,0.8370985317071472,0.919890570526825,1.0303367668020826,1.2873914416261747,1.427933169859368
2021-12-10,0.6110932731425149,0.6227263101740036,0.6319651178051596,0.6703013952073146,0.7085769734498503,0.7602363790409398,0.8570595671930917,0.9366929901987073,1.037112255349425,1.286711018866896,1.4306236855729826
2021-12-13,0.5716896121861651,0.5880001652053245,0.6022016681993647,0.6365406780218885,0.6848713382958487,0.7394459192151424,0.82938731536107,0.9149499914739603,1.0309465013930854,1.2823436914740176,1.4346307210952607
2021-12-14,0.5652848521167879,0.5653546271505983,0.5831289042674422,0.6094394946182459,0.6619984410743517,0.7176482481229229,0.8094965497798773,0.8939547663844419,1.00490512053941,1.25507323510352,1.3987200421923112
2021-12-15,0.551679071588713,0.5501719955289166,0.5606578664889855,0.5940786579988764,0.6577939469179509,0.7091788431413649,0.8001608415155341,0.8900964710980119,1.0059754810183184,1.2588194222548112,1.4179500488215766
2021-12-16,0.6114308036787618,0.6184123090130478,0.6345153047940993,0.6596391647255635,0.7169970342317759,0.7646484766183855,0.8605448135549695,0.9540064411084219,1.0551920380712216,1.3132002100149893,1.4606607039995305
2021-12-17,0.6008380111412253,0.613431627790289,0.6353562784826521,0.6551574963983388,0.7168866233515687,0.7673729175893016,0.8705119375883631,0.9588785474400094,1.0665463439173966,1.3352049362679308,1.4807566112715238
2021-12-20,0.7037403224124918,0.7150944659057301,0.7297043089890042,0.7593992682713846,0.8185754417826521,0.8533520034870025,0.9672616992251746,1.0416137203252487,1.1463108870726966,1.3985895311071355,1.542999739512952
2021-12-21,0.6696954504790043,0.6791965529501962,0.6901725155347345,0.7189927428936805,0.7798895668897823,0.8341112275902212,0.9226613638354528,1.0164121421734007,1.125931759665144,1.3883713305447236,1.5400303600107281
2021-12-22,0.6106348885404883,0.6339723067235558,0.636686823015258,0.6680103311136169,0.7279779439055118,0.7785632921198565,0.8759478202237696,0.967910070570001,1.0784593132071958,1.3455388262458978,1.5027979698908922
2021-12-23,0.6062712370551662,0.6040812968164057,0.6311587722031141,0.6561710770339886,0.7161311825463081,0.7607703639496723,0.8574778814172523,0.9430793665577641,1.0557323821724292,1.3096188465885195,1.4680412075971936
2021-12-24,0.6287613684337614,0.6299851633417286,0.6560548553510256,0.6803466663315003,0.7403031190266546,0.7884469904866335,0.8784143386924045,0.9662875965679275,1.077605295977985,1.3388500566122423,1.4878206544144645
2021-12-27,0.645387255399371,0.6674496901466058,0.6833810397349435,0.7058059247506159,0.7693049333905623,0.8182405439320475,0.915519632304115,1.0013404616814543,1.1077470698080636,1.3652922537883678,1.514506002297781
2021-12-28,0.6246461393486787,0.6319081740324246,0.64984459636458,0.6824826722131574,0.7327904838344154,0.7866429438016876,0.8809716069067608,0.9768878960117423,1.0841852227705382,1.3456538217163112,1.4972308710983213
2021-12-29,0.6123245235844753,0.6252748740739568,0.6366192151425604,0.6615930556575373,0.7271636502776537,0.7803347534822801,0.8795613129137712,0.9618895267034108,1.0807789329098176,1.3452309068209998,1.5005567384008154
2021-12-30,0.6155953202789244,0.6282279873934106,0.6399029370381156,0.6683713831877227,0.7198601530445393,0.7717902931772853,0.8710667693570204,0.954075356132541,1.0634313559989583,1.3237047575572185,1.4694277786141867
2021-12-31,0.6053398448576459,0.6219142051468626,0.6312285962597619,0.6602528645039972,0.7176788919595903,0.7654474364288831,0.8680895400051047,0.9449335674948923,1.0586830142014079,1.3149035632909711,1.4517147712380387
2022-01-03,0.9408706376787902,0.9356710914569001,0.9499271691459719,0.9596466563258322,0.9835983304913312,1.0046087128874155,1.042676531246377,1.076865644844625,1.130965041663241,1.2614243242840724,1.3465410163715112
2022-01-04,1.005475004355623,1.0023282427264717,1.0158813598818472,1.02097952588982,1.0405164082425618,1.056801393232526,1.0946072533357152,1.12910969720252,1.1690801751001183,1.2854655364308143,1.3690109307830667
2022-01-05,1.016852604950198,1.0212186455537748,1.0295986696724324,1.0386222738499202,1.061668401817057,1.0814440617910122,1.1200480124791912,1.153703510739844,1.1999528563490474,1.3210975555640543,1.3993061391195982
2022-01-06,0.9574445441733737,0.9654894551401169,0.9620900115368441,0.978172835215622,0.9939045716470875,1.015660988850405,1.0508797104413725,1.088619509291036,1.1318233228517747,1.2536318354187932,1.3313414432180153
2022-01-07,1.0024667599419985,1.014696491487611,1.0117121357979812,1.0189803128814057,1.0456787131517953,1.0579393780081174,1.0910978975436445,1.119815195085242,1.165138914223736,1.275214039587139,1.3529608221555696
2022-01-10,1.0013911722886988,1.0081480695423903,1.0117551893653973,1.0160162048619952,1.0384336457173349,1.0518335638645877,1.0753461688958954,1.1161589235810716,1.1547403105596377,1.260877057560725,1.3318033668525655
2022-01-11,1.0201365498853225,1.0254453301322763,1.0316192921671017,1.0335762100254904,1.0492418945432547,1.0656770785154124,1.083695931927358,1.1127016493551516,1.1422185333388009,1.2415986091811824,1.3196246754949612
2022-01-12,0.9843375286187686,0.9805676775397579,0.9847637089639063,0.996696287484147,1.0053320876644696,1.021707425755913,1.0433629000881792,1.066088652447286,1.0978006135459764,1.197252739108528,1.2699300015023494
2022-01-13,0.963793144380119,0.9620983136597383,0.9795973104191233,0.9724598334642309,0.9909181237891223,1.0053791837596078,1.0248520649176112,1.0583478749123627,1.08154597538796,1.1932933795751846,1.2602878954819143
2022-01-14,0.9664225473223453,0.96050694942515,0.9616722457072996,0.977892408479367,0.9957192470536124,0.9959258805169846,1.0303922525753846,1.0587567509136957,1.1026830770211384,1.2026987673407306,1.2769334156492904
2022-01-17,0.9499905202229744,0.949992924647222,0.946627263818564,0.9581535893352275,0.9724862306399499,0.9905501212350699,1.0142198678109713,1.0457678321669703,1.0678412203082024,1.1722078919594896,1.2569181013359776
2022-01-18,0.8880519776882092,0.8943202339259585,0.8979548168421014,0.9023266759824174,0.9195117530582871,0.9392278622270722,0.9581647962777667,0.9847509259207042,1.0212305539733004,1.126892968857185,1.201386520787578
2022-01-19,0.889593631240589,0.8833367535650493,0.9005638466747923,0.901453559921802,0.9126289454405163,0.9239496767111538,0.9550446253015024,0.984595390090451,1.0173280380687875,1.1191183500234338,1.189538268708444
2022-01-20,0.8636557743907288,0.8684721584076259,0.8709839657855166,0.8795686610532377,0.905604147849586,0.9150235896691304,0.9449807438944351,0.9687622199464432,1.011862140003765,1.1198971722528999,1.2126750186597866
2022-01-21,0.8258319013587623,0.829067350671285,0.8282436248966744,0.8393096906579454,0.8499819016775886,0.8623263569131112,0.8956854198653866,0.9229792904433518,0.9545419876984765,1.068997592051725,1.162486656131023
2022-01-24,0.8749219790375601,0.880770776189386,0.8872230641719002,0.8908146168210007,0.9037457822847179,0.9097033527500192,0.9489239370703718,0.9667854882858358,1.008323779326809,1.108257069994808,1.1970047250756606
2022-01-25,0.9391373708312786,0.9474734368034058,0.9480747504337393,0.9516355480538394,0.9715387155126155,0.9742718456825143,1.0011853996498439,1.026474543939767,1.0566895950311748,1.145600025544136,1.226009196855418
2022-01-26,0.9184686558799889,0.9213211537521674,0.9220967190504903,0.9327840983586616,0.9454992768482989,0.9566906533156004,0.9919894316116271,1.0097253309193512,1.0456600537658105,1.156265938418158,1.2387303416705
2022-01-27,0.9221680986299035,0.9418287002830689,0.9412513902449272,0.9484388123804603,0.9650579571586836,0.9729930296032846,1.0048255072856787,1.0277736508936288,1.0602657137167113,1.1645757115290298,1.2405711329967486
2022-01-28,0.9799673462597134,0.9906045359609508,0.9947597584065843,1.0062314878010707,1.0134776290888283,1.0283627978963366,1.0589685234977042,1.0856872041789334,1.1245201398505447,1.2285152210964099,1.304083458661058
2022-01-31,1.0575172073526655,1.0590404322087257,1.0682270418141493,1.0749565088789514,1.084024886383524,1.0953754489413225,1.1295423898912194,1.153042068653447,1.1837734675373657,1.28804999124201,1.3645395869306396
2022-02-01,1.043844616424414,1.0415660707239598,1.0529649542506643,1.0548982668458207,1.0691087528139078,1.073312311488744,1.0945733673048796,1.1107048522457803,1.134659844465753,1.2292720301072495,1.300527088351372
2022-02-02,1.0622549321707022,1.0663875639190115,1.069100988481686,1.0683239273233731,1.080019589986511,1.0894806630079088,1.1104453853245753,1.1378706831683603,1.1582824192602719,1.239897900243937,1.3174622603243165
2022-02-03,1.0928507611547764,1.0913231940078305,1.1051200678676065,1.1194485832932264,1.1203165642133683,1.134180386295873,1.1547268158763941,1.170471757905734,1.2114020360596034,1.2883900628476426,1.3606524807703182
2022-02-04,1.0532832126246423,1.0576578670309396,1.062005934194281,1.0610221645744293,1.0785464024006177,1.0910005792378445,1.1138161738043137,1.1244836026532334,1.1558424792458055,1.2488264383629006,1.3133043919915501
2022-02-07,1.1461775777042946,1.1455032854261034,1.1508482038307,1.1577973623355655,1.1601716197997662,1.1836524397221766,1.1955551245862426,1.2165762696041365,1.2378581898252132,1.3251075930797127,1.3812606857244116
2022-02-08,1.1483339047471235,1.1428998874667506,1.1520856250944358,1.1605353247088186,1.1707724959982881,1.1901906453724425,1.2184574138555035,1.2329464945850555,1.2644305793975052,1.3619802389516806,1.4359581461640378
2022-02-09,1.2339987066581493,1.2329683169039791,1.2405772207295107,1.2435785877573453,1.2637213983975575,1.2787283320822174,1.3096158876349424,1.330931744486747,1.3688161936929548,1.4639960232881204,1.5213213346415029
2022-02-10,1.1791285839104464,1.1802426729598174,1.1855201512554365,1.1876079886080897,1.2026910272830806,1.2139760330662426,1.245173617631085,1.2667981788059484,1.3076010979145485,1.404112922072248,1.4659876930744693
2022-02-11,1.1684083549823352,1.1706110342075502,1.1800251597852476,1.1820782048508056,1.20393977982174,1.2158506941418787,1.2406683917347523,1.2675968074573836,1.3162143675912679,1.4103594122680123,1.4913536007549566
2022-02-14,1.2586023021461816,1.2647185255287607,1.2623295807443344,1.2815706656931498,1.2980679708601044,1.3082163201732133,1.3346526614421654,1.3615851046294456,1.393363912367946,1.4975365169462795,1.5622136107657876
2022-02-15,1.2084633473772874,1.2139729547296512,1.2174910305561455,1.2238626987982566,1.2412693738593188,1.2599092817187854,1.2947843008650604,1.329615128441843,1.3674562089917384,1.4758549465334845,1.550996416632049
2022-02-16,1.2381756985366792,1.2471732703135583,1.2485347489598255,1.2590851706358737,1.2777575257536875,1.2969745666285797,1.3278336494238365,1.357975736619797,1.3991855991871316,1.4973033231951898,1.5758262591654757
2022-02-17,1.1519746687555241,1.1610413739683245,1.1602693619767015,1.162875758534361,1.1956316401378246,1.207162514645324,1.2524319303169302,1.284849402276384,1.3318512203803978,1.4522522186219677,1.522292687720784
2022-02-18,1.139966356778249,1.1398277226995321,1.146612532308182,1.1630813626412309,1.1837224261829464,1.197217065639501,1.2372103768882676,1.2759661394865207,1.3203234200435061,1.4455654964719373,1.5134816791281216
2022-02-21,1.1355280308328544,1.1308649576685272,1.1451826214905962,1.1496268955591828,1.1787753267276415,1.19907749952133,1.2363333671218097,1.267060686395627,1.3166897891392173,1.4378149241320595,1.5164643535272957
2022-02-22,1.2677586838173536,1.2715188816348864,1.2687811021561346,1.2788567927719003,1.2947966471123578,1.3078566020952442,1.3406445194175602,1.362772218738213,1.400338629756957,1.488569289774376,1.5495324816588967
2022-02-23,1.298202269325088,1.3039246977909233,1.2992894365421983,1.3153772652189328,1.3355130037109473,1.3482969908022497,1.376041370277384,1.4087159365674282,1.4490813934596525,1.5410220319661327,1.5922931080915719
2022-02-24,1.3004986420353266,1.2959416150654552,1.2991677993451836,1.3119273571640144,1.3329479863607552,1.3468065536682112,1.3860293823740006,1.4077774988914096,1.4484707014548397,1.5480975261346777,1.6078426320394137
2022-02-25,1.274611891913461,1.2734551189552776,1.2866335364255566,1.2952795029138828,1.3056739014353547,1.322570131019551,1.3484948778222672,1.3836762905644024,1.4170076109414727,1.5051242734402073,1.572040395331604
2022-02-28,1.3682447674692504,1.3668136647812397,1.3585310119571659,1.3845450469839804,1.3947528229793271,1.4140176014570733,1.4436427445808535,1.4588573096778634,1.496189423133177,1.5829616843907202,1.6414926385452484
2022-03-01,1.3425516105598603,1.3449922237855767,1.354401967807155,1.3588940127706046,1.3796260921968333,1.3848906483564523,1.4170897077012234,1.4347570021292102,1.482483462704271,1.5630994377566518,1.6241649767035904
2022-03-02,1.4499548202307424,1.4558466826899745,1.4552358906618683,1.4628475025790717,1.4730629860155968,1.4882080006267573,1.5152882996834165,1.5367575581765995,1.5645427163622605,1.6398815246026326,1.6863754628034493
2022-03-03,1.4281103438249634,1.4236855631945693,1.4345784743426315,1.4389613820139406,1.4542187295569182,1.4706343978772864,1.4988249677945957,1.524088285662063,1.557831987334292,1.6413245425596943,1.6966868457934334
2022-03-04,1.5290177050816998,1.5286399277694713,1.5344592950485445,1.5457352805613038,1.5530657291261805,1.5620344542407734,1.5891836595101025,1.6114030643998543,1.6322911079567552,1.7010300998996204,1.7395622959312003
2022-03-07,1.5500208123478474,1.5549679472628566,1.5464603257615372,1.559372471045889,1.564523850348529,1.5860136186407807,1.610110285527588,1.6262300778717977,1.6594104199846813,1.717001596945712,1.7591409836400116
2022-03-08,1.5213783685163418,1.5225191331604877,1.5243900205517946,1.5345223592860084,1.5448309996039449,1.5549039182598257,1.5873207492980852,1.6042876773002268,1.6442664451836877,1.7148336856063262,1.764227519540713
2022-03-09,1.5099921687138373,1.5142713269094463,1.5232521157351013,1.5315250115714878,1.5454370911646163,1.566035651957987,1.589121590685041,1.6173746278181234,1.6577508000637031,1.7440241500962843,1.788645492778874
2022-03-10,1.5550140215562362,1.5660118536281595,1.5714675172929584,1.580842605964212,1.5912514987579602,1.6046471708056358,1.6426734412200361,1.668287605693355,1.7052253353575164,1.778870821420858,1.8357932696311021
2022-03-11,1.559549227584931,1.5539608858368388,1.5561102209525504,1.5652340564818994,1.5807672754262152,1.5993705286215625,1.6283139926045234,1.659314366611759,1.6951248833865573,1.7785186602937,1.8383434890947576
2022-03-14,1.5411733956474403,1.5464575972224406,1.5495352849558832,1.5557110541155605,1.5667270238258777,1.578545506275816,1.607930250391856,1.6333793712169282,1.6577137649682812,1.7328476718490746,1.78452532372171
2022-03-15,1.5848966343965358,1.5913584073140064,1.5881853268874235,1.5983798703133563,1.614180926390649,1.618746937403474,1.6518153286748694,1.6665252818936036,1.6993691932941302,1.7732590871929568,1.8126932688991826
2022-03-16,1.567352338862743,1.5680334548526471,1.5664150827758703,1.5723665020294326,1.601427363108561,1.6147902055701735,1.6399550327248227,1.6601722135040564,1.6937760012143386,1.778004117239866,1.8217827955174486
2022-03-17,1.5458256490923967,1.550159659499563,1.5584803475279487,1.568528085803375,1.5820597626139183,1.5923229927035245,1.6171260254715012,1.637570738133447,1.6732174371224213,1.7335905494092478,1.787848596551976
2022-03-18,1.4749201461872559,1.4875249508514328,1.4820152322779483,1.4959380898645953,1.5082085108834054,1.5307744106183385,1.5591985572356042,1.5929750888744416,1.6283406001306004,1.7052588695348267,1.7599254452979136
2022-03-21,1.429961877829443,1.4230682351422856,1.4342593032977604,1.4493571952736324,1.4715368802907207,1.484275819606231,1.5249690572139276,1.5529604205499268,1.594302758566845,1.6770917235572083,1.7447286445500994
2022-03-22,1.4070419655890232,1.4261752924314235,1.4191135154080154,1.4321117907768248,1.452638947207371,1.4786401487789413,1.5085668501671228,1.5505901308562606,1.580084387500715,1.690489017480308,1.742561911705311
2022-03-23,1.4392768095175243,1.437325894361434,1.4437018192906024,1.4551380504057188,1.4787418619898327,1.4972071041349877,1.543073422248895,1.5622559053138887,1.6017648553842367,1.7035567068520079,1.7527624054888404
2022-03-24,1.4845594310839318,1.48508524245879,1.494123269909166,1.5027356552042084,1.5254753377578631,1.551330411009142,1.585780915117854,1.6201469629122336,1.6636096486605203,1.7575349023312408,1.8065671027253636
2022-03-25,1.4471980560978872,1.4523981802176462,1.4635522357616944,1.4721834301938321,1.49781849465026,1.513781120010811,1.5517642610829596,1.5945906845748046,1.6436717864602752,1.7397178082823646,1.7971370113427079
2022-03-28,1.489918105079594,1.4997785722589503,1.5059544217287117,1.5217657288162894,1.5465807938648641,1.562462417034394,1.6010472186999911,1.644498146664388,1.68849954429657,1.79131457354107,1.8589699137028248
2022-03-29,1.5247680698266854,1.526366668198066,1.5221709644607735,1.5402939820215076,1.5611828287243266,1.5852957118724529,1.6203733787598367,1.6507267024168844,1.7055247012364438,1.8015601641527146,1.8599871867087496
2022-03-30,1.65681883158014,1.6556224937418385,1.6683221118071214,1.676335647108062,1.6937071056424704,1.7154410160040348,1.7453315029187266,1.780533630019556,1.806876794718444,1.8918653422814213,1.9422680509257515
2022-03-31,1.5823755906244599,1.581447926792537,1.5927092029346523,1.5954964912963652,1.6195122110733873,1.6396559722354282,1.6810435235953156,1.7051050382940494,1.74151098565071,1.8418990079244688,1.8966370823954597
2022-04-01,1.63854891082754,1.6408550091389609,1.6458846593740935,1.6608233735011864,1.6809410481862703,1.693151112536319,1.7273726854268152,1.7575130794411744,1.798442551349333,1.8994133659408257,1.941837341689621
2022-04-04,1.5977787621541342,1.6063732429336521,1.609046981635526,1.6281740938947349,1.6485240980472695,1.6623574669468097,1.7014874467401788,1.7342700683987928,1.7742164467689059,1.8737073663480388,1.9333704236916671
2022-04-05,1.5792125769992844,1.5823972900321952,1.5914152613229504,1.605265452295282,1.6223422803393954,1.6516778658662161,1.6899034610617307,1.7310949959777373,1.7838048483587363,1.8907851377786105,1.9606038048236079
2022-04-06,1.6616570127401453,1.6666983159590436,1.6784531371963876,1.686232598129252,1.7041690551994297,1.7205650023278976,1.7583553555506881,1.8037414330641177,1.8326910831265022,1.9319374309040234,1.9795263762746889
2022-04-07,1.6208877369054249,1.6272793684261764,1.6331477417103304,1.6476432312672622,1.663686875571351,1.6936814346387643,1.7319409816057665,1.7622274612588784,1.7942508874257275,1.8927057275508914,1.9523154244233245
2022-04-08,1.7243127675282708,1.719986646694165,1.722019654316754,1.7317438939443315,1.7574476708671538,1.7667732230580235,1.806068919900522,1.841156293055735,1.8837027910055186,1.9765625621351037,2.0121750371017373
2022-04-11,1.7563067764991727,1.7629316041357206,1.768732300182307,1.7706787217408344,1.7904916864005442,1.8038536504208686,1.837784789797253,1.8602292820828934,1.8862391620133168,1.9734868495259645,2.009453376918661
2022-04-12,1.7978074505131691,1.8123179945256624,1.8167361095327361,1.8251223268594212,1.8417525058688786,1.8574113706129431,1.892927131160265,1.9233165032507236,1.9513708354881576,2.0362292623537326,2.082313348998344
2022-04-13,1.8331853227263044,1.8286760483171172,1.8358277835928167,1.8450133069401187,1.8595380635942473,1.8679922959411186,1.9096313831041145,1.9405865333180572,1.9647043204936998,2.0461698851938888,2.087034231701789
2022-04-14,1.8402722108549099,1.8418712613448565,1.8476406582921836,1.8604794664388344,1.8696664272638381,1.885914620629711,1.9225476252926292,1.9344246191034282,1.9798217958045907,2.0516728547353638,2.091554040016825
2022-04-15,1.8228330730736406,1.830758079827055,1.8367836063272356,1.848310713002992,1.8500346206946008,1.8767191237320664,1.8984180606702308,1.9311320598305401,1.9621270380368594,2.0345374012599104,2.0757879850045278
2022-04-18,1.7934790546018875,1.8030040799701919,1.8090879932755664,1.8173921593065523,1.8283259589222955,1.8424955557789837,1.8737246469685949,1.889135129574769,1.9250112841061384,1.9837061573199883,2.018810796137246
2022-04-19,1.7141024817874593,1.7128829444312714,1.7100804448166815,1.725234243707033,1.7320142382594903,1.752871283533568,1.7780130981730662,1.7864404513878898,1.823506144356419,1.892098801905089,1.9285015918091712
2022-04-20,1.6440223298461216,1.6485518739098872,1.6568105556310841,1.6656833656927932,1.6792560116499866,1.703874227899517,1.7267915429730918,1.755940269641519,1.7918478527097716,1.861005590919886,1.9063422828302055
2022-04-21,1.6528176572608009,1.648454132282159,1.6545933469514698,1.6654378500444518,1.6905555695158423,1.7026641100892084,1.7393725335416128,1.7642887767953555,1.789787696640929,1.870439638787902,1.9107096472950316
2022-04-22,1.6690257796616257,1.6658762522441124,1.6746563315779184,1.6793312919357302,1.69080984862831,1.7094035274043011,1.7321869514112036,1.759007676913185,1.7830425373439092,1.8614690102418268,1.8955207431055057
2022-04-25,1.8075801543239307,1.804571926023591,1.8091766495926516,1.8120845666002612,1.8307453085880439,1.8346301022062337,1.8531895395005862,1.8715608657209637,1.8883030461893693,1.9363326926770585,1.9691495640796657
2022-04-26,1.7732070060295981,1.7746413683666775,1.7754585330365682,1.7878480782896895,1.7966414312527976,1.7876786397506814,1.8192711656211227,1.8347030328530696,1.8485974136167018,1.8895131280333957,1.9237888441468733
2022-04-27,1.7633739907993065,1.7697891758501272,1.7754027202585554,1.7849630606991815,1.786036960443608,1.7996712784309032,1.8244784199981103,1.8419308526335867,1.8729751891758466,1.930519758410542,1.9658294187114236
2022-04-28,1.821805408951956,1.8303213908248772,1.8309470678426631,1.8395799134240791,1.8507309359983568,1.8629159757774545,1.879315887698532,1.8973515921902842,1.9288922231458931,1.9876196954793304,2.0250632153998733
2022-04-29,1.845938424553884,1.8461963706340179,1.8541352630885906,1.8617849019112218,1.8673198504475346,1.8828323344617528,1.8950731377753254,1.9231776948740067,1.9475602617176695,2.0101061130816857,2.0367761585149857
2022-05-02,1.9011990428181729,1.9068758890012005,1.9114947583313089,1.906646350340695,1.9138205740317453,1.9367942874570976,1.9626208107618353,1.9701970317732813,1.9894991069335184,2.0413213873334914,2.075769305485387
2022-05-03,1.8343189880323532,1.836151243148641,1.8378843513316288,1.8467227551889625,1.8498539799116904,1.8627422850710489,1.8839331697022237,1.8983197547892425,1.9230517334654242,1.9859569331951696,2.0220450918475477
2022-05-04,1.922545869040108,1.9218125608064156,1.9258896187596486,1.9211310367956587,1.9362958274992967,1.9434431127188516,1.951036857718335,1.9624443946339292,1.972920823696625,2.01343776137267,2.042180810865757
2022-05-05,2.006999146185281,2.004493861061042,2.0083268886945373,2.0108620639152948,2.026916433738802,2.0322295049513617,2.0354193887131315,2.054728280796701,2.067204192056914,2.0989008949048698,2.128547066345908
2022-05-06,2.0127182492639824,2.021104245539472,2.0194841303100444,2.0240964531559604,2.036856182834423,2.0443894979081363,2.0578084465103754,2.065109237846148,2.075800600995007,2.112076692043675,2.1346571464644475
2022-05-09,2.0482756861439277,2.0377896111909686,2.0426671015181594,2.050091124605557,2.0568739084213936,2.0671404102769912,2.073793336909527,2.085750218169217,2.1023236432963737,2.140698486560512,2.146800536716885
2022-05-10,2.0005456778411603,2.00440233046561,2.000176201619309,2.0055086654834673,2.0117711750636458,2.0163837011913364,2.028817678008511,2.0404165227314017,2.0580828244102136,2.0769695505867274,2.0918293964728063
2022-05-11,2.080072305572712,2.0798346444818034,2.0838359107341016,2.089198708481573,2.094306831591263,2.095324805712795,2.0982531690726307,2.1019961979705024,2.103873239186729,2.1161913030055004,2.1189186856950104
2022-05-12,2.1578752126007936,2.1483292119844264,2.1521876392364114,2.1513835692863665,2.1625591176003405,2.15460546339887,2.1495627288444163,2.145536090426592,2.149848031971625,2.141399292028044,2.135020269690905
2022-05-13,2.145552956518143,2.1371211204033673,2.135211210348868,2.1403743505861894,2.1365563330264017,2.1421106754241612,2.1411185347104613,2.14238598643669,2.143935090497468,2.140134923448624,2.133018920611319
2022-05-16,2.1033687351685435,2.1060595186072764,2.117839426997347,2.111575654167738,2.1047060833504965,2.115764622247263,2.1226096413828697,2.113737689752473,2.122357295950076,2.1206962554340865,2.1306333021711312
2022-05-17,2.0932250500527108,2.0972220972753703,2.0989587640328864,2.0898912698125525,2.0903303173565875,2.1003086052784843,2.106053791347714,2.1098189684832542,2.108338887245223,2.107114197022392,2.1080966603555793
2022-05-18,2.0331140305344695,2.052494875196717,2.0421337221082894,2.0444585430152133,2.0590168956614967,2.055485187910373,2.068738733227927,2.0699502284420697,2.0892006442918754,2.1014930856744667,2.110337406842871
2022-05-19,2.1141152366998965,2.111016397330369,2.117651881871752,2.117103167594207,2.1218904912299057,2.1257575481279893,2.1339528118759326,2.1429569613454293,2.148090594596968,2.163435809843666,2.1644612308326066
2022-05-20,2.17319019659995,2.174080257048298,2.1747293994731094,2.1816170071389185,2.183345828480212,2.191528912535484,2.1946639207481238,2.2016840871861576,2.2160932520531684,2.2250881898925488,2.2213734364902327
2022-05-23,2.202265496694797,2.1969290059696833,2.2077696980587405,2.212419323610282,2.2115707000779996,2.224440754622428,2.247237923202347,2.247876395880645,2.2623411254751526,2.2837871084671804,2.2857430100816334
2022-05-24,2.25450825767218,2.2599810984247775,2.2602435210882663,2.25797601436499,2.2651322118172192,2.276708922343964,2.2784824264614953,2.2898674618414625,2.2944909703600165,2.306001723551184,2.308588883060135
2022-05-25,2.2263164799400896,2.2319429810982387,2.241672404833637,2.239106615556806,2.2436030316604683,2.252359491331784,2.2581709879220755,2.2602024599957242,2.2679598702924735,2.278989735775684,2.2770968076166844
2022-05-26,2.2283343694805575,2.225637234416765,2.2314260960018375,2.241796959321026,2.2414150046096863,2.2456099260875195,2.257976827068536,2.267295642604327,2.2771721094277946,2.287289570212871,2.286267745890092
2022-05-27,2.213193406991959,2.204413898080386,2.21070342726857,2.2155270854718077,2.221229859253353,2.23546886583296,2.2463442684862702,2.249662161057656,2.2631469604420706,2.286474440061657,2.2898626098264008
2022-05-30,2.1841886402461963,2.190810236623443,2.1940090597251656,2.192325984868684,2.1966059669340923,2.2058616911741393,2.223137042470212,2.2260200620076533,2.2372062803195085,2.25868137865258,2.257074729935996
2022-05-31,2.130428035966011,2.1341937435792735,2.1333069730796126,2.1386331871484665,2.141627276669589,2.1582910981170036,2.165421596940714,2.1784695141951835,2.188807379896888,2.211915499684558,2.222618228812104
2022-06-01,1.9967832163355468,2.00569362153356,2.0098475537790494,2.0197446506803662,2.0354371370953195,2.045310479532075,2.068082380771549,2.0826058168766597,2.1097833513519886,2.1664469640680317,2.19080429700325
2022-06-02,2.0330074249826495,2.0302673530966224,2.0387466573133337,2.0430054960108546,2.059750984724465,2.0717179892063857,2.0965481193307456,2.110555164331982,2.1420194173192737,2.185364514883084,2.2112938946422713
2022-06-03,2.072392384837192,2.082924728078711,2.0800331022871683,2.0898873449000557,2.1044477320389783,2.111539448312575,2.1293562284958263,2.159417570615186,2.1773363205815226,2.232750171885361,2.253903106592082
2022-06-06,2.138914456978048,2.1412818609905813,2.1477432511851857,2.153038220377072,2.1632907732789852,2.1781049980987457,2.1926125692816574,2.216237617323088,2.238616347446682,2.270947671182611,2.2889752863058863
2022-06-07,2.0907555434658947,2.0875084893964964,2.0972929550039816,2.1092846542836545,2.10736329680757,2.130171759210077,2.1495421217251263,2.1704674226285405,2.194214471248932,2.232266220208716,2.2460481658751004
2022-06-08,2.079294308934028,2.0850061326417393,2.083569135298252,2.093862789816071,2.103572486426733,2.11218019233122,2.135506296270171,2.156555103240063,2.1742824749627268,2.212698114935662,2.2242123210604015
2022-06-09,2.0917565769064472,2.087759244815463,2.0910654009797036,2.102588293489977,2.1077726050061787,2.1201612993938785,2.1336650499543097,2.15355332018401,2.179192395233685,2.206513409054677,2.213002835487161
2022-06-10,2.0221157119575337,2.033704481616115,2.027706875436945,2.03709791004557,2.054520121026099,2.0619766183829724,2.0897930678347385,2.107805359777474,2.128454004955346,2.1769373154142566,2.191084926981214
2022-06-13,2.0330968321287823,2.035543625868714,2.0370664298039642,2.0441326633372108,2.073449825709126,2.0745620692219306,2.093367742080606,2.1116976854158818,2.1268824061324105,2.18020322368802,2.189799232072868
2022-06-14,1.932959882501712,1.9382781467538497,1.9392128177188475,1.9515743782516581,1.9655265901840318,1.9818996362502566,2.000853035027171,2.0153467080623884,2.0493174152556874,2.100252608417693,2.122048679661562
2022-06-15,1.8999931188629713,1.9127203281490675,1.9115572658365714,1.9186865285760242,1.9448895330749676,1.942997209088993,1.9680916465285563,1.9880914819716893,2.0230452327114685,2.08579961766654,2.1126143491929317
2022-06-16,1.9981762525688245,1.98842628394818,1.9955370049666588,2.00431480270643,2.0179054064832025,2.034114409540217,2.048095174997087,2.074282900196045,2.091438288767737,2.139295337538739,2.1601453393262813
2022-06-17,1.9392539613412076,1.9426100960997417,1.9387143545339123,1.9532774764711605,1.9640955601460504,1.9774291621735327,1.9879321545925641,2.0163424313774216,2.0379770833271738,2.086070523634068,2.110421254985714
2022-06-20,1.9604832262166973,1.9651838186928323,1.9752252830000518,1.9792337212454725,1.9898027234247182,1.996459188035552,2.021331661230061,2.0446825616297137,2.0607749555975885,2.119578966166476,2.1424898302325284
2022-06-21,2.063596027327965,2.075727186015682,2.076980704675645,2.0761646028487504,2.0970449691619515,2.103527269280692,2.119823350333243,2.1347783481843785,2.1526600365286623,2.200290000052542,2.2225046971855353
2022-06-22,2.0669337634322784,2.059464941149713,2.0673689370464277,2.071840023413187,2.092606717122011,2.095540562821802,2.1199798130778764,2.1376042599402734,2.158845725859614,2.2138945857851278,2.2302742242579443
2022-06-23,2.057036065804522,2.0547259860215434,2.068104339199082,2.0701862877938453,2.077211078407313,2.0908143790247795,2.105826992220474,2.1284397921583196,2.1508094761148655,2.19677837059453,2.2243894413478955
2022-06-24,1.993628574148919,2.001843070243443,1.9998016542998514,2.015777943970902,2.0261307534641038,2.036624811472041,2.0628854254787163,2.092590874006593,2.104444299125005,2.1630633380374156,2.1834739678160098
2022-06-27,2.046586429945928,2.042047660550787,2.0551540309538034,2.0518412164861495,2.0602633253300753,2.07397194790641,2.0934247588100194,2.11635847315754,2.1348521188796172,2.1896757488995826,2.2068648295504847
2022-06-28,2.0579241958276335,2.0604505204643826,2.0600010881717217,2.079542510636911,2.089910572776413,2.1034355412909327,2.122443367493682,2.1454693183886264,2.177891821115527,2.2401458984795464,2.262296945753344
2022-06-29,2.036061094623351,2.0314840082640138,2.042575266113308,2.0505325376828996,2.0700368899164894,2.0762433738627775,2.1046958349474654,2.116427220489665,2.156240912472146,2.2053237566167687,2.2289447394832163
2022-06-30,2.0403879248724524,2.0534245098990667,2.0436118528752987,2.052596641473864,2.0722070393456398,2.0805165465215762,2.1198241144499455,2.1416694637755014,2.1641830363422097,2.2059242835494213,2.232749768102935
2022-07-01,2.005509656439056,2.0050976009244175,2.0134759459252187,2.020599268224328,2.0272814445213867,2.0422455801510204,2.058397826655701,2.0732616865826836,2.098810815873834,2.1336736816121524,2.1552374733014292
2022-07-04,2.0732375839792088,2.071989232128444,2.076872665820048,2.0777837274811684,2.088286255629809,2.08899177841377,2.1029418221726472,2.119747372461605,2.133569394012572,2.1545303327693524,2.157485655727989
2022-07-05,2.0402787436180865,2.0442084544819474,2.046493640002974,2.0542383433684175,2.064342065027597,2.0674614594630074,2.089528122969024,2.106388684266528,2.123574290843578,2.1519984259187463,2.162754760594973
2022-07-06,1.9671638398777878,1.9699354979727532,1.968666844220404,1.9724979968625382,1.9859594404114849,2.002423775962736,2.0228469315276034,2.0355764904536824,2.058613413287093,2.105413503597849,2.120344350382993
2022-07-07,2.022194465053391,2.023982091726447,2.0326465136140057,2.0383239706329666,2.04967279175443,2.0543190380942615,2.0797262459176014,2.095497512900679,2.112592139053823,2.1483519086344858,2.164749030821679
2022-07-08,2.1747044560080284,2.178271384852744,2.170867764139267,2.174396728549453,2.18691940086619,2.187165019571934,2.2229670713319702,2.222683099794926,2.239154412390317,2.272468257242576,2.280431067391423
2022-07-11,2.1669046435367907,2.1720092348233013,2.169118188874989,2.180010975493575,2.1888095667801433,2.195392640446601,2.2042758155850497,2.215136107047569,2.232536881643778,2.2541359439354873,2.2640664308540184
2022-07-12,2.2489102658106264,2.250864956183245,2.254623040385621,2.2509754556978967,2.2664292718901655,2.269453557241223,2.284137907222045,2.2979877534770474,2.305327759672166,2.32740400070265,2.3228694106220393
2022-07-13,2.2846434242727622,2.2785827878127933,2.2816842092655514,2.2832862581926547,2.2901211849349488,2.298873113743519,2.315573688486052,2.316323498353662,2.327946905043436,2.339176240746028,2.3247096548867843
2022-07-14,2.368191710203181,2.373565921662789,2.3757704031272375,2.3751433413224228,2.372418830643465,2.377562528815979,2.3883299945761465,2.386681028227864,2.38756002102874,2.37463895047004,2.364510457818431
2022-07-15,2.360453000863086,2.354329918268245,2.3624409181287027,2.3645591777360884,2.3581174068414645,2.3607897051117783,2.352825459103516,2.3622325447572234,2.3586712291340888,2.344815129960602,2.33891110266498
2022-07-18,2.478830708119902,2.493900741389075,2.4809233301509948,2.4837314563768085,2.4832389618050787,2.4725148895629308,2.4662374319242173,2.459873653627061,2.444801219595349,2.4092078609182948,2.378681337677788
2022-07-19,2.518291457732488,2.516332946868641,2.5233235253820463,2.5187664060225647,2.510981913800839,2.5108355094693158,2.5002926819678306,2.478001563717686,2.4715959707923516,2.4238967209292666,2.3994615207033387
2022-07-20,2.468681339057925,2.471264046394405,2.4789689950397515,2.4730492878965413,2.4622716268231324,2.455071734687405,2.4649477641469733,2.4436594624156744,2.4380109444670035,2.4017011030228352,2.383665238679105
2022-07-21,2.364951419348687,2.3677908704712887,2.371079522480207,2.3734134777135627,2.3712311378043736,2.371826566899746,2.37213970381581,2.3667958910100246,2.3594164742225625,2.3573788075845448,2.343924527191941
2022-07-22,2.4096415214028046,2.4065969837454793,2.4130016078625838,2.4094403699701057,2.409383403770326,2.413125448224359,2.408332216176669,2.4052079873737218,2.4015523947815827,2.3959958984582297,2.3767190194754546
2022-07-25,2.4754759762751055,2.4770384135178576,2.4784176230963513,2.470250061001988,2.478641777553782,2.4723589974294207,2.4713087845132544,2.476313055255288,2.4768551044806966,2.467555843524954,2.447717497127514
2022-07-26,2.528345813796704,2.527581803819908,2.5241840121373857,2.516108478477687,2.525428138807613,2.518976238236209,2.529419902589243,2.522233397665449,2.5118864718135896,2.4914346328640047,2.4694566679634797
2022-07-27,2.488921645356002,2.4929800869311896,2.489136960539821,2.4878311997484,2.488369624406836,2.4941977369786885,2.4933729038541195,2.4953999019481015,2.486503972600709,2.473461167960406,2.4642238480074
2022-07-28,2.4428886179106972,2.438489562814899,2.4404285098734175,2.450514185455384,2.446824375884277,2.4418623502091648,2.4418397739883773,2.442770072678367,2.4406532822098024,2.4299310901798528,2.4179726099155636
2022-07-29,2.5090853018924033,2.5117778152394834,2.5079314351485333,2.5025495170052774,2.5114852396056095,2.502781062575954,2.5018457634842046,2.5007007435585096,2.492957653716387,2.4711436008721708,2.4494798226201846
2022-08-01,2.538047859464235,2.547662145799284,2.539753461867145,2.5407548626602416,2.5358779403176466,2.5416809245269962,2.5387190001863305,2.5379183674501395,2.535325288908122,2.5170879610321637,2.5010590646193442
2022-08-02,2.4824022145875633,2.476798673457631,2.4805822896944383,2.474512202236233,2.4794017369366577,2.477270635631571,2.4776263330551243,2.475850038308966,2.4652165413229774,2.4544119157875275,2.439537991159225
2022-08-03,2.512374286660128,2.5170913730295887,2.5141237896368063,2.5109361819173532,2.511328266969778,2.5052692204942737,2.509882856193989,2.5102160659906514,2.5130152732092284,2.499977532699162,2.4913310405479585
2022-08-04,2.6278511537094595,2.6260293124470926,2.6230132931091372,2.6270103428059555,2.6220446691362986,2.6235180919009227,2.606579832782647,2.609005417573461,2.59211267866402,2.5605563175178796,2.5327419691606456
2022-08-05,2.7139116154105425,2.7108496286830652,2.7124783426960897,2.7085509222593465,2.7018922701959425,2.695921357797519,2.679091800672981,2.6778288212635593,2.659649047380803,2.6085393069357976,2.580769153223903
2022-08-08,2.776319864429669,2.776355142475975,2.7831439728583764,2.772266692938886,2.7642837812301395,2.754762576806491,2.746372977727958,2.7328357110160875,2.7117932047192155,2.6595012851609345,2.6345612986645435
2022-08-09,2.7274589604436312,2.733128434408244,2.7272517840375565,2.7240324408104812,2.725824911576617,2.7181503228791724,2.7073440120369967,2.7052875413287167,2.6905706306137667,2.652027716063094,2.6246521266033054
2022-08-10,2.764517009808239,2.7613075144648014,2.763792820129275,2.7625112773853018,2.74946924471808,2.7494150897623726,2.7366724588169844,2.7254737229548724,2.7049707340821407,2.6532551133768334,2.625809730349032
2022-08-11,2.790856150457382,2.7856765875347724,2.78527229547091,2.781482383826333,2.765521118821506,2.7693609666734766,2.7496355135488217,2.723596803720716,2.7018260302842156,2.6506976654665766,2.606099865878128
2022-08-12,2.78561342450731,2.7834211350324845,2.7752230578702286,2.773737499574932,2.758645417095303,2.7478513281860977,2.7378071723887003,2.7201387199778737,2.7084225155718293,2.6324603252418046,2.604537457073589
2022-08-15,2.810503327085017,2.8090482085712645,2.813041664814786,2.807872822463853,2.7874088389253657,2.786193026526098,2.7650144995478048,2.742661949344653,2.7258453476227342,2.6705156184345715,2.6226365454337754
2022-08-16,2.797603108567536,2.79830991360277,2.791529161878505,2.791694921394849,2.7825059829695715,2.7745194961530917,2.7561411057515492,2.7420487660575414,2.719226096344405,2.661049371129431,2.6226287797143897
2022-08-17,2.8740308419028104,2.872292212572286,2.863687659246858,2.8592570180225136,2.8444644194952553,2.838152919522739,2.817706456992642,2.797395519572322,2.7748195880069892,2.705041046342608,2.6580417295296983
2022-08-18,2.806183090962318,2.8084442517908967,2.8021674976294184,2.7986090407254784,2.7880841598880375,2.783206228888817,2.7678854524832888,2.7471466385123655,2.7329003854035085,2.6767768770867346,2.634376788232782
2022-08-19,2.828155760221884,2.828366262932054,2.819475453230673,2.8220570292374783,2.8149957314147844,2.806936968164408,2.7872314763100747,2.7753322002078327,2.747990738160136,2.710049764898182,2.666426900030354
2022-08-22,2.8035047785207095,2.809782969260334,2.80377599754067,2.8018615953708585,2.793946184504837,2.778024755970335,2.765399844473803,2.751558971554551,2.731016736955048,2.6931397559179184,2.6643100982440924
2022-08-23,2.8053842250745182,2.8028279504924334,2.800255086959871,2.809516295263494,2.7888832313431418,2.7889713614168383,2.7707496024011418,2.7519326900460186,2.730468687946397,2.6880083920372417,2.6803787745933314
2022-08-24,2.854496358015471,2.856084964605916,2.8509232612844597,2.845091629264821,2.8351062459817373,2.8193807187482767,2.8145763129538297,2.7955808854158435,2.7835570708157915,2.7390021118542136,2.711767004839156
2022-08-25,2.858870722446006,2.8573406863966366,2.854510641140037,2.84383171929571,2.8424017623597195,2.828007816577268,2.8099486039982224,2.792626812239072,2.7760121140681466,2.73362232537047,2.7076937613440055
2022-08-26,2.859067905479976,2.862760243520743,2.859168415970297,2.8483100130538643,2.839772873328882,2.830395044325815,2.820732852720269,2.7986425251574927,2.7804193272773454,2.737334612426044,2.707821970697585
2022-08-29,2.8484261905983894,2.8435920420486327,2.8471093272187478,2.827904745264719,2.8235726071247544,2.8215863208834446,2.7961899188548616,2.767921665178076,2.7523715173358676,2.7104352426549023,2.6826830269710573
2022-08-30,2.830848905277704,2.8275201048442127,2.8267953652333584,2.8164085365006555,2.8153237338738486,2.7944876032680557,2.7774229065940954,2.7567947618356325,2.731315730277392,2.678641036869616,2.6542772346604746
2022-08-31,2.8365515354100515,2.8370037195536417,2.8353292261359115,2.822784317782101,2.8235518437250064,2.8103956300155315,2.7967030068816614,2.7803400900962427,2.7555103821015443,2.7111356515526475,2.685405061500717
2022-09-01,2.8846795148091795,2.874419959525852,2.875780545817731,2.865346455617798,2.866577074839521,2.8509493401891692,2.822144562345206,2.8078692378775902,2.778850443660858,2.728546872821909,2.7111021362264895
2022-09-02,2.9092021948893616,2.8954159560944057,2.8928927323872076,2.8862618956057906,2.877666158096596,2.866528404393751,2.849816603783297,2.82444181390987,2.7994314093340105,2.751718364208842,2.7201376960078343
2022-09-05,2.862026611990352,2.860492456584489,2.8614619936891,2.858212742928564,2.846128412549102,2.8320983692177566,2.817525156481545,2.8032719030381754,2.790291718749195,2.7357136420763655,2.702697036591223
2022-09-06,2.829246172776782,2.82962601354534,2.825078214609876,2.823818239129518,2.809464478934507,2.804589655376424,2.7846474850343794,2.772180138753558,2.759774354050316,2.7079271799253637,2.6914498459115896
2022-09-07,2.9007168245047197,2.8945922094199026,2.8932501211209005,2.8852815351568286,2.8685685796047276,2.865716857849368,2.8350088349587788,2.8200679882849125,2.799196906752913,2.7431515132918523,2.703208815947731
2022-09-08,2.9463186408536854,2.9485640297118803,2.951280827655214,2.933656910193498,2.9284357495735502,2.908603828351279,2.8876237374228957,2.8765917217694326,2.841496125405335,2.7775845283004013,2.7366429806036217
2022-09-09,2.993957104370299,2.998662434043043,2.99889874121668,2.984372183946771,2.9745103378609272,2.9716687055153392,2.9368026673631005,2.9269646628337496,2.891551471276251,2.8193237958901625,2.7920369722036975
2022-09-12,3.0123821008327267,3.0118238467539853,3.0034871111534125,3.005860300239035,2.996790719584411,2.9781337880270717,2.9558776206057673,2.92647555804804,2.8939815304767835,2.8222648192887236,2.772465564463737
2022-09-13,3.0257596863272767,3.018290156476177,3.0186170902076537,3.019912882841579,2.992193574800808,2.9803181438803334,2.9613056572505303,2.933498745240324,2.902690056200214,2.8308676938258652,2.779832431819284
2022-09-14,3.0580187670337944,3.061617971864711,3.0557803017738276,3.048297902231881,3.025905618685192,3.014692774573438,2.9910874673457903,2.956158794809698,2.9272426845854027,2.8428206322672045,2.802919330294618
2022-09-15,3.059553751954219,3.0640301606880302,3.05482708912869,3.0448950461966597,3.030097227103496,3.0137027716886875,2.9911200586717586,2.9635874405659597,2.9331684082285663,2.8654854443529887,2.810388285979216
2022-09-16,3.049026674320571,3.052031796011035,3.0411751920683647,3.0327489607632145,3.027315547516016,3.0144964418609854,2.9987753059902102,2.9814504585321195,2.9567155690835003,2.8899056334030075,2.8587488996049504
2022-09-19,3.1302740688461905,3.1249703043656014,3.119703480273816,3.108392076447207,3.102780907673477,3.104656858336964,3.0589163611826815,3.0405589500435677,3.011643096766591,2.9401593135283237,2.895281351185712
2022-09-20,3.1753900514428435,3.1769232240018432,3.16615336191793,3.1665454235800907,3.1541502686082676,3.144540934310533,3.122112519694172,3.101166621995614,3.0689541677817607,2.9933807809865645,2.949962979630105
2022-09-21,3.2488897545417323,3.248925871580258,3.2346929223422696,3.2355581937381417,3.215648691202976,3.207397977340461,3.1804155619516217,3.162164430835514,3.123461182011663,3.050346780870595,2.9929763339182966
2022-09-22,3.2468881148116986,3.2401823097797084,3.2379876434129393,3.229652189643991,3.2148865900604267,3.2002552247405682,3.1811341358471092,3.15812029700788,3.121657949843764,3.0459782668433766,2.9920502362186747
2022-09-23,3.283448348998137,3.27810071017976,3.2681845469075097,3.268992006831088,3.251932555824304,3.247324704338475,3.224677474585423,3.196716778180902,3.1570771569724907,3.0811794333946403,3.0339814955842472
2022-09-26,3.231010495022702,3.2264608944207067,3.2267293471622485,3.2211562450416737,3.2024937139174994,3.1988009808362126,3.169689293667583,3.144608844175981,3.1189877538754214,3.0477754785693563,2.9880164276959773
2022-09-27,3.21177610987287,3.212467846899412,3.2098829452979434,3.212328850947209,3.19684117483353,3.1982795945178504,3.1717516299571016,3.157750295635767,3.1374969237640853,3.0647038716992165,3.0158243037340404
2022-09-28,3.2372109130700903,3.230512811802681,3.237153293396476,3.221240123288655,3.2158908834205118,3.2074616566064322,3.179396809428175,3.1530451817961724,3.1283461629153333,3.057754206629082,3.0068386357230317
2022-09-29,3.212469453143592,3.205498275603741,3.198366370786634,3.194157792437498,3.1706962396685365,3.1573412299155796,3.1319798122638964,3.1089218285199163,3.080017720810317,2.990820579251261,2.9430408768412066
2022-09-30,3.2345441931366903,3.233195454079998,3.229203060956766,3.2210649898660115,3.219923606995543,3.198365462046964,3.1817720542977614,3.1673565754658233,3.128722421994684,3.066693101452014,3.013877652243884
2022-10-03,3.318666441994571,3.317412654787704,3.3080805348421083,3.3010053121493645,3.28821744531166,3.2746140722551074,3.259781491643833,3.242487322349873,3.2075392444907598,3.1367218821359715,3.083788791628365
2022-10-04,3.4133122694042632,3.4074282631105843,3.400724198507818,3.3962055990284057,3.3760972714819473,3.360372672033607,3.334615478083471,3.3080942860801317,3.269426625207082,3.1908816457752844,3.130696359773841
2022-10-05,3.332547795577017,3.3324712840482102,3.324583863256355,3.3233494383470497,3.305290746551409,3.289899240255791,3.268014590498132,3.2373241109303135,3.2058069123933772,3.1269415691156763,3.062839311887111
2022-10-06,3.392518090324804,3.383371718296607,3.3828662238919684,3.3663858813324765,3.360285612576009,3.335564342587478,3.3009128530209884,3.275923074113599,3.2504590853766926,3.148678058617527,3.0769578222834273
2022-10-07,3.3535847958356806,3.3475484711151933,3.3475049576829554,3.3355057903139107,3.3185931700687297,3.3038600407795653,3.2654849235872003,3.22472042364869,3.1892719334481736,3.085123268951889,3.012523067238433
2022-10-10,3.301019665824124,3.3023417353470252,3.3058719638253526,3.2988971764834645,3.276171592647251,3.2638175547198824,3.22527573583865,3.189420273975078,3.1575652167896897,3.048519437682694,2.9734083908964033
2022-10-11,3.2885476299292726,3.2842827934878502,3.281674993527467,3.275788852058449,3.2585468853388004,3.2364669181292793,3.2011776162830925,3.166866158604619,3.1319367728164282,3.0262639209473785,2.966575712876011
2022-10-12,3.232382559405073,3.226490063249647,3.2190278094122524,3.2135869385307805,3.185354634441193,3.1828790995486824,3.1394690013759408,3.116976905813014,3.0812381207753767,2.98310034685295,2.917442257208512
2022-10-13,3.256290787031473,3.2563022943131426,3.2608448803063723,3.244329217791847,3.221638076793461,3.2123008132471216,3.1657200585220546,3.1462982057125237,3.1139796324598095,3.009295978640399,2.945696745044821
2022-10-14,3.2241815388486135,3.2250754825215533,3.2195095289293496,3.2099414859716,3.1800530160665463,3.1619546141316275,3.123783722544545,3.0961588540700555,3.0500620408414547,2.9514674972294204,2.8875308481515356
2022-10-17,3.2999416680329103,3.3003744943610767,3.28933244343861,3.2756846572459715,3.2600235979976104,3.223526408774649,3.1923721842387693,3.1455206444668447,3.0963482770077992,2.981155052644898,2.9091341094506236
2022-10-18,3.309526856428041,3.296765798092439,3.2923226573290476,3.2741223380651756,3.25458306193527,3.2329224354297588,3.1923373259600556,3.1506916920553123,3.1013813042460545,2.9912306511101754,2.917528656573147
2022-10-19,3.270526027121019,3.267827578984823,3.2511265064907806,3.2391941776698783,3.217215583218144,3.1872786363201557,3.150464064837892,3.1067086476991927,3.05401665972196,2.928308681549607,2.8661568301585643
2022-10-20,3.348506424355065,3.346768123561741,3.3393396625210534,3.3170097596759596,3.300500610495197,3.273354844078813,3.222473802875922,3.1825790370564313,3.1268156289655615,2.99337980493287,2.914960013433537
2022-10-21,3.3668058688746076,3.3659188825154076,3.3490094120513025,3.344472395348925,3.308511122166663,3.286209134793736,3.2405806367647267,3.194051117997188,3.1462796596634095,3.001503352783574,2.9220572323025813
2022-10-24,3.3869444845172505,3.382980504198828,3.3754022818606555,3.3671674339723316,3.331587185147941,3.3073392022172903,3.254696716238208,3.2119520204937575,3.149562385348844,3.0160709650923496,2.931106988019169
2022-10-25,3.355669944486819,3.3515086246706662,3.349181945184849,3.3270001136063088,3.308537036389212,3.2813983960688153,3.230981585683513,3.201667642154183,3.1423423540871522,3.0131298001805984,2.9389821861471384
2022-10-26,3.3558824919633,3.3533851533965278,3.345801092201555,3.329864698305569,3.304899653712837,3.2809863758199915,3.2443688149236936,3.209464697160716,3.151549043253988,3.038449675453734,2.9650657673078413
2022-10-27,3.313611686268717,3.3069948768147155,3.289961032105446,3.2874159557674965,3.264732037345705,3.2436360174087144,3.198270520376953,3.1719076323344733,3.11379010943857,3.0007261205821734,2.9299679684158657
2022-10-28,3.28088884616662,3.26538530295421,3.272616828243857,3.2541470683470775,3.2243299674758306,3.200674516525448,3.150237487484238,3.1203381029293173,3.0627765604978148,2.933073012324811,2.85734074000644
2022-10-31,3.1892409575119745,3.173182988038874,3.170963846347698,3.1543853575008507,3.12824790416944,3.1073067979677904,3.0635992000250845,3.033573081660458,2.97998927927827,2.8648049181479087,2.7971650442957463
2022-11-01,3.162639642563964,3.1670903639603982,3.153942287950658,3.1443350319497148,3.1165247823920788,3.0966199065734132,3.0494582089764437,3.005899759493805,2.962326486836179,2.838546536179789,2.7777197639297144
2022-11-02,3.150474413469227,3.1546176285489,3.148252742186018,3.130762043172223,3.1016826134480895,3.074829776217552,3.0389239338624976,2.995528757066341,2.942149530821358,2.8166783119141647,2.7511627659329023
2022-11-03,3.137532153556465,3.136311857428149,3.124312952045239,3.1182715639513208,3.0853278828782673,3.0642041425578093,3.025516381717153,2.9814496913025916,2.935699625511982,2.8223846758747455,2.762756982962111
2022-11-04,3.2033557493804143,3.197945470199552,3.195853703792093,3.185637156127695,3.158464344883464,3.1318685458512965,3.0915804660546264,3.039603067538014,2.994238938566607,2.8699569562795935,2.8124939855308924
2022-11-07,3.221705389289191,3.2200203423404163,3.2218265335627105,3.1995822062228334,3.1722118652628795,3.148667817497137,3.1081736517459997,3.071026575776537,3.008916736850092,2.8996204637183034,2.825544879266029
2022-11-08,3.21421494529618,3.215185427482521,3.205520631695243,3.1983936256090715,3.1639008049978345,3.146353060635912,3.0995122648311817,3.057508159125055,3.000290467299079,2.895156427728196,2.829183228113852
2022-11-09,3.1511864537452285,3.151698161206754,3.135443752561772,3.1235535591910524,3.0986385672369106,3.0745430340797113,3.0270498653270805,2.9876785151079814,2.93836764845563,2.824657120926608,2.764038682106084
2022-11-10,3.063062486145598,3.0672131844158947,3.055401216482217,3.0422019887798584,3.017312067804877,2.992000464456697,2.95228619356946,2.9126241734614418,2.86595902004186,2.772595727249997,2.7035587941841497
2022-11-11,3.0731199219351275,3.0658468158664047,3.059271292592629,3.0500917700507273,3.0245094806077364,2.9939678309972453,2.955656879829618,2.911739420365877,2.8708497900196375,2.761340491398155,2.6934762303489674
2022-11-14,3.05982530525642,3.0588869851757776,3.0552651154026793,3.0343044685881915,3.017866769219493,2.9923653791400113,2.9503238733766155,2.903256458842905,2.8561325882688,2.7406912741056924,2.688101745504486
2022-11-15,3.05905120375216,3.054949453919536,3.0477072494307658,3.0347518023274254,3.0036178606949826,2.979182189835521,2.937644450805258,2.8931625943400148,2.840769248569766,2.726197977913939,2.654667317408179
2022-11-16,3.0268489022246263,3.0142507752911403,3.0090038883272823,2.998206488713574,2.976707018004506,2.9437737419449745,2.8993952936579874,2.8596773245147302,2.8012050928043095,2.683294280788668,2.62422346974231
2022-11-17,3.015847564527142,3.004750832739457,3.0103495842822383,2.987884032053275,2.9590325124827492,2.9444657227807056,2.8843878505573373,2.843724340866758,2.7917080115749,2.672311823823344,2.6131250868291716
2022-11-18,2.9787430744325167,2.9765445846773364,2.967933176453917,2.9527741070723867,2.9299955168781415,2.899692070864178,2.852127305645396,2.8192542678785464,2.7639342289539046,2.64277330399514,2.593579172129771
2022-11-21,3.013480760296712,3.007496225217469,2.9960799580149313,2.983385974377287,2.9524264128457154,2.932881353152339,2.8814087760542426,2.8403713321011343,2.79057665249749,2.6679313298607776,2.6037133825863275
2022-11-22,3.0055303870358316,3.0059760060712675,3.0058958321937865,2.9850729818846933,2.9571532246489762,2.9423855839690405,2.895176744264744,2.852599255566596,2.8096365742447063,2.68963371419167,2.6383644049696247
2022-11-23,3.0714749021771994,3.0695445652363897,3.0694073030677553,3.0634198871431515,3.0237747121094856,3.0051484418823367,2.953846219871043,2.91658894044681,2.862097101178527,2.74811750668637,2.6922212709958013
2022-11-24,3.1195846857563216,3.1151656475880474,3.1044407203886624,3.085338952933291,3.0576399510913195,3.029181353427267,2.977070265799605,2.9320344587852274,2.875602222451436,2.7446178403762365,2.687262771734354
2022-11-25,3.086622538101472,3.078442955931023,3.0725997639400306,3.061035541532343,3.030997709446847,3.004688471161508,2.9566669689684852,2.916764458344633,2.8640522920067415,2.7363416496810413,2.6798614062838406
2022-11-28,3.090829346570713,3.0797382514248772,3.06573856077521,3.053834908771095,3.0302585772083326,2.9963778674073915,2.9498178125055525,2.9152620890098664,2.859916626829208,2.7458063466176648,2.6900624729887777
2022-11-29,3.0490802585274497,3.0512348403569938,3.0347589348531763,3.019039430144826,2.9939332202825537,2.970544754479047,2.9365103640903936,2.88524592386536,2.8461103053717975,2.739148132267103,2.6832936973698533
2022-11-30,3.0881821720680085,3.0715472886454784,3.073035515316379,3.059579004507964,3.028776457593871,3.0054975150478933,2.9592214774047467,2.9241104041022825,2.8673773241891567,2.74756912486292,2.6920173440267847
2022-12-01,3.1110743402039867,3.104321544786996,3.09933000761633,3.0890114726534783,3.0566308033446745,3.044749399277545,2.983532117900174,2.9551020967167014,2.9005274006227717,2.7901731019886626,2.727851926410614
2022-12-02,3.061488634005078,3.054951955277551,3.0542023629448716,3.039754024609942,3.010752710372978,2.9846029074182203,2.945427820600075,2.9068462766041443,2.8647930266601183,2.75069955262268,2.7013726101085864
2022-12-05,3.088223928536952,3.082948849499974,3.071449849178234,3.0640439782761186,3.0325921770468227,3.0072902714296963,2.9759507379645305,2.933290988443112,2.88357451625208,2.790193841340213,2.732104429257834
2022-12-06,3.0263444709002467,3.0242878314243087,3.028324011832411,3.025114923288411,2.9875014595396774,2.9664979679151084,2.9356337916701447,2.898098555323757,2.8584523363365584,2.780142161469443,2.7211147492683145
2022-12-07,3.021427624669369,3.0234159947766313,3.009643199848454,2.9987703646162798,2.9763154820341455,2.956391397487727,2.918975606780886,2.8770667904576634,2.833931921818662,2.7469992494037743,2.698184197703292
2022-12-08,3.019264961417716,3.00709449352581,3.0046043602784995,2.985684861987909,2.9744669707064064,2.944538305307866,2.905294377775692,2.8649590494840966,2.8361089309376037,2.7278448754584366,2.6824850807344656
2022-12-09,2.986920959084402,2.981446797029537,2.9775595636903605,2.966346691160489,2.940759769793771,2.9267754493880167,2.8849960967608648,2.8472862941207313,2.8177499517520546,2.7252700481043703,2.6797464597143654
2022-12-12,3.0767131870728996,3.0655173009910306,3.060737749852518,3.0486386616668932,3.02705115414909,3.011871559691367,2.967451495464685,2.9451263677567785,2.9035156544798157,2.8149600264169514,2.7758769057840658
2022-12-13,3.046630419911187,3.0432680449620046,3.0388429096747434,3.0306631444440653,3.006470950468292,2.9774342955287603,2.9353668181557135,2.900695067233334,2.869836212145343,2.782466091845278,2.7266050221550895
2022-12-14,2.990499918297051,2.991113837549734,2.9776184621642714,2.965541953978662,2.9481049279367735,2.928012323280017,2.897393203931186,2.8635889992259993,2.829238278660872,2.749939759096139,2.70298054929446
2022-12-15,3.0452038616704895,3.0366272945591275,3.036762068442439,3.032176083505143,3.002480701958719,2.9838423597902137,2.944848732522978,2.9026310599071015,2.868261005291372,2.773221528171713,2.7223627804614123
2022-12-16,3.0578524129987645,3.0638990486444064,3.0561339044668174,3.047575198410673,3.0181524754221063,2.9985606304636456,2.961504543642189,2.924627740448489,2.880012367866663,2.7845544224657077,2.7425292145024405
2022-12-19,2.9995079012927,2.9985436513597694,2.9920063889459367,2.9754440751122613,2.9669880534848354,2.943341462394736,2.9029525363282813,2.859703434400024,2.8278321297278395,2.7363520027629784,2.688185049438277
2022-12-20,2.9450632395287966,2.9426811788080993,2.944653984527095,2.9266711311322178,2.9105319808915304,2.889573745553502,2.862328696390934,2.8279583594036506,2.793471896448265,2.712419628602193,2.6719994255763937
2022-12-21,3.009066768973677,3.012372530558158,2.991480992164998,2.988928164850315,2.962609764311409,2.941988165362688,2.9124131086046128,2.8756828219811195,2.8473222810920666,2.761298062749338,2.7204469188982716
2022-12-22,3.01164140294708,3.0057319733568835,2.996308649092496,2.990901727184803,2.9614389133899537,2.9416964238439287,2.904829755024988,2.877262971330384,2.822873419057665,2.7405202095166024,2.7167364793480813
2022-12-23,3.0549360373537513,3.0521185679081735,3.047897071775119,3.027229112364529,3.0084463758046396,2.9862289907110138,2.949930237922105,2.9185027495408433,2.8778378222794356,2.796792105446636,2.757858960886149
2022-12-26,3.1249133702175693,3.1221365044413325,3.112881997377077,3.1028300765815904,3.083299722538674,3.0547875013261883,3.027511307734484,2.9860840473333714,2.9405163608993963,2.8537298851352113,2.8102101698365574
2022-12-27,3.114692928425177,3.106049529347938,3.106192862261079,3.0881454084180184,3.0709318991259016,3.0581124175246486,3.0254152078021037,2.993408883856221,2.955745352577733,2.8697921208948416,2.825848010166411
2022-12-28,3.171918207793479,3.1700630302272366,3.158050861449362,3.1449507549669367,3.120221371562715,3.1038708268375275,3.0596352397771183,3.030454748765521,2.9778036145684896,2.8851068468959746,2.836232670728763
2022-12-29,3.165599523524999,3.151874894854256,3.1572189247229074,3.1503814240568104,3.1235186783974673,3.1004628995734644,3.067644939418984,3.0420623110519136,2.9947329913806535,2.9123804749493827,2.870903196645176
2022-12-30,3.1021621086540585,3.095506205710498,3.087557108136037,3.0817377629667577,3.0654280885928955,3.0481163980806594,3.021758261484887,2.9874080672253807,2.962530147287381,2.8771652581848666,2.835995642101735
2023-01-02,3.1283263388414158,3.123912644197364,3.1189670186445557,3.103832503942277,3.08879165027618,3.0688401064679143,3.0332269482505234,3.009220332473136,2.9729458305542296,2.8829575228228848,2.8531618003301102
2023-01-03,3.1421421925268587,3.1382085215117024,3.1371355549094035,3.121084202641863,3.09517428183218,3.0804252322531998,3.0576134087124687,3.0233462742769173,2.985530800710847,2.9091096815153596,2.8681817669714014
2023-01-04,3.180192621308611,3.1796655605697164,3.171583946175586,3.1628777187546238,3.1466746081690786,3.1328286320567886,3.0922116667224375,3.074594406806988,3.0463792078323264,2.96785848123843,2.933072167720993
2023-01-05,3.193887365751881,3.1858445137154168,3.1801044873204343,3.1738774988721787,3.1518871628372462,3.1322278921767217,3.1077692637766585,3.0754673841116644,3.0383986110371786,2.9514033568904767,2.916538226883801
2023-01-06,3.179645347170902,3.180922036024446,3.174062038509565,3.1634315619281588,3.146826026320837,3.1383422256668765,3.1047746751097334,3.081286787868743,3.0470084809002342,2.9767698925861645,2.9307657629244175
2023-01-09,3.175361011616304,3.172835036655393,3.171946366102636,3.1605160688102343,3.149817042753937,3.136346746934154,3.1040448845396584,3.0818825838037687,3.0454431827152435,2.9771483004795054,2.9509982795547773
2023-01-10,3.2798324061662107,3.2679452706368517,3.266939642547418,3.2520783879788797,3.246448036476336,3.2311540375373324,3.195935998227114,3.1740681170886766,3.1373077361072177,3.0576400355332343,3.020003761686226
2023-01-11,3.316286520587169,3.316432705825268,3.3108617577324035,3.3005799851249926,3.282364918434019,3.2645003685893426,3.2444769442463657,3.211446700361306,3.1779860382753746,3.1052035131432723,3.0605728439517477
2023-01-12,3.3127162552208658,3.3143221524936775,3.3079186941461467,3.297857931778312,3.2829699723750103,3.2627595517670165,3.2413662766004943,3.210094897903577,3.1780759885567056,3.1195537397233504,3.074856654603695
2023-01-13,3.3239978620687785,3.32396795231307,3.3165655817048725,3.3005876292608756,3.281158314019007,3.275507022093711,3.2448511065112724,3.2215629968604675,3.199386355761815,3.1185735189701282,3.0824856037801966
2023-01-16,3.2316122540314685,3.228355167933171,3.2235734100422397,3.2212564766610474,3.2049001324630106,3.1929659087787883,3.1630841461956054,3.1505464201399462,3.121163875806504,3.061551632664663,3.035798249359185
2023-01-17,3.2980838791864393,3.299063273563687,3.2910923775159016,3.2890646976596614,3.2746726006134343,3.2547906807127016,3.2335003136847447,3.2150383352837086,3.1877764306294045,3.1186833640393723,3.086090964917249
2023-01-18,3.259883993019191,3.2508820245136114,3.2477538925994236,3.241234291617274,3.2278992228362786,3.213167228890845,3.1965760019021623,3.1890246910566944,3.1544906659384444,3.10517043344121,3.0704117061573224
2023-01-19,3.338421733873148,3.3343879862823713,3.3275384493436966,3.319139136487423,3.300479436708276,3.2894626811219054,3.258272473898956,3.2458066384139017,3.219280951708809,3.151960814883391,3.1123761137744173
2023-01-20,3.3110935985535512,3.3062884937775237,3.2951712481632347,3.291895890443884,3.2854928626258673,3.2611852481100128,3.237744476510027,3.2112540749536915,3.1832964979782865,3.1178750681245324,3.084463740862002
2023-01-23,3.369240421956402,3.368327916633153,3.366868860798492,3.350018872781325,3.3460819522763927,3.326429047840091,3.293617332421154,3.268099794683391,3.2346470123301865,3.169570725988591,3.117971127339275
2023-01-24,3.442901408890731,3.4333049012412027,3.434492816875325,3.428345109461572,3.403518664442743,3.386837481480325,3.352046891011599,3.3323180598350803,3.2818843866934158,3.19324091127372,3.149667178746109
2023-01-25,3.445931808284937,3.450416621333968,3.4379399267982835,3.4308502218922854,3.4197126730833634,3.402932751434699,3.3708149447415146,3.339629378875506,3.305121392828903,3.220706024215775,3.172156054696874
2023-01-26,3.3930952253218636,3.3969849463322386,3.388983673539245,3.3868061321528815,3.3622689307827995,3.3537907981225508,3.341959301731483,3.315588675950291,3.294384889726254,3.21715297761567,3.1800678799977566
2023-01-27,3.4240463112072588,3.428115749234424,3.424879261951546,3.422551400642104,3.4018803818717274,3.3929795761175994,3.3698903507982405,3.339943705144034,3.32079703788626,3.2445654369377803,3.20605724279854
2023-01-30,3.4805824499686153,3.465949879809824,3.477890996034996,3.459163805966199,3.4431826029244514,3.428279164238963,3.402741596919337,3.388974180825217,3.3434484902183197,3.280760606069067,3.237711577339359
2023-01-31,3.509538165149114,3.5094015718114195,3.5052171478594,3.502262726339997,3.4852188771801007,3.468283130587464,3.4505268914121174,3.4292318789552603,3.3992881704289335,3.3258987177429025,3.2795787435187354
2023-02-01,3.5001470781761963,3.5047562923051943,3.5024960011225237,3.49105226275377,3.4770711165832737,3.466782741959363,3.4490947701212606,3.4278184333909794,3.3940555916961292,3.3479548536232255,3.3086121318422967
2023-02-02,3.684552798836891,3.689821749303619,3.675777247302674,3.6665500080543483,3.645397625069975,3.6440448749440058,3.6050080983910826,3.5796395834996013,3.551207305504798,3.4556090689062975,3.4016638553512077
2023-02-03,3.624340230816608,3.614646948364415,3.611480572214269,3.6069300845294077,3.595963398502211,3.579753356707307,3.558335241051866,3.5357320502884155,3.5093648914783957,3.427854203364717,3.3846055978793474
2023-02-06,3.7039242391660614,3.6975985284936668,3.6948370256732552,3.6859370004807364,3.672851269385237,3.6600967991348385,3.6300031314948704,3.5944492794569047,3.556541591140279,3.4659287845742206,3.409772315956072
2023-02-07,3.639741703281832,3.646442102772276,3.6325963918946123,3.623623690121134,3.61171206768653,3.5884149531017684,3.551183559739348,3.5228578014050993,3.478553145357427,3.385210345450648,3.3249065585220596
2023-02-08,3.597472950810805,3.5879176145229392,3.5865770577575145,3.5730136756575646,3.5570272267490277,3.541556231483263,3.5054385331931313,3.4860462627124287,3.447715846885486,3.3618428380123047,3.3102453605532207
2023-02-09,3.5267845023934465,3.5317265774533824,3.522656803878455,3.521770953793571,3.4979822711130204,3.491128796072755,3.458964361504558,3.4329352291147117,3.398175802739909,3.3247794749271784,3.2771252941566753
2023-02-10,3.51864713729106,3.5168001728751577,3.5119354566540735,3.5136831300928986,3.481320471130557,3.4794013789942357,3.446186465091361,3.4250303584097725,3.397680500676806,3.3244667315506,3.2724369214427926
2023-02-13,3.559372242046296,3.5709887220915433,3.564294106097316,3.55405863029228,3.5307453917395404,3.5109783361662092,3.4865589512615656,3.454268312743158,3.417260993322303,3.3355338195075563,3.28444476477105
2023-02-14,3.4848330818881226,3.4844944366916004,3.4880988671021176,3.4797413422288495,3.4619483167315632,3.4504438383845377,3.417147872169172,3.3881491510756288,3.3623338256157638,3.283221315964217,3.2494423461316284
2023-02-15,3.516476594360827,3.5171930656845154,3.511761816175046,3.4974856587938836,3.4790253322518057,3.4661440861790727,3.434528188061214,3.408217754571793,3.3741436969429124,3.2937296088341097,3.2559683818606966
2023-02-16,3.440699216690955,3.4463376503240464,3.443312092007221,3.430106811210913,3.4248690514171827,3.4009920502531634,3.371540761761563,3.348138298102171,3.3127382758010393,3.2413272824030313,3.2042273397256067
2023-02-17,3.4328055699021385,3.4367074964446824,3.4315818194889305,3.419330187695031,3.404693632147553,3.3865967380395543,3.3605954396034634,3.332680045342066,3.297891708189037,3.239797980371822,3.2029073931607037
2023-02-20,3.4681012673993896,3.457174205826465,3.4585445850209937,3.4542762300424736,3.4354431806185124,3.4237677596383653,3.3903419328145272,3.367542500999384,3.325229625713871,3.262889364539351,3.220204452384245
2023-02-21,3.489842926046428,3.479905562776786,3.4800237538281786,3.4752278891929755,3.4507776205445797,3.4414027578785737,3.4057394563580177,3.3807812834972406,3.35402439874742,3.279364632576776,3.248363270021309
2023-02-22,3.511874801933956,3.4997176250704474,3.497162276732728,3.485871273862701,3.46922838548342,3.453708474488826,3.415203682708255,3.390949043909704,3.3592754054249623,3.2926878574189575,3.2556766635477987
2023-02-23,3.493036244514632,3.4837700216637293,3.4737711589268603,3.475227066395069,3.4461165295745957,3.437035178550031,3.4165611274873795,3.386992037805944,3.3599162485230814,3.2892802829090013,3.266285036697747
2023-02-24,3.556402905645518,3.551854949746372,3.5471746729813645,3.5426167424872315,3.5244571998697127,3.5069589677078303,3.4694202021432754,3.443418519744783,3.413517626855506,3.3365814866520913,3.29417452830875
2023-02-27,3.441848329073788,3.4320168322184896,3.4361832599093947,3.4188719677161385,3.4074161183145533,3.391697023673387,3.3591884173327986,3.3333952493280385,3.2991715778268227,3.2390134230687893,3.211223347955401
2023-02-28,3.509249570368007,3.5050233199590157,3.50524336003441,3.4849114971639135,3.4740921052142992,3.448301925538437,3.420345144570864,3.3934050432688756,3.3548733235668013,3.289329623611574,3.254190521022619
2023-03-01,3.491866455132159,3.4931599369674524,3.4875335380003727,3.4790518044194174,3.453971420227277,3.4353742866633654,3.4117872907747557,3.387704753771042,3.350685269130572,3.276591979096867,3.255933602819345
2023-03-02,3.4633205160927396,3.4657387641087554,3.466264601005402,3.457345383252906,3.437429992927995,3.423896013217842,3.3896643595633194,3.37621675770912,3.3422462893610283,3.287694741077765,3.2637765779846193
2023-03-03,3.497887292150996,3.4982304343557926,3.4899499096994226,3.4850130560737442,3.4696764157604765,3.4468389592511155,3.4208636299640753,3.406740341086297,3.385969493638635,3.3225841917179246,3.310196221150967
2023-03-06,3.6073862568042014,3.600557780915779,3.59573222443356,3.6005491133296434,3.5793426422146113,3.5638725361711043,3.535257789539669,3.5112274298779735,3.4943031642635343,3.4269915016541463,3.406280585772958
2023-03-07,3.6063662476237184,3.6038628393049446,3.6035627409244393,3.5995263188472832,3.574106466616298,3.5614171240186523,3.538974050914963,3.5139786882719313,3.489634176646673,3.425637246673713,3.4025680147160844
2023-03-08,3.590079536127084,3.592257569277898,3.5840357101087768,3.575915206700387,3.5501672163472713,3.5512027061314164,3.5193754934469363,3.497543671558772,3.4815963359060476,3.4183511187219833,3.4032831913335517
2023-03-09,3.6627361304918717,3.6634357869607883,3.6596394206449303,3.6485733252766694,3.6392143107589923,3.6231004226381516,3.599548826348078,3.587173183551184,3.553829358304275,3.495108264056559,3.4748897875118314
2023-03-10,3.698099973669025,3.700470929368642,3.6949392496345697,3.6827544442756732,3.6723247832464168,3.66327699870785,3.641865492736522,3.619032036101109,3.5840702121432595,3.522221319304095,3.4922761813984224
2023-03-13,3.713838198466446,3.719450805558822,3.7093790497043195,3.6948181925835835,3.676667119868974,3.660570011090776,3.625738554126756,3.6099425449746176,3.5734927569905204,3.502722414889062,3.4747037222594566
2023-03-14,3.7172464450326,3.706892567188256,3.7037932231181134,3.7014715689410993,3.683847005296983,3.668246467780779,3.6312347091229027,3.611416435358228,3.569433063571751,3.503091391241563,3.4544882854968515
2023-03-15,3.7312247528412983,3.7357614542700044,3.7245125520559954,3.7252089817990437,3.699202922474771,3.6902323740010368,3.6579122258232064,3.6234162541055266,3.591450541282058,3.513280935414571,3.4622063859885692
2023-03-16,3.670643357655662,3.670433917481881,3.6550794731409293,3.6516736682423097,3.6273754503779085,3.6121222711428524,3.5867195347334015,3.5624919430036437,3.530222389634829,3.455369768849239,3.4128053482024487
2023-03-17,3.6659576568297925,3.6683978009411367,3.665090802691221,3.6597704973430605,3.6289745455467552,3.620631656079021,3.585363138122692,3.554361452638208,3.525890641474396,3.4401923748291408,3.4059937293003637
2023-03-20,3.623120233438675,3.625419878233582,3.6125226440003058,3.6059254196954886,3.5834070621037943,3.5811381311510617,3.5425799297372595,3.5093596557562305,3.4737285030622185,3.394307036995498,3.3659997092701346
2023-03-21,3.6321390226640036,3.6262814724130896,3.6230888560645735,3.6197562095761153,3.6105134528296077,3.5858939134122294,3.558010057222345,3.529779715067512,3.4959915923643816,3.437400849098323,3.3993698067293416
2023-03-22,3.6419123932920203,3.638346953138545,3.633290326204813,3.629673861605516,3.610686353282167,3.5905729878327297,3.5570792672195948,3.5314602314044627,3.490258975237549,3.4122371806689658,3.372826923767475
2023-03-23,3.6875681275527175,3.688200294128336,3.6809248349594927,3.6648702201451777,3.655987699134032,3.6418489547961252,3.6092045378784188,3.5813352149140747,3.5481668858768076,3.473068109164085,3.4222595168659264
2023-03-24,3.657517201056063,3.6505583377746214,3.637459604873715,3.6340160901056757,3.6201241989411033,3.607033091079152,3.57859255061246,3.566172117049264,3.526588539469063,3.4614527584041848,3.4233356250599964
2023-03-27,3.6817496421041747,3.6871055744231707,3.679216802647052,3.675311832258416,3.6564044164320917,3.6371970876839095,3.615307891492396,3.600927648818504,3.5673717530548417,3.491564258293912,3.450320279857266
2023-03-28,3.7037417785638977,3.6973640258514373,3.691787709235262,3.6794993621581535,3.6669608815456036,3.651581712288933,3.6185355897094893,3.594992721979411,3.560533495331269,3.4832758324494377,3.4407353291322393
2023-03-29,3.710506868342698,3.705121587312511,3.700944074083255,3.6858539223244686,3.6699894611306347,3.6463128037058636,3.6179667634212227,3.5921812084681943,3.553177111364605,3.4704130373682727,3.416809893188935
2023-03-30,3.755667546555369,3.7565798661664567,3.7527901819678138,3.726756773879277,3.7193150349572797,3.6969190213045957,3.6647003953764172,3.640963325442468,3.5905802848135147,3.5041682711387714,3.441592640455537
2023-03-31,3.7800766073456726,3.7731116449812636,3.774344808861707,3.7568283813639876,3.7363401516941623,3.7231200765920724,3.683915643210927,3.650333801349726,3.6020818870960136,3.5164375440413433,3.452510256995376
2023-04-03,3.8489088325798075,3.8386959317040406,3.832710187709247,3.8185626719135533,3.8059847695400504,3.7772856347820976,3.746190160670447,3.711915078609299,3.6678588380772505,3.5719785462723395,3.510292618626927
2023-04-04,3.8523201731448418,3.853898327723558,3.8485813058955753,3.8353643746569257,3.8238362709822415,3.800990676472521,3.7766663717713684,3.7438617462008614,3.70865795273914,3.6172782292408097,3.560370141067681
2023-04-05,3.8845970831708154,3.8871319347826754,3.879906352333599,3.8695403065536307,3.8530948667451446,3.831845024608861,3.7901169971386595,3.7571577119599175,3.7087176909359716,3.612652936665173,3.539768309600642
2023-04-06,3.816512083507782,3.8176914876505696,3.8138123330269487,3.802517142550549,3.778454857205904,3.7587462009225634,3.729802562216954,3.6971653701082485,3.656586136173402,3.5600006388939445,3.503947971731789
2023-04-07,3.778926605439335,3.7688571781054376,3.7684877443861446,3.7625114584401063,3.744450533742006,3.716786297424497,3.6895253203303082,3.6491780885835503,3.61824073251261,3.51685729697131,3.471029634524038
2023-04-10,3.8377411908942816,3.836545632226218,3.828170828421927,3.815814201478742,3.803910005339357,3.7872590575493077,3.7524697951114354,3.71359584081602,3.674727123131993,3.581048396892315,3.5205898556223607
2023-04-11,3.7916995364892605,3.7889697943782057,3.786001583798356,3.769900424199875,3.758527619235727,3.7411536323840826,3.709981104494079,3.686250684397311,3.654816379431639,3.563726155810436,3.513811341607138
2023-04-12,3.8583149776898042,3.841258641365137,3.8382410436438947,3.8312640724099483,3.8192400037739622,3.788938922722112,3.75500644177416,3.733975296919078,3.684609547306368,3.5799640228232033,3.518225980896845
2023-04-13,3.909951507616403,3.909161848136022,3.8967783760653747,3.892684107953306,3.866492645490468,3.8544128571698737,3.818884199353957,3.7864662001181744,3.7422506811492435,3.6422125313349007,3.5687040229746554
2023-04-14,3.9031979038692977,3.9043309848862506,3.895613982151741,3.887298445664465,3.866354825417183,3.848548132866231,3.804808348741417,3.776932595848379,3.736794331050716,3.6362466989770517,3.5709369478164446
2023-04-17,3.9747947360378695,3.974755571712382,3.9673942005728735,3.958525129484628,3.9369194069404183,3.9132831822287044,3.875625124657771,3.8363959151561415,3.7890873807292484,3.6763687876685376,3.6057553812097884
2023-04-18,4.07785566401842,4.06564709891292,4.058350116661832,4.050417090055617,4.030784141540598,4.005375268926911,3.955029659494446,3.9307909759982937,3.8814574963261492,3.7570773553761403,3.6740449766336116
2023-04-19,4.030575097349575,4.034847893870824,4.023238582147113,4.00803323012046,3.9821144195060243,3.9616950923243817,3.9099392722815436,3.87295463448555,3.8186585715180072,3.6940964135800876,3.6257868777064433
2023-04-20,4.061208113518386,4.057249769096406,4.0459631264100056,4.025463700121741,4.010374517717616,3.9818361502479913,3.927529661326538,3.8922721901906985,3.834462197484558,3.7022628684648025,3.6277979172880905
2023-04-21,4.078468073905545,4.066838104646338,4.05508298789884,4.049623443797178,4.0162907280440505,3.99654570986811,3.9580594863245206,3.9155812459692756,3.8641071234921345,3.7392795388938955,3.6549346488539247
2023-04-24,4.069457798290078,4.06628515010098,4.0631187216608575,4.042157164215174,4.0282200742994965,4.00272614655745,3.9615877608621255,3.923469980362355,3.8780731860645465,3.7515261561446533,3.6735168869485544
2023-04-25,4.0949248989343,4.091294489282485,4.077594851269315,4.074190510759411,4.050562465445405,4.024150385922928,3.975602096502635,3.9382006727366927,3.881240861636424,3.7654887064047236,3.6841612010125426
2023-04-26,4.094665383321737,4.0881026059115015,4.08768248808651,4.066772327439855,4.048020531012803,4.019709241091953,3.9742781525749153,3.9324629773322926,3.8757451420520384,3.744330208461632,3.6726393656520666
2023-04-27,4.110292494835902,4.100404656865703,4.091778833847458,4.078631957568015,4.044420402831753,4.024397148756529,3.978906799682774,3.9310640135883164,3.8796665902967935,3.7305972421822258,3.6620626525359956
2023-04-28,4.133091184759292,4.130857719856974,4.123691135256324,4.105030677768951,4.074531026888832,4.046295838865101,3.997598397237925,3.949350221646764,3.8930078133823836,3.7454074353519666,3.6602886573864595
2023-05-01,4.190478341300079,4.190423698086087,4.170657043559131,4.156005223257125,4.135166774453831,4.096857803875841,4.037014220056299,3.9883887960247986,3.9290541002276447,3.7730190413196434,3.681209100938683
2023-05-02,4.1450827181779015,4.153841313423924,4.135443653593762,4.115933727182393,4.0780932350491055,4.055844412047043,3.996367755282474,3.936419013053492,3.8747799100583373,3.716910571282321,3.62736021276183
2023-05-03,4.127603064718069,4.114573099659966,4.1124976044514705,4.093439395513651,4.056058577063973,4.039228313625484,3.975350488411232,3.924676953939898,3.858001430242073,3.6978711957167567,3.6071885264450927
2023-05-04,4.152968729417564,4.14444429721779,4.13644135790584,4.111482918943329,4.088590701493239,4.059768726649405,4.0034831581982,3.9665253350392837,3.8965949773345634,3.7456542192757833,3.6561066042493144
2023-05-05,4.157438650057693,4.152441523972701,4.146493876265378,4.131459662333439,4.101327711859251,4.073748935043567,4.016554443090127,3.968165400852642,3.8962631874502893,3.7362456294708073,3.6531266005681684
2023-05-08,4.137013111455751,4.13944208062449,4.120746144406164,4.111494428356676,4.082040335235625,4.043943559359496,3.9902970466045664,3.9397735894450223,3.866154059325007,3.7164193095312137,3.616703782974231
2023-05-09,4.250399032490316,4.24698035453554,4.244277901103292,4.223261355469283,4.1842247835460284,4.151287990995143,4.089689108546257,4.0284663758070245,3.9551640861354818,3.778229469448705,3.6686338908772154
2023-05-10,4.247553157977798,4.2390002590646825,4.235440861240193,4.214802302938063,4.178764860683748,4.15354140175833,4.086364404974322,4.033321993519401,3.9612552024545544,3.7814113728734804,3.6730019368570703
2023-05-11,4.322737418882557,4.315812094368113,4.308638078036102,4.281542440239576,4.242092547558781,4.205597996266876,4.134962026465116,4.0684710077341055,3.9866779488935165,3.7855673860996504,3.679861600300596
2023-05-12,4.235640480427325,4.2386375386244595,4.2193019712187,4.199098581175736,4.1646573014554376,4.121334515780066,4.058362996436621,4.005115930389459,3.9253306141532693,3.73689650425811,3.6150843262264503
2023-05-15,4.094661112694052,4.0922931741566595,4.078669707356538,4.0629280403372325,4.029430644130295,3.992594199199682,3.9353649264096964,3.8766482381351226,3.810703091959401,3.6422018335462347,3.5455063322466738
2023-05-16,4.067355755392791,4.068394363580415,4.061515443113498,4.046167531023233,4.004342351272269,3.9770800906313486,3.9098851500247145,3.8544486690879425,3.7840610099273158,3.625732803787712,3.5257536549774553
2023-05-17,4.064736233722176,4.059119526980746,4.041350532440255,4.0328505277844,3.985028655249224,3.959324927766505,3.8938814180486387,3.8371140369095826,3.773186023513568,3.603207105707053,3.505877123466367
2023-05-18,3.9798422623481855,3.9795020129566017,3.9598397922655253,3.948888939612561,3.9089431663529672,3.875833744004029,3.8269698678677613,3.763575864610006,3.7030959670413734,3.544083454036365,3.4614380333217283
2023-05-19,3.9500501366622034,3.9431700286169717,3.941727344564339,3.917128593995632,3.8899342699232684,3.848193330320863,3.7834338885226058,3.7348794290725773,3.6741984387089106,3.5186871396139314,3.4340231226544744
2023-05-22,3.932784402703859,3.927104272785841,3.913996078930316,3.9043554263763363,3.8690206589359915,3.8399958944188683,3.784018100569043,3.730887272624596,3.661928695556853,3.515773080522409,3.443879768928295
2023-05-23,4.0435069731248126,4.034446534187626,4.01931199858186,4.000939470927244,3.970281448626743,3.94157193629121,3.8730738806314884,3.8177988262099496,3.7540439924800477,3.583581609789785,3.498043342823111
2023-05-24,3.9934106041306947,3.9852007094916075,3.9872839799426565,3.959151156084991,3.9271682385573476,3.887623350760168,3.8206756703349702,3.7520819191266583,3.700030274235577,3.5446245227188333,3.4555127861716612
2023-05-25,4.033513674020657,4.0315741377961425,4.017643007871052,4.006664008301022,3.9637654149205037,3.944341209883788,3.8738670177413344,3.822805425152824,3.750063560714893,3.5976680057735546,3.503913264029943
2023-05-26,4.043173140950045,4.034178599709181,4.0212966042978,4.0055604518435635,3.967372407493635,3.939270693926653,3.871020728085568,3.8180032977208462,3.7541503313871805,3.6122912236616482,3.518209912016446
2023-05-29,4.087122586559447,4.085584771382472,4.074207638396409,4.058256920135012,4.021043217066199,3.9864901797449135,3.9238380551098935,3.875962980524569,3.804360932507184,3.645298276090086,3.5615935017927955
2023-05-30,4.112425158968238,4.108585413445523,4.084686341491696,4.077397420759546,4.036760752883555,3.9997648612173986,3.9347069521349516,3.880629821958846,3.8084914271512873,3.635699951668436,3.533780619501902
2023-05-31,4.085420664699988,4.075147557999723,4.063399475538786,4.043961339895896,4.007478976857582,3.96776435325984,3.906194166945448,3.8584803614409178,3.7775657486462015,3.6129822105233362,3.511849161268565
2023-06-01,4.141575670458358,4.123139259829849,4.113340180504649,4.095126413354783,4.056727863040016,4.025413735195344,3.9598246112773907,3.9129687249722895,3.8416449337562835,3.680193862581677,3.5840431964090658
2023-06-02,4.062670348941008,4.058587051736327,4.054529291668719,4.032338001202378,3.99814070359663,3.971290332225464,3.9239736524770583,3.866272578503166,3.808835792171443,3.657457447946187,3.5874162353103056
2023-06-05,4.109992736843502,4.100871794387672,4.096712427360819,4.072099192582969,4.042517352560603,4.0167707160670405,3.9592880699632,3.897895056279775,3.83173220798593,3.6789349520052177,3.5987471313791857
2023-06-06,4.082724971193015,4.080708031892241,4.070068402222396,4.055579441460433,4.0188286127057955,4.000569827076205,3.9326030335026814,3.8985637042960573,3.825327802821251,3.684794756593596,3.598265901871486
2023-06-07,4.1134371435602795,4.1113100039933865,4.105056490868761,4.087248539533524,4.057216526025339,4.030735232387269,3.9782595637619047,3.9236020289049116,3.868567287464971,3.721296714134346,3.645871946043507
2023-06-08,4.1441905352244675,4.1425814111821895,4.129990811098157,4.108706714027688,4.089442699588865,4.048963057053067,4.001560380142989,3.9493570134618756,3.8828197691205726,3.7291962414277156,3.6455374960201454
2023-06-09,4.2072298643097685,4.204934688852775,4.190591828617244,4.179942822970632,4.142310186093842,4.108005619468779,4.052789464252571,3.9965459004567796,3.9305660042205433,3.766506132712391,3.672968232986844
2023-06-12,4.278929824317931,4.271051957293531,4.2576897907494144,4.247030604293045,4.202997802965188,4.178513579289758,4.108190695685235,4.053688499981482,3.9783963970373843,3.814519087598712,3.7201052201059572
2023-06-13,4.3061022497479,4.318304023208881,4.290447642994038,4.277636725573399,4.242296657602065,4.207389857833248,4.147827590420176,4.096010535877908,4.028202192417542,3.8636458979879884,3.7642086444577822
2023-06-14,4.318506253834462,4.3121080183293925,4.303273542962672,4.290636163146136,4.243141069870189,4.218223340765603,4.150641280237857,4.100782463315195,4.035637090845256,3.8652097989586864,3.774053251217283
2023-06-15,4.257778046856712,4.253045524669792,4.236201319061813,4.221665310959145,4.192610631882003,4.159945734224184,4.097476950363968,4.048711747096505,3.979251867194916,3.821478967487749,3.7405401530753335
2023-06-16,4.296939162855645,4.28799655523668,4.2806635052663475,4.259815992020065,4.225664994784983,4.193502591584395,4.128187379242623,4.080133884061957,4.01075849260187,3.8540393283865324,3.7643843965039756
2023-06-19,4.23693880906,4.2303039106330225,4.221132228271423,4.201246776488457,4.172691482674206,4.128300057591543,4.067345152701102,4.013601627840472,3.9371298691053056,3.7756824539957314,3.691629706944128
2023-06-20,4.226344607122408,4.220432718137809,4.2103933979582315,4.190669900513983,4.157798835965635,4.117260710305357,4.047014334147421,3.9964929950874564,3.921097700598137,3.75818947851075,3.674945086383368
2023-06-21,4.258104990627884,4.251680617579356,4.246417950216001,4.2209894588089725,4.1860430373370345,4.153880615817174,4.09110810679282,4.0351106290935705,3.9663513549192717,3.807147319123906,3.7147300330843582
2023-06-22,4.269269627702549,4.25992131588119,4.256084945641548,4.2334258835096605,4.20597942282652,4.173384559072217,4.102278500019029,4.052238759695653,3.9867238797540034,3.8159778725814255,3.726392487922418
2023-06-23,4.272910654679388,4.2613799310952185,4.260200013579534,4.236197240878038,4.199760272877033,4.162883494635083,4.103376624751331,4.04297799909609,3.97215731635182,3.8107359361587942,3.70490361383058
2023-06-26,4.365747469662395,4.359718863789502,4.3521623664482405,4.331555032504653,4.29365594954096,4.256210756035145,4.188037280417595,4.128387561109622,4.049215692031164,3.8696994844509014,3.775468737704651
2023-06-27,4.377883754626634,4.3750306860982,4.362862061771002,4.3473935765554685,4.300879332876497,4.264667900889384,4.196397918932031,4.132385543628094,4.055128380005602,3.875949634328725,3.7681738860191127
2023-06-28,4.428945887473935,4.42852512963159,4.426974543348136,4.403687969993004,4.354159592031339,4.312503133499452,4.238740340357204,4.166995933966599,4.084219771482026,3.885204697427225,3.772641997337247
2023-06-29,4.42926001261047,4.42161949524112,4.39780175130149,4.3851722375207585,4.340185561719432,4.2881013525620295,4.220014850167636,4.144593027107483,4.054996564292627,3.8571556969215197,3.741578404632266
2023-06-30,4.393964761114105,4.382313924823615,4.380860145798168,4.348091961092259,4.307566858503291,4.25507161575824,4.1698664023730645,4.112572474979146,4.023286666945434,3.8225814061817935,3.6944823386822674
2023-07-03,4.42749623561114,4.410852054431845,4.403176871663177,4.371762488210078,4.328565015244675,4.280873072645704,4.189650456783052,4.1156926837967145,4.023928560655318,3.8074775087906167,3.6856370202367876
2023-07-04,4.368340832206346,4.361469998248321,4.340622682928056,4.316789502974429,4.273144462602362,4.2182617827566276,4.140783567118895,4.069963207984105,3.9712324836455806,3.766667855547901,3.6494566831772444
2023-07-05,4.349993917162512,4.347083564414359,4.340371666303596,4.316161130014027,4.263795775084365,4.22212554762161,4.137436674351786,4.064097922471521,3.968790042403386,3.7559548860925216,3.647493503152563
2023-07-06,4.33401987424127,4.333320394105204,4.309662074699214,4.291513102572617,4.240071734250866,4.199265009708506,4.111571330522925,4.043381000397557,3.953420054513512,3.7353440916603784,3.620683084815658
2023-07-07,4.392615514889254,4.38149089636989,4.357739248868715,4.3282041904596005,4.290037840030775,4.229734523385989,4.145598757247231,4.0733331189920285,3.967768841083882,3.751524109034074,3.6304537515604918
2023-07-10,4.457996263814226,4.43897527528315,4.423228103889133,4.399297539573034,4.357383047234331,4.3001270559156,4.214694274420101,4.140380980672938,4.037408815222718,3.800992620430868,3.6863876154305624
2023-07-11,4.460704120426036,4.451519410408538,4.440361029665844,4.415920772958944,4.3625867057189645,4.318546608135106,4.232354391990923,4.157357268488893,4.052122024887951,3.838376900526762,3.713162165260093
2023-07-12,4.413760580012507,4.403135500410824,4.387171796720188,4.369738753080694,4.318358334859863,4.273301898641405,4.195685545736586,4.122944665498157,4.032797843143086,3.8055907116247316,3.69058628859058
2023-07-13,4.44407355466014,4.430502479412996,4.427788204052729,4.401252854328099,4.3585376230660176,4.312789725101169,4.234902061284662,4.159394125368573,4.07364559872488,3.8597469203936825,3.7302495398380042
2023-07-14,4.47835291671878,4.466660587114705,4.454232869481464,4.432425247086565,4.38348483002397,4.338577760594258,4.253255034944042,4.185253766588017,4.0826300048832165,3.8546093825813985,3.7281745962075017
2023-07-17,4.5321071535630395,4.52980791193684,4.511484510936624,4.479099370438728,4.439103860183477,4.393537597067074,4.311519456457789,4.233649172219396,4.136656815347931,3.9139748798500795,3.7870395720827865
2023-07-18,4.455066074236063,4.457114273291353,4.444290394153751,4.419246535152109,4.368060703564119,4.32612931507589,4.250906555334508,4.173484483384781,4.089201420352423,3.8723806369915024,3.7477242678174343
2023-07-19,4.398829305622364,4.398626263017702,4.383269761975795,4.364680206892182,4.318196776316251,4.273989859425969,4.20113423455044,4.133505574159568,4.038967340433888,3.825271428324747,3.71096008630037
2023-07-20,4.504500546311945,4.494784745357434,4.479879699780969,4.457298299982652,4.417562271900897,4.3782017486029705,4.284786411075584,4.222756132448907,4.126855368552112,3.9174876124174713,3.78220846994308
2023-07-21,4.49616175206835,4.4898901921794785,4.4916052149770085,4.453327912404369,4.414069669380515,4.3748719072655335,4.295105320757139,4.216826328393729,4.123976566374894,3.9111450469342475,3.776107273199122
2023-07-24,4.443491153576254,4.44065228871892,4.421493554145104,4.39222114289602,4.355548205741687,4.303043021807856,4.223208181397278,4.159168892873336,4.071919264544072,3.8506256353272117,3.7203402600743822
2023-07-25,4.3967794650170005,4.390806804457668,4.371649080765045,4.3628440070241865,4.309332279113179,4.271255933494376,4.182582238192086,4.122930535685434,4.022411102528669,3.8057013736524268,3.674734839130109
2023-07-26,4.381505847044777,4.3776037064749005,4.3608904768877155,4.337548089380969,4.298704181068323,4.252517681587697,4.171100894684425,4.102287155113629,4.013678554826474,3.7863643168578536,3.6573659122631152
2023-07-27,4.399989828786399,4.389210600052168,4.3715974406909694,4.354341408765131,4.308965083794915,4.2701399095706245,4.1913351246592025,4.121179064128571,4.030883629543119,3.8127600551041385,3.6796576196476884
2023-07-28,4.44801278416752,4.444551840922404,4.429678334287348,4.404641919646517,4.3540625597798215,4.309945200109147,4.219637628323215,4.160241072210035,4.0681094418419255,3.84615907740721,3.7121975681629613
2023-07-31,4.533027816701757,4.528181265574091,4.512579339222255,4.491877710440858,4.436277779681315,4.3837625793778425,4.305791580085219,4.231009029326062,4.1242045886401275,3.8981915372631755,3.7560193578191114
2023-08-01,4.594226095995876,4.5768563509202,4.570775028667281,4.543387953558301,4.48874565352435,4.452434341424406,4.369331770813142,4.2966977177385965,4.191912419115799,3.966937544919967,3.827935189167082
2023-08-02,4.595797829567675,4.579952727697584,4.569628065319601,4.542340349282011,4.492788596257097,4.441616275133324,4.360970372278101,4.277137244359599,4.171201713535554,3.9371970406046164,3.793089638572658
2023-08-03,4.55444305326785,4.542045238759784,4.525381680562093,4.501296994891405,4.453759734289078,4.398633761306588,4.315468706626007,4.235820201275159,4.1412350562451445,3.9092906357611357,3.7759898200673865
2023-08-04,4.617881010239098,4.609797802950425,4.594250494347607,4.572854351527422,4.515461887670285,4.458280180878844,4.369749167553117,4.292082475172495,4.1790671222743,3.9318314904482805,3.7926554503373118
2023-08-07,4.718534637491327,4.708474956856007,4.695217627035696,4.666002264357058,4.617546169889843,4.56181817119142,4.461635677867819,4.381376185739026,4.26811242067276,4.014298856422665,3.8717498848892236
2023-08-08,4.739556285870379,4.738668179176634,4.7229018016763495,4.686312907395666,4.632782583215407,4.581339120133259,4.482092352030392,4.397824439513933,4.289924397279744,4.031500661989376,3.885691088282343
2023-08-09,4.737183193327226,4.729523662830902,4.715118169657758,4.67827530449815,4.63028248779282,4.578611956865037,4.47466374914262,4.3948549568914475,4.28386777358436,4.020968099609626,3.8864249734921
2023-08-10,4.6777643966158005,4.664322760730708,4.651607798405654,4.6163577149509205,4.570182451419078,4.518622927195619,4.419026573659206,4.338310524097404,4.236863618069044,3.9923988713979237,3.8514005482504348
2023-08-11,4.731480012052491,4.719708912525763,4.704230947233957,4.677608519445508,4.629800093184923,4.568118925968647,4.47886504268318,4.394886630402304,4.281799188576651,4.041434951787458,3.9043003044960813
2023-08-14,4.745077538163116,4.730322518808984,4.72141323278649,4.689307914963372,4.638955599270763,4.588869770291605,4.49951049795235,4.418289060018278,4.315113940616741,4.07131592212661,3.9336691084913467
2023-08-15,4.670623697629802,4.674592764900004,4.655424898312452,4.624372435285713,4.5700922987091195,4.522740928886772,4.436237260649202,4.351581959893836,4.253944664556962,4.007250391629837,3.885148986206546
2023-08-16,4.76695947996669,4.749917166691481,4.740343881060257,4.708343031084837,4.661591059321115,4.607389341382117,4.517569074567349,4.440116871788283,4.335942419773561,4.089006933454137,3.9522854376812973
2023-08-17,4.76557440337854,4.766256679666023,4.7546057976101865,4.723237985891377,4.678788413753496,4.618843841341584,4.536504843939219,4.44891192073657,4.34582976412525,4.115185340325632,3.985047541646758
2023-08-18,4.819647625646632,4.812279293186241,4.789790721385931,4.763921105887477,4.710817383671403,4.663908241457582,4.574678404104517,4.499501837736186,4.3834356491824895,4.147515239388614,3.997283673054932
2023-08-21,4.85022602439612,4.836740262400073,4.8248250185995705,4.7997539958557764,4.751732135568913,4.70313940263029,4.600994305508939,4.530479174165828,4.425777412619136,4.170947018153992,4.033078705147361
2023-08-22,4.843942793031035,4.830048293553997,4.812288075378415,4.794273831932871,4.7398939094360415,4.680876547407917,4.587539716212388,4.500908992326582,4.399585588197842,4.148189496364045,4.007617798868905
2023-08-23,4.781335143051994,4.781628978209416,4.763557841906785,4.74112269775785,4.68569418550817,4.636409523181864,4.53800353787396,4.455740674418841,4.346003868010486,4.099941342182214,3.950141167076473
2023-08-24,4.735001942456881,4.725638440521213,4.699803257394722,4.673798015087692,4.629107595123076,4.580379262974363,4.490655607367877,4.410771847514969,4.302418195221478,4.067751840000933,3.9404383012078346
2023-08-25,4.727296660265171,4.722600101468835,4.710509795135234,4.681360858832544,4.622504215490456,4.574642176720882,4.476435956807885,4.396601311312618,4.282217114990812,4.033895666697557,3.8978198473820553
2023-08-28,4.833844417563021,4.823250597779848,4.81044842887312,4.77783890582004,4.723329158236105,4.662844471866965,4.574354484204059,4.4787859117425075,4.361950184944353,4.1063435327809055,3.9650911625461718
2023-08-29,4.82569351954843,4.822902944554865,4.807902963368974,4.771631937936562,4.7156462478185865,4.651151068240091,4.564804023590042,4.4668237104657695,4.350092740648653,4.082244199895787,3.9252144762773953
2023-08-30,4.819800431750414,4.820605973169133,4.7969702491289015,4.769191211248854,4.710974758003531,4.650850281320236,4.5466939303772875,4.452972484554868,4.337580022270861,4.066734294667811,3.910840482663864
2023-08-31,4.7829901580657594,4.766837149616772,4.754216494651767,4.721983068302025,4.662621131734039,4.60650010995967,4.497767925391986,4.400601046047126,4.27728775387381,4.000028594538502,3.8583529429598262
2023-09-01,4.815906587299526,4.792922637587636,4.786013196728225,4.750732379288169,4.687621011073742,4.629282985941981,4.530710940354168,4.430844035826472,4.315010604633036,4.038000789538013,3.880804726639846
2023-09-04,4.825129865283005,4.804589670996862,4.7932588286099405,4.7591934648417,4.6989777738885055,4.647121313083927,4.529849858349083,4.449332270506077,4.330270316912097,4.050099608373227,3.89668641268657
2023-09-05,4.79775443905648,4.789213283883887,4.768164934567224,4.74113138306486,4.684187004906957,4.627852915913358,4.522707907635985,4.424777769697937,4.313438889109522,4.041453214659602,3.87763829124266
2023-09-06,4.759980812090121,4.743855756648449,4.730280241388023,4.696654184138199,4.642787217350166,4.583023752049853,4.490658014831114,4.399968402782085,4.2768948115859065,4.021493180642914,3.8779955433275703
2023-09-07,4.7502204659553655,4.741650877030105,4.724764812232063,4.691052356126886,4.632796313218483,4.58214406147943,4.480370033082969,4.398113631580157,4.282478351763133,4.014233923296272,3.8712705900371396
2023-09-08,4.792712966430019,4.777494743133522,4.766449285759258,4.7291153309065805,4.676616568080138,4.633052014999291,4.51907567125084,4.435085734050504,4.321870851958083,4.056807370631445,3.9121757960575736
2023-09-11,4.864592720473578,4.847340460269039,4.839691456264198,4.807867360289094,4.758692138377017,4.696764812909874,4.603573813026132,4.5178723819841595,4.404626596420048,4.146971771809884,3.999188000060922
2023-09-12,4.8435943993809945,4.830851519975375,4.822463164356678,4.795441815096233,4.72517978207288,4.679248434072493,4.578892009569976,4.4968292101069585,4.377545134793771,4.121775850196186,3.979387292482534
2023-09-13,4.84010501070643,4.828102360808769,4.805316988375045,4.7804139990526995,4.719146232797131,4.673367555731287,4.574178025133756,4.488863751364897,4.38032756002911,4.120587139572642,3.9764870980699687
2023-09-14,4.9402574325257,4.931476985504905,4.916088960069153,4.884020939960206,4.83932156200482,4.783724828201817,4.6931319085677226,4.5966268998793245,4.489561918093574,4.229837056211478,4.077107065843981
2023-09-15,4.8922172300127995,4.8783387974392225,4.87060512628856,4.842378745644596,4.790055069018555,4.7429580128738,4.6439685588885755,4.561851903722913,4.466600941429099,4.210322103158525,4.070397254946116
2023-09-18,4.936802547420881,4.920238244695701,4.91519638518426,4.885259644346361,4.835115639200524,4.781077257418606,4.686047724833033,4.613248267804604,4.502093466136577,4.248805496661241,4.10545578770413
2023-09-19,5.015447761182649,5.000595989577033,4.993993740513825,4.960244818729198,4.903866295688119,4.862663372733139,4.765806601132493,4.688989597413257,4.582135765839105,4.3174486692803375,4.176784579271137
2023-09-20,5.070669129261884,5.068971227589667,5.056008788473059,5.029103636437494,4.9731678983043315,4.928708700982266,4.8306033996778615,4.738153663048184,4.63609638502268,4.36992359686958,4.2226230000159894
2023-09-21,5.102430081083894,5.0975866177866145,5.076483342330716,5.050569390338313,4.993366161558455,4.93946832594564,4.841608217195917,4.758143009932245,4.63938081657808,4.369072507033763,4.21064923457758
2023-09-22,5.105382929350504,5.092713663054102,5.078674720232188,5.0429833426672035,4.984354649125592,4.942383046579241,4.8465167760523284,4.763143107800897,4.649726420425041,4.381487029380567,4.232663953491962
2023-09-25,5.123568898523598,5.105701770603618,5.091361390744328,5.0636358659827945,5.015629562589343,4.955175379888805,4.857609591481026,4.7809795345718324,4.656956579329016,4.3947061038277395,4.240400287893671
2023-09-26,5.104483988932021,5.084281533298684,5.0775114538400805,5.042189848974398,4.988092411490855,4.933882623468077,4.841034092660939,4.748292303713417,4.632505354787909,4.363019221898779,4.197992879417087
2023-09-27,5.137555038288474,5.129341980624788,5.119620232757807,5.086543198828432,5.025192350546127,4.972851802650523,4.877838811985029,4.78770639938506,4.665169119361814,4.399725335235992,4.236817562306043
2023-09-28,5.097639231856323,5.0887859444402075,5.0761178136995255,5.04067650659244,4.984119931971352,4.935617056775886,4.83875183913889,4.7516079796188855,4.6292059166948505,4.36034716960658,4.2001699948095
2023-09-29,5.205038396687116,5.1919685844288965,5.174985171405212,5.136437393668448,5.076195115487601,5.032959894754879,4.926366447245882,4.835354742903316,4.71231863894317,4.434667027936145,4.260933638769139
2023-10-02,5.1761675127605455,5.1513072297435265,5.142380939069853,5.112872438728842,5.056738093495826,4.998504851806616,4.900497644677152,4.8154308685302745,4.693091692967889,4.418076907329436,4.249469806021093
2023-10-03,5.090396481908955,5.08404407753223,5.065555877792342,5.0345306104845085,4.982413427842644,4.931575454976622,4.819486396459957,4.735686812267978,4.61938712474924,4.337059986018224,4.1857214500824504
2023-10-04,5.109607043916066,5.104194550086407,5.089914583100347,5.06680762614016,4.998718278578327,4.95037212827478,4.841039846043944,4.753531496497583,4.635057186571244,4.365485691276072,4.215862201297888
2023-10-05,5.164068598058498,5.1503298266504824,5.128434020915364,5.0987273308867955,5.049672489973916,4.993186570273798,4.894738669202933,4.795172789848279,4.684179664417549,4.414008127729696,4.259383920936151
2023-10-06,5.120230470716259,5.114453567872803,5.093460222778402,5.067114842326519,5.006930982297325,4.958209730435197,4.8707338615785485,4.776794593366681,4.671994274907031,4.4096730172060035,4.257460766664689
2023-10-09,5.089448464097303,5.082845933119224,5.062884743921227,5.040069018241124,4.981863768954096,4.9301116672838665,4.833163643708453,4.747564044051934,4.638254614773616,4.39545683655822,4.248344397218085
2023-10-10,5.05680064028385,5.053423108593781,5.035857805194056,5.008363522484569,4.952151410642779,4.9013756087298885,4.812201824468838,4.727107916905681,4.62138223372269,4.368033296624468,4.225958266922693
2023-10-11,5.048578835867063,5.04145544674614,5.026656115977697,4.997535409617467,4.943844418855968,4.898076789827697,4.79966877631026,4.722440856064223,4.60814712044478,4.363615732256923,4.225974144851632
2023-10-12,5.11225435789858,5.1113171493236855,5.095900129734243,5.069537502544698,5.016460853863261,4.9625437192249375,4.8749359999356,4.797639819208159,4.692568182297327,4.4508050449792504,4.296729450267233
2023-10-13,5.220669115619503,5.203654995107751,5.1853265643984505,5.165108916010224,5.105691959445668,5.054715282921026,4.957730617618832,4.875552884870746,4.75877339334528,4.505861832707913,4.352849298218611
2023-10-16,5.257863698796863,5.248127369806996,5.2371890652408295,5.206717082148095,5.14620310187024,5.0903503768938565,5.002114675103199,4.912304062713131,4.80000959575346,4.538790761608759,4.387328780276468
2023-10-17,5.311817989027041,5.300802656695216,5.285963252661013,5.26318800135621,5.197186405866791,5.150543161684944,5.050851040320005,4.959738276816795,4.849212075215271,4.5806097547979805,4.42946257337322
2023-10-18,5.3279195582028995,5.315391322374392,5.296350134191911,5.264843754889032,5.217381789047811,5.15555065940813,5.052872287863443,4.964031807906916,4.8493160424780895,4.562717182855741,4.402724852719555
2023-10-19,5.33397623051839,5.321558538063308,5.304952493657621,5.274832860732063,5.2248000349291415,5.165325457297396,5.060734679782395,4.970143492812846,4.851841342011971,4.572366558412664,4.419589131856033
2023-10-20,5.325871382536299,5.313335513713497,5.30555877092068,5.269812653606041,5.215094453726116,5.167408374218278,5.0663509278448196,4.983349680338446,4.872450639384835,4.612953589879778,4.462734527449239
2023-10-23,5.271594752909599,5.259149665548279,5.244625528855492,5.216605312400246,5.158321974956027,5.116179229730295,5.018435073718049,4.933624780674011,4.830990198878613,4.566023880164281,4.405287266234016
2023-10-24,5.2903017010476,5.288497528128589,5.2672974669573875,5.246099185936452,5.192510019874253,5.14141621793584,5.047281162089989,4.95465912528209,4.841945011060129,4.5922831470760395,4.439001238562301
2023-10-25,5.3065391405117355,5.299457852426715,5.278448174969225,5.256565744251172,5.19964519933298,5.1567876284812035,5.057239303401923,4.982569233107849,4.884663623239609,4.632350090134856,4.476937790882304
2023-10-26,5.382154909005175,5.366693512475566,5.353897809520782,5.324726114348671,5.270477602696196,5.215601714053134,5.1284650654968935,5.049279528204882,4.927822307208027,4.660389692601118,4.507831713289819
2023-10-27,5.372641822004379,5.368276094781045,5.350842699138671,5.322983520439797,5.262357008134466,5.208279256627647,5.1095071376648695,5.034012585054773,4.918341173276848,4.653989379104154,4.49154826879661
2023-10-30,5.387677039353492,5.37243161627394,5.361815819590459,5.327798653904753,5.27570654650879,5.220406110208656,5.138747038878563,5.043022000083022,4.936630941033711,4.6742337242908825,4.524094381318536
2023-10-31,5.436182985443464,5.419859635539897,5.402101566881133,5.377614179203821,5.319524091968279,5.261549459483709,5.162583257990655,5.0655254507967555,4.95436897678096,4.682357091200178,4.512474234471823
2023-11-01,5.485545246133191,5.473023796764777,5.452379619314135,5.424111537393352,5.361489964127026,5.308778848221854,5.199794681445273,5.112085678940813,4.992339023902545,4.703392817984737,4.534311869267196
2023-11-02,5.460899081531614,5.459949758924934,5.448689309408407,5.409784150798845,5.357104541503222,5.301452273041054,5.208214743085384,5.1210088207792825,5.00642684982424,4.737421382437691,4.5704116355551685
2023-11-03,5.45676894688984,5.438824233952556,5.434558323554654,5.403709343460124,5.3433164938049496,5.289274239421341,5.193524359392641,5.102351942824035,4.991735859088307,4.719146596358055,4.565961928165058
2023-11-06,5.476673930205984,5.4658376763765535,5.44864296496825,5.4182196177793704,5.363007505825067,5.313619797370003,5.208657769202033,5.128266840012288,5.0065260873733495,4.734063169972086,4.580014939903063
2023-11-07,5.436705980994673,5.421880488106656,5.412805049736819,5.381776685839907,5.327523336425171,5.277361968579252,5.1807327071375715,5.102864308984176,5.008319103547444,4.737697955722592,4.584236539292555
2023-11-08,5.46384725199558,5.4490679845851115,5.4318807051281555,5.409520887646374,5.353223554732306,5.298371069737217,5.207624766087206,5.123045731441846,5.017566036718212,4.750183759353099,4.589973385561522
2023-11-09,5.447738989741144,5.435518769167932,5.423180364789716,5.395191457331226,5.339678632537465,5.285725629697522,5.188009458469163,5.112301949395459,5.003392811341996,4.74235117524539,4.576901699876431
2023-11-10,5.499568235581942,5.487393439754652,5.471328238079866,5.442432258321572,5.388331086600254,5.334574010809756,5.240179480986039,5.157988379606281,5.0477552281916935,4.783795977705494,4.624064702154822
2023-11-13,5.531590613839155,5.516285514509544,5.5055644561278765,5.476910348360259,5.421554748935249,5.365174751073631,5.270819918708989,5.18312749483017,5.068773220811314,4.810871153186459,4.638045126866007
2023-11-14,5.53105923993993,5.513320288851015,5.4941381463245085,5.475373449514691,5.4203182282128255,5.371622086661961,5.26692783614422,5.1877041783632745,5.071181504002226,4.801346718743423,4.64299980227307
2023-11-15,5.470737928399433,5.4543978190977755,5.4480076169253735,5.417374671691195,5.364588333807438,5.309507462244861,5.216841987335105,5.1292294350232535,5.020909799323411,4.745362864215429,4.580639467589865
2023-11-16,5.523932446185953,5.51951641767377,5.499018861337908,5.465706331472826,5.419917572686583,5.368642019144926,5.269946618251453,5.183816237314332,5.056583455937987,4.7791299533176455,4.608771438933118
2023-11-17,5.5681335089535615,5.557287094927261,5.5439010436441825,5.506470880941183,5.453356432842304,5.411975803604794,5.3102559513061856,5.227667908314454,5.107234676081094,4.83711459353334,4.6696059502096565
2023-11-20,5.691286784971213,5.675192654940521,5.666341821270702,5.633041984758548,5.572942083585492,5.517727938603538,5.419313116503998,5.330167141409711,5.20974189621486,4.918557571462131,4.740193011010368
2023-11-21,5.673066735684993,5.667006419631123,5.6492969860243845,5.617270214123805,5.569613598932251,5.504167963381273,5.416953454122169,5.318869242052395,5.201952027884305,4.915440229006576,4.734052870287154
2023-11-22,5.670727678030207,5.658807048354217,5.641820318080923,5.618760690882632,5.558052685863869,5.5057682678803666,5.40308836506905,5.322995253387048,5.200026312391156,4.92226898978964,4.7574913605002775
2023-11-23,5.673749098133733,5.662266526773039,5.650995899871865,5.620400258723234,5.547617758118005,5.507983110889074,5.405552116181583,5.307156951192104,5.182431211112322,4.890561526013232,4.710986161412143
2023-11-24,5.6678875877713795,5.662892601551216,5.645850216873784,5.615819496433941,5.558960408032498,5.503927516399207,5.410485367720571,5.317467425649565,5.203478060105747,4.906333847626609,4.736143408752904
2023-11-27,5.611916695923709,5.593542368700017,5.57781584166743,5.546869136157791,5.494732186972304,5.443452160240487,5.342665255542595,5.244943509048291,5.130440642623359,4.837502243856244,4.663889026972845
2023-11-28,5.671943706151764,5.659498721335364,5.641098408531863,5.615265946543913,5.5420946140273255,5.499856778627632,5.393796689531144,5.296947711961549,5.160955695945331,4.8650103137990595,4.66764361133002
2023-11-29,5.726092218636368,5.707757232368073,5.685596136542737,5.656509975245784,5.606434266397416,5.541526963381597,5.441175942440685,5.3468399391185155,5.215750316524282,4.9224006089674175,4.724337916188396
2023-11-30,5.670128649497229,5.664403335477345,5.649179963762237,5.618408473852346,5.56128110560665,5.506992069906281,5.406477684336722,5.325579284717523,5.195520282003224,4.901472230590298,4.716141146367041
2023-12-01,5.6342653564567655,5.629081861029293,5.615850307122277,5.578171889866399,5.5269572375021125,5.474915191843379,5.377276385325007,5.29301563331007,5.168215731712229,4.874139237101062,4.696659552196705
2023-12-04,5.704421913505183,5.701265937987136,5.678920717651678,5.647104423100249,5.588012529171743,5.533785088374158,5.434595855648911,5.340170062949059,5.216824561403182,4.916457708153511,4.740287350264855
2023-12-05,5.6509178383045535,5.63240837276087,5.617074293385547,5.592053420667972,5.5210691735968656,5.465497403657366,5.365521769695636,5.264944431397726,5.142180355653245,4.839410161414355,4.643063227088984
2023-12-06,5.484615625330331,5.466167718372591,5.460933366336748,5.428066763170462,5.366878900663649,5.3157872979199094,5.217684393114569,5.124036662921797,5.003789835330689,4.729141772009333,4.555403208667971
2023-12-07,5.492761358386223,5.47367911534763,5.463767432138469,5.436717968315874,5.379748049265805,5.331016850914803,5.231889680924203,5.151350319872479,5.033779425369884,4.7564485871685624,4.584660243288034
2023-12-08,5.583874407334703,5.577229052112573,5.562558640707728,5.525387049912506,5.476855097872387,5.410326903938543,5.313992244400706,5.221022495480131,5.103293336605816,4.80530639423683,4.621501781832988
2023-12-11,5.542933811001605,5.534555772509925,5.521133868671737,5.4939632683129735,5.4333471707802445,5.382206337247286,5.281738388988241,5.189157719262496,5.072680789198972,4.785699189253064,4.6051184986074825
2023-12-12,5.579236118255451,5.568273713894461,5.554978677693651,5.518201674658036,5.4605628013033485,5.4051208583484,5.308413917183165,5.218847156400632,5.091773333279931,4.792875955523364,4.624378161990081
2023-12-13,5.631890417733178,5.627737912146853,5.605854036134872,5.583125755124855,5.522155998739149,5.46086675333963,5.370490673387174,5.27884111003975,5.172459497641423,4.8713262753725735,4.689449681316493
2023-12-14,5.599548917627234,5.585334794310226,5.5736150202559225,5.546706100775817,5.497332446396499,5.43969110033026,5.343366163334545,5.25026026759071,5.139897321834198,4.851644547848843,4.684754325996272
2023-12-15,5.650851707786683,5.631244637932191,5.616603158400972,5.59640654411352,5.541005300884585,5.477203832776785,5.373134641415277,5.285543448198465,5.16920009238892,4.871409827064066,4.680199157701144
2023-12-18,5.633695041505941,5.628663045802123,5.611386825104099,5.582266548727323,5.530815472458163,5.478865434308039,5.376069162498239,5.285108526070093,5.1625101030063485,4.871082547491148,4.691606472789898
2023-12-19,5.62587576679104,5.610354707287776,5.600348850296714,5.567186472779019,5.515317425839284,5.45959088072588,5.363390386279369,5.282374877796853,5.16242710897053,4.886575932797579,4.699920854079105
2023-12-20,5.612614626207677,5.5964773186906065,5.582000632270166,5.558177563307012,5.503866292076256,5.447398862832879,5.360381602080247,5.26799044218727,5.154267198366078,4.8748802403645275,4.697468862685835
2023-12-21,5.584335532885069,5.574037868734101,5.563849891132567,5.545333269470081,5.476238948552775,5.4300974769974,5.32510946283639,5.243768054195538,5.123542385631859,4.838914572924568,4.651967896818398
2023-12-22,5.586541533319988,5.582521773279912,5.569823415173603,5.541830884408856,5.483266993081966,5.430246744964992,5.3417262602958475,5.246564640940773,5.13614716234684,4.8555685261659,4.676741343982826
2023-12-25,5.675252572802808,5.679644770337894,5.664228491326138,5.630942463790688,5.573371420899054,5.520506312846007,5.42750142506519,5.334659145563973,5.213854549061171,4.93535354002457,4.749551691992615
2023-12-26,5.663450541775526,5.658287371296833,5.642858189479558,5.615813615031521,5.555669082280192,5.514721146589064,5.416081901134528,5.333931823821125,5.217420560366031,4.946497105399475,4.757315514982853
2023-12-27,5.619792319562572,5.604246594856327,5.5968796308074475,5.565544600426899,5.520796654670797,5.4637766149909455,5.380277180618416,5.293210386861843,5.184840544940122,4.919163940284445,4.736813832283465
2023-12-28,5.566650717201233,5.559157234684048,5.540828120173945,5.514173075834826,5.462891379546353,5.410129934963797,5.321371480195265,5.2438419713946605,5.132520262608608,4.859119339870389,4.6884290557343204
2023-12-29,5.56704478698898,5.550424586576017,5.547579444921348,5.5127351551373405,5.467508055542999,5.419980962762134,5.323963696112184,5.238749223491629,5.126960238496536,4.8584331561236995,4.683904102478687
2024-01-01,4.840774509172667,4.848079635659208,4.847949706693445,4.8273914617623275,4.81669230023958,4.798731536140756,4.763424450336344,4.741715032251146,4.693056693511499,4.588075772722839,4.4961383001293465
2024-01-02,4.877532318889405,4.871832721067697,4.869362850957533,4.86152693239472,4.844766422298115,4.825571813282598,4.789262075287817,4.7663804594048385,4.7232498486253185,4.617841254090749,4.537282571899621
2024-01-03,4.869522864145659,4.861643402814023,4.85586907793459,4.851013766033657,4.840370816520553,4.821091083600028,4.785163418175775,4.758624174472892,4.717742441776365,4.602070293122164,4.517586233195982
2024-01-04,4.867691689324798,4.863389107959618,4.857812222656863,4.856392101756851,4.831047812114191,4.818529174145809,4.782347093301294,4.758453657865508,4.716638960131758,4.59812473631732,4.508941996732492
2024-01-05,4.892400789418394,4.891918744401629,4.888478491082404,4.881036597738436,4.869770318102335,4.8509465731983,4.823132332547886,4.789416097783151,4.751272716987569,4.640717849513079,4.555064414427709
2024-01-08,4.934783829322996,4.935599340617108,4.930863181126229,4.9239567598999185,4.907055278902763,4.887332787435628,4.862260346117422,4.834656544922867,4.78072994654077,4.660641375658799,4.584253680888683
2024-01-09,4.952260545910349,4.952778375792942,4.954509540984103,4.9405895965086515,4.924486382496969,4.907897999189168,4.880587917959221,4.845642095333434,4.7956050238564005,4.682777514492912,4.590343830220432
2024-01-10,4.985949500858047,4.974129567993505,4.976829644656028,4.963242446420789,4.945238340342627,4.928659018121735,4.9044173541438125,4.857313520391006,4.825639940660762,4.702940573978562,4.610849194462138
2024-01-11,5.113449791451205,5.110977974536789,5.101198801401987,5.095823497602603,5.072821431430315,5.058072220152931,5.022647812800297,4.997244087436674,4.946425608598161,4.825438597032784,4.717207836265216
2024-01-12,5.167864311586627,5.157823719889686,5.15570299735033,5.150332456417138,5.1290710892991065,5.109470856266195,5.072819193035049,5.043784948494042,4.992904052810284,4.8585291575333125,4.764506190518722
2024-01-15,5.170816397551827,5.157668552694942,5.157910489096158,5.149151421759863,5.134166730833674,5.1150949585345336,5.078559443643227,5.050929927059392,4.998308048699189,4.865022211146036,4.771533953410281
2024-01-16,5.090355909217118,5.084881704583197,5.080541730058573,5.0650603701035415,5.048317807084299,5.0352685178027805,4.992987558976313,4.953467408023974,4.9149414876889965,4.780358035382464,4.6802885083201735
2024-01-17,5.139887002338396,5.14697184044991,5.135252686423537,5.129272264364842,5.099233240773235,5.086175286395491,5.037376543204343,5.005159897830514,4.955609536297879,4.820233294186094,4.71501695813822
2024-01-18,5.10996307642618,5.106064058734408,5.107196184020656,5.093688276829763,5.067580656238573,5.047522160449309,5.017076559673835,4.980618496627926,4.9348912184052605,4.806859319574057,4.707735715451592
2024-01-19,5.165877929611578,5.169091005263547,5.164873191645321,5.140620320610657,5.127863130633115,5.096390734226545,5.056347884487502,5.020519304053292,4.968737227516088,4.833267195731262,4.738980771487673
2024-01-22,5.135527072217772,5.126027903046221,5.113518570654556,5.106297733396761,5.087245501809538,5.069322760708682,5.0346905573273855,5.0081068635949695,4.958239391208744,4.823725597961567,4.728238171354489
2024-01-23,5.173299482819747,5.16837983373205,5.154078832959154,5.147961434400425,5.129812796085315,5.118923802032,5.082869491782679,5.039559643836501,4.990661393510444,4.860815606571579,4.762203843705303
2024-01-24,5.259654190281118,5.249052558590964,5.242713509493791,5.229207744455767,5.215338830463443,5.18434763509846,5.144385012508259,5.1077376205801315,5.057291164099725,4.911063816858511,4.815694913590199
2024-01-25,5.221394844390961,5.214775761039815,5.203088567889035,5.196261176190822,5.170506356334404,5.15243975218677,5.11298477186963,5.076301615652331,5.017174615434352,4.887986209542791,4.7883208711123615
2024-01-26,5.268467530903365,5.26600323319913,5.260909961006821,5.247179682932558,5.2210983084051925,5.198545479922563,5.160302517872731,5.118182674014317,5.067186175088001,4.914985908106237,4.808962691107294
2024-01-29,5.2582666748345295,5.252285324304632,5.250088976093477,5.231881172426367,5.206945025523111,5.184306936223046,5.143382090027243,5.08803790980336,5.050868325119987,4.899130626174106,4.804086243037389
2024-01-30,5.21207472960936,5.209566207265106,5.207931578134764,5.188099440940164,5.176554071134496,5.150511446778287,5.112579189037155,5.073144892913108,5.019190563759824,4.903551459373816,4.805710571147806
2024-01-31,5.2208930172938,5.216737626438155,5.215086825924713,5.201155995223848,5.186361534924656,5.161253815720408,5.111396104595803,5.067688920269906,5.016440465958643,4.878420678724585,4.7833387616280705
2024-02-01,5.27444469554578,5.267462313013348,5.264721685902754,5.253809918856842,5.232167554816235,5.207947858076772,5.161779377898726,5.124179938410711,5.069856422615319,4.926983093639037,4.825866350645588
2024-02-02,5.258347333099509,5.250107485218334,5.239892933903517,5.2331715427323156,5.211677972102243,5.18052317460096,5.133337098405987,5.093222621153079,5.031215452415487,4.886485577296354,4.78733293746487
2024-02-05,5.30530436231075,5.302497174454593,5.287627342709112,5.278782882626562,5.245893667407855,5.234341107796445,5.179889726384934,5.133389024593158,5.074176598175239,4.928561408243126,4.818667729906475
2024-02-06,5.254208539269166,5.2604438748321245,5.252346855551868,5.241759582432974,5.223576642983858,5.19309798213852,5.14245639984212,5.1010222883747085,5.056452077037335,4.911914187421932,4.820477704689032
2024-02-07,5.1779851508445836,5.17082772464471,5.1668796039344045,5.147538393869733,5.134713669511263,5.111828051869513,5.081144134168964,5.041796230003387,4.995470948815122,4.872519994792754,4.783320297198853
2024-02-08,5.220628019032883,5.216056459021698,5.211372278203844,5.204327736106782,5.182427128348115,5.162379676187548,5.109186705822239,5.080589342861031,5.02576592809898,4.8862191046123575,4.791593330870264
2024-02-09,5.137617196174789,5.141517836970288,5.131214637709584,5.123422189230315,5.097386403439307,5.073662417239881,5.037451777406835,5.000519097301747,4.939458822796256,4.805433765168263,4.704234541801371
2024-02-12,5.062213919209994,5.053835768705277,5.043634172637574,5.038410467914772,5.020734517741675,5.010699653587976,4.968789401602705,4.9413444910629,4.885535659523067,4.779477230253241,4.686308839309894
2024-02-13,5.085596394568756,5.079996542528513,5.06472028191922,5.057534531853841,5.049969532809678,5.020336783559451,4.981889658767781,4.946965095796879,4.908739904291548,4.78055636699159,4.6925032727238225
2024-02-14,5.022660607140796,5.010155231647023,5.004297342040918,4.99824806171665,4.97991092951973,4.96373964678342,4.922950312785248,4.8908757748907625,4.841973832392198,4.710543936548207,4.622965580319038
2024-02-15,5.009865367304764,5.0037935122770305,4.991645408567468,4.987584754572106,4.973347244117805,4.9489793867634315,4.915169619021325,4.880141782926631,4.84024283799363,4.71106523345907,4.611547912677016
2024-02-16,4.965546509189554,4.952458368365641,4.95080418444202,4.935698214555386,4.9231314645749755,4.909807700763646,4.869693317208051,4.839953655720781,4.788797446668969,4.6855005025100125,4.598086217145263
2024-02-19,4.82182725252936,4.81395908694357,4.8111172183988025,4.799808562724334,4.787410093878404,4.78404613075394,4.751874550713208,4.715067670730797,4.690261730430892,4.586759401690773,4.509853679477243
2024-02-20,4.839897449198241,4.840512976199434,4.831037416084475,4.8241887323724075,4.805375058805986,4.786955990535237,4.751630412080239,4.7360221821649295,4.685159594089493,4.58307425650339,4.5101624067505695
2024-02-21,4.817463516086061,4.806617045794691,4.8038884655102,4.797166891364462,4.779666441089367,4.766293715208133,4.721978958322107,4.693673324632948,4.660793916704994,4.542722882016267,4.470179520966409
2024-02-22,4.832801443142569,4.8269655753832845,4.8071318447855464,4.809236775965649,4.790604044414011,4.770343471317296,4.748771109380153,4.714949335108105,4.67443835157062,4.565340759602603,4.484748621743276
2024-02-23,4.84924903515105,4.851324806371353,4.8490025232152245,4.831584627890087,4.806102203110139,4.785873225600689,4.7508022930952984,4.716771987496761,4.665197285735705,4.549549991258989,4.460729223819134
2024-02-26,4.836931129366267,4.832476913004217,4.826727755688581,4.815955184034115,4.805110744939004,4.777880251879195,4.737613497260219,4.718126447306804,4.670393456464529,4.557703492148273,4.476252084370126
2024-02-27,4.889235804776414,4.883143991378346,4.878763552642406,4.866853403937481,4.843562867773163,4.825917492008388,4.780265222154988,4.745196916669193,4.693253939049887,4.563341255929925,4.48230797797402
2024-02-28,4.894192117277262,4.897680905108674,4.886755228133661,4.882917062490663,4.858551961373929,4.836365854596545,4.791867331555554,4.758331177189447,4.709683706818954,4.580193749295343,4.491816257359474
2024-02-29,4.867851059647101,4.8645485389717855,4.86154668788603,4.8449350439154015,4.825643202238172,4.802899979420382,4.763888468676739,4.735237281123576,4.681947680534809,4.555501225154651,4.472051749901801
2024-03-01,4.87187038778456,4.874886675874123,4.870253028768173,4.851553839595635,4.833790390282667,4.815621356770136,4.774121817227114,4.736949425162798,4.698209986293836,4.563432320535242,4.485486395910553
2024-03-04,4.934188362938523,4.931345302287811,4.919823495030026,4.908506064856156,4.891635967290084,4.864782567099598,4.819515974313222,4.782368148885195,4.733360830681463,4.590971748744053,4.5010779474991285
2024-03-05,4.918095427705333,4.917706687741944,4.903175437758732,4.88885135117032,4.866247527202497,4.852005862288169,4.809179766733285,4.772325220591652,4.722107733712254,4.60375839646385,4.5149286513879385
2024-03-06,4.857021255138063,4.853318660282286,4.856746970674257,4.840662026157445,4.820494636839368,4.804618985701586,4.769898389685603,4.727879938612946,4.692607881975962,4.582505855053489,4.513141696158772
2024-03-07,4.824253383133977,4.807579838119778,4.809535537761464,4.802030349802221,4.784192472359405,4.773705835403346,4.736706693360607,4.706233212827645,4.668888507765684,4.5646949212606955,4.501747319734543
2024-03-08,4.763242380503783,4.769439582595915,4.761027573122622,4.746503287520106,4.736258823171977,4.720456468433357,4.69255048512233,4.66617629011796,4.620992477601112,4.5296023058842385,4.468987734978768
2024-03-11,4.780502057517176,4.779824682948586,4.765391539218707,4.764445164952042,4.741195755499163,4.729876575027085,4.709478675481245,4.685192761714803,4.642978630648033,4.549964488945712,4.495007747216701
2024-03-12,4.710413516980536,4.706910695347643,4.694233781863228,4.69042360295552,4.684924195195795,4.671037217574526,4.642924838843154,4.62825875315393,4.60184799569577,4.516701092806286,4.459476522508452
2024-03-13,4.706894718821606,4.706241023634335,4.705252622486138,4.702911569706707,4.681912256417503,4.657514890667804,4.62583364206376,4.601511050679785,4.566818520512939,4.471329936340064,4.419087284922702
2024-03-14,4.825993548339995,4.811394402776604,4.8083530644897206,4.797361521192111,4.7765750981050905,4.759187393361931,4.7345018265306145,4.696568160207129,4.665856821083852,4.5735693465168925,4.5066645468214315
2024-03-15,4.945381322109145,4.937625453637032,4.941245276280733,4.921542227675759,4.909441442481185,4.891614313098545,4.85275040469127,4.818677513105781,4.775968653228872,4.670189072628799,4.594897990384948
2024-03-18,4.960025313538639,4.962503032560096,4.945586075553964,4.9394999924839755,4.925284138367565,4.90395001312259,4.868973359461336,4.830893279401795,4.789638420972722,4.681370911347558,4.60830108975021
2024-03-19,4.9080133798288506,4.904613038674421,4.900138937734058,4.895473706166846,4.868617090586949,4.849551787789542,4.815896730338476,4.784965838366755,4.742614482510406,4.632820767403313,4.562320008243652
2024-03-20,4.867187033676955,4.862822659073129,4.855701392513402,4.844698875677089,4.820246496240182,4.796269851468349,4.760148596415008,4.725587400578924,4.678900273132385,4.560458127059588,4.495397114848899
2024-03-21,4.870709676273433,4.863196681514313,4.861258262374278,4.849235631984069,4.831780380168331,4.806178461322307,4.770088911985978,4.734225178516018,4.6786761082162,4.566180691902672,4.501330363024688
2024-03-22,4.977460900696301,4.973266329309709,4.9658072744120085,4.960326601059031,4.9309862526421995,4.911333371422324,4.86793714719734,4.816313127715702,4.769310188136056,4.641780378133387,4.559402013005198
2024-03-25,4.928443779173232,4.923689909509364,4.9180186274403,4.902655195730548,4.878044251233763,4.860883140752121,4.8150410979327285,4.768656655345937,4.7208190427759265,4.58260434367264,4.501187992659743
2024-03-26,4.844846699131914,4.8389233790298585,4.833765954660607,4.8204325481007295,4.793747829663911,4.7757243819749196,4.737751537837487,4.6947584619644775,4.647023158928228,4.52290184912151,4.448944505394464
2024-03-27,4.857134853905536,4.8547272290168335,4.845013022888882,4.842493789433385,4.811949903886438,4.800291983779873,4.753956176422274,4.719442512693365,4.6652912948470275,4.542176925600153,4.4600889833961705
2024-03-28,4.855766304180196,4.8557982452015,4.857894183502576,4.844258826542754,4.820188993859801,4.801298185017143,4.764436060813382,4.724943735866255,4.684065254767078,4.568283875560511,4.492951701355631
2024-03-29,4.860136408396818,4.859372271742041,4.85285349954776,4.833410558702029,4.814692116690184,4.796786949072604,4.758039937737185,4.724553909905748,4.678076692209747,4.558161184500646,4.486889152769682
2024-04-01,4.889912152512751,4.895434334959536,4.888776212168898,4.881124764588486,4.850989712307158,4.827508813130506,4.80497510773856,4.76529555837494,4.724429919980007,4.611847214594703,4.532041152254078
2024-04-02,4.823304928936808,4.814276408646609,4.819201034859454,4.797476985861444,4.786119344837913,4.760178491546936,4.724024972539815,4.6965826067137915,4.643888571108956,4.5314933750099256,4.464466653182485
2024-04-03,4.769083928357062,4.778505925030888,4.770632940112849,4.759953798654409,4.738781027738887,4.719813423222939,4.683510728764518,4.6532257925579925,4.611619435599088,4.5066898027230415,4.438670638805167
2024-04-04,4.676530539291281,4.674702096581907,4.671953463997191,4.65594644625155,4.636816954951903,4.631654364911164,4.59144280812449,4.56719349249955,4.532433117993708,4.4354561799118395,4.378780836400368
2024-04-05,4.68343155071896,4.674282661170861,4.657954566934816,4.672358539782481,4.64264781810983,4.621318960269729,4.589629688929956,4.560782207377474,4.528176520053765,4.427054905665892,4.372440105046292
2024-04-08,4.612947877211161,4.619352823853525,4.615479009293051,4.606143447262961,4.579538580774432,4.568701362091946,4.53563835786716,4.501734213927203,4.467017507788156,4.379721437714335,4.3224508810855164
2024-04-09,4.629582598255125,4.6294421124911125,4.620413711176662,4.604558647952685,4.588458114280099,4.576390694808274,4.5370007367730025,4.512395708085607,4.474445079094005,4.38149500690385,4.327625642355359
2024-04-10,4.599163757156303,4.597070643577315,4.600865091649581,4.583490054574237,4.563929118002265,4.548213570200878,4.519756639046669,4.4903275605085184,4.457857100017861,4.361168992942322,4.305004077552964
2024-04-11,4.681550681881478,4.672535889610847,4.671065391872826,4.659268970773196,4.635596311178117,4.610214173622825,4.580779308834008,4.550028399132883,4.51664774818805,4.420816059133925,4.366702118027266
2024-04-12,4.642811243692247,4.637135572316546,4.642675189237719,4.630224197624733,4.617251300751002,4.593263229909209,4.561207551968,4.527417017309458,4.4965618394821645,4.396853883147943,4.343768012082754
2024-04-15,4.669136967639258,4.6687680310160475,4.668204282424975,4.657287961037323,4.636048714268666,4.623956151668116,4.589907322610863,4.561627439502172,4.5252189134900185,4.418566090595021,4.355795632307483
2024-04-16,4.736605289086367,4.729982833215386,4.731601495249072,4.722224898454193,4.696601477845447,4.679429243100352,4.644894638182697,4.625051788112966,4.581337030850009,4.486893081857732,4.421340311799187
2024-04-17,4.790271584367761,4.7894393124198675,4.791752645603223,4.773607564178238,4.75235943459909,4.736551299460062,4.702495818780053,4.669898893184271,4.640446106390166,4.528610746719702,4.471190050273798
2024-04-18,4.781319972693008,4.782313957405721,4.776352203835677,4.76322833928735,4.748075972655651,4.719488065608049,4.688354111442168,4.651675140111123,4.611591908633123,4.49890491468446,4.430375795208875
2024-04-19,4.818868623179742,4.818537722204849,4.80336126350133,4.795228620464562,4.76495490461911,4.737521867280336,4.705592289368484,4.6569751974710805,4.61425776375045,4.485637385157667,4.418022343738595
2024-04-22,4.894960569377224,4.891284246966396,4.881975429279656,4.872663529773167,4.839318960437253,4.821003443774017,4.768990100286044,4.732916709123987,4.664878406868005,4.534337164843008,4.447950381130799
2024-04-23,4.911889351705535,4.897193042073578,4.896940383985827,4.883783664473137,4.862975597488859,4.833287730072713,4.79172266513426,4.743769167359674,4.6990828664608,4.564956480424718,4.487193156075813
2024-04-24,4.8670945261366025,4.867028822184316,4.865074071401669,4.854150276150677,4.8312616477189785,4.8150971488079115,4.7682358976332315,4.734615488855106,4.6864238121917765,4.562893318008808,4.481775712871624
2024-04-25,4.867271764624881,4.860745136108356,4.851640437452379,4.8474434234796835,4.821246495772362,4.801327027859115,4.756141401719851,4.718211609793386,4.6749669957663285,4.553033093316127,4.471514754332255
2024-04-26,4.959047548962685,4.9507780163212445,4.938497437600834,4.923316481045479,4.914090690949509,4.879514516508846,4.836374558117381,4.7994572101783906,4.738854858813805,4.605413903642545,4.530151525905346
2024-04-29,4.885596772793199,4.884593274023687,4.870848388763939,4.862154086957966,4.837088344128426,4.8122164856612555,4.772652445256505,4.726430039290556,4.673653912614723,4.549533972131678,4.475914675003944
2024-04-30,4.942874880467752,4.928502682271202,4.929734030235643,4.9143228349982415,4.885468731436104,4.866645001465234,4.817257291295853,4.779956621221582,4.723512566232705,4.591376280620564,4.507341509894465
2024-05-01,4.97384849891242,4.967829360555862,4.968329687389892,4.954463872876687,4.919311704892002,4.898347258370135,4.844479862926451,4.796283868977009,4.743787103051244,4.603510878197287,4.524380696689445
2024-05-02,5.00376846796978,5.003221253659915,4.9955116084419,4.970894555563001,4.94392254877853,4.922646756186353,4.868467748262454,4.818047074338076,4.7613489189531295,4.619535779748156,4.526178570159683
2024-05-03,5.002578073305085,4.993738626850568,4.991349558618485,4.978022116075723,4.947364352415528,4.918836918100274,4.861482903932963,4.818754169515804,4.760356797872778,4.6071319132584785,4.516755936428052
2024-05-06,4.99557193165281,4.9915542481231086,4.981288143794117,4.966036009018514,4.937537379779545,4.905157927214304,4.8587130888415615,4.797934434887112,4.7473664593020395,4.588853970880846,4.497383881695918
2024-05-07,4.94340966951187,4.939448763985506,4.925673977691333,4.9201589431721615,4.894944304678808,4.860129683344399,4.817728189846322,4.770673590135851,4.712981101578637,4.572656895830615,4.483362428566996
2024-05-08,4.991732018867754,4.98583824390294,4.975781337301737,4.970155821710576,4.941041517349578,4.909990276533757,4.857537834837008,4.8224228688522865,4.758734081946302,4.613857468256327,4.53166835194906
2024-05-09,4.938772494819023,4.935309753807787,4.927536121278428,4.915813509989175,4.883089580976768,4.85824071599834,4.804533071722163,4.76449680936347,4.694436866441727,4.559066682350031,4.469751011374905
2024-05-10,4.835921789405119,4.836520259913297,4.825165369013921,4.815617743645065,4.784967613589356,4.759950102987621,4.721831142769738,4.677600387861347,4.63006910430323,4.506495304741639,4.422622552998178
2024-05-13,4.8489602814790524,4.83976375629941,4.838558362067872,4.824411263083087,4.794644428453015,4.762443906929216,4.714296797539918,4.66685550685147,4.621212670343864,4.471437464125571,4.395844321287073
2024-05-14,4.854320237371868,4.842241564324017,4.837728733355968,4.818876819463333,4.7882191348127465,4.765930177971661,4.71035844868642,4.66958327637808,4.604915799714985,4.464865615627412,4.372337696870466
2024-05-15,4.852942104322363,4.862118931221862,4.85708297988719,4.839311635388995,4.812671967253305,4.784344951456603,4.743090993828258,4.699474976987484,4.6359139212675675,4.495381096718612,4.411870836841166
2024-05-16,4.862029895524101,4.857740705562076,4.8473083060221,4.831461819901787,4.811717375262659,4.780739457602417,4.731138461314266,4.687711629997469,4.634815069964032,4.495320423990111,4.4065715181189535
2024-05-17,4.847453452000505,4.849057731072876,4.829192503577643,4.82431070864671,4.8001020490300235,4.776796836333529,4.7402547487290825,4.695415452860581,4.655411239192123,4.528317523633466,4.444091418894296
2024-05-20,4.858187312309235,4.858853133796806,4.851818036160139,4.831327611102931,4.816110769852844,4.797700518650897,4.752387687970558,4.705313470446726,4.655373602149879,4.5264960541764,4.447301034299737
2024-05-21,4.893043742992269,4.893875314237723,4.882415659569207,4.872717393120565,4.848898438970988,4.833554532700194,4.786737658366473,4.756430372628639,4.707159128477563,4.584735894474256,4.499886669220485
2024-05-22,4.883338511001018,4.875014340934904,4.876919355165846,4.860492458282306,4.842853269314117,4.814327071534017,4.777705686233281,4.751500147978712,4.700832224228474,4.581157575962496,4.5122485422357075
2024-05-23,4.798229182866416,4.797675900377714,4.7848790709404465,4.775571032280696,4.754503285778405,4.736229971621627,4.702225927978012,4.666512998490868,4.6232484837217145,4.519686043575994,4.457278580027801
2024-05-24,4.758213592318093,4.769091787470583,4.763416898481541,4.753488762150287,4.726905498083022,4.722933793310627,4.684997427175583,4.655791058218172,4.619003705633604,4.530765226733129,4.468959449008424
2024-05-27,4.764532209805605,4.752518317266374,4.753033308801043,4.737691098491527,4.728998781254801,4.7139602143298465,4.683003557084222,4.6654075632107235,4.617370461890657,4.526229699441525,4.477936105173827
2024-05-28,4.83671965730219,4.837837623608721,4.8322381248943165,4.830844326712476,4.809823637512198,4.7892377539314515,4.757846091218658,4.729921234249755,4.697115301049589,4.595959844512574,4.529754764297984
2024-05-29,4.840299840471379,4.834126442556317,4.8332687843129145,4.819738050201845,4.80380643426351,4.780193244522969,4.754011334321709,4.7243141395221855,4.682890529552801,4.591027335329242,4.520371831496099
2024-05-30,4.861188103338441,4.857116923601871,4.846610412050051,4.838136665563386,4.815820789147723,4.7962443035215925,4.768355418254918,4.726984841310831,4.683423929373538,4.574611441603233,4.500211349922013
2024-05-31,4.866407128281049,4.865232952983606,4.858201182819368,4.845596497293721,4.823622828981801,4.805811398132696,4.773405165245048,4.737802017371063,4.687936964146769,4.579863239923816,4.511941058956595
2024-06-03,4.811041474837004,4.804283722076121,4.801173911716428,4.792873948080347,4.778410012532303,4.7618860063183925,4.7333738511646715,4.7082918212215175,4.667471121693469,4.5801568544034374,4.506421279013257
2024-06-04,4.732736166280323,4.736945146129936,4.724733934844597,4.724634985403494,4.703786425506954,4.694869556047783,4.651825187941847,4.634936091160776,4.605646417182793,4.509335559431752,4.44403147934933
2024-06-05,4.770931359486703,4.7756784887293655,4.77343827371801,4.766385927640628,4.744071595091155,4.725001986109341,4.698226362667115,4.674993041110546,4.629554353438872,4.536823543060612,4.469725894563133
2024-06-06,4.855973632719957,4.851437300054261,4.840569086146686,4.837586000398993,4.823594657329312,4.795159151771581,4.774372142530013,4.737208855997447,4.6966064808949985,4.601081423932017,4.542162379465883
2024-06-07,4.969507440746799,4.96858509674984,4.965749449820285,4.957885192160097,4.934168088017775,4.920476272653323,4.876755434947369,4.858077702427676,4.818858107755688,4.709813900217228,4.637157510455915
2024-06-10,5.023207879590431,5.029935741129211,5.017874669426572,5.007000833104532,4.996427781488949,4.975083936159465,4.939057065891559,4.905150060497209,4.867505121147193,4.741594253022607,4.664135631501882
2024-06-11,4.973920786489447,4.969751370159545,4.9687604928366556,4.953109313864192,4.941589235817357,4.91891207784444,4.892473599330788,4.865778499141964,4.822168588516257,4.723429758815676,4.650582022702191
2024-06-12,4.988140285377171,4.981611794942635,4.9777893350367535,4.970066246436437,4.946489675862412,4.943223083610578,4.902909625222446,4.878297184674475,4.832988123471037,4.7327424810542125,4.6557113178138
2024-06-13,4.926577659457847,4.930189733731577,4.918690476814854,4.911112617160436,4.8957456327274205,4.880682871547335,4.855830676211389,4.820552497388071,4.7864077003248005,4.694353819204226,4.6133277764032465
2024-06-14,4.95668867518606,4.949919812393901,4.947916503127752,4.9434934358046325,4.927060221831427,4.90471754556599,4.884817129715643,4.85138906758028,4.812076392258031,4.710172512264639,4.6308674073354785
2024-06-17,4.962102327017234,4.970808067935515,4.96066289727896,4.9521203501006,4.93197292365451,4.91021892500153,4.887899649586297,4.853728951966853,4.817448667711862,4.703892668661856,4.628257770110549
2024-06-18,4.963348914739073,4.966675781498958,4.9583143359102575,4.955360121525,4.924695304188677,4.915778706501117,4.8780981808301105,4.846269642890237,4.810187692557234,4.696807241850219,4.612727370796508
2024-06-19,4.949171687209418,4.9458039160919425,4.948463320048614,4.937009409250266,4.913258059291477,4.895624262221267,4.859291579624881,4.83239678262117,4.786032319161033,4.678032838652177,4.602145789356646
2024-06-20,4.980042825866349,4.961704803493406,4.959802229983049,4.951720833681899,4.930331733932651,4.915489722509637,4.879821833645083,4.842718786966559,4.798585489316785,4.693407204972529,4.614625023421955
2024-06-21,4.990822969742249,4.987750513326678,4.982442021737975,4.965426060727381,4.955033387928141,4.930747208995921,4.9027321045734675,4.862442905610189,4.822100564004781,4.709185785202425,4.631733141493936
2024-06-24,5.058662077558732,5.051357805000457,5.039646873155187,5.041623396147213,5.020074514796266,4.997399229860916,4.962754843563837,4.922226230068196,4.892636630495365,4.775095972937255,4.691724289903621
2024-06-25,5.014170258130477,5.015503554465972,5.007591837969266,5.002223734233691,4.97449113614969,4.959424378901086,4.9275624369252995,4.905591991559357,4.852641403176216,4.74777670165661,4.679845208542826
2024-06-26,4.978160738065132,4.983240552188006,4.967653986426516,4.9572525076792795,4.941667250085944,4.926590455929918,4.90534361289539,4.8658845300455384,4.819931331295956,4.711619299398163,4.643703569913056
2024-06-27,5.02731455232672,5.022216155456991,5.01886687465085,5.0162143243596,4.994179788193478,4.9701973607393946,4.942744112944536,4.906126654154605,4.860881152834864,4.7463011533951,4.67131404395902
2024-06-28,5.037067822910138,5.037826759879967,5.02849358001932,5.022368419040743,4.999660454710588,4.979908064068665,4.95850205461505,4.92151440236098,4.8874738614723165,4.775226384972407,4.704488051504775
2024-07-01,5.016391614191528,5.014372307089456,5.008465293966527,5.000155076416895,4.979948868450769,4.980503050970876,4.935923754350636,4.904371882689343,4.882458801415171,4.788898881936793,4.7153398683054855
2024-07-02,5.094109518543763,5.0903466178532915,5.080032527716203,5.081183485070528,5.055358986801711,5.040470713366176,5.0162256220623815,4.991058224099483,4.963031994626946,4.873522359801952,4.800948389648151
2024-07-03,5.068004374661409,5.06566669996527,5.056988362245642,5.056279188903514,5.0358978181424146,5.019480794930733,4.989488960155873,4.964837562185783,4.930454453837139,4.82423532991858,4.767499682754557
2024-07-04,4.999476344516259,4.984754735624782,4.994987527756237,4.9853747487599245,4.9713952019884236,4.950896512063851,4.930876722024982,4.9171022077510775,4.88245462077581,4.809029735830576,4.746674422949716
2024-07-05,4.979908112331486,4.981204053300537,4.98007026472333,4.975103515368232,4.959291584310316,4.943194262030209,4.936864778769853,4.913542139465069,4.879128298514515,4.807499363042098,4.764005591365904
2024-07-08,4.935592915698008,4.93083410271449,4.93053782158399,4.929957891055994,4.917169487200289,4.90750448166529,4.893567614322394,4.870494750372774,4.839996663836805,4.776854664976446,4.717558034518415
2024-07-09,4.992859944615584,4.993074944329516,4.990091759295985,4.983976425770038,4.980892518829922,4.965006486427233,4.942140911082246,4.9306184254832095,4.891771631250607,4.820023190683838,4.773147398800798
2024-07-10,5.021820886483814,5.022544482794651,5.022315912609478,5.009798331278586,4.994943401365794,4.9930349454485805,4.97437029532018,4.946367493569853,4.91861616817247,4.847417228305491,4.784482713803771
2024-07-11,4.995937132246777,4.996341663474407,4.990828258629112,4.981546798406983,4.964480548373797,4.96147749916494,4.9363543352174375,4.9188352579874195,4.882927114146977,4.796215374080911,4.75032046008741
2024-07-12,4.9903636952964945,4.990488864128483,4.980826361212335,4.9776581415450885,4.971756236474894,4.960458730528594,4.954189120515045,4.925769688452626,4.906971991018283,4.837417160794024,4.776539910053931
2024-07-15,4.943332552272097,4.947093283812541,4.940998106145396,4.938321443945915,4.931551870084128,4.920542680033307,4.9100450176691695,4.891642568179477,4.874860752287449,4.816835214194252,4.763739081996935
2024-07-16,5.037009524797696,5.029782037373936,5.030002017647799,5.0241617944193315,5.0131009745851145,5.011474121139155,4.9877229212118035,4.962439998293895,4.938012277109186,4.867102797860774,4.808256739425835
2024-07-17,5.030220807478654,5.014981555039856,5.019102226330223,5.014957007571052,5.003265494547718,4.991118931914799,4.967913369725564,4.934731006854712,4.906546331242567,4.818879580693851,4.762131390340835
2024-07-18,5.001689264434794,5.00814677091097,4.998862860471277,4.995646018525569,4.986612636230253,4.965089829117978,4.950258586105098,4.924640330505969,4.886165627857678,4.808412971512739,4.744147979659609
2024-07-19,5.017960953953075,5.006264002106524,4.999119750708764,4.998721902646305,4.974473123957834,4.970566005705021,4.948129018339709,4.920592089379758,4.896938306266363,4.813482769218423,4.752800708533943
2024-07-22,5.028344811209085,5.023194408807653,5.020251211850813,5.010115315767429,5.000469898298305,4.990650757034611,4.964965819989641,4.93867319404118,4.908656356571574,4.829287478342602,4.77207831732758
2024-07-23,5.073691526597302,5.072516964402442,5.0780068318634415,5.0679337205322135,5.063557893789166,5.039330286801721,5.0171062390056385,4.9940889447145596,4.954091426533886,4.8749595998144875,4.810122802410159
2024-07-24,5.037293306750428,5.0315582645914825,5.029752379970485,5.025454801779468,5.014920160441342,5.003789305211072,4.974964993961914,4.958681811677121,4.932093812989702,4.852704271261037,4.805340556429052
2024-07-25,5.085367516750354,5.081942642752111,5.078154774178314,5.070381918758849,5.06006007483222,5.046989979233362,5.018511476558027,4.998000042239752,4.964198470451093,4.880056704530777,4.82274183345801
2024-07-26,5.0464126921339565,5.04711864580344,5.046135963078625,5.033667067793052,5.026040339623913,5.008080172867588,4.980809413730356,4.965458634345193,4.926731533923894,4.854756085388398,4.799040160520776
2024-07-29,5.076261656929052,5.07106028416501,5.0725209568717835,5.055148076482579,5.0501578358466475,5.037959359697008,5.011065126142426,4.9956816663247565,4.975271957484941,4.900508691878156,4.855839664103106
2024-07-30,5.077875869014063,5.079267327446111,5.068653621284632,5.065186082920226,5.055230782401092,5.046746074099688,5.019564111010945,4.999773703262843,4.969212994588643,4.901679285345693,4.849335167866673
2024-07-31,5.115425136287557,5.1085135288375145,5.107776705873948,5.108217613108599,5.099307212049712,5.091177584037642,5.0751201402286075,5.053983509891881,5.028532564244849,4.961601501633236,4.907341465758328
2024-08-01,5.113801032496081,5.11366992572448,5.103922236131225,5.103881025865728,5.093346896981345,5.081064062037956,5.064514294423938,5.038277961119401,5.016363978417728,4.937539102894705,4.888394482519874
2024-08-02,5.087698123772186,5.086452170569262,5.086271485367946,5.08218825188146,5.06604032622109,5.050405464929646,5.036648086622908,5.013714090331786,4.9941546675218325,4.919784545522107,4.865701599637589
2024-08-05,5.181211425680131,5.174766431536983,5.1680100053553915,5.163401193944261,5.151144474957238,5.140117480438131,5.123507227046407,5.093082162226526,5.069097002998205,4.995622191018924,4.933047927046236
2024-08-06,5.094232457333299,5.096648111997352,5.094235208593018,5.092539732441326,5.07823196865593,5.07369004133582,5.050247607384165,5.043546991553368,5.011656691119623,4.949910317329333,4.899060572183131
2024-08-07,5.13492973241979,5.136950415419877,5.126864135037922,5.125711298415917,5.115302128441246,5.094692541686787,5.079810314286673,5.068679432728077,5.044782631929185,4.982171997252423,4.932449244194482
2024-08-08,5.114439966571486,5.11345519438233,5.106358796496226,5.1065905447732876,5.088271236953786,5.083443224014859,5.053785459590611,5.048892197422499,5.0201194514894025,4.950068793034957,4.899814199233964
2024-08-09,5.0970055192941555,5.088715086813697,5.089264877800288,5.074889515300039,5.064892250166377,5.053793511359537,5.0270925932270805,5.008204150588407,4.980195535412834,4.907691081515627,4.858891590796741
2024-08-12,5.039534549533626,5.040867385519719,5.032687457739916,5.028532699232203,5.019645257110109,5.009010110431776,4.992672707838139,4.974049842605266,4.952007279531522,4.876898892818536,4.834058387692894
2024-08-13,5.039527309657108,5.043317427820211,5.04495008418519,5.040830224080548,5.018205120302627,5.006451079761782,4.985427883385712,4.971519036781988,4.943572056632567,4.873330106764021,4.830414872960781
2024-08-14,5.045435199869157,5.044564165471566,5.037204978474109,5.023083381922948,5.018535846826529,5.008182228917968,4.988701268121394,4.970757775914275,4.93671815427989,4.878802137996423,4.833613780687881
2024-08-15,5.025766964887874,5.017828849239856,5.018839504149401,5.012768125655203,5.000883807358336,4.995865829834603,4.975932390458515,4.9518221063890016,4.922860755407501,4.858723844558538,4.824297199119274
2024-08-16,4.9850938533195235,4.9771976986891895,4.9692657600609635,4.974002882878958,4.960721951897782,4.947634449499396,4.9270506371707805,4.920716047427363,4.8938808399859415,4.844528679522667,4.80236736894571
2024-08-19,4.942572867189533,4.9480112352436585,4.944560312178394,4.940653865900324,4.937882262994777,4.931292986900601,4.916844344865314,4.90494034031747,4.893045455784235,4.851944853543414,4.815837864524874
2024-08-20,4.933441016112981,4.927832485378575,4.924717756016905,4.9211199745838705,4.914488855138925,4.9069619502793005,4.900707887188838,4.894613313620508,4.878645495011283,4.8361917754301365,4.806250520944786
2024-08-21,4.84873206760247,4.843746348929457,4.836814815381023,4.834889531331913,4.834595186734144,4.827389746770311,4.811722075872629,4.800246731384478,4.793743403701098,4.761012225325649,4.74628091253638
2024-08-22,4.858507221803801,4.862015333748655,4.863175185261563,4.852676609628465,4.851687190112057,4.8420913952439255,4.836665365659709,4.822851566799395,4.8047655702144665,4.776928118872465,4.756832777638217
2024-08-23,4.8720874402756715,4.876013997100735,4.874964598494035,4.8708706126408865,4.866035202100743,4.859060429602353,4.844774032409222,4.836549035917292,4.817404690636252,4.788108682885301,4.7682300872350085
2024-08-26,4.906555880345733,4.908250151971663,4.903012487049175,4.901102617436827,4.899856585016557,4.894826337887206,4.884802976783797,4.874670902341847,4.8684746509367915,4.835740400619918,4.8146526100877445
2024-08-27,4.979881526219712,4.979794499055483,4.97396145478049,4.977685902726575,4.967629579284652,4.962294824710452,4.955697085122947,4.93804577343127,4.929269502981145,4.879640038005815,4.852139346485735
2024-08-28,4.9526934298520064,4.950807679719402,4.949725004542637,4.949393253846555,4.941376867881523,4.919565439772233,4.919128199278997,4.899251938498321,4.891276605010892,4.850062668013045,4.822202875154204
2024-08-29,4.907957441204098,4.901868224881576,4.9126509142426,4.903541229475454,4.902394073090005,4.885487026280187,4.88288615156489,4.865439630311053,4.846439294798766,4.810476247894197,4.78159996185061
2024-08-30,4.947205647909125,4.93855234654785,4.939060339584802,4.928784283285747,4.932657207837117,4.922220574683781,4.913146010991151,4.8877834752273905,4.876459078365952,4.834712613076349,4.813570947819599
2024-09-02,4.889777120808806,4.886841807079319,4.893371669642588,4.884269629450197,4.878312774578987,4.86212146639325,4.853015769310313,4.848432118379149,4.821671257603169,4.777423833352068,4.755819221968824
2024-09-03,4.94017127494735,4.950687646184967,4.945706048421216,4.937997551828715,4.932201505976561,4.919510028806575,4.911060279839341,4.89094269298009,4.869587334586811,4.8297723444369485,4.799190525273812
2024-09-04,5.038175958556058,5.031054711983227,5.033335689341648,5.022538199443388,5.012122785336113,4.993425907390168,4.967274674388334,4.955845359830262,4.916208248885606,4.843794020486895,4.800681318038618
2024-09-05,5.023921008304626,5.029842773222923,5.019248191719178,5.016000926305468,5.0039983363069584,4.990263135567229,4.967304627637714,4.950734489905131,4.9196070932702165,4.839264279115972,4.803850119533173
2024-09-06,5.1283201710873625,5.130063161596356,5.125191016290468,5.111669874041021,5.098434646696098,5.082560046585347,5.057316826019768,5.035538447301287,5.003269405500639,4.909481572176819,4.857823303147913
2024-09-09,5.080490609227081,5.0671740338784925,5.065651821480898,5.056347512149285,5.040025404714666,5.027319113944989,4.99801640558114,4.9745572397931905,4.949425894405476,4.864838244136197,4.804945383697792
2024-09-10,5.067759172540962,5.061324027238308,5.057554617143792,5.060892703674386,5.049524531031712,5.0391816171307475,5.018084321089548,4.99176758478281,4.972337983842093,4.899448167233247,4.8528122127999005
2024-09-11,5.095223830687626,5.097232291658488,5.090714268971395,5.085350298993783,5.079037366352193,5.059571524738065,5.041912162357539,5.022081968125623,4.983782103460972,4.9198556278802785,4.861305630292801
2024-09-12,5.096421247808271,5.09310842427688,5.087769176671465,5.079377682357541,5.071221935740827,5.057741382348986,5.035178299328764,5.015587260933768,4.9825116326579675,4.903984127263341,4.8547536581403845
2024-09-13,5.11696944339193,5.107822434338727,5.108357453309383,5.117460278653303,5.084808841342527,5.074973030469678,5.056217135121617,5.025651873250692,4.999766203157372,4.9182359182777615,4.86606131068238
2024-09-16,5.08092121129845,5.075078027085124,5.072282972044614,5.07019076513682,5.054152058306368,5.030124125072644,5.013500442514488,4.985193429754887,4.960005010162232,4.870207346514215,4.8174522155967
2024-09-17,5.0236649886610785,5.017816378784832,5.015854855382755,5.006597796637695,4.989997313160504,4.9808090962247835,4.953672021586817,4.927865302228398,4.903544724703344,4.819622833111152,4.7611583310886205
2024-09-18,4.931798666873408,4.932893907289787,4.932951841046909,4.925369144654842,4.901257445605169,4.89694007957384,4.867213793389336,4.8503876696763,4.811183235643103,4.732362596257875,4.676577741553181
2024-09-19,4.894308327300031,4.8787552497079325,4.884744773594808,4.871556112217373,4.850901608342959,4.84473445118153,4.814194669402989,4.795606269193807,4.753095589524096,4.671514526368682,4.6255093989276075
2024-09-20,4.993480685808967,4.99377671860404,4.9808780435737425,4.97800952440159,4.957216773506234,4.93474948016414,4.907083218302959,4.876854448853812,4.8380568647703655,4.738245691301909,4.686773560152747
2024-09-23,4.997012174793746,4.990592045042036,4.983012763714628,4.97798111482728,4.965349577121292,4.938299366002265,4.910997928149355,4.885050297469276,4.846176153696429,4.7518441267726725,4.6994705297165416
2024-09-24,5.001913368330238,5.0011106824963685,5.001079805774292,4.986085926752016,4.966429975772359,4.947863661298691,4.916821220229958,4.880972818920562,4.841337327182283,4.739971211117074,4.675158094195875
2024-09-25,4.989515171917251,4.982687569535453,4.9787929910844095,4.966163703496809,4.948947373077947,4.933745460347318,4.896552685029952,4.8636090091491875,4.831521508714649,4.718538174869733,4.651936055025814
2024-09-26,5.004367934533823,4.999376300376719,4.998599381987826,4.984101040556836,4.978426773867801,4.958834358394756,4.926641323850322,4.908270585122053,4.866809708958027,4.775534739094503,4.708820717968602
2024-09-27,5.015839291355144,5.01315289963934,5.00817058614345,5.004113910044138,4.971068628877045,4.960202054636893,4.919322150066027,4.901953474158163,4.853400444104709,4.757877540992444,4.694888154125037
2024-09-30,4.916419274752472,4.915471837723777,4.9120531700243095,4.899046363553348,4.886854203571875,4.872169750204131,4.839617526685813,4.803151410546244,4.768051479374752,4.6719277425841295,4.609454661474879
2024-10-01,4.914936618305122,4.912249946799822,4.913347405090898,4.896793501565453,4.884773402992024,4.865237704807062,4.837201955126505,4.808485199354832,4.776012652312319,4.668875141119312,4.609086667945338
2024-10-02,4.995758156226409,4.991985730374668,4.983424105509567,4.974234732462837,4.958626762045808,4.9375784937754545,4.905794268804509,4.87246842002873,4.82853327215493,4.725184605364398,4.658104175762733
2024-10-03,4.998873908232974,5.002876824023074,4.992431990235794,4.976595373501464,4.95741864254208,4.94575082178157,4.905774237405997,4.86554712802333,4.828219653487152,4.7018742943324705,4.629430232221227
2024-10-04,5.076935869369054,5.0793194706645615,5.064536513800159,5.058884132759818,5.033602171624105,5.014839584735735,4.973946622802199,4.944173766906447,4.88567761036929,4.773753866176755,4.684044650353103
2024-10-07,4.968602848877468,4.971477951782283,4.959994784748671,4.955573557062016,4.934148045105294,4.910062813147432,4.874933397840959,4.8432052675430475,4.802455284654372,4.6989913622643575,4.621824192140693
2024-10-08,4.961851477920942,4.953761175775578,4.948357480174185,4.945631646990194,4.92996754696633,4.903120999738948,4.872933034650743,4.843853276899951,4.8031613112125005,4.693202105685658,4.619357980578909
2024-10-09,4.978361885279337,4.971167352904777,4.971122034238117,4.966151390965464,4.947463561189228,4.9221413598817465,4.8929829928492765,4.863129203600022,4.821439687661632,4.703729346492351,4.623878185078424
2024-10-10,4.994644349731638,4.997723403832827,4.98306959913184,4.975724245838898,4.955825607677616,4.940923929277133,4.903785749772448,4.872170051630564,4.823315750104361,4.718241449537675,4.6361602730929405
2024-10-11,5.019576079278794,5.024134660321755,5.008428152205078,5.0002111464558645,4.9741693977124095,4.956265910296477,4.928627645374674,4.891974700976201,4.83725139232187,4.714223500983717,4.631345360501817
2024-10-14,4.929724245170549,4.939892852891297,4.922204998844127,4.919150239305294,4.88997942710708,4.8778479432925534,4.829372681716039,4.80546930672523,4.759384805270005,4.642161239690749,4.555135758266357
2024-10-15,4.962380476830732,4.96280959862145,4.96023653054927,4.938991873113835,4.928040024681767,4.897594575167252,4.863383857300563,4.825623397589094,4.778741469572592,4.641748728215165,4.545536642786847
2024-10-16,4.9383091840045825,4.928319532842131,4.926626237257852,4.91747791350268,4.888641602199446,4.862241873698522,4.833272494634797,4.786857736987123,4.747977077381758,4.615393223514327,4.524694268946999
2024-10-17,4.869779882643543,4.8644526218595745,4.855933343168531,4.84520743804073,4.827094732394573,4.807999571527967,4.768201741586526,4.728072848923056,4.678938214064602,4.559022122715357,4.471309823640623
2024-10-18,4.893087577342472,4.87778529963222,4.874736061386139,4.873580207148202,4.846294654341428,4.818347987239011,4.7611239518216575,4.734832538318786,4.672957982342226,4.549967759827323,4.463461669895206
2024-10-21,4.911722467773664,4.903127467891231,4.898520697564465,4.883020013397417,4.853998876974021,4.839476058661076,4.799614006166618,4.74473970192848,4.703617954818899,4.567912144801396,4.4922462101155
2024-10-22,4.88035705534224,4.879787132009389,4.865080142245461,4.854507090689013,4.838052858711004,4.807311813676205,4.764767069361703,4.727100472512234,4.682900963137267,4.560278693201002,4.474062480376853
2024-10-23,4.8204382009379545,4.80871370154173,4.800734961160662,4.789142925167665,4.769435694067748,4.746618996098477,4.70923534198575,4.673143433137712,4.628527689727892,4.515239783759235,4.444066410393903
2024-10-24,4.808063239383752,4.805988411287371,4.799109492720841,4.7863348749196035,4.763889139261902,4.750656358674897,4.71212919481895,4.683579588188483,4.632193227461455,4.52693184590793,4.457378807268378
2024-10-25,4.760572154809974,4.759844708357198,4.750320650443456,4.747446722346115,4.716929930039342,4.704534770030614,4.6638795694908275,4.626525699562796,4.586137995263393,4.483616626049375,4.400124094533631
2024-10-28,4.701180870715091,4.6985523304547385,4.6894480940838275,4.689179722447668,4.663657006746388,4.64858900753618,4.617525762995011,4.58109261894158,4.5396377131114205,4.437520814100224,4.370121543444657
2024-10-29,4.693649050023289,4.688124801974418,4.676459168944091,4.6568308759773185,4.643169973164459,4.622555212731899,4.586316486937978,4.551541728188164,4.510063262670862,4.389839380715776,4.320643888670325
2024-10-30,4.657576254375225,4.6542543502457,4.638100884684992,4.637527181746655,4.61001763198128,4.593295946877713,4.564231982573395,4.523870528601607,4.495437903893406,4.392733082897711,4.32048656339447
2024-10-31,4.549735628800739,4.545756879209734,4.541156210520419,4.536094955472626,4.5046409546190915,4.488067377814485,4.461914302237466,4.422619616934446,4.394036854647558,4.298820033762822,4.242501514974795
2024-11-01,4.575277786448666,4.567991407243576,4.565070871270276,4.554107385522216,4.535154739981318,4.521685678992947,4.485751854147575,4.452214238082642,4.413819306768323,4.312850037044257,4.258562839953055
2024-11-04,4.621102242749699,4.614672942954226,4.604166122564597,4.5965013328889475,4.568697962829189,4.557688179695607,4.512562443064516,4.477664079279399,4.436636672494602,4.328240871770227,4.266366579573488
2024-11-05,4.574408054441808,4.569942553381743,4.56180541345912,4.555199091563082,4.535660143061637,4.5183707742553825,4.476951504323062,4.442449908625956,4.406281639237662,4.30513485502393,4.249701625617583
2024-11-06,4.505869583375186,4.5002620823723785,4.498396578545904,4.4969533861822235,4.464219343279815,4.449234042479271,4.4185567887946675,4.385945677649353,4.349231029356749,4.242588779443113,4.1895235403691355
2024-11-07,4.5179416334724625,4.51572950694535,4.5114126599709365,4.490581841548893,4.470461986991921,4.45463720399011,4.4185633261475274,4.385669286110641,4.34258557979044,4.239173577237175,4.174083624802674
2024-11-08,4.449703237724794,4.451073458334184,4.436043949016278,4.432837622704306,4.41527137241596,4.4013708415021195,4.369886435610546,4.342593637649966,4.304250330304122,4.218690240502007,4.167845397753754
2024-11-11,4.41905884995597,4.416277527594846,4.4184618274824246,4.40221051459579,4.38813943859154,4.381305972239222,4.346583170410424,4.329495056750104,4.297671239394503,4.2199039159002565,4.173713215350614
2024-11-12,4.335560586467683,4.331120508917423,4.331092900388448,4.318490299612508,4.3100666869542295,4.298701026700539,4.272082173078089,4.249915649672333,4.216510654537708,4.139062077810993,4.102571307582658
2024-11-13,4.351980029571477,4.35129940061007,4.352454014337197,4.35342775057426,4.332693325094622,4.316318479229657,4.285768878056316,4.258879767013226,4.238768049486684,4.164674885573677,4.1179375339400615
2024-11-14,4.351762430060551,4.3492121262058765,4.341419777677516,4.335132335252454,4.323894802950044,4.312576301329131,4.3023919781856454,4.282225472400608,4.261248004553623,4.19437749658353,4.1652442384653705
2024-11-15,4.319098213333021,4.311388071477263,4.307204377700255,4.305108503485207,4.2923679936558115,4.282306239902108,4.260586566214064,4.24166869616216,4.222700142732061,4.167531353763872,4.135662948001018
2024-11-18,4.3593530703479955,4.356665348201041,4.352715397855134,4.3412904232156055,4.322496721178222,4.3250501164664925,4.308980607711935,4.279661963036153,4.26029618417926,4.1994189054866835,4.164768226976595
2024-11-19,4.425954920370283,4.421404461243589,4.408845371777792,4.403033315063584,4.389511495260651,4.376126945510206,4.339175413174632,4.322419268022906,4.288026039648942,4.204058994365129,4.160785811403907
2024-11-20,4.295062005209586,4.2981803173170805,4.290516128991166,4.285422327482819,4.267969362963617,4.260879408490157,4.237461280070298,4.201277710499149,4.178507357421243,4.115922113822849,4.082703998392035
2024-11-21,4.309889227041618,4.31700051586971,4.30597837090748,4.296716383864549,4.281563226762639,4.271440083519414,4.245353794336949,4.2175872908668515,4.193673165230517,4.127432294804268,4.099595916339135
2024-11-22,4.310751445616346,4.304329055689427,4.311650639600292,4.298680572632927,4.282440010197882,4.275277789342826,4.239114470218621,4.219783505814303,4.18417627211293,4.119189334595892,4.075660833216422
2024-11-25,4.26686332352197,4.263558289497798,4.256915488934845,4.253949328345451,4.247185619022372,4.223658748877506,4.2099032026590315,4.191946138946671,4.158861762421859,4.109345483600691,4.074826302160178
2024-11-26,4.227934289271464,4.225828115412885,4.22014766052805,4.218401132250192,4.200423999762548,4.193231556968449,4.169043173375953,4.154858402283181,4.127976371298332,4.08096165928742,4.052193711281632
2024-11-27,4.200685721568766,4.203671558704921,4.200047213510519,4.198983514150959,4.1792106613719,4.169873096806985,4.154658483341986,4.135389054182945,4.114472623550792,4.071485003434857,4.0464688352911535
2024-11-28,4.220022759070737,4.218469877710178,4.204784600787535,4.200313346310594,4.19106322039903,4.1712196646477215,4.1547357157876155,4.141849507027354,4.112461860287504,4.0634699084568275,4.023088659422919
2024-11-29,4.2457770665976735,4.23734242168033,4.235076611409226,4.2261252140529955,4.208036490323298,4.200870912149831,4.177514968507642,4.164143405324182,4.1433313308963955,4.083229204359462,4.049319459089234
2024-12-02,4.265530719784377,4.270474086808467,4.25762929101588,4.252412934552169,4.23462478724455,4.2178792512205785,4.200902767510625,4.177392478232942,4.148200986962257,4.081913332764785,4.051820600218702
2024-12-03,4.285367384364715,4.2794995870856525,4.262887340052766,4.266584226196927,4.252326131113867,4.231170670796699,4.199868292031529,4.173905078618066,4.147930314529824,4.077927958374983,4.046505632114126
2024-12-04,4.2228000081857395,4.22849461146733,4.222772732013898,4.2121685809651686,4.197097516845817,4.182714981768881,4.153684939893815,4.132510216722671,4.106772462753418,4.042758310249758,4.01355408891094
2024-12-05,4.244669971662156,4.236083334941385,4.228482330839599,4.225069073347501,4.20032708210436,4.196894101524163,4.158944224414246,4.143244017414828,4.115003192716742,4.040821297127341,4.005665293992008
2024-12-06,4.277622154136481,4.270609772402421,4.262096475467919,4.256980252552958,4.23485652117768,4.2210650223329,4.197836257855873,4.181113522671344,4.142625479064833,4.073797586130738,4.041310879351541
2024-12-09,4.264709385361162,4.261741536119115,4.256177112399793,4.244769939571737,4.227603309413864,4.214346718659321,4.186542330214815,4.154253728278715,4.122020097018672,4.049350355346655,4.016818360872492
2024-12-10,4.228645583935977,4.23215909984118,4.219879566460139,4.217800937184456,4.199584577080306,4.181120453838099,4.149473125261029,4.127516437989403,4.097282484077186,4.032131295420791,3.9983588268056707
2024-12-11,4.247437656252597,4.258881733179535,4.2547684276492,4.244184618695095,4.217052702093889,4.21072147033503,4.173044565119229,4.148528732874105,4.119738155187094,4.041737043537438,4.002649209586153
2024-12-12,4.315410203665995,4.314210239268562,4.314300141191579,4.3023371950063405,4.282400753645239,4.261114926049841,4.231330090492803,4.20325301628056,4.171232532950338,4.089578724007404,4.040815819432207
2024-12-13,4.3017791325918955,4.306332636667479,4.293124244712323,4.288604465924177,4.27200216918717,4.243525257518222,4.215042612983208,4.185865714312321,4.154048988062682,4.07167736560674,4.044845624349897
2024-12-16,4.275786004028519,4.2677933577696745,4.275090888582348,4.26223891620745,4.253138939855945,4.224540087360629,4.208973964016852,4.162746559142274,4.146495456096904,4.061840161590689,4.033104587164511
2024-12-17,4.2337368841786995,4.225142367281691,4.2242328422646205,4.221547313767509,4.208289412719478,4.189322494658209,4.171188837118289,4.156721559755495,4.127304812242383,4.069286023898686,4.0479605387527196
2024-12-18,4.199949966627059,4.202100860347204,4.204977042599316,4.185212087641647,4.179242632332316,4.167606189742179,4.14624509655285,4.13398857673309,4.1033288128910765,4.049144831552747,4.0401251895197685
2024-12-19,4.2853268186910265,4.28579794569909,4.278702900497203,4.278224201487282,4.248765988982298,4.248369830416957,4.219360102627286,4.189614379334008,4.16692690796333,4.099012012593668,4.064887519609322
2024-12-20,4.383685492883177,4.387021036901337,4.383786926964621,4.3589516119511815,4.360185633175646,4.332371019506018,4.307168040943712,4.271828384110231,4.243120833788537,4.157388657987512,4.126391975534808
2024-12-23,4.35884244681314,4.358819947247337,4.357288512642367,4.344493914283643,4.325274405508546,4.313934312371539,4.283088403580515,4.256010258018029,4.221151215985432,4.149736644089437,4.119829818020197
2024-12-24,4.405059853336784,4.399862574639749,4.394409312593759,4.389048478127518,4.364231850109712,4.3463670822447185,4.323608817491503,4.298666334617006,4.271620557525271,4.1953763472150705,4.153627476507078
2024-12-25,4.30988577353895,4.306672933462944,4.303403053810914,4.293128642284495,4.283291686056947,4.271686209746702,4.254913448127512,4.22970775338634,4.198193715858351,4.147661125255853,4.107698352751866
2024-12-26,4.34399810010376,4.345604975204998,4.338671456306174,4.332982824361235,4.322409480581447,4.304984676006131,4.276477457748986,4.254865524554067,4.225160408075385,4.1613263589172735,4.136438943603184
2024-12-27,4.422775720174266,4.425634738968133,4.408682102878255,4.406055335307754,4.401358550152767,4.371474824275453,4.347726465320487,4.321849958251165,4.297242986951416,4.223689300443208,4.1853584222048
2024-12-30,4.419200227338756,4.419854119025135,4.411618071175461,4.400943388519977,4.387093052748385,4.370931579315543,4.3421893793430675,4.315787602537914,4.290429116378253,4.226108236446975,4.197113379983258
2024-12-31,4.474827292847881,4.478218765578224,4.4673628334648585,4.461547147420852,4.446122782347754,4.430334677505341,4.393933003259518,4.38090281690637,4.349133809099397,4.287544468420573,4.247075466772242
