Date,STK_01,STK_02,STK_03,STK_04,STK_05,STK_06,STK_07,STK_08,STK_09,STK_10,STK_11,STK_12,STK_13,STK_14,STK_15,STK_16,STK_17,STK_18,STK_19,STK_20
2018-01-01,62.93066025558459,149.69510866373346,142.07464253291337,99.46948072745637,41.34061879410462,53.674685420395804,49.59170146974439,130.8765405847793,84.66270914703786,109.66778035999158,105.03732311170819,66.22141841354765,61.76630450180209,102.99910871727765,130.63183396617174,52.755434565348175,61.285963907960635,25.443384687278463,105.56361826966388,148.44936811845375
2018-01-02,62.85668179028893,145.88848014015608,143.72746628936488,98.83128644329064,40.903035453566076,54.69265405433525,49.40991264393853,135.22323194530554,83.49674746208055,110.8433873205909,100.5310442330047,64.11360109496606,61.08817546486177,104.61243339825886,132.14506203091477,52.51547928084185,60.85053935722988,25.340943781013053,107.04318184574981,148.51966186648426
2018-01-03,64.18306669518712,151.65933200329172,149.76466759007445,99.18497898093973,41.498564031082275,54.710552802436595,49.71776794662391,142.06037697412523,85.4187227670309,113.84707551961637,107.04401462321752,64.50459083021805,61.81950744527347,105.94772033088122,139.44271729172107,54.72312165337095,62.463816519857986,25.261534264743602,110.82888940352707,150.9610160474219
2018-01-04,64.02720374227957,157.5996293455001,156.0705753497198,103.92162960697391,42.41839140177999,55.51373691735729,49.95894703940103,147.9768846231786,86.48828375071704,117.84088538646789,105.64919416726838,64.65897042787039,63.52186382191681,109.02569819271496,142.51885332243822,56.39453733051844,63.444287784760434,25.50150479596281,115.98069982511326,152.67736256672313
2018-01-05,64.20565615245229,157.20874306801335,157.3565643626854,106.43305556700828,42.70803272226885,56.645016940468864,49.88322126872688,149.31569089244496,87.01026737732705,117.26512123713856,108.02341695702859,64.84412090537104,64.08103156650478,107.28094379122062,143.71868920293826,55.725197161419864,64.29863296151,25.2716723600151,114.3702857934729,150.3792547490233
2018-01-08,63.81652801685899,159.53897526822126,157.5547722149531,105.67166897374076,42.813000155093704,57.693980566915265,50.42485239463301,154.31996752016207,88.15364136239178,119.87856402621199,108.77010969597191,64.81649944357966,65.42403994065849,107.17882286790875,145.10766933011425,56.410825162996495,64.71067971864483,25.564395796400493,115.93280816760138,145.22667205123847
2018-01-09,64.2496770731725,155.2979533407151,151.5105437761967,103.70135754315554,42.98469760722601,56.7993479051999,50.85609586346253,151.03437997733624,86.83365402210008,120.62555905455208,107.5192107239123,64.15461217342501,64.36885117049383,106.23682788801409,145.59820537328096,55.60972311395233,63.93832197873845,24.93064269484788,114.63412902472912,142.6888389589741
2018-01-10,64.12777911407,161.9380211879048,158.2582164674379,106.87630075377432,43.10751266359135,55.779233762884004,51.47495921332573,153.00060763210968,86.46078480638946,124.19105649208925,109.75169944899406,65.48531785849927,64.03361755616635,105.84189564710215,151.7730742881191,56.91450577920295,63.65884997408444,25.79785578470013,115.99732504101362,143.3509634205782
2018-01-11,62.70161951337628,155.57352007610595,152.79909962356464,106.2500325459786,41.86099784034177,54.598667859289804,50.3205619228481,147.79498228617194,83.1542427318005,121.24510867812981,111.87204751098093,63.92553278840633,62.47214977387251,107.88660485920663,147.8738243372685,52.79064949479034,63.8579192449026,25.914104187847773,112.16638763473273,142.70174559871273
2018-01-12,61.73396904939559,156.2363215456886,153.6380435317683,103.0305122883896,41.264904402850455,54.97146534490442,50.64788339614249,152.14948899596712,81.13779155742527,120.26785595129213,112.72235872214205,64.10795241155256,61.87893727955711,106.19400902531856,146.77796027382334,51.775917312206005,64.4848009061698,26.47227840747866,112.15591850110454,144.3012603383735
2018-01-15,61.4818687941364,156.36500289777095,156.26901775664123,103.34359934164365,41.92399649514069,55.389100262033054,50.957776878277144,152.06422223925273,79.89663310413766,122.52230905182083,112.23023023443527,62.917383214038615,60.73245567594607,104.53193406047433,141.86285557366048,51.463230727861216,64.23578578662601,26.459530946927934,112.20871172505673,145.94466380328078
2018-01-16,60.658866531074096,152.41289826451572,158.42711203110363,102.42421795162625,42.17260530479568,55.20232094823978,50.755972253872145,148.44170854153077,78.16986759139994,120.75851154552375,111.23360739062542,62.78621780051006,59.294114318623976,104.48585687254068,142.01552045267923,50.901971463725445,65.32387254186033,26.565185933150456,110.4458872758494,144.30091096398613
2018-01-17,60.33571588741843,153.87359680708428,165.0602868290739,101.41938382020066,42.23339022379548,55.96960962233333,50.398878296717314,149.60885480171825,79.51805658468889,118.8637571250274,112.16683948747433,62.3566302354713,58.49481363751871,102.00974422762039,141.86837649971355,51.08554641648798,65.31885577723563,26.249905675222614,110.16450890372201,142.2548643855687
2018-01-18,60.60195600529441,153.11301416610675,169.01137113877903,100.87604706702204,43.55707872948841,58.2660420365145,51.30775501745521,153.10377252137366,78.36274359863388,117.28667081693663,112.19409514456785,63.343519273951316,59.44536722397214,105.23371969962027,139.8305637977623,51.9037923413758,64.7914085147685,26.00966714400152,109.17648300264699,144.18469578865066
2018-01-19,61.50617212788269,154.5252078943515,173.0396663770191,102.23987266264537,44.23876576830589,59.177219999124816,51.3883996422739,155.61602580027105,79.60427531666097,121.5313531611223,116.17795595972773,63.27877829825848,60.83036614830618,105.04077222370954,141.8607106393935,52.49053086286015,66.79176452963674,27.064392146933255,110.07022276673231,146.1262347272315
2018-01-22,60.432035009450516,153.68896229678063,175.08333763641306,101.39104322271562,43.29973486295283,59.24635047715225,52.00931724139658,152.65680653351322,79.21974692899656,121.22201756350195,117.659666635124,62.12422850976179,61.15270477021593,107.85616420738971,142.7200309548693,52.2252504382618,65.56036111031071,27.278926742379394,109.10815134728709,143.9188522689484
2018-01-23,59.94533990301698,153.11691682565655,173.0942008637606,99.35935940208077,43.565038770145456,60.5874172557957,52.274978341758306,156.09955914981603,77.98402786044872,120.1705951253561,119.16107594493455,64.04796256282583,61.29124109235496,110.14125309959735,142.32624059955575,50.960166085244396,65.5728169700565,28.026419309077568,112.73263442608923,146.0000418466426
2018-01-24,60.276850471462694,152.41351626870497,171.61845759202558,96.14728090432777,44.64926105427991,60.88931484148058,51.76625946437819,155.78415498841312,76.11526136097535,117.71511532350183,116.0352596190888,62.09618823434288,61.13723027863641,109.06133121905462,135.41928322479572,50.447224359569816,65.95323277913309,28.15960936748011,113.62508984701012,147.05314171517873
2018-01-25,59.386805615152326,153.39432032332365,168.97680778979088,93.96150613177669,43.49558918059237,59.35282886372706,51.60007991844078,149.98673120017574,74.41481834976227,115.5774154181491,118.19123597518009,61.420570510643266,59.82641345947559,106.16989697383458,135.22658142163633,50.25810119515789,64.48948381232822,28.074292744968524,111.16129974233378,148.17938411039245
2018-01-26,60.39132039786466,156.02517666942214,165.77585414528843,89.94637610588467,42.422384897073925,59.62793277794863,51.92111065057885,151.0507448323442,75.54504609477692,110.98746101043595,117.30351270614052,60.567351690689705,60.21257287288357,108.93972830009483,134.5302261455001,48.91339970333225,64.36387915828477,28.805594392024453,111.8387155405932,153.35493576201142
2018-01-29,60.684157517485616,160.21154067976795,162.87895565359898,90.8156674595457,41.93715605661437,60.502963511095984,52.37115163932765,153.03432939258664,75.00318200623,106.45991682111267,121.32750444272641,59.445179186531085,58.46953582834305,108.2025675274993,133.21028068293583,47.324563028905075,63.889348677948675,28.363238399130072,111.90558739419396,153.183212151414
2018-01-30,60.67640156495097,160.62374184628095,164.7113439154324,92.85299020266432,41.51453210814931,61.0323948614569,53.3867758197553,159.34852477700926,71.8458973833556,106.35752077530073,119.01063330469866,59.78701498199828,58.55070425115001,106.19137034929551,135.45081657683838,46.98374642158882,64.72185177545263,28.828103643993444,111.18646963357689,153.09108529458456
2018-01-31,60.34376749072109,162.8357446729414,164.33185286004647,91.8535345644213,42.07203900012683,61.84993545203259,51.642887895715354,162.92770706229993,70.80177815197663,106.32434705965679,119.57353656055962,59.57818006201242,57.75020790905912,105.34246506307393,133.60403235779305,46.72698115583104,63.364099021220106,28.155125634351037,110.92203006766576,151.63452656697723
2018-02-01,59.666524247899886,159.13060700103122,163.68307259494938,92.18068379324754,40.950952319115174,59.68761734549364,51.58273188825191,158.40653586008284,67.953908926654,104.1002781182157,115.90355456255077,59.50247718302245,56.129615471105474,103.59936099266368,133.70693381425917,45.499600714417625,62.246329163404006,27.83849078771745,105.98518615292615,150.05767169165114
2018-02-02,60.36695428566766,157.99383536461625,161.28958399260216,93.85700080515916,41.572579668405616,59.57801953695252,52.57475541361514,162.2560950175607,69.12274244519976,105.86413729954418,121.87269758618275,58.432244994896486,55.877203158616005,104.71760302973595,132.9314255764697,46.699775194306646,63.2614122551881,28.45248184349543,109.51473726398272,147.94707737398144
2018-02-05,61.29822370684607,164.9081321491498,159.18925979719384,95.19704046909729,42.020141887260635,61.80525323426607,52.729700448764994,160.16490316181407,69.2965040108178,109.1968155143447,123.36015812018302,59.9111519848315,56.7311266200668,105.50955077787582,134.63949209090308,46.19562918929625,65.47389647706689,29.188790307406705,107.6446147739735,150.2973177940537
2018-02-06,62.643761609690436,166.69103587106,166.08156612351272,96.46865803431754,42.81704594639466,61.65645613962113,52.26251764076651,160.71075768823977,69.97994916931059,108.38178354132022,119.97771559602468,60.45836578486097,58.01564289650121,103.2462403936091,132.84337547807863,46.573015389794456,65.78697912026237,29.742673749700987,111.63090319235303,152.88402173434426
2018-02-07,63.179723499426046,168.40610817847153,165.4421885562793,96.44800365832612,43.446592717860845,63.73864031742848,51.89111063315875,162.71683314384447,70.42410340300209,109.27786246964317,118.88907350045662,61.407005174571154,60.28233491237229,106.86005942404388,132.83643622028438,47.38902197425435,65.79848554560792,30.44116961005976,114.10176462844575,154.33732773638988
2018-02-08,64.24218593965111,168.05420628228097,165.9461221662309,96.36231253227578,43.71947107770972,66.09062610076066,52.22412455226484,161.30032283184417,72.28122858901443,109.52385632484601,125.06200165123808,60.19407868103399,60.75862666451429,108.54377390821863,135.2463082929439,49.01225472559078,70.13876502765955,31.203315090552614,113.53799525511491,159.65878256484038
2018-02-09,63.56514000174755,164.62356242084698,162.6793738438974,95.44379535645523,43.75683408259531,67.8048545194215,51.873960438365245,169.7802349278239,72.28278256512122,110.9113212955011,125.38984004712053,60.93618400693191,59.99694664789106,107.45558539399593,137.0874008897788,49.1677230556088,68.46862723288577,30.883606521281955,111.01182447338842,160.70919071668348
2018-02-12,62.67447456162559,160.06369426717706,159.3052446184161,95.2463869994097,43.2331234385914,66.59274669801424,52.05112759211274,166.0868750386093,72.57274401929712,104.98455413842433,121.84048486947049,59.08409847892048,58.29911621832786,104.90277616084852,135.31304925963983,48.565706182222016,67.30936402431098,30.283632272464356,108.59949170239283,154.1569920222119
2018-02-13,63.58035343689012,168.61243733641118,162.833737447668,95.43000395849889,42.87767304849867,65.08828450803097,53.047854078466095,158.5028401865862,73.02157818756488,106.31617153796209,120.54483673770778,59.960192549132145,58.67471331653904,103.70635720397114,136.47276685380567,48.61982526367366,67.73463971257125,30.508225505872307,106.94805902304878,158.9631819145912
2018-02-14,62.53379409604095,172.87196153323194,165.75255865439752,94.8337834237716,42.61880619298655,64.50711190023436,53.548917204634,157.12569696821808,70.4372192297963,107.87103334438147,118.8290698105108,60.23607908263993,59.860721231283556,105.07861698729225,132.53161741542613,47.35427345072695,64.63022048599233,30.63905418744242,105.86581282705423,158.2479413792061
2018-02-15,63.702198202681735,178.28508565460015,171.52068056789207,93.68176706240845,43.31006572512561,65.41086985716872,55.86567659543651,160.01453052127883,71.20108115998457,107.05863961904716,120.29251408568469,61.687724270056876,61.32002674219727,108.52276070560441,134.86361470935708,49.12191397810043,65.63084992504845,31.484045961095042,106.0673844517916,163.4612133046709
2018-02-16,64.18170667346385,176.54786817016313,171.3099794436676,92.76432540349266,42.89961238726293,66.90636475905691,56.07935517455186,165.425247661084,71.00631340916324,108.23799176160891,123.93851423378875,63.35453564053417,60.49229847311864,108.22634656844359,131.1201334979361,49.8184580592089,67.49102621360923,31.821465859197975,107.62812154309731,162.16763296943347
2018-02-19,65.41381304843549,183.1299789754554,172.82687552612083,95.14905718340607,42.943852682823646,68.03017868447627,55.806998574833926,164.69012035823073,72.25543485361129,110.67192629606141,120.48594206925382,65.17820574762334,61.489341795571896,110.78728623911513,133.4747715754081,49.85165159660297,70.52304901562061,31.98008865205125,110.09185419859409,170.57491705282948
2018-02-20,66.07080522570972,178.9682910875467,179.8700138781249,96.79041574975923,42.784245275714284,68.02463021913267,57.87712357983345,166.2160313855402,72.64781872540955,114.36949387573208,121.19158050173297,64.1604038513896,61.874697288339455,112.19212298417312,137.77238504907052,50.18896809372497,73.3728258585408,31.812571015128515,110.0228777651874,169.75057484909053
2018-02-21,66.53559649040484,182.53719866421758,177.49046721695072,98.26273175124214,42.69545799009063,67.23560415659578,58.317042412420165,171.51677332613,74.71659044025068,115.90985470532551,116.22735470983942,64.74639940925005,62.213489074771594,112.27616488470578,137.40076655606637,50.41190116019112,73.40568981011928,32.356469043720246,107.05770315887096,168.86897079086955
2018-02-22,67.19843399764505,184.67262875179165,174.29913646760218,97.1986508047866,43.410422033915204,67.56301034168867,59.728359015043516,174.62080803038862,74.87527035019323,117.26615833699759,117.62055347802585,67.2705516102952,62.74210592200579,114.95592628728329,139.82851940852473,51.38147279243673,75.08836065468682,32.39972308226115,106.63265153482689,166.51466441764637
2018-02-23,68.85234604457246,179.74445628999146,174.28071684321245,93.40709770990219,43.32575781479294,66.68814325344897,58.890252773809486,177.1832365553284,74.86029828931291,118.59772151226859,123.23082786431007,66.32704749281491,63.34075641563373,115.92730248045399,137.95318897597335,50.164297429414,76.6786646352212,33.57116148894054,103.9370130379335,164.245434135963
2018-02-26,68.52046056369602,181.01436673086928,173.49175210013058,96.62328349849592,43.01715976467119,68.64097035433906,58.62880395066095,169.89223754676263,76.05584254763512,122.31774137185585,125.97923223887994,67.50144262837436,63.554612964870536,115.85691290767096,139.07548191559553,49.52064922254852,76.41483053900974,33.966184414228415,107.3052519654324,163.3258647088492
2018-02-27,68.6946252986093,179.7220294479419,176.23731314095912,95.99117321499578,42.325729977193696,70.69296707530958,58.569722155898994,170.97599571826248,75.51455202226039,124.46762688852579,124.80221777862535,66.78196273075656,61.901249478694545,118.26064623522721,141.11992131139436,48.95377745595894,75.7600754024092,34.78453117191806,110.2239991384899,166.45541095414586
2018-02-28,68.03065459199586,175.03147928030558,174.92344054802874,92.2883738821595,40.93108657459171,71.50702651276214,58.62672028465315,168.50073024648228,74.67762055124442,121.44994587922415,119.52315383953882,65.62715168291071,60.27455471308666,116.52360609255528,138.81380761045895,47.710127427832816,73.26657337788265,34.706846301565875,109.36106656641385,163.75406108647675
2018-03-01,68.7916379700908,172.6057466693888,182.07604989186672,92.74614836598022,41.11853920614252,71.19609016008606,60.080400193044994,172.83562285573933,75.85430621477558,126.55101672106214,116.66985150151964,66.49610966975148,61.02332959712455,115.5759326988055,138.8352605100686,49.267348246140195,72.76039744325362,34.56491362663527,110.97789082556581,161.35416820142308
2018-03-02,67.66564546383587,174.12756072471782,179.6646761737137,91.31669252241973,40.58892555270413,68.7578223069406,59.10072522669727,169.67127920216546,75.85756302180913,129.41033856008076,114.56776314125199,66.14993086566959,60.588345240001196,117.10650774995177,138.1031136844815,48.911565533827805,72.28276798970231,34.81251617460181,107.60278570661438,158.86628080781497
2018-03-05,68.46418777451689,174.14556249592025,181.0565088691714,90.65465688429352,41.118185111472,66.16478415331697,59.83969365255413,168.02316837188891,75.87756623769414,129.69599697758875,112.50496405431302,65.89196338407211,61.63573649634911,117.15789619977926,138.45884917151946,47.762923643333814,74.67953115221607,35.27970626812564,106.77292166112494,157.94132771493582
2018-03-06,67.04808449469641,176.4426232751482,185.24264772275473,88.16634965907737,40.860378293466425,65.87455524078335,58.99440895304957,165.940076375977,75.80613064840983,132.40758890083706,111.59038415801517,65.88300595179486,61.55114741914461,114.93236700778505,137.77188818191408,47.94130297009147,77.38877999632543,35.123422931895135,103.08953404966573,156.61679995065123
2018-03-07,67.6042423441557,179.08001177909273,187.6292207840055,86.97365099443262,42.02536674903812,65.93952653779228,60.15416005510608,168.3046763431587,76.95957533204715,132.6509996777913,114.57136574042332,65.55093830763141,61.82752483026589,119.29300338874359,140.59519798412478,49.096786186951284,78.05716044305356,35.809601899057924,102.46400295117049,162.11687329739954
2018-03-08,66.38026922149355,180.55833628749556,189.07551228441278,89.3808066730593,41.8723513583666,67.43079857316717,60.11861217440491,164.61631052416362,76.78387474533646,134.86060528435036,121.57622703455742,63.79597235512354,61.22282330268614,120.54624789699275,144.64735514241985,49.27315684751128,77.28932993594637,36.90380892057196,105.82203821476202,164.95319855216056
2018-03-09,67.75586535119766,182.46953870843535,191.5885835243442,90.7789699892098,41.62460118867091,67.85822439964794,60.990392257808196,169.34193545876445,76.6107258203373,133.61006962326957,121.42391814170433,63.66370902540126,61.4352693220548,122.11197132969521,145.34242078961466,49.259690981274325,78.81489352278012,37.395943597405754,107.9421388828707,159.34347499893153
2018-03-12,68.51241712046466,176.49393281959004,195.0442747443495,92.16054066923547,41.879241925426165,68.22729336678171,60.64783239063205,165.37058249508772,75.23619999262165,134.7257529388197,123.48158072753978,63.497287056376415,61.30859345359443,122.19659815549062,144.23288574449373,49.01035425965423,79.49993811926282,37.551066443521584,111.82633357845403,163.65813352434037
2018-03-13,70.90499572885076,183.22362894153446,197.20702351009035,94.79624535700033,42.055570955688744,68.72515641349946,63.23416373192007,172.13809131461616,77.23957220632694,136.21195692665785,125.57020909931414,66.55927581620415,64.04233578414589,128.7476157880599,147.62902549316217,50.45395784862425,82.163496934745,38.42962512207128,114.12396493206515,174.07661012233876
2018-03-14,70.8869333923291,184.53599257907317,194.27246516883704,91.7554896897786,43.141858369695825,68.78679074498602,63.403868435041694,169.5492083862741,75.52544192807294,135.42782435144375,127.22989317655517,62.994157970011685,64.47566956369624,128.84454236129883,150.31123379465976,49.362328109544976,83.62175653492542,39.57463658581847,113.78032383399123,173.72094733670156
2018-03-15,72.68961888229931,186.3785559485412,194.70336743886412,91.88927265054961,43.55120100023003,70.35607031964908,64.3510775749373,168.06803596854672,74.65395360494787,139.61452181327186,125.56694379296638,64.49939550591174,65.89584714988705,132.25635050657587,151.5194252230272,51.25208743071911,85.71452122148801,39.82199870515461,114.44318454597445,174.2147838658376
2018-03-16,72.81486828058219,184.92239210830965,200.0036973005553,90.37600994888349,44.38285343859325,71.32459406580243,64.06544489801308,165.07447561773344,73.75027911707406,141.3561999204748,126.16867601064392,65.82231253263836,66.06159600740959,127.94736343008725,154.91118346449124,51.89861157917276,85.89576902600632,40.45138299521803,113.40346810317588,171.97881892263456
2018-03-19,73.56489357491289,193.25172603013183,197.5684297121022,91.69041953150197,44.80384498200267,71.4235971407619,62.55567163159658,169.00643647241785,74.64530138169965,148.3583514968223,121.51990510406311,66.9941507702246,64.60894931175429,127.23849998225636,163.0325244060354,50.52428564048758,84.4283224562828,40.578264954019666,114.68162910561817,174.52745799213793
2018-03-20,74.80677033777965,202.4159543157605,205.05717708396762,93.5880935613349,44.043720938148006,71.37525629341626,63.03157804300458,167.92223414339136,76.43147190184256,147.98766327324526,126.23063116191082,67.36152074143857,64.91724769012417,128.88987099766538,166.92639440806687,50.84906994867556,82.7231472145551,40.69927136027823,115.42707417113584,177.8589632323428
2018-03-21,75.48786633286927,198.3140547972686,213.39589051897173,91.90132415260025,44.45579633149651,70.98334773322748,63.72334326671167,166.3332710895068,76.96134864133032,145.12984236293863,126.2086066928329,68.3541631378121,66.19600860321057,132.24933976642248,163.2512045970863,51.67678776223088,84.90026539619876,40.099621880252926,120.03373342751135,184.28038006056045
2018-03-22,74.42912617609291,196.94951095472612,226.7374327045939,92.22106388999393,43.822625646167054,68.969422014739,63.3440216501271,170.4342082439021,75.105756940124,144.03481906375177,123.02114959202981,65.85931864747432,66.47274807027561,129.57024517523695,163.66349024918944,51.816808564108804,81.93515101546303,39.905027853198035,123.36080672026134,184.6504845669976
2018-03-23,74.26949686540702,194.52147559236963,221.00908474053037,96.19880786173744,43.305467399045675,66.86907667016156,63.59563131002335,174.4962020655557,75.50285787078761,148.4788101587618,125.66653036047119,63.97953598476793,65.6726729038265,130.56096675427546,161.6414189924145,51.8495148264124,82.46495441674466,39.428785114825864,121.2159466574645,179.36757264999298
2018-03-26,73.23276245346077,191.89952257561865,225.30329057375425,97.75138053252883,42.8309567020935,64.38657171475279,65.99642270863724,179.19320290132842,76.08564524771387,149.93680474783574,126.4436755181448,63.16728642393484,65.97860898821303,128.3399511109245,159.0028463958699,50.1650118213669,78.1448075075803,39.47922257959103,126.1984280152087,179.87753634568656
2018-03-27,73.25232699648647,198.94734904223515,225.26581081090535,97.89597783563526,43.363926090084085,63.79265547648668,64.94199088170448,185.63311497910124,76.95156878477108,152.01128113231474,122.45618867306735,61.898320418662486,67.24208633681316,129.32103039024634,157.81441133936806,49.88613735695768,78.40817552106758,40.25093516018819,127.7490375697475,184.09261465066209
2018-03-28,73.27714874898021,201.3228514165954,228.62703168258008,99.88304028582564,44.59402161494215,63.07196428411581,64.62432336903811,189.41044894763553,78.74282034578071,152.78881948181655,121.2299797100003,61.433372757259754,67.79905355047757,130.052367369732,158.89094658602087,49.28258425546668,78.22431479736211,40.88980777091533,126.89639925207834,185.74479329629602
2018-03-29,72.39555504600725,202.15599036103447,231.92988821495703,100.60438250212626,45.21783838062769,63.47364219115275,68.35586835818556,193.6798820973383,79.12018154016685,151.95174959424668,118.87947077326254,61.296608601599694,67.5235416613562,131.3274758667676,156.66286954554943,50.42976779971411,78.63545320698643,41.167349506357056,129.46847406020913,185.55648973374014
2018-03-30,71.59553865101911,199.01425673668078,234.9743194320779,99.4051105899563,44.97252126032016,61.52405458849857,67.96246262388894,194.80559329903616,77.63033606056858,149.62081221048618,117.20025522946054,59.59483809774997,66.51522660863104,129.04097426957466,152.46988716702288,50.46944523910538,77.5161189828008,41.02432934797068,126.72793831025788,184.20195055860708
2018-04-02,73.7156027728507,193.08864795169336,240.58741450006124,101.78825593314518,45.497020089452576,61.35786826014215,70.34749438434434,195.0615063347515,79.45348847870325,152.35268888512766,117.43188964648017,60.38739786720716,67.5608939885128,128.1589384053301,154.25405764052218,49.47989523741549,77.57031128000047,41.55531478953005,128.50422552319674,186.65157715874327
2018-04-03,74.57956318948557,190.701550637887,240.0122882519533,98.87168741685429,45.46320160778199,60.49140425918111,71.2741988746426,186.5647461697662,77.16863489746098,146.34696420934648,117.29284813723177,60.40569567446274,65.60224338024553,129.10544630636952,151.51776108724528,48.74220999934339,76.77991824403617,41.59606296693529,126.7768570518543,184.96361479518603
2018-04-04,76.67403385656611,192.03583646237686,241.09347953446712,99.79887404672859,44.17874996870212,62.82895667438545,71.57025065882863,190.40002346610643,76.13241047714665,143.19131704900568,120.27166691044978,61.62162555300184,65.95710382007687,131.5637273356364,150.81749214995844,49.9865967280432,77.26325826031807,42.02021955454599,125.58210560143695,189.6149884348154
2018-04-05,74.38440890779057,189.86871319345278,248.5105162825712,96.96482978267032,45.235099589439095,64.36119788787755,72.58644895071107,186.608382800289,75.33216903680463,144.39005300559222,122.97184183509289,62.59633195573784,65.66971955381277,127.75135666443293,155.34553783489017,49.52438758130223,77.6211837303739,42.25669473753446,122.74772830169103,185.90289526194377
2018-04-06,75.70414187084353,194.7496133143967,253.18686987469957,95.8335394684527,44.39973776333363,65.87146070964157,74.1526949849601,190.34213834538147,73.8137775458725,148.70693957602361,123.75191044649225,63.36211492200157,67.02722124776545,130.26129386684175,156.70521530200617,50.18453955715862,76.14632187639221,42.18623710123516,124.17897493074511,189.6577595675924
2018-04-09,77.72866167389802,197.1437197900034,260.9125952535398,98.91977138212232,45.227263035199535,64.82328435723407,75.32125354939153,190.54442458333273,74.74238058402713,148.39800808160095,125.97684975046295,63.168989459381336,69.37917935673389,130.3017327852901,160.776198090403,50.918150913378874,76.56447759664317,42.86044008741757,124.8998818614367,195.09738276854554
2018-04-10,75.75980058174056,191.7547798546807,251.88996281489833,95.51843989242607,44.18697928966135,66.36583333916045,74.11933584417139,194.75711518029823,73.20206908662233,142.720024394741,126.46266037105865,61.813074371356315,69.02948716231748,130.36207006249327,162.0537914258619,50.25563203948931,78.05096575936957,41.67044282455985,123.45955294145269,192.21159095099898
2018-04-11,73.94299987128981,189.18229554255623,252.385126225409,96.50918683281816,43.560687383301506,67.15165892601475,73.90872775800507,189.8482780796794,71.64995371474451,139.96751482888416,124.15216525313443,62.473432518228854,69.8271822548452,130.0425975428365,163.2950788230055,48.54190947644707,80.62236490293998,41.94478958496091,125.0844637818778,191.94481107863558
2018-04-12,74.7856292166771,186.18864316722687,257.9836439828669,99.1560234519399,43.41873321801851,67.11826036440132,71.77046893168628,193.38824871755077,71.29773951444228,135.89300190395153,123.93870749313847,64.07897934314153,69.32955182924155,127.93545624841148,164.81515528455554,49.24737941398507,79.37231935542728,41.381861165743814,120.8582512674486,188.69487691597521
2018-04-13,75.04093538713505,185.7660374596322,264.3817695461495,101.70901399237711,43.739699997631135,68.75045566604219,72.4504662258444,190.7317911567114,72.68266784105548,135.84235209677027,125.34216528331517,64.15522154347306,69.28945492464926,130.43244141033992,163.58294165075776,48.067943026983336,79.50598508370365,42.23119741702648,124.72490939019514,187.41059169349182
2018-04-16,73.8700063913062,187.42155287638894,270.07802894353273,103.13333164366001,43.823445634144136,66.89858083753629,72.7456954779045,192.63404046092765,73.19347310661236,137.87652009279338,125.0187898356348,66.46791985925788,70.25666346634698,128.48623176573383,164.06771936160663,49.62221023186691,77.97453737105502,42.210505529917235,124.01089221276541,189.9291625309756
2018-04-17,74.00873914126926,191.91723490903243,277.7228479198036,107.9058272838343,45.1105189822103,67.91422413814966,72.63600832779271,196.3482564330841,72.21664008246182,137.69479854068194,129.52812514508457,65.14485961685656,72.4779684735635,130.32556130361024,167.0708406592363,51.23525228831552,77.38397567921425,43.001786058451415,129.08062830229437,189.5654427136287
2018-04-18,75.26834937811336,195.11334918112695,270.87128561248045,109.0632770783471,45.901748202110134,68.90616370253119,74.39925794655117,198.6684891340609,73.49769705460977,138.56568155664473,134.30548113916527,65.51570980619113,72.74208114024162,130.21944642990098,167.92899995101087,52.803225248121315,79.67638937424043,43.69362781883598,129.83257912292305,194.53493900213564
2018-04-19,74.52589635389029,201.86131724773938,274.64134190118244,109.63003886926232,46.67558264946564,70.34916347994853,74.34637287104836,199.94027077885818,73.40227241253855,139.76732508592107,135.5368294495806,62.93952999714453,72.25137011626761,129.9665515949281,166.04512599905198,53.30758602953095,81.44897495828172,44.75517315723229,132.0703531937463,193.36402466347963
2018-04-20,74.32900604123209,197.41192642242115,267.38838418839,110.40658770407141,45.192125014442006,70.10762214913476,72.51876126832956,197.35304001273425,74.34909211737292,139.95780441066978,136.26073641061313,62.17476713385839,69.54722851644591,132.57857204131486,163.08999885755253,52.28840505157843,79.2847281743854,43.86171367272757,132.15467035181797,192.197421170669
2018-04-23,72.8360709530825,196.30896987378347,262.50842233251285,112.06237951652604,45.337247508955656,69.71325359107263,73.14265859989449,203.39701477303,73.58769571823272,142.3531015339316,139.0576394880027,61.8716374563391,69.56946665785895,130.99908350952774,159.3335898480068,51.647467934431596,80.73799257794249,45.51545221489713,130.97214313418053,195.1570808520495
2018-04-24,76.03025784168656,208.07297584304519,268.5261007020781,106.82575384397224,45.5655398593598,72.70115963916669,72.75670925929522,205.75450602285966,75.44078515247075,143.07698540200144,138.04279287478542,63.36680355585562,71.3112014305867,133.5429905906505,163.24276403893344,53.06108534478222,81.99358562846085,45.613504219438006,135.18614587982188,198.99661395265198
2018-04-25,76.17660552960201,215.97099915115479,261.92130227542293,107.54852349818775,45.53536872819001,72.43786000503673,73.04244568076575,210.78226188866918,74.49120043364947,141.68803915978486,135.468012978727,63.93138241297089,71.07620873082456,138.15075517094266,165.29419346937658,53.24920658746135,83.88102242962881,46.623878739190765,139.29772469126803,197.63702405210802
2018-04-26,76.3517779534461,217.75159416488265,257.47940165287764,107.55245146879426,47.38547860424954,75.64228555275544,73.72043138688566,212.34010114539802,74.63904768598344,146.70238643758918,131.915472308779,65.43010756041006,72.94262863325721,138.2613258750971,165.3777382392309,54.77918595108043,86.35509972986992,47.01999373337541,139.4123898921727,203.50074998503715
2018-04-27,76.38663408695275,212.63772878206618,267.17995494009324,109.40431636061778,48.44108433187319,75.61439456479725,75.59337485352702,211.10775638494283,76.73794786749004,146.46330929221884,128.82841559061185,64.37435116637269,75.54542760490455,139.25681693462246,162.51023467791254,54.429972555425906,87.62804127259088,47.75351049719698,135.13491955087358,206.35910659493868
2018-04-30,76.96262031863641,219.19144320957454,269.8488303597594,109.08907235426969,49.26538134588733,78.64555787085169,74.36272039210421,215.43850703405377,77.36143859790468,155.24962524457194,129.00541570304975,64.82838302686329,75.3298636595364,136.8986895097553,171.20726161113282,55.21035992243186,90.0682409780451,48.742395168522805,138.63401185184446,211.63817372070676
2018-05-01,78.08406564709132,216.80789213434372,269.7034062048084,110.37337196674997,48.97090256923759,74.5478390698112,73.68092483839769,207.58557895010557,74.59120860770322,154.57322242667252,125.31676889463927,63.54521097747932,74.95296242772565,133.74193385287475,166.47520523352753,55.366767626329114,89.53521865401969,45.13070353669708,139.68893854685928,207.7078623685194
2018-05-02,78.82682875337001,220.29554895844447,281.16511645457047,109.01615561689988,52.01326521212102,75.38676950762725,76.48952147381715,208.01376582121316,74.59065462293924,153.98807506890216,123.15427449176488,64.9364671890705,75.02990126590095,137.43776078695223,171.98098760144853,56.61798976345329,90.86934199647064,46.81414879685324,140.278747670993,212.18978573115618
2018-05-03,76.70518019325435,225.92101952692246,276.1382542968028,111.82247416388151,52.14084158472691,72.78317572594277,76.13602586818546,207.05862785432814,74.7670823553437,155.97457000921577,125.33288078908758,65.76912127470925,74.59612879363395,137.14091383392932,175.5075591325442,55.59747658814006,93.43182501086706,47.03314849196904,139.38928450371927,212.0491184094913
2018-05-04,77.19413319885626,225.41141618662925,274.6636235244002,110.8270627566445,51.96603506198805,71.91927317909851,75.89546011685863,205.71346861748876,73.48558931440735,157.82464573874879,127.22806200727622,65.3694525440231,72.77920377719006,136.47208872276775,175.70571242384182,55.94260506738144,88.25836963651484,46.66989624413914,142.13234700265488,214.0796883253002
2018-05-07,75.30773917074917,223.52593674153758,282.72539354270486,107.53194645290351,50.5088601199225,74.00080310797703,75.92103745828283,209.84966384612036,72.70551881613002,158.3123978251191,126.28772033027118,63.7424662434329,72.26813772846603,133.75534724495432,174.758124682305,55.95136537971564,86.66232472730074,46.98770291042304,142.05616045443202,217.4650181516668
2018-05-08,74.03307762432901,230.22841711380642,277.8472425204145,103.85330916287592,49.69766439487708,73.38549549450033,76.27882537288407,207.68770057929814,74.64473915848899,160.1660409925901,126.03905978968974,65.36126626682388,71.96757172981026,134.1935803340423,176.06454120745224,56.41819683298897,86.77386933075903,48.06971415205797,142.77842588294334,217.91716715801525
2018-05-09,73.8470949039102,228.89728105458863,272.70343954170886,104.72905004009935,50.36075716042586,74.37405251577809,77.07273420927243,207.884693035102,72.55081918615136,159.94825527522812,129.19625025768988,64.17845745293961,69.65443423093791,132.29733195050636,171.78883734642915,56.61311876745671,82.23705449597392,46.53281710182703,140.52790585487992,209.8404524395164
2018-05-10,73.78889393902018,234.1891380478939,275.58980505914633,103.33840958667099,50.37377665523744,75.33638435167505,76.58359976934467,200.04203351400213,73.62411690834786,156.36571382630046,130.42508410189146,63.255861183640995,68.0053508744489,130.06797778901412,174.13295163138736,56.46200754373494,80.6715955080455,45.584777203340494,140.0121521810178,206.71730410155283
2018-05-11,73.06117135390421,242.55385521333636,279.35627152452463,103.62468928729874,51.32405096601418,75.7943698287488,78.12574324750119,209.08910249511092,74.04094146748095,153.4336694176937,129.81706952863183,63.381384250516376,69.26239221547138,131.44744998846681,176.89452930757906,57.069327077402875,81.10288203933376,45.55554844194325,144.30769889798717,210.9728537584311
2018-05-14,74.43313640239955,249.13563145136405,280.14671691294154,101.64468249693078,52.47772111748083,78.00029087730746,78.82890438842014,203.19422398765798,72.51994874413413,151.42775368567973,126.939920796477,63.698520783815255,70.18492516168827,134.99014275563303,175.0125454007467,56.5605942413961,78.1380876756312,46.43512832338773,143.03761958421063,220.47576117227868
2018-05-15,76.43734717073849,251.64254985531974,273.9125381398246,102.3811336703174,53.01127611676079,79.86417097686979,79.84756098473852,207.49630305812596,71.26525216202708,149.13312176250872,124.5476575756913,65.56040709151132,71.37154916930928,137.5981249788801,173.28034605203308,56.94822302099218,79.42874591013096,45.72725828298539,145.43200565212746,229.05021340426472
2018-05-16,76.45053682698727,255.1573674503575,275.1789456935309,102.57120618842758,53.93175394477883,79.47467282318753,81.85958484000044,207.2771174252507,71.35122157475101,152.85448714284084,125.1969807097249,65.81257789540184,72.01892947168801,138.776386397863,174.68174424821999,58.55420261274783,81.42734230864332,47.65083566283189,146.91556138702612,233.24600730115478
2018-05-17,76.96384500633408,254.5999441345004,264.23197971034983,105.05594662379845,53.39582241265025,77.87930371492558,81.10662507842679,210.26123486694314,70.35871340166926,149.7755253734622,120.27324142212058,66.30948533972266,72.93868327207893,136.92804105275943,173.87170451585257,57.41389362570271,81.99955972501253,48.081067760790184,147.23753234611596,236.35361427409333
2018-05-18,79.7263786940697,259.37551177931135,276.8458104771239,105.52758171993896,54.03053436757647,78.01097385492605,83.77539504736576,225.40034742733494,69.97399533092278,152.7995175230569,128.2169921212527,66.77626603869166,75.33187609384989,140.19323097675192,174.70830341031697,57.651573431808046,82.47908650515475,48.006851350575765,148.95346864110184,243.65957999986517
2018-05-21,79.31316391057425,264.52414410579576,275.4847386459787,101.78395761421517,53.1350724160997,77.27679754889382,83.67004501360104,223.91989468067558,71.75567996489232,149.27262132903195,133.56181899130735,68.15583509049007,73.62607593941769,141.14422118591656,175.64455672188024,56.95655294585947,80.98811105527832,47.768868806858876,144.757832216384,244.81395074375015
2018-05-22,76.55642205618736,254.3804565437455,270.9457277403168,100.0508296859657,51.402906752135934,75.9920634488931,82.49116280184437,227.19712202679273,70.34016389785495,149.91560363309125,130.4959540392245,70.55769629014927,74.44962774731526,139.68664657388305,170.01110289862007,56.47694163074097,79.38641024666207,47.489721480397364,140.12443565122513,244.05757935397764
2018-05-23,74.1558273577726,248.67490198900575,272.61079011763104,107.32793441136613,50.25557977783298,76.82605671234403,82.54121060343066,223.6299305437112,69.6560945469014,149.8775705703335,132.93832724130363,71.10357728630702,73.03760126073152,139.61224469756036,170.89738163193007,55.36144551865791,80.67295188309907,46.85467279243176,140.81900166115324,244.61962802198065
2018-05-24,73.49057115656059,250.99994624300018,265.8991445495692,105.52510874617072,50.29506219373677,77.22949127933502,81.04456129749309,228.74301745629666,70.74497745982833,147.24592275586426,129.15347504659894,69.79173724778366,74.44915472025976,136.33302253500915,170.15615677313093,55.72039698613546,79.68782201279467,44.80726831131059,142.690131736436,248.9378332302819
2018-05-25,76.77088222367107,252.72398181040685,269.2255708230787,107.77859254018416,50.97724899479679,81.83312432370278,84.18067709348755,231.63522805802927,69.48990213628093,148.2935048385244,134.6141187930859,72.24343591825102,75.34269513709663,142.4364073017466,170.2152323109549,57.949242689002546,80.80685452071286,45.81181275719766,146.5259792029455,255.7899394734688
2018-05-28,77.78159802713571,252.04160605118216,273.07161364065473,110.68302374600916,50.66498552599398,83.44019521128006,84.93944753597322,237.050064664432,69.95622553248151,150.76559136822505,137.04009614964988,71.19420417382761,74.09728695368776,145.48658923358468,170.4385051484711,58.17912048345499,78.4449097846232,45.11972733708871,146.02589134376387,254.47680214946462
2018-05-29,78.18958971797073,246.56396705760213,274.2733808252837,108.90949696234608,51.191589829175854,84.68397391828192,84.64316130614853,228.493427317091,66.98182873951247,150.6442971697425,139.14460765595052,70.61515866354084,74.10577697794524,143.9689815413564,173.97899392087305,57.9562583779999,80.40527680036722,44.25483210427605,144.75843948926476,249.69854288692682
2018-05-30,80.06623859114099,249.2659185565206,276.7827022189136,107.92005310715827,50.38535780470805,82.38572343147024,85.99404703812603,234.92795521987966,68.38168022873913,151.35605932016185,141.5545806767545,69.54960370929012,74.02241178722086,146.6043945346155,174.98592525009536,59.38577432356527,77.94247569084646,43.83631975040429,142.7198437149351,246.15215471357078
2018-05-31,81.24830235565595,262.60657041233685,278.4690395611337,113.73104325550865,50.758785437807234,83.84888410260484,86.43482968382558,243.41880049801077,69.63909377047807,150.86592145702738,141.8140975420228,71.72479374057237,73.97225756134017,148.2853978222156,175.44462624894783,59.84431289334631,77.54478567826807,44.542698664252846,146.02401765401868,247.59246167052663
2018-06-01,78.39827487787846,248.76262304734925,270.2730898437482,107.10292196971126,50.266069815644705,78.96964750675745,85.88676061009843,244.81338756626596,64.1658861094807,151.96305930083662,135.02750207361237,68.86435055785675,71.27809029866609,145.36348476590715,170.04326950405147,58.697695181456204,75.4836521452846,43.621921077419096,143.2705024516232,248.61470625203418
2018-06-04,77.67125675164456,243.41732638287093,278.48635396025463,103.4648487774641,50.02729593748431,78.81434057852711,86.43570557700696,236.8214016447397,62.84504546187497,154.6336601534141,140.03362520826545,66.96578817213583,71.15634773902265,146.47616797709176,167.2814005120098,59.09911421983214,75.58200895001194,43.08733749502482,140.01909326176025,245.10957950254553
2018-06-05,76.81295648130158,245.8977410936936,280.8075870932444,104.55595116319832,48.82984426095416,79.44630655654883,84.09131383311298,245.5994904605017,63.01858289508982,151.21991463142888,142.4585744117845,67.548215500541,69.23851850958535,145.50540427089362,164.07529970682074,58.43071554956279,74.49809908635802,43.423068412730046,139.55785771959594,239.82715378068238
2018-06-06,76.05517986195711,242.08879519640155,279.29125092218607,98.28073345738107,47.652273607523895,77.37856704659713,81.90702433340546,241.60437417045551,61.99997799215931,150.50358884836925,142.6194819665888,64.81366193830112,69.92647110250005,144.863993629822,162.1942875949267,57.27029742351791,73.04176693701704,42.620580655950775,136.82904063268512,241.7874034419003
2018-06-07,76.79919436526936,230.69064321823925,278.2001811385518,99.22186748119074,47.428874916222014,76.8684714623734,80.24232702034703,244.550900148496,61.800184565285726,151.55690485034762,141.12985719268235,63.95108291162431,68.43838427476852,144.70538964855268,161.21749067573737,56.27272686247252,73.9648135618166,41.925418888547675,136.53493660041227,234.98402483351785
2018-06-08,76.51107261471938,225.08388153824183,269.4691851338067,98.58189027230677,47.81022888208045,75.8500471723108,78.1360422021305,253.95817610095116,61.580174262462464,150.41899824683486,141.59489551927186,62.22672237087178,69.24823291864293,143.08895638231468,160.73568271352562,55.95769798092444,73.28210461021285,41.45426345735522,131.4699616659447,231.23640653281166
2018-06-11,77.00284829257895,228.1181566049251,266.9714926797882,99.09051429398252,46.686301905146415,76.98562816212514,77.3530670169945,250.75611991703548,60.72133981530139,151.35101905375777,140.53308871276815,63.146533083423996,70.11547307169396,142.8997366536085,163.4995324904379,55.97152895118989,73.84568665649756,41.4435244728271,127.50566049968529,233.65454332164347
2018-06-12,76.74654656918631,225.07767004122277,263.9609830340608,100.20463358231333,46.243994552108745,76.31611062462116,77.25325989050195,247.3486462803105,58.61788950321583,149.66136703598426,137.28643962384757,62.628338993079375,69.4172515895049,143.86181757081255,164.3052544376362,54.80243027981161,70.23897498481526,41.155608861802946,127.91266346247065,232.55322862079262
2018-06-13,78.16497789253718,227.80178693165377,266.95056059172305,98.32912214874042,47.09804708039072,76.80149023174955,77.69257919026468,242.6229727832702,59.45197925047411,152.38206300675148,138.22173352447155,65.80750457907817,68.30486472750508,144.19937984868787,168.25426765924217,55.16631987668402,72.61391341282767,41.50177762666974,133.69394581936592,234.48493315777688
2018-06-14,80.58799882105735,223.38639159477313,268.6632344006175,100.62605862395714,46.663735969595095,77.81206204184265,78.37007538131373,249.7598112548469,61.064720574652036,150.75831189644805,140.64791361968204,67.03054515827684,69.62152718519509,148.61388432101978,167.95892316608672,55.29290217406039,74.86286783548961,40.87003350849973,134.68262515436658,231.34279870695087
2018-06-15,80.77145752655956,224.88439487875027,270.51654596176695,102.52882661307954,46.75765048175028,78.00092021251693,77.56675667785296,252.58578048966407,59.028763122744664,153.43361785385974,140.73791517622865,67.81185877112493,69.00440499151763,148.1954303883418,167.02276989211782,55.897164999406044,72.9126898183473,40.094107979284196,132.21375795804684,229.03249119970323
2018-06-18,80.71188227181355,229.23342970270642,273.3772548391543,104.36852791370424,47.15559344910074,79.01637384269854,76.68143872634377,255.68195565023962,59.405848863634475,154.39475077131814,142.0825481845431,67.19104341981321,70.68560779839017,145.19288959995794,167.8610094328946,55.970167698433805,73.22947354939683,40.77536102003658,136.58773904435284,232.2702171598826
2018-06-19,79.27119639033145,230.37619875436732,279.01197192185424,101.82987780036322,47.90001016805545,77.7453662470669,78.65031934415214,250.09287090145847,58.921147754039225,154.76807169671946,143.48220278074984,69.62435395632532,69.6980565613432,143.39578866297887,171.84179470194164,55.74124497946905,74.12190518882558,39.88730024331657,138.83436068735287,228.30396283810995
2018-06-20,79.83174486074455,229.87583834198233,277.22090526031946,104.69790282289658,48.60571087267038,75.50589324542807,77.03686475121047,241.08277683364696,58.807291430569876,150.6239584353889,141.7539214203738,70.94485642095746,68.05872054095424,138.91163021755528,168.0458371588226,54.53831936832398,75.5747455121689,39.75380981716893,138.7284215301645,225.18478766815284
2018-06-21,79.2644449237612,229.23821613965012,287.02393799394457,107.0365495333102,49.74823894221314,75.70950373455263,78.28631029622495,235.85064698314306,60.20329259500657,150.42629544056635,147.3638665021955,71.31449003418686,68.52717217394105,139.6876197742517,170.7199918523628,55.9377728980157,77.17412814773972,39.99319630848622,139.55080769219208,222.6013356766281
2018-06-22,76.11674011905426,226.5944449502826,289.3504252253272,106.02567828194843,48.59238695438657,71.69055196865995,77.51778752744315,231.72153565484166,58.76710380369359,148.27085729352524,145.10042093855836,68.61503915839145,68.43040693200844,130.9779156786641,169.38913102645884,54.862627791484975,74.3515406946588,39.26455205106956,139.48293236785187,223.0948079907009
2018-06-25,77.31142269698552,230.14036752081628,291.1677095458823,103.15697222065423,49.26302773296499,73.53793745895783,76.8550047487327,228.3527448308486,58.13312611506684,148.83545592775778,144.76494085677587,64.94391699910953,68.56728076560941,129.4968869646064,168.19040574232125,53.99509357901476,75.13550926063743,38.824433154391784,137.57611251577242,223.83547024280077
2018-06-26,76.67253218529665,236.07698542547558,296.695279575566,102.84756885846134,50.39633830596034,73.63774791075996,75.73450674990532,231.0772360516978,59.8240590359077,148.59329854137562,149.72931441717017,67.88053929001045,68.4328109300096,129.86644250553599,169.9123025862102,53.141121553263,72.86303956281628,39.564307814432986,140.2309710029188,223.53145168433198
2018-06-27,76.2192031624232,227.66569713414188,296.96836205246063,103.91023044923818,48.78210009795665,74.28967216169778,76.02205364250123,239.11020794770727,59.83435873167577,142.73510668473608,143.78686561607074,69.45720367721833,68.6576033636466,127.31235324931198,167.25059940404296,52.439561602699385,73.09261901295483,39.892649006575354,135.772453419878,217.58294428297185
2018-06-28,76.66482820049706,236.37029876590907,294.8526747718019,102.21550966073981,50.81756021217062,75.85241725404445,79.27603180312079,248.27463917624175,61.50842150479978,146.12909995271855,147.04291950437099,70.84846517913395,71.30851787662088,130.90855772712194,169.3590927872872,54.168536497890145,76.38371124926013,40.357125975956976,139.48318273777912,215.57944070242925
2018-06-29,74.92882827455156,241.07179290429232,293.33729196832695,100.46886789612236,51.2238528738057,78.55292254047957,78.2438468102959,257.14133332594093,62.11003787730673,147.02181572773716,149.892827208036,70.30339115909703,71.26031674601168,126.7676901901092,169.78131102244407,56.44534851850124,77.7535084234893,39.18139724659287,142.24325254667966,212.32343329154506
2018-07-02,74.68743017116121,239.01507160351665,286.48512450114146,100.14620473507465,51.66457181520695,79.3291839705839,77.25333391118026,260.4113327990953,62.18940524144167,143.3971253269583,146.62015264467354,71.82263735149324,70.81731552248759,127.24216975395011,168.98053974698922,56.11117067203267,78.098991841588,39.17702963363439,141.62631629262586,214.21751567032234
2018-07-03,74.72209781862269,232.7836920916035,283.59201427668427,98.77946440472415,51.29215553470148,79.56573734516093,76.9092684348117,244.15668469023106,61.50388184830956,146.77291696850682,141.44384558308724,71.36918847386464,70.45965919628752,125.58690428761693,168.2021997747975,55.76869838111765,78.26797178651664,39.516445426963834,138.7707885856173,208.82879087893028
2018-07-04,74.8842859149785,234.90010684128012,286.7985315934584,101.16091901802227,50.23741982237575,79.4137129583421,74.92998650629211,239.86420301995798,61.60463863625856,149.28121440856197,141.99277075630366,71.2869747290382,69.88357275200863,126.18509657374213,166.7529793945825,56.34595058903344,77.79402484414378,38.80980923940409,142.4331116617711,217.9874136439596
2018-07-05,73.136147784078,231.93587129739745,286.6933694518994,104.960413894061,50.38571375024211,79.12514480261329,74.71118538131908,236.77357775282172,62.20951728294829,147.0453034385661,141.48639719622435,69.94279407689424,70.08922186389587,126.96245855308058,169.0629691137264,56.06237165009519,77.59226953961301,37.97644368559961,146.14927380220394,211.0412470448241
2018-07-06,73.87960633638579,227.92608987380717,283.7289796133729,105.91534580601515,51.00568070601659,80.60360411776209,72.71983101590544,239.60226889094713,62.359686783222,146.17523110125688,136.40512956691754,69.11033531001425,69.85027246991851,127.49025825924893,169.24809307500598,56.702308134310854,77.59001738739575,38.16593690444633,147.77289735410096,212.447379293344
2018-07-09,75.57130778161637,224.39145125791688,295.91178916535046,103.3583687759967,50.58072180635067,79.91056973742457,73.10073424731246,246.96294447656538,62.14111810181711,145.70551339500716,134.3956405846025,70.78484013649236,70.25693458463309,127.45943806250936,166.45603502713746,57.378656803977194,78.43835088234599,38.396115321493255,153.9856542010683,217.09474925102293
2018-07-10,76.18321328961656,225.6391397308827,300.8338310350438,105.7022659158569,52.30361114053688,80.06720160751875,72.90098092111026,239.66500135318682,63.113223952517814,145.47528204362274,136.56579302551336,70.1974485789488,69.69817343682601,127.42020230091464,169.2056876276661,56.658594684830646,78.65975931173298,37.08466878580195,153.43362685870963,221.48940434518462
2018-07-11,75.28552571368857,228.4872903922869,303.2658284447361,104.1986849046461,52.12120235312359,80.5978367684679,72.64204053844452,238.7493439041467,62.73700399833108,144.26088248478806,130.8155734439832,69.40824277535974,69.4304861112681,127.17013238042081,171.39414182378982,54.455897512891134,75.46202607547863,37.88806494908362,157.45417027890946,222.45429768338528
2018-07-12,75.26604802236497,230.67149599445128,306.91000727686514,105.4133541989428,52.87317061585441,79.63267383804659,73.35738065145513,241.0293520698873,63.83573884078518,144.86511138999072,134.08483006898115,71.25277258556947,69.53763662131175,129.36114339430512,173.5739186911927,55.111255585184566,74.2721262227978,37.83626279092852,151.96283289995608,222.25771778455646
2018-07-13,75.92760933439871,233.95772228028034,308.8327631256229,109.79874000708541,52.98901425101984,83.06021991039185,76.33029522610371,246.4810246701088,65.27826947589098,150.15785609848666,132.70125381725344,71.83047320241907,70.64823380434184,133.65239529489062,169.49162564222016,55.84252135323607,76.56018304713527,39.150090373801994,152.69796788714288,227.256499935603
2018-07-16,75.92869059198894,238.39529972914048,298.4277536556673,107.36709680164309,51.628387662326226,82.85150775444185,76.01966084560493,237.16120097164472,65.76454832879278,153.27388153796554,133.6694280178374,71.76869355833402,70.23809218858011,135.13291435472706,166.08717782109468,56.542047671191774,76.55754093157395,39.3469679821602,150.02302550476395,226.20634796620698
2018-07-17,73.62766687806256,231.78896525918708,292.3887491601304,104.81324156124305,51.929740391055816,81.02237469683664,74.41102513409477,234.3827620669393,67.3106007022794,149.93761205239264,134.881028314712,70.94527298286785,68.91829668269018,130.86987614637167,162.31810630908598,55.92125129203909,75.08825572864565,37.59519165522615,145.2489632457651,223.13279552278416
2018-07-18,73.35802453664436,228.65522926490112,295.85574841451177,106.97585338961035,51.22921184260174,83.01681696458084,75.87088390202247,236.65367018688033,66.85054637289332,149.4340527457253,134.96563190718686,74.10061324791005,67.80250374605883,132.1291611668964,161.31997538006277,57.0003949013736,74.04999322272934,37.53347336186355,143.36040952621192,221.9078376236696
2018-07-19,72.63307288221826,221.22994252922183,297.27422591531723,109.72115702171466,50.116995920178226,80.29165908362991,76.57540547683509,236.01563020975607,65.45729026510782,149.55952542690332,132.917675623378,71.6603764206346,68.61484249349002,131.84336064595766,162.52860395738577,57.00245069247677,72.9600628958814,37.12897028134618,144.0205702885968,220.1986904618754
2018-07-20,71.92286855565065,235.58120302033944,300.17194123849185,110.1686992727943,49.44013210726098,79.97820598373147,76.633419439271,241.79903801859626,65.28893160254194,154.8541393494723,135.72348243990606,70.47899364175282,68.90394127374414,135.82870172398216,166.5935207467831,59.776951417909636,72.50393569810952,37.89770555331061,143.97249725746633,218.85952188987227
2018-07-23,71.21088912712577,244.46146095168265,300.94368074699014,111.16875602374091,49.820949241599045,80.7848167415103,75.47295493502652,244.43002631784887,67.08114516742998,155.10946446892584,139.3905443781063,70.16337371538582,67.71450175637948,133.88146725859187,165.75611886900967,60.458607038399286,70.02543529243279,37.58158675914032,144.0243620959194,216.0486084571509
2018-07-24,70.27931843339067,246.25373963582803,296.80461647386977,112.42775530871137,48.67937139341893,83.32272822611527,75.46747908007195,240.05300208832764,64.33204201376762,155.03129075961922,139.76217643561762,68.98414455514879,67.03140858712416,132.20737754736052,162.95067434235466,59.32951486581591,67.14472869575621,37.69480077024436,143.1394962111114,220.29908541121821
2018-07-25,70.32070179048446,248.67222676572206,290.13257718333097,107.47362480519686,49.50696752294799,81.89476082709517,75.56985735650174,235.41650246368653,64.00854124324381,156.18006088411778,141.42840464211096,68.43387674383663,67.60238829857181,131.80955655177033,166.29867399587752,59.0716531925638,66.1558059350021,37.18361134541703,137.1465232978677,218.41846749456323
2018-07-26,69.61449600395322,245.6061403273365,291.5009803521821,107.17955294108478,49.32648896500436,79.97423704265113,75.02354838860137,234.022354553722,61.85517240595264,151.26245232551008,139.0457113642345,67.82220891786405,66.67652912175102,130.98891793240819,164.57492944342476,58.350309477826855,64.32054090990007,37.85564879705279,133.66292806226525,219.1992428826901
2018-07-27,68.34690982411007,246.3893228102093,280.5336678287474,105.35977263738377,48.60350268737384,77.33882315879349,74.17557650040747,233.61388793325654,62.0798260767338,149.46048762284695,138.29523217554814,67.0154073967614,66.68470872903097,127.71582187083426,165.15736623925622,59.444410964719495,63.85697406466871,37.362156747617725,135.2228601062093,212.03492452144656
2018-07-30,73.09775494744126,263.4040548327103,291.30139709555203,111.3092509531264,50.69161579247694,79.42629650886798,76.34826191175642,234.35264255611608,63.31753771977026,155.37833643352207,144.14436446112077,70.90965152346386,69.5828852868364,134.0965716618739,169.43795190838816,62.9093893962597,65.06172018295612,39.124412056759695,141.28152283188712,220.713856299237
2018-07-31,73.0853210849464,251.58218274079886,279.1445374587452,109.72662515485327,50.56232445232143,79.98339861134913,73.95085029681704,233.7649229512164,61.441571020844485,151.93415631462682,142.85949124263075,70.25312665554499,69.19175523468796,132.97522314687558,167.004013864506,63.17327603241272,64.02023943325449,36.85434377916595,138.90736645801186,214.52189718593186
2018-08-01,75.15593896497954,248.56805622469238,273.2487623735149,111.60377407554493,50.13554015024777,80.67853111459932,73.82352112290745,232.68844331678477,63.148774839102074,153.1341931924366,147.17360731143555,69.65591206880418,68.54901165921513,131.36776562831932,170.67218146704096,62.082841251668874,63.22669624803732,36.557845288569325,137.11435712478098,213.97041368396683
2018-08-02,74.53462905914986,248.11022663070656,279.505944818654,114.96081696957992,49.86163746407958,80.5198666513606,73.51139112432574,226.71184619270767,61.74737657960611,150.02842731994144,148.23918912524073,70.18522979142297,67.04487919467289,130.52897713522955,167.69789921960978,62.58936689890997,62.690875501407106,36.38396808112092,138.94623798623908,210.14901294917087
2018-08-03,78.8278164001726,249.08703040902773,292.982223031089,120.70588570122199,51.666398508179874,82.99958967946714,76.67340158583512,237.19090820159957,61.96287578672699,149.5389151082808,151.87353075455698,70.79959003518071,70.07750552584349,134.6704041895797,172.44419851845575,63.21444365831803,61.37940757640841,37.678858849904415,145.03547136340072,218.7029229777737
2018-08-06,77.10551863731466,247.11823066355447,278.1817306447511,115.0255540032272,50.664950917124614,83.5086791660722,74.22063731561157,232.13636495286954,60.90585736854252,143.16486718445657,146.0822358136788,70.54703821801381,70.67689314633694,138.2153715307887,168.48704467192317,63.72374521341632,61.58526630333761,37.55628303906268,139.6997876753802,214.2025925976752
2018-08-07,76.37233525799327,245.62287272226664,280.52953489872976,113.82911452717065,51.066765233714506,82.08556322400086,74.83991572289135,235.93097044932634,60.04291809274754,140.4364820317239,146.6275578127513,70.05910184756458,69.89181826516807,136.16773688028678,170.38011868751005,63.57421147036015,61.29488997720401,37.52856706135838,139.6569873631674,209.1531559720068
2018-08-08,77.65076240224352,246.57061872960423,270.9717969392628,120.96419053875191,50.568576480850126,82.02552245669116,75.05064728493136,231.707750063746,59.12035927346489,139.38210285239933,145.60002562547368,70.99837459465266,69.70397859484973,136.56213661188238,168.3693331806084,63.577111928664834,60.192005968367795,37.27628529569616,140.8954008830646,207.2074630203527
2018-08-09,76.93635032425834,243.42586364075692,271.31761291010935,123.20060484154689,49.93873242795817,82.9157092864876,75.83473422033185,217.9062350926763,57.63768637808612,136.49639636056403,142.0766665454873,70.61262337475007,67.41009572814772,133.73078688552226,168.21728602374654,63.160721371433965,60.76675356506389,36.7791077134363,140.44724474285562,211.3309796143607
2018-08-10,76.76034872848844,237.93813447387015,271.3285976504489,122.2981251789989,50.113213863565555,82.58353214096094,75.37112383846147,208.13070361014488,57.65361981795623,135.99074511452503,133.90523797121674,69.17016862589831,67.69784104772131,136.8051331041652,168.74195340363661,63.557481285819826,62.24941626830776,35.767622779166885,140.42073600622268,210.960915502492
2018-08-13,77.78960639474218,234.83953869385505,254.31856798844268,123.99543189359866,49.239640631159695,83.57327484401479,75.11998774576341,204.6721971444101,57.36732505493669,138.8380207710525,135.35261520037895,71.40671050451746,66.02886004209543,136.12931354473608,169.01178031919497,62.23100013805455,62.5268425657847,34.9660305423595,137.60244252492157,209.72225991332138
2018-08-14,76.87311726016704,237.18561894241108,254.49298922389545,118.15662513122847,47.656051089182355,83.617835148967,75.01830852887768,199.70826851215617,57.6997080839137,139.30202367341985,136.289650721388,72.40891727807762,66.00047612232294,134.61457554039657,169.22255069573995,62.254072539784524,64.59680856720202,34.48085495748597,135.2619520627983,208.11742993657967
2018-08-15,77.83904564679504,238.30392184768968,261.51486755069,123.09354184221728,48.383831296939185,83.11565809248219,75.3448177405808,201.30182712089834,57.34882642560105,142.26330342960748,140.60650293460392,73.15733794123217,69.30572274435495,134.06156669062352,167.31689006829055,63.94689798352816,67.21498123919632,33.88913830494224,139.6029326085045,210.80266900905534
2018-08-16,75.87918840326694,240.4690527177784,254.19780226253945,123.35905214302622,48.15573699223879,80.25773045742174,74.70396831387971,199.019983537765,57.28808785935737,141.8799087844195,142.81283421486265,73.49923451067237,68.79537106010217,136.0978872889828,166.9202194161305,63.609123104101805,67.2863832107731,33.47776984934652,133.63151035425435,210.13424422949694
2018-08-17,74.7106913676016,243.3240177278311,254.7451060583308,123.16157732798217,48.20811680372774,79.6798487589964,73.9850796506253,198.63381567346445,56.557702116725196,147.06481571639574,137.62339513793043,74.03926833799387,69.99820105321525,135.7943741718366,172.67984478994143,64.69350471108672,66.42833351538467,32.7658693389747,134.76347639186451,205.59374115017084
2018-08-20,70.77796736740618,235.63545622543717,249.49782987150544,119.62032670911951,47.4742842805115,78.37206486625624,73.27083621451037,190.51237055854278,55.565364381067546,145.16909347257325,136.92425486433262,73.3475600070019,68.310934689383,135.6462248676655,170.3600513769129,62.89680044387463,66.71220012608012,32.66297710791502,134.16253549726693,202.465404535927
2018-08-21,68.81503137344714,233.4817681449308,240.8636677316101,121.99455881883044,46.56542407707576,80.12440020106202,74.11052950809099,179.9835402577518,55.29358240681563,143.3472676527795,136.1959617720911,73.50121051975833,68.68834880954591,135.6570285383432,171.70559086112837,64.12455461156257,67.03338904657552,31.810587765862135,132.8286732786367,198.0789971600599
2018-08-22,69.97471659441912,235.1687297752258,244.21451503720104,122.68333074242197,46.8482796766013,81.30902148021903,73.0502870224434,175.29847102976626,57.06565127947656,143.957650384833,139.7193457907654,74.43540906365956,70.02604731112535,136.88845881019407,170.15844638191925,64.48530833883032,65.22720768993096,32.322143132357816,130.57636880198476,202.28752927758927
2018-08-23,72.10340184817925,239.69518005228858,248.23726830719596,121.3331344159259,46.76883685540722,82.6001580590092,71.90091108708866,177.9444548027303,58.00909613307576,146.84453440545866,141.62094219055925,76.28464596597408,71.63997454692827,134.6449251733167,168.9702993969494,64.8183682095388,67.16716128949435,32.28928917706072,129.502908047209,204.62671951541478
2018-08-24,73.59347939939502,232.8122007472581,251.92395181657503,119.9458682969629,47.80419897324669,83.97540119166253,75.82079136179159,189.03470279730203,57.69273050772553,150.8277183857467,150.14449332134643,77.59157344728989,72.91135844449545,135.4075716784826,167.79243601437085,66.20704119002875,67.63377844096269,31.494280880788722,129.16686026460619,204.28091678263016
2018-08-27,73.94015075504153,233.6195213569431,261.44959549453597,120.30022662169449,48.5473965600534,85.54185997356414,76.90132447394218,188.50812259660853,57.86621158041949,151.2211830974691,155.1191151489637,77.74051015860915,73.55695927370282,135.2403132291617,169.05973199687045,66.83812790939395,69.07846313118861,31.931297155414182,130.26683550543717,203.6453202909425
2018-08-28,75.23830199831222,239.15911278798848,267.5723232751836,117.96302345203259,49.90910750099531,86.12144285402827,78.44164052753366,192.20540348255963,58.39426490797535,155.7858024826922,151.69651041288807,78.40310191749874,74.91892648667377,138.7012705692141,170.7832333422006,67.1693799702412,68.9241549208931,32.871588345896456,134.278203158261,207.78151825712877
2018-08-29,76.23085292717646,239.90065516988528,272.547774045759,119.21561591251516,50.50459554263811,86.95571573090727,79.31725400243351,200.32653262072552,57.89557091014814,157.42425334502965,150.35055335364208,77.54422241867015,77.63961068769868,137.9948623024837,170.06766332826737,67.78995416538602,69.99605038066883,33.33438108514845,135.86919562371787,209.7409107965247
2018-08-30,77.09744977862756,237.42547008941006,280.7184655229733,119.86150709597362,50.22028661937819,85.20934652019794,76.71927515777263,197.74530999558797,56.485512804551725,158.25188752111694,147.576312090365,76.78030184816704,76.59526624335602,138.31595552673116,166.44810181576452,67.81725629887087,67.87726781621895,32.94106042573634,136.18948948045303,204.64884560680449
2018-08-31,76.51585801529875,239.0137147276991,279.83608503739873,120.01414129835626,50.451535242439405,86.76603529838566,77.93344411114268,194.14535248639618,56.501301880430205,156.29437192189326,148.38024662824776,76.97195047827452,76.90915517771555,135.40984865370677,170.65230792909622,66.63280977801298,66.43798673217894,32.459182091796556,134.7565190493717,206.32439355252654
2018-09-03,78.02114553596003,231.40013165763682,280.26238292494276,116.81306074811098,49.702427168341,85.39931039174711,79.59149720678083,196.26836224679437,55.154210155337424,150.5052632924915,145.71477811790223,77.34821386654929,78.08946553211231,138.13217388684237,169.8252933190212,65.20354031936674,66.95773031888037,32.12253519744702,134.43611012341162,203.59467724293643
2018-09-04,78.43695579210384,230.20800918921014,276.2562595435217,118.19787803302573,49.14667016259488,84.69267352388104,78.11250778451577,195.99659367588364,55.41539834406582,150.99699892333314,147.014487662906,77.66847551841249,77.04417142473112,140.6459682410314,172.32459149184746,65.70211731346328,66.31440971927651,31.654043777058657,135.28483449219576,201.75289363684425
2018-09-05,77.89114255965302,234.16637694040332,277.6192019712443,119.87120785863556,49.240123370425586,83.96509802979378,77.73173066945265,193.8636445084107,56.430025602611174,150.0593362900165,142.20338582598725,74.43258692810579,76.23196712869762,138.40715587510604,174.3066051120402,66.24842953299586,64.97265798190973,31.464614454649023,133.52502514850124,199.73973080630225
2018-09-06,80.95323187805886,237.75567198740399,274.7363023131968,121.30870100208111,49.21478691235961,83.39201923706547,77.21229809656914,198.7357985345807,56.44377420163298,149.1891159525585,146.78752130614143,72.65617044342159,74.97446406938252,140.6939396384349,175.31215410228518,66.11471854612611,67.20157195846068,31.803658490411273,134.83731701371843,196.51358089040662
2018-09-07,79.0152920115575,232.69564662279558,277.80440388604995,124.07289661735587,47.92445345932804,81.06626580596408,77.29746365406298,193.9664805328493,55.190568365114764,145.0032525981971,149.95885056832728,72.38380985215814,75.96571387569794,141.92911281037814,174.55210792099268,65.32574290831856,68.97942715309004,31.197348848369476,132.31394301509957,196.307192838863
2018-09-10,76.94783302391589,238.27045397153657,282.54712199353304,125.82251789824885,48.30886077060794,81.18997251742051,75.94422539306136,192.03821217633725,54.39400986408186,141.0767316419626,153.27006278285572,72.74089662736695,74.1006939772117,142.08452285657432,171.00730480542117,64.08838441369792,68.15705598211298,31.42695590710411,132.22392157000033,194.91529811821343
2018-09-11,78.4296877102285,241.49283962637935,291.99840607727,123.97807087386221,49.41917304181027,78.79623171962858,76.83998206035356,200.68578465544104,55.62154921332256,143.43602618069906,158.2152630976401,72.31632653976446,76.26737077827059,146.5704672300492,176.46745956005017,64.96068000644978,69.889828975955,31.361467610663475,135.20347226887836,195.62218479995803
2018-09-12,78.95845497964233,239.3352506759307,284.4298362283991,124.4076131910713,48.560517652604155,76.73300540400396,76.95793340209819,203.26805025496134,54.62418046744842,139.76127732195667,154.52948021339003,71.77710765651996,74.98781268422472,144.51038460165014,171.852950288986,63.09858895937263,69.49567816845935,30.421853596142544,135.7885899405737,191.21655922366236
2018-09-13,78.68149300525727,238.2094721726294,282.1168089312147,124.99009221990472,47.68915263684674,76.50350177464118,74.95865827793558,208.05999361377476,52.99163100329537,140.49723813950047,154.62114485145563,71.72465490792774,74.70555653906399,145.5976149899653,165.67373427915524,62.56858769724798,72.16056400070255,29.843153415948045,133.90970039534204,187.48129750851206
2018-09-14,81.02581388546528,239.98844975056278,276.2759829330201,124.47397028814744,46.896043885927625,76.1091029267908,75.54984694678879,210.66169953007983,53.60846395087533,140.600231526473,162.5233961214253,70.15054653817587,75.04214906822749,151.05782054994074,165.55931115230305,63.52884125213447,72.66535710005348,30.565633759935846,131.45814777163636,192.51119142339755
2018-09-17,80.9703417038321,248.2876417053813,280.66224058920125,121.3217849605662,47.35718090154197,75.8802621162527,79.65942774448037,207.5226472231647,53.606088884590335,139.5389963057238,159.57185937697275,70.70876631650896,74.86756145459762,153.4950679469063,166.87488195617246,64.10785618870386,72.6473904412123,30.57340671769502,137.2280546577554,189.48387152775803
2018-09-18,81.39027247566189,239.40005288797633,286.8329157090332,117.40464075454385,47.98845115307446,76.20525263194637,80.22804616731432,206.15799379659964,52.21943039720511,139.03108470993863,162.6551313285436,69.94313719495543,76.30007309403011,155.14138637084963,166.95273166962477,63.90808505709746,71.24129936851912,30.594695885963684,139.9036424576506,191.27062726492142
2018-09-19,82.59225876802286,237.12112118682458,274.90614034809926,119.83048298883185,47.07544238319277,76.68495147365805,80.33822769366266,205.6325512002601,52.458845789609484,135.65679465342214,162.43899938253972,71.57041595094127,77.45597340474134,155.121872815735,170.3620287625528,63.65627820620706,74.45487161845672,30.412301386609073,138.01980716056042,192.21085805044996
2018-09-20,83.52136610154992,239.97022630275134,277.54250114255325,121.88436149566698,47.799810331756426,76.3982988278932,80.02707542738955,208.44099377347527,52.381406230425625,133.35996966580717,157.3666551378739,73.62116358901022,80.55108477384388,155.95998110138555,170.87047482829269,61.46939715827641,75.35427739410098,31.118078675863057,138.14577375494667,200.33816192341203
2018-09-21,84.65242165247585,238.2971004126513,280.7206288250273,119.3448250015731,48.75179753768948,76.08812187481978,80.20553577051139,212.20696494841584,52.77852333005668,135.79464759504063,157.74322652495508,71.82882028903158,80.78271388147297,152.26908181446436,172.5513304166148,62.783934512799256,76.49155792681861,30.598123413409994,141.68003424654916,198.43838905460672
2018-09-24,87.11398783717297,241.66281139790243,285.70879078057067,119.44780240252054,48.97843042093575,79.18700715919186,81.80135362864597,212.55029801981934,52.21430732865124,138.2045592838254,161.9629044859824,73.776462932151,81.2820037010306,158.44194036704013,173.79386719181971,64.13597847233306,76.59142595154977,30.912781481333493,143.1511351360975,196.81688689163917
2018-09-25,87.94836792221467,235.8263299657696,290.5205840416749,120.16204677574846,49.325248548945346,79.59915097958509,84.12179505568083,212.93580351269358,53.9466072489627,139.30292014660094,165.39659626637496,74.08491948572647,82.5201466189539,157.437341635139,175.4299274541093,65.30685520909813,77.32468604309918,30.80045345053923,139.29157423965128,201.12790010075645
2018-09-26,87.70573234884203,234.3546320175253,293.0032434154857,113.83562009992471,48.94885051550371,79.0723255764592,84.81747309041236,204.97698880504362,53.863776951915824,136.80950948467628,164.1440724867743,72.80892641751045,83.72348461461523,157.63507289072157,174.54850216141995,66.30912633473066,78.6112971202999,30.69852963805582,142.46018555671358,197.2224169706812
2018-09-27,86.37426917774705,233.57865000704757,299.4538340165229,116.01720618410225,50.23824705641113,79.9216527655779,86.04448774398804,210.08401521862552,56.49052402791716,139.47251633870454,165.01103784415716,70.47586538831087,84.13774959495433,157.549356131684,175.12478850022725,65.73712600898882,79.35766300974788,30.99930472484337,138.13402077812253,195.9590164237959
2018-09-28,84.35083455159273,230.433569981565,296.78828770581566,116.63436441828358,49.02440886006043,76.9706875779536,85.62319758803102,205.4096839053038,55.6981181078156,141.0110535827213,158.54988083924286,69.46780745490491,82.66298448945145,153.6416848402482,169.62210865828885,66.20610564407752,79.91688209069075,30.72335942765069,139.0902548073041,195.87584084351064
2018-10-01,84.86826396136374,229.71990232302812,297.5258044172047,120.50050988730712,48.84621345012053,77.59196276531087,86.24053429550283,205.10269842814145,56.08946735653319,135.81973529552852,162.76750391821935,68.43872263037439,83.37979975842181,154.6849446516688,171.9988010317362,66.25596036417025,78.70686138539563,32.008391761342224,135.09392305291726,197.5749812044173
2018-10-02,84.53342519513464,230.30611887867414,300.2288735372152,123.21750229625856,48.70960136644679,76.37561388682148,86.45110320938628,198.0283006889524,55.31562030926758,135.9725031268984,157.81414710948974,67.11633891296357,82.51555576822169,158.47423618099222,169.21331694426965,66.73790266686179,76.57984244976244,31.74851548168836,131.60965914702408,195.8707491998651
2018-10-03,84.5818889573492,229.9977316613599,303.1500295707725,128.04432288249458,48.62596467663292,72.49772366817146,88.71913204343637,198.1147395555399,55.062762699134375,138.14471381173433,152.70673115259214,66.73540715053126,82.45704799164992,159.11737259354697,174.58289248216846,67.71044088073164,78.26595161362685,32.42109855030219,132.80091208138037,195.76682452088687
2018-10-04,85.21074455008133,228.8989147288801,286.9664100190597,128.12119909122853,48.88753303116668,73.57856823235426,87.04161797433657,202.17647443292557,54.305697825617365,140.8236987860701,146.76793821885653,67.97838805844464,83.48451193866623,162.0970508745556,174.6493379946457,65.91382205533989,76.7816998808132,32.385672857066766,129.31036288646123,197.14350775207689
2018-10-05,84.91398478738166,224.73582916839376,288.59114264300644,131.7707225810529,48.20914167018669,72.22943005219987,84.0464821532629,197.10797100218207,53.47303752910796,137.878848739817,151.29781307800687,67.14270505662061,81.49077619393502,159.11300831077975,169.50313544038048,63.766493010184476,73.00981659494774,32.360287127202135,128.83114361932422,189.59965809733546
2018-10-08,83.08531360405057,224.50394972143363,298.9192780769299,133.220373090077,48.74017329213584,71.39553708059532,84.13511867090858,200.47750651323028,53.98554544190615,138.5127255936977,153.62691249033722,66.85113947307158,80.82386428105744,158.77982368176285,169.66532163152667,63.69059045576553,72.93336962098192,32.107498307390124,127.67218610096188,186.93364919509625
2018-10-09,80.79906333511911,227.6843432268862,303.2643060527007,132.85886929170795,48.284822419784184,70.89929090951419,84.21416621209389,196.28274648127768,55.19975307689025,140.72428295048385,155.64652396006704,66.08442971225963,80.39031835098972,156.50215516904015,164.52458297200866,62.21256298401987,69.0909097724615,31.708403237411297,124.44661885534562,186.70548543920302
2018-10-10,83.41442176093882,229.49624871203818,308.5246075644547,135.78153906584296,47.78802912553118,72.14869911757745,85.7775327921653,199.83070056696312,55.718948572804145,144.64507839279756,160.4684080315173,68.88991909215436,84.04354415569615,156.35519939118234,160.70343037853766,62.96974493375708,71.67042271561053,31.83177318807894,121.12094007271095,184.42074826909675
2018-10-11,85.83791711564744,232.82446219269963,308.74112956844135,135.79770344283182,48.38680797584843,72.73639474264996,87.20012463070951,210.03871409591372,56.40775485348828,148.10687452691403,163.10324515435394,71.64040335821278,85.77293870599998,155.384066295948,161.69531529194114,64.2926893102957,71.66522813525805,32.33160542506383,127.42667484834861,191.10628682985651
2018-10-12,86.35125905039732,237.87840659086413,306.538453127928,136.29122142575014,49.06220969642095,70.0544853646009,88.36388770548156,201.21957085977067,56.33151125226618,149.08887500155592,161.6379486200779,73.400446361927,86.99563216659479,155.19220135162396,163.3113530308642,64.71029018797844,71.8482189873121,32.87233939745737,125.97457084040867,188.61541823462377
2018-10-15,85.679338765547,247.5296329226799,312.42636726788277,134.6720831551745,49.285712095428536,68.83547265265517,86.16325793353727,196.50942609476513,57.64165108269999,147.53799414298555,158.12785619883388,74.92203550566326,86.33696000767962,153.17517371048538,164.7476196396479,64.86908438410292,71.31659044712656,33.081804974944994,125.42578396730825,191.2033115821806
2018-10-16,85.56974573877075,247.77790634934055,317.1061793109704,134.18169489319396,48.923371717191316,68.51650347475878,87.66543456570088,197.88803623766037,57.0626107253516,151.14111117182188,164.97231256459705,73.01180951850664,85.47182966689176,147.34713862120597,167.73444578617344,66.12060024268781,71.621933491782,32.65337582838171,126.13016878060101,188.7825765294146
2018-10-17,83.4755978413552,247.74178792141834,318.95855684313574,136.2565236932914,50.06269218616972,68.5649451551987,85.64270102710047,193.68237649601474,56.30879802921982,146.69333670057728,162.7322019505745,73.42212713634869,82.15542353239084,146.31239941967604,166.31830502832352,65.77920183524053,69.82774972624992,31.884942530978066,122.8332263444818,183.86697866494129
2018-10-18,83.68309255739645,250.0296306591728,312.8209332095193,138.66289231801403,50.25800478032446,68.70807462313118,83.28991961650448,200.834123404902,56.69861866555149,145.5292657607872,159.95347509802275,74.96801534027139,81.66633481447813,148.29715734845476,161.37400548862473,65.73803373687174,67.79076947282559,31.859743992509074,123.07633038203322,185.77806085034226
2018-10-19,84.6244107136715,252.66904201983365,311.86981117896755,138.09554116067773,52.25972358241094,68.35911152403682,81.5340054911298,199.58745090869573,55.870359893322785,149.46754695278887,159.51559801488116,75.65264487289632,80.5558394272438,145.81767322756855,162.4498546657966,65.9449509018714,69.14547782324868,32.75199839967835,122.66438330952055,181.78176619662943
2018-10-22,84.12713870253067,250.15382481901352,308.9092946403033,139.61575354548455,51.92072788337284,67.17554014563893,80.75289710650584,198.4063200157491,57.25682199300624,144.16645859538602,158.1694480898534,77.35461194382209,80.00082220481836,143.08670402951387,159.45663744506192,65.6374744976299,69.40162173196123,32.34549824694055,121.31375605547082,185.2115074264951
2018-10-23,82.76258357823332,247.19176958263168,311.2525906273882,141.77459117306668,52.22836487395082,65.21363265300634,82.01116659325073,197.9416957724245,57.324379726982876,143.26431790637827,162.43042802889138,76.2771623645228,79.1921128178846,140.40906851371986,158.44212269874313,65.16023040185316,68.73521737988165,32.347338204302865,124.13901339901389,185.10503333960747
2018-10-24,82.2880868608673,240.311534466799,315.0557629862792,144.24285836919685,52.229390921469644,64.27638294425283,81.95724114827743,200.00264816137405,57.279162606863835,144.03765546827853,165.98148527696674,75.97194813617136,77.48515546280537,139.86275807250675,157.32706622317585,63.6705106783837,68.2998735882212,32.18096016803718,124.06175542062178,182.96453285469687
2018-10-25,81.99640195355427,237.4715590265824,314.65955841011305,142.11928188064388,51.80463754076519,63.1468923536336,80.57063602711409,195.23641263175892,56.819770194916956,143.10453007431357,168.2377079392687,73.8230373371966,75.88359755964044,138.07280572701157,158.49927651622426,62.23135030135896,70.45370304940606,31.756723124267833,123.24831821341499,184.23589797687634
2018-10-26,79.19735526148597,234.45709995634076,320.4706096259162,144.25628174990894,51.72007906975682,62.61044534156331,80.61890960827088,195.81202372780322,56.30457002933774,144.84690125821518,167.49713378715282,72.86147677032581,76.3655877916943,136.69142867628875,158.8545410266393,62.81449347657013,70.0040134164789,32.01483627993614,117.28734093938515,184.03814970735291
2018-10-29,78.1020891916554,239.05668613703227,307.4675461106131,146.94473625627282,51.82276101663668,60.812641320047,78.24712009948996,193.00354508033652,56.71993070551223,141.4237705840236,166.923899829064,72.96397196653834,75.43412894991827,137.51037548314483,155.24574736016496,61.421185008634964,68.20393919488845,31.964737570351563,115.72827121804727,183.91295317670514
2018-10-30,76.32588991179549,238.26604057621705,305.6177395749229,144.35293010001175,51.32738268529522,60.51277946134598,76.84527268992802,189.50038390559797,56.94713552841202,141.9676634626304,159.8907565791967,71.02303769093974,74.47017333615345,135.21125150788717,150.70344928471235,61.326534432076244,68.15087340375202,31.24722431171645,110.13603465137207,184.32935888451888
2018-10-31,75.91622808811117,240.92025800784268,321.60006284686835,144.17687455876765,50.98721140038929,59.160932247000154,79.62604022086269,194.61463751091287,57.700877798282576,145.72961969291975,163.42661891976576,73.39445009433094,76.62700378290872,141.92351143368413,156.18842134921138,62.904171918233246,68.14132900749549,31.692970229726978,114.53525564296751,190.8606164375894
2018-11-01,78.4860799388589,250.346144827468,324.1642191147976,149.1521223485427,51.969325510272085,60.733565601620725,78.49375312322442,203.5905415320022,57.77482147980701,151.04672542368672,160.66183266847537,74.97455575203885,77.91447941327365,147.357654061819,157.90662938287682,64.2189685616375,70.38138162221968,32.58422195542114,115.1965042921922,195.24695025457947
2018-11-02,79.60348331097806,241.38621121461253,328.0923653450392,145.4986810467133,51.53176542898439,61.0447298774219,75.86391518979332,201.91179777330308,57.65061209519034,149.7641358708472,162.8001645785306,75.37195987970676,78.09446185342414,147.46598324306802,154.0583303452813,63.54688403188433,71.8566501370144,32.22075170806123,112.55443157390124,194.46467914592014
2018-11-05,82.68984559544015,249.37474111112434,329.42679613875646,144.50927597051634,52.94034913432581,60.71973339769114,77.58000162258719,213.21679622425913,58.960433925293515,151.7007098579424,168.2217221938159,77.61503334645474,79.14100631738498,151.52917949066094,156.96492586669106,65.91990893087511,73.445216359738,33.06759571486218,115.16779687683992,196.62267833908567
2018-11-06,86.59983163180225,251.54144726311284,333.4692968555494,146.56600149633545,53.60817134471871,59.80770887824985,76.60749491362844,214.39582251552682,59.68807428824307,154.04150737099795,171.3206364408402,77.94857470885741,80.10965081338207,153.25617789832265,158.7087498811209,66.49847520411953,72.32392939882573,33.775192901777245,114.54900093976562,195.27605940823435
2018-11-07,85.69587779722268,252.59288921724809,336.2441307486935,144.36876848408596,53.02686311665347,58.66224533800365,76.97242294330654,214.265959410513,59.47438901871655,150.95314105290316,166.42979295723373,79.05245129223235,80.37957182005363,152.68830210513482,162.32768660894533,66.13458063740764,72.01897799049453,33.74402221052627,116.63425218657608,196.26420491807704
2018-11-08,85.26517949531252,247.54950064112205,325.72939110068415,139.24850492612566,52.430304660910494,58.54516968298921,77.72291389092678,216.51976412845585,57.78874512619654,148.05379843914972,164.2359749858103,78.06067032804043,78.34000866384517,152.01164674982311,166.6514052450616,66.07556170964985,71.52788661571839,32.62271120896046,113.47014428557488,192.65579491103338
2018-11-09,85.62687617870071,247.75151942735891,339.1470287157316,140.907799627172,53.654021595139696,57.69280258149369,78.2334534126851,218.21695987360172,58.139152183000775,151.01091993910333,164.6017213951911,78.8544883740722,80.81070939153845,151.8682775691981,166.8582633829773,67.53436398662875,72.5289102050254,33.246671801837444,117.17247034351354,191.06682363745344
2018-11-12,84.01691888905873,245.4561184786873,333.8004837992358,140.96275071929236,53.734687013351824,58.98767831831862,78.82312116213507,212.14267912136154,57.521555118460185,151.44657674162195,173.7344203307035,80.51879205056105,78.67716248455002,153.9224708536316,172.67340063930192,67.94335580201222,74.81681907870842,33.07629608895424,119.81454516733173,188.53303128910485
2018-11-13,84.84615561125732,236.4157963720924,326.73772119821234,131.94759635735994,52.93122574413574,58.710850189433366,79.2767938578643,213.2959901621205,56.43633557285618,147.21846737456335,174.76098093826155,79.12869324964996,76.17753295125632,150.5750872308112,168.8024198453717,68.88145208437689,72.56923189808786,32.16034116145046,120.22453182038339,185.65464107773172
2018-11-14,84.96714489871111,241.46089919133814,328.05553510129914,129.07938859587426,52.147623545402034,59.17542961016032,77.36606742878894,211.13157451533655,57.25548301321267,148.3134350034225,173.28196234428614,82.75962536341608,75.7901048526459,148.32822339581267,175.3669668825368,68.34139866380656,70.2978464933143,32.176715951296686,112.94181126884794,183.20923540446972
2018-11-15,84.28179410706454,242.94609882984227,327.65605752415814,125.70712455656282,51.24936695027364,59.88369520590138,79.33533172799774,212.0807380182658,57.63356690215502,148.05498200459192,179.08557993131393,86.28555325473633,77.38002959006428,149.99722227871942,174.27878675002913,68.81065085272938,70.65107953685302,32.70712703439182,110.31876201818534,181.52955219507712
2018-11-16,84.50066738075178,239.9684810152982,325.4219252245601,130.32569644334282,50.947504300483885,57.86910188795168,78.73348199475353,207.59344408675204,58.11767267016347,143.919537936022,177.7651066002937,83.06724828882219,80.30575564388253,149.38907805181424,172.78597371612324,67.62941024964302,71.40222949050724,33.08880462324274,109.29071773437933,181.57384688859935
2018-11-19,83.3345453397632,237.8626479487403,326.1200411432505,129.79228267338394,50.217803044796774,57.26400570255799,80.68954280051337,204.28938830703785,58.54291386844082,143.62115290803422,177.2725920197036,84.64502518615748,80.71754290847103,149.23262978178698,173.44620212123607,69.02049461049566,71.90829051306798,32.9195830502423,111.89322071567203,181.74794662789012
2018-11-20,82.58114039586889,245.8706761252301,325.5810464972945,131.11381466610095,50.647797589498204,58.712035919765434,79.7991843646387,211.18007398186936,59.325304319251124,146.85657395223984,174.9471046932588,85.55887180516257,81.3899987165846,148.97283297925958,176.06849740099645,67.75330411370878,71.6409581123085,33.438815482902356,109.07957281625828,179.4244395628464
2018-11-21,84.0285639999131,252.52775603568585,329.4110507153179,131.57755237787006,50.40997429901798,59.83445071481411,78.49552940867439,209.5619863120806,61.08602124103396,148.351306076553,170.67559963785004,85.2291850089166,82.73258602826215,149.27667311299612,175.62933934968515,70.03687532907725,73.06940056625847,33.46019008333538,108.53952373848776,182.80899882934042
2018-11-22,86.35824617363633,247.95011039626206,328.8930204468369,133.69683908631572,49.81180614364394,57.991028915609284,79.42060466552653,214.02922557745103,60.0202608888976,146.9625474942095,167.8491499368496,84.41726309364357,82.80542949341076,153.1068850825801,178.78489840027635,71.06722762352942,73.86924510006429,33.593047312539035,103.2270679025987,184.80939861594536
2018-11-23,86.30499488651697,247.3646677720528,317.1551900688931,133.32438893912925,49.68297306249231,58.46986927037771,79.85382749979226,214.1404646868574,60.36986752497296,145.17580950982335,167.89462564449857,85.4393380538563,80.5466776866384,149.75647538031507,179.8610576038353,71.1266262046842,73.71349393449741,33.727320704822596,103.30938594454658,182.77029735730878
2018-11-26,88.0707269148763,250.29005177434544,325.9746611794128,136.51708525789013,50.583146496655154,58.40408121560928,79.87727768724046,223.63595747305223,60.36401941312912,149.23111673278743,168.56360846834244,88.82620950763788,81.67750495849387,153.67380912459785,185.05154141111984,72.59352179183034,74.98415624495367,34.72636414725445,104.33816144310492,185.63323692293758
2018-11-27,85.39822276266233,245.9485762142275,312.66085803587214,136.80064817717667,49.36653153824431,56.17557247144704,76.76959861912918,221.75111246188544,57.46857052737968,145.06008981531303,172.22354047761473,87.78678116685816,79.83767437643836,148.4771230349046,183.05512976655862,71.11391716712528,73.10222107035028,33.78124909870851,99.43037900417222,180.2511968772042
2018-11-28,87.23643981724744,249.54243957105746,310.03875178559423,139.79152901795968,49.9192277668367,56.70834825825083,75.27180392598873,217.48219682207224,58.39304217830166,149.49992435822304,173.95430649974398,89.21526554796723,80.75881803602033,149.62042237514092,187.27621452237767,71.22280605639129,74.82346451889892,33.829509953842575,102.97163124435536,183.41098688095323
2018-11-29,87.97023192310664,253.22102282001543,318.76249701306546,138.88323902942017,49.641082932243926,56.30072243548152,75.94946016928122,221.93415692624833,57.992548904035395,152.3541388475438,170.20362970592646,90.85912951250023,82.62834199271143,149.96693476535197,188.90007305379072,72.5005076885719,72.37554082585469,33.46819948482259,104.68426636362975,183.34198920780213
2018-11-30,87.85424659262885,255.87316241630393,320.5086018995664,137.94714345627398,50.345861790464454,56.30229533834526,78.0000483366772,219.56747008681694,59.977810864438595,153.48898648826716,167.58554803780302,93.2806030091796,80.91539952205747,152.2328584542608,188.97907870560036,71.25029236315162,74.94522741282456,33.95005113399179,105.45697053462273,189.1342192062335
2018-12-03,85.45366990590176,253.3831188020389,325.5062372353768,135.126577191261,50.60732297547076,55.905750463604896,78.10493737798792,224.39183268300465,59.06891757823231,157.64427001197123,171.36140412119335,93.05102381287084,81.30011396432457,153.07330812877484,187.03606073978276,70.58225058138113,75.17661408891676,34.49726495352558,104.22674351554076,187.64073943143038
2018-12-04,86.15973600330976,248.1163026741539,335.8963083845815,131.41386368237482,50.54109631035727,56.645335822937405,77.86349522043865,222.5589562782011,59.367605571431284,156.5606874516822,173.56567875596392,94.27746931288708,82.8868757058326,151.92643389724762,190.0676543426456,70.70743269966998,79.64777677766837,34.45266321336144,107.24469695981063,190.15788938925627
2018-12-05,86.97046295199006,248.25775450151124,338.0682865717831,130.55744312768738,51.523897102090885,55.57689547308231,77.8724945172766,224.41543764837348,58.849927174222884,159.68694728052864,177.90621077353583,96.16024027128907,84.01313206455852,150.34474721844103,190.51663990982235,71.66243044806525,80.31499584002113,34.411965577966846,106.50458670357486,188.49755756765668
2018-12-06,86.24995213942654,248.47750934419764,359.53696611956497,127.2259558981368,52.158161999740614,56.30657077468595,78.1768804543633,233.49871475692993,58.63624687956932,160.3098687970254,183.0029200851998,97.23292834899138,85.6962025207178,149.31454426762724,195.4043435183171,71.21194151310733,79.52969902181243,34.66530909402173,107.07037203525911,190.44654488845424
2018-12-07,88.06735055900597,250.26143690292432,359.7507258707613,125.61620403476871,53.33188042852637,58.207762712837564,77.28857677994787,232.36777349780243,57.599785873313586,164.04090553016255,176.0715800579172,102.33053435545233,85.76260926114783,148.89141221714215,195.60601672301553,70.61366038625701,78.34960115917895,35.305443440118445,103.701451965176,189.60275323111256
2018-12-10,85.77563371553303,243.92237947478247,348.7360302277036,127.06723859706148,52.246319595147504,55.904351933945875,74.74763004923473,224.6055115895901,55.582679726712136,158.83490745858268,172.32542355984953,101.6312035807768,85.51660672811474,145.68349998401126,190.54714172752884,70.41566321063397,76.18289948058907,34.521453811105374,101.93797031905582,186.71357250460522
2018-12-11,84.17784085247536,246.9743529745206,350.2356229010652,129.81988085778087,52.01886749766058,55.7216727856842,75.83188155341114,222.2250658111426,53.95464849108786,153.9434137510775,169.67692869254012,101.28133854705577,85.18603851594783,143.4330044462911,189.17571171252467,70.2467724906855,73.70363183578476,33.38900895108935,101.16689494809694,180.15636994738662
2018-12-12,84.01710098998522,253.04376432624176,344.6832634402244,137.1988034272483,52.66355583009867,54.41195754514975,75.79660952376004,214.49753449593203,55.0230198571043,156.29280197424575,163.618155201881,100.13211488965412,85.49140125549916,142.41513163543613,190.79411411075128,68.33450744670112,72.34203140186455,33.871579205666166,104.65750633788053,177.58768167081055
2018-12-13,83.39231886509113,263.1644324832565,340.4577126055415,138.2618130891334,51.54438441752066,53.69987672277978,76.24355400794346,209.51316860642072,56.17178569854832,152.42884312957858,158.73363187664228,101.75599245326094,83.13501170927168,140.95215017236913,197.2199294867067,67.41873270108296,70.89981608349783,34.73697751592926,105.47062592702062,174.92974585257
2018-12-14,82.98263870862071,257.596223690939,327.2075850565708,135.20160266565,50.53063242452548,53.361650649552466,75.91367568914305,208.97968783703544,55.6383476437113,152.004024259037,157.62793084760642,103.78571775844568,82.18830031058656,141.62501350027858,193.19313802925157,68.7455529008788,70.766056839602,33.961044340034,103.78205844048402,175.20812759507737
2018-12-17,82.87143618312138,264.31066787238206,318.9680538136918,131.85822615265653,50.813443815487204,54.77081512437778,76.16850532986963,212.05721180034828,56.697140656285,153.83731052325334,164.17272271068867,105.20706015053622,82.90508374295703,140.1409861015546,196.36312608150854,70.68018551983015,73.55474537181561,33.54755112726343,100.77547412117858,175.4778546726563
2018-12-18,82.6959288189119,256.3922635256125,326.1721290156705,130.38121260019236,51.08306788606668,54.4045285890781,77.88375389019852,201.70037221540252,57.68159769831203,153.29633470128778,162.8808500254584,105.08272744370932,82.38189400474702,136.5635964346435,190.06197667227536,70.25111061973973,73.58869955299552,33.0278500205255,98.96904877362839,173.5257221969355
2018-12-19,83.40540404676283,251.86954109820323,319.3010726599795,130.07562442560803,50.68585735228005,54.56679950898481,76.72291822280917,207.45868577133479,56.55522138194986,151.58086049000784,159.36211810119673,106.76671065257113,84.5669351263422,138.82388478218374,188.55937991445407,66.24572146926197,74.18094552481678,33.074435995102384,97.7096118701011,173.85703134789944
2018-12-20,82.92017582067088,254.9377229625254,325.288116601112,131.6715255117411,50.18854594586327,54.30263075284457,77.66813763943583,205.43766037658037,57.176478050900194,151.617787177432,159.2739312672205,108.6232235532682,84.1635001670148,139.1992843747956,194.03705483860344,66.99501639627292,71.35136517413187,32.80738741636736,98.17952387270115,172.9152747132577
2018-12-21,85.18139116029097,261.170674775081,353.03198457902573,136.05335770055348,52.72014970099791,56.50665725655225,80.040338541437,211.14952892552625,58.34905199389277,156.57142597390552,156.64710411063157,107.61830860088823,86.59628052926041,142.19211422152642,196.6023228966803,69.83879128426928,74.0873169991198,33.995319055051304,102.6837251669753,179.5177162227928
2018-12-24,86.14026104535529,260.817489575392,337.4019165886469,139.69036922887278,50.94237758613132,57.04637282184576,80.13951495179047,210.63604531809003,58.87182786785124,149.26796243717112,154.58360904787983,111.22920162452891,85.75557130785458,139.00765408242324,197.6264649492093,67.66743545622978,73.32505453414568,33.18875024009293,101.35912253381647,179.08585564293296
2018-12-25,88.41601677128561,252.82971414213202,333.6937718936641,139.00910182557465,50.01160032898632,56.801650020766836,78.91854936406793,212.49389462672815,57.58421704670272,149.9552642565165,153.87048552743298,112.50118081124381,86.93676701406449,138.0068737741934,194.23373615442196,68.22209085779214,74.39501413146961,33.282623271712175,102.90252857480398,180.52386708267323
2018-12-26,87.53194825028,252.25937340671754,327.63209730754164,141.73352348297664,50.63038794368682,56.35535790538835,79.58968538237474,205.55179999054226,58.666398452183685,148.66356179133308,151.85321485711378,109.99752553423247,84.82169219816082,137.34290010488633,198.2576925370761,68.13925128834948,71.684198090017,32.61215491913229,99.98405964058968,177.33564635574479
2018-12-27,88.84099475958273,255.68642576313502,324.9648479237588,140.72719651117563,50.02711255966085,56.97233485406678,79.47841635946764,215.0326117360326,59.66807815050659,149.47866385774444,153.5365785805242,116.25090990550748,83.8635573466318,137.5761707519229,199.07613841302805,69.27571837544761,71.95297404434214,32.84659801044426,99.94890272003204,178.37321656023346
2018-12-28,88.03399134175194,250.14399196180915,312.83785382021654,145.75138095992287,50.028544141797916,55.47832922931937,78.81509998922274,211.9470617508032,59.618135958790425,148.36094699118752,152.64125317257842,116.24802118130006,81.92789482242804,138.43512799720094,198.21382829945844,68.5847262761151,69.80118672276473,32.79649566476207,99.9869721698008,177.3517067882418
2018-12-31,88.8191186162835,250.60604930471146,309.67629185522753,151.61622650960814,49.495982546147495,55.188488311786145,78.5416796909817,217.35171509320932,61.47270330980787,147.6344809237748,152.9937871494956,118.92929397844563,80.42224855562556,138.38811178609672,202.12497354486504,68.5415883567798,69.06061036922524,32.64732088070647,103.32095270962438,179.88864875906577
2019-01-01,87.28766081329043,242.40665899619987,305.01906862781806,150.64934869097766,48.955515495954934,52.927126347689416,78.32691807946442,216.09892019600866,62.42756648286944,146.23436345104506,152.73145266844597,118.38585658707524,78.50804665817712,132.1968082425976,198.5630630555069,67.95210378979755,68.83595182708636,31.77577757675594,98.91860099504721,172.68790146101682
2019-01-02,86.66154242080381,241.57717728530596,300.64487627175833,147.15783653864898,46.71945369734111,53.39844014277429,78.65973206748563,213.25014836842973,61.59097381793847,148.6763040001359,155.29460740240714,115.76348934377057,77.85887456629632,132.63291088212532,199.3340240893227,66.31326809210194,67.86127500148616,32.20287070316635,99.86725618505491,171.86298939404395
2019-01-03,84.0949981405048,239.3868456317539,292.5760762203826,147.49418857926636,47.192958133019474,52.68456162898528,78.11975175884545,220.78668909252178,60.795396851772956,145.8167729507096,155.48026518730492,112.88502020139698,77.30570631533303,133.30989673940385,199.7655332898878,64.86819630408903,67.93188386397888,31.77952656355068,101.26489710396412,170.642695448881
2019-01-04,81.90155586071833,229.40861195585285,285.12559694807834,149.37833775191362,45.8119980487907,52.060093287421,77.79942898649249,213.67960664007404,58.9930004745031,144.98603490864934,150.44642039852513,108.521731187381,79.13376972180312,129.45982100134583,195.24887309014738,65.10485932404653,69.370415113162,31.235563533223672,101.41895435977949,168.51277840251996
2019-01-07,79.64786475043701,228.8265014534284,290.83856119708827,146.0978650740368,47.16791343222616,51.907733713572696,80.4708515432898,217.72486097642116,57.48664766962513,146.92742740587911,151.37103145536048,105.44792495961194,79.78869838883108,128.16938014134033,198.78406066743497,64.45977645508094,71.07149927424216,31.241372295473017,100.07995842041146,170.77200544875285
2019-01-08,81.69558106847391,227.7254144267518,297.44445768786625,146.26569774651142,47.33480147417476,51.44193910098233,79.98736855776745,220.07486263693386,58.31096785540111,147.10547560294862,151.81265875547854,103.93638050739496,81.3577810340983,128.0557634970377,199.02309096248,65.86179806394026,71.61495895150827,31.246307627294215,104.61018337319494,168.8916131966168
2019-01-09,81.62922102234857,230.00598304365664,289.74595026401767,146.45974447731066,46.53475777976888,50.68310842291892,79.7938832247227,214.22055610956826,57.74844954875843,141.71637579625047,144.16507729577467,100.41333859366478,80.00151047209924,123.77000310141419,193.6608329538252,63.929471724464925,72.04349437073562,30.73637413407349,101.34868716041493,165.3655047247923
2019-01-10,80.46551678993819,228.31808002116375,281.46742199810393,145.0395921947455,47.36727529952126,50.67421292767706,80.17278113259111,218.13280933348406,57.419891995885536,142.66824207346426,141.1332733670294,100.01995680718612,79.36524637398018,125.41079449640725,196.2435188438625,63.755425811134664,69.68654113110092,31.028621246220087,101.31046288858042,166.03928235736558
2019-01-11,80.44875750872808,227.87099267495475,280.5758528764281,146.679606819595,47.894125606039246,51.288191697645146,79.937588889184,213.10652761307998,58.53354884372332,144.45582043897127,143.3406049748087,98.74789492590244,78.63821343585597,124.27090599128536,198.2325168102335,64.00388226342642,67.82468768997832,31.49790174422652,102.53436957122403,166.0112112471539
2019-01-14,78.46307957029816,229.2489633533503,286.2676262108585,143.82312010466714,48.16498525214714,50.91784336766552,78.50045478861342,217.50742328543208,57.77690529206065,146.46149920272643,141.11144143162525,99.3885215346534,79.9798788970454,124.52621220910294,202.0875650844871,62.948249580977546,67.65674145218789,31.439845342625265,102.62747470323055,167.93964215753135
2019-01-15,79.40927763272548,230.6968209626102,295.9067020222817,150.92440257269803,48.43956621180073,51.224724235107225,79.37030011321839,221.7667054416249,59.18872635165768,147.36957793889613,142.82663108676556,100.14173350653861,80.53447885990443,125.89684016482666,204.8287992819669,64.2928094634947,67.76988583494435,31.8335679855716,102.86796160136424,167.9504200089338
2019-01-16,79.00637100295954,227.25812172221111,305.91801439180387,152.20521865155973,49.76980847388976,49.1858206000139,77.56274868525665,213.96249658646204,58.81472077959364,145.8742331230208,140.4146363117058,96.65448648333866,79.39667370079651,124.1566105753657,196.4266902994908,63.246131591159724,68.95821815991401,32.05273666078559,103.25030885664174,169.51178505495415
2019-01-17,80.76755272389352,233.1400681959687,316.1724818528893,153.49852218174198,50.01032871633265,49.50810526028386,78.68670943560514,226.92483678077463,59.25879633272516,154.29021416694457,143.91118955044902,98.81106512721435,80.98336486129311,126.13495236731302,197.19538879798617,64.75378140719448,69.30819929634288,32.16041082429216,104.87141665253108,176.52114289461315
2019-01-18,83.49932341287422,228.8489869996322,320.10300899283095,152.21447675471052,50.93434011734417,49.51603438051011,80.35186361905325,231.52130604819536,60.526092400674365,154.36559192540753,141.22051454661323,96.87318251271569,79.76165241096746,123.7473123085723,199.03936732025474,65.49413345009779,69.30589049985713,31.324515550796416,105.09866616274269,175.79239711407865
2019-01-21,85.14463273473793,231.20239227360352,336.3640277980359,156.51971839968962,50.95327270685577,50.082298365744,81.5125033241814,228.92505779217822,59.50348901857182,154.09694192161405,140.86864883519766,95.44091351624327,81.25544314205418,126.5900424656176,198.2711549821728,66.67634911952437,68.36862095150904,31.64167031486185,105.245947909874,179.68647513748064
2019-01-22,83.44734773872655,226.27021123495328,344.4643896415753,154.74227119865478,51.4124353316929,50.28712388159346,82.0004941920773,229.58885801509072,57.991971331460356,153.87906126228182,133.50782654305286,92.16162931443162,80.1734463741392,126.58896027363816,195.71394810983045,66.25335203195596,66.3101011014091,31.473413452015567,103.29983272316507,177.02686399409745
2019-01-23,83.13714241575775,219.42469606258018,335.27983185502694,164.22498133074728,51.34083760314252,51.49346636347442,81.36291946705576,223.1084703403309,59.52692212181951,160.41967918411413,136.74265851318472,94.71176113620604,84.12749316199908,125.83011811829938,197.19190466687522,65.06130472096599,64.94757920033437,31.38059844994753,105.77604219179732,176.60143284734562
2019-01-24,84.27643229749137,224.7568387647576,336.22931291668795,161.78781519542414,52.09944735943184,52.26915334989883,83.72111990521728,225.75960554032193,57.54142744541127,158.42737246431525,136.50528788600906,92.50743922613552,85.4993468884691,130.52084227812065,194.9347750068377,65.12819443574524,66.09602562621055,30.991570917802367,108.47843900930489,176.60894033745927
2019-01-25,83.1776634828857,234.35551208010475,332.6138020464725,157.8877626062642,51.52338629952118,52.46153783540045,86.61174216950259,229.37731191705174,57.27502521811289,157.67178975437352,136.13698805262985,90.48894222158388,87.5258228749574,130.98751928803918,192.81081387558427,65.46911526817365,65.15801807230265,31.21437924248076,108.74262732287269,177.74001775682797
2019-01-28,83.26116436726355,235.28254139530864,328.6495770653351,159.47996745828178,52.0433404121798,51.81572135004524,82.63074558059105,223.59582230797207,56.56765398679367,159.2022450467659,138.6443889374496,92.78037915696706,87.52172080411637,129.59894614933324,186.8582441943593,65.13050996622006,65.73367503278287,30.55523284476672,109.35197724548811,174.11995820426927
2019-01-29,84.04737217688934,233.70795504890293,336.4725113573071,168.50449854331217,53.69893926522807,51.45949461115753,83.8797147148378,224.88731747074837,57.139485044153155,161.51506658535476,142.38208524750343,89.378976150946,87.42688788445794,131.4676391668811,190.4064807847369,66.16670294165317,64.2966559653695,29.91818865524135,107.04236688301559,172.943270024074
2019-01-30,87.10413671728162,230.39122272925914,342.1984938172158,171.15254732563352,52.56173590720956,51.217075330343036,82.03856096827515,225.96863746509666,57.12077748736884,165.46918061177334,145.94548864038143,89.08840408294935,87.00823004539926,127.51449229842198,197.65640720800334,66.9091421685754,62.7228207858357,30.25415482569541,109.60391795144909,172.82152304675714
2019-01-31,89.7684648585105,225.46869617762667,346.48010785496297,169.73221553276414,51.3781378689564,52.65750921037117,81.81727677356807,220.73702383125305,56.712327672254325,170.83424830418056,150.20472340179612,91.80729099017479,88.1600259786119,126.26563241088483,198.2036256555677,67.0112414996218,61.99854776048309,30.463105162220625,111.44739246852492,170.66277623298978
2019-02-01,89.7571717449763,223.30867591953125,351.189112672515,169.08111723769628,51.82875695294598,53.85580594219552,82.19530520542004,218.52736381308756,56.51637232492235,167.97387675232716,156.09563575715626,91.255123523746,88.92619380940806,124.65646285956963,195.86254291967757,65.95522615060423,62.45918668473267,30.575313939334347,113.00205522298303,171.44199785939242
2019-02-04,88.8509534735679,220.2926092801666,341.75511256454354,170.29219979755788,51.9962565850273,54.4415838126301,81.71755478121383,219.20827246194028,57.418145205134394,173.42071871971473,156.87226507243255,93.64396636988928,91.65840850250461,124.8935419518652,195.07144026282805,64.38124317819731,62.16010996314767,31.27574492488465,111.92822726529837,171.06570152745803
2019-02-05,89.8365880247803,224.17370485381733,353.7004786560958,168.40193496571123,52.55157674801707,55.0804415229483,84.28782382394994,222.45707057102481,59.971104601211294,179.4174082164629,159.8206254115746,93.18989075464862,95.34677188838707,126.08207686544085,198.68581614509102,64.79516977473268,63.46369134179724,31.320867453735673,112.32667974145299,174.4752026954181
2019-02-06,86.89710817721001,220.75459829102672,365.9322738995716,170.46877379979384,52.33257373976633,54.620992987699765,85.26154672687001,214.7451420755195,58.61741616386729,172.49906389880655,158.3340429786283,90.46658315184081,96.74668329047232,124.84345026310987,193.71732438345833,63.39876613318785,62.363344941252,31.312190868903148,113.42805949909635,174.05550386272947
2019-02-07,89.15591650059258,224.0947783708266,374.6184135808298,166.92172142572755,51.62318380807749,55.503955306229834,84.76383341948637,214.94332612510956,59.76595648208615,169.54980203593857,162.68973689055537,88.72862958397589,96.69761050335804,128.1703837081551,198.0938055996738,61.590202878588734,61.95672204138457,31.40096565127167,112.99283239108253,172.45678596062976
2019-02-08,91.73044457479325,230.65825500525847,386.82656783697644,172.543793183312,52.55992494732708,57.83642460365753,85.05309380303602,215.37930335732545,62.09244686139516,174.33404214720585,162.4254736679447,90.26795362167377,97.70476448310524,129.11518781864217,199.0364682447289,62.42874841460512,64.20589870123747,31.19947324318299,115.51051501487854,172.9551653814434
2019-02-11,90.67327819371096,234.17029006520485,391.9558940650527,170.50182265745724,51.806255792435316,54.44068058951416,86.50194944680551,219.9238018685098,61.06090907148584,173.48977746892268,159.59591359017196,86.80473437700684,94.7228301904586,129.46288429926312,191.97186787753773,60.74593382012278,65.33226998206432,30.878929441973362,116.6077482885219,169.6521739859037
2019-02-12,91.59112745684922,224.20929111491867,392.9749338567559,173.12791815566706,49.97593121253438,55.448854678883976,85.12534699204386,225.20298199166578,60.54447861390527,174.16883247899943,162.5557421854091,87.99153924605913,93.54986911448056,130.0737980389919,188.39245090617047,59.50861672654253,67.24882381616894,30.86629542747895,114.31234610780717,166.9157580098982
2019-02-13,94.82746608204079,232.07350676714108,400.2082169955609,172.277682132083,49.79998288718872,54.43931301305776,84.68945418518916,225.0731553984649,61.1602760973675,175.1326537941465,163.5025691047654,86.46419137491762,94.40651357317799,130.09372059624593,189.12484044798717,59.37329355644496,65.33127881152302,31.48818227224426,117.55558043332745,166.6991688313186
2019-02-14,95.02356904063564,229.50830985170367,390.41353856803926,168.38054668438525,48.20294989267812,54.62711215911045,83.96156744260362,217.87005070185904,59.15070415856466,174.62956875262017,162.5477144060941,85.66932927123783,92.20938003445174,129.69759070669437,184.41885725139045,57.892730340869036,63.112180510486645,31.732440293851564,114.58415828016153,165.03971683153785
2019-02-15,93.7350428012437,221.0959820303304,386.6366448987033,165.4342981513872,46.657207598459564,53.243739987768066,83.65959072180348,221.37391541093723,57.34148796331834,174.19396690536837,157.18592532413535,86.3907075874479,90.03323372449049,128.71701165888925,182.63788487034384,57.87222096802358,58.94538236574614,31.284781038302278,109.05471949393754,161.59448823874206
2019-02-18,93.87565386969095,223.68474942705515,402.53624986442895,163.09972521325034,46.99254708087134,53.520668409989206,83.5162482303739,218.04671023120716,59.04878254413771,172.5149930257173,155.96340321318254,86.90184327374551,89.97339923401944,128.60691557459467,187.83512488692654,60.193836361860136,59.747569203435866,31.436507947066566,115.04379299595432,164.5439073449903
2019-02-19,91.0744166486297,213.8092382860041,400.4951069964107,155.99326482555372,47.897154862728364,51.130233251054584,81.06735378950562,210.41344038530264,58.90331412413836,167.68641620306133,151.4487441870029,85.26082341311977,89.90571681479052,125.06008970276784,188.14323993902312,59.85253388212641,60.86869107144449,31.34643112826133,114.13088911908272,156.97663630303995
2019-02-20,89.89988776769766,214.01610316235545,405.18653515540683,154.77985829603767,47.8609127566012,52.24924497357657,83.98591846839862,208.83540697337173,59.14676619633388,171.850250055744,154.0059114928045,85.14779351733715,91.16971170782875,122.8799182100546,187.26671498327997,60.670237131643944,62.518932864399744,31.240466306433223,109.92222188262936,158.29005064481964
2019-02-21,90.5264550953351,211.392620434844,409.0885455794459,154.42294853628852,48.401854610526875,52.98968691281055,86.80266624249982,214.2100342527565,60.115002195001686,178.70163869412906,159.2164240996849,87.05050143383176,94.37414707034358,127.68180658395298,190.26492926094895,61.30484680620293,65.11976581328265,31.716005285372056,111.97565527503441,160.86359518415196
2019-02-22,91.17249732095907,213.4503577544291,426.7531229799322,158.06987100453398,49.05553752202026,55.48329641831531,88.7938581897311,211.70075592855005,61.34048338043924,187.2427889068275,164.3448155009555,89.38856812576104,98.88968485706799,132.94905459553038,192.80673824299183,60.91214473960057,65.52544242678405,32.82299588382038,113.4427841971845,162.62840741834515
2019-02-25,91.88228851705273,208.1589698248954,423.3244066132049,155.25791336280938,49.338021262576056,55.688261493308026,87.94719404291234,207.03326757374043,60.25633510350322,189.9799568212509,163.73043116219387,89.3599344447628,97.46676273544087,131.53166965893345,194.086269129408,61.34657977403259,66.34607942722647,32.70045995786682,109.76506018463677,162.25010667753676
2019-02-26,91.82600795898836,211.20685047958878,430.5987802516499,155.57920901224804,48.114445676145024,55.70512241079978,89.22555689750367,206.79689000080697,60.4884151719679,188.106750715366,162.80943094587997,92.50420680884385,98.14735647587368,130.0629326880151,193.78780925227014,62.26743350633502,67.39436459062274,32.79732367042415,109.2551924741395,164.4015160629734
2019-02-27,89.5094544837476,209.9021064826581,436.2927397039984,153.4112660891484,46.671938291051475,53.377226179132954,89.49382414558565,203.16190746512433,59.76587183904617,187.35638540065372,162.67942765385698,91.39210351163261,94.8036043998942,128.75136901755877,189.71331907345964,62.324653031209,65.65367673335396,32.34817921488478,111.22790448362844,165.00257230888352
2019-02-28,87.46128514664711,213.9443131498011,427.5678133511812,157.3700145882932,45.97909931893836,53.00397659141698,89.36229301342735,197.0462127758175,59.57246503729094,184.79580462366187,162.00554089356478,93.29110931878952,96.14625229544816,128.67139233446161,188.46051395986595,60.92658712707357,64.61973483388611,32.4729396810089,110.45878224145031,166.00699728039265
2019-03-01,86.63132906521497,221.60446675921793,428.63247225424124,164.61926957819404,45.686778711575315,53.309213234003415,87.43256103388191,201.69072670780582,61.181160997085684,183.21254667233148,165.476732886454,96.93729984251338,97.04149222433557,128.01200228366685,188.90809328638625,60.35502507626144,66.09380588103704,33.35183422290002,113.38015278938983,165.1836834378341
2019-03-04,85.35629320714186,221.80014755337163,417.97632443798454,169.89342061804905,45.67163212518305,53.01388868900024,87.20086966925847,203.71802562003487,61.19409725251929,181.44889569484545,166.06378505891433,99.38592484483787,95.32573887715307,128.09756563943196,186.04115298601516,59.33486418897815,67.15796124236711,32.4999880801449,113.45550918730659,167.36156326010186
2019-03-05,85.30315529556692,225.05060128399577,413.4509585270733,171.3779263186148,45.28479682410788,53.54113817585703,86.20312721425493,202.62868741853427,62.37155844543873,187.0346628939419,169.93403024306664,98.20469484110166,93.14995450075968,128.28443696399506,188.79164070810364,60.41919796359684,64.91161054543859,33.351295242467785,111.39788742858816,167.1265347603031
2019-03-06,85.15888209405334,219.73230150165628,417.6568912791189,171.43370972206708,45.125173340497426,53.48672859338346,84.6318570355027,201.58228106604116,61.839088884620885,189.1352879502303,159.52197219507772,98.40913987714538,92.83542178459518,127.97929703612854,191.69950480684386,61.32936499090707,64.36400844720802,33.77593544766397,112.43552357880843,167.52577977287226
2019-03-07,85.48221307111089,217.7800559279279,410.57859062642393,170.10156467404062,44.452200220874175,53.45987662508936,81.46783401468261,205.1087280392313,61.105013161636045,187.64671819413294,158.76168159261087,96.22682404421361,93.90416253556846,128.47385234943565,187.01781792799528,58.995765696165726,64.3564694707461,33.993402754377556,110.1094166705792,165.97892526265653
2019-03-08,84.27861309857033,206.68300157656935,399.8905042778303,167.35111559844822,44.18622341069953,52.57535863571401,79.52056371001646,200.97655511306004,62.8703734729937,181.41221159966068,158.6506283880467,98.00617488843596,93.01933864651882,127.09213727813153,185.78747619820717,55.87319406265554,62.48142309434833,33.54807613611686,109.80121568734882,164.9500513772888
2019-03-11,86.11912178063447,204.93295452284778,418.72613974699345,165.29614574267012,44.91220738115427,52.76401473907646,81.04730252420882,210.33537182303488,64.16930593987362,182.80449129453163,159.35655838715192,96.78368754732637,94.07153319256426,129.8837396290511,184.29603886081088,55.37195352092985,63.076848041031866,33.694441851329636,108.67214780571767,170.58054238406908
2019-03-12,86.38807181906357,195.93323988785622,417.85432309807845,158.86054065724832,44.83453746308414,51.91287722132676,82.39149662697338,211.4824687665186,63.901828335921564,182.22781871934913,154.47389349670186,95.182992426218,95.06728951645677,129.13330968503834,181.33607222689182,56.15029323794159,62.76293948613207,33.0088875611136,108.52987750310639,167.78566800951066
2019-03-13,86.65161799745992,193.26759833708036,416.2797438500396,164.30293108028377,45.726516339547274,51.98931599930759,83.02549725086284,211.858274846656,65.22902112932769,181.0135675826198,157.37025560049125,95.58956518564739,97.60241910981769,129.22485548836752,178.9678630694426,56.98907761919033,63.9601200533308,33.5477893875606,110.03687048468537,168.94155833313718
2019-03-14,87.2988633674179,196.1048700651722,410.6446879866787,166.7593940591016,45.42640376230254,52.730847165555325,80.20242717374826,205.07513324069313,63.89623174362691,176.27010185593977,160.5306586372024,93.40538054042773,97.96146668269199,129.9797493169302,177.75832872513763,56.544892285701,65.41481663473708,34.00636652958471,110.36000469374933,167.68054300168282
2019-03-15,88.06068057998598,195.2888064267883,403.508422593802,169.2612324008312,46.15608666919852,53.05556865318402,79.14787964365773,199.77819623194205,64.07054790711146,177.47910935676464,163.40664550910148,93.66871016064624,101.29741915332205,130.93437686151032,176.16586482689186,55.01763101053511,68.09353322420168,33.35522290994103,111.55463944458096,169.903824041531
2019-03-18,86.78460183390014,195.41097861224404,408.8784104484891,162.78383657432119,46.50693749609729,53.753697999385736,80.42639896229251,205.11483016285442,63.12730813547303,181.2249385486513,171.52877530480225,95.61918980027303,100.67521699183384,130.94011281881663,175.34858134851225,55.09053831487696,69.69478087857152,33.44457149932761,111.95258628323737,172.38893121053374
2019-03-19,86.50586704758733,192.66386511496714,398.9491617322395,163.04691983662764,45.665890834526884,52.721460653577246,79.24746736599842,197.03765511348416,64.29306882495142,179.52280302830138,168.083305003269,92.53261694229839,99.25912474803175,130.19823182571287,173.3116674355066,53.66152994709759,68.71086676096053,33.453634035154685,111.09919330179348,170.15772151010034
2019-03-20,87.99725763291907,194.2741739325408,403.66215350357294,165.15062872498834,46.74101367793205,53.672064509043445,79.19113191607273,198.7630378383384,65.2246989243461,179.4250743123325,166.13020576153755,91.93334382144047,101.19577911390093,131.21245391155907,177.2163976367905,53.952625303859115,71.35236616467651,33.498592088976395,115.29203429271737,174.13343881481356
2019-03-21,89.058796788302,197.8610269515218,398.3976557779586,172.8908025163683,47.90693877358935,53.67555515726866,80.07184312955022,201.44198026756723,67.42555466864401,176.85101024220444,166.8869021394912,96.45148950760779,102.23279039830166,133.47133971140389,175.37678542023113,53.59380466549833,74.55762866505964,34.31344717156011,117.9564230819265,177.28855001976595
2019-03-22,89.44700122097285,198.0817354338042,392.88002941426026,174.8267806081883,46.96693339171564,53.888554033032115,79.9557626440587,208.70476041342573,67.33354851194628,173.62936891376685,170.26366616098582,98.82710524617677,104.26776066356454,134.51601077741321,173.17909403612458,54.62341562899613,75.68676779404471,34.18496623087942,117.58614691021528,175.91794167410995
2019-03-25,89.61509607391841,193.21849051986013,385.2656771873107,175.97319692484845,45.748038789752094,53.83771844105379,78.65290606169228,203.19955698397973,66.84238947159588,170.25264824139447,171.006013463852,99.60311678585329,103.95561066444361,133.06659286471816,173.68977362729007,54.98502115810119,76.48504998014148,34.11002202716518,116.6334289526498,179.99034959004715
2019-03-26,89.46460541892867,190.9928820792972,370.5798491299983,167.97183960633006,44.64045866899486,53.59893329504864,79.6364547312155,197.6592237499052,66.98961401242595,167.4800159439372,165.3016905702824,94.86363866902776,102.66572075396557,132.06349441698993,171.87062397044184,53.42025945757591,73.16326581621146,33.43217804732068,111.58672694549136,183.9619159123085
2019-03-27,88.9345898708399,182.1380492670894,374.7135905483095,171.3963714946628,44.335176222620596,53.761608515613624,80.01964519779618,197.15459740810164,65.27278543969449,169.56307563081927,169.59194214690982,92.66867349359924,101.6910036593146,128.63265649633237,172.78554584209363,51.557723729581944,73.14048214778515,32.913271106994955,111.49892839736633,182.3781195113608
2019-03-28,87.59862024889568,184.4203255010138,358.4834144647664,169.17059523814098,44.20056524495294,55.11336177609516,79.54794480089969,206.65946284079314,68.44959275741053,172.39578502738033,167.57442469224,93.41622346627082,99.67099339466667,129.70015339296276,177.66706809086725,52.00562077767333,67.58746935454943,33.209829413962204,111.18464765461881,183.29730975459083
2019-03-29,87.21919617824813,177.94802923561602,367.0229676398656,176.4930419144009,45.52832635879507,54.219899320178506,78.96196878220779,207.90240070481323,69.58538346389514,176.0864139875439,171.98819858298063,93.62030927596498,103.24454568153506,130.38489261620265,185.378315378736,52.889426599959585,68.08665314843532,33.68764065929254,113.4219097498391,183.8660170267095
2019-04-01,87.42444081925855,176.08765069687306,361.64810320367616,177.74912680657178,45.34211379220414,53.19400429995108,79.56907906586144,208.49934262239043,70.4958866389351,173.34326936266913,175.3322657347068,91.06813195053134,101.62102362951079,131.17470795330001,180.26981656823006,53.13814544062756,67.99450267959156,33.91009552176465,111.5654161308113,182.8573358640043
2019-04-02,87.06744621918394,174.6508653007133,362.429634694885,173.32023190870137,44.4893328975969,52.289823018536595,77.37292228655127,208.8227393702912,69.0685606947664,171.34630745694858,178.7441271625147,90.38087722330788,100.7984738970474,131.21226047521574,178.70409107254497,53.711837624919745,67.66019604462224,34.34829408647685,110.90459283777203,184.84252763443732
2019-04-03,85.65943698888563,177.07126142165248,371.01555956536595,178.09967304288398,43.55980455748016,53.37304954964369,76.98397849886713,210.22652793564362,69.48986527770346,175.17908609235081,179.87798084497652,88.60722262537568,100.39916666504607,130.4573853649256,177.51572874814767,53.01408202021386,70.18774145533972,34.019079444307984,112.21329013876895,186.08285864831387
2019-04-04,85.1824839678524,176.01129367942087,369.395138790726,176.23924252456823,43.381805746548025,53.66889008019675,76.72450075166856,218.05382784059395,70.98799565066615,179.2528243889728,183.06796901530353,86.12375718507967,98.14900705408047,127.90599289613947,177.80872392771138,54.08487937095536,72.3793996168967,34.67463785669175,113.06995533534646,187.221884661062
2019-04-05,83.94307737472083,177.31510685485642,362.1837787203977,180.71301841185365,42.24286744330616,52.89566357237468,75.13443702882391,217.87941773746954,71.39656569610393,176.79854309842443,182.47251974293408,87.52255434712873,98.22749691115268,126.11179512609219,179.09163207159185,53.65333445626937,71.24117289733498,34.38060899350654,112.9385898694673,194.85241868058927
2019-04-08,84.97582427055917,176.01999516485785,358.02674957356226,176.82704208276746,41.93764982587946,53.75273400467559,74.89278345108676,217.37605124744354,68.5982692039235,176.27808078829617,177.27054141442883,86.83535018644514,97.08586895684275,125.16684991451537,178.43343229002735,52.27731493752329,68.9502694944666,34.150406203180054,117.02823483738821,196.6775514134205
2019-04-09,85.64544189877185,178.14054922055809,363.77219495171784,171.03780832432287,43.28537327829647,52.887569821992045,71.64105101278767,216.34349762256616,67.6385935486776,179.42851831834676,172.74508308398921,88.25615488777092,96.71987833680039,124.43632487273548,183.19368456572025,52.70008238455185,70.55537935229326,34.89140343777455,117.03926367309343,198.043597759485
2019-04-10,85.33802488967956,171.5354883352886,357.06248564805963,166.24534385683694,43.0383447093557,52.064847116803364,72.56380851508003,209.45310526879473,65.9585729165372,176.61384493578515,168.5759938597078,85.05993276724334,97.87450904450971,123.63802672407321,181.48009020206615,51.48667322510316,67.13135166282008,34.86616411894599,115.45825245159611,193.93147925518076
2019-04-11,83.40258443884217,172.2763458870915,358.964676071384,162.95359391130555,42.78862132256967,50.49050919112387,71.40948014829266,211.56381922161128,66.80951172408913,171.12852377289155,172.78009676414507,84.7187908247873,95.82625856695941,123.8793398106086,179.67461807147427,51.635224149484216,69.76328030834947,34.13480153423298,112.78234591907345,192.4002450704841
2019-04-12,83.17423170955375,172.3179541773567,350.65238271175014,169.21970901643874,43.25281493743744,50.05783616550943,70.27483280765819,218.1979044188349,68.04593615045968,172.418055787851,175.58081890181475,86.4137543198774,96.58266866078236,123.3952219826273,182.22598548606513,52.53312811742315,68.97911053436502,33.544290037505,116.73659669903287,193.42709942998638
2019-04-15,84.90418573643568,171.34190120116668,344.9169477052381,172.45434396631586,43.60547055623886,50.80581048184191,71.0767062690695,220.9965701176257,68.33907945855796,176.2028623887428,172.91461966125792,88.97865327337641,99.83316127109804,123.09643867516003,178.41078948370082,51.98489897600773,68.38663866270676,33.84397721433812,118.79675737092117,192.40020154115646
2019-04-16,87.4967575996578,172.6050090143291,360.26879151179094,169.75031619422634,44.52845252083196,51.22206714579569,70.77051937973295,216.4012019330785,67.27175376878549,181.6223591361905,181.72398313918325,88.28620115888812,99.48397748414513,124.89656797599585,179.09613933326693,52.07254065688194,66.92548621117268,34.23269342096208,123.20057327613787,193.01924428929206
2019-04-17,88.94193095271893,173.90817627896567,366.2317724331468,168.2334795508823,44.301904550200234,50.08365861680288,70.75006063394613,213.25792089706795,68.29847376275607,181.64507525339792,192.33134936482483,87.1104233402137,99.90175624350692,125.1056890233478,174.3300251689902,53.05785203192236,68.84672576043869,34.81559150075411,126.11271482311177,198.50217623947376
2019-04-18,87.98433930456665,170.57581049484835,365.65796305797494,163.63915525068046,44.57811171198343,50.98590389921911,71.32964353014916,210.07041818801227,69.53135744142487,185.06315298760083,186.73003068499048,87.69447867983996,101.56662245984045,127.08068483893314,174.04711115518612,52.08452893754489,67.19289864192409,35.135106209670816,124.24446047129626,200.29326728553565
2019-04-19,87.73028266993641,169.381217404974,365.7131497400181,158.12532392034834,43.156535195280874,50.30370837789047,70.8434001484738,203.1854134282472,68.03851929981938,180.55926831713106,186.53169420129973,86.39300992552826,102.27168296737125,129.83504389273247,173.2376787194245,50.54241767217837,67.23088512057159,34.24641091558372,124.44922670071301,204.3162953211479
2019-04-22,86.6647471716267,171.01600955406707,367.06455880300064,155.85356329129166,42.35988392797332,49.95713552187895,71.20128782748844,199.0824808811875,67.77061983646993,181.55929051892625,188.13099302496647,84.61588591346909,100.75948890961516,129.54653106488882,174.43266942194882,51.350531481303,65.64327739444732,34.37572796279698,120.39298324833557,197.57507056275358
2019-04-23,87.3917932180373,174.06716699670628,362.8015823619884,159.2255005968916,42.945358878177665,51.06611439269383,71.68820255692732,202.22746707157958,67.1314247938223,177.56220111967696,186.68024737395334,83.19153037131609,102.20949979255649,129.82849891827348,179.23688262280282,49.91924029118022,65.87561809886286,34.89844914086503,119.43501644049736,199.04795234866478
2019-04-24,86.70209509496244,175.1323206629461,347.07470019170773,159.26192389989802,42.2113742107872,49.92853983507679,73.08409895037808,199.61291774857924,65.73979947803143,175.59105494057576,179.45303344619938,86.38848691969982,102.38348855378717,127.44767961156023,175.59586353571012,49.37019986707193,66.14057660646166,34.78579457322887,117.75969972130325,203.47297862154824
2019-04-25,83.3873290267756,175.74291345190036,343.53386317340255,153.449200321293,42.580895021398234,48.238722466646784,72.77367690111966,197.10231947922097,65.6408554062723,172.879459429927,180.95010975675004,87.67581606441314,101.50035914305852,123.63261320590092,168.5913059209328,50.018976860884585,65.50119136035588,33.61027004559037,113.65030533303567,201.49436696269507
2019-04-26,83.07643806506111,174.47506088194362,337.824508447124,154.35059320246862,42.71867940154073,45.94510622433352,71.95940661574944,195.1147398026577,66.01604259241601,171.80213628478583,179.33000209985255,89.22052556304136,102.46999456063591,124.98121807772017,164.71844709895782,49.753784236624455,65.0893007892142,33.11983923921537,113.51307673016858,200.22119656862188
2019-04-29,81.89042275590279,176.77764717372236,323.52874219725027,153.3934242524216,43.02829306342637,45.24490785211719,72.07448748164542,187.12354783053266,66.8022105556281,176.21286826683507,184.24168096853606,87.41965253126979,101.13836996215142,124.13537918440008,165.1758140786781,49.63188921084969,64.00208340466136,33.1337959192263,112.43479848023793,197.48327051349062
2019-04-30,80.28663684671811,176.95380147522997,318.63557040118667,150.2815288841012,43.43582742053767,44.39687657365223,71.20846297020829,183.42103522802523,66.41318858819939,176.34312676116397,180.699451837458,87.70700950128688,100.33936090306098,125.7626330912565,161.85664367322568,49.28602139088135,64.03843592119776,33.2713083343672,113.34555823235483,194.79251511268436
2019-05-01,80.58980178813498,173.11106351366664,316.3372002337025,150.30552530420962,42.603388519588194,43.65410523023717,71.39729210775788,180.2303700038688,65.13909075585968,173.93507218922934,180.12493543618066,86.3914119253064,99.41633661416897,121.57907260416208,156.54428410713118,48.51614541587444,63.53242835012134,33.648323174996214,113.52129727307567,195.56833250154287
2019-05-02,82.34190135618124,175.19550976664556,317.07536101634827,147.71198235149518,41.081650354029854,44.950813753359824,72.34218979705194,180.93300302759692,63.24860415969783,168.5245655299427,179.90730095674172,85.22113249421567,101.28361652385007,122.85161551696415,155.32857458775388,48.634926085762785,63.05140368555044,33.459242944760376,114.86161883796558,193.72750643554355
2019-05-03,81.09196579263245,172.54720633985605,313.56108233586303,148.07314285405954,42.054415603287545,45.373717493162516,72.06224984416981,180.244369127777,64.75529126467549,172.57474236899503,182.06651440349378,87.34473275541076,100.78027129063543,121.94010612300669,154.2702508950556,50.10468292374,64.62712997214501,33.86643176782224,113.07131908322641,197.0425754815135
2019-05-06,79.16021741155369,168.0951777359323,310.1992082794889,145.78903583771145,40.33207444906026,44.122925171166656,70.20014313968966,168.65073392351525,64.4611302722825,169.35507012185894,183.0029351806251,84.53969191495662,96.82459533990432,117.85595201296275,153.93347176303854,49.17056202911579,66.14379747527514,33.41757687160798,109.2353477926389,193.54354049482592
2019-05-07,81.19848165702318,170.05644916867143,315.5774992248989,148.7220226953412,40.703968145342984,45.246888431205925,70.75748379702863,165.31953560736164,65.12825517684611,178.10233582501309,183.800769163065,82.74774449341088,98.84954833677693,118.25508625119873,154.25778019937317,49.931304521353006,65.12116379779567,34.188897988138415,113.0528434384876,193.4385399911567
2019-05-08,80.02980047419753,168.5444199908743,310.4446023117904,143.94175677745426,41.72178314326084,44.54555160097158,68.2675463643075,161.92750512598863,64.67148162997692,177.70326505212424,178.22872391521412,82.38375327337297,96.70472748388734,119.77488998351235,152.052732809635,48.991734949329654,65.296038322399,33.92584274041224,111.99411833869236,185.29536662954447
2019-05-09,83.02612592061098,171.19402834236982,310.4447738777973,142.34723565319595,41.87137390322931,44.73843200030054,67.94504110892251,155.62403894031615,64.97075258049205,178.11047821080953,173.70233657576165,83.80518848985606,97.68061443489876,117.85844297459921,149.76782375778228,47.88886514651091,69.13162047947797,34.20219950479843,114.07367312490163,189.45394143714978
2019-05-10,82.3630164780724,176.19678887200283,304.8838660397601,137.80584998650218,42.69420346436653,45.567716807829164,67.4671477367732,149.32000802828594,66.55411782210746,175.32989582465197,175.08042805922773,85.78041292099866,95.03224553022908,116.25927012384778,150.01347377264375,47.581636739161404,69.15364519081832,34.07337249449482,111.6871187214035,192.52585102723623
2019-05-13,80.55443797890096,167.16866496552674,300.4561742788111,135.32835253167264,41.8043279501929,46.76719774120304,66.32015075289232,148.91214909828318,65.78984776416823,176.0866577959476,170.2345832336526,81.85234212729878,95.50722365497064,117.14814093048018,144.324466755453,48.44630280067546,68.39406838675121,33.84125095157909,109.82062260612796,187.98858729257813
2019-05-14,80.1152257375334,168.5666367574029,301.96132989885365,130.53191619106144,41.18217074456287,47.19896345438289,65.52834169985964,149.99667582864623,65.9743012784022,178.49476292301216,174.7604714567184,81.63393782184511,96.35906308297348,120.41440189215574,146.57422834355222,48.67202661660754,68.68033254097793,34.495407229995195,110.13040545945663,187.93362772026808
2019-05-15,79.09992862476119,169.1262692593008,309.42173051953563,131.81204444041484,42.1108760114021,46.948458465902696,65.64264326109331,151.387832686691,64.44703956247227,178.34419036154569,176.84554967531858,79.79078695619474,96.40965962781262,117.42912102358814,147.57943855292572,49.38455092995289,69.87196240442724,33.77935994760713,111.76366157481709,185.66935063244262
2019-05-16,78.21976234084764,168.0642486105639,300.1780808291239,131.5393329274185,41.90353312171745,46.61659778445507,64.64565234057945,147.25963190315753,64.33535369205252,178.34153251684597,177.05135373114985,77.34019016286693,95.6330912265743,119.04366504727402,146.72612982572443,49.72498045903455,66.77060965210032,32.94925042054523,111.10038997591273,183.83226800168765
2019-05-17,78.57552524788689,175.2714146925147,305.62060926622166,126.46010039503356,43.98131771432911,46.131027138797954,67.42248482227977,147.59105793792125,64.76530238001615,175.440651686669,185.14338325748943,79.9421242395688,95.26133631386675,121.36830502093116,150.7203949086596,50.48792512064931,65.58220578297725,34.132127022410124,114.26922342447858,184.60313051801015
2019-05-20,77.67532776292533,173.8495671255406,299.5677543707752,125.7961195516569,42.60076424902264,45.83515045005685,66.9888838427915,142.62124349049046,63.779717513300305,172.8799040009095,180.50450621195208,79.99379850162642,93.87622828448005,118.0586333409878,150.9256726516096,49.05132680351629,63.2678771429733,33.34088188059729,113.89752749820325,184.7611672447953
2019-05-21,77.59060930166261,173.10981239654447,295.6744956298961,124.92283115821343,42.49461838412053,45.82193559494815,67.53858643929391,140.40555878792145,64.06442457750705,172.73031824964468,179.13785836485752,81.65916999888866,94.83942415886717,118.42885915777457,154.78258480370425,50.11733767649015,61.93532527552015,33.812203865096706,114.98571022523072,185.1449050863532
2019-05-22,77.4721095636124,173.78486558297294,290.57256505713184,125.66220339956136,42.83227769832391,45.79063423215032,67.7778090311254,145.44402213251797,64.3454353083229,170.67773550258042,178.04700997735972,82.40743724453925,94.9269858745313,117.74291441948218,155.56139426932697,51.020322317226466,62.657892909277884,33.28049366548694,113.57755589475912,185.82198579172936
2019-05-23,78.28561933551033,170.7163460011057,294.76395086526514,124.86567530438623,42.570344283384394,45.98593505946372,68.5034150789356,151.70012049668935,64.18378987652652,170.1935689184744,177.8352590566497,83.35316729219156,97.99576370323678,120.07513883936491,160.4549858518494,51.52219841692046,63.82129368540898,33.44080524931369,117.32479706886654,189.24169281807275
2019-05-24,79.14363915523424,171.08945103719282,288.229507011124,124.5667427343955,43.877671606579675,44.768795094923924,67.80142333272339,154.39338365258067,65.15093933103238,169.9609251196754,180.3729595774132,82.62189647023291,98.16498777211677,124.8881580108405,162.58653890699202,52.067879189050274,62.977885862402466,34.16632022652598,118.9378520338184,195.03192044913484
2019-05-27,80.44028290444548,174.9522958709537,295.3102825133533,123.48627162605999,44.8038275587744,44.45482577357499,68.58292668996431,158.35937278851904,65.48804111179193,166.3643402275814,181.39636313811977,82.70088804254456,101.04497624844504,128.59978453986838,160.60469192366872,52.80582067081039,65.84788605410822,35.201835514357334,118.34441555178175,194.24651367677157
2019-05-28,82.08110582063115,178.80095375077104,297.30897702619814,123.50485875482077,46.276734554389314,46.08735302282728,69.43251299652758,157.47754018279045,66.68059626546801,174.19591997703236,182.5363793570986,85.63356438692449,102.02568177375437,129.40203091102725,164.74168247287759,53.841174016856826,64.36770640583585,35.562244867550376,119.42507349480802,195.71183656063403
2019-05-29,82.69377704427662,178.0958376377202,301.5388886870986,125.38520425786909,46.55957176054918,46.335559666574085,67.93035113274223,157.77357187880835,65.81460061275072,175.68733519429367,188.54203714756363,83.89304856035453,102.79765099923365,127.65956944744423,161.91686209189655,54.8530285133415,64.67996376031088,34.91996775862824,119.4722350650049,197.2476579403942
2019-05-30,82.98123320263795,173.09048439427727,300.8937940975174,128.3879635078719,47.467981257159124,46.296567140016094,67.71720295247661,159.39268749516722,66.45251181842254,178.98366269259014,190.6552353963757,85.18625673057356,103.93987073234632,131.70525081772524,163.2433761890542,52.476720353450396,66.77294633557374,36.83847693143313,117.26754147148743,201.0712797878522
2019-05-31,82.25117765202678,175.55296858760542,299.60136902358175,126.87629608218903,47.39463051671525,46.36322372274057,66.5687597198075,158.94534040148272,65.90840551059121,175.2774753247047,192.5290036415865,84.1166664344962,103.85747241826049,130.69825914845427,158.72645361504718,52.118044145912755,66.15694214703487,36.659304439122316,117.1994774280737,198.23164866601766
2019-06-03,81.42455085696918,171.13819664632499,310.66315910452283,127.7703097798859,46.56009740647055,43.926024968034575,66.41851909690754,161.53560950862044,65.36348321333564,168.9785285154251,185.38712155965254,84.36366123495077,101.67999793108939,131.63322629017452,158.28484639812908,52.84864203956592,65.6408959553233,37.3559061581005,119.11078254832096,199.43159096353813
2019-06-04,77.98448298563541,164.39090924639228,316.76505473322976,124.0897497468537,46.32098257026973,43.066737510232464,67.27393300991237,154.8564115227328,65.42515557396479,164.82024820878644,182.09137850099023,81.12530177301821,99.21635553033826,127.16778887629822,156.27798514375468,53.728474582605244,62.958905985179406,37.124141691654934,116.30607986804377,198.9929625600872
2019-06-05,78.77854399421072,167.77605924451024,315.27694321523984,126.75028126846317,45.41733383419344,43.4791785555613,68.42579259662728,157.01226223139741,66.21878009927254,165.69737778000928,178.54135109078914,82.250006987518,97.28916464581366,126.04868233964967,158.2957435638629,54.810210891162455,63.93499301695456,37.610956689934405,119.63409238709345,198.00005647110143
2019-06-06,79.51574499607635,165.14807561789127,311.8465238941706,129.59820349566246,46.7954675588292,43.943904101287,70.8067709690781,158.5106284651489,67.62643075388912,164.76692964689187,181.83043890189472,83.74979451880928,101.56866227010549,129.08116462280466,159.1970189025636,55.81506870920969,64.47301927906317,38.07415948711049,124.58372481588361,205.38855806511972
2019-06-07,80.53269473342323,171.928363445778,314.2533745009949,127.15141213911588,46.26293528611127,45.10195948422699,69.96346426985244,163.46197636731804,66.45927165350861,163.91066343849843,180.6488629740961,86.04528487996083,103.41536051054744,127.02413806552183,159.31889077780886,55.3019246718548,61.71137845737647,38.380278361731285,124.90245905304741,205.6718343793594
2019-06-10,81.52175123121009,175.4463358708998,319.5085608774586,127.39773440268844,45.95755726821832,44.437079237407694,69.6161583866184,163.19229800766684,66.35318265370243,163.74421140607348,180.1670958805511,89.16886715190995,101.30778607793319,127.89062882122433,161.18139372661514,55.41332906092139,61.64565582363597,39.2490495082674,124.56309108301387,207.00004420730033
2019-06-11,80.81583650022726,171.27849570608785,313.6353675401449,125.58473189594125,45.73387233636226,44.823873104108586,69.40816615650499,167.7581256591044,62.528441394494024,164.49927674302845,184.86982510213716,89.12169469256936,102.70676821244817,127.45785084387536,163.3136819231094,54.659700171879386,63.00127425842798,39.0225403413412,125.87199274516836,210.500949087018
2019-06-12,81.01838556304718,166.2051614887455,313.1907025182806,128.24824756634948,45.0780368612163,45.22019028630797,71.43577676153018,175.5595916312913,62.85229551862082,170.35732424310953,182.74652114038176,91.64495463327823,100.46153115818645,129.36273268368095,162.24984419644653,55.33668385573697,62.25588340740437,38.31369954568864,131.2308676162372,211.88113779861774
2019-06-13,78.41574765019232,167.21401754694182,317.9746672437703,118.57164475311296,44.06334944670194,43.93764593639203,71.99760415033556,171.38077818000195,62.96096166371877,167.10229954126612,179.4196594115435,84.74724993177304,97.82937241009154,129.01636022261457,159.8097792188835,54.52340938920741,60.806495811745314,37.91720170832157,131.4421379256478,215.91387564111753
2019-06-14,76.92137434417887,168.21889681285506,314.88723207489556,118.37457763741666,43.82762362694644,43.68719069874202,71.99215537614309,172.70561778797685,63.126266373499156,167.76447129372687,172.03096638088016,83.26363966531228,94.15330737035674,126.08330981211255,160.75528028159385,52.750147815691726,62.03035927232207,37.347476040582336,130.48407960865484,215.60008645915758
2019-06-17,76.5081262902027,164.68106951267188,310.4571080278992,114.50590839002925,44.598840169463244,42.886435148709616,72.74440180410683,174.65647518870588,63.19630651688085,167.64576711810335,176.79592561396439,82.80515912132759,94.43249868519023,127.00060022213711,161.10924497204633,53.48610178618085,60.26467678887836,36.75633167372195,134.34447855839338,212.4150343667339
2019-06-18,78.00762427562233,167.30406791756448,309.5858320858774,117.47993173445526,46.9745833554617,43.3046382227439,75.62304127835435,180.92574905764351,63.967856276480596,174.82507573987314,180.94598393719954,85.68679156131867,99.04352092471535,129.04979753782732,158.31473352465483,53.217776219031585,60.255399752209506,36.16076274565019,135.28251377680118,220.60870382682856
2019-06-19,77.98668180847778,167.32503966101532,320.6097872384579,119.69954780211334,47.818510505132615,42.79423549246023,76.11649777487773,171.93745305674526,64.13314395558429,180.38956400514107,177.09565327299546,86.63787799516892,98.36374724846506,129.92132180490623,154.8536409343645,53.26656636141175,60.026456270466724,37.34478317284299,140.3064749123234,219.92703895389582
2019-06-20,79.71355246970599,166.4259918618258,332.6457074540641,122.67877196469455,48.30476512038287,42.33075931834425,79.0011797953201,181.7184401030383,65.4891470235595,179.15196638064947,184.20438275477613,88.2303423384597,101.35142330999935,129.80218474953148,157.65171927477888,53.76586680636198,63.61224266320703,38.08657245956251,136.7403932183572,223.61584880400025
2019-06-21,78.6948018213778,163.48417416986544,328.3364182804306,118.32237034109417,46.932435181611,42.09199462738759,78.19386063481745,186.0972708898183,64.41980204053505,177.71295553116607,178.9006229585092,86.74417304732427,100.9621863283401,128.1606578228036,157.86513439706175,52.10332646283657,62.1721933966061,37.90319353434454,135.67394379676506,214.36950990668603
2019-06-24,77.81611520129123,163.03192750881726,318.89782333119797,120.78371022608124,47.55406150195425,41.532520905864956,76.6922932386647,182.93109455896104,64.01048812620655,176.98018888171407,182.05641622868785,82.09490772131271,99.22458525159237,126.11310590418908,157.94213618950212,52.71245802204141,64.89766422373168,37.74031978366368,130.6677243393416,209.43576038791738
2019-06-25,77.62949763809046,161.8606852736848,322.7396079354669,118.65224831360987,46.53565234179291,42.380597799370996,78.15477515629524,187.60431350854313,61.8715382212834,176.23837251288674,177.83183827364425,81.01981947871847,102.61801150821438,127.20580597858053,153.16271374518197,52.09673869247228,64.85889225918453,37.357048384277604,126.76171196017307,208.432158545267
2019-06-26,76.43625968644092,164.09988923283942,330.21179178663135,120.96705816206608,45.71086937708474,41.71576243715636,77.10622845746813,188.75063720341745,63.257306690036486,178.07319524451765,176.18790683025884,80.88991656265026,103.53828980465438,128.03071306685334,154.29967769578874,49.48950001028217,64.84100597733031,36.5500237707031,129.52575035546954,204.84656917699908
2019-06-27,77.68981019551364,163.24799666233685,334.0700900826033,124.80851981806867,46.00419229151548,41.030956761939684,75.70182782112012,191.38569153655942,62.99160336466622,175.40528482514696,181.30033150482396,81.5950299388704,102.96222738299954,129.60582362466346,154.16787131945267,49.78933160666654,65.17796215473504,37.172757672462566,129.93453046267922,210.48975139943536
2019-06-28,79.18880571594961,170.19293108648748,332.5733103744246,128.62565513515182,46.57077732627841,40.646793819129265,75.91476317280309,197.53627252312086,63.154001082747826,177.67020408390002,178.9354816535995,81.69895551272107,103.4874031413805,133.9825636845688,153.8574592105781,49.594658187976144,65.32228283548538,37.70488746028197,132.40685933139136,212.21614026450004
2019-07-01,80.55292624352732,166.30354323555136,336.98819966055476,126.60473880806747,46.80326309082101,40.81770324496169,74.93607736718165,201.16044618631776,63.0184387477072,176.3858510467294,179.8612092543708,80.04200925954994,101.72807105401185,132.07855653995557,153.31519900200288,50.95037827904281,65.54019588745513,37.36787569226659,130.84247530912995,207.98112939133185
2019-07-02,80.80870448091049,161.04685078986398,342.6934894017109,127.80808672498408,46.06987541428807,39.72863024315186,73.57707400655714,210.46791580716015,65.1462396338525,179.1350920533587,178.67976829354333,78.92741625122616,101.97145686340612,132.84732784483316,153.29423739629627,50.92595900156987,64.05012713174463,36.77594252538021,128.63279054038338,205.3285941884704
2019-07-03,84.29693270050139,154.57177043469233,355.43950477862495,133.11836648079287,46.287706664318044,40.469307115109594,75.21936747943273,211.9875276739967,65.39200097916276,182.67917734121198,184.32009060897735,79.43790805877543,106.57380973127485,134.6569316217149,156.07135903452811,51.96366332779282,67.97530231614107,37.36983999648163,130.75381821742462,206.5538118375998
2019-07-04,82.42799721408744,154.0299376764897,354.27727403651295,132.19962164046538,45.55096531481455,38.724610167615516,74.95283996284614,208.34980120966455,64.32582386795029,180.14404363903571,183.21695324552837,77.97329686879635,103.93615148898255,132.18138078718573,151.27161199496393,51.35759595993804,66.90984503134122,36.609797874860995,129.71683883721388,204.87597364010136
2019-07-05,82.60932603635283,156.65383413642235,344.58129464273077,133.07845756217796,45.32929759511889,40.99846821384285,76.04624791511672,203.6525257522056,63.22308812444646,182.5309686322097,189.03914912931674,79.67122607764347,104.72056806750639,130.89968763453308,153.27153511897916,52.22573812003086,68.14475673397295,37.75340394171744,131.45439306085484,206.72533705351177
2019-07-08,82.5842905259393,159.47632213529263,350.8456010454154,129.0236249408552,45.22191296843376,41.692161653639175,76.85877291272689,207.624287059162,65.20162587431781,188.97652184425442,188.82348989300914,82.3770576410554,104.48092658469939,130.01053329416743,156.26983450577154,52.56942071137859,68.51765538526382,38.046181879398674,132.16106896925456,209.80334388328353
2019-07-09,82.52765181977168,159.1000963548742,344.6978692865727,129.22446861104044,45.16450228811386,42.2284246949373,77.243402804105,208.10803278491528,65.42626246145326,193.59360500227842,195.23120166460427,80.2677845739077,102.00322926983728,130.69368966750957,159.8937656921136,54.40697941435606,68.78849427144559,37.541316998879516,131.28802145758021,209.124761556459
2019-07-10,82.02310523991365,153.5323812315986,348.77210312043854,127.39414643154794,45.574700906040874,40.025293870613545,76.11742171433511,208.0310099454899,64.32903054889573,189.22805018502672,190.15391301419035,80.87592809973829,101.71950935271653,132.03670452436322,154.44667135604035,53.759086371786815,66.89488947686927,36.68647497794293,128.69257286047892,203.61082489126545
2019-07-11,82.81691083817392,155.7315297208469,349.5855330695308,124.13259563898121,45.38349211922106,39.27444582888848,76.45741284038778,208.46562320194093,65.2116160186842,191.77600379518054,202.19737334906193,80.60199423715801,101.74843706412351,134.41697958621128,160.44870561383752,55.099476206871216,63.95916089827598,35.98119576378719,126.25302468841763,206.37630902563015
2019-07-12,82.11786112332734,155.37220762589638,346.0788388423003,123.91299233639974,45.24411766433484,38.37484661133515,75.15987099832219,199.71949974125226,66.05988359993114,189.6353835679689,201.66887611703174,78.28656691477936,100.95497986919676,133.3492733104417,158.3264097436997,54.32379369369213,62.564884238222405,35.69414738433945,124.83175125226082,205.77549656696183
2019-07-15,81.62504111634858,156.61820934537272,345.35141502022526,119.80937396361378,45.3558623560275,39.16500806758828,74.81543716318917,200.42089263151328,64.67690972948915,188.03594084377167,207.30522880282504,77.24885350235225,100.40514075045824,132.86499854762363,158.81965739200783,54.19636782141336,62.45139995197315,35.21903030147399,124.32847118719248,202.59878709615302
2019-07-16,80.73076069568002,156.29747213047168,339.70716411621163,118.1912339145074,44.75847375160811,38.02187741352144,73.66068373585753,203.5053425426618,64.68096485361868,188.79105072141607,211.7847343186855,76.07935303534467,102.13568276424587,135.96849066226554,160.0229010499484,52.158063583945896,61.04531072121636,34.92775524142472,126.04448819524082,205.99629005869753
2019-07-17,81.9961512842464,154.97308275465127,335.9788270697899,117.33383176570004,45.00690338710323,38.85760722270569,72.86132610916313,211.03125686828162,66.11849744430033,189.81022079494812,207.3738608684072,76.24877193846447,102.90942055860195,134.93823480944042,156.59556565620298,52.56361016694024,59.541099413759426,34.56498158084041,125.92923535998071,202.49460235491483
2019-07-18,82.96134136181922,156.75310200048207,341.64705807804927,118.1181857646321,46.07805878069991,38.755510298495196,74.89489238224839,213.12771397726127,66.55370863265226,193.02784007189132,213.90458066393012,79.41494749063531,104.41148867792457,136.14985617163669,157.04885687173723,52.52754928296275,60.069331051010955,35.18350944029437,126.92098036773973,200.70504332561677
2019-07-19,81.03537711226566,154.3490795602288,341.69956911197664,117.82629980028983,45.316386401178974,39.8405077099006,75.34368621045638,217.15397946736917,67.97765205567119,193.78250311337447,217.19849474325565,80.19817835102042,110.51848324117849,137.2772363907222,159.78983796171312,52.95494345735475,60.81127809048457,35.54760878002478,133.8279480165574,201.13560451750425
2019-07-22,84.41784061991957,160.75982400479293,344.6512771964249,121.19961718920625,45.484990839054014,40.906909920633865,76.08249503410241,222.85510704833789,69.72906306273181,197.1434755982438,216.28811456605584,79.94976344225442,114.11598584322763,138.77228727903713,159.15828688570832,52.26372350934395,60.11406045921909,36.16290153010749,140.18144853583274,204.15413984302643
2019-07-23,83.4634483071901,160.49915975519454,345.29316461111375,120.49149058636351,46.79683368322619,41.70743180730272,75.038273364712,221.46514502408212,70.17310619369496,197.98169485896815,219.39263272398867,79.7350331851983,113.11287953036691,137.59349870304231,159.81971034663638,52.500270493021105,60.24321000235502,36.62865624348849,138.43138721129398,202.21664340808474
2019-07-24,84.3252004171451,160.38117790721338,345.9439991735028,119.0524348622165,46.72965173871455,41.87266774317226,73.51608245758194,229.05446672042336,70.6530852153246,199.63768644345734,212.96661965284565,80.53829222415895,113.77728845527052,135.40566109223406,154.28797072904075,51.5441982037221,60.96406785160628,37.496695732487,136.45027682732737,205.4919039110226
2019-07-25,84.54993737299469,162.81320556933215,346.3053304401749,121.88185759975917,45.729489394915184,43.716907449135164,74.16111998891242,227.04333784502487,71.0347784879175,199.92543277023162,211.97415115583868,80.49739248248032,113.13135794790682,134.41142967782952,153.11338931761273,51.28582719650033,57.00805474464474,38.80128315735162,137.98493745013803,207.29404667352665
2019-07-26,83.25268963858137,162.99260953028843,339.270656053395,117.4375653773894,45.83086281536274,41.70399139465563,72.13482821865298,224.80448953351214,70.44402993694561,193.36472130695378,199.33617016354415,78.48701158103131,110.02046748018758,131.6112863333086,151.35940966927814,49.38237774566261,56.68902427571105,38.1610740183392,132.22150168365886,204.8912547422392
2019-07-29,84.04410192273252,164.5686656637312,336.63818359123803,118.66855555290526,46.59417094246953,42.005749911627845,70.90085551719653,220.3295262721893,69.92227646048973,195.25989867863277,198.8697603991117,77.0073798871693,109.5103267524611,130.59608992914687,151.8081394853025,48.18923061721527,55.509042822357266,37.577304855135246,130.90126934482745,205.55296564523042
2019-07-30,84.59367876280211,165.33992989082265,341.2040176608708,118.7996125953742,46.742469032154716,43.44482738341707,71.04011878958136,219.6002958884102,69.83653558446854,195.81695239550652,200.3356166934755,75.44616302710395,111.02285098959011,132.7357063187619,151.2855230264337,49.536679035980804,56.018107957682744,37.50930541129999,134.41008818437933,209.82861550247543
2019-07-31,85.05151696043706,161.7983958728445,348.51072007690067,117.98071300520539,45.38331961968472,43.553203779101366,69.7640007049699,216.4779068503112,68.63741263096321,190.3960116418694,200.74583311672822,75.77144185501518,110.27532071701339,131.57092474179967,151.39702259959782,48.64558455037541,54.94667241594835,36.82604616277493,134.38945741970787,212.90213617304502
2019-08-01,85.3005178518927,160.65860206626337,353.7127759177395,118.73419384108887,44.93516378916468,43.54269720776021,68.62274674707885,213.18212977419765,68.19316088356277,190.46943130560427,199.66862390914375,74.31585512557231,110.10617122720936,131.02729469376635,150.8890539548074,48.631482523573965,56.7878988888715,36.61184439601328,134.18363955656716,215.4751005254005
2019-08-02,84.3516460826809,159.3514042595229,348.59609844837854,120.20012053478146,44.427073535330315,42.397364534690134,67.86208666314393,224.3764412810033,68.67424149920522,186.62264364869836,212.96560382318194,75.28146143516946,111.3530141825081,129.5306490507471,146.3142656056124,49.0268065512406,56.06694884761144,37.16986026300778,128.06320770552074,217.18681029730314
2019-08-05,83.73260576341038,160.08340162770523,352.08233663067296,117.11211928606403,44.611845913266656,41.19356363684861,67.60262932986737,225.14174952229345,68.39495204118722,187.58186802396855,211.4386205597722,76.15728717588303,113.94094512127185,126.38266605132806,145.57640277302613,47.70153707066892,52.7389528392503,36.34642483685623,127.09172420035388,213.3150698480997
2019-08-06,86.73377844596124,167.60882146468674,359.48591811776095,122.9277215469583,45.75245030806994,41.69978162481595,69.53044714377536,235.63026204199335,71.30269865323139,187.8860187138542,220.9084779929136,76.39435664271994,115.86495625980407,127.66365175517866,146.8656048848585,49.48672292775657,54.48281055291264,37.44174554721135,129.5476944020999,216.9068004227286
2019-08-07,87.54271974760404,167.6507693940341,350.7991093836194,119.70721076082165,46.819702454848716,42.7051164188041,70.24209302447117,236.12537150449975,71.51689096677417,189.43706229182516,222.53506109501464,75.86056639249139,116.87575748289989,128.3327442490966,149.30630243847062,50.14505570077595,54.38079100672396,37.51445708994067,128.19332082427746,221.40431662557407
2019-08-08,88.6815788403441,163.20043296961262,361.78109388743087,119.64299017951193,47.02614564072566,44.60510188539083,69.71540452937103,231.81822156266267,70.16387657103171,188.97107836068858,219.10405734371224,76.41708881515974,118.70676963092568,128.70822177437336,147.0213787912715,50.43262217813641,55.45486624935124,37.54276295393,127.47756137997295,214.6515919442538
2019-08-09,88.73067328153034,158.38058088172522,359.6512146057331,125.18481428372634,46.84473028746467,43.92576029654495,69.41712431158365,230.26195279742674,67.97271580095544,190.05238877164888,219.39945261455605,74.2289802658051,119.72642790142923,128.71904183837708,147.93032153838968,51.201026723250386,55.47103367373018,38.679178044747545,124.67497628940278,214.600941517469
2019-08-12,90.29400355722672,157.82994547679652,349.2578818625698,128.86533594628514,46.70012691970684,44.23667612689184,70.86576866417569,228.3326840140412,68.98674619699938,193.58774461807167,217.8411264809203,77.14344029891642,122.52367165791067,131.60011834874612,144.44842624081247,52.091263135957306,57.07182413453089,39.7580758492465,125.60274356302742,211.80625475871264
2019-08-13,90.37210579101777,158.82001668736308,362.79345500563034,130.59654360138327,47.53816522478921,44.080815004809494,73.74487551767649,227.27547655778483,69.03608485391062,192.21619216433342,213.7828450520352,77.84720559695931,124.33446398781683,133.24121087010624,146.45511794624727,52.104076838145595,56.4239429497506,39.879129819969265,129.44870048907836,213.51663259293096
2019-08-14,85.84992893951538,157.33560565746726,362.2531786442493,124.87532834936303,48.183033466340454,42.46178403806123,72.27059723182579,218.4223374507443,68.41775742497985,193.072646164207,215.8323300838402,73.6032235044139,124.64339212235431,132.872267364501,145.93792906012175,51.44571481561168,54.763048913213495,38.50417766682002,128.10599818206202,216.04094656348025
2019-08-15,86.33442676325406,157.82415789120566,355.4617665027323,124.17624311213699,47.77136141454536,43.52186178564299,71.59314208412296,227.38243005206263,69.53491393199776,195.2672109863154,218.11715118312117,72.16853468031425,125.39493932460907,132.95532469166227,144.20404509734954,51.24511880041855,56.12148531056004,39.23117444903729,123.27488898053616,220.59878029157642
2019-08-16,88.15592013576443,159.05656024845524,367.0114946963247,135.6576070251803,48.110650303283606,44.58507258364091,74.72740365545798,227.98103028389454,71.07280129080003,203.5358493963078,220.97272314625434,74.53685445592477,130.11559609608156,138.9204382346528,144.37966254763634,51.18680529583499,55.90992520210532,39.3435716480512,124.31040901412354,224.55191796450399
2019-08-19,90.30105547344222,155.6485566094807,364.1626607582013,135.26126735025034,47.2334409225631,44.69535932181879,74.32715202399658,239.02412876475265,72.64078859053139,202.6047493991543,218.31421227765568,79.0665077943974,132.66451088522936,140.86468236932612,145.9770084605454,51.2232200609967,57.937677550725965,40.23969572219346,123.6029329798928,226.11016486887013
2019-08-20,90.47661984518871,157.83124293937678,369.2030708532111,134.29725251113607,48.165260121222886,45.199518280452885,75.19242978120796,231.33581293480938,70.86443463412427,205.46724192810154,221.42599258099546,80.6538834580237,133.1143841921619,140.7724501759488,143.72367132337374,51.00899929183824,57.655488188262346,40.85474353522864,123.8447910514245,225.52547469792285
2019-08-21,92.26601725750545,159.92317902154525,376.2763991330458,137.65860239396832,49.198806118407575,46.40383902204518,75.85506914393345,233.13176183152308,69.88679573268642,204.10929125797503,218.65510584123584,81.18324391122603,131.53987285067564,142.71273235460964,140.59930855560077,50.81640251365672,57.786839145648095,40.63630560016217,124.48668828069124,224.28934985069108
2019-08-22,93.41062000813271,156.56562743238186,388.659097776935,134.6345406924128,50.3149169038041,46.15665349994515,77.62979204196422,226.7024744626418,70.1700637822382,204.86335083607392,219.7523529554389,81.81763232029236,129.85526586559166,141.0591725273807,144.29688921569223,51.84285802229687,58.34319310459413,40.96655622930937,124.71745476095951,229.36094217882768
2019-08-23,94.91611214203495,155.86466422219743,399.495238961766,135.74115498645062,50.432526720014266,47.457069055056536,76.86841535960093,229.38315225756568,70.27075644333753,207.2321991951201,226.7683408031623,84.68876365478467,128.4973221200579,141.6692604014776,144.39681013685532,50.64629507693832,59.60219332733227,41.54524229391259,125.65945767762095,231.66405178522206
2019-08-26,95.45753072714585,156.8323337851848,418.3858678974154,140.09553956694845,49.7417049265688,48.60022651289009,78.09775782134835,226.36803714759228,68.43593812530693,212.84083337718047,224.1523328025716,86.31401060465677,129.2669116503713,142.8289640043412,144.9222566742997,51.86016797162691,59.192296367904284,41.6872326533329,129.9690698933693,234.2690847681221
2019-08-27,96.2138434955977,156.41052238543008,418.2090457804926,135.74994826335322,50.90254490454985,47.758695571755524,78.43520197339429,220.87849377624428,68.59147311920539,210.00472682203414,219.0789129807292,87.13475008632494,128.9171859197246,140.0198743043894,143.76057802784342,50.43637983138747,58.5545187862858,41.18151174966953,130.43071819118973,230.24371005785235
2019-08-28,95.48322318984353,152.29160189654635,406.90814370696506,138.98243212993162,51.45791275560381,48.601551150044365,78.11692285311867,220.31897472948373,68.99625124587422,210.94010990736302,225.7962154133409,85.19257221939822,129.2610926502695,144.6591852658333,140.47003097670802,50.40958848176564,62.783130349835886,41.60756056173928,134.68613989961295,228.1804852777131
2019-08-29,95.49359785301908,153.22247570238093,396.2622455566006,143.38361255362173,50.746677686369395,48.15478720671351,76.89490609413107,228.46090023806804,69.05185958078525,207.30243628883414,226.6893751977677,86.67654918867503,129.72711197417152,142.26656976837623,139.3061467231501,50.225435479783876,62.65833398655699,42.50894964263719,137.4518809323741,227.10702713912747
2019-08-30,93.21967879135356,151.76080620731366,384.2335013095277,141.6221727688197,49.7569794826724,47.799466797179974,74.29985472650922,225.8907694063659,69.34122060578339,211.33432121302545,222.78860783413512,85.64511483705566,127.16893605928932,139.95826122284913,137.215372955137,49.82119044835245,62.434262177301626,41.518321655593795,134.99718557624163,225.0901075679204
2019-09-02,93.5399949450338,151.8405921455407,382.01157642955656,146.2543032248622,48.6058170479158,48.754269288814925,73.28372151171935,219.02263799663928,69.78815718643455,214.25428467434833,219.7446949917709,84.61669693440514,124.35285443041593,135.72633352100104,142.0762480227352,50.039602181534235,61.50369102367957,42.33873718571295,128.25617488259718,222.2952912606414
2019-09-03,94.25593870844752,152.38229844798647,376.5895156633966,142.86021908283826,49.75530462206185,49.693567674314025,74.03356062347542,217.66750245922034,68.56229237076302,217.90098952933678,225.96118737258746,85.6753088278656,124.21170892090566,139.72107430186588,145.30458665448614,50.13992045062522,63.321203157483666,43.60748796481659,128.17974229465477,221.5894368058425
2019-09-04,93.17151373456134,152.96246980830094,380.94008463720866,141.5612256761478,50.510480247892396,48.57077399167816,69.53784789595794,217.54141557701553,70.28830052378063,220.6784020985067,225.88474516352835,83.63283827420109,124.00702445166594,140.28055108624383,150.4922519639224,52.938913499959796,61.70870786685266,43.52071178530678,129.63675150437578,221.44878224088194
2019-09-05,94.63264602109562,157.33152374876883,387.7558121628947,141.9136994617104,51.885085476381676,49.302480714423496,72.93273597339048,223.89293322770163,72.23804533553337,223.48413518199226,250.02702376600982,84.46641887986544,125.61858887425907,143.26963734913713,150.82544974463497,53.10564162735189,64.51489776370043,44.02970376338637,135.5847114225266,228.1538220639653
2019-09-06,93.80289248153575,156.48564339641325,381.5285861469273,140.8806241696304,50.338165319650614,48.618236471009844,70.96937495056919,215.98364244896317,73.20465274270934,224.42034803272895,240.3377317277227,83.49261331887766,121.61071432200485,138.82991693856047,148.8574579502364,51.09972812008576,62.69289115416418,45.02497605225796,135.43460797452303,223.47282503352267
2019-09-09,93.74891951969067,158.71100817418258,391.84838662862563,139.2822456261534,50.86263748025152,49.207808475310635,70.83849994882972,215.87152594559248,71.3612766891822,224.18678244750004,240.4682594158229,84.2854749874069,122.64253245444142,139.202908334638,146.844235732515,51.69607392102024,61.14252641373496,47.12239343347181,133.49821226552206,225.71345296953507
2019-09-10,94.51901835209772,159.22565230477167,402.0814895584363,138.7332767590681,50.055070300931334,48.628109951519356,72.43707100495611,222.9217390543203,73.59515406167104,229.26939974859374,247.16445778868484,87.52188929025645,121.34371765022503,139.21705814123595,146.08958896187139,51.08902724303715,58.93096321453939,47.20526409850544,131.38134815574034,224.74141253420984
2019-09-11,94.75759794464423,157.10064000561388,397.69831937244356,138.1747877314165,50.008781331092585,49.5559357539677,73.7857431489475,220.6646027031803,73.10650338527067,226.72333449780857,244.10143746676127,86.67139875205025,119.78266683112697,137.01661417516289,144.50734459741983,52.071053481916096,59.794262579409704,47.53562109082468,128.399363388237,227.0032796517206
2019-09-12,93.30628782621866,154.66185218071396,416.00275692324914,133.93650265145575,50.60081309676704,49.919765125348164,72.66034885151826,217.81822927079804,73.18043784158255,227.37948966940937,243.23708073636465,86.11912829378294,121.25849193897568,136.29024019869354,145.00473853701394,50.148705679026676,57.33282130084,47.812984141184195,130.94374244641557,229.3304500975389
2019-09-13,94.2230579028779,155.22421180409248,400.471961209844,135.91518765699632,50.93766576374546,50.446330097080164,73.60460752781135,221.1630461412352,73.04324714417704,229.48789538469617,237.8295968980406,89.31864452259347,122.60942077148611,135.8262582319537,142.5691733648206,49.949620437026915,54.39226435068467,47.68409056306344,127.1018087554553,230.30932143955772
2019-09-16,92.97506496276945,156.22646649319927,408.4213268165673,136.26770167760435,51.312643801713854,51.78780781975961,73.2112691268898,220.29749975710038,71.41847066114305,227.74693637478944,224.56675759583865,92.1369992959344,124.35718946171032,138.47861576684872,140.02542054505494,49.865468815325045,51.9709235805978,48.45695228713974,123.93176023705944,230.1456226750276
2019-09-17,93.54255258735277,158.0602723980202,417.8126491631859,136.10310367388547,52.43849826669266,50.396942166358734,72.93945615176884,227.38429297425554,74.60215587617499,228.68381437216425,226.27868846300518,91.54873494749013,127.15919748660966,139.1187869076167,140.1429260264976,51.52765964647592,52.940495387533836,49.214006486685726,123.22966112200304,233.34480828977584
2019-09-18,93.20783402924543,154.7725701740859,420.193547405213,130.232345827181,53.75074120825284,51.21242592950226,72.39265861109561,229.44091337548494,74.43691538232135,222.745294613353,222.8475590818401,92.30466655000278,129.55807761884103,138.53543174413377,135.820935068594,51.571663520625435,52.05401137964445,48.9054944247074,129.44363658393823,236.49780356315037
2019-09-19,93.9954982331606,155.07643637533147,431.3755424897503,136.22955164500755,54.94249816488468,52.12618136416612,71.46755693491976,234.28365075509907,76.92843491531092,228.10592166000527,217.34907327743588,93.8167638092333,128.0836047807654,137.85519383917557,140.77295722677857,50.391056554598265,52.61974810471976,49.59771369463375,128.5716203275826,237.65223269523932
2019-09-20,93.66902667131683,153.77545922578872,435.02426537945524,135.18326054940817,54.154996490664786,52.90750207373815,73.4522377718615,233.1131331819791,79.1166251623275,232.41892079754066,217.17119777000156,94.22845917073221,128.36776599597297,138.16180851930537,138.46690329561244,51.187981891540424,53.17101020722253,49.99591954488885,130.8293992741391,241.7685550899588
2019-09-23,93.04452514074625,157.47113104007906,428.7102152677884,133.87149551314172,52.68745521279612,53.49889468010704,73.15403697459162,231.20917313721029,79.79881317444786,229.95018103801118,217.29721773154463,92.02549453330744,128.59906925256843,135.74559910210013,139.93094266520617,52.03196412522196,53.294295728843714,49.398110128915214,132.90136478682325,238.6836943134063
2019-09-24,91.48315807168821,159.04308192389541,432.11609883912803,131.9235161502747,52.835059865168574,53.15379754210236,71.4108374839682,231.77466242929097,78.89906786556045,232.04928383046914,216.5248706586219,92.31753083321351,128.24532005728943,136.85887813046753,138.47093562506458,51.15888805484058,51.73863153280254,49.88253230438053,131.504518297251,238.20944682500834
2019-09-25,92.80683901027844,160.2986276879268,439.61168198541714,132.78014615956442,53.331133192209236,55.68535000928825,72.75593764048553,242.19344454661794,79.12485033648144,232.4065508160332,214.8776756136572,93.15174422952545,130.19206801350583,136.9450067689519,139.7767832688721,50.85461472191203,53.84799446617009,50.60587679113251,130.1044779987524,241.50720101753402
2019-09-26,93.37951663194484,156.27410783544283,431.1233582276101,134.49163346976653,51.344919246852896,54.42208764310129,72.28500472328878,244.42824266974037,77.60107404846485,227.24831908934829,216.02692492583995,91.51311936876898,131.43972196503194,135.52653878865596,136.50049560320997,51.88306516150041,55.441836051870666,50.51611129632497,129.28583557350785,241.53136245778748
2019-09-27,92.64824132422046,159.11390787128184,426.2893293929804,136.83304415758198,51.528361428161496,53.81205903429271,71.69893624459759,246.84722442104479,76.30302778464345,227.47547064156268,217.53467994265773,90.01100596083857,129.99332851954523,133.30014799949075,139.18614945161715,51.91690438455811,53.428196351513385,49.5870175055351,132.38643394927965,245.53460644436456
2019-09-30,92.93523822866652,160.10339629566087,432.7194557360045,130.59556725081836,50.1659129763529,53.48648537776999,74.63853200082141,242.93919103955855,75.31863801761564,235.6061761829354,212.3085117490308,92.32877302131864,130.08487692539583,137.17857464497052,137.182460944065,51.935381446779814,53.96559210981355,49.54314812509137,135.48960115511264,243.71868888617345
2019-10-01,95.25802309231989,162.6332842903941,433.61697779541345,134.82438597434276,51.58971656747526,54.60868891675904,75.37343777835855,245.87026919179337,77.29744431490596,237.35774620999965,214.9408832217797,95.95646095143194,134.1934654848951,139.90822115301714,141.4704319880777,51.988465793408515,54.25247323665375,49.8317331877932,140.98361611472652,251.62010694068115
2019-10-02,93.2152743094416,170.66278906982697,437.1325133236226,132.09852178812798,51.84212187821213,52.68818022135628,75.20828313274573,241.012175283849,78.93874110982674,237.62990771491252,216.27062691098254,95.01726456772788,132.28409999370476,138.42249649602627,147.18365299219005,52.957832863797826,53.892268953771364,49.89710926425109,145.79437407102367,257.1344083893915
2019-10-03,96.57968541352582,173.64721579419776,438.1297592969215,131.54298238868094,51.88524646933627,53.63503194198009,76.89926807644919,250.0476861462731,80.28524216683249,242.36936225841035,217.9981356656274,94.47134676365978,136.15542300553645,138.890060247077,145.39263449842198,53.284036111075004,54.96252703079788,50.47338551636475,153.23149785894958,263.70167339023527
2019-10-04,95.3730593150596,171.32488142176734,438.15617903433224,133.59752052071033,51.39426269075164,55.584197745135455,74.14495568873342,250.43839815687048,80.68174871534833,242.5111888466152,216.22563286884267,95.70946505090043,135.66689037699888,140.56115112978742,149.97323800725835,53.68978936538333,54.27704009409525,51.76998327145777,150.6259631335073,266.07051752400054
2019-10-07,95.42105046787084,172.4920583322012,446.1667935964875,132.12204409888142,52.12921453029304,56.05023128130823,72.65059789022655,248.59814715438714,81.93604361330138,243.24141176706118,217.22437500721858,95.14594648806784,136.5991042553316,142.00920720396704,153.12884940111752,54.06623480028069,54.124722122777,53.474406982908796,151.25427168204936,269.11479373272283
2019-10-08,95.05556158710722,165.45797817012487,443.99798486869327,132.53141724984164,52.01199242125051,55.45840135060339,71.71027348889884,235.01699287127914,82.40201894368225,241.54634521193185,208.0268151715458,98.10489229478196,138.4849386908603,140.2804308057187,154.49155256041922,54.169183962189635,54.1268222102972,53.3520235136871,153.23122834618184,269.6265845864745
2019-10-09,93.93964023552755,159.92469893045146,451.8506598239019,132.51377715491063,52.91676338870565,55.105897901130795,72.8471353053018,238.85632892007297,82.37434774797354,239.220509269725,209.0589161344633,96.37271124532266,135.8540471930755,138.93360922403784,153.05015359231933,53.35139972017998,55.60376426650447,51.8405832502895,156.00038201401347,263.36929294285846
2019-10-10,94.66935477287097,160.7351786354237,465.67182370829244,134.418541961716,52.3204114225831,56.13530710324894,72.72160273632318,236.09107071662618,81.02424055661284,245.70397327411266,202.989131866981,94.24022917548048,138.23034408426918,144.1602293208175,153.05867780256636,53.557278106245526,56.62924504147107,52.27228404439164,155.1482624673884,265.56769082205625
2019-10-11,94.40049397520545,156.9030641050784,461.38842470296487,127.12688783457904,53.80051867580585,58.14788418532135,72.4966880345345,241.00220337556445,81.48475062302276,249.33551230089046,196.14708021568103,92.62627811828811,140.41960954655576,142.81651801060323,152.74777834994865,54.14021423301954,55.243291707315024,52.88944909945022,151.963896619415,265.8123416042503
2019-10-14,95.89785756813649,158.07777877347115,457.49080251476784,128.88491516400796,54.0578168335082,60.37153916254541,74.92940395915275,233.49311888947068,82.42645178668226,254.62984192248334,195.83957562564322,93.3561952923656,142.72503648810488,142.2765328970433,151.8726406516715,55.67989265253228,56.22827482280109,52.892744769659906,154.7992900503579,270.7761381967388
2019-10-15,96.20704561609094,160.66569098434326,471.8329904833908,130.486219640211,54.51828644781194,62.39526648157644,75.11552404147697,241.58570994414478,82.35305015126228,255.32453251515918,204.27070000979384,94.38432407728837,146.6410950091392,141.63345884029277,152.00941289376897,55.9711878972509,57.118095334879314,54.29581744746805,155.08870961634696,282.20630018886067
2019-10-16,95.143514768056,158.76840957153775,473.6194252404902,125.55545586958095,55.37495454829584,61.29605715061599,75.11715980787014,241.55919728271851,83.12659592351963,254.4486806808861,201.94566092156614,97.37194758124454,146.80726459492297,143.33288309202828,154.80231885948587,55.512909143709486,57.57994929045354,54.621434751512666,157.7311033596669,291.48398848874893
2019-10-17,95.28596417401205,158.68387892519462,465.47492715371783,126.47916530403943,56.016573138913145,59.46370164051682,74.62664834371742,234.42181460817216,80.86061481619168,254.10353958692326,198.49304682320428,94.33710500931554,143.37852309491532,140.49465179014706,148.98655720220862,55.698179950809944,57.48732825408949,54.58736935819957,154.93830871260582,287.4507080250538
2019-10-18,93.89333039297954,159.23273113262164,463.98741778031507,126.2075752008273,57.75457240434629,60.13350175543285,76.75842457590856,242.39139438768365,79.37503469731404,262.4008859005513,197.22931394628844,95.60309556636555,145.7704536756284,135.99232617707398,149.39902311160898,55.350651821111036,58.31088573630211,54.89958554108245,154.70495320700988,289.6755902647445
2019-10-21,90.37202795971551,154.3276680590595,457.90792519308013,127.60446700898383,56.488031754461964,58.15057864603437,73.42482609088802,241.3767801874098,78.22931843608538,258.91878737503185,193.0271888974891,92.51716651196904,140.3427711595186,131.36007465860092,150.06097421991862,54.50784872837228,57.43481324755911,52.75729783189321,152.98373000708432,279.68057493929257
2019-10-22,88.61768457420277,151.4789981023497,462.488229066084,123.09385754816503,55.80883095974749,56.84167368887854,74.54863789297488,238.52735727688886,77.19714029537397,252.91035254142335,187.76012955344058,89.08090308283774,139.98557904720585,126.61516463488253,146.67881592975584,53.454981915497754,57.838842101173135,50.90605203294762,151.68381478228375,273.2894198981011
2019-10-23,84.51859678160525,147.46810469627744,450.7721285578213,120.94359031867076,54.774044216860155,55.543902037092714,73.6328982370174,234.20292005457986,76.76925215792987,247.7236575433332,186.2255036937678,88.97712255418375,135.96544089412095,125.45614679794856,145.62323810113008,51.753895147033724,56.640183212482555,48.875174219581815,148.11395297584443,260.98830059532645
2019-10-24,84.89916699332888,148.15287186337835,457.92938711208,122.86128665391263,56.03461372703182,56.47435220223539,73.68097419344278,232.70138649472474,76.18854498422978,250.4722530738768,190.37376915575638,89.497839280959,142.13476087669963,128.1022449176993,149.09882135493348,50.97847794511547,56.53362935512743,49.546284804656274,154.0983277439461,266.21210879025233
2019-10-25,83.03654627162804,141.4322756256597,455.29876503339534,124.05531115987212,54.26946776714814,57.10469409209825,75.03625355821286,239.65361507699762,74.09009779894961,244.04618615689384,181.06786589694104,87.29770559494229,142.60228898003908,128.40299139166675,145.24486736442046,50.90295069722554,58.0884515800757,48.464078095953944,150.96599320145572,261.57730769803953
2019-10-28,83.00752057138634,139.88587466443755,452.29173818942536,122.14842929972924,55.18073639052042,58.027570831276286,74.4321228459703,235.72573623392594,73.33261759280069,241.471470090267,177.95155215059145,85.9298211097331,142.89156752912075,128.48045134446417,141.97191172753136,51.3054463319138,56.39189766422804,48.472819349055364,151.21553059568015,258.40738784098875
2019-10-29,83.94923106534112,142.53712480113637,465.64791188116885,126.04963017022065,56.66663485016869,58.50016596908829,76.79502405776354,241.1463835007711,73.26714814009479,239.90717032468714,172.4347978884277,85.47231331074504,145.17143326817884,132.4812533037706,147.1413457660474,52.75168699398933,56.70081344204366,49.651648141872954,151.8393086621572,265.2471644926705
2019-10-30,85.87202695731419,139.85749706602942,470.38874630139424,120.19398682229622,55.44109871669505,58.5160873906425,77.04271829151351,234.47967357049296,72.57506032163877,244.4000215820125,170.75714678116398,84.21085704661803,144.07117893306688,130.67015052369396,147.0979111808042,52.48782126520072,55.370675466054664,49.838506342713266,152.71643701657166,265.1655642501353
2019-10-31,85.03719552803366,139.6095563981538,470.5804517832431,120.13098264038986,56.32689110561001,57.10727132667988,76.07285758821673,229.76385690244678,71.6310147535546,231.94609533806403,163.29078472484187,80.37837099678242,142.6618713080335,127.81227657008252,144.34425840938755,52.96990419203469,51.56631106936157,49.10699030258703,151.7802653709299,259.23787266392196
2019-11-01,84.13768975542929,136.53375392217373,471.1473162127255,116.51013324563824,56.30933645542024,57.110785567225804,73.63847408325286,226.09597513093428,71.59141605646145,227.03898253424686,162.06747924014127,79.77872871298287,140.78068786295412,129.3830527280011,141.9114840043607,53.09248007660942,50.71532446449839,48.76497198945387,151.9433304849619,259.26467617394235
2019-11-04,81.98552233819345,133.2712325264227,459.43573784034265,116.32523100562007,56.27514621406352,57.38950455827686,72.44916703521363,222.7600358019824,71.67805995853324,224.73421472360417,160.33353794176037,81.97426020033902,143.5156309918821,128.78358729691757,143.06432784979552,52.45063025427526,51.69305094438215,47.981736982341225,152.6230806016875,256.65134996712635
2019-11-05,83.80451695618392,135.69694183163764,457.7394841017721,117.24704900652164,55.06253177748368,58.2962569746753,72.63999239952527,212.26461179914287,71.85583365312603,220.54919096941367,157.55985674124202,80.92901798180003,145.07444088271802,132.35078037999983,143.7355848957665,54.88306895889544,53.964749173881856,48.199958281448794,148.29431166450533,260.04012896040456
2019-11-06,83.75868435474443,133.2227210664097,451.7851583018236,114.96894300478264,54.31729716110551,60.47122049288899,73.70351420836286,214.49486607941316,72.35195189300909,221.65684112967588,156.73943506636678,81.05578167152991,144.3734097326753,131.8261056567483,144.64659168568267,54.577840497916974,54.83973592145533,49.18524680453762,146.7573894963717,268.55568306848704
2019-11-07,83.58220335129158,132.17336479713413,440.91820862493785,116.10089944251435,53.209353314697935,60.64262044482673,73.97637768236592,205.340975249859,69.17390205010659,224.12710422548585,160.17138848558452,81.97714234262745,139.3573451882676,131.9807135548038,141.89344935476106,54.987749116289706,53.84709393049834,48.76905819098758,148.71612925482214,265.0411287418224
2019-11-08,82.47864458157342,134.34960879900794,427.91326237196097,116.68479510854876,52.38327115864411,59.63402904751735,72.46197189970016,199.43655678190999,69.05324784995196,219.81690578456355,157.99774340213847,81.62817842501659,138.0112077813974,130.33728775070176,139.91195366497055,55.84316912570599,52.31570936245163,49.33342425171947,145.39331931753506,267.4050514139826
2019-11-11,81.74027402862859,137.67158412667646,433.4505501411445,116.63792734085759,52.75663683394492,59.70315620149318,72.45455558248364,206.73886113048846,69.41440654920653,219.72383298157914,164.30575046394563,79.29349078762067,137.3889468477513,126.99123185881913,138.04788547293475,55.497672751383305,53.442551512857584,48.587658042531345,142.87492870832938,264.2336855876075
2019-11-12,80.94771035369682,141.20662625722292,430.89015893147814,115.04211103244353,52.72063206182013,60.61245743316098,72.23769350645914,200.7184182726743,71.02129038020837,223.07445817403905,162.2199589859646,77.39521880337736,136.2863074480008,124.95829743408159,136.05506143153661,56.10220631234239,52.108386452486954,49.20642805150792,141.48921949218257,269.11666482816713
2019-11-13,80.21022724659285,140.51318380608254,443.8918008036062,113.30358712339735,53.1827221322476,59.9323737051948,71.58540744988694,201.27601988287321,72.64783866141542,219.87733878789572,169.43813843961533,76.47081724232851,135.81204432855813,123.56045259228742,136.0615516256813,56.751598591741406,52.08256448248039,48.31723704971121,141.3492067586649,266.1379079348981
2019-11-14,80.54206313738487,139.41398020017155,448.3316680370537,115.62213724450855,52.76878134365799,58.258257290503664,68.71573265366456,192.52588085907723,72.39781021158217,220.4151568264372,170.20972319818048,75.7130285655871,136.06185862266224,125.46944930288741,137.82421741943745,57.17215281013757,52.937927157439816,48.280225169863016,139.4780793369908,262.85734328860957
2019-11-15,81.20113515229058,141.2963599868926,449.1988268708154,117.40279835549936,52.65715861482793,58.62480240735563,71.13233024255916,191.83716636479838,74.41993695645824,220.07048413286313,171.39394440182195,76.99847381293925,137.4004312705685,126.68166862176825,140.80987149432337,57.49253588597753,54.5174737202491,49.26577510862801,138.0251256699969,268.68969611508516
2019-11-18,81.97557569858985,136.2056902171836,432.5657843715339,117.01909013286206,52.00995810238815,57.149959585903034,69.83972044397626,187.42514458016106,73.27367131752438,218.52548287617438,172.35278608213093,78.60201208402457,138.80510134347043,126.54046694272245,135.86389636372508,55.56214760475291,53.6421712431816,49.06408935099183,137.35787085373542,260.4993073828458
2019-11-19,83.18893149369404,137.42546817075979,431.71228114812067,120.7922540038208,51.52462493195995,59.08244933963535,70.79872885684934,195.1466658148784,73.18676061209432,222.76307102889922,171.4014744152827,78.8881862173,140.5115484972027,128.4677723877144,133.73019002196025,55.220156341002514,55.06760273634252,48.40585043702808,136.5457597432223,264.90237108910156
2019-11-20,83.51383810376919,134.65573566977702,419.7529183553276,115.8493317488385,51.14312343584731,59.785148022250794,73.10068136036409,189.57730039635155,73.65019422788036,218.65947340978144,169.34527636841835,79.45026316391024,139.25660986877432,124.93777230421044,135.10206727176146,55.77091161136738,55.90729369259419,48.96474072435132,135.77201382570263,260.95920381086455
2019-11-21,84.51312141134093,135.5825603321536,411.5373072223254,116.41818699100732,52.329169865007636,59.28696457387504,70.18860547115291,192.8250340603514,71.82950498948878,220.18393103422449,169.3727567068534,79.29670777568714,137.49521169038547,124.29342084995312,134.7193034093024,56.24947969111073,56.206652964059955,49.08982804450808,135.04244380882835,263.3145889167768
2019-11-22,85.96985245472021,137.36974830157024,415.0471392423103,116.10468534381668,53.348133262204954,61.375256381718145,69.08558626276916,203.43576521360748,71.06793628189048,220.4448661331981,170.20738013610608,79.38040508986302,139.17179426464267,125.96530497866063,137.5722640303623,55.47452604103263,55.655211936767955,49.410132180448024,136.96347881035192,267.1516899715233
2019-11-25,85.78326304870356,134.5146609944918,406.1979980711461,113.04817027159528,52.28007571823912,58.50778695255375,68.09807143384076,199.69219213403517,71.68886783892933,221.08652340152426,172.89349713274484,78.82519275492338,139.9216139851176,124.29921670949881,136.24526055733995,54.304342905284166,56.15056696513362,48.80994378114953,135.63208593950634,261.1332553491848
2019-11-26,85.05636648953029,134.28556814854153,399.3736362861075,113.04436467160323,52.83842653462106,57.46887440505245,67.39082448661584,201.7634116173135,69.60960288507007,221.98038225216354,181.19961121268622,78.67091473520162,134.10268554380568,121.24446354230655,134.34812438686086,52.137458683996236,55.56991567569304,49.37387807534434,134.25297206619908,260.8784510743559
2019-11-27,86.94540869442459,133.44924933247134,410.7581562872185,118.50157215427878,52.61322699894073,59.61510621098441,69.32561541431949,205.97635779798003,70.3171121805529,225.1250111356591,187.26080660062772,78.47071602438467,135.4953352892084,126.56978135714597,137.09500085637563,52.59527738042179,57.89143940018034,51.06951120276921,133.9014948048135,266.0997078931413
2019-11-28,88.00395690695207,132.63687570593774,420.81850295038083,121.23769794798996,51.05071560382851,61.560458916834584,71.16042882687344,201.98568406807485,70.67589765548838,224.3699166712255,190.31284547530717,82.85735062835897,135.02527861193198,128.41018540855913,136.29168768993026,52.371575490546945,58.46873646623431,51.352847388855665,130.19948047092322,270.1892509238271
2019-11-29,87.0834723142248,130.10034874523743,434.77843559055805,121.24443879832302,50.03170079777227,59.97810846072693,69.16845918484275,192.56128969456555,68.7535459455209,224.03176371991523,188.66287440504104,80.69735478616201,132.98834652279402,131.68097656758724,133.7011785453345,53.04221762776535,57.11244489262764,51.121459988590445,130.58680997997388,268.12821523915363
2019-12-02,89.00146189134053,131.3676044918727,438.41569715962146,121.13820490551045,50.798619480794436,59.981824146124254,69.39214639125255,206.80959389551379,69.68105210410891,220.6788638033285,191.92169619057472,81.43690067328565,133.29243543544712,132.87267596677285,134.1833619763762,53.09262248281939,58.205217783891946,51.68138530193771,134.0525226054216,271.0130825923859
2019-12-03,87.9498465648902,130.85631092306326,442.6079193469456,117.95490504013556,51.48250492794537,59.556561653171215,68.37288853654275,201.55819618645162,66.84167681557227,219.6177780246208,190.0911799195746,79.94586985236566,133.71171263971914,133.79994563158692,127.95779797080779,53.36955167771812,58.777650054532245,52.09292181577381,133.0019681965368,257.98748866494725
2019-12-04,90.31778690620146,132.99284094149735,458.7329707588716,117.3905198485902,52.07263063446965,61.97975895917934,71.29181435719364,202.48996838026048,66.19926517375924,219.92866664821906,192.85006510238748,82.9648244547018,137.63888993641004,136.16538858622997,131.25857290308517,52.984583998742195,60.805871404358314,52.7614122619131,134.76795990649603,259.75071477383017
2019-12-05,91.16055240734104,132.32754595398865,473.3711506639197,116.9622208923884,51.62651757454121,62.77322841672209,71.35078017197355,205.2635911164638,65.92655313866202,220.22350892535533,191.27475471341253,83.50619737980804,138.84735261422068,137.1670957525695,129.46775469229522,53.20550017870388,61.856540499102145,53.62131866277705,137.525108945702,266.3176859187197
2019-12-06,93.97229489360309,133.22241595609324,490.23932249233707,118.64878006527259,53.67050314103102,62.29361688021377,72.78346627499707,211.51588281453456,66.85744189249314,224.5721315814795,201.00945869305286,81.45401861557572,142.53477522881744,140.27393179304227,132.55512267508385,53.589349924022706,62.9903858953001,54.6440330032126,141.0876164403084,269.4118616033926
2019-12-09,95.52250604059822,133.84770473820996,501.5487015954975,122.20106536447226,54.13052271140049,62.05323118380969,72.98163354038242,213.47579027995076,67.12604034245769,231.49523791155406,214.3261369343928,83.04767731821187,141.42669910904687,140.45223335721235,135.06474988852216,54.17761963976547,65.54494125702378,55.669268473644145,143.00658218284042,270.81367085976086
2019-12-10,95.10594416346275,134.48964045000886,510.265434401489,126.35628422645975,55.155298967440054,62.45988635763247,72.18684135248255,220.732001858012,68.20690259657934,234.3679707305063,220.24460613643575,82.35186095535096,140.4672192824443,143.76248156127716,136.95670359634815,55.07681824533076,66.32143736307717,55.326961550481556,137.03820345467747,267.9198231206529
2019-12-11,93.76808436703496,137.6142654305104,507.7757017885866,124.90010594692113,55.56646456879292,61.88791102759291,72.1072083640824,221.65395547194979,67.52207956788297,237.0088489683098,229.1516965977934,82.45335510993652,144.6865121553047,145.55651703309317,138.5411188907566,55.60530094317358,66.5502161749485,56.63685028725609,137.72278087946884,264.9427351535478
2019-12-12,95.24453876112192,136.41362548584033,517.9290133872723,123.04366261404319,55.650372324263074,62.240372120275765,72.21959098217718,220.72849836904993,69.00829361771322,233.5929195229141,231.41986370271607,86.2215155213822,143.46791763611475,139.89499257833927,137.02604739721477,55.0381573627855,64.01944887674642,56.73032309144059,138.27563951703462,277.47740636012327
2019-12-13,95.5479513792151,135.22135256452088,503.29672375049097,123.82163801136079,55.525302407101435,59.77222326526341,71.0607683890007,216.85975568390685,66.57243949073138,235.06216059939422,225.37228794468288,88.98143385621027,143.07560341208162,140.96175243446942,137.33587989947483,55.061243176312765,60.985539811341766,57.02753202504089,136.89477793435321,280.24326886836496
2019-12-16,97.17182662120952,135.3529273954489,503.4817557957247,124.42116995638138,56.154219912762265,60.445523226127406,71.21524930152668,214.89950743615663,65.70498000849626,232.04478388575595,228.061944782854,90.4452037058504,143.11421163294847,139.9837898526817,140.2447098632397,55.20494953346926,60.999304738964106,57.3679697979665,140.422213433108,287.4562090605744
2019-12-17,96.56638054603687,136.19491419177433,492.21592180614005,122.97860516139141,55.37523443435112,59.720514644390676,69.45157673097786,213.1699145114896,64.98113553066982,233.41648068276416,230.36336193185207,88.4849207581617,141.24483943325777,141.59784754281634,140.14125326538124,54.63480585539692,63.3575313348912,57.27890781190733,136.55009772274948,292.4773832908864
2019-12-18,97.88130187688343,144.52603862868887,497.41728433785187,126.59762670690813,55.51278700695184,60.21356272110246,68.33014812777769,213.6417828881704,65.43450980175803,239.69000765775814,233.13013935966433,90.92060768695897,144.20538234298164,144.75264668562863,141.2361573743937,55.329510217138086,63.80385450026563,58.608640762054804,136.4856869425675,295.36559510590905
2019-12-19,98.73394106440331,145.39166516627645,496.8924969797746,129.40931746480112,56.43408353519547,60.15857625970216,72.48587002267092,220.11811161524437,65.58551429035293,234.9589898375982,239.80660301154435,91.05032689662862,146.75089609184823,148.2143165352465,140.9457097803512,57.264656646844,65.59925446040353,59.60148659992939,136.9590500210063,300.7880486697989
2019-12-20,100.11712401520445,144.92670470389422,490.18042548803976,127.34811005016077,55.834777407012865,59.281972205105895,72.40185928279875,219.51611797817597,65.15907280903808,238.8903045049146,235.61821368224713,89.27764932021901,148.40717814028716,144.8689971456072,141.23115711339034,57.9069000606779,65.47428238554605,60.42182489175506,137.62775297459328,304.6435182567787
2019-12-23,96.99598837966695,140.19603694284007,487.8507729398991,127.43902725570995,54.79213078977061,58.52829665861933,73.2263625309769,214.98541963152516,62.98618934647809,235.16741819533112,246.6445990663079,87.04491734904511,143.93916715342743,140.1551422194769,141.74721572232312,58.27713827891004,63.72210170112337,59.602289768999746,135.96807726295793,291.34405836941454
2019-12-24,97.48606096179036,142.47814276570062,492.9479597342524,129.19827005920516,54.123993943987344,56.99668609218899,73.06432033957104,214.65336851230316,63.75291608508552,233.9514576622366,248.96443757068394,86.27592096339512,145.839478286768,142.01662663804112,140.81302375171276,57.0987819101955,65.64815780690606,60.340518819901895,136.46668160692164,292.02269057015036
2019-12-25,99.44742005643047,144.55192662983126,505.23397258784837,127.18870808743843,54.787786002053714,57.27558251101183,75.47563973631621,213.82111612889383,65.91551771699068,231.99182048478434,247.9706217220633,83.58388030733411,145.76634988766725,142.98628050532506,137.5106450083122,55.49454382294536,67.31717698446847,61.15002904081125,135.2445139891898,295.9046478972953
2019-12-26,97.9856224163938,140.34266466978926,486.66738982355236,130.16005741581108,54.03545641602297,55.70532073237497,73.59257779143095,213.51885511922958,66.41769859176642,233.3325116439507,248.72889757927345,84.25799543294919,142.45682514068577,140.84663365158784,136.5981651653628,54.375310286701016,69.73879258619488,60.76982297437221,131.52469343828804,291.74321224467707
2019-12-27,94.56013397184913,134.47094602313055,505.1110898075482,133.06318030554024,53.594990011718984,53.861474762445276,71.88304118330072,205.2277044821832,66.76742592354617,230.48083621583763,245.37875171843834,81.09470960715463,142.21784778467622,141.009992734655,138.01814677809614,54.506621915249085,69.68829493025709,62.31065924584166,130.54413068553387,285.19475126274943
2019-12-30,92.54008494452364,138.32076759703986,517.297193908283,127.00065386123764,52.92830243016149,52.97322075834556,72.50052804906674,206.51348415217325,67.96736452910817,226.62287910057069,245.41141344711338,81.57532699311713,142.71242665471433,140.38317715166554,139.4219980014844,54.8220545624236,68.97859702011672,60.545902786226264,129.37991900473196,280.49462011874095
2019-12-31,92.78491684110048,139.36678041275823,521.1650112009531,123.16410992250341,51.65664058852302,54.37059532618672,70.64850218039837,202.22445074755382,67.00099242328069,229.5575303216435,235.59553627382593,80.93552439752949,142.94157406851943,140.9339492978569,139.52149943095935,55.03143053938621,70.35144968094218,60.149038966732746,128.94145650355003,287.4981955068185
2020-01-01,91.87223283940061,141.0596076181551,514.0957601025364,123.85142289140653,50.66985305220683,54.98391644896771,68.93814232655652,200.38658090271448,66.81599576474996,229.59880594173023,240.58413230529314,79.74496256938237,141.83224614194657,140.31152129492563,139.9574161008226,54.78777062089439,69.57119721744432,59.17288399857878,129.48783050790874,291.2719601338882
2020-01-02,91.99134432955013,140.7875038604495,527.1239520603143,123.26828233997979,50.62321014991367,55.407666202212624,69.54824810047484,200.7462501826926,66.94717371492972,236.8083314606076,249.32292115882618,84.47607566958742,144.01931328936553,140.71645712171414,139.1969524160329,54.13288995095443,70.2615697323335,58.369103347211116,132.2712124429024,294.9550669496882
2020-01-03,91.19786169885532,142.24899859510052,517.8817993904471,119.2712743649197,50.49553523065464,53.70284969161815,69.74977222580856,197.24756007501426,67.48309917662496,231.74625804594302,243.59463029117103,81.40023865441525,143.71416135157745,135.39696545643693,144.77405890297985,53.246421579157115,69.88669587782701,57.93714682785417,131.51725719980197,297.625531989525
2020-01-06,90.56953062437161,142.29683862023452,526.4856217093467,116.30572190717092,50.96502268455531,53.692664165876536,69.66649516687633,194.60717309889674,69.45055798652122,237.34098869492826,241.55240041037095,81.06286175798732,139.9289408465121,135.40833302647505,144.30074560955333,53.79149149797079,68.0465560830077,57.45798232317418,132.38050515389216,302.6017202007188
2020-01-07,92.41522401107763,144.68696322539517,504.7870329786413,119.35127629982173,51.44241469335148,53.47189786112774,69.86176978351168,192.20165791091705,70.07570442717368,241.93387845957474,239.89912452124508,83.27318789051031,141.82795212905023,140.75976621965353,145.28971365346098,54.44488278047964,66.38566971304488,58.33498999963928,137.5930414343781,304.3267696178269
2020-01-08,94.64564920084146,146.29230906799373,518.0982100508729,120.4338428768875,50.98961865104629,54.82205975923875,70.08781472415181,185.88422433522274,71.88600815104144,245.34516719465304,251.25617792489598,84.17819380100836,143.30349046553962,141.80790313525483,150.35380205950253,54.98405003977797,66.84188416003916,58.40855380794603,137.81246236823122,312.84346745392696
2020-01-09,95.28189823112365,145.2576268657375,514.1992318021545,117.53760077237732,49.80146268677905,55.982590621476064,69.37922374076946,186.92500417300636,71.57635161201424,245.08886094706352,259.2825656238121,85.54278370525064,143.46049294233796,140.3051232356715,151.76989477122612,55.830202245321274,66.08312979263697,57.89163290347999,136.38847209568917,309.88343653869674
2020-01-10,94.09679574525389,147.42990544489263,520.1720837376324,118.43556750123501,49.93019840972336,56.0710430640556,71.17829975886664,186.1074463943045,72.64912767424815,242.38967954310147,260.06511978223205,86.74626967066447,143.06711724716075,141.16122482084143,148.61375401835866,56.060026745931985,65.94309735370918,58.4183405049832,136.99134639063917,311.4815099833701
2020-01-13,92.8829868404969,152.24575794113798,537.3697255259249,121.61581884976624,49.00962722160433,56.074375822204374,71.1284429011626,184.77911479421508,71.93696478607032,240.2362867831782,259.7185142685712,87.45149723909711,142.86983379280608,140.67995391134343,151.24526636105915,57.31428774677965,63.96736728152235,57.98921912894021,136.89572539332406,307.39495268363453
2020-01-14,90.37725648890036,148.60441222813495,527.1717361369465,119.10024968050388,48.175564149713615,54.12417403143478,69.0153217009159,182.28211440487812,71.18045895324336,240.43410061570992,251.10950459073945,86.75971396902004,141.38436603170157,135.67579232839734,146.6742527080923,56.62210318085793,65.5905269470074,57.245492498447454,133.20904259287198,300.5979193170274
2020-01-15,88.72820135604475,147.33163291557156,501.6547224035751,118.3247077233836,46.35840140852927,53.32841778111644,66.7688001692546,171.57749643236366,69.41248841966419,239.24727832353767,240.79398923907868,83.3103015628653,138.3467431399037,135.45145365752037,145.22684234676473,55.11173805166889,64.20207025885642,54.82065608827037,128.90030530652677,294.4840212949291
2020-01-16,90.7392018439752,146.30198128444562,495.9645438166673,119.32199758854044,47.27811586274491,56.16038199264882,67.08395595448823,179.64174240703474,69.55259208240395,237.25903031269826,240.7366932053018,85.88875911001874,141.21011951349945,138.60333362501294,144.863123250347,56.819093802270324,64.81420095582135,54.81776197452391,132.22055160574024,296.259498688931
2020-01-17,90.92293306491722,143.6444267689182,490.88373084776697,119.88011935871253,46.593274033229704,55.783762134405784,67.08571840500649,180.39516007909137,71.9858423892256,234.03236350789976,245.73779393722197,87.14512097277917,143.9491289627028,138.04416553943423,143.05316745072398,58.21771311013701,64.17104764284838,55.171383497750995,130.35318573782115,290.6005724894266
2020-01-20,89.96562477107759,150.85732153399348,501.7774524668408,123.37877964143948,46.747698443346515,56.246375806831615,67.51886549223903,184.66370402886272,75.416553460454,232.70508015348125,251.54534712881616,86.89136223514667,142.91820284710113,138.57121007044776,143.4031393903236,60.39800420524412,62.91817216281803,56.15993970806079,129.70922944732655,289.507704158502
2020-01-21,87.7631925541293,150.28373307992138,514.7791990642031,121.07384912213169,47.19456029202428,56.25855285844551,66.58404625632697,186.35283155125143,73.646754619687,233.66161105235165,259.28931038961525,88.47832287249545,144.92399781058273,141.45177253574076,145.32507369155547,61.31928129970851,63.689692175994615,56.38289057565622,131.93096218559324,300.3256552649362
2020-01-22,87.0325317368528,154.1191034566887,506.52413381941597,120.5965349096742,47.11303000940109,57.12236823511372,66.36592944117622,179.3713986671219,72.61626316234226,237.17439077180268,254.8132388409534,89.20359726110098,144.36747669314218,142.9493424070614,146.44133870181724,61.43383678012388,63.81397206566454,56.49519118075658,131.47387716986827,294.5583345946052
2020-01-23,88.27764527227866,160.23667736304478,511.216463022501,122.9508076517137,48.36697147647314,58.58114398486126,67.35669440861645,185.3440931191483,73.33499372263778,240.9432080584179,262.473579580174,89.98843714611337,146.26382219752276,146.84248081824336,148.06451937559314,62.90231354729628,65.02133846206074,56.89325493984506,133.26779930385968,294.6323654570276
2020-01-24,87.39714859194292,157.3987775233364,510.8911624573902,121.52491591325162,47.20242046119913,61.19805022163326,67.21693638078949,185.47340600343665,71.80281633646511,241.75678988605992,260.5030180182002,87.69431128114685,148.80550546930965,147.1571180871774,144.59415210850395,60.98752576472107,63.55560366296662,56.4083024770325,131.64902097656136,294.3716899176235
2020-01-27,87.67800959228245,150.54648281120387,504.08289343209333,116.67493326713674,47.07574685623439,58.614567433415935,66.41826805489359,182.23326529234683,71.12959073330956,238.2452162009694,254.40055479622274,86.84481925166617,147.0490740374845,145.9256111623405,139.18648039219843,59.34235906692804,64.53063572679443,55.587261835178495,131.72226262950582,285.062085880538
2020-01-28,88.62377942354361,151.16981124113406,512.4563446476566,117.60302081544381,47.044352400961536,59.66014801781273,68.26230605156881,182.67473886809404,70.96213010501369,236.23774592766077,258.3654660455292,86.66112545787368,149.18060659927397,146.19879642457562,141.6713898202012,59.38417943854947,64.9296611615798,57.172720024253195,129.9852357802544,287.36109688899546
2020-01-29,90.91344352608797,149.83456414454554,521.3728138731468,120.94799254729374,49.23259803633031,60.66099695335969,68.6384464195735,191.5288388249489,72.57820913733862,238.2553594896829,267.13125818913755,85.27246277023607,153.59663273981351,146.24523360924607,144.9471184813017,60.278244397368056,64.49341983133506,58.00666333754158,130.08172534343515,290.8428659558005
2020-01-30,91.4500045589762,153.1289098529042,506.0040512376494,119.6444707770172,50.11874454287846,61.15342901805487,68.099370161942,192.42908099622326,70.27331335874689,240.2244906762651,266.1518390568016,85.34048294774934,153.28949858495375,149.54489105113927,144.3267764168996,60.85819111053518,66.10607138065635,58.08045775072508,131.8555975057605,291.2569336708579
2020-01-31,95.20476663816548,157.88478418653017,516.9767346061577,118.17945316559225,51.59947688190439,61.143276499290835,68.95435042096015,193.57778450546084,71.15650253586988,243.86052925462158,276.6241852976845,85.00943029738609,153.56430790037948,149.40376105679798,146.30381416289865,62.456262625930236,68.54685989958546,59.80505111565588,138.08103088743124,298.62516222810484
2020-02-03,92.11012463045535,155.71860892353862,507.76563203421244,114.187300734294,51.06498260484572,62.10377867786507,68.47052472100175,191.23003528582828,69.25836582151646,244.20376446978014,281.4127731328438,84.86369878122994,152.34280286212805,142.4684248702484,142.65380617996647,59.65073054859402,70.3926113720608,59.972094570971045,133.0901288666821,286.80731353214367
2020-02-04,91.92492547237808,154.5177827500833,505.57286514491676,113.80520993102176,50.65216057089408,62.92004827540964,68.29328102166201,194.99737084537065,68.81704833578131,249.43939706538617,276.63971423944037,86.2867057202041,150.97592865811575,142.03669581593712,140.60994841235322,59.066465434140774,70.15402216999759,59.94050260390297,130.93453607080437,284.2636192920826
2020-02-05,90.30623756250375,153.69746649594836,491.86289361022205,110.87213609070093,49.076125010090514,61.94719747101332,67.80108877689396,190.7380851364267,68.49032440392554,248.8403629168837,275.54820536453906,87.3572324427613,148.46700419766432,140.96229699914224,139.21200380948972,57.431513887244016,69.39300947006984,58.00989953162325,128.44838417022666,282.32272037128706
2020-02-06,89.06159675457563,155.48805357773878,499.62138364997355,110.73103208316296,50.667908474621264,60.6218693404935,67.68353066707562,189.93005740457698,70.81939103664418,250.49225036194483,274.3454971407124,87.95144585820132,148.8799351443878,138.93247216388448,142.2779565203064,59.23478070347524,69.882308344632,56.31958670032849,131.09411710633796,279.85556879062784
2020-02-07,89.89038365518682,158.06252961669915,499.2413579200068,113.14876522073577,49.954310929615225,61.41165056887997,69.10451608585991,196.42075897827118,71.26709275729893,252.94862551532,289.21745477109727,89.23320723065633,148.09247476326826,140.5282018822722,143.4772843421495,59.5022460935118,70.10862283026289,56.77219969254123,131.65899596848843,284.132356237551
2020-02-10,90.80145984499167,156.49004016407167,511.887889029063,115.2631273040869,49.458535394516396,61.204223681235554,67.77623809115808,197.90215503013852,71.43121924172489,252.19550939754947,294.53476773251765,90.28774261181091,147.0924257945474,139.47151593120583,142.34683955393407,58.69648714373893,71.46286472395974,57.374034199162296,128.15669442935948,282.5387846806449
2020-02-11,90.1977671658523,153.31797555525807,523.9781944268503,122.86369958441597,50.60158031564009,61.30714849021482,66.89185681842618,193.37312065406195,72.39416149621889,251.31481387207236,296.62938270650614,89.89811136509769,148.23363408395713,142.76822895897934,144.67696597860402,60.8180632961623,71.75123815277723,56.607617575772814,131.30312992539066,282.9973805085004
2020-02-12,87.22627477398188,155.20998460806993,519.1660187491915,122.35982736368781,50.70009591572838,59.871014267686775,67.32681497347232,195.12843043290914,72.48684210918925,253.1894825395395,296.0358463983233,86.78719903897492,146.66362968352004,141.15297123321386,147.2828671142363,60.81720293621799,73.70449273805305,56.67665696876143,129.44019853052703,288.1139805670979
2020-02-13,88.99892214790631,160.4362122068057,527.7632712152358,123.48537824588222,51.191460175349995,59.16524009027624,68.18027409171604,195.29687823104572,74.57062897996994,262.8663602201607,304.91580389256256,86.02661181301895,145.47000420113017,138.1125795774723,147.83179334068834,61.38879297774221,71.39079357551302,58.44268971031215,132.21203578743294,293.75903473123077
2020-02-14,86.60189974053111,156.4582881992668,543.0619233544053,124.4772534772714,50.52509855371757,59.154532839666174,68.95665938339424,196.42090797785613,73.04589020901133,265.4601951483584,304.9914457360941,85.43625385045394,145.65544589966186,141.61704207090193,147.14588390075428,61.72652127081783,73.18466233679592,56.86889781934758,129.84608134838416,288.1182518576437
2020-02-17,85.12494198211537,154.13719097919554,539.0813860528207,121.7235769791955,50.45755813855834,60.81150924791968,70.19154626355537,195.53133813098736,73.11664206340613,254.92111058604075,296.2412052532082,81.84588074180148,147.35186346951164,138.79725329627075,144.73279286807397,61.08659839702602,71.5868117345405,56.67879816029507,129.1098783899856,280.386455027149
2020-02-18,85.27948086017764,148.87000141630662,542.6739395700458,120.26642040620125,49.2902051059674,62.28464090854942,68.35179965685535,197.18349395569572,74.34095710693677,255.97700481103146,307.2535928344754,81.34322871980596,148.48801920349905,140.61768790538858,148.9370824770388,61.51260231136533,71.39296118791626,56.090916668622235,132.6918911436757,273.8472091823502
2020-02-19,85.28718613581998,147.44838435454477,544.3684136007726,119.81857632808827,49.34950250952872,61.58809879345057,69.68910864427431,202.59826557523854,76.03550532773832,253.70550098076282,310.29152652986124,81.90993723622039,148.6868321581314,141.41221665130618,149.68065147882,60.80857283660184,72.90689724875911,56.01034666834086,130.28826933147337,276.222777933193
2020-02-20,87.25837113765537,144.38941736063643,550.4559902485764,119.50127305995423,49.8873836310333,62.64212655580991,69.93099728954351,203.74886844401354,77.82000561233853,259.39701985288247,314.27644545435055,83.7661025912302,149.36955658898128,142.82350604722558,151.9857138985756,60.462400338396634,73.55004392496909,57.42095007716774,130.10723056920332,275.71938872445173
2020-02-21,85.88755436253433,148.1225411210949,544.9512683890184,119.7055514890151,51.76214041325521,60.82976341561747,70.37372728756561,198.82186701215159,77.80621440137641,253.44587676374337,315.7775350785978,83.46520143217478,146.05817511691788,139.79853658840952,152.5928949923444,61.01868819865976,72.38015134080509,55.83048300490977,133.47591921078526,270.27125366616724
2020-02-24,85.36556104425027,147.135746979143,549.7931796068463,119.08449171474751,51.94853937262175,62.287150747891594,70.10757024248231,196.4885413141078,75.20822982862504,254.41803988917957,309.5920691499395,83.67124882189152,146.34317562472376,142.1922520247503,150.73297668880454,60.770348675356736,70.39579866705388,55.9102790021902,136.89416655015376,269.0393960649099
2020-02-25,85.3295151465975,145.838532014805,543.4928409453711,120.50752202779807,50.90590440955034,61.685647293452796,70.42239154337838,194.7024730404304,76.14148509050646,249.94021449857192,309.12417569916516,82.43174868151029,147.26260264497046,142.50355446607588,154.40487064451472,61.31030798637704,71.98323063665701,56.624224065218876,137.32433542289974,263.7112401674807
2020-02-26,88.33136406528743,147.47926710533238,572.6962732662938,124.12584583425956,50.92650073303947,63.11103818902577,70.05607401606579,196.54087287552468,78.82420504661171,250.71919907030258,310.7296932163718,84.06031976657529,148.21006154621494,143.85454471471337,155.2630477442321,62.6976864948358,72.01640641912924,56.63265133169879,141.1653173735822,269.9752582262509
2020-02-27,89.56423530292749,144.115292625622,564.7034783813742,125.10980571571784,51.677326427708216,64.0937630191168,70.09773303477131,191.0026243034074,80.34566208501313,247.9203937797638,310.99774531513793,82.91053309496314,145.14962230887298,143.96626914373778,154.289421648773,62.500222433225034,71.89765724533673,55.97266201395445,142.47877283206466,269.46966631513214
2020-02-28,90.78578578497597,140.9313955561974,583.4476808371346,126.38055759380873,52.57023600516289,63.952114536075406,69.83775137182049,185.15809674310685,79.19826241262058,243.5034285536776,307.71324515395975,81.06452334905303,147.0840021977167,141.76210421530135,154.29725008774506,61.595176162220206,68.73324461522915,55.18386649702084,141.15786635377768,269.06756789336634
2020-03-02,93.63181208318346,141.16708154969945,594.4711757490937,129.10014209187997,53.96147073167059,67.00108523691527,69.7003199424742,193.4231732265018,80.51588927889136,243.697015907279,326.14885324274405,84.60723532087793,149.37730358568098,143.5967857184913,162.36697766304323,63.98103474161969,69.04483637295574,56.48862207550823,144.894233890994,276.89096957036907
2020-03-03,92.93171772176208,138.01799087777775,596.6513336448965,127.75591496564725,54.18253468537738,66.8281656432059,68.36825446539443,193.3117032151989,78.66348037574407,241.51225632274588,340.3886722640651,85.45184930151814,149.48516398033775,138.29225060727308,158.1383235044523,65.07311084416075,67.97172727299781,55.40139407130427,144.67710126642146,272.4064528037103
2020-03-04,95.07900113569505,139.63976169942808,604.6222446959637,129.23688053858936,55.762694002485574,66.85144924876123,68.74726009558641,194.78046926944725,75.93101678125979,242.73518778002844,340.3382413386153,85.71339538829933,149.07729071617217,141.77251494722077,157.34372543573227,64.44054130489364,66.8489382647279,55.7824681370729,144.59895275634875,277.05978585863363
2020-03-05,95.40331867244655,138.03752694676075,627.1360085386253,129.07643257436018,56.167763818996036,66.70388389856073,70.95332798988127,197.18809374364002,75.77586339127619,243.63176451946575,348.83440662234744,84.19019592113317,146.75360819032718,147.38192644719464,157.10181005908132,63.28148688572791,66.74842266776656,56.10503612820444,146.98609541808116,284.34115810860925
2020-03-06,94.88082926658595,142.3107183278085,622.8609787606194,129.4598594382804,55.85551187854197,65.36431182950692,69.92761916896092,202.9956139204359,76.02931320758854,235.34331683764862,337.4617603260043,85.56934997330772,143.68382298470308,148.29014627028545,158.80915799426106,62.40701814434697,67.28558383315637,57.33920517812635,151.10838982436675,281.5880118880435
2020-03-09,93.61355092724772,138.615099273778,621.68489053088,129.23658989123965,55.1188324689503,64.12868752809341,69.3191295203533,201.985395211542,74.65839141879192,236.03986614736004,337.1881026812788,86.14178075397948,141.97523601870725,145.44442258321223,159.96123708647394,60.39862226238685,65.6116086362349,56.18743011259884,149.5798447364707,277.65590961709313
2020-03-10,92.00785543046884,136.17560895290924,621.0348327144015,128.7214031022161,55.32415798859221,67.33054197617899,68.93702222593582,201.64634442045283,77.1637212511019,238.50610212340322,334.97541357036346,85.3369006339054,143.80781045004792,147.41397714704718,160.29750095605962,60.59194470320614,64.9707954802185,55.60390922786927,148.02413968397352,275.1055774458597
2020-03-11,89.94630628114156,134.32975292382585,605.1121460115698,126.84682981961498,55.943851314933816,68.58932592369001,69.17145959644189,209.19983482276723,77.22132120247502,238.87502326979546,321.47841917177794,86.47329689872336,143.09557982284704,147.14012479227264,161.89131724543097,61.92790568978064,65.28018661677726,56.30197890071732,146.56754509707775,281.6866543490055
2020-03-12,90.86308175803953,132.19680168638402,596.7635860736381,129.0062318274023,55.68096893037881,69.47965998210722,68.68541861289192,204.5100150065115,79.23213879627166,237.29624113696607,325.2280187219395,88.08294119160972,139.3703421668612,146.02279264313069,160.48056711346237,62.47189148926176,62.62785063915721,55.74898301803339,142.51616446754554,281.82315718366215
2020-03-13,91.88168685733578,128.82285310656872,599.4641676806843,129.680023253584,54.42511787115835,70.65303058068123,65.90963090872778,202.24754167978702,76.04800643468741,233.56381459354958,318.8863777446005,83.6164637849679,138.85866908218196,142.65710005861882,157.26569501531588,62.98228068897685,62.197510249039404,53.528452407595886,143.7326558483688,281.14602299801896
2020-03-16,93.01725968995291,125.05413459819191,603.1859235481685,126.4893857755067,54.3685716763804,69.87647489806422,65.31349928049087,201.43969403684287,74.92395717664778,236.08610331646994,318.0755696927548,82.53833618612755,141.2873032730266,144.4248991814564,159.5487459338614,63.08390343041586,62.960784232432545,52.77477677317437,150.26088230814295,280.33649764720406
2020-03-17,92.61499538884985,123.78028133314128,625.482727957879,124.37040364710823,54.961139162569715,71.85991829704479,66.87983732474244,199.67490019530393,73.43873639672974,240.39240519727855,317.3456387344914,82.43768971085427,146.3904434860807,147.59275683895885,163.9101896493831,63.587325791372606,64.81718788376612,53.60827181577501,152.36372603194224,287.0132715202938
2020-03-18,91.42002236754179,123.22739869071974,615.0014333393095,123.25099836546289,55.40969411653446,71.65461227711496,65.84926558366965,198.74804034869038,76.12674801868071,241.02044868323077,315.2032715746427,83.73400852741885,147.70002292188533,148.40245295756753,166.01439809967437,64.54248054204757,62.842182235902506,54.14809395477895,155.04286730180928,286.91679976734025
2020-03-19,90.22164927095764,123.81189822832118,604.7939174172534,126.26768946639497,57.58557295583426,72.77725113336402,65.88513984917907,200.0652035705602,78.30260777975901,254.6586140318985,318.0631643267289,82.31195528112146,147.0370862285228,148.7037868482344,171.30022001483906,65.58951945421406,64.59837447570264,55.75871636195964,160.42702700250396,279.6292975498099
2020-03-20,88.85784813168507,120.59419816784127,594.2342465488737,122.17406176708471,57.660433737492454,72.53685933896713,66.76517015681934,199.69532433889336,78.08297814729221,251.6575941299762,313.75900272985604,81.96786454495977,148.54735169709176,148.00091324129045,171.88743380188635,64.9940956640555,65.88579224475583,53.924837337323275,161.98205460126294,272.3008644672445
2020-03-23,87.2735462091831,119.3180815558405,596.1281758079683,121.8001150088238,55.77935831180855,68.3881405273351,65.31121316981391,196.26289493561262,76.54852713577357,253.42594377127287,308.86649465916673,81.5699111637898,148.10686536788975,150.04958539686626,170.53843426396364,64.69808794702168,63.82701313971368,53.10922871616791,160.55354806397236,266.7197306349069
2020-03-24,89.7493501669912,122.11380987500081,603.7760644795578,123.33274228587307,54.370261587184714,67.84954692908677,65.61462177857487,201.99014082944257,76.717484268104,256.14525676330925,305.1524435185174,80.89168764703822,149.01106276185166,152.00418217917178,176.87223310312345,66.04872184588805,66.33160949743696,52.77407467036387,162.10806688617296,264.47520446357385
2020-03-25,91.7230337262137,120.01909030603966,618.9987637017462,124.98657586190252,57.55384410757086,68.540722601186,67.29671213329027,200.44838713939237,76.76097327203517,261.9874658545998,306.63746051368156,82.86662386942687,154.80098034103577,154.7116671318533,178.28394141457906,68.39586456937057,66.17564590670031,53.83267614852526,165.42154859472865,269.2875710207762
2020-03-26,90.53286985590266,120.7449339889081,618.6050091598902,123.35636372106512,55.60912129176818,66.54980915128922,65.54066904723183,202.3919476343387,76.00940390045582,260.614618578962,306.14250219897355,82.77988367721272,150.73160015728843,158.82379747110195,174.28050113477673,68.61278610513124,68.67590528089018,53.483689091884244,168.50306686565276,263.65592985751107
2020-03-27,90.59051747255138,123.24837338399243,611.1203376087724,130.5642843589421,56.36523512719144,63.243002242382055,65.25115372492294,205.03023794870828,77.8480682489975,257.039019968399,312.5036004775562,82.72773832383692,153.9566179035399,158.75601409794146,180.05274954274424,68.61422548620392,67.83941950979734,55.258631391125974,167.29536287001258,265.74913687650917
2020-03-30,89.03063163540021,121.51547638868864,600.396142434278,132.54103786591497,55.90826337486851,62.078172511605715,63.77767612769583,207.42543774300947,75.3867742531201,251.17508156184923,310.80151665801094,82.77613391587337,149.93334040511928,156.15296524926129,178.88036616983848,66.9867652629461,64.81027473456015,54.76646752273079,169.1808060998144,262.0388233209249
2020-03-31,88.0685167143565,125.18848056319908,600.2918960368213,133.24383363790406,54.44517327951028,60.85630330793222,64.91398582017011,206.05404870205888,75.57016354737549,251.55116493554308,301.28087432032754,82.01651444122922,147.35053734701225,156.2926379201209,176.00309970190466,65.4484349344985,63.82177970105696,54.161416247636645,171.11206385816845,260.7539791656655
2020-04-01,88.60496179245243,126.53864396338858,633.2356101412413,135.26992410195857,55.71709401236065,62.8776105802405,64.79448991223806,210.18145566546676,75.80535767242915,252.3828378850121,319.3169930355258,81.71565683882669,150.6704632819455,156.1341351054494,179.01248419120554,67.2604567395539,62.66777169235854,56.615587860131996,170.91305396142698,268.3069919458433
2020-04-02,87.80916237368392,124.33858486874857,643.2676529495377,132.97233606990577,56.11815399576671,62.48230447429007,66.39926975051779,210.29553843854575,75.69456325826319,246.00367253711428,316.10777832740365,84.44096674280404,151.6599596207756,155.80976277445262,174.86539580639493,66.8080956295338,61.131755341301464,56.90662890328406,170.9335480282959,263.8750360822138
2020-04-03,89.58116938018777,125.82078298685612,635.6491673034539,133.19910623284784,56.823022215802474,63.40684700826299,66.58967479586238,215.64433687863252,74.86209543329885,243.2805970626927,326.98417632134175,86.75090583632921,154.9841997945489,161.39942655107194,175.09954279321627,67.9553170891238,63.633165741416505,55.977419033549985,170.67004940126685,269.0965114282913
2020-04-06,88.26325366151818,124.85585291240648,617.0561450202206,125.67311655079246,57.64129616446213,63.17216785055387,66.83436905400343,219.1782459125819,74.39796398708978,246.73283794364232,321.09811076801464,83.67319061573507,150.87900705497233,162.11464023706833,175.49832198177214,68.85497489504867,61.21724943749294,54.862500772330606,169.2855774210324,262.6024043115034
2020-04-07,88.52737858874627,122.85359821276388,630.7858804161891,120.9486562293106,57.61522007594778,62.46072747860884,66.02062747294508,214.93835614890278,75.61415958287165,243.2562182195938,323.6634826165361,85.6850693864468,151.05613691095172,160.14432488948103,176.27466159595713,69.98908945795948,60.04596480341011,54.89804177459751,165.63946930030866,261.7149729973323
2020-04-08,87.2504434251954,124.7643726695593,638.245105099698,121.95182055652316,58.24669716420152,62.550576744446026,66.48871776565431,222.20943982081732,75.65505044667049,250.46699636028993,318.9070633461289,84.39204814106597,149.9417285632137,160.96284190003252,178.8272677264411,68.12365972821674,58.99754774757635,54.77787766936971,161.98481363898776,255.99930309057373
2020-04-09,84.85720153929987,126.31693745229096,653.5668502372137,118.8712069069442,56.248405635557475,62.26103513730886,65.31273260334272,224.79970747971913,74.89507110611055,249.2237365392416,313.7576931670277,83.19532817437236,149.45238515900678,156.78193307860155,177.58459342282757,67.50607961754542,58.341562232364595,54.213754203234316,157.4591616491019,252.13381850291748
2020-04-10,85.413431397861,125.87443151280158,660.2423862470264,121.17569028972682,56.53955123568665,61.91084723444095,63.53938917449688,222.24184318499604,73.13834296376577,250.74880629796175,314.1135095213548,83.2499676533899,149.54566560493294,156.90790371567968,180.04320033962333,66.72634932009163,58.54783036481685,55.26773830142773,156.44856319431196,245.46072419746793
2020-04-13,81.96651768551651,123.10597400749984,633.3059881458939,117.4071084224357,56.80677906291211,62.552564452532614,62.852654776580216,218.7521947133525,73.81400896533432,246.8319381377034,302.4167658901436,81.82700455711571,144.46438917986958,158.60069637089615,172.28676488386586,65.44263318832019,57.35778155762995,54.060832432708686,153.79130699302377,236.65418297388183
2020-04-14,82.77311019329613,127.16690518842461,631.2896469064353,119.59123975359765,57.833436502009974,62.96679672102621,62.46583784456521,215.15949334712738,76.62379471484002,252.80010939000104,296.20526603564036,82.81991903891812,145.73138759979932,158.69388634118175,176.8467022940036,65.78947039201573,56.382249619921964,54.72133658877885,151.9285239228025,232.0267125618584
2020-04-15,83.24233968879147,128.24621019036917,646.1138175657875,121.53879451039997,56.31644118459839,60.82184430067933,62.640371382016546,218.31496864650362,76.5783408416828,261.50769191634714,296.4881530442473,80.99574397461134,144.11566909378718,158.65009715047265,180.08909320306537,64.28687857535542,54.84050372316528,53.55683813311459,153.55982966191957,229.64227645860257
2020-04-16,85.69634145708343,126.75538037802711,652.7771747071931,121.40410007807937,55.183815376406415,60.77499373442987,61.90188047998195,216.3801400363591,77.63674011580089,262.58755071397536,308.1488642258699,78.00223924640885,146.37250731712592,156.8043106412964,178.65576187181358,66.50671264356102,53.74137921092127,52.54754084297941,154.10138654264463,239.7898373649019
2020-04-17,84.0248746763236,128.50960672848703,628.3671684411692,122.41043244969818,53.235310067318636,60.708706523009546,61.69963886837506,208.4544099168325,75.363720934883,258.1259344995918,300.42111714266713,79.66251491419932,144.24198080401467,157.52891137677685,176.31509366333424,64.03892868257114,52.91141357102666,51.78832545232742,150.9758624462452,235.90690770806341
2020-04-20,83.54490226546302,126.85335676978968,622.4068758898488,119.81767551653834,54.00372862142082,60.71029071463274,60.35594703420311,205.3062265256882,73.7119310127207,245.16932110018234,300.96628128687144,80.76900554769739,141.8602434904754,154.0533024226571,171.61602502298507,62.951994378707006,52.88757351242847,50.50237610466608,152.1196757347335,242.61522664217438
2020-04-21,83.68767604308049,126.38475706656875,606.4904252397222,121.78890711627152,54.82279089852284,62.88859170277823,60.27686442394924,203.11033455361107,76.24304681568711,246.23206198810874,309.834117225246,78.97548607820573,142.7962320103523,154.43854920311108,177.98546655377362,64.1281290723409,51.04293571683843,51.48024660900839,153.23973961324896,247.21368984207433
2020-04-22,84.55902532195013,132.84515381870852,619.3622341263758,122.10489288176805,54.47560715712206,61.08553717720377,60.72434246348968,202.93634167296915,77.2726382140127,247.56322015778673,307.57654034153524,78.42095438706498,142.62662078043036,160.2929564995875,177.09317201752302,66.66822326371053,49.84586915913457,51.92931645415783,149.34132329798643,252.51126287171834
2020-04-23,87.63945048396091,130.71639007795162,624.776798217172,120.37402508749446,54.04291805319055,59.46436131438545,60.67045092852909,205.39210232079108,78.81986530727323,248.44729439870585,297.9215265037411,78.67379032174686,144.48845604363063,160.67351156710234,175.59900216850545,67.31903589671222,52.64923002704458,52.27569098923907,146.77532744770116,253.97183901011627
2020-04-24,85.21999530854035,125.14769284189882,606.9269658965168,117.25237551859014,51.498871503345384,59.38196570637876,57.50298934922075,200.49963210285568,75.35792343433897,237.45408012706247,301.4578278239759,75.70546748340227,140.4599448650379,155.4571506308843,169.8385557642589,66.9517882245406,49.50393913500789,51.583108216679996,147.07078337417047,245.59952624638387
2020-04-27,83.50333738531772,123.9460391968341,606.5086498173445,118.67979493311044,52.522476400429724,60.801598830642,58.818084152547804,200.52405398466524,74.13963170547576,230.8645365662595,305.9863683430113,78.90649698351137,145.5594786973049,156.64708701275808,169.18730318588035,66.93817946586887,49.19133527001192,50.74983980368797,148.8430424024765,248.91693830008785
2020-04-28,82.7926131531918,121.59964271083425,596.6386441682974,119.82846380978161,51.93857979004772,58.55290815942778,58.78468250261042,205.55613995374242,71.71624566026264,229.22106961993137,289.62157436283263,76.74479948709516,143.93956132914715,154.23650385120652,165.33704962901868,66.182228308286,46.743946129227176,49.12414623068774,145.63374312950114,246.2109241801598
2020-04-29,81.8673420447815,121.92109816884775,593.1574581671956,118.61942620580709,51.36995779127797,57.23496808218378,57.786975004921,206.71631700787404,71.26425017625772,223.42168987976558,289.7485221387749,79.57145480606313,143.1742750043775,150.70378185350302,163.49097098398678,66.35175811527127,45.0488917121925,48.54973923893733,142.01030813111268,245.25414722530357
2020-04-30,80.4644341386226,120.67644643774193,571.5595877603329,114.13965416967625,49.40690767792882,57.1650179941809,56.640846554500584,206.31857515264846,70.76578799512622,218.14172505377428,285.5337265226189,78.19892498040448,142.4444551484164,149.79325882481973,160.4945452913376,66.60417059257774,46.57959220602729,47.911162999269585,139.8216629209623,239.58985885226917
2020-05-01,78.86702029420277,120.69048184121922,554.5781842850038,108.72267159910572,49.53988550174662,54.51502752093583,55.81786128967948,203.55576370558813,70.83368995893986,218.7918049829782,271.0975602859732,77.01551122613577,140.60654801485333,149.59435096417516,156.8372018555373,66.25980581703448,44.60570532917284,47.19280034657377,139.78452841118855,238.5276699710533
2020-05-04,77.21461126447694,116.702688940711,550.8805433695218,108.6481449223138,49.35207467750932,52.765044929501265,54.85564238741445,204.00844333182408,70.61956402936717,215.77372787316253,255.7030976546259,76.09278254773054,140.1400643419562,147.01702656224157,157.94754057204628,64.848455127007,45.02127088576297,47.4677822603096,137.13875726542315,245.6767519456302
2020-05-05,76.83892894355373,115.80538664476143,550.0513145231193,107.35550569781678,48.71213962634969,53.61871085504694,53.25336181911406,199.96926044535363,71.60216501720066,215.08646550292548,240.52344510706328,75.19721865506683,140.10004195950833,145.26228839625966,155.18669714023875,63.978860802836024,43.39379687820065,47.125630815441575,133.69375730062498,240.84131391729798
2020-05-06,79.32981653018147,117.6114055186978,540.2359748179698,109.48205856330509,49.95330302287769,53.795195228941665,52.853752192349695,204.09675496689013,72.4549513504151,214.8426333773384,244.1975285282928,76.12284883099824,143.211536095609,147.55731169523696,158.15307051133462,63.728527247672545,44.95682059036539,46.789389323049335,131.90546888792326,249.34870752823946
2020-05-07,79.5416590615989,115.10083693653922,540.7111586601086,109.10140092082183,50.330020883243655,54.83838858374441,53.04255426955826,205.8064553415604,74.87514504154183,223.08469771114312,250.80275575586163,76.47330186604032,148.0250567559505,151.29745112711004,160.85988051572787,65.36491808820517,44.26014835606459,46.59845987436444,130.87625071579296,252.60607967001633
2020-05-08,80.25561451704938,116.97069653709575,543.3813383260476,106.03792150120655,49.733423418654624,55.22080170734965,54.78858280063252,209.06074954208597,75.6421153528022,220.86306824098912,248.89586381739394,75.29866687524039,146.69311914071844,153.79512290004942,158.26986314819789,67.2788453085921,44.44165683030271,46.85421060919969,129.10045045210293,250.0632780502597
2020-05-11,79.32454598520202,111.8897548037948,554.5674352354583,106.8773671918448,49.45948975307528,55.70192471998205,54.09179712260293,199.03825773417518,73.66636642279947,217.29345205930855,249.04105129721745,73.76835568077381,146.5849345969504,154.72329546596475,154.51203906905002,65.94872687116275,43.479059735518895,45.8969451290948,127.03245969045783,247.0990337518964
2020-05-12,77.65968267521373,112.32078093478839,546.9421598947462,107.21648165917668,49.08142467818353,57.66242832772808,55.08083115576753,194.46738264516557,75.427725503417,219.02424645115013,247.69107400835784,74.63452157987778,146.9003301535177,155.9470575849557,152.84142581099107,65.93978377816445,42.23448583723371,47.007023505516194,125.69212387625126,246.46754922725768
2020-05-13,78.59916608714809,109.95547716744879,535.3819078562204,108.3282648316013,48.948324456916225,57.03273566822069,53.42133978422113,199.18369227307625,74.5028245749594,222.66858210111826,248.26580526803747,75.28118397986431,146.72533952656065,155.9675910745605,151.73132559519112,65.55457097051419,42.06419165708007,45.96954187125372,129.94718110577492,245.02515831311192
2020-05-14,79.3261658463548,112.12004966222806,527.3935775037548,108.4540443995097,48.554227522859975,58.903984144934725,51.61250223681822,196.03320495983186,74.40324186550096,223.6091608058183,256.3988737080287,74.1868624197535,148.20105831654968,159.6594643275149,155.70605490655655,65.58419190413782,42.31189402539428,45.71716734524215,131.38523421850374,247.136629998842
2020-05-15,78.09715553373773,109.17018898397484,514.4547380373764,105.63899713229415,47.36201545507774,59.008211465284326,51.364899339179146,198.59209928340726,73.0537983692466,220.27250117404785,253.85527653534407,73.40319627337666,147.17696659261156,158.19683595856839,151.62522632790223,66.99605020793857,40.795481719504664,46.37713532829834,131.4121708130636,255.87050038667837
2020-05-18,79.73130577235399,113.48313449832241,523.6847428567379,108.63169839237533,47.50283623315879,60.1466522675152,52.15796652455445,208.06998893811976,75.8024876069962,223.98548228293373,255.540675608131,75.75640184762955,147.34265175714927,156.78904601344667,156.35538603015124,68.90826894123502,41.03259838712588,47.227291850856304,131.56429094206314,258.21772584237874
2020-05-19,79.35397201310826,108.28664646811508,501.09880823995803,106.12467187785286,45.07619201633051,56.94064246208608,51.03566758270885,204.93607013254336,72.89203154799311,227.08915489017977,248.73893123937208,75.72062745814661,148.83245378403367,158.7011673832456,157.09285190787682,69.76130827825331,40.57914764028714,45.78656243556564,129.8325341249699,245.36841845610934
2020-05-20,77.58066613740527,107.88287382177805,490.41156458836633,107.71922280654621,44.70691494139345,56.553166354811765,49.958352897049245,204.08646834983847,73.98377573729057,221.54750451006245,235.9048822647561,76.05898831973369,149.53848991314644,160.2322634091537,153.99729853471533,68.50392520763903,40.56289921768703,46.56415811462714,126.25594113121802,250.4812383722543
2020-05-21,75.59670636120127,107.68499658139527,478.47129776941716,104.20823906899606,44.7171528003363,54.47124280862997,49.05924778003758,203.11538588023606,73.19887325659087,222.89129052761666,236.9285149634381,74.09649136446302,148.44050831166686,154.85367939228567,149.1505482095095,68.53738111936313,40.592020312563115,46.110668411522326,122.22702825993036,244.5235037793727
2020-05-22,75.30882317453931,106.14413333103589,479.54240137785916,102.94489029314387,44.799604159954406,54.48698512945398,48.58887635097296,208.94467220156767,71.98898281533683,223.09252968851916,239.76534402820704,72.1015392752622,147.89692061337615,158.4082876724449,147.4431553072314,67.99861281405727,40.1251753477817,45.61166915301991,121.51491842388512,241.9542528145874
2020-05-25,75.26183786354183,107.1464521986397,471.7518917219551,103.45917722507596,44.78736550437543,54.2790056622143,48.24340561902326,204.0579749250839,71.69472239866761,219.31118897124165,241.97599456161078,70.2401194836754,147.42274122291116,157.01076576584157,147.18382937177446,68.19357278922229,40.86405503189942,46.8191346412164,120.78283891633713,238.5022322100865
2020-05-26,74.20104074803781,109.24275953179013,468.6220470495616,102.9177361156403,44.699277686062146,56.01539010236138,48.89311822581765,207.91791699446543,70.6845935371975,213.33476545915246,247.8556029860501,73.04983677015257,143.02688511177436,159.22597425023295,144.40674898738655,66.72380512191768,40.85781538096833,47.887249646026575,123.93165763881379,236.6790008543921
2020-05-27,75.84438212978331,113.10938857297621,489.592318851411,101.52096063651025,45.1496092118464,57.63036679174466,49.08949903540855,205.35785366579228,73.06065531489828,219.6125698387634,246.7760690758657,74.7101645193787,142.19263252162008,165.8796641071136,144.9277031726618,67.90555131240895,42.196527080142666,48.06237002403066,127.99154684276559,242.1376394953349
2020-05-28,75.19931540488122,112.41124339946207,481.5107967158751,103.63266241106726,45.48928726923136,57.42607513885291,49.49104345087902,215.98213326048182,71.67858543345787,217.2809268777892,239.13825712377755,71.38963375422935,143.61193571929994,165.8126106289915,143.5779390316518,66.45200873846852,42.44621275462239,47.64895197951875,125.88691264550664,236.97326562821044
2020-05-29,74.43572898690064,109.54593038606902,485.37765092040337,103.41847617093856,44.56666005913959,58.46717007069292,49.38139415999835,223.51457126423114,72.12076518162955,217.97973804894255,252.07793292845474,74.8497216151012,141.7169327672453,167.45727734438864,143.56234662896526,65.9947235617907,42.92432257081366,47.314458902845544,127.64504652618037,233.66391364372322
2020-06-01,73.81216502807123,112.75240943407317,478.41092559424663,104.26386302673245,43.71990135143035,58.2533123932469,49.335580177804566,219.4893555024124,71.59819923592649,219.0419374202481,249.20154750744564,74.75485138713267,143.34584851934807,163.00172619263162,144.2515930510014,66.79543648027928,43.73951937848402,46.40840356772281,126.3884992243092,234.67563040580606
2020-06-02,70.62010140533718,111.45753968398027,452.08608817022264,102.54925751424541,41.73573449753894,56.58276427154182,46.8086270579373,213.25744072051066,67.6143352562549,205.67684965510603,248.0032657513339,71.07719640496398,136.26246428317566,158.9276341049791,140.08471266197878,65.02438484169028,42.71739854515142,44.71146835946317,125.6958171139677,230.0972482947382
2020-06-03,70.37568781257139,110.84521468145444,450.1227985321012,103.51676202849875,41.0523575410401,55.2048718215829,47.66896827060657,205.29018115483217,63.37388350970112,206.347838530662,249.38584726060262,70.03578229590606,137.8079519171348,159.50424242949396,139.16197457292938,65.5427567310863,43.32091566300407,44.19516887652548,125.40666557371377,224.2683369970265
2020-06-04,71.26566280892871,110.56047634172364,445.1987941723666,104.38445177065367,41.5099267052443,57.55248248835891,47.2641777951121,203.51474285638741,65.46003409773526,207.5827041785968,254.02327000112092,70.64247146296715,136.87424820374628,157.44938602833963,141.156092843139,65.2880074350377,43.984906443372346,44.638438836898935,125.11785609236411,224.70508014350972
2020-06-05,70.61609663575697,110.0835086107459,437.4348975385214,103.45152181050264,41.008445676232476,56.73949217821672,46.46383315147101,196.24347037912298,64.00951580095177,211.45611940455868,259.82243529318896,67.46837164372992,135.205409850627,152.0230456305786,141.83639361077326,64.30585269826842,43.33950359001192,43.340518705594796,123.83356436957773,222.267707239659
2020-06-08,70.8925053475847,109.88131856634261,438.9343814318034,96.43724849233911,41.12716303166162,56.72131260229788,47.21624902722974,189.7619497617763,63.63827568801991,214.73517005016433,260.1237439022359,63.65999284051621,139.4845564674289,155.00230552073108,141.0999346978773,64.95114363269039,42.92964740499086,41.62625643912701,129.00102181854433,224.68084280489063
2020-06-09,72.11086667907722,112.61430306995251,432.81599030437786,97.51413399872757,42.55510718458909,57.7273030870857,48.3100462918056,188.82040281126348,64.2177868588422,220.2493799906819,257.219308065393,63.234344101719905,143.6909244229256,157.49116332342743,142.12623989043962,65.06652826716973,45.11129906148012,42.54786957748136,129.865525337652,227.78371715589077
2020-06-10,72.00587886763093,111.96312504370029,431.50423956625775,98.92850401987224,43.232053423600576,57.84478543358172,49.0885454302117,195.6909890675655,65.6543511627444,219.2956307366673,259.4962394685794,64.39217365819992,147.7109854293173,154.64909714016716,141.49661024273476,64.78236155257548,44.67900315408546,42.16667991482438,129.20429711286488,223.3295460248884
2020-06-11,71.38766409454112,110.12998347452992,431.8293741333581,97.88494805053462,43.31693619041978,57.72815123869183,47.44714738485272,194.4879661448244,66.5728859890281,215.11137974683768,259.21261399542226,66.28284943635097,146.44161894080554,144.69619306698235,138.45230500490618,63.15898413418928,43.62433464303022,41.27631369812664,131.29096844435833,220.7298785289741
2020-06-12,71.24755860405993,112.1131575624442,425.7585005877636,97.9334952817342,42.92802540287734,57.234669480740905,47.01616088286321,191.61414207194596,66.49552700802884,213.01273948600567,254.5468319383959,65.1288812636358,146.1676640861314,145.98956562809727,137.20148360375143,62.16059970091344,43.28947864897486,40.82320173506858,132.50833828148143,224.52588900875378
2020-06-15,71.09602863479607,111.35879703633184,433.15793333472897,99.17412666596492,41.859219380858754,58.45783908309074,46.3194594321172,195.30232437937622,66.85398304765374,203.94105211251977,244.97353139465207,63.92858162936873,144.41034125176967,143.349365521457,138.5918572367819,62.469240805276314,42.553612437270864,40.61682869618976,125.38519839150182,219.8482336757977
2020-06-16,71.12629520683737,111.57679880275172,421.00517337730616,98.65000865143024,41.50480805659535,57.456218548666286,46.1507798571453,197.68386856135425,66.74136766086033,194.41229998719993,234.04307919038723,64.56112972808828,139.67898167719713,143.49742439644433,137.9147719812523,61.71812629630879,43.68605084285115,40.339043487034054,122.19367442930717,217.090032182306
2020-06-17,71.64928367048506,116.24960829107194,418.77761178946884,99.3170427064058,42.249979208918894,58.16789938231468,46.916890023223075,201.11131569054155,68.17522606001675,194.82527563352414,235.53430197993325,64.63162525247711,141.81543297021622,147.45485532469658,141.0409309881407,62.988285658017844,45.0134583383586,41.419972308179915,121.14160568363671,217.48493752924566
2020-06-18,73.19773271681008,118.81765573023202,429.8026940892858,100.1982856448705,41.693380021786275,57.97808072623478,46.65796831662787,194.12173377163748,68.01302372276847,197.9150982695533,231.08894192321173,63.72367907459401,141.74998973693783,149.81303602572925,140.70438986671212,63.58825766174399,46.76861578180276,40.40822204406562,117.74106637652409,214.66591369546543
2020-06-19,73.87431894064505,120.76063995711051,443.7003455605987,98.37952065809834,42.33460253589333,59.63785683344434,46.961329048786546,196.80351738358723,67.7736333935656,194.96645527742643,237.50472964887499,63.89188598963601,144.7488300684178,150.83907922030323,140.58083394366534,63.73800143235191,48.53617245902979,41.402781456827206,119.6227092261089,219.9914732957932
2020-06-22,74.35955221265839,121.8690093269119,438.64151748166927,100.66086234002573,42.51372230500686,60.8840805779459,48.8902294032855,200.7988146649157,68.46798775660115,196.53256267296354,242.06660243820116,64.39474280971662,145.131651203324,153.3476249803065,143.5598836072287,64.39166969357308,48.75789857676327,42.710051188028444,117.35240152195084,217.85737440930336
2020-06-23,74.21541992480742,117.97752650357006,428.29955187297435,103.91855459130313,41.63566257159914,61.391769579455065,50.211933867100576,202.06962977887994,66.8018181932304,190.37210494178623,246.31665045754303,62.688890461220716,142.94469762700479,151.363326153948,143.16883601628268,63.42569676782939,49.04072358018905,41.68636394486031,115.43427569234633,217.84040837063736
2020-06-24,73.68580042114426,119.3305209149515,423.2350048744208,107.86644665044297,41.56646711628798,60.79662348810768,50.30544048015308,206.07508059556557,65.84785671840157,194.73279697840982,245.32766419909254,62.64809270737466,141.97893061233563,148.98816976731143,141.66140739638922,63.46748270740427,49.858331159482695,41.01671728875592,110.80174956794286,220.17760471151277
2020-06-25,73.53842296199282,117.86632199286451,416.6425874024851,106.3964995064757,41.47363119270915,63.086872365057225,50.196706707037805,207.96400458809748,66.89619672682332,195.21708498173558,246.32908736242905,64.1223259759441,142.50564555558645,147.737230852618,143.08873850220849,61.83103944593317,49.11023674070684,41.061351258037064,113.05682592824903,219.62930592784923
2020-06-26,73.77512920012529,118.6014890320329,424.18996805960427,111.49020145133488,41.55136423024132,63.26946433046542,49.85609953370514,204.74898924023574,68.20046494136854,195.08095887333116,244.924715436006,67.03441411699434,143.63595250287926,151.66961021536287,145.54148146347288,60.76086291262939,48.76655879647541,40.724916400695214,115.19668199600952,217.47861315249767
2020-06-29,73.66860083975033,118.54384250855335,425.740761524818,112.5091447447831,41.312073980553656,62.40194929842304,52.00528890454821,201.446855821987,70.32614757976302,199.1337468706302,244.28113530397295,66.43687219553318,140.97767696984835,148.61377549620354,146.05472439615158,61.176339171461535,46.91339544867796,42.48813309047676,114.42615558087907,212.9862410327131
2020-06-30,73.17374078616375,118.42050443415961,428.90488140045886,115.41348636655204,40.94031354774278,61.4573434178387,50.86602321679861,201.9863035632507,71.16472505845208,195.91994008260139,245.89918914577382,68.01252210800615,140.40656177296887,148.38143838791584,146.2324767111238,63.23901439515366,48.58165337185589,42.23279047942782,112.2824820560338,215.92932792135343
2020-07-01,74.01284983286266,116.83117312716588,425.6882460720507,117.18623653735871,41.03033719657191,60.60567570742911,51.536352972475186,206.19366720491962,71.86990354525801,192.99486073571927,240.73423957790905,68.05226898612747,141.81862738946032,149.21572228197977,147.31180470087878,62.495799116761134,47.976839664061785,41.40014205284863,111.79790492174612,214.22010288219636
2020-07-02,73.35064398621851,118.4634766872881,418.7690972540325,117.91466525292203,41.208790767713786,62.00370286826438,52.49786963827787,201.51140498940902,74.29942200184502,193.2913743343307,240.98120078152414,69.97588182613838,140.2243864903188,148.17259939194003,151.36287647104893,64.32794371234334,49.132816300518286,42.155095857211805,109.4941863718341,217.2874333954153
2020-07-03,75.40669903352233,118.64346403138809,426.3680593229511,119.45110571810466,40.74291984889258,62.76805440105746,51.93141986297985,195.2670200470147,73.19223220884352,189.09337350235376,238.2465345836999,68.38546433810654,140.53471396324346,149.51623437560966,151.8694556500972,65.23195787724138,50.86716895667076,41.9140987696073,109.78376870796208,214.0695836849042
2020-07-06,76.27768437792461,120.13010095675541,433.0755646438627,120.93515625544545,40.92467907181432,63.48796228483195,53.42337785070413,190.92438174562125,75.0811316026289,193.31567363504993,243.9361559103584,70.62235027227634,140.53339349154757,145.6803904766018,153.0253892242136,67.15889315761648,50.42080773471703,41.72423408965982,108.832856573448,224.26873552292696
2020-07-07,76.69054841542155,117.67873534847136,418.92471117117543,117.987921517306,41.315494627731404,65.12106817939639,53.19307636706019,192.04152945164347,72.22861410676175,186.8781007760467,240.4723440839554,69.87824392678607,139.9425754379597,144.09268959045875,151.40455486726594,67.1458280644313,49.682753293882044,40.355717015812566,107.33247368053841,226.43846307268632
2020-07-08,76.0168542465545,119.6902871047986,391.36715591798156,116.84005084362633,40.34452047881715,64.2845146328876,52.52260531822104,199.0983358207597,73.52790054618761,185.9772312044178,247.74071714669822,71.82737013724724,139.11501763035596,143.21762718338942,151.53391182118335,66.36533819864432,49.72071191458372,39.36485073059747,107.34275580925173,221.38536471228107
2020-07-09,77.47409109577067,124.97829965299582,383.2002810177887,117.8461883373008,40.66501046820349,63.86860148353626,52.27162185793419,196.94690605432191,72.35345148739378,185.86685163050032,252.67817558418798,74.93602289359409,139.2423455048289,143.03223497194188,152.20417502678075,65.5364025645971,51.1076619562753,39.039012363910636,107.69209228167104,226.30893843212567
2020-07-10,76.87961320242516,127.47740973736202,390.61638873604596,121.09869015889014,40.67835081956113,64.22042992321155,53.6405067589138,198.80473442833414,74.01972333601205,193.05647548041586,251.21108678493414,75.18201457492493,141.07908326919778,150.31443184854507,156.39710949085529,65.3079860195262,52.83155109774604,39.55766658194425,108.05876999282171,226.86152375689048
2020-07-13,77.16384073835026,128.0144262774303,387.3405515806429,119.91822217826595,41.01702325741525,64.79051628326009,54.01011774296235,199.82663188473708,73.97574623263857,193.19133962526544,251.90954703348552,75.32853281395745,139.8228087449886,149.3485381903028,156.3328807534326,65.137562420011,52.43125061262573,39.4374047749338,106.94527264938961,230.68906313868163
2020-07-14,75.2117451884959,128.7827055483525,377.68100919829806,117.03407679673715,39.66100038654531,65.21351703717535,53.35340178763132,197.69916367797197,71.51901832481109,191.19450827376855,246.74479162239098,74.23071916740268,137.45094202787664,149.00909715725746,154.43732370659544,64.80872016649182,52.09958989962826,38.05194825399502,104.62317589369025,231.6485877399249
2020-07-15,75.89405024615401,125.45791497940057,366.2452483026201,112.06189419506943,37.933525987443865,64.75984371027873,51.89577151799693,199.24493223081944,68.7135248972602,194.30704366070293,247.59375217942474,77.43032842588298,132.85310478466965,149.3582565845866,147.0512474347331,64.040836327003,50.59800196229184,37.47353513165323,101.97254039130647,227.31140737239258
2020-07-16,74.89868204620197,122.40738837799678,373.0881469105917,113.76740360026822,38.06909448024916,64.49594246909484,50.62385394636923,199.39810663445016,69.55358336671861,189.4202296030132,241.67758958333195,77.0740633091862,133.5115036593175,149.11140861048182,148.30183583907072,62.462465215399256,50.33293106784876,37.677124739833005,100.46790707062902,229.95040637332954
2020-07-17,74.62071915950116,122.15904384826452,370.3504472854706,113.68583405850768,38.54371891457197,66.9836194521816,50.48493288232455,199.45797845062086,72.33562104724058,188.06022664906152,240.55351901794205,81.19395552356534,137.85909209587183,149.85674368321625,145.72168516730142,65.4711667982676,50.979713744987606,37.78589497477004,98.37221978475797,230.16003627362483
2020-07-20,74.60931383134526,121.55317767200063,361.46177084542853,114.05827980581417,37.51909066876844,66.04251308741095,49.5408163614078,189.04779122180128,71.05789254299297,180.5561235983012,238.7215064227634,79.65787892378611,131.93515132751486,144.68704958002758,146.7645971811407,64.94317811149875,49.730512758656,36.800923872567495,99.36500268891582,228.42615562548627
2020-07-21,75.41324096385365,120.65495146073683,365.45467969302615,115.36610449027579,37.40500024079048,64.61686545513642,50.784672912111496,184.55023080250638,70.88785968033322,184.36235430086325,253.59831044405016,78.86669694511426,133.0819995687802,143.9310643235511,147.89530176060165,64.69494050456785,49.55240990799579,36.98388490810711,99.21531361743315,228.33812933782113
2020-07-22,74.42149303490119,117.16876385885236,356.5025439867833,114.09399802739146,37.267842420000235,64.7225962849617,52.283490688689135,191.30187893827565,69.08941105313528,180.40430007517935,243.89194833510192,76.68773929300649,132.5336248879905,145.54759235110703,146.27909426461557,65.3963693255148,48.53342911451952,36.58406981748386,102.48738928465238,224.92826190788284
2020-07-23,73.60919810714566,112.56988212057254,357.51560093286884,113.52234425220507,36.74916249944328,65.38857943135224,52.37754537802793,195.83945517510048,70.7864759151466,178.2825086846429,243.7776856792216,77.71034675554765,131.50089807346453,141.71419767859095,148.07356430536885,65.02633461020754,48.3822432027969,37.35434357237568,101.48269009997982,217.27926362631106
2020-07-24,73.73519381015798,112.830052701051,352.7331954568657,116.26695398068668,37.495758506213924,64.67298402884549,53.25546780136585,196.67889810403975,70.11617337005316,172.15222604914226,244.43825441618912,77.1082326314179,129.29620833965546,140.11181261407594,145.12125302197984,62.13422586987249,46.86282193527536,37.21061622027756,100.88212262415865,210.75745792385374
2020-07-27,75.41993267047214,117.9970090885601,356.00143266496275,114.11257097652599,37.40097446108771,64.82616884766348,53.05992866493416,194.22198028802566,72.64333543589869,169.176551254387,254.35007242514834,78.10762602638941,126.73461530548654,139.90953445355177,147.82188921788483,62.253743673834805,46.06758979755157,38.097169614964805,100.6952162463676,210.3018844300322
2020-07-28,76.1665749994245,116.79420744972806,347.3907750815053,115.93453536583327,37.32214475643921,64.66966601479396,53.06640530901118,189.54532804180016,71.65348102204533,167.2971673298761,261.8247623478173,76.82110571278739,124.98494391457199,140.56902821959747,147.20688361452065,61.48842651577925,46.38317067811982,37.26131992575082,97.98836260193481,210.931045481805
2020-07-29,77.4595876286384,120.51904164836698,337.95831454871444,114.70541992304496,37.1455982563163,65.98195010957281,52.601312000754334,185.8141196326673,72.13000785224938,170.38381701412834,256.880884570468,76.27588090272845,125.11801645463794,142.06026389460604,148.44626418571158,62.298724965829386,44.85679343033394,37.42317071343867,94.93158383764546,217.26381353766635
2020-07-30,79.35332331154979,119.6834430974474,346.3285617872314,111.2726281325667,35.86918370564812,66.62424147820306,52.32425750393202,187.04355213161415,71.98822553029076,167.68876230564973,254.15597144693785,75.01599089040207,124.95358518860802,142.95972864449627,146.46844544616982,61.562411912861904,44.51428141342912,37.79062700084257,94.45026077752622,218.08827613412657
2020-07-31,79.92202838577039,119.59601848357029,347.07943288907256,112.54810027020035,36.76478838563198,67.2546723829801,52.03548738235148,184.2318968214473,70.98747033655273,164.21378369173607,251.7581656928543,74.22980943118066,123.16446261744784,140.68252247579403,147.56471218911622,61.20402592978389,43.83609594135126,37.35857900160256,97.71978654288593,216.30681527576775
2020-08-03,80.15052850739151,122.3766100794698,340.44105212298246,110.40552195269508,37.00966336236539,66.372494834977,51.467587413405276,184.43174460481004,70.65311165511952,162.26670132913927,246.01080185856762,75.6184623638203,127.20045047908624,143.261696493089,148.3966393489399,60.51356634517525,44.97014832037894,37.83467753918686,97.11048748196326,220.45507230844524
2020-08-04,79.55539359994324,119.73670009010766,341.4713966031677,108.87057376723412,36.38866886984638,65.05359439918094,48.882675187432405,183.42333943169828,68.93798612246006,158.61579225752791,244.90316883063053,73.5559601664019,126.6433683578037,143.39392419946526,144.97433468680165,60.20055514203549,44.27097543342503,37.67299314880522,96.48358236414103,221.08554710794604
2020-08-05,79.89726141772664,119.12941838829234,341.27296568241707,105.2626939478666,37.12799123232537,63.61539636369068,49.56982399496576,180.11723887159363,67.9855619699919,157.04221773116348,237.20637720715806,71.81925513352796,127.66359752581738,143.2383803563229,145.71113863880677,59.80325847550237,43.26622950620475,37.7918024733351,96.2479471312718,213.90403942304056
2020-08-06,79.39528926974008,113.44909886735323,348.26917776015165,109.45293700658557,37.363695644992056,65.422089998348,51.23894500084244,183.15672752568145,67.06823104597993,165.1022815753344,233.88637588513544,69.82579177832213,130.45476984027982,145.74237862821596,148.61060556674553,62.61508444241826,44.324170657164004,37.76780721464077,97.97179352730367,216.57682071839378
2020-08-07,79.55075097144298,114.14888762238115,343.9730595218864,105.33050261257422,37.62085730492354,64.6901304741545,49.78920550008094,178.2950214414877,66.24991085442272,160.72729092302765,225.2060491962338,68.00427246524212,129.54617785503243,141.75843110052406,149.89744839783293,61.96711745230348,42.55364395472297,36.90897915550101,96.28436215177044,217.2363038863286
2020-08-10,78.95946566356793,112.61018338596186,345.5142310499389,109.1193335697584,36.175023833224245,64.77338443971473,50.32367756820153,171.16753137654229,65.62784278004723,159.65666786716116,229.6089491972258,65.7690353302938,127.35304692967671,139.19681636321982,148.06873311827616,60.30188447939841,42.744110770107966,36.73389402835741,95.09834793433316,212.85692416351503
2020-08-11,78.01692336890471,113.72720341289047,349.6602551400081,109.97246968123193,36.521454364104585,65.84214187599895,49.80165708242302,169.57687168646135,64.80810701094592,154.47692328153036,225.89738341600335,65.62460169630894,126.4744398561641,137.64965605335505,146.30812691868,59.4184170319786,42.05871738462753,37.64842757300024,92.20868755832902,207.91130816915674
2020-08-12,75.91389562952935,114.099246048292,345.78399613996373,111.43585057747018,36.105659048783444,66.23545740621606,49.94338232771767,163.22639794762742,64.64887696211868,153.1384361158192,227.85610652496868,63.3708219448431,124.45124351734664,134.7592876745045,148.25769216463686,59.343352825572865,42.18896145301057,36.919635408956445,92.87153214094012,209.4174211796785
2020-08-13,76.14084027057064,117.23558872610282,338.66462751980487,108.3745223922346,35.88464169377498,67.10562434444532,49.23746868143332,158.50562049915172,64.13642416755246,153.98929401517483,217.02909113338447,63.68849983405612,124.20894832683629,133.70446463155105,146.9362485992677,59.17411881450894,42.445343392723444,37.044577257465285,96.75435187244693,210.90319006476642
2020-08-14,76.63742113300074,121.49677585977398,325.3440947228874,111.48271690568313,35.67043872507096,65.33900686850936,48.80828947951516,158.64655883435418,66.3409943400288,154.37689364235626,219.09405024473074,63.80640306082526,123.99036090528455,137.12994726281454,148.41487827836855,61.169192408890694,43.4162379594618,37.20425345082122,99.61304996492524,207.71785847914447
2020-08-17,76.10538616741401,123.34538292581819,315.7796275455492,110.27893789896635,34.95805626761019,66.4389432736585,48.98509517576542,152.212042648996,65.6780137691929,151.57101867768407,226.36519562158895,63.671817846551676,122.72778737675355,136.56736514284884,146.32005450352653,61.32375457385018,42.89844212435269,36.33528438541038,98.5059130620195,208.78378121433323
2020-08-18,75.51205625842563,124.66098500540899,312.20037178578207,112.90020420708296,34.87418737442499,66.12177012186041,49.32338439915741,148.73653853598373,65.2036565433521,147.53293428654325,226.70018170753954,61.371286583941774,125.01078736124005,132.87814612047728,144.00752418642446,61.30603665119195,42.30873399659681,36.32753040049279,95.14508431178196,204.57201951835287
2020-08-19,76.59336382039056,122.51443999409123,314.8930915927608,114.77525295994043,35.666066416102595,65.46250490824156,49.66005219605552,146.13934424777284,65.66250209516343,147.30194298403805,228.06189223236382,60.368794645146465,129.56216343940574,132.13022730702,145.24899287685713,61.711338644272814,42.847960802995296,36.66694780199581,95.20767718963972,203.5150996006229
2020-08-20,74.62624408650403,119.91104967227746,307.90120424908525,110.40038996067085,35.59923142176556,66.20064016389635,50.710607207119274,148.1587082017858,65.49442650635531,147.5624104956595,224.5423281921209,61.19178932286616,131.6287670208694,133.68392329218963,144.0666434107788,61.492982357131886,42.65086429715107,37.24043293739537,97.67397269229147,205.7267179378261
2020-08-21,75.64304502467009,119.63652922011427,292.94486419604806,106.34554503175725,35.78283799952292,65.58475386434742,49.84489138681076,143.6729407591117,64.52271973473604,144.90573898658843,221.4642919248865,61.01343784546849,133.6081605785895,132.40396705108932,145.3202219754172,60.29761336913996,44.507934895534085,37.11687701100829,97.54520254975833,208.30808963997944
2020-08-24,76.99256286955531,119.14900326227364,283.39861120164323,108.69297871197122,35.1951074889865,65.53040485136982,49.443251528045764,141.95614083480413,63.93704970437293,143.21556912162987,218.86210647910235,60.95901754808306,133.18591240460646,132.89348837373817,149.40707041872798,58.23236925280631,44.847901417192794,36.32996504449318,93.64689434883067,202.38803392123629
2020-08-25,77.80950763865702,117.51169957163451,289.8378595852631,107.07877547639006,35.631600659797535,65.99212759484413,48.93845985154938,139.52030443363844,63.52623410821568,144.83060598333634,224.58802525873375,60.76006183701883,131.63602573112797,133.32610285181568,147.56358094887267,57.89198542911706,44.999540755395564,36.08132940265427,94.6258204579569,205.34454888749985
2020-08-26,79.54629180189661,119.39735779998894,300.6039378573411,105.3057308573328,36.278729208168556,67.70438804261059,48.20490922909436,149.54064627455648,63.70323798842818,148.68948095135028,228.41666089017843,63.45565916734368,132.921351211549,135.2924586628934,150.38063824280235,58.35659916687977,45.95531030062086,36.12814023294078,97.42236926681029,206.55137228432437
2020-08-27,77.32754590799816,120.60780298390144,307.5850484957541,104.73274355867534,36.60033697603469,67.92902375908707,48.5867314537937,151.971240920086,64.21278238871064,149.33359889001989,240.75874975506932,63.960075096289444,133.75488066712478,136.004644012074,153.57394603241897,58.607812697381554,45.968009587563834,35.9458494537609,98.7695397130854,208.9394582799958
2020-08-28,74.54340751135636,120.9006433543811,300.88984523445816,103.97037757023865,35.878669212789866,66.98067187938932,47.44197974028916,150.74561328901456,63.13860572460666,148.60977062665987,239.18392333638457,62.42301027984258,129.62066798885994,132.5600255040998,150.29503771475808,57.48913910337281,44.05264902941566,35.12299849241362,99.0775198287167,204.22187555676865
2020-08-31,73.8535242700969,118.24217325154599,301.6468014982395,101.63454850022886,35.75491337732521,65.17233603553908,45.77159993306432,150.50705261974298,63.787081820295164,149.048114055561,232.09827142867348,61.995787428008974,129.0285615565153,129.34534947753417,147.6492415764896,58.716673179989535,42.937250856925665,34.31996683581013,101.5809962079445,203.27919265618547
2020-09-01,75.08543722242655,118.20750746584355,301.13521330767963,107.26830200474686,35.57372929054514,66.06856126600654,45.53134169529851,153.16763134950608,63.28219370367168,156.1068986357573,229.79317407268616,62.1528905692529,131.8220790543113,130.08068448920082,150.84873511272895,59.080363415602804,43.63433907563761,34.208115642496935,102.34055394514368,210.87171372181206
2020-09-02,75.90232912229165,120.07008587239189,299.60831940627367,109.4052080927262,36.68060322260885,66.54561685319256,46.077609496666646,151.02899249725064,61.52342977316085,156.4387646448766,235.78289566161467,60.10703193961383,134.54582258271128,129.9790357275219,153.88013317291632,61.016490636051124,45.65605530178234,34.1034967773935,104.85160003923683,209.96835768193353
2020-09-03,74.75025894144952,119.77864370662948,304.1426259121363,109.48003132254041,37.24088986480112,67.70030643143636,45.24601243785354,151.82764959492616,63.09942549475982,151.08810072016928,234.7195470348413,60.33909845678377,130.73970209322584,131.81168978167116,154.6774246690582,62.23765498693254,45.87451060410779,33.58763478437629,108.4347835601499,212.50090620577214
2020-09-04,73.59168050734786,121.41262300957536,310.6685008511307,101.79061708163164,37.409167554473,66.76812189235137,46.47476523552121,151.383003028233,65.001117215066,152.0633345930212,238.50493378306527,60.09028666336545,131.5645532263328,130.28270005933626,153.93675040530778,62.66991936245723,45.32756111694361,34.57870512401926,108.50767603968744,216.96777819069706
2020-09-07,73.8497512653113,120.49591149686205,310.3458991871994,101.31577078560537,36.38555530394976,67.35709417908451,45.86656661391101,152.91669338359787,66.91880649773212,150.87558862799406,242.8495897955865,60.49306434397923,131.51748175036485,130.26449384876244,152.45441336460757,62.77383912321693,42.69929069056743,35.190470716268145,106.54517626063914,213.56760732616283
2020-09-08,73.5716787859286,122.08723817837347,311.32848461612843,102.18492122609227,37.387583446516224,67.12318157665402,46.3713410342669,147.55157947276592,66.93433827729457,151.13019573288696,248.17523012338114,61.74443806613662,134.55184995404403,132.07165712182217,150.64718136806593,62.54125565398329,43.504779367101456,36.59941798409475,106.90105992780067,217.09223248970264
2020-09-09,73.84158515045432,121.39233073155886,309.05819652020296,102.75200517087463,37.926618628592124,69.42711366420494,44.56616852302832,145.99813539423155,68.51324554735773,151.63728664786424,256.8831394643224,63.63728691775564,136.54961064428036,135.46581174741695,151.20731504942594,63.71222527861239,45.685566591532876,36.805723866133526,106.84275052735035,221.53422198588666
2020-09-10,72.73421081325709,120.95815493171325,310.27555883042334,105.21852054986431,38.04906628633559,68.32306181584228,44.828272013712116,144.83709571489484,68.54600137479129,147.172170648054,256.0266042645582,64.87818805617692,138.2234140887435,134.8746963713255,155.3341527992424,61.68640444155666,44.82575090389014,36.171687076648375,106.52089711920725,221.92154847025577
2020-09-11,73.69370896991462,127.3901016677359,324.56773781418747,107.76779548148897,38.88402047949155,71.29239426218585,45.0875812212666,146.3900315986528,72.25565088307614,154.1729630377099,258.1760540055164,66.65679485157852,141.6846348322432,136.89758773043383,159.2173200702104,63.64753025183964,44.67238027593247,37.750384718414985,110.0509767797727,232.38698653548477
2020-09-14,76.6067267801451,124.58367465226965,329.2674685824903,108.00857107322851,38.54283446455778,72.20489223155937,44.44952558634599,148.2931382481092,73.10430990414008,157.01252691243954,252.16542879174952,65.26853245265954,142.68835340592565,133.30650441075022,156.90190738500513,64.8554125248835,43.581996086618226,37.37205296659524,108.71760804600208,226.71518352026328
2020-09-15,76.44186774893268,124.91446713835639,319.99738930171736,105.03388741627852,38.67017782157646,76.13622099313046,44.22723529838125,149.7736359128898,73.91516533461655,156.70572921114896,245.21655502837984,64.71143728079407,138.41473780266472,132.20998732493985,158.09986598021635,65.8765812033626,43.049237172457715,37.30929802792251,107.66562533695642,231.79374262139504
2020-09-16,75.97903346016292,123.09543066210057,320.1452714577181,102.13487333881554,38.496943023932026,74.53786348715334,44.26551633906933,149.93711616147033,76.77488863472756,157.98124780604752,241.29225786870205,64.51238100533355,139.98060633658918,126.95931257946634,155.3334031483175,66.10769435269384,42.49720940407349,36.71961659565317,105.88738176257792,237.2692214969623
2020-09-17,75.8635467171751,120.69481594070342,316.13673298892587,102.72325358309219,38.473523283426985,76.75017630422403,44.9625185347824,148.08112962453168,76.07472793380536,160.74201257021244,245.94602735838728,66.819467089655,139.51052589535914,125.42264340248803,149.51535695956036,65.52694752256562,43.141296168058496,37.490346147943356,102.98281558243707,241.87843961707875
2020-09-18,76.41292804559677,122.19680609949933,320.48427360802714,103.53895279465803,38.961164869206264,79.64559553084688,45.64465018758074,151.97209536206046,77.09919285362123,168.8631972146022,237.3468481647017,68.09341210555564,143.4559952204415,129.9789771821601,149.40298818292598,65.97742364523522,45.1574308045129,38.67990459937075,103.779600702466,246.38539468688413
2020-09-21,76.43218919688573,125.26501136543544,320.18757983728517,100.98515172172905,39.41093532965534,78.77693555309867,44.589533768028275,149.45893067465008,77.35041510114249,174.59972270556324,235.44706449852643,69.6400330647938,145.1670192205039,128.77113479101254,153.34424421894727,66.4423250104193,44.784542406583675,39.84373158418259,104.1058211560237,247.4007427130883
2020-09-22,74.55328171472868,125.4362462288024,310.8636448195814,102.75071835394083,38.244123619001705,79.66869611814228,46.220755403330536,150.98977920563775,76.0838684384719,170.00526526048492,225.53053046677508,69.66396631449179,149.85395519513398,129.34661420667612,151.8050096392603,65.87155555088383,45.320364589026084,39.993396831020185,105.6765240663829,241.6905537132309
2020-09-23,75.35221151482584,126.49506302481466,323.91617563451405,103.84436702828327,38.9672180836096,80.89289888663524,46.18979324281105,152.30308825611377,76.04092099700522,170.5752240277512,220.8182966129765,70.65460380058633,150.7352075457633,129.76983942693803,151.1453751441448,65.8129179612911,45.17616423421716,40.05639238424678,108.59938394068662,246.95817958873093
2020-09-24,73.80596159077818,125.70895099610591,313.7080247233412,100.21749619345769,38.30313214239862,79.29451607916525,45.82395974736832,150.32144861095753,75.44737790561724,169.7573389678874,226.44728407608426,68.76757889748588,146.74629153933614,128.1439052845484,149.51332728587084,63.37787673587606,43.648471904001354,39.89581182103699,107.10436494480115,240.68392500301664
2020-09-25,74.24146645326597,123.91393317896174,316.3472414552671,100.13090563584501,37.50553356558812,82.1922414174512,45.643924100830404,148.09319333103548,75.10591884943356,163.5315798242378,221.1785481242381,69.11450665979068,148.70508130465348,129.0436497699153,152.4300369302443,63.14973519375194,43.501626345197046,39.6608714000438,106.64171886311843,242.1261045251606
2020-09-28,72.96347758053928,123.25663093675996,305.6505156762579,103.34734126946398,37.21159780425752,80.60720695578743,44.64459411612312,146.69088656251412,74.73895192072249,164.31277053827463,215.6878330800908,67.54318438740194,144.90455139119123,126.62136803395018,147.80726193011506,63.28659060039617,43.09794844592653,38.95604049762229,104.94399954731526,234.36930455861716
2020-09-29,71.88028946297854,118.69788058077104,300.0171544093684,105.98409834171451,35.542369923510044,81.45478743346774,43.282201291633434,139.70405182753646,72.75098018798292,159.78919997793565,215.14694004729614,65.44855513285597,144.53755127342254,124.15503562009677,153.23609663146038,62.08164677818018,42.237898964403854,39.26691328735455,106.52357831745502,230.76877288662934
2020-09-30,72.92370998111507,118.40519297071202,299.2900046689953,107.52668408184697,35.22613877706597,81.20463654898224,43.647836414415,140.95504672644196,73.17675124922266,159.19006542406743,224.61346602238788,65.30208637704176,141.73388728949558,125.45249337258277,153.17172078061012,63.276539263595545,42.59864191384472,37.95818242115538,107.00676511966275,234.36765660347726
2020-10-01,71.9834873211833,116.57937208238211,295.9349185452249,104.9802215363817,35.2608592136104,79.26603371492716,43.108043763562094,132.85689617632883,71.60039748255326,152.789358358018,217.37466342021673,63.87188889300412,140.56376678016005,127.20835556571114,148.81512093066073,61.99319676735237,42.69346066550512,37.44791016294018,106.1244633813044,238.18124374044598
2020-10-02,71.31075017789642,118.61415879964424,297.76512263514195,104.50866667092416,34.47268332912002,77.19654954450509,42.63366923683772,131.10605495545167,69.51802402059332,155.5294207737532,210.31590850848914,63.49755819070255,142.7050128702682,126.10077204433067,144.33509728024316,61.05384381412356,43.57835125331967,36.82430082482659,106.31940395510196,241.91674825953643
2020-10-05,69.56421872890502,119.7347616067955,281.9949811061492,105.71908853925781,34.85236040348683,76.27871758575014,41.70527823367973,131.64208361590224,70.05409448230296,153.53518049447945,209.8088755868448,67.76955846982044,139.6870796418718,125.88988401087687,143.7336721566032,60.487234222008404,43.32276064039629,36.78227865678971,105.60057028216598,243.24370733242299
2020-10-06,67.5448602512198,121.75114045345066,288.97156709871274,110.32080501438014,35.10694280704087,73.91893821845807,42.10726796327631,137.08261812105755,69.26865171537872,156.9327435606006,218.17134607411126,68.79234441529672,140.61126682548797,129.73009290180516,145.84666983250813,60.567206133935876,41.81034681221733,38.446432573811926,106.47972444612219,246.98667527400752
2020-10-07,65.73464799194154,122.8883501471926,283.5602853837851,112.09128287781145,34.48439870890841,73.69342442266367,41.45616785856586,134.35029321696382,69.99424588048053,152.19842789019995,215.01182100410372,68.85780073533654,138.65054592317804,128.13686181281238,147.8997019448268,60.82586952533989,41.62654453973203,38.764116465131714,103.42807641038046,248.8771112534068
2020-10-08,66.11777936602535,124.13958922033498,288.2739655403688,110.10174660119624,34.92785284608833,76.14810484309798,41.88302718921264,133.75183892592483,70.44921837652691,147.37154325207527,212.24777844679136,69.76376746994471,140.37540078731766,132.98677367097613,147.47542476467012,61.181242281920596,39.484873112735436,38.72256832852587,106.92228085211165,248.50051712960754
2020-10-09,65.82680295565035,127.73757710084494,285.75448960341123,106.83643779802766,35.69135753990171,77.1585339722967,41.79755497675577,135.47377722664794,71.01997741122472,153.9204141961099,206.4572411683364,70.59814010346565,138.4994255942185,134.95598377732347,149.8795476101522,61.005447637207574,39.36580807525314,38.91588402783809,108.93325177402022,251.72696930405354
2020-10-12,64.56113237609827,129.6186798469969,293.6640440794897,106.18910745218832,35.57321613368828,73.91625858985927,40.87330234706956,123.92712757100543,71.49106191002828,153.22183300558564,195.48029947538018,68.77900872851022,135.41569370726836,133.94316649846542,148.01929270526347,60.638356702899664,38.944162366659235,39.08554644084573,104.38118889386664,255.97906636911532
2020-10-13,62.62290246037713,132.14502598876672,293.6152878743871,105.18448535067789,35.90022446315055,73.85822642296495,41.17222517694636,126.88550315599379,73.04708446118994,157.11974439458933,194.02202489632305,70.62126430945895,133.39340980856113,132.88918071688818,147.1692625339927,60.266522895655854,38.824263163024035,38.103704025036286,106.00518286903753,253.99457273130758
2020-10-14,60.666542680860374,128.73519075610415,304.84669084220036,107.01567476322724,34.74213773819231,75.81584900316552,42.35207055162453,127.31320145899164,73.23652642231548,157.7729959268011,194.90746698975525,68.44291325541364,129.57666352943374,131.65257762027207,145.54289714164162,58.34800619222139,38.15533313637567,37.05871355629424,103.93532020197308,253.31637929176932
2020-10-15,59.87932733802238,134.64068344041462,307.3347670536951,107.88383029263174,34.469328723298446,76.63978708618778,42.84540230001264,126.2471165839585,72.27351850045216,157.58435279066583,190.3035256908512,68.20495795978287,129.43804924225537,132.0268729550516,148.70378023930658,57.730702787525516,39.63889598849777,37.003756683953824,106.14857934104602,249.49557970090225
2020-10-16,62.218105388890976,136.86184439934132,309.44424276206956,106.97330298066434,35.77650014210415,78.47371025175157,43.83516331410033,127.65295835006084,71.71668629350086,157.0100011406181,189.88978223044532,69.023534542513,131.1611062936872,136.98640588889094,148.00646892401733,58.75187262919951,40.4921610355258,37.21516218295314,109.44837329385973,250.5080051098874
2020-10-19,62.3766203751809,137.97108574816315,319.7393671940457,105.57557960367546,36.870493628844784,80.72582867495653,44.72290430564615,127.64794534971621,74.32670664819058,159.5128872444273,190.89622061706433,71.88095724881502,135.1184601668353,139.26614316874466,150.79636708999288,61.56644455829819,39.520896661159384,38.75708089348837,111.27573053002304,255.2282760074874
2020-10-20,62.92027689771675,137.03800591197935,318.2180963074685,106.36862373957305,36.34770682613182,79.34546243155937,45.389717588025405,129.03486425558492,74.44037813331532,158.53653149740393,191.35629293572026,71.85923476635371,134.22712957489435,137.83725442391736,148.47131663243886,60.01436011056707,38.9902150821101,38.713931857677686,111.4936212572494,250.12335726528406
2020-10-21,62.75767522204722,139.65633444270424,316.0275154629946,107.6600626772147,36.406184750296674,80.66191159682687,45.827904064309955,129.19308898930652,75.01417405420263,163.4346417656885,185.8100319791393,71.22332326195537,133.09859454264017,140.93568871818078,150.38220552692323,59.986043823098505,37.959972695283774,39.967679500048575,113.50644135381198,249.62109727895603
2020-10-22,62.27144630351297,138.8371025720567,321.7096756102878,110.28237451624356,36.50512386306826,81.87894238885941,47.727594592342214,133.73876694435188,77.04008782440984,163.04061585853754,185.6050933470463,72.693101268608,135.77766129940957,145.31876248886067,148.80029594525507,60.47312439397042,38.431218499290914,40.448817770031575,116.62009048318657,253.87401171924603
2020-10-23,62.49362426342629,141.1773416701667,323.2226357539683,112.67479121084567,37.166412838416925,84.82434072443607,47.91376854772647,132.16790519624388,76.36863035086225,161.9062912279757,185.68825989053147,72.53483487576628,138.25927518503778,149.3037174945566,150.40771254906886,60.63349973730418,39.26986521897212,40.83499629510703,115.25872526484554,251.2183328427649
2020-10-26,63.92103152966588,141.26769146113662,331.02471317625736,110.67828852451795,37.68254237073161,85.59842487329881,48.45336197244386,131.85662209497244,76.75604061207538,161.54422121252875,185.07583162270026,74.41349538987713,138.3319310411251,146.60055809373407,150.52450352444978,61.31237554999301,37.8582207654107,41.419836967619744,112.2253452918588,252.7283256838304
2020-10-27,63.16065212413234,142.75827446216164,320.57604138362797,108.68741763445533,37.21524008633722,86.34761245824365,50.342288010103765,133.0445547781603,74.96038897160416,161.3149616792573,181.88187591132757,73.72319153984247,139.39808907357008,147.7552652485626,146.6249637065166,61.37952541689526,39.27531242308946,41.54166357203766,112.86419199244088,250.89760330602812
2020-10-28,63.17302748207068,144.14558120691433,320.0431637619802,113.85143296988566,36.97178969158622,89.2861563400492,49.99363840590661,136.4948987803762,76.10966040543376,160.90048273886697,190.21213988470217,74.98620332074502,140.40700200577987,148.39756456650932,147.5110512064997,61.80620794074691,39.90683480986455,42.43050078085238,112.41982737705752,258.5954951292793
2020-10-29,62.890052896926676,145.17371384617527,316.32524583628077,112.48737402916264,36.848443517210164,88.10650637414678,49.84140421575126,133.99261358377305,75.51833309494279,159.45043928499163,187.4446147653301,75.99671029028156,140.06502435619666,149.63481094043203,148.62733217977865,64.57199559849512,40.396019364322406,43.170606655862166,111.95826049464777,258.8092517720065
2020-10-30,62.98746065623142,144.40995896383762,321.16921346503165,113.35266426548863,36.82646010760739,86.57549023786905,49.129119015350014,133.46181640719288,75.13281156241808,159.86932123520285,186.34212976416072,74.16949133786308,135.83586428617534,150.62717676358085,144.92989183271945,64.10635188805098,40.53792329147518,42.9063853092165,112.35149168778446,251.9045102995399
2020-11-02,61.95296789929664,148.3084917774721,324.9930319523922,114.75375122105105,36.83923149245922,88.02066004346524,49.23361885824676,137.47987496316475,76.59049173473021,163.94429443225255,189.86628054306453,77.52574937541544,134.22571640771926,150.45758431140752,145.6310092683295,66.61914668915884,41.384272922637216,42.513723219031206,116.2327034597154,254.27930111086664
2020-11-03,61.14917799854802,143.69961070734453,321.6304028631806,116.48311487172609,36.53062356432711,87.18786579510699,49.66997124737615,139.8975453056376,76.67539921613803,163.47642506006648,190.4592172440993,76.22758663259134,130.86605023274285,150.2089739411148,141.717402725588,66.15964550730368,39.824128790360454,42.58144344197726,118.98103347238879,243.88172161901716
2020-11-04,62.33594569041542,146.53373835225617,317.05349022030674,117.12872824305393,36.47883095003431,88.93511804954713,49.291755869421465,143.01607221261887,76.82022310460222,167.33915241354202,193.4471991231141,77.4571100929792,131.0955698315876,153.91675396369848,144.170085713477,66.74360577853447,39.3655299132747,42.37450097541309,120.19945012956775,249.53761024772925
2020-11-05,64.36929494515488,147.12553080800993,313.0614694563016,118.93323958927887,37.32999794964378,89.1495147491567,49.8702316930406,144.9677796455994,78.40501802332588,172.5586270607972,200.932784401717,76.49777792237624,130.6935423732388,160.162091484264,146.81275767589165,66.74261994171066,40.83091658465932,42.80978741149617,120.25577707506008,250.77188677000242
2020-11-06,63.37787776593279,146.43297288556042,318.5561418991294,120.38019766159171,37.57999595508686,88.21009614390898,50.811270962476776,147.2799312120512,77.64947593310195,174.50177964327565,198.3271580402797,74.59565474999744,129.26590405771051,156.64244371664623,145.1362985227595,68.33329705179453,41.47734971376586,43.968496633462344,118.61451485857621,252.22904736804404
2020-11-09,62.61820965426027,143.9247081850925,314.4098348028789,120.67980823000808,37.404252054107936,86.44211830216193,49.69944492217508,148.43967632195546,79.1220478748282,173.99291896297476,191.77690239405902,72.32958019919829,125.52478861160071,157.04117766522546,143.6632296876449,68.25306659325841,39.0381951665874,43.04092919900025,115.50249241041836,247.14143365618548
2020-11-10,61.85855065115024,140.43140983263126,303.25491735986895,117.0155493740338,37.24211006097969,83.94636192130766,48.45364621893959,146.27141818373022,79.36011075198928,170.64909287135808,186.75293197648634,70.18340248820559,124.00967292655916,151.92584588281312,140.45285136183526,65.64873957942741,40.01832899537689,42.320067183615855,114.26741387971413,244.04545074306435
2020-11-11,62.40549642691487,143.64178161940876,305.55409964565825,117.40159647412534,37.581384102925995,83.31550419052694,47.353009011016816,142.30643512842718,77.98307317561371,170.94048339381933,187.29347576271144,69.25485845958283,121.5583402654393,152.74820413001132,143.34698686285995,66.67954809929688,40.18028145581457,42.70412017159917,113.31459914834085,240.79495274718425
2020-11-12,62.82869159289263,139.98152766236615,311.92126762368065,118.38687031204685,36.59486369279902,84.22710973997086,46.70652306540128,136.1768648119085,79.40197933304401,173.1132800323594,181.195233551302,69.08188192283477,121.01364879798685,153.1532210960939,142.403317254994,66.13038655130141,41.27104925557778,41.72756522962392,113.02228164740792,245.85002507693946
2020-11-13,63.477516005106786,140.68026722870962,319.9680230932663,117.28272004885682,37.04599290838546,85.7293540312384,48.1153015556253,138.58845348750006,84.26183430003786,180.13415630907798,180.02288413508953,68.95010224397754,120.720875193359,158.59071059808392,142.9040542325245,67.41533733215388,40.74525937555816,41.573528052616126,114.35451491660112,244.5108611078775
2020-11-16,61.93870296383533,140.36596293529678,310.9150892188582,118.59947354616187,36.335004429524545,86.89506304413024,46.80424294983405,128.8242695845038,82.6778909118241,173.872805393347,169.01141268695625,67.42363505832631,118.24261694453682,155.97688163947117,140.56273128441427,65.76747335928346,40.87271760213797,40.129998006085074,112.74310218625625,237.0185208522228
2020-11-17,63.62268777877251,141.78206246125242,319.38812359084056,120.37441185907788,36.2635753387095,86.30556657513864,46.2964422790705,131.85347310129742,81.75716884007412,174.7434291635397,166.37750528579284,67.90225450833132,118.21259476907683,160.0461620210414,143.5264873300725,64.39317309915891,39.9088316708137,39.808384774619526,115.1635613552826,239.926257186457
2020-11-18,62.595232677139975,138.5841238507867,306.6999616360216,122.54185128820599,35.64560363322329,86.30973657243129,45.79469604254265,129.1039997321137,83.4288292192869,174.18017139455304,166.61212173838135,67.41642257703363,117.50679073530402,159.51221769092015,144.80965070144939,65.26027713940319,39.236473379267515,39.56025657583683,108.7770366152952,238.19271351345026
2020-11-19,62.64579664929299,140.15085547250396,304.80830134699977,121.42860727757554,35.6614253790187,85.65432893595649,45.43604436282021,124.66200524922961,84.6889032294516,167.4473640955509,162.05733892438448,68.1359652538481,116.97223914747305,156.2090777131797,143.71146849095533,65.307464246582,38.21606965934323,38.48950099276136,110.50992583448796,240.3811713683575
2020-11-20,63.52460161274069,137.16665563656548,306.17940109718205,114.17523442691405,35.95004913191692,84.92670582969045,44.58901201866876,124.89429850600986,84.02047503839657,161.2816229239902,158.74990061463302,68.09185624250034,116.00674995299671,152.35399354182525,142.09168594034915,65.14301367312562,38.968937793195956,37.844706778611254,109.4049418854797,235.48830668955398
2020-11-23,64.84381556074528,135.68025396946945,307.5596065294509,114.33537603533325,36.145896761864826,82.13705587300231,45.39769789188499,124.45159287716234,84.6792677927921,159.64637718662195,161.28701915039647,70.41584715460347,117.08566106961496,151.68405710056004,141.27808342740255,64.78986914754483,38.33343460510163,37.75307388218418,108.24062162389852,237.04129816172667
2020-11-24,66.98485245175539,135.98153973770388,305.561038503735,115.20547226285248,37.33840247136434,82.67124416712454,46.4726417800448,126.58852615747061,85.74579754345586,156.94627413389102,164.331517341401,71.07578015542717,119.34823087047333,152.15174663539688,146.99191710583378,63.8239226987746,39.50441988750386,38.0264683730692,109.1242100617741,239.18461013141322
2020-11-25,67.84410011061479,132.48249096291747,300.9031363534438,115.45537783795008,37.176552920630364,82.1149643697286,46.656445311204195,131.19295111114283,85.80644714832677,155.74194860091777,172.42291730764438,70.04126414835638,115.10843581987129,150.6219659391441,150.91361432758555,65.72503221134863,41.151254521865496,38.4814604037398,112.54617531991688,237.44707648763506
2020-11-26,68.03068934243672,134.32383579607227,296.4545599576005,119.29853760908576,36.75727241944412,81.88072934043073,46.902923276702154,129.87387979521102,86.82144369366272,158.91150092329437,173.07965480561572,70.30965043867249,116.78180510682184,153.36618901447926,156.10380848071074,64.82965060281114,41.94641033641605,38.16295650233979,113.32207587450817,239.72044751423374
2020-11-27,69.39497492254539,137.3281767236238,307.1827956486564,118.86269991908105,36.98284120965437,81.57947899036066,47.95011510576402,134.08081442932408,90.13401497428107,159.8169270207864,177.9937824633371,69.4795335592978,116.89629717699762,153.86374846541167,157.82903650852452,64.28139605625917,41.63905031744667,38.76356207217479,116.74016831993053,238.59201247583482
2020-11-30,69.52447283054579,141.51659463049256,308.8650793679272,114.1707518295741,37.882766970657705,85.88953824744816,49.7686556842663,136.28224475836228,90.24933807914417,160.87364914321702,180.32202593478937,69.090318134199,119.56499575526566,153.40753648045438,157.78640997145467,63.45192123885052,41.36120320531284,38.13018627979022,115.99747658914886,245.67202648605857
2020-12-01,68.93124358541561,140.97756441577002,303.93740587084096,109.50392615508333,37.095570471250994,85.45593552257466,49.52302084681096,130.88256688571042,88.38076401233867,154.92650672488722,180.90347500936187,67.70852351170396,117.98768830469938,152.39368679580548,157.56914419147242,64.02466980654214,40.30028586715666,38.52192378677243,115.71224017752353,240.84466518018647
2020-12-02,66.50793167335634,137.8006518764307,303.02785777235164,108.46083962832763,36.6878874432096,81.48836555965075,50.86592941516788,125.36755134284984,87.42343644796405,146.6616967620977,179.4962066295449,67.07258579987513,115.4426028601582,155.85570773656633,154.74177238765714,63.900308348713395,40.22966209808569,37.493496124534914,114.43885419083627,229.7841126687881
2020-12-03,67.34305115343109,140.13285298393748,317.3605010213681,111.61745393461393,37.3719165023729,83.74238138258603,50.50380544394546,127.44594479820333,86.88048312847641,147.6209078018571,183.54750087511755,65.99530535304801,118.13422200202933,158.59116819843277,156.14721099868498,65.24346808720014,41.346004303667584,37.59722982314306,114.64788349598717,229.61693719405903
2020-12-04,67.60375467635536,140.8407571882525,307.03293361239713,112.09342074057218,36.956730351575715,81.59846699507492,50.32865611806674,128.72984188090433,86.20396149122693,144.13738696983518,181.26910175588966,65.70795739676707,115.44184801890869,159.86016922918685,157.0436760405302,66.09613889594398,41.00914883828758,37.99797652099158,114.51974207133996,220.98209940233141
2020-12-07,67.01665006406387,138.12024826761436,302.3439534165448,106.48535101053115,36.74695068353377,79.26906629590682,49.84235404694405,125.25472823625061,84.10707956657822,139.83870631634292,174.7853901087685,65.88743950633854,114.69564002728129,159.40357760505228,154.1325884241008,65.22063444753674,41.104162414613,38.2002770496758,113.76185378020358,228.59548847059895
2020-12-08,65.88681510324399,136.7060037213543,303.76362253156174,108.64015197032188,36.356733642571875,80.03140997570752,48.702128715583456,128.35576793948576,83.87107759116661,138.01905556227283,176.4290653149673,64.8317296699899,112.83982654353969,161.60068611500023,151.15330289908337,65.41602488398449,41.849596995346474,38.08514083238433,113.17537867712322,223.00672027812024
2020-12-09,66.56121201845914,136.96466329944764,295.8978894661126,107.97329548808574,35.29869644258204,77.18688813016408,47.114946073013705,124.87346025482096,80.59544380918877,137.29783586654492,171.31439758469787,60.844509152887774,109.61823250981338,159.83172431520325,150.2322071346406,64.61571361858988,41.525971368455835,37.6252921211125,107.34103390053167,218.5469876278018
2020-12-10,67.28512568664267,139.0310383772274,291.1658380615651,105.29973859079617,35.349490631625876,80.21919533041523,47.354284162028364,126.51939289856223,79.73412936615058,137.4002835233387,173.17971345209867,59.01149805665637,110.66816643989439,160.61428617099796,146.95880902092128,65.81035626186703,41.971263356749695,37.875256774536936,105.86024423984904,216.26587312761563
2020-12-11,67.38678468384514,139.1574534987439,285.96051551692943,102.81298745169734,34.67024557356407,79.60937592828394,47.19126686709481,126.7558425378958,77.91815342167415,135.6022939502205,171.40041894440677,58.89677068399959,108.87456474095336,160.97890282365668,144.79261667330468,64.33411426105538,39.936877421182665,37.79046981471145,107.13490481733311,212.02027822214558
2020-12-14,68.47049455474142,141.0526112729451,285.8267212628335,98.93210075765514,35.227789105948574,80.66301374799576,48.94078042087688,131.1243730823641,80.22053005999976,139.5368034276538,172.2468500495606,59.88673145921381,108.19509685046393,163.58086314858676,146.7943681097657,65.50485484886597,40.37301788142725,38.65666369098365,110.93077946553285,216.43440231434252
2020-12-15,68.30598105591012,140.67736313930274,276.62613859256254,101.81807992049181,35.56517655468803,80.1600594538558,47.95407395574052,130.27446499362676,80.76836390350672,135.72391566248052,169.2113415504382,59.22704206360692,107.52036489312734,164.10773895380447,144.1520386526777,64.46639415416698,40.32741117696059,38.06702884574202,108.53039188990554,216.02604815329354
2020-12-16,70.02039951448735,140.21320625938384,275.1236329229339,99.81774786201115,34.826656260685205,81.4806828256978,47.64904732911946,129.66341167546167,80.20988019014165,136.30600612126446,174.78639744506012,59.7211867024928,107.91596965610263,163.4159378593863,140.32967814756657,63.64759836600889,39.36053803852357,38.48540238285636,108.45489980705176,216.3896453519092
2020-12-17,70.44865935530196,143.0465798487273,272.2164348223906,100.35876824205752,35.20535037487403,82.74036980791485,49.00669782676339,123.19780720623031,80.9219218796665,135.85227659829266,174.40086877865843,59.21647071763048,108.23413742124062,161.55277484560557,141.49816883307108,64.00335871375817,38.64111492976269,38.5937543295098,106.06347832127521,219.18322493685656
2020-12-18,71.53262262718559,145.31336422264886,279.4963903300683,101.04901849988846,36.321660529067636,82.75458486070217,47.59957528097093,121.61691897045657,83.3359005766322,134.54092021080783,173.116117387964,60.55336700884695,109.59677372367109,162.3164937420093,143.45816965502792,65.02574723991418,37.41237556596384,37.70941020328113,108.80846906550917,221.56247753291856
2020-12-21,71.66656917986874,137.7849378917915,278.00414948792854,99.76876670502966,36.810679474646555,83.1247104540667,47.866154622183124,121.43368961980505,82.0705807853593,130.42363180831836,171.97761561274422,61.22026802652472,110.06571549168491,157.70168432456623,142.52259455728526,62.67859578591878,36.33412156638561,37.3332105750661,106.46371889046091,217.1019077268358
2020-12-22,71.71156455798959,134.27167528392337,284.4403707500043,98.77195564164113,37.01148290414816,82.84782442805077,47.490419643290736,121.2973834399741,81.53329855749867,130.0813874334285,168.7707092621406,59.27374183638767,106.55078536153766,157.34767893824198,145.97024332052058,61.70553704848417,36.325007173359275,36.867060093922916,109.3930263570335,213.5239384324122
2020-12-23,70.82033155250296,136.59469276355622,282.53574563928254,96.77356683970159,37.95571574457816,83.53516002131953,47.283238929009435,124.48106408535878,82.68689721134821,130.72420985486258,167.4045373297774,59.656474100909,106.22962454070279,159.90605560449524,146.0521921146937,61.38384907162732,35.87096650619777,35.688485626171484,111.42662497174167,220.02976208061096
2020-12-24,71.45403901916838,137.40593541578392,294.6402290536541,99.546190459014,38.07550836826038,81.92980589482423,47.51311198790896,126.44401798777704,79.92765940795057,130.9018988641616,173.66612882621007,60.39213986676549,105.70275092755615,161.0825736554452,148.12349191669804,62.65164279176754,35.3555687437519,35.83599116716398,113.45994777047011,219.19752445299875
2020-12-25,70.60809391743682,138.48529486970966,290.63535648783835,95.04968659234746,37.333201694862424,80.95624511679412,47.57077277261229,125.50917750618333,78.35524937588197,128.25593696366448,166.84123667323004,58.94545653643592,105.81600981119273,156.7714159420625,147.32567428953305,60.458790039970395,34.669510501131164,36.045234854733,113.00470365061516,220.05133752563418
2020-12-28,71.07607754116215,133.1639342877014,293.17680695175346,95.26549981311699,37.18912064537293,79.48892395409253,46.20663941878552,123.06172302893566,77.68060887573091,124.83549630273455,167.32100637153837,59.72828491043202,104.29944097097676,151.5842546862197,147.09102747097637,59.84926036179575,33.07548869539519,35.447984422871,108.54351359133412,220.8968562476384
2020-12-29,70.14666009415994,133.4694258067722,293.20565587019246,96.48305884850168,36.73309495140611,77.65267424859951,45.209391171421665,121.43775359353279,75.14185966391419,117.55743612707836,167.32108250878994,58.284927682852945,104.29401573687713,147.5870987198389,144.49283755271486,59.07886144936732,31.054114120708594,35.01492852168825,105.89096001483507,227.16842600705473
2020-12-30,69.51011851327809,137.01269517705654,288.26151970579383,97.37178361937413,37.01621956164492,78.17198289765366,44.94219788753228,123.46813284072535,75.69243042838272,116.04335585404155,165.60189840332637,57.27623755910627,102.2581719706962,145.9771900140884,144.43384680307705,59.397338986587066,31.503046308400567,35.29138149279757,105.87543541187017,224.05167920046128
2020-12-31,69.09543142648411,140.04048855864528,278.45597743955534,96.70123886232078,38.05580910371152,79.31729782858237,45.981570473452024,124.37581752891107,75.90079110755048,118.7744850520346,164.14508985633267,56.97083813828094,102.23726504366937,151.58551891469983,145.02717002680484,58.62756130979156,33.01373091026726,35.800840763113065,108.22963825221008,230.09309929075448
2021-01-01,67.19232124274805,136.24070847583252,280.4620395474463,95.13934327337074,37.34220175275936,78.06994931447454,45.71132519370556,120.97746319605278,75.14776256044466,115.97984638203066,158.78942747488938,56.824425911743816,101.24306493659819,147.76899639243138,143.02265260454828,57.25184458797443,32.984894050287004,35.06160513790888,104.10956436879299,224.31644511643347
2021-01-04,66.67961010965375,134.25280217365534,279.3959232106334,97.38916611461599,37.52197306652429,80.18809108335122,45.01997402623476,123.6427105398272,75.72973083749193,117.72234695548805,160.47698318843794,54.761913834591105,103.24232503382972,148.89069830947506,144.89939608455117,56.33011497709239,34.04626454816652,35.32471809497075,102.93225774347003,227.4725707376685
2021-01-05,66.10075281635845,132.80297946744105,282.3945761403888,96.22780343138339,37.51106040936788,80.12821430739689,44.687167583942504,123.58067070269145,75.19815944602738,115.53333078040183,163.6091197511896,55.28648169828678,102.96911267650346,149.89630463064017,141.37069165447576,56.294115552871375,33.530253677248986,34.44285654970574,98.98876931850943,227.13562820668727
2021-01-06,66.4595929460021,135.53603823319142,281.99162039553624,93.80191807519022,38.858800083132124,80.66196442824696,44.898318017977914,127.78343556959912,78.42510569138265,118.95310944071235,168.11717953710215,56.66764466318026,104.50156127634044,152.58624843633535,143.02210815151298,56.63658178351009,32.641441553545,34.74005784393227,100.54177797424374,233.65672241620567
2021-01-07,65.20113203715839,135.51890104109862,276.4113868858108,93.38679641805754,38.93796641427947,79.9817981177494,45.286284195343484,124.90098400509191,77.25306565378425,117.31306117492613,164.98479400337484,56.425972277305966,104.14634291658209,150.98172696205623,141.9291392828406,57.6240108965463,33.1063045254436,34.41926175369281,100.74410799829172,226.7106762785085
2021-01-08,63.54584915553736,132.1228873746824,271.77057402750813,92.41188740444521,39.575027997288906,80.76604370203748,45.26975773313285,120.76992487545735,76.51658180555357,118.08116691996709,164.1384852128142,56.504364468902935,102.51918725357395,148.00980909766375,142.93423709259793,57.73412293186268,31.597552846235466,33.67783500391905,99.87225409975606,221.98881881641205
2021-01-11,64.79361458903372,131.17600476197174,271.1828684902366,93.8502287479972,39.75965312985012,79.11690254760336,45.805029328466986,116.5149589531339,77.49817744260861,115.28780788888993,163.37428694533907,56.339856320722404,102.02338241155198,146.67927547313292,140.8899508671328,57.45947691619069,31.26010003887554,33.76027338992278,97.85421399025628,218.07563007542143
2021-01-12,64.81235760325181,128.4499694888696,272.53217512745914,91.51171034948575,40.41235526015096,79.44131452534207,46.285642442419515,117.63818439043473,75.88920021469158,116.56694086325473,160.0489725432868,56.51568645132616,102.78315200031659,148.78290772337215,138.28293693256296,58.59541520212575,30.568949001218044,33.47559423446081,99.90529452521697,222.91686737917576
2021-01-13,65.20340806392706,129.32937062413947,269.2130564763493,92.14830884103036,39.96254889378529,83.01096969366256,47.23268630851251,117.87468891580285,75.52915362822637,114.45875822324176,164.2338995640606,57.38591040854948,104.83575393925305,149.11470205774336,136.7769268857689,58.224719337000224,31.2099775852795,34.23734573447389,98.99230942731856,221.40158103817677
2021-01-14,64.02213763902748,130.13439657497074,268.63052028592693,94.63419393119001,39.77295869707559,82.51771436782454,47.95261887650295,117.45926731794148,74.43646342387466,110.5897890415041,163.15303937006948,56.46188758049884,104.87752049160484,147.98708394665593,137.78424459850248,55.8642135031149,30.733229388466704,34.30229768244235,100.42270416269854,225.6144385998053
2021-01-15,64.45861926187686,133.58132370664208,266.0415669707098,93.95804776918511,40.016484809818444,81.57319017827005,47.05353278610259,111.31274557564524,72.0076606506505,104.03442477189306,158.8596652642428,57.54673698152011,102.35902719858292,147.52071419830762,137.62384861428632,55.10637776187462,30.678734941771047,33.14920953730434,97.11149609361517,227.72148834012157
2021-01-18,64.83939475180296,136.84684640852612,267.6596924167086,96.94292465389282,40.34558037505092,81.9201867590537,47.0192314924189,112.18709779036836,72.84655552973602,103.35745853151886,160.4075723575686,60.24566710969071,101.09549000271923,149.84689256242703,141.691654046429,55.27380066460656,31.334881890780565,34.53639109372995,97.3154035634547,233.34170504693756
2021-01-19,63.81199108488831,138.17958582013284,269.225159712503,99.85170487957869,40.419463225852134,81.59264953089159,47.56072932348036,113.62534335544554,70.8981217191615,103.75726476684797,153.3036061719475,60.080250327109596,99.26364919811799,147.54471436306977,138.508032976779,54.09561600390439,31.42032963596846,34.14410448218457,98.9983701728442,236.45112299898824
2021-01-20,63.92214285015111,130.90078470234374,265.81121584407964,100.41016008549245,40.04210388934808,79.74625850437332,47.623951084998346,117.63735130874429,70.55536119282189,98.79745198390003,149.93458512373292,59.447522279282076,97.62793518090028,141.4514382577057,135.775960899943,53.69405359931114,31.537435284179335,33.80385640667884,96.71369566659476,235.6305146124328
2021-01-21,64.59893484728894,126.39349225930074,258.96366897315636,99.25284477354306,39.44309059687791,77.18336585069169,47.80609437195369,117.03534574006677,67.86159262260675,96.35124186205648,147.33272168360642,61.04859203278698,96.82743021409229,139.79100148086516,132.1540106684875,53.207506734975574,31.566355976381846,34.07620238462272,92.03831206878147,231.333541308194
2021-01-22,64.47002652440621,122.40179330089822,256.96489489764167,95.96027624887594,39.48311861783968,73.87309571458955,46.85804708426194,109.80043261593619,66.81933901804877,95.71479918729763,145.63601310079437,60.08188179447342,98.0407246513786,139.1380042840688,130.75042258647005,53.75199019728967,32.73842051010619,33.86120276581467,92.1903562248151,233.1096864706562
2021-01-25,64.63066592694493,122.35079000900592,254.85988108002243,96.21843364378013,38.616675411574555,73.023037901967,46.442663537177545,107.00750510735342,66.18069693275523,97.70267459550212,149.1602359841857,59.30126173080686,97.70078077953919,136.0560390349572,127.30707362714422,54.616206692021244,33.15439318240454,33.75906349387531,91.1697210053576,234.877349748601
2021-01-26,64.63960680491411,120.55081574057206,253.0300623658866,93.45824391494197,37.97406589371833,72.5432037595866,46.34024786516388,103.55203270572497,65.26705166932119,94.9306785391088,152.78363223813645,58.13228416248504,96.6111941231234,135.04687461069716,128.03937067317807,55.38369056428573,32.65941465041236,33.051026459301134,91.94057031227246,234.0267444145441
2021-01-27,64.98974568378068,116.25339814556177,265.7182435855354,99.11078604298706,38.83330372964993,71.84057085778002,47.23410745656928,104.49994381383314,65.74719797967583,98.19501718996021,157.8034410065853,58.89079642827151,96.23732545859657,133.60866017910752,128.53994061194834,54.5562474545593,32.41738468716644,32.80620115678092,93.10079266769904,228.40336991739085
2021-01-28,64.27475850976319,118.23904108412736,268.91530471511777,100.03295482650591,38.58239764428097,72.80837534186672,49.7461247193409,106.14830002755052,64.5461501170411,99.86575877773723,160.04220239289765,57.2699206682647,96.1623166101168,137.14803894293894,129.2277296474626,56.2748958535306,33.70782274963763,32.991527131499545,94.07018300223666,227.31159974476813
2021-01-29,61.90532103024525,119.85318184063094,259.0013671551642,101.4569037835323,36.97671085623714,73.3830011876558,48.092119817799784,103.91117264089279,63.453228007590354,99.39840890650565,161.63023942808434,56.69065271001167,95.11700067488994,138.41236400614886,124.97469479526225,53.85488141933833,33.764612959026174,32.34190856998948,91.27788876649365,224.4289617519998
2021-02-01,61.88088535429064,118.68650993933713,257.1461920326361,101.41767122670905,37.28219201094998,72.86018490458703,47.08486167160636,105.19273534497042,62.77344609438014,98.42155109746692,158.06871947771853,56.99642457738263,97.22096047406909,136.80469409299005,122.7625447328312,54.20114333424475,34.25072925154411,31.95962075988794,95.08328154176297,226.90355752934317
2021-02-02,60.09305289448784,117.65439520708397,254.13567638772028,98.9712763322212,37.60056180722206,73.81198097020645,47.40834434084121,105.04809435273157,62.45715714340318,100.31246463833563,159.84993211240212,57.41898331469852,97.74767019706086,137.06018900044882,125.02060342971454,54.844946319189326,34.25571910296654,32.32390170875674,94.16579556188017,221.77453171230252
2021-02-03,60.643640430089434,121.45339036854435,262.9438220913552,100.85790975972365,38.5195910293323,75.70844801840525,48.80535016572218,103.14113287698987,63.10269147816529,102.71056856441393,162.12352255170393,59.65275897481808,100.87944043898848,142.41120412387582,128.42481915676456,56.34469162574049,34.66222998214627,33.22040216103814,97.02081738293263,229.56381962815044
2021-02-04,60.51964205480648,118.79078048043503,266.011189518033,98.86965151438233,38.94884726911257,75.28222110095332,48.227690534308984,98.16827336645937,63.365373522966465,104.96755369971861,163.42626708128802,59.28761854859836,101.58116365474169,141.6910216584059,132.60448433792257,56.02912682373831,34.06911180341915,33.16250999809881,95.95726539632476,229.2227313839804
2021-02-05,59.64574330734955,117.12814593322723,266.01137518517027,97.24966041254639,38.29347258484701,72.8556083620015,48.761301511443854,96.08703631005497,63.803918657555165,103.05078522263904,156.44075768450193,59.2211554804873,103.62976616411736,140.72287316535798,133.92871851752076,55.78069360773236,33.67534023789195,32.453389425771604,94.15441777838863,221.41552318334203
2021-02-08,59.94005809913736,115.8216362977297,260.71145532787625,96.45776333510247,38.07149325384379,71.87634328642577,47.089925797153214,91.4838231864041,63.257770813972996,103.54989041933071,158.39450725376452,58.69646441093267,105.35378114647374,138.78533479758005,131.81754417157575,56.155453625047116,34.21378235379959,32.93239212295016,96.3711530551127,221.08665913546835
2021-02-09,60.40732702551981,116.6990198184709,263.57398033414967,96.70233750976995,37.502031574480746,72.88751777429304,47.247345229816084,91.45237658555855,63.460754387579414,101.1581914288689,156.479144604128,57.968719489041305,103.68537541417027,139.84394854609403,132.370634276353,56.663172167139045,34.271397552176936,33.2422023027404,97.09621796618659,225.89593358510757
2021-02-10,61.47526060831217,118.10144801875788,271.1102717407662,97.44615961529124,38.4747121331532,73.55503298551258,47.482593002651306,89.57637955436967,65.90604269427672,101.70540760092364,160.9600008839974,58.990859852616,106.30108984873853,141.92387797216992,134.97537451520176,55.84478312883087,35.00648958312912,33.64133551448968,96.56426719283459,230.26970963355845
2021-02-11,61.48811730540737,115.49598835837347,268.91824473245873,98.52704823585235,37.570505623160784,72.6506452724604,47.04221307348749,88.26953713011437,65.86002346448,98.59019114996141,160.93695831030973,57.59186047909566,106.60852056010249,139.77531291195498,130.1739925026501,57.05687611840105,34.99258457497574,32.61226626835081,97.6598890733841,226.4261264642066
2021-02-12,61.70350949700006,117.02995336215436,271.29914822371114,97.42648119199896,37.723159677036655,71.5204336676004,45.83561840270528,85.52195514545986,63.99909871992463,98.67297875867786,158.84456885920807,55.944976031599,109.14001836877286,136.89436290612795,127.86321624631705,55.32190271195944,34.56258627212899,32.67365480831147,95.18091982297878,222.02215427326425
2021-02-15,62.828103261214196,120.43891276639349,280.07048506070385,102.35133885365795,37.97391550008723,72.36849275952817,45.80293607274528,85.26225029620613,65.89228999906511,100.63057044419773,162.28671266054474,56.54837032658337,109.91379367418773,136.3665819925236,128.99819724214734,54.84404883274868,33.79041195581411,32.96273532840897,93.37239485018851,226.08195218725373
2021-02-16,62.064987587281934,118.2968579359576,274.8426212439789,102.66583391767703,36.922671967446014,72.10512735745333,44.78594186548838,82.53057388574726,65.8076765768766,99.82334633888725,161.27727282619858,56.80332987136882,107.27244513558425,134.3154805851716,126.79327519731288,54.93154761335152,34.044290568493885,32.09312416006082,89.24508577566881,217.8660021322003
2021-02-17,62.00324502890913,115.58357418591629,272.0040636327841,100.37160513663963,36.75568398749472,71.75536326477378,45.04173721779379,79.80506335361652,64.00742612858507,100.42481804337649,161.6951051646731,56.56188471811179,108.15625604349883,133.49982301745638,125.36512824098389,54.093514239537555,33.403184055104894,32.28383263580977,88.94096643295974,218.58036197353096
2021-02-18,62.795257572183765,113.0875841667275,272.3999943123865,101.53036814167181,35.89469495394091,73.00252531116553,44.76614864030955,78.3281745848022,64.40379510816437,102.67602857263336,153.2162682459163,57.24519029444847,108.68018429330911,131.18270738275766,127.41815789637148,54.640874446683306,32.62204205375583,33.025402671194236,87.0620960912746,226.20685001251576
2021-02-19,63.570560176465975,118.15456060936282,276.95332931484927,104.43043135478266,36.40530794486428,72.10729660033185,45.866681815277694,77.78362141356327,64.84961683776662,102.12502251548385,154.49100807168617,58.58863619061762,109.66342592897762,131.1293156356773,129.4522563997193,55.59061420725409,32.52926834239758,32.81914480643709,85.18174394838964,227.684994077274
2021-02-22,61.47339790470093,115.9930181985662,271.9851537829544,103.88610634676886,35.79598626137691,71.7734494355159,46.02986880697009,76.54109820404942,63.03182606806192,101.48661599816477,150.92919883263482,56.59263524805296,108.91861399301169,128.15399241901602,129.72205346161033,53.74140612543965,32.573687901012384,32.875731194160124,82.04978575389633,230.1909807518456
2021-02-23,60.479590335177406,118.83784844178855,256.1023808320461,100.90491473762228,35.55149677740047,71.8714803002103,44.654578948320164,76.2590851428507,62.91013617461038,98.95487281115169,148.4774600142617,56.3192597860957,107.0472247557325,128.00086973193643,129.9847258498105,52.034646923262514,33.08878203791924,32.78551535996094,82.31210621177888,232.04830662108103
2021-02-24,60.83504284774201,112.95512722181559,254.6238634687117,97.4612878096459,36.0315345539036,72.27577507709874,43.438458607544646,77.74006546453377,62.92326189059311,97.45214946714911,154.8863498969729,57.72068794942366,104.82011733267653,125.42974734490785,129.33597952271,53.182908292664045,33.39746954915449,33.4558601569776,84.67963841230295,229.85304356004792
2021-02-25,61.71753230785374,112.93268002435263,250.59502484620364,94.02215013609751,35.67867888695265,73.63654991516711,42.70497042058225,75.80483342700678,63.914741261447524,101.00239394634598,157.25746896864976,59.32924716627046,105.37719319982304,127.99054376168824,126.69874391318186,53.09021340187238,32.98307356215533,34.06115982027905,88.0573004912256,229.66426483250717
2021-02-26,63.37695956985431,112.5087177782097,252.20814606416886,96.1595814550463,35.74569695873514,73.10610911373227,42.15974503820147,77.18233628010069,63.63120474294367,103.4872387323826,160.15881510034825,59.19584613879339,106.12810571071857,127.82508921793728,128.36586435288737,53.57272113890736,33.728121526328074,34.032882383683564,88.26345056722658,233.41693455038808
2021-03-01,61.57285457886966,111.28299237112546,260.0846583479737,95.28187154256358,36.08838888384051,71.99315261083055,42.774378978043664,78.92522492605947,60.04954987679378,102.58121424746408,152.5171939350136,55.817163848437495,102.66716763054703,125.8061853890528,124.12832518229558,54.47392841741394,32.2366591253543,34.42658931856804,86.77123522981888,231.4547262921979
2021-03-02,63.04817853517151,110.5766701703926,263.3465540492049,95.81460901481972,36.931993079659726,72.55919072596097,44.013591659845304,79.9445364228067,60.67304001534443,104.01231094696747,154.85533344290783,58.057439375721216,105.98922039977813,123.22017508340873,129.1962095706071,54.91808113007245,32.2784691971917,34.96048598443192,88.56262880003081,235.3785747300891
2021-03-03,61.76218613321813,110.68561095356294,262.50502199097036,90.42878845333547,36.79726084559937,71.17688037081092,44.40463291914255,84.20753611382182,61.369156023086504,103.51109528953377,158.79746571441788,57.80918709948073,105.2533881764398,123.62738013504763,129.3716614955753,55.15827621737883,32.03039090962444,34.999638599343655,91.76163806287607,233.5513797928852
2021-03-04,63.062946359034946,111.99747150589386,268.9252824308384,90.70762474701355,37.92652007270788,70.86836257628386,45.3588593239412,85.89438419961782,61.271042835910535,104.04445653319213,161.00694574925075,58.764290318082224,104.97281834853278,127.67514213680104,130.113060493768,55.740770314152584,32.38481339159481,35.53958941763088,87.94426736113478,230.30356838172503
2021-03-05,62.05329845329263,113.47150384927683,272.17623972573614,88.48292213620128,38.77388091222414,69.81968750269728,45.13333427858353,86.11230386732217,59.94656925095248,107.27700664417345,160.7357609116523,59.44432783095943,104.06107831702951,126.56172286438995,128.46575987450004,55.068869867317,33.02986075648532,36.43376161630437,88.42522756327449,236.43505216180188
2021-03-08,61.88591024236966,113.89086589027696,275.4129014262624,91.36210737248052,39.35855770919641,72.24020760602306,45.451822138001,84.7062580123088,58.35134292930128,106.79323439406545,156.61342534684545,59.383991242697206,104.68489064562502,124.53718043165216,128.75727518275326,55.762269952199304,33.43850952766317,36.604016718518864,87.29952087949451,239.2429584451855
2021-03-09,63.14786046438765,116.33971329591854,282.20308381672993,90.8492771636152,39.90073936295686,73.15668683409933,46.33960761142389,87.42971082540332,58.75766394846233,110.36478164789922,163.759623487365,59.67850839855231,104.86851227297824,126.8193586864009,129.98661409583076,58.357828198284736,35.29903616854528,36.8655910157848,88.21517801701829,243.54864205226366
2021-03-10,63.29161930694941,115.52398013909536,276.1782670495839,89.38661006997809,40.1590732060697,74.09497641837302,46.193644955904276,88.91410874580698,58.18145859899033,112.06757511751572,157.72136800032513,59.369859033608286,106.86124806759403,124.82941666923767,127.39873792034419,57.546574837392214,35.71929672806031,36.879348320725256,86.23486762826691,246.28724346343134
2021-03-11,62.76036809369781,116.26753558370702,277.0730067519909,91.33292177856029,40.24191788980094,72.34969031664129,44.60666252855368,89.19056644699512,57.08818292465015,110.72010042095371,155.24569228656355,57.303230405371075,107.9737041046403,123.91222828371295,127.57086598743678,56.49547928911121,34.711365678657295,35.83869160004653,84.36568123466374,246.16763549264166
2021-03-12,63.216770482112025,114.20891688329111,275.8124723360096,89.43885560105865,40.24351391679093,72.07409704047636,44.08024431559297,89.18311973328989,56.07708937308112,106.87024982818251,150.59406520025095,55.75156796938122,105.55093144922344,125.84774422605508,128.5143340294109,55.62925294381744,35.108651999477665,35.98409927020631,83.73765254132466,251.08863178233582
2021-03-15,62.96491107054429,113.11230870291999,277.414069562779,90.66564991007502,40.41329057101993,70.83884399489057,45.141621450677874,86.80509680878684,56.517768610249654,108.79541128412347,146.66385807539,56.36203891270339,105.30571768184568,125.07335787523098,129.9627581852442,55.640500575735054,34.997731525134306,35.90793755795709,81.43889015549493,245.14743503616643
2021-03-16,62.970099461904475,118.41689116949401,284.53250106660084,89.58245909174232,40.9780038110252,70.97128583936231,46.63555646018885,89.22454822199546,57.577869366043885,105.59292836573619,151.12010296445777,56.25716219857325,108.40856414095275,127.35719655044923,130.38337189556165,57.36462881194353,34.23074085656848,35.89651511303956,84.92214297971499,252.64104507665033
2021-03-17,65.70222602429759,118.76431998880102,293.018913456792,92.83828954732732,41.90288929269181,73.08872516886473,45.68550994695054,88.48812778106002,59.24374264863927,105.04653915969469,156.0549649240211,56.592681989053204,108.88051049718676,131.2849857858841,131.04052188671557,56.42962537311397,35.86457449023483,35.86897407552341,86.7264436200779,249.98534054680994
2021-03-18,66.47161137881275,117.3015123258908,293.19530470670685,90.04608017579197,43.09716304820016,72.34877788896578,46.22201158786946,88.25327160869982,59.80254759293552,104.5805250865599,158.1932455312195,57.9447835174935,108.48419081020852,132.89729503190014,132.4880789071107,56.6483003998815,36.51610103289244,36.33622508220987,86.62241662602614,255.07847678517956
2021-03-19,65.03565617681807,117.57138244189142,284.0035423167107,90.61797609536856,42.19560068652759,73.09303183569192,45.73920016398389,91.89468343941988,58.06100149042351,106.60963301290145,161.28645605076642,57.81027256121066,111.07395823289103,132.6246947468543,134.9889166588313,56.1328537073957,36.72920499339563,36.96145153708075,85.52890548615729,257.8169764717773
2021-03-22,64.89114711915126,116.45248762318,305.32532069054724,89.38273577444899,42.773366221725276,74.9654277636269,44.69243256400644,90.22893541799594,58.33938061208513,107.20651659925117,160.32482144884935,58.393255865098276,111.20391980732728,131.9567427097689,141.97655952935048,58.24348011344837,36.242912834305436,36.09518189395408,87.74357840145166,257.4519011696748
2021-03-23,63.73193490175257,116.54236067504551,304.50532626142007,91.3856507340407,43.384408345474775,74.75795410113832,43.730261694941795,88.2340694502344,58.43182902158907,109.67217882153524,162.0487067080297,56.792720736055415,109.53225646844687,131.54424208713468,143.1071410223888,57.79560530104272,34.854866454866375,35.77722137089967,88.83918558946567,251.4763586323066
2021-03-24,62.568586710703464,113.25158175781172,301.3536282310411,89.20653528843295,41.64104746257064,73.94166085917105,43.29190643306043,88.60254679583922,57.710636794010696,107.1859567388834,160.90806245298106,57.146032526851535,109.65858104806595,128.88992189463266,141.39838320915302,56.97589521319978,33.68421932290981,35.53883524313826,85.72015327947634,254.37836265327093
2021-03-25,62.40609871160453,119.22008172941318,305.0334376300655,91.07451824531742,42.48854880145628,72.70234182303268,44.13380661234535,92.4297034662879,57.25731014392491,108.44467261679239,158.657554082225,58.50295520094294,114.43430588148719,131.0795848230257,144.75754139782046,56.86857749887242,33.85620314659204,35.479985152796914,85.95921319070314,256.34842596365195
2021-03-26,60.158997704619,118.59604411527822,299.28072091942545,89.40763940567703,43.3193707404278,71.53289386445131,44.295454487416926,89.58436037437048,57.144712413442335,107.99325930039657,157.27510197954751,59.15004266886368,112.45102141668774,129.19498434436082,143.32051699769866,57.328777521247254,33.83121825554073,35.37505577627011,87.71045834859794,258.95300121387413
2021-03-29,61.39384144037265,119.52807368386668,300.1673763324341,88.08522809543759,42.78259794805473,71.6379536017268,43.212294310923006,87.11524164419563,56.747545288343936,108.90526974333982,157.8441110334629,59.37910459498809,112.45874925707766,129.39179556557653,143.78967591993677,56.37187626534939,33.66458096176171,35.67012868778322,87.38163316801395,265.046547903399
2021-03-30,61.41813443232762,118.2320214921947,295.65826263931336,88.57185893398929,41.746559309876694,75.05902374506019,44.359373199603645,87.82238617107792,54.68453108859347,105.72977352614527,156.2882925093186,60.13043933875181,113.98339134594603,129.84770043228184,145.86886837704503,56.19096887766831,35.48215056874659,35.31321008749066,87.73294414581736,259.60510958521036
2021-03-31,61.63108641800584,117.12510542348797,299.3713422835627,90.17414141116683,41.36951086321315,74.63460956369407,42.953665102266385,86.21990204207526,53.90291749033463,105.56985634964815,152.55811691631024,60.190704864153695,112.42074807171518,128.67227646816264,144.83428198957375,55.207686555473224,35.3395694554903,35.494016165544075,86.7395478445314,254.57977156112074
2021-04-01,59.24929579318919,114.64536846145745,297.31660112671,90.29712145010016,40.55648855717849,74.68171476046817,41.61117449386789,83.9975886017491,52.777241592017646,103.16174448492781,152.56153386760326,59.39167898468722,109.45328690104976,125.44859317444539,141.73881551955185,54.09951966391423,34.84687089875708,35.12907771109651,82.73686382392249,244.8529292961031
2021-04-02,58.75366632371489,116.89798245916008,298.95408465142367,87.38331796908528,40.77025066171619,73.51561111511678,41.67148564247515,85.38967835900694,53.96671097798111,104.7008448055225,145.57268529401412,60.25515507377768,111.86148913326913,128.13510192455442,139.265856544054,53.878960222075264,34.37775200194316,35.48395604585747,84.52185828834327,244.93782143243644
2021-04-05,58.0398306732661,120.2464109824013,301.95617156339193,89.99005596185667,40.796502352359944,72.82001129284124,41.56670519171203,82.49670803752974,53.965808555177844,107.50140370192952,144.82785124087758,62.58536997821035,112.9340438792909,128.24938312475146,138.9194002023919,55.44388292245493,34.3019026629671,36.451644192841776,83.42169583572766,246.94630183525766
2021-04-06,59.42977081733525,120.36975793541185,314.32416075951517,91.00020256946354,41.714831740754406,74.8907450150677,41.80231550751576,82.5894722750225,53.78805557674062,107.55263382324189,148.6526803968024,62.52511972512915,115.64161300326298,130.52274000677514,141.81004091574664,57.413876324244825,34.21512637979712,36.29267071913111,84.86648303483231,246.41617160882996
2021-04-07,59.68399850792555,116.50299097084017,308.0711586159931,92.17234278647867,41.23203497819918,74.65381982046986,40.8178549025974,78.75256130933964,52.944505712776476,107.57634241113675,143.71280373286748,62.70055519778312,117.1798956042855,126.87927500258584,139.19789968812162,56.973502114903205,33.715778840880645,36.06420367846871,85.52771016972656,245.3159854746342
2021-04-08,59.84643860418634,120.83316617750913,307.5980084925551,91.10445747138671,40.90605177935566,73.86275762299505,42.240719919178794,79.54687196103744,52.85716039852878,108.8960511048913,143.0983133213305,63.12784212478203,117.28780059531245,123.42757936440556,138.0159717536916,57.05547453781601,33.80950129669224,36.18219844360693,84.36989263192106,244.34706112988528
2021-04-09,60.380892636254245,123.01163468959008,311.27734088024533,91.40610038127576,41.829515154609524,73.13689631364878,42.85184284622559,82.19064710137977,52.46351805877787,112.69316717635662,140.4513170417621,66.20491234838077,118.31997579591011,124.09477766400532,141.15819208578873,58.32363611937066,33.591888545452164,36.3255701546085,84.16594427448729,241.96361697155157
2021-04-12,62.75656811861461,121.26399923602172,320.73398598490303,94.04011368964908,42.183273049983896,73.78186099898258,43.95486576856161,81.50782657441249,52.890874284625205,109.77210819838803,139.45913043286095,67.49328243013353,119.9329396138415,124.72250861675693,140.51067422083594,58.79789982371108,34.66880209186501,36.91655940337522,87.59393211153771,242.23756940400247
2021-04-13,62.5347184067781,118.31050110462377,311.0205997867487,93.32864664885238,42.433754498220566,71.64292554706297,44.68275801745039,84.1089898002591,54.10986408635485,110.5842423580643,142.96387276482824,68.29774933041249,123.002985887054,123.707557694616,140.39525266083922,59.17596454444647,34.97528730148867,36.75619478010149,87.59452459944869,251.2817573551202
2021-04-14,61.467095077318476,117.88069350914094,322.6405306736728,91.5323010992231,42.59357743070862,70.03138344786754,44.49251737621721,85.51251903574973,54.42338850813985,109.29141357007397,145.53125139014415,68.28916613107401,121.5348007874367,121.61084748957063,139.84016085431347,57.00387160981376,34.699767369249514,36.9178301693403,85.99681033972776,245.7390536700799
2021-04-15,62.794366066584644,118.26270722221186,321.4081288125965,89.19275494000186,42.73595332834383,71.23542563409035,43.55903095840373,87.62176050331061,54.875730051386796,108.60288473558268,142.90487354299088,65.71920376388589,121.34769301458776,122.05684917869235,138.26871922847204,53.7372653454258,34.55532754199962,37.20096457571318,85.35165282635006,248.2906563005552
2021-04-16,61.68023944187757,115.21020481978844,308.18581414862047,89.15579822272143,42.32697539650841,68.74032580684975,43.18689527502539,88.12722366049593,53.025185146975254,103.19085676114118,137.5018210281883,64.31274617600776,119.08662796302956,121.27821502836625,135.4256222178659,52.181263911871014,33.69369028776584,36.09336762988476,82.8166139130031,243.7261289863363
2021-04-19,62.138644555760784,115.32366140737389,302.74151082772795,86.28046210961038,41.75942460758446,67.73283292478244,43.1136644808369,84.6608487668298,54.46455580628108,103.10723283125964,137.74420487404652,65.95164710281828,118.08921148608356,121.84491092640384,133.6769444695027,51.69429231479853,33.597307242467515,34.9785458812229,83.00057072205296,238.54035873871808
2021-04-20,62.32697191711197,112.16298908208239,304.6684085794658,86.21384733992393,42.37489301618782,69.59301782707011,42.629726389951124,85.48828941655565,53.59389740804167,100.17765772076118,141.28664749050336,67.68785165161691,116.46507477694853,123.53176578800465,135.81756974078667,51.77144356801329,34.08954991744968,34.854907611282535,83.79576333566246,234.289185129649
2021-04-21,62.862407952397966,113.85528957431248,310.70068561665875,87.07268659852505,42.58185363214405,71.34415246707673,42.88044872617787,83.96812619498911,52.80998981363391,100.08200556821025,149.62516108985164,68.54142357892276,117.05479799740986,125.3231036392556,135.35785373333354,53.369567582727335,35.4704954663745,35.44676316471286,84.4421781000092,235.08003078841566
2021-04-22,62.67790267099224,115.0953263956597,314.4079645182727,87.05624579531138,42.49823486880105,70.01136841011575,44.05558441157024,84.87295554681057,52.22449789799506,102.1672553797212,150.94098220990898,68.88440318832262,115.33664878640123,125.11889907397034,140.3414313036719,54.05751218327687,36.22003882198852,34.721318346735636,84.25893054469184,228.36849810431448
2021-04-23,62.573944998104174,118.84455035132241,320.27900968846444,91.46579441508074,42.94426890809819,70.71024496123054,45.302923545678695,84.87997451184577,55.70838397072665,104.58461004580103,165.99968363418117,69.20742423819755,117.35015816455328,127.69155116837543,146.0261228172149,55.05809742170975,38.24935467057799,35.638839635928775,85.72459180595443,234.1711916152165
2021-04-26,60.68301929110508,117.20758017017853,316.29213288812326,88.1016301666895,42.978379245036784,69.32473131522731,45.175312291871855,86.5024355377662,55.54109006144626,104.06058989010876,163.976617227459,70.14169416927078,119.13626916747532,126.8889521243051,141.54485531915898,56.3043318491347,39.253997032248016,35.434854538878945,86.82447702929927,235.40462137621475
2021-04-27,61.429860318619845,117.16502206667742,323.5985831620182,86.93293271115564,43.920119784372645,70.7177100442907,44.61914578381506,88.4522810944012,55.37528744809908,106.35668804944886,160.15857423016718,71.20061504247649,119.88108309342155,129.2157921538535,139.82034256313432,56.81282220952554,40.25202722769582,36.04899820962035,89.40942650480092,238.39576704256683
2021-04-28,62.1052050886356,121.92123840088391,330.5583086803581,87.29696045051892,45.528936931271744,70.18847257208961,45.610028883274445,89.0165855185445,56.46174641199382,110.61823837331642,160.68415512587544,74.11343785785517,121.65334982990431,135.77508985782583,142.18945768957354,57.69772577125062,40.02270378024113,37.11667408228629,92.85887758656595,244.67371321536058
2021-04-29,62.016646522939844,117.71250647596548,341.79862173037924,87.00202317682107,44.779225663134966,71.56438941491552,46.361487738360175,90.57774680572268,55.70345900676074,110.29895348408172,158.33044482898572,76.47600854834732,120.97427997376397,134.0057462545406,144.05718655637216,58.415065021113165,39.01767209648463,37.4774765817633,93.85796097543412,249.12778686670202
2021-04-30,61.25744759802924,113.50420317969954,340.9376564239427,86.22579564894883,44.49407475966479,69.58311670146199,46.418026154417895,86.90442370221987,54.82588383638997,112.11896938195628,160.6098313284003,76.54694411380748,118.38050044660703,130.69278839606721,143.1624076101672,58.81595769483169,36.59998611107787,37.62013498893023,92.14029825776153,245.06585544478722
2021-05-03,60.801259383707524,112.13691414697698,341.648699378153,81.49800182325095,43.7227897637585,68.6805933189703,46.71509243789503,87.64524823358758,53.87178117449486,112.07230226407889,156.5960219523673,77.65067596093255,118.15296275931698,131.42753975465746,140.37540676237353,57.77678823112834,36.89443385156435,37.31414652435327,92.8035877118204,236.3099569927111
2021-05-04,61.94729698104515,116.24857311778592,357.7486420736926,81.68378544039729,45.511883816385705,70.43566441606255,47.367818358463694,87.7911861021916,57.356952817678334,115.31335406531306,152.15253127867192,81.69111201168019,120.410126265624,132.8460677946657,144.23346792860437,59.305185571729496,37.91854444748367,37.881101763846274,95.58000755686183,248.53872590792867
2021-05-05,61.14139111087681,117.39727262825522,367.7151549964967,81.92735220857749,45.89915693331502,70.1407808564833,46.87375013026907,90.58334921034579,57.86223228434306,114.65618355878281,142.941114049992,81.57417437014868,120.00035276458833,133.21966237940165,143.58001738916778,57.67938987517036,37.35372352852525,37.93920871083378,95.36343449450948,249.58812786387517
2021-05-06,61.91108475551171,118.48978513628497,368.3894834074476,80.07575151730349,46.46724253836289,71.78365363003512,47.76425407607579,88.90054551358764,58.652119083085424,115.01349546586665,142.27571594169044,80.83512329251552,117.5341361494434,134.4749075071582,142.8759578883794,57.51857606689315,37.733640940101964,37.91866841691931,96.21409379884825,244.89324873637162
2021-05-07,64.64652450635214,121.09636865650177,379.5625404423075,81.76006858489707,46.73845983091934,73.35199128312742,47.77433347000436,92.23038765434126,59.97818061863191,117.80075886306601,139.18107448215167,77.4817245590999,118.27494004302028,134.60649283720488,146.91193710832863,57.81744747628816,37.193665669249924,37.93760917201032,95.79519581486802,244.92569203168918
2021-05-10,64.17585371442051,118.02899499504028,386.3561709607066,81.33009596907388,46.993382953999145,71.42866790904674,48.00065254883193,91.45728966834834,59.42560306407544,116.82815796340812,139.14052848019958,76.14759097802039,115.27823603160289,135.98557069666623,146.73352381406306,58.13500058439169,36.283594599079954,37.779511995492236,92.97431744506409,239.77124480712817
2021-05-11,65.11285981661612,117.3043880151511,395.13425331248226,82.94491745833668,47.442289306350204,70.76224139071282,50.16805341897607,92.78688778814414,60.61740646178655,118.25915381483307,142.9161695816872,79.87876058697582,115.48212279289247,135.91416146658594,151.64034307318684,58.993997331480415,36.77728638970146,37.568039471756364,92.17811357491256,244.36333411647254
2021-05-12,64.9628573014974,116.50100339132591,398.2252237874037,84.814331589732,47.7688159682055,74.05587029830136,48.721744583472415,90.90223132364825,61.04949181559787,117.46850234186475,146.99982613794066,79.61492451956143,115.04151851022935,135.43618246490968,151.5702592168714,60.720352184422595,36.22759217524786,37.67879371575487,91.40798060149072,243.0833666434005
2021-05-13,64.1936092659587,116.25051777208317,402.2279712295065,85.4452576541106,48.71169458776793,77.15589880968898,47.65460296758231,94.19066699096678,61.76790643011196,121.00698541014224,146.37332243264765,79.84713028110532,114.62113526034852,135.50911701424408,155.91224954434645,60.6770423970703,36.78344280532827,37.49157454054351,94.13592857533368,250.38518247617657
2021-05-14,65.31002637959556,117.03445566523698,397.52535533520296,84.4689677638334,48.310836741175066,76.87814408388152,47.52982144680949,91.82110566349145,62.66117858591961,120.63709422960909,144.57318104251644,79.20083442667834,114.18416140312698,133.90465262635144,152.14760533731274,61.197667225526494,36.93503901831725,37.56455561362659,93.45840610201068,251.35051019833116
2021-05-17,64.22496747702372,116.96849500493099,399.4772226074905,84.01404315996278,49.14902689339639,75.76618115646063,45.97529384267591,90.62904511170649,61.18235639378289,116.4658332926932,143.87901844034886,78.79190688503233,113.02535190664167,132.6563913482217,153.48817897090495,62.415651701341126,36.5040996724475,37.444480727220686,92.40413823652158,247.42942715340465
2021-05-18,62.369971938171275,111.83474921968083,392.2951393914163,82.10867645306404,48.75638594083235,75.87774573210697,45.60331255426107,89.46572415011049,59.47572760013928,116.3605066222891,140.93067184367067,80.53558267333361,110.8851069911342,135.1406689140079,148.51482298267243,61.60122827302777,35.819919164398165,36.8794158250515,91.72616985168911,240.12874723830276
2021-05-19,63.55190992884116,112.41748973583495,399.2666069647748,81.47676309574712,48.95179184117613,75.95989011731152,45.576435569429755,93.92786634631561,59.458147785689,116.97417686854936,138.1114662073102,77.74391849519237,109.59640134099382,134.9259208658645,151.61566579926674,62.78379409212805,35.40750236112016,36.79390569457573,92.13962974894537,243.17205620154002
2021-05-20,64.55039680378138,113.17436799522645,399.1127559301574,83.18247689840726,50.18799500081225,75.3957098807035,46.8649990964407,98.13944046116849,61.30909464654137,117.63623606953745,135.71756198348652,74.31179355682963,108.9313842573886,135.15394694576517,154.24472871210438,63.00133403409159,34.817149856937654,37.57240146503721,91.99072524163924,249.6742171714904
2021-05-21,65.87473169441931,115.22859323119353,382.3760756745768,83.5002305037079,49.07920424409538,77.1826710852966,47.07448350934734,100.69253567322372,60.076520872216314,115.72983573224361,135.35369713197733,74.20189994347953,108.05412391477083,136.29337203771757,150.55296878722507,65.32827014343653,34.47491176132505,37.50379807259879,89.27545477812612,252.83146282754083
2021-05-24,64.68812290716988,113.01716561732441,366.47914037101935,81.6931289407456,47.68692071372382,74.97017936505756,47.38021189734152,101.27518067541341,60.73202955508324,112.52114249794914,130.3441471793958,72.39142187477735,104.21300909741711,133.7226514392584,151.01123329115435,64.86199652496643,33.24148290055149,37.07417712691618,89.609651287357,251.28729385614943
2021-05-25,63.24440352505654,113.35815103249776,368.4585920811376,81.72272647095528,47.1656299855743,75.90346024632646,46.83800813448607,103.02213412556175,61.11307982157523,110.97366468177943,133.22048518153204,72.23452020709023,103.36885549540759,133.8003183684204,154.40766802173295,65.54037234463665,33.335401402011975,36.821637323853125,91.4101500969063,251.74594836123669
2021-05-26,63.16816290288465,111.50526485962652,366.13723580554,81.31324869912906,46.5664179880772,75.30087234013072,48.13582245164524,101.05163275872407,58.97440588710568,110.13062481105139,131.74874770554806,69.762806483896,103.00133654578254,135.92395085579412,152.67761981295124,65.43094574194275,33.46431887563296,37.23545824918693,89.82661348684849,249.8611694007421
2021-05-27,62.41868232059821,111.17499219702447,365.7075014210818,79.97370697782436,46.88167434497274,76.79322866163604,47.90843184958822,102.17229988873166,60.33240040141911,112.27571293712143,134.4562780991547,69.45831459263262,103.38162445910235,135.3431999581455,151.57757068358768,65.79568367048172,33.97858927760055,36.44390242265526,87.5122138305026,247.51422240934127
2021-05-28,65.37183006287044,112.34691906450179,358.73396926806015,82.97638726606985,46.6324263127308,79.96985357618748,49.37424774285165,106.81768700047635,59.519495731927194,112.50632594528508,136.9455872221145,70.32420043023576,104.83965146873933,135.23511881909693,154.38412289586768,66.77218156414133,35.045191294510694,37.444553204172,87.71666935311323,247.65230276542258
2021-05-31,65.42824115744969,111.37137185538069,359.915835065574,83.33691021886001,46.31864043972769,78.37046535993603,48.94414816108908,105.48185150542899,58.984507930886025,112.03926516139448,133.1906498174332,67.90649499205635,102.49390862461837,132.33717860728925,151.9320938800629,66.3673513660784,34.6968707324328,37.33435217875606,86.4870712952446,241.6893163372847
2021-06-01,65.88310521747151,109.00800274747034,363.2446347657681,81.53010688575313,45.45856268020328,77.78086562292343,49.681205102513026,104.165706635068,59.788071684230516,111.6026515135515,140.39861644382282,67.64004915347162,101.51057556888615,130.67974038795197,152.66462268187075,66.55402683255991,34.15488908677304,36.82386374604145,87.53315757731353,235.7192319045963
2021-06-02,65.98247849033339,108.24143010180423,376.6166630773314,76.87111448980052,46.01398015834397,75.46680187961208,51.436373534326194,104.74824748828402,60.13280954520693,112.14140023390043,137.4636811417373,67.48947235489977,102.46879407555845,130.90765336393167,152.0632419231998,67.35744719808086,34.791417104575835,37.18918064388084,88.52735469803142,238.24980317145264
2021-06-03,64.29188691753772,109.46710521807638,377.371086760526,79.63343876288796,44.9540939264968,78.15812937395688,51.55960746318231,101.04842196608523,62.04890406152101,116.77533975587052,140.351858471026,69.53857179108611,104.29655284781619,133.0927670566231,156.36006831161924,67.86616255672864,34.737422233683006,37.2841812191798,90.28093013017717,242.11380658705528
2021-06-04,63.80473553111886,109.64161005998714,370.92235758683023,77.40001474085587,44.583452780625755,77.74365610727047,50.47898777852137,99.33683621084832,60.49674132215758,117.4617696443472,135.0830066485479,68.769385620077,102.27784202020133,128.69830328285283,156.6239440492712,66.76881540306404,34.16934962241234,36.57476851882379,86.45049136244448,235.09930708878665
2021-06-07,63.59199795124327,108.95922994241481,360.14449244415107,74.71450225413304,43.65742681886234,78.99163531553752,48.61153883329767,98.5399650563958,60.08981541287774,113.7502181856011,132.82590279299697,69.8670763186938,99.16806584911232,126.47204811903138,156.51090416179036,68.3498336021982,35.05125036415744,36.232342711541094,85.22023358436206,232.30184563694385
2021-06-08,62.76631766767785,107.20319586056894,358.3069058014801,74.94851397813768,42.692597207840144,78.1336851915144,49.52310619791247,98.74985835190643,58.46146093625809,113.03357537346508,128.03780239182842,67.96602437052849,97.71758920589834,126.83111480145033,155.90799130954426,67.88355957997143,33.66453389867728,37.115334865833816,87.13826348124012,228.31305646268441
2021-06-09,62.24327647909965,103.62337678873556,346.8537262045377,74.7075312834413,42.72829676947939,78.37597721951545,48.83327640071467,97.40132648579792,56.359416239670075,111.48552542426481,123.11485602281789,66.8645427210853,98.30527472297487,124.03535745134859,156.28114348064986,67.6464371428941,33.07453639722484,37.03179577641582,86.4230511303641,227.04638682262194
2021-06-10,62.72632275002612,105.62770371702491,349.5191405819721,73.01704106122955,43.751727315965184,79.55409406655613,49.294904593247765,100.99639590431647,57.02476388875732,111.99210183155178,125.44632956778997,69.99085314616183,99.8648564986367,124.2669716146511,159.0871371382518,69.1505934466208,32.96228673200132,37.01780840649076,86.86747246426683,228.1143544144265
2021-06-11,61.827680193465596,107.67882187592124,344.2864969755005,72.64206400998687,42.07101457473378,80.52522159472342,47.95551507055469,99.56737115314517,56.53494703942127,111.14880335933873,122.31432129679818,68.69937058553587,100.36354252707237,122.9970832180345,156.87506954898805,68.3462878195679,33.456581442033944,37.102751210660394,83.93725303719307,231.76256434144008
2021-06-14,61.92365651831173,105.81336688991061,346.31995633778206,71.25494781348958,40.91052768832855,80.2599095982095,46.91781916828567,99.10474582315676,56.923617057991585,110.09413233512849,123.62477439728937,67.9021357509588,101.03823941051502,122.76254392398792,154.4727203042026,68.80149431750063,33.07905931215878,36.06653874038148,83.46289282291356,231.62397524728905
2021-06-15,61.02355958529985,107.9764291764826,340.9726172581503,72.60836273093187,40.94110273883155,79.57498979382288,46.50046701518827,102.14160403867577,57.60299335470959,109.85748488796656,123.90352172891721,69.26750134815462,103.62518021345467,121.82009301022934,150.47514310860012,70.74763827275572,33.175952427127456,36.620386120801065,80.9308475683443,234.9809562214391
2021-06-16,60.48274461546971,108.73278644533733,339.44564313083595,75.32659462792799,41.643443496351566,78.16691537713254,46.59263135239501,104.02075718568399,58.96667952016837,110.32031078673698,124.56138775658758,68.842648335728,105.84884112111811,121.72186808496224,148.46574632361472,70.57659200592421,31.540913875067748,37.855194141945056,79.19351689386707,233.25766843739453
2021-06-17,60.400173822558614,110.4885998173663,333.5957627649173,72.75390023587353,40.605063231771034,75.84496421459217,45.28886144233161,102.14372955613905,58.41214459279475,107.98092634894986,126.13527595490035,66.62435293737371,103.05551840000447,121.80860594955523,151.44913060558767,70.07176035109538,31.546395652822223,37.09363077756591,79.85473867020686,230.72246371194686
2021-06-18,60.44624410144033,112.07007631816047,331.22815385248754,72.49997282694609,40.7519610299129,75.42401118934613,46.1971151834014,102.93715782885869,58.76612082671316,108.72836895545075,129.6517844033243,65.61540335552478,104.05398696698131,121.52810692186114,149.81601773581644,71.34273373452126,33.25957555828839,36.98901402794607,81.62119515285978,233.7791712346533
2021-06-21,60.164748327396616,112.84974071582324,322.2464355163949,74.26922368050073,41.27658965539467,75.91115336368061,46.56651183083235,102.66290104271643,58.972618752284944,107.57250840777719,131.23771314755822,67.56138892613912,105.3954902349976,120.87522652772441,151.27263638453317,69.60464493348529,31.716555406153986,36.82524861855033,83.1581568836544,233.03816117908488
2021-06-22,58.8535530939163,114.71272953597334,323.8173530646548,72.0135680788905,40.92946423877874,75.50486195759909,47.00886664739667,102.72871715871838,59.00298591930882,105.29231643490273,130.30045115610656,67.30864913924479,103.4355786902891,122.22780908723807,149.77457148584733,66.27508292940365,31.42754889968508,36.64411292545126,81.54261123204702,230.796234176652
2021-06-23,56.88080936813266,111.24469969529908,302.12781836959226,72.30803838095967,39.42313037835511,74.22028761057096,46.166499857174074,100.83755933538355,56.80250901433343,102.40400941230722,129.02468616373864,65.83220804999324,103.20617095171181,121.08385033270147,150.52737989207884,66.32090481060644,31.981972061027893,35.97216572496125,79.2797562814434,222.8510119429762
2021-06-24,54.7712756884666,109.59459374859962,298.47936402498226,70.09371537349126,39.79756727922971,72.7628924331641,44.1357171804781,96.9081851074598,55.97015740474977,98.64801442314841,127.17584222649035,63.3420376537121,102.39438632435936,117.92996017444011,147.0640298039897,64.26036753311793,30.321061694315013,36.09283182759217,78.23216565315505,219.76497435128636
2021-06-25,53.00144646426458,111.62322008669304,308.0962950374306,68.25728650911644,39.477314387374584,69.58069677503364,44.404037557811,101.51263125185233,55.28304772953546,97.87863122419196,131.74611406841404,61.36651152706672,102.17830825870792,116.69658332705941,146.2368102436843,65.1649049627721,30.852827787026285,36.28720133111499,76.88917013864086,223.86136825543238
2021-06-28,54.11731069581739,110.80007646496962,299.1033785934581,67.33295767285381,39.10177342269742,68.49723486271257,45.08177405180702,100.25491800975495,55.718512236343614,99.03025371424117,130.6589501533302,60.37094493200245,100.08697493757477,117.91685207862469,144.74820105959193,66.32559499162205,31.85029215572093,36.29456881734357,76.20491668400332,218.99188004491015
2021-06-29,53.68474777378051,107.79432695129165,304.2811999431319,67.70838641823917,39.896571431488354,69.85707913659022,45.01870004389934,102.05004301992021,55.95916184196228,98.77341809864635,130.56849910635685,59.961127290956576,103.46295688253518,118.81881423953305,144.46263325518387,67.25567282251473,32.34079754877541,37.034430161846124,78.53707479390529,222.52310240658016
2021-06-30,54.49344687476038,105.3821854801063,313.60303431857494,67.16644585993008,40.90213405569365,69.45867538099279,45.63454828729414,102.62784252300615,55.97026554326541,95.96021548181777,131.75015102954373,58.563615061855394,105.80467322925374,121.1158425977465,143.99386691665276,69.94424397487145,31.504075681006146,36.158338502287855,77.95872358365608,221.69387647876786
2021-07-01,55.007518761480156,107.54943986809216,312.6433014045514,68.33248859270896,41.20991296035123,70.31018945799423,46.11542686447479,100.58927935102284,57.794420159269286,93.93155214231959,134.82007627782525,59.75100222443713,105.8619020995605,120.88233808395698,147.58111700570498,69.88632891791939,31.579963090099653,36.16146584817688,79.21778839611328,221.02070349945828
2021-07-02,56.39953199118085,108.77002753064487,323.9369710990124,65.57034133094996,42.41973229110767,69.56877774986393,48.08810366042214,101.49511423939995,59.89449396674923,96.8164483139618,142.90647301015724,59.94729321113481,108.65871907053412,123.47945701680709,148.5606334605521,70.28418379418862,32.20417598927008,36.35088296296553,83.56030538118794,224.20123617047875
2021-07-05,56.23450621956007,107.45281028338509,323.07229459599273,65.6223414387806,43.1452941702343,68.11443297382763,48.14774282115683,104.36141343579466,61.05266916284705,97.69210391055073,147.7515268919198,57.29140395994538,108.0799001838791,125.50476696962862,146.85370308217492,70.896466451614,32.9201225240877,35.60724218710297,86.76549341270088,221.6029687904495
2021-07-06,56.40861428113377,109.91794044752196,324.0411729033839,65.63948616313704,45.00507702971253,67.07458511549011,48.12432442497435,106.90052028637443,61.79625621341523,99.19865651144492,151.2601712335418,58.93208097509326,111.33969568595265,128.05667603429308,147.9367710957107,72.18656727165613,33.28993827959913,36.11178783534028,87.52955843876465,224.01774061814777
2021-07-07,58.000601856946275,111.38671506239135,319.1530665849362,66.99858518110156,44.715181117313065,68.72199430213463,49.838637956975404,107.67803578410066,63.322078105082234,101.20384066675474,150.76422435114947,59.497993367020165,111.44763105907887,129.5190293117609,149.1564529913673,72.79977382274696,34.250696328428575,36.33572439234067,87.90162492008778,225.49765541693023
2021-07-08,57.98569430746728,112.75046146030044,330.4437319728503,67.51649633073718,45.37125703107808,67.53479137660517,49.150544741957944,105.00602178627273,63.7080219599087,102.51116130600347,155.4801606300228,60.25608945066947,109.57561383823972,129.95272422424574,148.7881909584041,71.22143232835643,34.68729539945031,35.96376966361078,88.3782780785663,224.4800897856552
2021-07-09,60.41831142062591,116.20858758751646,336.9869008206653,68.19310103832922,46.3887424725342,68.86517659871372,49.59224091434463,108.80532376423365,64.64289845048151,100.95367651833979,156.37033857918925,61.55676653250068,112.02018339611632,133.2876376187136,154.0519068419623,73.07782064895613,34.06527913483228,36.63215787410474,91.50426266850361,224.6421892016045
2021-07-12,59.05210052314636,119.70899234025866,329.9595901729828,66.67643597920541,45.96681997014874,66.1503928978744,50.06784335115264,109.43110231180418,65.96051342009368,105.2081016239008,156.76481026043948,59.58165642100564,109.99423005097327,134.75017732681965,156.44948020464702,70.60221920506004,33.37663864579347,37.0007712598023,90.52770876502913,221.57959796952693
2021-07-13,59.41725811112426,118.77014328185803,325.46034372301574,65.53544649556915,46.06256631649869,67.04742528437504,50.49620415959067,109.09810265765229,65.1211322224312,107.06048323028996,162.97938978444134,63.04967795515781,111.69792323880921,136.83237835815453,158.36476153810992,71.07411183595383,33.16014131026567,36.8616675621005,89.73361407126224,221.976658929292
2021-07-14,58.62204844160941,115.91947531907743,316.63922742392464,63.6018988172511,44.75677228842236,65.41031472930318,50.97968963326539,107.43231758937281,63.16062326841412,108.29032623338693,160.8391264457805,63.22119370168535,111.08026856153003,140.62772915602966,158.10883165853662,72.01235743892178,33.239914742132086,36.92004941965286,89.89807912242989,222.71360629889196
2021-07-15,59.26298578330473,116.05630302554316,310.62884545952556,65.6592012750846,44.34900501283106,65.14697825838023,50.685652056963875,111.90811528673557,61.235567980566664,106.91161045793125,161.0572371632107,62.42645382142767,112.00462021579708,143.30328349707932,155.77797986998274,72.91669571360774,35.03281356859656,36.56784747357461,90.84306214840831,223.7954161372518
2021-07-16,58.33556271245104,115.60762722413276,315.3435973169397,66.80484978217892,45.46064777411091,64.75499397183437,51.36564576570269,111.91564207859486,62.42877862158225,107.85048149963937,161.19724908310917,63.27982886235073,112.06134096536293,141.45765376384531,150.48386025832897,73.14661728740896,36.17587996593147,36.73072539859467,93.10566181295056,220.2304319517366
2021-07-19,58.43819405688556,118.42946755505912,314.9361895597974,65.78762439492697,46.43424492095715,65.76022348568348,51.37982502265096,110.23035070021727,62.89679412649091,108.94164934259037,162.11472964850478,63.14747306073369,112.4136318209003,140.38239691125273,152.86865558187802,74.3836176044013,36.17042092294519,37.213473428039364,91.46330220079739,220.88157763844646
2021-07-20,58.31770274499226,120.26252540431067,311.95746244343377,66.8145110534662,46.62037937304465,64.91923813707454,51.00850736880008,110.86894983714157,63.27373617549385,108.40591351132797,166.40786481099485,63.63186421146575,112.89073038498806,143.0682425314938,151.19020810752176,74.86690220516147,35.815892717296535,36.66271063626454,91.60474021539906,225.9840330698708
2021-07-21,57.07467485645877,116.91993505257739,302.6707446364816,63.702214705883776,45.172266033310855,64.8626068840353,50.52683821228721,108.0879137820075,62.2923243153462,107.36202986320887,171.32174359485077,62.930229178400616,111.17262138739663,141.45022128094735,151.3096152227807,74.65187802499428,34.39043549316799,36.10571958816991,90.17548512266526,223.95689662492575
2021-07-22,55.53475317893309,116.20496470886432,297.3815316158962,67.89233037990866,44.29288715728224,63.68509652043229,51.171259223265714,104.9763638894233,60.33521236610043,104.41431409997806,166.2694612968229,62.17891579369193,112.09653020704384,140.2226577584468,147.71760546960863,76.56159993433421,34.27613384081768,35.73266267129246,87.70612680248432,222.0650873329693
2021-07-23,55.04676487211119,117.16692280940343,289.63988053680424,68.26129991444778,43.589461092232284,62.87918161873605,50.433769292550046,102.33731120153048,59.03875583859337,106.33026773150266,166.3962751656671,61.191941670659816,110.28999523143648,139.6136708377143,146.30340607470902,78.16562634384783,34.74032650971801,34.87571926176695,86.54479927608453,217.21416878855158
2021-07-26,56.234180052140616,116.66666575578209,290.3682660963466,70.68557911471642,44.40904152962539,67.43456812258607,51.04161504161654,102.78762549374619,59.54200803436082,105.83484316126027,165.55438556539758,61.50897111401971,112.18332859804728,142.786816238704,147.76340348251063,78.8902661838531,34.89573245148894,34.39587360281108,86.79929297288663,219.71720828146908
2021-07-27,55.15867981142806,117.50365699775287,295.1669353235669,72.91729795107022,44.62864677647644,69.68417472958812,51.78121399572718,105.26508311855089,61.92122193021145,107.23334313585562,170.2365604759899,64.37817564556873,113.32549092099003,145.4882379908954,150.66631048412447,78.60486951447324,35.812104217020305,34.5529830309334,88.75569597187722,223.28833594643308
2021-07-28,55.0871131234542,117.3033612781411,300.880520727768,71.86941109891617,44.26038906308513,71.0803849946248,52.19128104291569,104.0239983820385,62.270952652080275,109.72758319881923,174.89115441441967,63.612556707688604,114.11537070656433,147.12593853514204,148.80764954105803,79.58376730096205,36.314332633412995,34.331468383439365,92.78410069753613,228.27329079296916
2021-07-29,54.389930505093155,116.78709952254768,300.17377593432866,69.05170025297218,43.9089653008307,70.79218614082667,52.97919560718922,100.93367081329858,61.11190178333916,106.65118768041901,172.4890456022596,65.4411946254122,113.38156542111037,142.11295604780676,147.71871411033135,80.56779384406806,36.60967129596556,33.57541934241874,91.99806973896138,218.845921937358
2021-07-30,54.256267611807644,113.53841594219955,297.9525226399013,68.37815952862015,44.47629806491476,70.9879723000251,53.218295870880915,101.50167225155346,60.685160035686955,109.786969736285,173.96929480924604,65.23455713128301,113.69019329788127,142.7560375050559,147.20649823965041,80.36147727336689,36.47616441100282,33.64262563342476,89.26862552652503,223.64725250305207
2021-08-02,54.07205105966445,115.17856175511687,302.9785510148755,68.4944703718736,45.83317990996079,69.23805938987708,55.07702473027701,103.48337743527976,63.04011933594584,109.90390514947171,170.29065972325364,65.80114810043369,116.68936215481109,141.96741516294304,149.1407570733871,80.13730283166542,36.88760517422681,34.09877753550348,92.66324964134682,230.0033197299843
2021-08-03,54.66042471856259,115.99538595985139,314.918043653987,71.7121011816369,45.645125708052,70.58899594113649,56.31991680624653,104.75519606442263,63.18381596733564,111.48697387693635,163.31881977954788,65.38801304652719,117.32172808388576,146.06115316145983,151.78910358587876,81.16167766162071,37.55816975522873,35.51222747594452,89.97205927174865,236.06330078428195
2021-08-04,55.61694088025705,115.17677532154968,316.4700626062677,71.04222362187829,45.175863269263346,70.68025948268671,55.23171970548976,105.80418489976378,62.733647111978215,110.03505126560565,168.8977037938453,66.33192507644591,116.32022176217413,146.3002628341051,153.49165322539488,78.97470133004063,37.14509955319977,35.34922214219077,89.57678070397519,235.1435089741636
2021-08-05,55.36708571792164,113.33413251526407,320.2041356077733,69.05917042950006,44.5714519996444,69.91747323579949,54.55868528142252,99.7156986065437,60.28994270003078,105.86807022707146,163.08035337162798,64.26954752222761,111.96022626514826,140.97605621289642,152.59208843240663,78.67193462446804,36.46974717244842,33.72385799144422,89.62351923833837,233.2818740030128
2021-08-06,56.23390129858023,113.23380560155968,315.2846234126241,69.55773402108443,44.51945228276899,70.91080665869968,54.658173103893446,99.49209577257787,59.09793318408562,101.08426122353403,171.71956639715813,63.63878207511727,107.21483344325684,139.08501708479548,155.28749166164351,77.86261690700181,36.257672769608384,33.728828273263275,89.23048340249076,233.64977169936589
2021-08-09,55.07908571211534,111.4914351035139,306.3361317977017,68.05070145647176,43.99518826274345,66.98029971238095,54.09703840273765,98.60297964926374,59.53972091602022,98.93105818225071,180.23461800595803,64.41871963128854,102.68709951432344,136.6926222619229,157.67116169878844,74.89407427020176,35.90260969189392,33.1646654951881,87.71406741264649,221.61586542067025
2021-08-10,54.983361960248594,112.58181597363982,308.4327166388147,69.24261426344741,45.08752271875922,66.22714078353675,53.926892223055816,99.15671764660121,59.50162647276471,100.15445129854454,181.75613465016565,63.3124152195904,101.79956165060382,133.3158203334013,158.4272133296461,78.27037256361841,35.536767006951855,33.41297983472985,89.80569204804164,219.61494962371174
2021-08-11,57.20773159804429,114.43986906818164,314.90093482991045,69.20262847504024,44.828102945662984,65.6346339441265,54.86371861899132,103.36385158816569,59.6143129981942,99.93787302377376,177.18585602305356,64.26882314030188,104.90343780115334,134.18876406832055,157.2572154998027,77.9815996825298,34.85334217026534,34.15997044591075,89.4700658591185,217.4189986007429
2021-08-12,56.94054862141072,110.99558477306697,319.61479899496504,69.7082764154003,45.68624151399834,66.73697005876512,53.44291343579909,103.07420169063845,60.28851330931193,99.95935498722397,185.28945153826564,66.01992765953173,104.9368898121478,136.962087076298,154.7701040824247,80.58794588343754,35.503831505142955,34.21662397984074,92.10458936127216,220.53248169484033
2021-08-13,57.15176445979687,109.2307642283008,314.12751967069113,71.49389733244747,45.94043688114484,68.38413255946358,52.26860503745083,105.34601889656801,61.00819777445247,99.97088324425057,184.4666687470035,67.31098163782823,107.01326054733815,137.9401350777867,151.6764250830528,80.85247236583513,35.698444705205304,33.29091481119203,91.88610956893066,220.62980630218755
2021-08-16,59.39642029498991,112.8929098129776,320.98983920737203,74.28684950022857,47.58860579152788,68.36662582502345,54.02102623754172,105.9746137198466,60.31251742719899,103.12495386768666,185.4804463939003,69.32285385809166,109.09438083493521,141.6800320306436,158.85799145605333,82.21724243148995,36.45355227266898,34.69160080150289,92.41896624096256,226.70825497461215
2021-08-17,61.07845502070289,115.4209358074661,321.10661932202675,73.49203847296421,47.584417609413734,68.12850126714382,53.61939360306284,105.93633581366367,61.01445222271901,101.19736016248955,194.72459957963383,69.80236256683068,110.32291822923017,144.13963282954262,158.57676653702197,83.51261376876084,36.152526719487646,35.410204288795,94.00864421693986,228.1555581514096
2021-08-18,63.66940899603542,117.20117033090872,329.16213127683415,73.02167394292186,48.05992066758758,69.09913400597088,54.37069525837753,107.78542349917042,62.7290060218297,104.91872723765492,197.42029393982216,71.00906294289717,112.29262203769056,149.18745385583046,161.01749264128867,85.69289689761015,36.88904710215738,37.10237966735335,93.30954966762185,234.70320298723976
2021-08-19,63.56206967001062,118.21131034394803,339.58710529071897,76.79603030799271,48.47153762078022,70.34406797275965,54.496239765965406,108.77770943927601,62.9986269982737,109.82974925412162,206.84750404059446,72.82901425531409,115.95828217113339,149.90637075994547,164.97786990673882,87.1556878305947,38.84243543213651,37.38183319297274,96.25370499311028,234.1879526427554
2021-08-20,63.46059582766114,116.95669044247231,343.7354213015376,76.99116456167799,48.671820009936994,69.82385611300896,54.556513538657946,109.62931602908601,62.7660604402575,110.19619221830676,207.40780520925568,70.35968033987479,117.8932825182185,151.97275010202358,162.654112642443,86.3883273522376,40.558968335263266,38.39739415471698,96.19857055226801,236.02248917698265
2021-08-23,64.31944943548281,117.93808163493024,335.178064895358,77.0006370116633,48.92184621004878,70.26149305280445,56.1069603688656,109.63155279700807,62.49964343581908,108.43433103787982,210.95149741324073,72.38472844038735,117.74862355364067,153.6030727636669,160.94945582069536,85.8576136891147,39.99593571598322,39.082463186068466,95.31321979452596,236.05650767268074
2021-08-24,64.17065134284337,117.65389860602768,343.21144977437774,75.83850983687526,48.02367880170863,70.21729379698328,55.532150880379,110.65116376888544,61.66332410599683,108.38222109544378,214.9471158046004,70.36220814415965,116.4509528673528,153.70721371220498,159.73848564338238,86.16744854951096,40.20466294000855,37.03736322192666,92.82632471489983,237.5979165667648
2021-08-25,64.38699384107261,115.9154478125047,349.24445953099007,74.96528995332277,48.71525083907857,69.5122382662344,55.198944074884494,113.76717599055694,61.11915310208172,112.68273097214853,212.01876268229086,68.37115271369609,116.04804733507953,154.6789131417021,163.71735765543863,83.78257011213798,40.76853711858867,36.69368384869791,92.75819727263219,245.01210821756865
2021-08-26,63.14908845048571,115.40503863000421,343.9458017150106,74.08497932483812,48.01588274679994,69.31110697107188,54.736475863977184,109.66682886170727,61.101055900279434,109.82144595025144,210.30978576688588,68.85274004855219,115.6486865991995,153.32533710229822,166.58580458662223,81.44614437945015,40.28347761512796,36.869052663584675,91.70107415035514,246.9447061289736
2021-08-27,63.36355385495469,116.54656388751785,344.7153470845038,75.1392071236304,49.29686966766563,68.60313045599837,55.47018862979239,107.90343953472076,61.87020219505355,108.8982906733988,221.42096312397973,68.18815870099937,116.78014420649241,155.03478214420448,165.48879396066275,79.79294780681788,39.45091513360309,37.06973611269164,91.48670718668997,245.53290548182744
2021-08-30,62.2554122901952,114.79023771164557,342.4074801445808,75.2097582414137,49.45250208308351,68.7224283197582,55.91312922735207,110.3367842179376,61.70920814605,107.09552152137438,226.39481451568253,66.01726837617814,114.86896078769246,156.3175634392752,164.38073905178996,79.50439476890882,38.86898905789939,37.21231410509653,92.88763373795351,250.20013237601074
2021-08-31,60.85446906615472,111.41669303924674,332.7940700360944,76.6727562690463,49.15301516095288,66.05929969461054,54.5692676302958,108.1013670078915,59.948442043273346,103.29579056862045,219.78399007024578,64.43230348630868,112.62995601131004,154.49753134268823,154.7631364817348,77.06442466755236,37.474303479623,36.39692091354973,92.73691170674797,245.37828579352228
2021-09-01,61.6183960093558,110.60974935475758,332.540660397648,78.22377491349896,48.09699440086655,66.64943966906606,54.92485238044887,108.67235557442879,59.290242264410935,100.43163925527668,215.21995759476602,63.11282567091958,113.73849612216276,156.00605049435026,154.69220803197695,77.07537455637383,37.14903272629296,36.18014308292757,92.99578033434894,245.91154038744156
2021-09-02,61.803735127982364,111.2730762001396,330.1569211780893,77.43532506320902,47.99104752307303,66.73553522689826,54.36464969622107,106.54454771043433,58.866240558641515,102.59020667702615,221.21486599833835,63.552297535580266,116.79342065448216,158.57154992536044,156.62923558578365,79.19826559537017,37.34847061881949,37.53646454461644,94.66099121412844,247.371178126828
2021-09-03,60.63195644009649,113.11871722885961,324.79807559736247,74.52614829673144,48.41955255999882,65.94982492915615,54.94996784009355,108.59987829413508,58.70483321404252,100.60684643108505,225.8545637967744,65.2514262599436,118.37216360614366,158.72423790389288,156.92337578854915,78.59395766174933,37.30394241388272,36.7918362828013,92.81923469593019,250.6770108891059
2021-09-06,61.21274615826472,110.90307665789885,323.18353329901845,73.05530370603728,48.63529345005721,67.26948637444002,54.85624770420368,108.52256319283916,57.328970518286404,102.7585166184142,223.27857908741683,64.95735104379082,121.11362748607782,156.69994625935112,151.8213728585766,78.65650157030358,38.131588840691705,36.599721814684045,92.66734429254113,247.53372698007962
2021-09-07,59.93824443031774,110.81210993076937,319.43819737956574,72.66726507123063,48.65037936923933,69.58403420894088,53.889278140006745,107.39421556699298,56.80865844051918,102.74457032829905,222.70654093309372,66.48248556874945,122.13519318109539,155.264957293141,153.29526004222774,80.54022012619853,38.106920567302645,37.73961323896012,95.70893162917119,246.2881622494555
2021-09-08,61.160559151002595,113.24905604700135,322.08740233209267,74.96407116878406,50.14688662751102,70.0089468770291,56.30436455152841,106.31494662511038,58.06252840100916,105.9465144323543,229.28325164743535,67.04733517490497,123.34086467258676,160.37716536282173,158.13187650295822,81.8678165712824,39.03885441267722,39.52651215912874,96.01092691241269,251.48039327395134
2021-09-09,58.59986911114583,110.33922871892959,323.25543955627757,75.23565192691781,49.53477795978478,68.70743987761983,56.07146526682884,106.81328420848799,58.08400580052425,104.51002243420305,226.9525098032854,69.30082120214777,125.20309607729054,156.95374926293383,155.47684123549217,82.53427656290711,38.49414845601889,39.19996671916513,95.69415560607835,253.67360536101145
2021-09-10,58.37746661611241,111.26235153940107,313.22884260783576,74.02692353801945,48.98637186529775,67.97845120604181,56.964496093936674,109.50720931395426,57.05160143300994,102.89127812390429,217.11866695918187,67.65250999558717,124.01644198329524,153.78808519427795,152.19705016956064,82.25057484198706,37.50215222199633,39.71230374435016,93.81968877560911,246.85654540023572
2021-09-13,58.47876397865838,108.85062647445906,313.15994921514016,72.25119381172063,48.775110446205716,68.6454459021598,55.963633838781526,109.84772268084103,57.281341328360604,103.38828395345868,215.06591452402265,66.48083883484836,123.97103057240254,150.32989303636094,145.59351937095383,80.15570735728419,38.266620571500134,39.58397790247733,93.8282972097766,240.8152163843203
2021-09-14,57.777826218013956,107.47278717828287,304.64754362360827,72.03603424478074,49.490755361123654,69.06506801126277,55.82477447050876,112.12408445773342,56.05304620069271,104.44551102592654,218.0394533069195,65.40693265008007,122.84089820841713,151.3544845120752,144.28611441479794,81.96319111196233,38.06662925473541,39.98659186012712,94.87958054034908,238.88514722892714
2021-09-15,59.53345378909463,108.79116670687621,299.46328023339805,72.71276612362742,49.121264244841846,70.06164818972701,57.743475923017115,113.15216906668182,55.983443424633485,102.85374636388906,215.29930745222183,65.60086386939618,124.26310833328596,152.4708640272444,142.12954574976487,82.35964668747505,38.64892338791462,40.28570395200692,97.71959613255288,244.06666258219653
2021-09-16,59.835048074683954,110.13756434064653,293.3568912480355,72.0752992117456,48.86865761305662,68.64419263497905,57.10429199547117,113.4151338998784,54.29582766328215,101.65106614358878,216.58659922709398,65.76759298368728,124.9986794677068,153.22648438599538,140.5312191794642,83.4489221622691,39.24792410441944,39.522531314813044,99.91388902416462,247.551997498252
2021-09-17,60.093282502324065,107.97767528645646,292.51339836886297,71.13198513291479,48.83816587971167,68.52926195771636,55.95685062947288,109.73604335940584,54.636148219254856,100.8558948649102,220.53677888391687,65.09778725390751,125.18326194184834,150.46053630352628,141.58252397844004,83.52390913111184,39.623980911165425,38.554965514011435,100.2973180822652,247.9458577445763
2021-09-20,60.972235485140125,108.76783979772483,286.2654660566207,70.65495181418105,50.041384338720015,71.84069945282337,57.72004723089571,111.04851521087915,53.452422043708204,103.32010222254657,223.42766164467452,66.56170333862816,126.39752875094818,152.15229478261406,136.26618741694574,85.14492196624839,39.50744680322766,38.506919907113556,104.21833439623173,251.38294511582097
2021-09-21,60.10944684351403,107.88150249560982,273.0765226738125,71.1262614438068,48.259518801783955,72.44757547718281,57.54305291222176,111.17598406452171,52.121562960658295,102.12124655935644,224.19266849701535,66.51221212613372,126.27231446968956,149.99520367337865,133.904274221795,85.11071790931514,40.380056088651294,37.256079062461296,105.1554948995458,248.79220345823904
2021-09-22,59.379691612273106,104.83290743544643,274.2289121799518,74.39129967488348,47.922985095618685,73.49855966845263,57.88950782504553,111.90350460302052,52.01433041649538,104.5297943147477,225.0076432146595,66.66349946467167,127.9823409872598,149.83975497934665,130.4505368394519,84.36560757408019,41.50080237483275,38.01131600474839,105.34322688837662,254.95398697002628
2021-09-23,59.14355822590491,102.98770857354982,273.8591384850249,72.29312943455518,48.33717324645784,76.08086467448025,57.66302946979503,109.61311964091455,51.56654328620662,103.06370868240815,224.85451671693593,65.59243112829307,125.81574554776402,150.8442258490772,132.4426112611107,85.19928856401677,42.52928947914481,37.732855082570474,105.81928545324465,255.87470999744082
2021-09-24,59.107136096701474,104.1036704850566,279.8019269868234,72.28846561970944,48.243360392058364,75.40091285028842,57.215929480666965,109.13612489111613,51.9718015610703,101.93289154535526,220.80540419445944,66.06539018367634,130.0606898340831,153.2621220959039,133.2169761300521,87.09297501183724,42.78056638962164,37.3414886517614,104.59634600841888,256.1349135900118
2021-09-27,59.306149424442,102.39817318107282,278.6071871641032,71.03795154977094,48.39945457148869,73.97326054203779,57.97422165149352,110.90597902078102,51.49924633941782,103.0202225987268,218.22656127430804,66.34708741835084,131.36314570545056,155.43204860970883,137.72206033493578,86.01433389179198,43.07992584225133,36.635291704148216,106.7175939912571,257.7140800854099
2021-09-28,59.999019942107964,102.85531388841022,284.475939463585,71.29188344270526,49.39154724808145,74.8893485678344,59.05340035132401,108.96981343881922,52.724391438604606,105.31431421333882,209.93024309802806,66.45409329695956,134.02012401260527,158.4878719207181,141.58061613268384,86.60184727526014,45.50160926529618,36.346197325228665,107.04086177992325,252.09692518400263
2021-09-29,59.891746673864255,101.70694156619491,278.52449072620686,71.83843508954759,49.7752958047269,77.26681096954015,59.77868703440013,108.7749003791103,53.19011460887817,108.65603425591681,208.50773319057782,67.62142942456391,131.49025024189166,165.65584535492533,145.30726655708483,87.76575598406444,46.196798942752146,36.22180130507615,106.24792191974318,253.44026495353972
2021-09-30,61.01032317684916,104.05594458107915,284.10874041542985,73.64336854450764,49.63094006837386,77.1723994660575,60.41057824605641,110.41287449347323,53.711668534628046,108.33396787570688,210.59837055017738,66.76233123689083,134.45243671888,167.19377779377277,146.49836796911913,89.13244833584984,48.06057270105191,36.182044073935906,107.87888142011664,256.6791003846649
2021-10-01,61.357145175176846,101.69492368446433,285.2256091680129,76.67678236527615,49.342979045263846,78.87021146974577,60.7282355659315,111.64784357575742,53.97351064485122,108.65517976806997,215.78536695282648,65.5020134759636,133.7411295102566,170.07378239426276,148.8007022346827,88.2231391689709,48.45516721758199,36.77992921603209,105.66699131340518,268.5724226833069
2021-10-04,60.326049738438684,101.0806923948351,276.8440827875043,76.18055734675434,47.676198714762734,78.60043488343497,60.876587657903684,113.0648963627256,53.065190466537835,108.7771671170833,215.78204637237226,64.46798699613844,132.13714874656344,169.18395212018152,146.0115407381628,86.89881140187269,47.221299789502304,35.905160301739855,103.64348254986368,267.9719390882002
2021-10-05,60.24789480874146,99.28407016794077,277.06241764342576,76.42931299861554,46.615577366691696,80.54887795307934,60.69556973401918,111.0409944969238,50.9537385982573,110.24460588287971,217.8997729751609,64.03325266830981,129.00135369298968,167.15897445384877,148.53355320392419,83.88056883606247,47.63359065113095,35.2391916824226,103.4736472837929,267.4300750865119
2021-10-06,60.5145367336682,97.92828683973514,280.81333720205583,77.46307375687297,48.088639403863084,80.33612740971321,60.95123512577051,111.57870444964676,51.80816623693399,111.98773068196628,221.26550403811254,65.39196909560403,128.0932935129288,167.86628280926988,147.79720109262698,82.76573889578192,50.13366927463164,34.68539705167336,101.38117902074987,267.82508753723533
2021-10-07,61.72832014396591,97.82364585033991,279.5825160893789,82.4078787127554,47.4070676333495,78.7730436669048,59.23603666474152,108.27321124790228,53.06876300562981,114.22883216127012,235.97385995556309,64.65856653864383,128.19253734372836,171.36825154624938,147.97823200799,83.53235951356062,51.187084410738144,34.8464149453923,100.12340437222697,271.06983737951424
2021-10-08,63.14059391013161,98.17526218038802,276.72952138167886,84.25884008125963,47.23390838934019,81.16738971332303,58.03918947464744,104.60866543573192,52.655732727941924,113.18787776560063,239.48551394213928,65.11564462468874,130.58465237479305,173.18324856985592,150.54872017890708,85.57117290830607,51.864802335486445,35.03311757541742,102.1366739702022,274.72223723874475
2021-10-11,63.281211933986626,96.74436747816888,271.52520466474147,81.69326806337291,46.95268053378235,79.71522331848176,57.35938434298313,98.70076712272977,51.82459780699865,111.30270293919811,241.60769472465458,64.58360519881414,128.55187675870152,174.12692043815886,147.96916533667923,83.93319707176745,52.48104619324668,34.221892651468785,98.1331251258203,263.7655539524109
2021-10-12,64.24040155325564,98.74958791270426,271.49736022541833,80.61347793407663,46.36191325021327,83.08306513292902,57.19128695177228,98.6589984826756,51.70579695707485,110.05486699843493,239.0294461552652,64.51079727793181,129.23991187215293,171.71838098369355,147.15082731416464,82.47534154241396,53.825011436274806,34.295871836551605,98.53698691741644,261.8563191690034
2021-10-13,63.29985520470556,101.1014407172746,273.5209046208098,81.21449042472346,45.59704910922615,82.21189055465672,58.79488444588378,98.0456255092143,51.23063396570656,110.28781592843617,234.96373323027112,61.93328791458103,130.70978924905268,176.12947897811313,152.5767021628289,81.04618520142569,54.31145382725827,34.49304819817961,99.25013009261016,262.68254760579276
2021-10-14,62.165788343573894,100.39164358317252,272.9887712424956,83.03128765085214,45.37313237495544,83.62861449166567,59.366166571360644,98.24735536895005,50.59200722392347,110.51853197746577,233.11687684125937,62.278596304571025,131.32877145439846,178.41052532794683,151.47345274149538,80.10963292274455,55.27774641974071,35.176376678423665,99.08442755342413,262.3035400058737
2021-10-15,60.7273240373127,99.35169500642569,271.39067832498904,86.52993002038647,45.84535355191715,83.31650467683066,57.75522275002445,98.95134369314819,48.82756812203079,108.45719497021315,242.50430329294315,62.75018444167553,130.71174493477892,179.64392378738316,150.67437864240668,79.6690948353764,53.54179303504931,35.71726238233193,98.27688502504763,256.64482822691315
2021-10-18,60.849803750068446,101.1349822425021,263.76878924044746,87.54739877399464,46.083539350035,85.76552920265583,56.32086458331453,99.48910796649828,48.75885804720074,109.60214600067246,248.06310633051072,62.405645122173844,130.800430097349,180.6749205660887,153.20158330179805,80.53032004794976,53.49924993671613,35.744265400812445,97.43444745105748,259.51533590709454
2021-10-19,59.76599493739605,100.31445872188554,262.7077178860106,85.64903476524643,45.14737357721199,84.69662525705878,55.424426625993014,99.22786823899146,48.08026006864737,108.33088441156694,250.02216982570368,64.03799579063472,127.88745743945185,177.40191591022383,151.12989310189292,80.39708891894007,52.7674243485077,34.64345324012858,94.74870951478496,258.92345606081864
2021-10-20,61.64067981841705,100.74191421915758,268.2626526637986,87.52597055160692,46.54908886509218,87.88085902805108,56.86583054376479,98.679195354491,48.75133205215986,110.81510705179709,248.51834480452598,66.9150972580024,132.9538552013179,179.15732406144352,150.63733719768143,81.86307470632018,52.59831972946038,35.99113877723959,97.96041269911456,268.1890558108121
2021-10-21,62.28139862557183,99.66920815143219,270.4689358374606,85.35128127365974,47.92887549015369,87.42637184628663,57.47077462068767,100.01591699737999,49.28492872509369,108.58388829989006,249.96241157481614,67.28515158419391,127.7823827273791,178.7128854247781,155.43287108468527,82.61114054380141,52.621123117483215,35.179819235356945,99.18043236048909,269.9417598029259
2021-10-22,62.36946475342863,100.33551137041214,264.9913322248148,86.19437100432968,47.43689997251905,85.90625252614659,56.87555495402618,99.36184250197965,50.038874603353285,108.3946384726457,241.985453061835,66.98923876634296,124.49653612079167,178.57969357568334,154.76217870759868,80.46470096568,50.584214458416476,35.077817830762825,92.94432311732217,268.37113061154037
2021-10-25,62.67434633030319,103.76557198501652,271.05231302184757,90.17965878843192,48.10054488270151,87.55868949721135,58.89834849115536,98.25529020021987,49.77536223484307,115.34948471862911,243.85834713643152,68.78043278364781,126.37305452355557,177.9890188854792,158.79055591396695,80.39243053600494,50.55089378239021,36.00460897876773,93.65918368986955,271.91940398948
2021-10-26,63.101303105635125,101.344379519371,279.0910836100793,90.29563640235973,49.60164979159138,88.40182351329922,59.308781295379475,102.37084852308548,49.88094181973781,119.75932784550633,246.35302371576643,66.49846963935788,127.38207947593068,180.31605598780072,158.84577981435046,80.55619629611445,50.91492354839147,36.28410445337178,92.3561059954034,279.87534854376605
2021-10-27,62.66010598100541,97.24495503857368,280.74449730891735,86.87398881423779,48.92436462983995,88.0867337025699,58.209999897908446,102.63663546198298,50.138277046308836,119.70639450474181,243.71600488269766,64.19692910450951,124.02444369693194,175.28798374273825,155.71773403771277,80.26617642573298,49.9292173404406,34.480777390252726,93.38713289639809,276.0601878857122
2021-10-28,62.269975203071375,95.64165178235062,275.08472500093916,85.47666094420947,48.323842142431324,88.59738869835118,58.082880698829634,104.32516163677012,49.517377211158774,120.22027307982361,247.47174594518862,61.64185934899447,123.8257370510085,171.43819647251925,153.41358695685273,81.86994925945764,49.56566200937375,34.90511377161967,94.25616354269059,274.28203582078567
2021-10-29,63.88873487800038,94.01865987649278,269.8373991723084,84.68965803972685,48.046584811092416,91.2244942888797,57.45010897714852,105.60909755556301,48.91845858177166,120.80715083019263,252.2912852706983,61.37964897874936,125.32278983873549,169.1247561720138,150.70894188424566,80.32946625123923,49.46416125020703,33.99729400116877,93.48583152690664,266.2053948345288
2021-11-01,62.84991912617725,92.60053031514725,262.8630839500417,82.55238508457187,46.59348361962474,87.42329220592873,57.083052275527464,101.51440921632572,49.06545194443768,117.44961689223359,245.22980248954804,60.5188362673653,121.67200769610315,169.03108175846614,150.8094748287384,80.81442271233587,48.81642567596774,33.02170220360932,91.89697469092758,261.5919028509203
2021-11-02,63.171527047659694,92.35823524922526,262.08804848058145,82.34609573061196,46.21967873456612,87.63007951448672,57.30691801646522,102.41057172237703,49.4923817037467,116.02488007877528,236.8545832247001,61.29072327798441,122.03746496597768,173.09177606124297,154.49995353940673,80.00899539735309,49.45611277489491,32.29563811968592,92.50581085650701,260.73630071236516
2021-11-03,64.53708434853507,92.14318882325928,263.7275264359433,82.04975674260889,46.17875199227962,90.36552948111306,58.31585756936346,101.84900729480071,50.64334915676611,118.79649171733128,229.7296376003422,61.46052859199341,122.62433773436014,175.53726442371638,157.38350452370503,78.77288276951997,51.071263901868875,32.88132577189725,92.55435736344253,267.95824656353227
2021-11-04,63.114538381038486,95.4989458402045,265.9589163210136,82.22756168565155,45.55878538738396,89.11108020218528,59.08917875196666,106.4160743714552,52.00374675690919,115.57031860075318,232.06346253236507,61.32788358475263,120.50344246492304,176.83196543721715,164.35665723947926,79.9942895613195,50.79965535596024,32.817043299652546,89.69502964951856,264.3982880533329
2021-11-05,61.665152702841986,96.89864567342434,269.3074545618823,79.97210107816306,46.35201441285935,90.12800485940436,60.32778858365577,104.81336309942861,52.40085213779315,113.99905748122184,230.14655850267954,61.731568788821114,118.57755482541235,177.28875811086667,163.75897630668143,80.99272085090422,49.326775824236265,32.565673368915135,92.43820651640749,263.41590320127176
2021-11-08,63.58172884445686,97.64775192161768,280.8487799084765,80.61810649176792,47.16706958520799,92.02294823847268,60.49790922448897,107.94334183654266,52.89146086000052,116.73206984219605,222.86367700051684,59.193018660643354,119.65465065526939,174.59527371376106,164.02902812757597,82.29971247992286,50.633715733397196,33.21166113310616,91.86785980984152,258.0343878247674
2021-11-09,63.51190606107023,92.22442364620788,278.6048093892384,82.57769651200053,46.25293404709728,92.00791529241943,60.115160297837214,107.73701012161231,53.49589926941896,117.7536610910017,225.56094988167817,60.19835229885392,120.29714315869222,175.30096367276508,161.72298817045058,82.2802172366184,49.00423430380054,32.60020623583091,93.3409817919326,256.5434492595938
2021-11-10,63.04709361138846,90.11292719380165,275.27837506615435,85.48641668306237,46.633268841019884,90.1875965271389,60.2713345014148,109.97367564344937,54.331110526529315,115.80896209848207,231.83125931829974,62.11465644398202,117.35979068299649,171.39667332561922,162.4187819592077,82.58204752392137,48.20778965006279,32.88148804692211,95.01343469628311,253.04767113526418
2021-11-11,61.339846549034014,89.18357809253729,271.87508560494695,82.58669474972822,45.44245910207576,90.1121802820822,59.89437783219981,109.13519025811522,52.95774542280595,112.72387131773141,233.01977621293972,61.70930686197189,119.13003049574269,173.71058709023632,156.57406747334096,80.40936104260511,47.68931232123276,31.58570711566647,93.66820769459446,244.45715095822212
2021-11-12,62.01473656228546,91.31185990266991,271.4008302670052,81.58650903855884,44.566834701720445,89.32448089126424,60.61604840380674,112.8292545656672,53.17489694528702,111.05062126643614,241.4990677930837,61.64593255736493,120.29456373821105,171.0305070257006,155.1174165188323,79.5148948245686,47.43370103706853,31.778132341606582,95.23436646472757,246.0044371670723
2021-11-15,60.45766784489473,94.07197595772294,269.57184637570026,85.71930617986148,44.54652708662742,89.34268179980096,58.96864765851089,112.41088405718254,54.13186338921329,112.02336997826201,247.8387663802536,59.221605514921045,117.89248219688169,168.93713473414903,158.6515820038233,79.12663095709853,46.49943806643264,31.2380973761864,93.45084541885308,246.18335431121523
2021-11-16,60.226527342316636,92.70902579236339,262.863458044371,86.40334716954041,43.272412653032006,85.76740521291202,58.022746967079684,108.03359070802267,52.9427338943175,107.57445680250338,243.1317616265116,56.204874621971776,116.92441167546376,169.28403636707083,156.5534601565471,78.57606929712803,47.2399756046377,31.0985361963419,94.03465933784568,240.58065995105147
2021-11-17,59.126188950367606,91.39714400221642,265.3797891618538,84.80244356566041,42.83682638358439,88.38217190798251,58.324207335258215,107.51682274980914,50.97923158259279,106.52219495769492,239.14313221967635,57.112213154908936,116.04880496042541,168.37252224148077,157.87028306487284,78.7489737507321,45.08750721570617,31.50059306917593,93.97220329930639,237.9131559106567
2021-11-18,60.42716942996598,94.01571459659417,269.9677799457083,84.07060908168879,43.196458066913195,89.92181568472338,58.401086266743164,106.89213362665461,49.91974048031581,107.04804798455196,241.03316717702555,55.63501845201016,115.2600601553065,168.95402894601722,157.07571507846802,79.60943747534547,46.59885930223544,32.33225657237066,97.26383245895029,235.234876631325
2021-11-19,60.90135303363376,95.16225080440556,267.8580695853996,86.49538911009556,43.50061054502283,92.7171335561181,60.629509722588736,109.84499954711684,49.29300713256292,107.65460304084539,249.2882735671128,55.068115834022734,117.87323069328431,169.40628982252517,159.23132483345685,80.70727484533698,45.841693910039076,32.86303997755923,99.10029510624251,239.56812746424163
2021-11-22,60.10109354266484,93.81294574784467,268.685358192215,88.11193523967047,43.22736939260718,92.54527651547961,61.15127246965035,109.72665845838856,51.669909765940346,107.83941617373281,247.54819656371214,55.83490689557434,118.0522875128344,166.36504961271277,157.99987093993843,82.96733634554386,45.33283341579184,32.1821296566694,97.64521775494038,243.39247077247572
2021-11-23,60.45777708259911,89.61859367904704,266.0935220778164,87.3863583486263,42.01767090088583,93.08110842279949,61.67943642721095,110.44369623638103,51.26705890135463,106.53021298138022,248.552363539283,56.7836981515038,119.3718316110204,165.46938491914688,158.82336937318522,81.00458657447095,46.84078123032714,32.584010302881744,97.31008469597765,245.29115525096432
2021-11-24,60.61099054029645,89.7634208088243,265.01092690374054,87.60236694480469,42.21047538952651,93.54598760699572,61.43832294270204,109.42698946786177,50.796783588650314,107.64782101399548,250.66141610308904,57.916594982052054,120.5784424455861,166.39425263279816,159.47253103214817,80.30063837242386,46.935293777133495,33.18026156897633,97.21664767835995,252.12087193865264
2021-11-25,61.21654898559125,89.91993062799122,260.9259988074305,89.77568416974518,42.278916996168306,93.77167191369303,59.57907709194565,108.8782176296999,52.02739903557071,109.19643556002377,254.33972230211853,58.49307723187545,120.65008217036846,166.40023216708167,158.78814708044553,76.56073538629076,46.76144452712865,32.73041998976424,100.00518136096693,247.64742006492315
2021-11-26,59.8637750900904,89.20416934775434,262.0693613433623,88.13835501197738,40.910922332910886,92.04127777269142,57.640615113938395,105.90640001806699,51.17943536294328,105.49309134068243,247.74045073323222,57.71591504667971,118.7095624660748,163.3710701406184,157.62588488742588,75.60048816132425,46.672403467094576,31.474599506084502,95.97935901282895,241.93824525718384
2021-11-29,61.7414238409446,92.08074246070939,260.0132567249145,85.10024056435552,40.74637572326967,95.87288254533377,57.92062556507617,106.71548691939128,51.015093642289614,107.23160118925587,251.28173182386826,59.13885035715452,117.64612830451843,165.16229575908656,158.15833913709025,76.91440497154215,48.74195117491513,32.36015196452907,101.00563954753258,246.60160211622411
2021-11-30,62.1900006056481,94.38023818344605,270.680651722377,85.82871495089503,41.45954142561412,97.53823265041065,58.21360288263289,108.63116220192259,51.49665554877738,110.28434469273792,254.9950453629357,59.68389197877276,118.66265724610312,164.53432671914365,158.36768330153774,76.95247717292031,48.49638803238194,32.114747041754896,102.09703030496418,249.32408760274646
2021-12-01,61.48409643015422,97.2745369046027,263.19366484889304,83.43027771828451,41.57301689411571,96.73043449566545,56.92770457278723,109.24810236013604,50.58218955856616,108.44542782985941,253.59919819508792,59.29927923355256,119.45660374382896,164.4738712742162,160.2374865353644,76.23097782485421,47.39311668889079,30.991976097639995,99.25937697451398,247.0566388963552
2021-12-02,60.00377420684924,98.91562954606674,260.30423998450397,85.65525488972422,40.78103842882343,97.08087212655386,55.05742524162706,110.6268341202064,50.58037142072848,109.00761411393286,263.3616684416816,60.719075495779265,119.53742555735374,163.4143730069104,160.48394515360292,76.51078021899924,47.629530464041586,30.155161057738983,96.48416308982718,239.7386870047554
2021-12-03,61.369959823547156,95.758515146868,259.1165085949012,86.56081986839898,40.75037214563923,93.03320645369583,54.625274068370715,109.12772172311736,50.33851247247039,107.91926344411202,263.1065334374676,62.71307639480497,123.3354240989546,164.34858876620373,156.83422165265492,78.74710045000661,48.49382901927955,30.42806926418851,97.08701995378742,234.00226994291896
2021-12-06,62.62439319616305,96.66997547315434,254.26278297182657,86.2219720463008,40.10862599333686,95.31921224236945,56.1273698611921,108.8942251974699,49.977505976787874,106.92112756050743,270.1778896813945,63.804001599259166,124.55185300863702,167.6853422352456,158.7310277674507,80.65848312497795,47.71491669323499,30.220530663324602,100.04261588924255,239.11459874403442
2021-12-07,64.48759633962071,99.0258838383064,257.61458686779866,86.5315493560495,39.74911555197956,96.49241517624795,55.379396573973196,111.34325690301625,48.88303358547264,106.89523233365001,270.5278078756575,66.7406278537957,128.2957599396918,171.85943710135268,155.72597355753615,82.06872706124847,48.6894379004798,30.806108376196214,103.60915884875146,238.0174685037589
2021-12-08,63.874472653550306,102.1611176565875,269.21353149904803,86.95738256792868,40.769272634765436,98.37729208115269,56.48788798019656,111.80672235600288,47.72348906791293,109.28611936756288,269.486725305407,65.87778131229067,127.55331002850504,174.7631077234882,160.5744342615759,83.14907849262333,48.872300401508525,31.333191525216698,105.29389190238784,244.43966295001488
2021-12-09,65.20837366148459,103.84252966900635,272.7587399866711,88.8427433625821,41.69752395963729,99.57951453119166,58.80605456494113,112.36650265169355,47.52426831595369,113.14924592751383,264.53424063064483,67.21122997260656,127.64459740392678,175.22661329895647,165.59251065202722,85.62275295917318,49.94161347088362,32.09798932279252,108.1182816708149,254.39752711038727
2021-12-10,64.73915324564445,105.77898574944084,278.29169509775625,86.41824289282808,41.711405243474566,100.74082057862415,57.93765199134346,112.1769230184081,47.55232336466123,113.93226790158108,264.57551171606724,66.07836824774311,128.04720586969668,177.03915679513614,166.95455123850473,83.70266961733563,51.90492301372357,32.26184387677461,105.57954475036748,256.14377061349336
2021-12-13,64.01529893807583,105.5031292523397,281.2474001609107,85.35875158534645,42.25713983488628,99.74086214771528,59.05035518481211,110.46205944703242,48.06662913949264,114.64939990960002,260.14953108826364,67.23353006373195,130.53284941972055,179.9716196079328,168.32358199317386,82.31244455500087,52.57180267984556,32.27152207182834,106.14255879018363,258.5683721648527
2021-12-14,63.12395136017805,106.02091609361383,277.910542054981,82.4766367496936,42.03450691616094,94.83231097971203,58.02543234024002,108.08856738703786,47.072944602525624,110.75278213471852,250.52470777238344,66.56964712938496,130.96463167550075,178.1904894322758,169.34434739870116,81.41170658435118,50.75258289453156,32.57398663259945,104.87384291710504,249.99047543726456
2021-12-15,64.90978350328777,106.5849244521929,279.80893533090835,83.2303599852507,42.191354084534865,98.89669738308228,58.44690046412391,110.24208109334958,50.53806059927749,111.09479275714381,260.2964246783516,67.57615143879372,133.19408263615244,181.37733503656182,168.24807443637033,83.2791333614185,51.68244069124417,32.47899540370617,106.72631056081693,243.2125753423152
2021-12-16,65.17035974891519,103.80350298939017,271.7322553755615,85.65755513390896,41.854919486324874,97.80812143373623,55.35866424413471,107.66438598720167,52.46783759730351,112.6124470340389,266.9100062602291,65.7489014233009,134.85317085657138,176.2952428343349,164.9991998736772,83.80751549161766,52.05376132932895,32.28309068120147,103.94079557622996,245.2692554365367
2021-12-17,64.77311338115506,105.00568784644331,267.3777278234517,84.18008000604105,42.24672920564427,98.99197031939181,56.62835098663858,108.0556632916194,50.994169497344025,114.3539119638063,261.6605523541908,66.47665911293234,135.71517779496062,174.06192612783687,165.94216887494753,83.01992347473981,53.9224119833399,32.39967920547811,105.89411649054428,245.7879679345152
2021-12-20,64.04568816773069,104.1345755477773,267.38532741396665,84.1750472565112,42.03040043615956,97.2518649528342,57.68934883581185,108.15729174188601,50.10729952029983,111.84951802611414,261.5169971960673,66.52181864945624,137.65149661317642,170.29373138946747,162.54299311023235,80.77667949921148,54.73193999610469,32.058154104764114,109.21446537989794,243.1116332712516
2021-12-21,62.1445461924776,102.77826491354716,265.18405844819,82.05368381764143,40.98317950599061,98.06253596081976,57.024162509795296,111.98488390948478,49.42364522837506,110.6020907078237,258.77610188216335,66.72400405538014,138.46487796956606,175.79015332215883,160.6238044437386,77.26701683679224,55.27016821934496,31.221814545672792,109.62351943631576,239.4609394260529
2021-12-22,61.79120375477096,101.67268112017075,277.30726881960715,84.27187561057544,41.16439325074571,95.75873689376797,58.33525853579735,110.90434436304301,51.013870771913076,112.18609317724655,265.2351433539574,67.36563269332778,140.85306794935588,177.05368653428826,164.09671607129619,77.8118729281973,57.540850484619654,32.497185626150724,110.64063876290811,242.80858040434777
2021-12-23,63.01731541239741,100.0350238732658,270.6222459210921,83.23776920030824,39.24280668454895,93.59835228227973,57.58223472486395,113.37162233594786,51.38353606236144,110.78229858920301,266.33133762138783,67.20194907310488,139.77469073616516,179.18253946812618,165.9111989213382,76.17857465773248,56.53584755189542,32.41185977225162,113.50825645614297,239.68160153241845
2021-12-24,62.33468335586431,98.52200491335942,272.4398708503445,80.26000608645765,39.1956724941245,93.48168926645504,58.27219931808388,111.76110507347747,51.25950668418837,112.6743694852497,264.5356974067694,69.0930707588544,141.6710335222072,173.4075476811355,163.00194161026926,75.26329813046394,56.356951329409576,32.48245878560459,112.0195046752366,239.34683439421156
2021-12-27,62.24439886799775,102.57324426333771,262.99179237875666,81.65715149847249,39.312933466403784,94.30779165187576,59.16903269184109,113.97986807490275,52.60932787338578,113.148403055628,268.0038946549486,67.34861121524936,144.16443529404344,176.36258835255137,167.90904811850288,76.55560418236523,57.675054325214255,32.944524142178295,109.46614582766381,249.92152685265904
2021-12-28,60.61668298730158,98.14359332547568,253.3550278887335,78.47886152927778,38.499795811572476,92.5922144507216,57.89852302122015,109.23937651454952,49.98399189070046,109.87817951844201,267.1235707829023,65.87557024371797,139.57797340117003,171.62931351186214,166.06025384745703,74.2591746388826,57.6298220205124,31.93279629624831,107.38884511669961,245.53078803639812
2021-12-29,60.822317302677185,100.40243135160617,259.66799179489647,81.57394125346578,39.14829853959554,92.5508986763344,56.47992127033965,106.32876441317462,50.05141574584933,111.25248763494623,265.98132669581224,65.60238491498114,145.16424465419024,173.8772275308761,169.85073995449108,76.65488196515484,57.86969408920561,31.869182026388273,107.35378507588004,256.6270550552161
2021-12-30,62.00842488473185,102.60027496599818,261.9095504111653,80.6492921859226,39.07455549349402,92.76351877316911,56.68441759922134,109.58745090288694,50.61560015788116,108.60449501050962,267.8910571574586,64.58186076408346,144.69000342753318,172.21517679095066,167.05931584230666,76.34849453495323,57.71689414981293,31.465791058375373,103.34965834587089,253.62896933934167
2021-12-31,63.32178507249473,102.20676169624039,269.39305560105333,80.50219906707626,39.31555585027725,95.89605499938756,56.600449592809696,110.07069693849796,51.75253728474714,110.86400184199184,273.28106984954735,68.11957321980854,147.96252063679273,176.15780120255496,169.7605895710309,77.41825057082495,59.096464568824835,31.022310132555553,103.68595288855069,249.69600461009065
2022-01-03,60.46888536161801,102.45257562075352,265.488485911957,78.09583232879743,38.48174461166392,94.95501051130499,56.42628890550673,109.62284493958221,50.69186146049119,112.06704388450193,281.70750360756773,68.03465236262339,145.74068509153514,175.61111901256353,165.31452004891312,76.96550209611824,58.061561740679934,31.450313104878425,104.42827021651253,251.42518411080783
2022-01-04,61.00139724081379,99.8233403916703,264.37665202877815,75.92448195202223,38.739901345344144,96.58524668142987,58.42942813431824,111.54122625754067,50.955969750279955,112.62697647555241,274.54553838655005,67.38584995111128,142.70319721209376,177.59748499099254,166.04774021383298,76.63150489718096,59.69286539512613,31.090776521244507,104.59910647423413,250.44549993013717
2022-01-05,60.669034348157666,102.58587475903397,261.1990372788409,74.40789827630522,38.4149110083157,94.42365046157212,57.863340690066885,108.35973159445177,50.9347398157004,113.7995657096563,274.68184089972857,69.0271887772945,142.9623539152383,180.41929373012098,163.36500997452595,76.93107908148468,58.20705761195844,31.101247385019565,102.1042817344101,255.050148989096
2022-01-06,60.752962175993005,102.3390793047725,255.37754931942015,75.07006871570744,38.37542676390634,95.60145322152638,58.72885128158294,111.03538972582552,51.00415851610582,113.03886170451058,278.5092051713144,68.07804158719901,143.40892661765324,180.0018640198105,163.80968093274342,76.76707210144998,58.970622073574674,30.301708065514845,101.07803008288431,252.59193846254516
2022-01-07,60.74257235284613,99.63083067623455,250.89334745759152,73.50709092802883,38.933674216751434,91.89633409684124,57.72895530743468,106.59730287276085,50.15961001670948,108.94080793300955,275.5882018664253,66.11184525779782,139.5569255266303,174.08814730712152,159.46211546886602,74.65551911095052,56.676471800379424,29.541834949185247,96.86064004511196,240.8666572881198
2022-01-10,61.56837044111234,97.07546183305966,259.55465443329797,74.68074659078934,38.26869311526966,92.93746669890056,57.87351991676451,103.4699364240159,51.083062773151006,110.89573511100869,266.82478676887285,66.65540016128162,142.24484601135973,179.7965413410995,161.02546651880562,77.31340488420338,56.8516970026498,29.008555271178288,95.58356189024954,240.23718356355232
2022-01-11,61.20396659791048,97.70130480426756,257.9286959816921,72.95405012852288,37.31530048053236,92.10875148588501,56.311948333040355,102.44748047048898,52.09418464860878,112.35153001572435,277.969398519745,65.78561819905228,141.01693156331424,171.34103675137365,157.18861391239088,76.09168321371767,58.11081636492248,28.897662295046427,95.45555110784515,235.96939234139649
2022-01-12,60.19881227967347,95.45335058016262,263.65909492689065,70.26020708928189,37.90212089623782,93.06543749629017,56.455299118910794,105.9131438526008,51.00934685110103,114.81513729647249,282.9264104975519,65.33724367266616,142.72778776271178,168.6876066074487,156.28383387274988,76.59362498000071,57.324723165113326,28.24604086792713,95.23613424382886,228.90867191503827
2022-01-13,60.60018833263166,95.61570519033667,263.8465590559973,70.3997684355547,38.83967502238264,93.69525248223452,56.53860580680336,103.05412064440982,50.76908455135131,114.59911940415041,277.27361849541984,66.66369527113615,142.4390455727575,171.75498297617196,158.19867334597055,75.81619653728919,57.427532985954414,28.411709851485373,97.46591485405862,224.70256410199997
2022-01-14,59.70992085101109,97.70228398721967,261.8683226956108,69.86906177740603,38.74286551665248,94.68030458283864,56.711152778888476,102.58005954972178,49.72276423450969,116.8798979213107,276.1316076845717,65.54265804227845,139.60305145250413,167.63472622675596,159.16554515526278,75.85440281649522,55.25094099091768,28.459863587184422,98.81091760583368,220.88321388220592
2022-01-17,59.58985142575338,98.17696571406084,268.1120634380819,70.36378142014019,38.39173143313207,95.58310565292237,56.32267231287341,101.74753974278194,49.67211940845151,115.34725182870606,274.7259588518223,65.93268089785954,141.337232906604,170.68914105195392,158.31500587735107,76.19832367847388,57.53607487450967,28.307120337279706,99.28425193905659,231.26875863654698
2022-01-18,61.04261615562234,100.24515325033843,271.4974184394254,70.1345847491146,38.77481965554915,96.33255726636087,58.21644771790737,103.48864275564723,48.86081776607219,118.31608123906496,272.2241219035189,66.98988408996219,145.7359710045608,172.99759701416738,168.08695386071827,78.2608936750047,59.33651759013963,28.406584839756277,104.59629513270833,231.74697656087343
2022-01-19,61.27342210367069,99.39557106948183,269.775433792653,69.95427635481391,38.16033877030493,97.07157294810445,58.3086801155869,102.37628041195399,49.137904143672074,115.60743214134209,268.0357603123787,67.81034064220175,144.80566888355082,172.92863510029966,166.17441496008396,76.53085552394374,61.19900533482802,28.18422797582435,103.57797749141672,236.1823304973598
2022-01-20,61.35847689248194,101.54070291740123,277.6327600223011,72.9024126903594,38.09330725719735,97.93756274810447,56.94855434671172,99.34583356416259,47.78874413730565,118.91092951586144,277.14403755390487,68.86606586005958,144.87392422882104,175.000445839039,172.18964177861042,76.62317407143196,63.32007781662069,28.435282410121182,103.44945792380616,231.73490875728538
2022-01-21,62.63163930640268,100.21324144752668,281.2268151247471,72.23244187033085,37.9929643728843,98.31509795283837,56.305041991706474,102.96770866753585,48.6731475698081,121.54316237477154,284.2212940783231,69.78437727892454,144.14355722176222,176.8103076356018,174.06304922803264,73.7549406457858,64.4620407059705,28.99460020270373,106.19733749989004,233.92543162540701
2022-01-24,62.70666328129466,98.61229257049972,288.035415681141,72.01953693454377,37.609371492481536,97.06825775190144,56.64780509061922,102.90300244215182,49.263660797173785,126.42132822986984,296.5406588585839,66.0361501011319,144.76848320680875,175.91913712323066,172.59947581464044,75.28538294229156,64.92555168978346,28.04656174211282,110.2113518012263,237.36053325335098
2022-01-25,64.93660704529923,101.35601303970049,287.2869685530521,72.1114197898958,36.88423961390271,98.37689414351512,57.320930372751576,104.6716996422472,50.298487305010866,126.16946985325745,297.83836045654016,66.95801201457394,145.73505994556078,179.71219465225798,174.07901119511138,74.61440914473899,64.88712117055627,27.862717692101086,108.9865279954678,237.69404833975744
2022-01-26,62.60260528856205,100.20113374789918,287.4907189711507,72.17509723551599,35.484479282118926,95.09040914740471,56.559508833206856,104.12457745233336,50.11464839461361,125.79032239637203,304.95934091046826,68.33066621630107,145.02007354915287,176.49247754220488,170.9842851349742,75.08729190449019,64.97445413057106,27.184726121356384,108.8095807804268,230.15184658744195
2022-01-27,63.06073003437991,100.0680521079153,289.429505407816,73.77509354979725,35.29770445846506,95.95154483802338,56.660060544999695,107.6029022536102,50.835155372244074,126.12260528646908,315.0497135475478,68.88336266357788,143.7682822251859,177.16622349278418,165.36053838865726,78.05096775997714,66.11785821282584,27.32080204647759,111.07536736474388,233.60855127393833
2022-01-28,63.56172712180419,100.40700993309898,295.2134272958431,75.89804249354822,35.0670683854118,97.93176523750984,56.67304610761035,108.52802019273341,50.59790581526015,127.11979710123242,309.48859940133525,69.67681004644596,143.16165278033478,180.8119155025739,166.42566852152407,77.79857771747182,67.01774448732154,27.846419786124482,113.2854225587216,237.02395273154457
2022-01-31,62.208943051225816,99.77019722796832,281.79636282568134,75.68724568592033,34.881501017306405,94.8004562629626,56.59732026822871,105.06661909024687,49.51257045498339,126.19825100281683,312.5693537905963,69.5713257466626,141.0660072227253,177.76008821341313,163.38891155776827,75.76463566286787,65.61631778164876,27.31695280763962,113.61536536820596,232.57586209888447
2022-02-01,61.359882822652004,97.81991140397348,284.568618725007,74.74874560660253,34.99590497075126,95.89456306777667,58.13767106258195,108.61598514022388,49.75641178058589,129.08499522930293,315.1229428604797,71.13993260506868,142.54326327562435,181.61569356514204,160.73166780849635,76.06891420368194,65.03002482889953,27.91197793044704,113.73848421489261,230.7251206621199
2022-02-02,60.559866976364425,101.23959084990418,280.5944097732107,76.2634470787102,34.362224988055964,95.84514862185387,57.821904916998804,106.59580387224158,48.30680668861872,131.20936981161674,314.47493505782427,69.43538436008838,144.07830131909864,181.09119374370658,158.5635610069716,76.24513462720935,63.977137254873554,28.399407811782726,112.94840859959004,234.51423667602486
2022-02-03,60.45040670396788,101.30444088196951,268.10738781498543,75.77614594568281,33.375255157788224,96.75992319936815,57.16505211441551,103.9994699860601,49.06545456930702,128.7604000413575,309.85037970699676,69.8828446829743,139.61883992388903,173.0659295545014,155.06407769801376,74.38278641934234,62.81922990311838,28.445109934339424,108.80923749448793,228.10203705698262
2022-02-04,60.06144368036756,102.7552748947455,271.66060093381594,78.89557504975976,34.125633665185916,95.49473074250565,57.20925702366853,105.84155830032901,50.16593709880382,127.5168055632135,310.2855761280577,70.7066790661942,139.05063770380534,170.84942780834788,158.25825926089522,74.98610614158295,63.1624888615768,29.21147289328408,110.69945330942862,227.34856663266524
2022-02-07,60.9620501118533,105.96781841129331,280.4583863639451,79.19367631739675,35.094457774642024,97.57137540349814,57.07796714837883,107.74686761499483,49.062448540678695,130.77383402274927,313.2718417556543,73.13943428037277,136.69369494177124,167.79458485069725,160.49892813878444,76.82073138473088,61.62148841197514,29.450417816566837,111.668860073798,227.68170944636478
2022-02-08,61.941427554349325,106.60783018331908,278.288929180643,81.79480162432672,34.39133247588732,97.43001914546393,56.99652165274701,103.97266610946721,48.62464009857339,129.05799569287385,313.04487258882517,71.34077208130094,135.60979420297826,166.41766366521637,161.30033600773532,77.22295761982674,60.435765056715404,28.709722190902,109.54970934080833,229.75229863969744
2022-02-09,59.38404718872674,102.96325700353394,285.0320292110915,82.79452923421935,33.96746834394889,96.27266853160008,57.59687212048992,107.22253027572184,47.99895611126367,130.92561807544953,312.7519895445197,70.91327385332976,134.2928773278226,164.2044004073846,161.72551257563336,78.78951872109813,58.50055511867704,28.67431050733321,109.39654728507129,227.73264944485393
2022-02-10,62.158754339858156,102.69884848517042,284.61359135964346,84.45602454487515,34.33887475380538,97.83800721352952,58.23650254987052,107.14619664338723,49.715162285323316,137.06637544067033,318.4741002468991,73.31882049248854,139.90145922923796,167.60089648314369,166.52472052331737,76.6968160115417,60.557154574917064,29.080972360416794,108.45646091912229,231.74150072772613
2022-02-11,62.440363763582894,98.40171885221179,280.3442426793914,85.97998036978794,34.06749590025265,97.26448163435283,56.05017416778864,106.27992935659437,46.73388392325749,131.97645601783304,312.0862779734393,72.19012370288803,139.53659705885582,163.01914694949528,166.8770346909075,77.38687242681195,59.046849630430835,28.07682941392237,106.8889543435124,232.05764731868237
2022-02-14,64.83246244751898,98.64061038076254,282.0645792219717,86.28034045256332,34.185136096924786,96.36959430835849,53.306851675870604,105.27897179476003,47.36355132827179,134.95713944495668,319.03025759745674,70.77700458780583,139.710443965742,162.92684003906797,165.81831408129045,78.83840259272849,59.9582927321938,27.83140482400302,110.62046591898294,232.82884118639154
2022-02-15,64.87995058228638,98.2569569482205,284.25114498012204,86.94570842677548,35.1197158638916,98.99816336869353,52.017962979901455,108.686950462216,48.64675245704816,132.16597927213002,309.224515689234,69.599116159366,141.90621691265284,163.06710496097043,167.15164319993238,78.5572001322005,60.69428119933556,28.26986912377504,111.32535670188601,231.97802411879755
2022-02-16,66.05284999360669,101.39191233175484,283.7894375913862,89.07779165842146,35.61464747541449,102.00819482609676,52.1754032315215,106.92591931095222,49.091993541757205,135.42615856196167,304.04683002862504,70.3653637999551,147.86389880406003,167.3764133811321,164.97170950169354,78.12801062847255,63.03134363739815,29.00680396765195,111.42330554117125,234.57881100762802
2022-02-17,65.66157003488917,103.24755488143954,285.6513148387468,93.24563577061369,36.11992146437182,101.35983620368762,52.82075663653543,108.44606493122251,51.691759660116794,137.24870210558367,321.4219482089759,70.8150053213033,150.3382042818265,171.31889248883567,166.6910726069126,80.37015358864049,63.271479962937185,29.519589489142614,110.21737690289979,241.51684055190793
2022-02-18,66.75164596385582,98.39430780108343,293.4899592540991,92.72639840799746,36.67420017187636,100.46259577947635,53.22287877061674,110.17417664238093,52.57768270451035,138.47591495916996,318.8658908581733,72.17637940560309,154.79343392826564,173.9713783110584,168.1469475692824,80.79734337701896,63.059731424237896,29.720133686407838,112.68120978994969,243.53242123242296
2022-02-21,68.53041812127938,97.0033977232055,291.3592959590232,94.40675935855593,37.64217793042186,101.86060484467123,54.43700632763921,111.73975833440306,53.54923691793242,141.37824002143654,315.0909370269699,73.74892624410786,153.83681370230588,177.34775894798014,172.14036487933984,83.5120080735834,63.61445145396716,30.129923572694853,118.46077623916413,246.59389870399883
2022-02-22,66.72500306954652,93.10539517513575,280.55547755583063,93.8445001377134,36.24488476976768,103.44831838539874,53.899330984121605,111.00727100278833,52.826244426527474,139.60278261713853,305.13854824206936,73.03495484021529,153.20631447050326,176.71230923117645,169.96013581414596,85.0439173818812,63.78315058657559,29.577068947812723,121.62829564125433,249.14495613960966
2022-02-23,61.92884109609407,89.32236003587705,276.4351060640878,93.39405794628227,36.18055789437194,101.7340001754586,53.19052402544209,114.60515688868801,51.147634533241245,136.25411884630762,314.50392677629276,70.69103906585002,148.32648935059484,174.7035910015121,164.3019029575184,81.97320368503222,62.55140413632076,28.251223908871353,118.70437741898569,239.51189990812063
2022-02-24,63.031806376769254,92.5410007679233,281.68315141623395,97.06564302862807,36.973839290057086,104.06346193114368,53.582094262015865,116.28952110767943,51.370932476609184,140.43967122282206,312.22132678069346,72.48028446569796,149.9099513059318,179.36236277999183,166.88395969180337,82.35010176758635,62.096144665391215,29.014577257930373,122.21714802763064,236.8149178549698
2022-02-25,63.86076146095787,94.41162795331226,281.47024395737975,93.82346138804834,36.078914604858014,102.26232606720187,52.068547410770634,116.21087529725192,50.52192795017581,135.98989143758976,307.154751838499,69.8499496922583,151.334436913957,178.56412251620574,164.69547779417746,83.76399837851902,61.22448822729997,28.914967329618943,118.97594113714482,233.7583926761834
2022-02-28,63.74535798894794,94.58841606473271,287.76242199020265,92.23011028782624,36.72786705791124,103.73643784947613,51.62721055366971,109.46032479289627,50.126593968010056,134.31615051763004,297.09093346403125,69.09840275947631,151.65048330073859,176.41420128555288,163.7723803610913,83.97718983845385,60.2556051419626,28.79928162836601,120.17202179040105,228.369606238428
2022-03-01,64.45205122919793,95.95767394568205,279.87225398234636,90.76010429251751,36.63709899413272,104.37513040555127,52.85608527953681,108.05870945028677,50.285003323839575,133.40620176841003,289.13904249650693,70.90764850684195,151.98086520505382,180.38815942546574,162.83084294988652,83.50781946360172,60.35682363828817,28.758224990306484,118.3628853052516,226.07205975117688
2022-03-02,64.0830235500682,95.21362563719416,289.1591854028254,93.26050663031027,36.53975434964319,99.73687756983712,53.099734708582915,105.16435815828054,50.32984711969341,130.9616457190643,283.7363720635627,70.93972000973756,151.46730720904304,176.22361256720373,161.37237912593602,82.84018327507458,59.182869408013474,28.798761575345615,118.02406230077746,225.69243404566703
2022-03-03,65.13031952761646,95.4581389580801,292.3492848993504,92.74353889989202,36.835320293359246,98.60467206987511,51.78218826837272,105.98871691881315,51.17128629466932,127.55151687525023,286.6794374629198,68.25976701250369,147.75864590026077,175.3043523052068,163.09400979885572,81.51313049686487,59.304462268737076,28.646457850502745,117.10169143177167,226.13990908097193
2022-03-04,64.82938124216311,93.81911218260034,285.3189786914687,93.59875336466848,36.41318294626207,96.92368347789885,52.669323492087955,107.59649840869987,51.23288599519264,128.7913423505834,284.0908394582677,68.46526370216307,148.55470320020547,173.8496863179223,163.1365351431768,77.93091290563875,57.947836587914196,28.850967180863808,115.22922364456268,224.4217186581364
2022-03-07,64.17299249925615,94.4367202854029,291.2832411086971,94.8400407509888,36.41073702332417,94.65029518485548,52.82867159584371,113.28236656282434,51.192907935194825,128.19521478285142,290.47555742192816,67.74748927855433,146.54234985242147,172.495161226283,164.40461949756704,77.77962685141964,58.450179948426246,29.250795285483008,115.26452131665387,222.30002035059965
2022-03-08,63.438024002257045,95.11506709194144,293.9507366595167,94.55033522919234,36.614172320780625,94.40091371139346,53.55968515942238,111.73583612267741,51.69716588410527,128.83956376982408,292.090371490361,68.63241917855282,142.9798885086243,172.04329040613155,166.38262665581743,78.94350812346731,59.5613532696098,29.231896422481892,114.9659121030939,214.81548654845392
2022-03-09,61.858406391230176,94.46847486366103,289.72782007689307,95.40603214852374,36.080484983993024,93.96187084110636,53.28642211151562,111.21630323668414,51.33469367021742,125.07348754780782,285.2353276483627,68.49433944457712,138.6843898306346,168.47491459516314,165.5960407015714,78.45974840953463,58.17358836557689,28.94575535378549,112.67757900533844,210.04677174467682
2022-03-10,62.114153537173465,94.61144850171779,292.4327102104726,98.41496382269463,35.98246199844889,93.58167492025362,54.405052769617626,117.6128329132808,51.04818481752732,123.63343472175451,284.1379334543662,70.95981407578904,141.35505902851853,170.09622645993193,166.57616544675545,77.50497291873216,57.166109686077654,28.867413100707832,113.58329084638235,208.632689912168
2022-03-11,61.311124222237446,95.72885062040699,298.25634098975235,100.0624812445928,35.65820908940994,96.98450801047473,55.22917700256178,120.19629962756737,50.255478981891216,124.16993114048027,300.8735027295672,72.62191344651897,141.32656688533794,170.4352366158836,166.34067890073976,78.89085452319681,59.077035850910065,28.652069747866367,115.19122486531812,201.34280000532902
2022-03-14,62.169658407422645,96.64448623187734,298.011780320534,99.44279921994861,36.13642861526395,97.48015702764391,56.91539898399713,118.19249310385018,50.7723044824315,127.14567280693008,299.6474794656141,72.01735901498951,140.62215559404564,168.8655683935125,164.27732864656028,79.15612715289713,60.65019009309072,28.413126573876166,120.44421683397518,206.00976317739676
2022-03-15,61.93312220575564,95.78872851095373,296.65380960937256,100.0186710405981,36.591037214503785,99.00257286891714,57.291006589022935,120.42366602855402,50.02126636346055,123.45905612369444,305.1160116251912,74.19454080246605,139.77073444116292,169.94444531062268,164.8687884249786,78.27388297918526,59.19616872093242,28.38663276034836,121.43541895565757,202.81040430747714
2022-03-16,61.109563001159586,96.4085313503983,283.8659430427033,103.21093632068776,36.20660009821546,99.88649338098655,56.76285698806232,118.48141127804197,50.02059783834289,124.99464709569071,313.99694216970244,74.61938926003054,140.61738693744843,172.9077198900578,164.98143984960214,78.65005961090681,60.32237060715321,28.225672351080814,115.6446626081764,205.965106680209
2022-03-17,60.484769897593246,94.97188875027769,280.93538897146885,103.01813120653625,35.81317567489632,96.31115266797421,57.56738124425277,117.77910754113985,49.22558860191223,123.61807586251659,314.10558053882744,70.82943451876224,136.8711068517807,168.34312827073833,159.45610602287059,77.24815196982607,57.382321393996584,27.94405053803431,117.32669932880177,202.87388345904765
2022-03-18,60.82297721529185,96.51156266313185,281.4959780748753,100.49419124747018,34.585084054069014,95.7855623918136,55.60374936501321,118.54388507457902,49.45425010894831,125.91503509873164,301.1282547050053,69.46018476849873,137.507928077877,167.78494016446993,157.31310821874442,76.4090252180744,55.121590601204424,27.66953774128551,116.82570937847849,198.76141410339972
2022-03-21,61.643912583032716,95.0026466282306,271.80824776103753,100.57794052701307,34.64188245912991,95.08775853072133,54.897414219111326,120.19825621942802,48.216716924203794,126.62820264302921,304.6042974116114,66.65908379897023,135.4987552469586,166.7090365413899,157.52064446260394,77.14292710795264,53.846794713745076,27.7444069562335,119.05948698594099,197.80395195706603
2022-03-22,62.41025656675437,97.58029331716214,268.7167794860321,98.26112020340165,35.1369243937377,91.46623876438541,54.42502831515384,121.82072997127702,48.02013990670791,129.4082776105144,311.14775571829307,66.37186167612677,132.56813553822928,167.90828336944554,156.5790828419549,75.45502487830942,52.94817156192292,28.148962693089544,121.75625797931563,198.8299022535348
2022-03-23,61.663116480707814,98.72860334638803,264.84559082747415,97.91824103903626,34.831014700678395,92.32167414540385,54.79716479055186,120.23632719059489,47.404292086196094,130.51039337273133,316.24519057047127,67.2372438758762,132.3753394549503,167.4018864171316,157.29574025295722,75.50229894617979,54.52343241526241,27.825287046680167,120.41349397666352,197.80381639234682
2022-03-24,60.3472291590994,98.4296669222543,276.8725092438782,99.61491819102878,35.97046873968138,92.70059537798319,53.28719451429784,117.64004284881734,47.6223188650448,135.53416649282832,315.07196534510996,64.35538373866977,132.49454344892817,166.24162900892156,158.30357581186638,75.93914462609864,51.52927357911548,27.121788847620277,121.7674004471192,197.65982251552197
2022-03-25,58.778233589895386,96.93081350077388,265.7596930602659,101.97200653381412,35.58038311078391,90.84803834579262,52.902175066656575,120.39063112744486,47.763486780838306,134.22850949174065,308.27056892780644,64.48163172051106,130.13383797567582,162.51200666315728,157.5117126290653,73.77106650426217,51.46250196342603,27.316313173428252,117.6317394709671,202.5209761208132
2022-03-28,59.595520551030106,97.88733117693029,266.51917606790545,102.44777736087039,35.42785495488368,88.41559296461706,52.64352971446202,119.48527883766228,48.0495834276401,132.98240752181758,304.74899329717886,67.36041615934441,129.6164065624144,160.60173414103264,156.87030811432564,72.90300803315586,52.1705797495415,27.819210189030358,117.4505292806628,207.74094626598358
2022-03-29,60.22916354094014,97.76833812849742,270.8605145650764,102.57172043444508,35.83694118203056,88.63338443332337,54.88284281936403,121.3233074924235,48.11012899281834,132.0218474630761,303.06975397226876,67.87429664780142,129.4238504962186,164.52516682391402,156.35370217219742,72.26997329108978,52.21839374958503,28.550358256342363,121.07518699170488,207.33251539902253
2022-03-30,60.40354794220372,95.39292255405765,276.31517008005494,100.67953337242946,36.115993788533096,88.1890803463164,54.38648131758992,122.70840359273112,47.52393669961757,132.66929105559726,294.53149570080586,68.28444363258373,128.4006717533909,165.6663238632811,150.51478390467756,71.82852626246293,52.62064506966598,27.862709162774873,119.89268628782185,204.79325217646976
2022-03-31,59.02385444174076,97.12337415462494,279.2117228697583,99.6410972562121,36.562274126725704,87.25571459216499,54.58159722357576,120.64036097400415,47.18130042203951,136.323500780232,299.31294264092696,67.90804472110085,126.83073097967498,165.61862825010493,148.40544709765467,73.6464205246284,52.18240528632552,27.701119085274915,119.99258012055336,204.74569344261107
2022-04-01,58.38938482115667,95.35178359902125,282.8812712037237,96.71300284258326,36.52017582929238,88.80325282119715,54.78891086921609,122.34357395863067,46.17209891661376,139.18781704582926,306.8043330880293,67.1163524350468,126.20920566861162,163.2911717659,146.75884693863262,77.08308469173384,50.138638989076924,27.539646419306184,120.22294422221816,200.81568915622915
2022-04-04,60.42858511071584,94.94932803197607,285.32702965722416,97.35757909942612,36.15505337636476,90.68289571152195,55.10805382889881,126.90584414457891,46.20754436333214,142.3393884615299,314.43329706559837,66.66328144892998,128.91460597156654,164.9452352178195,149.3061610588771,79.06886947583159,49.414310046569625,27.580516429780932,123.00313696423633,204.57892824935314
2022-04-05,60.58161761022772,95.32438247369191,295.488449336181,97.04712936540501,36.79016684857969,92.52816329302365,55.41824076490864,126.27795895907686,46.76220006166899,141.9631353179462,306.361342119902,66.59426217741257,129.04238907481573,166.5884025499242,148.3575316681364,79.05193007941165,51.59915243986364,28.356734536461325,120.25520518249535,199.8289349905669
2022-04-06,61.54172103442769,97.18748694681908,299.9729056589783,99.5399549801049,36.31506386886799,93.66098967110234,54.982199343947286,130.3204628210801,47.88846194227215,140.95925595923444,312.54826996025065,66.43833288986313,128.90750890263558,166.9506891929875,150.305189164601,78.37464032761753,50.51146456079647,28.19703363106588,119.92824697739199,202.9471510437348
2022-04-07,60.912678085489894,94.33737103898875,295.44225188507187,98.03244942940455,35.50601522077425,92.29579152681013,53.692546118632656,129.82114681505107,46.88787611789325,142.20832620843706,310.7344906674364,66.26778606138946,127.56028929025689,160.51246239797294,147.08083967359278,80.28314231414416,49.85512192076814,27.458989556749952,118.74030569814192,199.59266484761426
2022-04-08,60.68671593348125,96.20269704939435,294.31753846132176,97.5057769790807,35.871890112890135,94.25499831725581,54.86590140001689,135.35919695169903,47.08694627448088,143.30314590845535,303.06311403453884,67.34338900190865,130.49666014828813,164.45287089661912,148.73815016539362,78.9727748211398,49.18696491747883,27.48471849972654,121.03628986103975,199.1362109213041
2022-04-11,60.476279594398854,98.51336609535349,305.5518679306469,95.67719933820918,37.34388572052688,94.39330683608603,55.82599593864111,134.7608771124901,46.82581384165278,146.91211036691183,324.0901866337078,67.1286019987594,132.8305043730311,165.36550038890704,152.79953698525003,80.44142609108107,47.14749299283009,27.658095387009638,120.7317936262696,198.63337331933147
2022-04-12,60.63998443953614,100.586931735705,315.22093812401255,98.064088328438,37.54615870894802,94.63097940515539,56.28833493221039,133.6140729611377,47.45686395705839,144.21323128536667,329.4348223716951,66.25551918113536,132.31013372866056,165.7241861642736,151.2349045577749,81.6190637540877,48.0697760748137,27.69436293909697,119.21895682407651,196.3615044023114
2022-04-13,61.4758007742793,101.49894937922278,316.8876247909895,103.02757536082802,38.292989761304575,92.50335604848271,54.80360138342111,137.4138869812113,47.69772963736513,145.47380470204305,325.5561625525291,69.7431199399266,130.03980324182933,168.4036610799659,153.39705964320484,82.46619404170576,47.59790778457437,27.820133506111784,115.8452136181729,200.94670423465956
2022-04-14,62.277294568657275,103.08748015618825,312.5510668383218,105.57659354980585,38.69130043985612,93.63815764153564,56.09105657208584,136.85445495153996,48.95263912186576,146.22969750750516,329.0841165494867,70.42654648393358,130.9687797556456,175.51111904340647,153.0704139146665,83.01441266286868,46.700202456094914,28.188960789652338,115.35444278846374,203.42430013572417
2022-04-15,62.29597721486253,99.05399492845709,300.1712905509027,104.48897834945933,38.00934918799997,92.881187563832,56.22011577467102,132.113782443717,48.79052875490584,142.72918642618845,326.8572642633796,70.1389486369396,130.73835950126323,172.82554110388887,151.05530422556495,81.22781340702869,47.32691387591698,27.698668406544105,114.04378186210849,204.40591685583232
2022-04-18,64.15052335698833,99.15083821949392,304.7741521583517,106.9332678604382,38.13704025250325,92.21890972657344,57.50276393163924,134.03594399525906,49.47413739432333,148.28507298086873,326.8975022114082,71.25020059982906,131.2725805372044,173.93596072636,151.2806372614776,79.93730882899398,47.484824101800314,27.960519661973237,115.40848132384049,200.1101493816818
2022-04-19,63.30773593637087,97.44816533616856,308.8496181641634,107.63401329439293,37.293364520509456,91.27329421510017,56.54992544814482,134.19822929413203,49.17745178447729,145.7380719316823,325.7907022991662,70.40221234613433,129.5411908488778,171.36604328857385,152.76084564838277,77.48842052244147,48.823989123474774,27.655920882711868,110.18843554667752,194.75823387168563
2022-04-20,62.74450247925934,96.36831349110807,295.9220809035041,108.4632719775975,36.59606539545808,90.0662433546862,55.76311638311954,132.7579489349343,50.52260832323895,143.37861336597334,325.02513304429175,67.36041088969033,128.83966797933823,167.2361460959388,149.05075083693347,77.0780253177398,47.931419632890915,28.041051027755028,110.15809190887076,191.45586963451746
2022-04-21,64.45528251701026,96.90911496678481,294.3901100471981,111.9542215687382,37.094870983874486,91.64001326454628,54.906529662045344,132.1713863072933,49.64570528981897,145.8669314849606,322.07269738909116,67.14941827287888,134.06008786337264,172.4423578830499,155.78901778817664,79.19657753473143,48.42092571322163,28.65887913116348,113.33167975408662,192.22091170384698
2022-04-22,62.871443661512025,95.29598119224583,304.54173340287826,113.07695794759516,37.21313242476975,89.71708638511063,56.25043929817754,130.9236246696895,51.334180296235836,142.92132148858337,323.7387533699111,67.57078558859274,130.646363393903,176.33460265433118,154.19123908860547,79.93155243777103,49.753438631261126,28.91792360629615,114.19516474406804,187.62768350667108
2022-04-25,61.846018514155546,98.77896542470137,308.5015700301881,108.4336540354765,37.30128015390705,91.98700846103519,57.86909903402962,129.78959153238503,52.21430571903814,142.37292477664235,331.50300394026294,68.48444364985795,129.88985599378725,179.13507702727938,154.90723972258388,79.44040353109453,50.66180513389262,29.488264764192184,118.35214350522851,193.21640901771417
2022-04-26,62.19705432494903,99.37313682109408,315.6128299346384,108.52771078050857,36.6249085520755,92.02215951046107,59.15556682413432,127.58544440518759,51.476671945651574,141.96746630640666,330.04390560227705,69.36205522871629,128.60784441440447,178.85944048921834,157.6292895303509,77.45863676339198,50.6182032367119,30.038856118338124,119.71431078461323,195.51978766376504
2022-04-27,60.95934905420958,99.44819356190244,308.07400019585,107.92664895879972,35.74389500769956,92.58843645331135,59.14049717221629,131.99851436474978,50.698013559411784,140.2598602498712,340.798813643934,71.2777214090237,128.8575949095978,178.47450614480536,156.347798620183,76.9125435447311,51.1535521870066,29.81992740837609,122.28735982175438,193.96023821145772
2022-04-28,60.95100049444245,99.2445602489881,312.6135298184841,104.89052083520389,35.73827417733566,94.25113644557919,59.574484162683106,140.26636777744758,49.74023890564928,140.31965820350766,345.06542679930044,72.13493969952752,133.31193713878253,186.60720573720002,155.0602956407349,76.26969181939342,53.24472121865247,30.50073371873098,124.22256220488305,194.62927826944266
2022-04-29,60.31355460219051,97.3297349549247,302.1156366427638,99.60722981889292,35.11221893660958,91.27150449966379,58.745485007307416,135.3686216056964,47.913787263285016,137.17702502802123,341.6745341298273,69.98877239437287,130.1023145055426,184.91169952271937,154.55621174587492,74.28580728577917,52.03108064832841,29.402010260325252,122.31461813784956,193.84804074432813
2022-05-02,63.14493504556517,102.3380708847756,303.5186720114545,98.53544499052913,35.95538089698966,92.58621939338845,59.80196697267596,138.07242431924797,49.14794034739922,140.73517215585358,351.766710610115,70.1698583738565,133.12556305918002,187.20087631336082,159.00574686771714,75.21540044605861,53.167393678349846,30.05223799433012,122.54945716276875,201.69364592382456
2022-05-03,62.58074815337324,100.89460659779743,298.07436427243425,92.85006097625927,35.41701622249452,90.38179454447092,61.24072485410909,138.95257493178593,47.32689416147419,137.19361315007106,337.0088129503586,66.84237578315322,131.0707855914387,181.05362404766555,155.6283864690639,73.17554999913833,53.03273565946861,29.147460338910072,123.57690841680916,195.28965278327473
2022-05-04,63.57004093178761,103.49094193414982,302.0390199438628,91.89415379451056,35.428646768809024,93.32935338043357,61.89836828870737,141.9741861816438,47.88937336670737,135.8139304259795,335.0157324898577,67.21054880786728,133.55626057758508,177.6378647003575,155.90116062997075,73.83994890074787,52.016125628191986,29.380417162029786,127.39697319389273,197.90843501097936
2022-05-05,63.50111107041575,102.03958901313024,303.1123941153662,90.2294151933619,35.72253746384792,95.90808474103957,62.22650788148434,140.79252353284855,50.3752809446894,137.32246205317225,340.8984560644729,67.66619628065042,134.57304979979565,176.68471471583942,154.75311976627975,77.81555500896346,51.80131536738528,29.17554110715153,125.90753385299357,202.19337371602572
2022-05-06,61.944254569950566,103.61721788597175,308.39018818011965,88.19426887243729,35.986760949954935,97.82494985704226,61.97784783974377,145.17080512760447,49.182652905453885,136.8512244213873,344.69483108731407,68.10772135031465,132.98691395734096,177.77899192316406,154.48144696450194,78.54433750233632,50.61259222917104,29.016939692922776,124.71867081715614,202.7295657107371
2022-05-09,63.59323099131461,105.26899172308266,307.1903435728509,87.76133542861635,36.407531824757086,101.32215878436325,62.501508959236936,146.21665988889208,49.12116546676386,138.19556890616497,344.65281847332585,68.97627488776524,133.75365210042003,178.01212384015585,154.53111284979659,81.33317647686351,52.85085167736996,29.52782260905593,129.00457509253116,202.24026829048486
2022-05-10,63.339149357265256,102.55136242368562,302.1077042596394,86.07714151302525,35.839609740014915,100.44799954028481,61.41073921712941,143.55229701387927,49.6744638670833,133.88954730637968,343.8754727566322,68.75499176845308,131.64900724108773,174.82327679609696,153.66211620856544,78.75198400916493,52.53614780398372,29.521723366329393,130.06961827528784,197.07556486424676
2022-05-11,63.475310747385976,105.5122302686505,302.2290747162119,85.64276561322272,35.5303742486889,100.23688847507518,60.38026096523741,142.25059205413615,49.032592638674934,128.2366999194823,351.3667002234748,68.6228176410124,131.14712445554406,174.0109855808895,153.49495547816997,81.42068478482754,51.79615999902772,29.850345130160107,124.61984145183902,196.77869488907797
2022-05-12,63.67832097378622,106.48316839502631,307.4847587434008,88.18981760151786,35.79413880569171,104.11940871450756,60.2928439771227,142.41782894759885,48.83722338415611,128.59771007430382,352.029492449308,68.82627580757396,132.1807896680537,178.00948635729452,155.7445895649114,80.40446259308627,52.88783641800439,30.281670613989544,124.47191736810493,198.54407761690678
2022-05-13,64.19924964622615,106.221245449151,302.1754077938924,85.96785098982247,35.2049578963339,104.7698592546077,61.22536889054019,144.5361511616097,47.165826872022514,131.05855273239393,348.72423786125944,66.71968132220901,130.72872005467568,173.87780592132077,156.58849338953132,80.78243400422046,50.65291057872139,29.88023785058084,122.67624799434937,192.9715097778077
2022-05-16,64.27513142014391,101.96193990177728,298.92067487450595,82.9733694736023,34.794967044797595,102.70938620791198,59.74024286559864,143.8422371272765,46.11211643082632,127.89928289451055,341.4148031624546,65.06612542367611,128.646521276359,170.86697013764717,151.17345255069935,79.09994070109092,50.52406769734579,29.756481361182725,121.44797089428651,189.90613041153583
2022-05-17,64.09098868058328,101.21468286381656,295.85067600601,84.25337640288731,34.816806156146804,104.0353537420387,61.057721330961954,142.24670476350113,45.50688979237378,128.38411609908562,331.391250625504,65.21940729699779,129.57488194343765,168.94375810520705,149.63033180935756,78.52779968219777,49.540760569518234,29.92223433461945,117.04706378374622,189.74854551320138
2022-05-18,64.90388779936691,99.00335469347611,305.6435099931583,85.4214506460935,34.75241274269232,107.21060390026611,62.30702642807586,143.61280269131717,46.427762408637506,129.68643213501198,329.61950053775604,65.74679876562989,128.8689121525091,169.67535806709515,152.38745892326514,81.08334546156604,51.03650851057707,30.083454271101576,116.39345004925366,189.8738884102212
2022-05-19,64.96692649010913,97.48554582315538,300.3423153208577,85.17212309281985,35.0207458280955,106.01085076425768,62.589939258835926,137.95981025222576,45.7890584509527,126.40114564095619,326.1640833266302,64.48607477947749,129.55421521266405,170.23239458665626,151.15469071657242,78.43068356279686,51.23241076622908,29.807771958713662,116.85268298919225,188.85270215770578
2022-05-20,65.73755308715391,96.30833221411201,303.4421044821315,83.1557435677778,36.37402901826498,105.2157054231516,63.86526279713416,141.92636583485447,45.09823771635528,126.0283685324614,333.02197721728925,64.3870082554481,130.27807621404665,175.12019513048546,154.0032320812682,81.68397984289612,52.74793344839636,29.611047146026973,117.49741582041821,193.7584625326989
2022-05-23,64.97501866312777,95.86344792048936,310.64138368325723,81.65647063623645,36.926151183257694,106.72684075026879,64.49498386082125,141.00145276985015,43.865144782601824,124.94709058360593,339.20177295169566,64.42907328303508,132.28414267721382,178.5586996977964,155.48905605815239,81.52914218388142,53.22598546079944,30.513350202938906,118.71445826617489,193.32139506349603
2022-05-24,65.44635773385508,97.22409112724958,304.33204011194096,82.311083491171,37.02964102430967,108.52627912429944,63.79869583887991,146.72627797669313,43.77999894543548,121.74181094163909,341.91734813688873,64.51388247812177,129.3532480701104,178.51685064886382,156.4027237542349,81.75489189159194,54.87447842266759,29.846401054538006,119.97436964794076,194.96648603851295
2022-05-25,66.49972426516776,97.35450244500534,308.01829383371467,85.55557780707792,37.21049951247467,111.51770207344032,63.63594538608242,145.49816714722678,44.496771257849296,122.23947359591891,361.5128483061773,65.41658019551438,128.88054145140455,176.47121858762839,154.69844018960154,81.12144649356512,53.737234598181786,29.541529553279233,117.32616992718044,196.30863899780624
2022-05-26,68.03314867384549,97.56098553854994,312.8519406305425,87.59676343370049,38.598260489617275,112.65138317058577,64.46378371501855,141.41618491712632,46.83564773415559,121.56357117660922,368.4901690057361,64.88030253737995,129.74873218114234,177.8628826379984,155.022939949852,80.83252379683272,54.507008723443185,29.70509704650202,121.37930044517314,198.96728067177222
2022-05-27,70.68094342316961,101.43528664182527,319.5481561409009,85.99660085970022,39.32886790749976,114.31246891165011,64.89088511548836,142.66290797835347,47.38932169273472,122.5277430525551,380.842578649392,64.98947160175672,130.15306193091672,181.33502822739328,160.62674712961646,83.13570340476977,54.65228051792012,29.928954779821225,121.01577527180501,204.35022957357302
2022-05-30,68.96560205154266,101.65216643254298,316.25546700308826,83.55420792007405,38.729591489889664,110.39637116577839,64.1289773772332,139.23298877877227,47.65098590304124,121.94468279058252,381.6896144494775,64.59568561692844,128.74457076616912,177.0831891837784,159.97888806849147,81.05686014819688,53.64700972270694,29.9985350354848,122.75005994630405,200.2724138151906
2022-05-31,69.96407261374041,100.21955780164389,313.0106538070853,80.89825013955401,39.055885258451084,109.49756776300329,64.00977462610004,139.89893864159313,45.486998140626255,123.37664295276142,370.98859649549223,63.52384708993927,126.5703865516447,179.1051173824558,157.837316834803,78.26924054408029,52.2571562704866,29.484170278258844,122.80066499265413,198.42848871586185
2022-06-01,68.41668632411437,101.96319405961135,312.1212448679364,78.55765392497517,38.864310241015595,109.5139682409863,64.04892885302426,139.71496532669101,43.99469375393291,123.05789019450545,363.10739680226067,63.454516310103024,127.328927306962,172.09164127589548,159.11799861206586,76.15474962118591,52.458583853109694,28.858337582969487,122.01228521337211,191.330434961454
2022-06-02,69.4975133647685,102.34101881722611,312.6427723598825,76.60056626693229,38.8777305501514,114.68233408101688,66.14483705791702,141.34216887589312,44.17352853096927,122.84520852829448,367.1852099293097,62.753139288945476,129.74248529621258,176.68291666276065,159.9050397388915,77.96325328094792,54.15440603125831,29.0288878350814,123.65845053582437,192.42134349211582
2022-06-03,69.54761558244427,99.92666115306295,315.36191727572475,73.79758983397454,38.93948579648134,116.76441267866558,66.070536124245,143.16650615246328,45.5619076014946,124.20594967427479,355.81424639214026,61.622791940357736,132.2796196512998,175.1284878103754,158.6019532491318,76.60665834618781,53.62533565914138,29.170220984686946,121.41448363667223,192.57296209502724
2022-06-06,70.72258397073843,99.07360128257298,314.486845541938,75.20479929760316,39.04690016639851,115.77569860110498,65.32386735784821,142.93664985341098,45.56855525172501,121.94777412466821,345.23537367676244,61.35801087482633,132.52862604170315,172.92737626220148,154.09614127052845,77.13740427950734,53.05083481312942,29.92548474744573,122.79579788925116,200.15481472326195
2022-06-07,70.40856558102215,98.32607104098771,312.5635456859405,74.42191246656989,39.558655272305565,115.87498570725447,63.42620557621617,142.38422029658543,45.77952541254617,121.26299130231108,347.8591288716647,60.76163769316742,131.13030769493338,168.97450694420445,157.0253039464292,76.84180711624981,50.26054192604665,29.934015288929217,120.3843446294955,199.468186833407
2022-06-08,69.79686932560064,96.1469060143681,319.37795532577434,72.85291541102124,40.44874381621875,115.85269081700565,62.34065761252292,137.4094165202132,45.49797383625925,122.36197175232732,357.5302165810505,61.031591798032984,133.26895772675226,163.59311825440713,157.25674728734847,75.61670485141856,48.618813818764934,30.26359398659227,123.24964517887983,198.1382719877849
2022-06-09,69.11401376062776,97.75855890207129,315.97853843486536,73.61648306856516,40.479655020924355,116.04879547349938,62.53498949188352,139.08341105514103,45.88260570837222,125.17905451770581,348.29423410477943,61.56263511870876,135.19072491825827,161.45356048131572,161.45170522086724,76.98795633433704,48.78633894405841,31.022475966449594,126.06174175855763,196.2873192315456
2022-06-10,69.4646176126154,98.15415349674578,317.2723015411274,75.58940921743623,41.56035170459207,115.80959244850224,62.45453052273144,141.62721622617494,46.173711205797524,125.02181342242015,334.7928024645963,60.880690079876935,133.8831191185128,163.5721070622789,165.63008406642638,79.11843748077014,50.57324130389904,30.61793419648259,129.14520845242225,195.4569009500308
2022-06-13,69.23492349192192,98.74704379975617,309.97541017143436,73.46682665632062,41.32951479358928,115.33323821809775,61.028197769193355,138.08061686389453,46.32002418033953,122.66537500943801,330.7284829166791,60.778965606320405,131.70217176534365,162.02430351015815,163.13719927586627,79.30426582150429,50.25765721577392,30.443716298458103,130.63669897459687,189.7310572258303
2022-06-14,69.74340851974269,98.78666864142299,316.91064009029157,77.55209744342163,41.53279553363791,114.84028567532258,59.961227565847956,139.69849918729219,47.897005193278225,121.06929374738806,342.27184701923983,58.85535692380923,133.9475188567408,163.78104080788566,163.48728561014795,80.2197892942764,50.81219611761987,30.25360089568323,135.39953336262823,189.23798504435746
2022-06-15,68.93533347630338,94.96134803372833,306.5567301880071,77.56545376493214,40.13446291982608,113.71577941557764,58.993023667383106,139.49083142598087,47.350690838201025,118.55320608946371,336.7290168054725,57.354147768544,135.32389920597782,163.6865896782048,160.52487010572332,78.65832532328598,50.42325663681932,29.744519500406778,135.84105345715193,185.5444082603739
2022-06-16,70.8324646683601,95.81449743905819,309.4393825778,77.59939455286658,39.488451157889294,114.2938235872359,58.820546339142936,140.17928345160377,47.15265312680649,120.29882670140988,343.45063275571465,57.29479542742176,133.7092648993945,168.51576373417626,161.82046679192598,78.55652326431938,50.55713680470299,29.801238454696463,138.48495480670806,183.3821795885242
2022-06-17,70.28584052330348,94.68624559568553,311.0589566594691,76.34840671427992,40.368772150256476,113.6256690686562,58.2695555950675,134.4895135574927,47.50670288517138,116.21346426649156,341.71388282450374,56.17942862197013,134.72090461949205,165.30121499951193,163.38240030575707,78.00523780810133,49.667806393049595,29.498991118275736,142.51302112638672,186.01422292055625
2022-06-20,69.84847649624871,98.03831306929672,311.0276808075561,76.12362894984292,39.81839970709372,112.64246470796708,56.25624088057895,133.84351523947586,47.22087381947218,113.57444397100741,343.02391952827656,53.88396556085616,136.71706804383658,163.79331065698526,159.43734416680596,79.47551320363067,48.960764964892036,29.840574019626413,141.1523280047314,187.84374567193856
2022-06-21,68.49659229958684,95.565763153928,300.0223961235567,76.61973045540907,39.01674595012406,113.79765401648831,55.521740521517884,133.81683176323588,46.20098098060378,112.54101071241186,327.50777818366794,55.265367853704575,136.96607323498156,166.27929043649695,158.67387207107242,79.57688309110371,47.75471792899217,29.57157748221466,138.2345331399929,186.06689935902145
2022-06-22,70.12081520394145,94.07492201340918,300.90570964615085,74.2291679871123,39.13076309621356,113.84236911239874,55.33803985803727,133.6380634073539,46.78920073795342,110.66871855178452,320.5025414934873,54.34827152309639,134.62178193040035,162.12624750752883,158.3227937098426,79.43778924353433,46.19303011013391,29.362325301219173,136.33121474226888,186.26456410374723
2022-06-23,70.18409122168347,94.38523467064206,299.12443722730626,73.0887609144143,38.7941197556982,113.59005535853836,54.40478169758745,128.88749668469342,47.763634742017764,111.80522369838157,328.0484593404156,55.40969622105325,135.06088150800375,160.96972716344703,155.63051138363642,81.58832429505217,46.13717886971346,29.789479462020154,138.61089656005123,187.24977883229687
2022-06-24,70.98898829828072,94.50355758593993,302.06778299332234,73.37003662438103,39.42985874812592,113.98092245621766,54.72186696705781,124.6567869632615,47.249537534703364,113.73344625352217,324.9376958008928,55.987357406690215,135.27073095295074,161.48069819683937,153.8391121358467,82.6414511844798,45.40107723276986,30.157916280465482,138.24431710686326,185.77286282063952
2022-06-27,70.27496098685663,95.24307531324341,302.2138252167114,71.4278717736477,38.337493019797165,112.17812592796959,56.03544116664857,123.2752948080804,45.742300947920214,114.9575931888256,314.4070947654859,55.97704981382237,136.02373586572386,162.42305417001748,153.27604264356526,82.69605871979078,46.811201412854146,29.45522596771002,141.1523283532951,180.98248980946624
2022-06-28,73.80334264689408,97.2857801997948,311.33561597078585,72.24930578631624,37.9809646402553,110.48355460033308,57.80349347816736,124.35270457062025,48.437289660045685,116.74548489301922,322.0968728419246,57.684624856107035,136.7621170286686,165.44274185038543,154.82049182778908,82.81905683407211,48.69477753880133,29.828179765288837,146.74440628072207,181.28224080786566
2022-06-29,73.5167523091257,95.00304316955491,312.6901169284378,73.97677333272111,38.77443258013875,109.21277069530335,59.58929395254255,121.31407691558786,48.44290972969942,114.32646546213422,329.0194970393716,55.42921886557231,139.31448150264518,164.50620317260442,157.05183884629363,83.93821402757818,47.720977967009084,29.366168375710483,147.21070890308164,178.71757240104438
2022-06-30,73.9556510101214,94.19399658687323,314.5535837578399,76.06155744981137,38.55823435513219,108.68569628917385,59.92154081511606,124.3648750100605,47.97432545936005,113.27783776886184,336.5173119629807,52.997420112622436,139.61776226393053,164.67323493294685,157.04947550607287,83.60503531998387,49.25819789230284,29.140373306914377,150.4676033039461,177.08818729025822
2022-07-01,73.26037949651092,93.93080628198426,304.2903262507693,75.0526436622249,39.26184736621276,107.0224659546286,60.828059965138166,129.3951763334941,46.782239671017216,110.57698069119414,327.406653964798,53.95580760209429,136.54347330153365,163.59851670853763,154.32957109329217,83.43757302147174,47.83056440848229,28.604413957918656,154.53108674446563,178.15787777091836
2022-07-04,72.68694436682279,91.77165197800247,298.8680912689593,72.7251228292159,38.67504444414424,105.90512766505422,60.782155888150946,131.39784242558102,46.43179583665259,109.10607099950144,336.9994755130866,54.71200468077684,135.82572386632054,166.64456019411034,157.04647544953102,82.84876015780783,47.78936697677724,28.249067346771437,152.65074994912533,177.32112388391948
2022-07-05,72.90948879488245,90.22926890622081,303.8531174963589,73.98390420552737,39.738138363519134,101.60944010318896,60.24220044094399,136.58899964136512,46.07600452647252,109.8289045578912,345.7893849488099,56.153243774942425,137.7091140806795,163.49443851638284,158.5569575258763,82.06155502039648,47.24629824525689,28.704045076193317,151.39829886239605,181.37697871062508
2022-07-06,71.95081827235275,89.2481825164413,308.7621507049631,73.71827343287626,39.64783647892483,101.4994694207151,59.01397061956029,134.96927589451315,45.462263381978495,112.21148490049569,340.70005130623053,55.78239871668396,139.17758936150423,164.64016193300293,159.20353276991813,81.7062442172588,45.617851898774774,28.0197610597156,155.8439636447607,178.9869961352191
2022-07-07,72.51417000393357,90.94224651173302,312.7602192659835,75.15197851547953,38.97742340483365,105.95622194704109,61.16232323448388,137.8097704473307,44.936944842395,113.82615796850988,353.89122673885566,54.479400800811,144.21577079533893,167.1573539111557,161.80791159606332,83.94014781433876,48.53482388134845,28.260873599574502,157.80508830655646,189.77682434299354
2022-07-08,71.05536327568502,92.37567215383268,306.85924527030267,78.23862453980685,39.26059751259382,108.28547083793232,61.019511143454565,137.8334545174276,44.77680697428321,115.97023296105372,350.9214670262853,53.28216904551241,144.2104617504018,163.54129507638433,163.4831153612648,83.92659073703143,49.73458440107085,28.64356954358813,157.38423965576226,191.30432159132522
2022-07-11,70.6694747207475,92.07874709345072,301.1655654661607,80.87529700199596,40.26925120305306,106.44113064164237,61.19924932009546,136.39426497861982,45.77112183716476,120.53116247345825,363.74250571301184,55.07530767238307,149.0317540344342,167.4939079921552,167.09444703835828,84.5738698983445,49.951949116155326,29.24107161118118,158.69722562778412,193.68126539216226
2022-07-12,71.8495083380995,91.38161781739863,297.3993544716495,81.87928426265849,40.03180454530884,105.37621120406233,60.45684010718184,134.1230668955132,46.53029691759257,121.52589297362299,382.18628506172985,56.69375865640741,151.19478051987778,171.35685133433728,172.1598776370763,83.87054581848422,49.17605382133175,29.99815979458714,157.9964318224444,189.01516253182274
2022-07-13,71.31862094539342,94.70007930848674,293.18498946181427,82.45971212910153,40.546772928878205,105.97609312822087,61.446968909022175,136.64014735423834,47.39976654529239,122.07588010141998,365.71764179119907,57.57148852144315,149.32894752072215,170.95665322078605,176.7584287824288,84.23970074812787,48.70383401721389,29.586414798763574,163.93602995802587,189.87671463810042
2022-07-14,71.82276366901544,92.65585621314727,285.39809547249655,80.87921227607742,39.892244797913605,102.96096622862837,59.88897273537367,133.33824144638348,48.51323545801417,123.62516672535914,362.40966046695644,56.57418713386685,145.58202634367782,165.41240988586304,172.70701946183763,83.64461737167832,48.58715529387698,28.64515886809322,164.66833110616506,184.11009363176834
2022-07-15,70.94351212127978,93.56819311681848,275.2347554588991,79.66510735725191,39.84342798530262,105.7181134302424,58.9800806007459,126.33072095777594,48.570943897945256,123.26068256394139,362.75481810144385,56.46242856487241,143.04971289985002,166.62990682759292,174.72305530460275,84.50182288154528,49.624860828098264,28.21979354860407,163.74092040277418,182.71439127465257
2022-07-18,70.86745560436262,91.33896241984962,273.6284290015947,81.36713072495,39.45036398329036,104.92698012308196,59.25383985284049,123.57496825193601,49.834017765034474,124.32427572817255,370.80745950748553,56.15272721604194,145.31826835017515,166.9233123762569,175.80564586468117,85.40537842803758,50.22317107590904,28.76867764947439,158.61938268847578,185.09099159743732
2022-07-19,72.18099597480092,93.85693921531636,269.1381092194181,81.9421229974163,40.4712798937652,101.34258736255822,58.68680247506948,122.98861599038753,50.16425670027095,124.08508606980728,371.3210559595215,55.3671645131823,143.8373082322741,164.67490696548109,177.07848732378042,86.83084160959883,48.26304341100481,28.830993704410748,159.9316328023898,187.4146562229266
2022-07-20,73.04867974459702,94.09524961445793,274.9254881639329,84.31827376592264,40.8883902783721,103.77976110011834,59.48872797481989,124.59821545932576,48.89123927418859,127.6909344583725,376.93998791771793,56.378834322752304,145.75223449962863,165.6574827764861,181.3249857807631,87.01051254199261,49.32016757646129,29.54817986458374,163.6347804912893,189.87202850096926
2022-07-21,72.75441768007519,90.85938602031983,264.1303759382041,81.37513166948573,40.32063824685053,100.90657922324039,58.26833020911462,124.59151436681958,47.40776996995139,128.12288822734476,373.7068065026671,56.71355642197498,145.1445886613304,169.54931221489258,179.01007372638483,85.43092715119057,47.34987333795994,29.548132566052747,159.52736541902675,189.59991751839564
2022-07-22,73.76327535431183,91.75845482355655,267.8924322960613,83.25102714771224,39.58926493010804,103.4221080186685,59.481032051093784,125.98110907944414,47.05293497541086,128.869033279319,377.3664873523837,56.5034113877179,149.61111507903567,167.7998805856366,176.70604786771264,87.58179899039787,48.242342318047605,29.195165021822913,161.13484159301373,187.4737309649119
2022-07-25,72.13015261416615,88.59466859682733,266.58994618751944,83.09949585534176,38.40722248483667,101.63698756033065,58.34158204644278,124.696014598145,47.11585371157945,127.00364070598455,373.46599338127317,57.03448595524771,149.89743856813823,165.69411377868443,172.47886094920668,86.45259377646825,46.82798027687649,28.52758993774044,156.1923195952461,186.97604668603978
2022-07-26,71.83600811869462,89.61488086039866,261.3316343550235,81.87175464041584,37.369214064259396,101.22428254722357,59.03864515482197,127.29438723003224,46.9049438518963,127.70404824619278,384.5013966925985,57.85846373268977,149.72826722707248,163.88245834943214,173.17037633708583,86.00772314793619,47.37136004226318,28.257019939131162,157.43056809882253,188.91577632664877
2022-07-27,71.95954082250114,88.52290782644285,268.9700767179034,80.59190191638471,37.28643869530897,102.0928780519982,58.53154060768012,132.3731861817692,47.45910304490228,129.5545734362886,398.5018699317172,56.90505416298775,149.17694506099446,170.1328437561786,174.65755660332565,86.15032664815791,49.41320251550349,28.598316149999796,155.9357436149505,191.7962508795233
2022-07-28,71.34500151602133,85.8814440767366,270.9986760177021,81.28236821800526,37.908557517437096,101.0109105471411,57.68242944871986,134.06889978443272,48.30908660978095,126.99474401033923,388.90281951201564,57.28622195448627,148.2784170018298,169.82785489828834,170.8191672924463,85.47911606087273,49.21256770679414,28.52851132673096,157.18457202845053,190.0106698849743
2022-07-29,71.5091009302064,87.92282121545625,274.4491340353916,80.58041451168528,37.73857232331612,102.56195092024655,57.88342756153185,137.02690554923402,49.11711400238705,127.0415505862533,407.3500345629092,57.78797471128921,151.91198213473595,173.11950540527945,173.23965751271965,84.96212329809816,47.834292350855726,29.088891902202963,157.35568297085095,195.4484200278227
2022-08-01,71.82833992223715,86.83520153524081,273.1279488714828,80.204563325284,37.133876352851225,101.55176290249585,57.880164731862884,132.9066840518181,49.242271913432134,126.56752083197514,407.44837197719613,56.602873131708954,150.1499511882174,177.57559334508585,172.9258893858676,83.7476646412693,48.1948014150884,28.91121037238827,153.87319335466617,191.82114774762232
2022-08-02,72.57679203942102,89.39098211005044,274.77222352497824,82.08320084420387,37.78348521462686,105.83972372089117,59.37316627198766,137.25551482759872,50.14837686211916,129.69077251377405,417.4549647621931,59.15020867072974,152.92926185936918,182.73627983807305,177.85704088853473,84.62095282811205,48.546436120061884,29.41519452333247,158.31329341587931,191.48355212932884
2022-08-03,72.29019051512617,87.83981156602562,278.22186758329343,78.77596895535855,37.35584432163183,103.24046276456528,59.230842283962396,132.42344757649556,49.464856354325654,126.67515640726131,411.75890686606124,58.36091169629612,148.31246011527708,183.0208663703017,179.0281545402952,83.48539624225654,47.58736248316945,28.827775101924363,155.75440462231876,191.4941940154831
2022-08-04,73.53937797668925,88.87134820171,284.22596917444224,80.50749827049769,38.7214170998385,108.39530188302409,60.83877207304789,138.62884945793036,50.23663459470644,133.88575870168614,434.32566978283876,59.355529525129135,153.73947627462837,186.46272030173537,186.19131285279622,86.6539348700306,49.384036540279176,28.87028062995072,155.3643447085842,192.9914969838366
2022-08-05,73.75365798021078,88.62407161431206,284.634854259962,81.58015182484014,39.05908491346455,108.9544153618915,62.738777415946004,139.72116408306928,48.59074316246887,135.9778664583915,436.8657697699529,59.85087887683263,155.00169068917486,187.76425014360288,183.31682195135275,85.04352776885285,51.041306326470185,29.869537272829408,157.94481311100918,191.96364679073275
2022-08-08,71.77862283658425,83.07743922555159,276.00771962547634,79.11640372178933,37.90852235398692,104.08028664992094,63.08028991470878,138.60687650273906,47.34377352242249,131.63489900884693,434.90694769138736,60.12293308847259,149.93174849765816,181.47742399881756,180.50078305889204,81.81757543820618,49.376479893454714,29.3241450150366,157.55596358136697,187.67515897767365
2022-08-09,71.26494328127596,80.15113776474601,276.54071416721473,76.97276919621868,37.76821063856756,104.90840254958586,63.150348521900646,140.1911012070693,48.14008842329801,134.23463541571022,427.65329277548244,61.3982190744899,146.89882189340477,181.02432364877626,180.06092785169133,81.49595837528828,49.059755101584756,29.626880326063056,158.4893820673363,188.67514184396265
2022-08-10,71.74029922168344,81.70480967009081,276.3524799133352,76.54128309508796,38.53031277269229,102.89653164556557,63.223740921341694,140.17540871014398,49.475827567143966,135.19125528350392,437.01495474948194,62.34047525703165,145.51938840288844,181.49135038171488,183.61140297966517,81.51510819192391,48.37481250085326,30.237483930124448,162.46741760418533,186.89497524815286
2022-08-11,72.3338317044249,82.69255835018598,286.78829725988265,72.35257572349397,39.741560095215824,105.56280095008525,63.30618283521584,143.2037871930336,48.68492004832639,136.4743000778084,435.73645958476425,64.0124255145421,152.37967054601782,181.21800646141023,187.46657476220742,81.31572284462301,50.066713256636554,31.086236792411935,167.45001267374298,191.0122610885285
2022-08-12,73.14050985314498,82.48645927606798,283.8569130376157,70.8972537632395,40.18523195986904,106.84814918347163,63.863920128706305,141.84644265596407,47.28486640316081,131.96371773768416,424.20954600591267,65.81538658458533,152.63351607645362,176.1461965321517,189.85780598244142,82.3337666145615,50.44759010055982,31.107110001233842,161.0123069204164,190.45621449570118
2022-08-15,73.09088307602836,79.22924449612805,285.95038795920345,69.10665738519239,40.04541353176864,109.0645174953225,64.4999670787861,141.24000452461928,46.39067367649364,130.601563816693,423.9524491997702,65.02919895900395,146.7350202125297,174.47702831712917,183.09906775623753,81.01388262095834,49.45730908612721,30.717238729419574,161.56946973727955,191.2192530142094
2022-08-16,74.39131742953154,81.30114686557837,291.57209919886895,68.04448752024489,41.18902670534076,113.44810329779999,66.43049987581946,138.94237367527435,46.73230537401229,133.85466916912853,448.6107744952588,69.27083781691267,153.53823094483383,183.2911397427178,185.40090167614386,83.596340504388,51.68010243664608,31.0750334249349,166.7403357668949,201.30062776819878
2022-08-17,76.14121224578105,81.21310168200006,290.79064655091133,70.60331708718887,42.44065690824574,113.88863323672338,67.76904735231707,136.61463877359208,47.40179589191516,136.1732619944363,438.17432514589456,70.45080024176106,154.1285727960082,186.3751527785476,188.37317105149228,83.50196460397227,52.5520687798586,32.00561706016249,165.00926110287398,207.93387963497352
2022-08-18,76.9874950245238,79.75865766828844,279.03853733833245,71.6531809078648,42.65540082850339,117.95594713161445,68.52505690562803,140.82331552918046,47.65218651685983,132.88989171312713,443.6813518943124,70.59071976934844,153.64044420204144,189.29138723614128,186.95740246538188,85.86806390004998,53.145198225396854,32.132895138691765,167.37981366002936,208.90058739057855
2022-08-19,77.6884271011089,80.77009812059424,278.36179364080215,71.50785611747706,43.17479031115837,116.50258288599487,71.14440181314731,132.7946392826542,48.951074521706914,135.63141634243374,444.03414436681936,71.26030487787716,158.48726761121932,187.31941893239667,187.68723983755075,85.5307710732074,55.404975760259475,32.371089440347696,167.60498822525923,214.95646816459399
2022-08-22,78.38748986759298,82.21221011921376,280.90216341858496,70.56892874103804,43.394021649701635,117.47609101013288,73.39033254776231,135.01388077896374,50.36598259648509,137.57329903420714,452.71750389858624,70.00886709468139,160.6880117731896,185.96909906585188,189.76076733645786,86.18389636724157,53.40721954157009,32.202262394874204,167.57376472325765,219.63313811456402
2022-08-23,80.53694145338021,80.16090288679848,281.4858346946064,72.14464839174671,42.58046194759477,120.0071963725917,75.24853567952675,139.0748739561104,50.639798258047655,136.33532241717248,476.4868516129717,70.7564845101403,160.065059577547,187.86532017862282,188.68525186522368,86.89940613537111,54.38187662610113,32.69831441439425,171.40626785443652,223.48887816673192
2022-08-24,82.57386432056333,82.06209544590597,283.1606570117187,71.33787489681767,42.91321865217304,121.81419594260166,74.20414060949652,140.48713299498698,49.577192702812944,138.0398556413062,477.40680642751255,72.05014100230002,161.7981499780234,191.28353389076847,189.26784354515283,86.12959775417303,54.44337649984463,33.275600509861505,167.59641684148548,226.21946708017677
2022-08-25,82.96732446995541,82.39197788168237,278.35999457887584,69.5779575508991,44.30484634920515,123.8619252737057,75.45806685936606,149.95257077659335,49.26680404042135,139.8287894196347,494.9253008328495,72.6959402537081,159.8866441511944,197.88548935449472,191.5344485897807,88.21619376626941,53.471202808209085,33.26251466969846,169.40848330878657,236.1568028337988
2022-08-26,84.51990651409103,81.71243374405023,273.24428253449867,68.10597922029075,45.29104644720653,123.0857589823154,76.94449998706908,155.22798787836956,49.723780177618664,140.84209224361865,514.415518014358,75.20498028947374,159.86518999227948,201.1187546809966,196.18420657053332,89.50391327930093,53.0921133275712,33.14041232819054,168.89874461102283,240.28081680912797
2022-08-29,83.53968863654464,80.90425949787983,267.4414702983797,66.27504837603207,43.38235517088565,121.18832476002491,75.89471803953418,156.34017236524548,47.78793265552461,134.52348191335653,503.2455572331236,72.34088471251546,158.5319492645402,201.75421369249165,195.59665524226077,89.53899734176855,50.88698431800981,32.242661951362,164.45883010558657,235.18000690689124
2022-08-30,83.34271165578107,79.13437468561543,268.2353490126199,63.75308793132566,43.70689387992005,119.08111113652743,76.05039401961814,151.27808973053243,46.37462110382328,131.8261070168236,505.76720297424714,72.53050414957298,155.33628543682508,203.89278456217392,197.32855969479823,89.0034284195198,51.020509586589164,32.05618514960738,160.95368534929264,235.30702984433347
2022-08-31,83.36085884672805,78.96408057356588,270.10758577883183,63.37213437218479,43.612457576582905,118.72845353101368,74.22045822630307,158.09023127811432,46.15874297261405,135.44979119377516,497.82993486528017,71.39265732850643,155.88546892284742,203.39393815535854,196.4454019391476,88.59982967272424,52.147531467779125,32.697621229495134,167.19713580659408,231.96716824663707
2022-09-01,84.70876560538817,79.82092832333463,281.8616328503358,65.24655078324636,42.90274839391616,118.50277674308255,75.12845773684309,150.68329484740417,47.38390080622443,132.69205094477556,518.5286803698524,73.12764987686114,156.44725562260004,203.3581145587593,198.05683127467827,89.1801234276744,52.60673644360718,33.13250756488757,168.34212844554992,237.47940919167436
2022-09-02,84.97741958236679,79.16584594884965,284.4855366717617,61.651430896104195,42.976948218960835,114.5086451414164,73.9226532439053,151.20012786418587,47.11099032279007,134.72311206398638,511.17741770130675,71.87284930690386,154.88448421288703,203.09615525539718,194.19485678955883,88.4180161737846,53.246011440755815,32.682487197639226,170.52442122017186,237.8469478817959
2022-09-05,84.04926446947464,76.6479321183868,282.25389462656534,61.830464652211795,41.765412971148216,114.24493311418169,73.17522707723387,147.88847188674293,45.403230929139546,133.990040156914,494.1974890433744,68.40695145425134,154.4094370329523,202.68250456556706,190.27651752847845,88.87127429763943,53.27833738220781,32.07773154015874,166.72373215894837,239.69222559298404
2022-09-06,81.62846225176796,77.61558329060487,284.60702159365906,63.96638567492569,42.09220784646834,114.91580845043784,69.83230406195288,144.42732110875323,46.63292569992684,137.36095462486017,508.7707002762464,68.14218977084604,155.27977652390908,200.32382594108316,193.6223676182669,87.80335558485402,52.422060297548214,31.90307642891868,162.66078229396845,241.2839621645537
2022-09-07,80.70264234231576,76.05801272862443,280.7350152827758,64.10124380634586,42.08377005849574,117.06557973092481,68.36100911020746,143.46131037526274,46.292329737631455,134.72492347366756,494.39458586357983,65.95169141970086,154.2664551022222,201.5480709287246,183.51894153587915,87.76440903574293,51.92109904212628,31.463685053777933,160.90343282074963,241.0371230202122
2022-09-08,78.78343355842388,75.33768542935674,289.07766184783566,64.13181981853813,41.39337188113483,118.89153355381958,69.75894713376722,145.7720306834807,45.831693666337955,132.81147606069248,509.3556809893474,65.11396442729381,155.73339049824293,203.07100263226496,177.83306270041425,86.7354353101551,52.82917345337867,31.314245557803645,163.06520570226405,239.84269822943628
2022-09-09,78.62134514680437,76.50340727242055,292.10257527393253,66.03881888674573,42.26021352185383,121.26709233589338,72.54574841047342,144.10963361674197,46.227362743834384,133.72872177272248,520.5144698402589,65.79866108457547,156.2042072716404,204.91589869807368,176.56312179053637,87.35685279236253,54.621627207675694,31.929054195278248,163.29843438590729,249.41242303337785
2022-09-12,79.07788364978808,76.69028291183344,293.4333923688657,64.67828834920277,42.58657696183152,120.8253654268985,73.72478154431406,151.60775624448064,47.52362440355583,136.92251613182356,541.9565391797042,66.57565641492585,154.65707673866717,205.05301050537753,177.2331830925785,86.27746393193289,55.398898319772655,31.967800019562723,165.4264790275997,252.55824814890258
2022-09-13,77.81711010343031,77.51019824545057,297.7180937759256,64.94297862642387,42.40831963578566,122.48502718748381,73.81267756995122,149.40134312606907,47.305264627831924,135.96083065452808,535.9886707579495,65.33750029733655,155.20811512514885,201.93550023527183,175.78994594034893,86.07377926274152,54.21477210667576,32.46254148872195,163.59068048738496,250.59925826165892
2022-09-14,79.0304259426052,74.28989077385376,285.44937428222096,64.32247353368602,40.87354755673905,123.86130459976474,72.75552086168933,146.79392107735103,46.26813087698423,134.96628846400506,530.9935332628246,65.904875342713,158.04171546697856,202.02507205850296,169.92575051385768,84.41798131448685,52.92347362995345,31.86484031113041,162.7441815241755,250.11328442661528
2022-09-15,76.06678781526205,71.4643677795234,274.5639822693113,63.56109353081473,40.01174430564737,124.00753351269319,73.29678863746,145.8782588245333,45.1610551233754,133.18990230693737,523.4145998674815,66.97549529096815,157.38221789464114,202.5425959071685,170.56460558349428,82.31110513413292,51.66563932040149,31.447675813624105,164.61316450658293,254.60583889239413
2022-09-16,78.06048105812822,72.09851991767448,273.8471963405853,66.25889192660695,42.02402848800576,123.5674592276818,72.97514297781073,143.22812956007553,46.00716196397009,135.52272558848904,523.1957452046535,66.97555304206975,157.84946162076957,205.1761809851903,167.78842024509177,84.21506531850524,53.118538604492336,31.49711623474558,161.0345843618057,247.70773646203762
2022-09-19,80.69254773054472,71.9807688464561,268.5421656826796,67.0852790253823,42.17401301245923,123.73640765931803,72.92650753373879,143.01484478078325,45.99066285359072,133.4269107150937,506.15423710151504,66.05373485912105,162.44087717091176,205.00595585473323,167.67160422382244,81.97503233120992,54.24021598700496,31.440395396843304,160.68620856029838,256.07336087714367
2022-09-20,82.7431019924972,72.91337986962577,277.78294276818497,66.52386873136501,42.84876139179703,123.28950321184857,74.37592959564121,142.3309710418789,46.791507027215104,134.32353845091134,515.9313938505882,66.87408603021248,161.96333464437006,206.75566767104038,167.25674549269937,87.35582357599051,53.429440010772076,31.807546307137617,163.06132066684953,257.7052961065756
2022-09-21,82.1720523624709,75.13832809356391,281.87400696188166,68.46311296500271,43.950194802754375,124.10195350482951,74.87957124592442,148.2353703614507,47.43261581216295,136.93664806286932,503.0183529697334,65.0477878209284,164.998495283357,207.0893622180112,168.31899826631752,86.48209337702703,51.76257998960342,33.32211610918948,159.63360309687033,257.54840901402514
2022-09-22,82.34930838834754,76.10835496756688,280.6159910029257,68.69398748410813,45.62386036639147,124.2181874610009,74.35848494720301,147.05198439003775,48.65665383004305,140.53054397109355,507.81381345120104,66.09021437988987,164.658021906576,204.90748273710193,168.25455698897042,86.07306765560273,52.265224919734095,34.202509572343416,157.7689032281069,256.0340779506525
2022-09-23,79.90991838200723,72.66758707630106,276.30066394392367,65.60985100940226,45.88260225247377,121.78485278123945,74.20017879195615,145.77817110305097,46.95918027787628,138.05984095992486,493.9510200504161,65.06669877451131,162.6768226705795,193.8713318982589,166.60284226571292,85.90917906883146,50.76736779867362,33.93631548455455,155.9433317478222,249.33120521523162
2022-09-26,78.57005635624111,70.33619067993236,280.56440718099844,65.56086929578368,45.599201620658235,121.26465868545917,73.86907277112275,139.79888927301965,46.769426976583134,131.99252490447782,486.0039721517257,65.35373091924805,162.36251180103434,191.20081253712718,162.82434903886482,86.041569029653,50.920388172703575,33.094100848348376,156.28598642799042,245.76695155197612
2022-09-27,77.3559381326797,67.4456918813372,277.4464705534915,66.82442878704333,44.32540713922025,116.60399182299629,72.41147375655486,139.53304541453005,45.93445932747676,131.13614784263274,487.51107397517114,66.49616283300747,159.69392788992766,192.86014928285059,157.2030491955501,85.732401965602,49.732477852572934,33.32806745710067,158.274064405968,245.8854596565157
2022-09-28,75.20573933056205,66.08754753363583,269.1101113285179,64.97373616021095,43.45565949675341,110.5011561178442,73.19611874240017,137.9846270898357,43.807976265359414,124.9508939608423,487.98817196088856,64.29347016853988,155.23197442443083,191.15324490953847,152.89388979478778,83.89869180342956,49.61580915809606,33.563195367190026,155.61460398743895,243.28154001446856
2022-09-29,73.33387744583678,64.77970216190243,272.72478848839756,65.09463157339695,44.167382825899374,108.20456658635155,72.07292290565964,142.15744324276181,43.84058646863777,123.85073316978762,500.27221856385034,62.871784134688916,154.95178585304268,188.2123895597069,150.94458950498148,82.45163801114307,48.94802341427093,33.93786178771942,157.08462421309022,248.17406501795875
2022-09-30,72.11755225659078,62.312019831485216,268.0485216893493,66.36277423830997,43.110455336503016,105.5947024910309,72.03551737012559,138.080215344394,43.05324966905641,122.40511510030233,502.15759090852384,61.06513087877379,152.28468835673058,185.36699546261534,146.32358910072728,82.85982435247521,48.60325611877909,33.89978311472173,152.7318719841265,241.1092723762531
2022-10-03,71.9111573179098,60.92261523600323,269.92033658793196,66.53260612038862,43.38012597273647,105.58138155905986,69.51282941508187,139.61000749347426,42.4591305416852,116.95350814718083,479.95185957536177,58.298596639023025,146.6474023038694,182.64336252640112,148.55321816267133,82.51422168868325,48.04985772751404,32.82351979149876,152.1602201240788,236.07439756725296
2022-10-04,73.53781580843457,60.99519159990266,271.837326296994,66.48668138243366,43.405510085666116,106.15227632753175,70.53752601300837,143.82659700211954,43.10190238513289,118.84239362664597,475.4801663343244,58.94356740936987,144.6564263925808,187.0605351937506,150.56012550431547,84.47227650694673,48.637826135183964,32.84981239064748,154.57953864000189,241.73099644977552
2022-10-05,73.79955072330318,61.787670851416905,264.4275295291405,66.32185154502652,42.88587966357903,103.88284491574345,68.55099169668333,140.68232300380998,42.327422517639114,115.85055369493408,475.56382286567253,57.467172763099285,143.0413290029209,182.13610186465817,151.25037795323755,86.14606813725972,48.434341842070815,31.70713499971482,156.64296822643254,237.53682978113594
2022-10-06,72.9006644277623,62.05128540358352,270.1476972182755,70.22602668593144,42.2323455512924,104.78370959600011,68.82092118402024,143.23705943361168,42.359781656157296,115.06086451321232,460.7809592562078,55.90582285670801,141.32722557597694,180.9795853096856,147.00819285560385,84.6836940094019,49.29925053262802,31.452316488740312,155.25285406025594,241.2855090614201
2022-10-07,72.23743224986494,62.71105186617834,262.87285486379017,69.34094536611553,40.38426462430491,100.30279128583912,67.57697216565055,148.16192740236454,40.724150032204435,113.5128430414798,444.62760159699167,55.37337865447462,142.31473762216964,178.82017285111797,141.79910165073528,83.07451061139464,47.801062801760104,31.814327569429807,156.6036062509931,235.78670567173285
2022-10-10,72.6772333568283,64.14613802888327,264.2549072577931,69.68124242444539,40.49292283121511,99.61221483616929,66.23090145818597,153.0751362457057,41.574101191305445,111.79048731269978,442.37856485026686,56.188506483406734,144.01636738220307,177.45113337673135,139.47719388759566,86.95832559955937,50.58211996234706,32.01691596829939,154.03303673205338,236.53832916288476
2022-10-11,70.44171413078976,63.566843814850685,249.83087636755894,68.68401726622646,39.61008047862468,94.28886563775674,64.9455831252741,155.62923660555148,41.6483452213519,109.83735060824458,451.74135256367947,53.83396751361161,141.32969051978807,178.64206536849122,139.14344569866387,84.17360486681434,51.291025348535406,31.94561923859333,148.28600514510993,229.96174845802253
2022-10-12,70.63919564108528,64.08581401606355,253.6559368806548,66.40664752319972,39.70324241257735,95.82238850442316,65.9004652068312,154.02745290600427,40.57230481275965,111.00718385187012,444.217579804957,55.872797039914886,142.8820638227403,180.58330512056554,137.50077786742264,83.76476577528076,51.66794089495263,32.96033942754993,151.71064172371598,233.23330619695668
2022-10-13,68.19871701788888,63.98338496123541,245.04039893252195,65.28568602254845,39.12018975324468,94.07306022394403,64.60852371782919,150.71269073837277,39.839594057679705,109.97585668927154,434.63397921630127,54.47637799488566,140.4512582003957,173.42480219296658,137.63237180853008,81.77540687333156,50.27222191354887,33.14435477027904,148.18766351326906,227.54095916826935
2022-10-14,71.19028219650224,63.081124870692314,249.10128368019207,66.95982809258734,39.229735029993485,95.80684264954019,64.05155989507226,157.3496763034541,39.92469593252367,112.1610611809628,434.8939309756048,55.7695568706438,141.47247173749403,176.35560781198245,142.06825493767943,83.59559582155528,49.57000356418029,33.38646513524207,145.4810798350175,232.4800507368369
2022-10-17,72.66468482196824,62.45031342164511,234.62661985729713,68.7259704941347,40.0155952342242,94.31526203333674,62.477068119524475,158.04411243714688,40.16932660943874,109.20105921140916,428.69578454571774,56.022801830422864,143.5514602047908,176.1353695770072,140.46333622471806,82.36072204852023,49.752754213938445,33.73502414596919,147.49403664897517,233.38265286523955
2022-10-18,74.86190044688644,65.84008296854515,243.2966465107852,74.34802079608171,40.83288340404505,97.68857691719707,64.9691620786647,161.5766894683686,42.029278199884374,114.9636396789013,442.4232700256369,59.70340447573762,144.1217492670786,183.0308328158305,146.44364002291877,88.32574039627265,49.907572658465924,34.52194711135167,150.48873029891064,243.82412163156096
2022-10-19,74.61028656948247,66.11765864788083,248.45890571524495,76.19918944031613,41.01839994713979,100.16191338159967,66.2232064803898,168.0001277440254,41.602962575185956,116.5998757623303,436.74794216841656,60.15763322737159,146.85945587745468,184.90392568255177,148.17060498193237,89.71135632141414,49.31984855721374,35.480128026159136,153.44206117226824,245.83318898585887
2022-10-20,75.88319235767018,67.76838266014344,245.2576789959956,76.93704160295103,41.23107927627533,101.02247339098112,64.58813903264098,167.5320768401878,42.82573322885794,115.1887328785073,424.82567209214085,59.668466653402824,148.4965925550829,183.09404046901852,150.00093837527135,91.28075472801997,49.55588020586591,35.22451056632946,159.03225447569122,243.98900999131016
2022-10-21,76.12428580914529,66.3507847658068,253.67408792233417,77.9436758630659,41.68769444018298,100.96383106884183,64.88447444053268,165.1780542989817,43.10426693738794,114.49854344506397,422.5514374554961,60.11101325808884,144.84441353517795,183.84648907165834,153.33406064865613,92.79445880922243,47.99797724991759,35.36311606061691,155.14984761825096,241.72789165228096
2022-10-24,76.4235392442313,64.97351979564088,252.9070152576887,75.39085430602817,41.46623258287329,98.52413936151491,64.46007710703003,171.33072785630952,42.84215457205813,114.16231174743467,425.45363400972525,59.38460851781056,145.77296563606387,185.86625150798002,152.50361813436174,93.86379978319914,48.584227846939484,34.83090756660873,151.71652589984868,238.22707601873068
2022-10-25,77.75755201693461,64.27454821954318,264.7256726698606,77.06360393196267,41.73315983874276,99.30865503001931,64.95425790456822,169.90346529236317,42.293405459787905,113.36151451906005,424.05444223011233,59.24978478524641,144.7667985783083,186.5307245634575,151.5867010293663,91.68274128574016,48.5045532780372,35.4212901163402,154.26235663368786,237.11396280928824
2022-10-26,75.99594911373445,63.09675380785954,261.3239756464376,77.62869187143758,40.92623124786821,97.84330981910516,62.139452510322556,168.36127480091352,42.400896390129894,112.28539061803055,431.87333700223036,58.21424374301276,146.99568817910531,190.8485050446566,153.3840565191034,91.2103220414872,46.32513965598415,33.86988872664748,152.075329980016,235.0746029522796
2022-10-27,75.76367152429195,62.17207445413416,251.2627365398095,78.56434884837354,40.44018661256226,93.68059622393203,61.61588721920944,165.9723578187498,41.79673421207057,109.9884531978275,424.89614413809323,58.71523252668349,146.9848741021818,193.955277319872,150.55420624747498,92.19686036854925,46.352945378423506,32.70186373233301,151.14371834373807,232.41161857479798
2022-10-28,75.76935406509935,60.51598427995262,240.94167273362098,78.95023209442604,40.009172983926604,91.66954865249672,60.93701430679742,165.33163161051044,41.4159716392431,108.0012234088921,427.8900015736519,57.52840204470805,147.83220589897303,197.2798988621037,153.16011616977357,90.19675582854424,46.54466098179602,32.17909716298095,148.6596478307338,229.50688952463602
2022-10-31,77.37806007491774,61.06575710469556,234.39287052914355,76.83690526896767,40.381143469562794,91.17180730482457,60.37053681823136,161.1802901696284,40.71261418301164,107.9660868224422,428.7902986918161,57.68565318753997,147.8802832506707,197.4061023223032,151.731427289632,90.58154807348988,46.39380886345048,32.35320349673722,152.00223483042762,231.00074971603055
2022-11-01,78.56037197364927,59.784021626760286,232.13552794026904,72.4695499222353,39.991172982177126,92.52640080571223,59.474929551283886,153.7120005713411,42.205297500247646,105.30203779328102,431.42410022681725,58.28616811840305,149.29290699222918,198.7592321125681,148.30870123032312,89.1818429206279,46.664613551460064,31.636229985096197,151.745806731946,230.37590820948697
2022-11-02,77.25650330847938,60.92512436992565,234.34121286429388,70.65507718795686,40.95523155709524,91.72363075191868,59.301000192658584,157.455569446446,42.331012608225706,108.90262828266074,436.0021608673683,57.42016055696744,147.72908683527413,197.86282457897053,148.73478374764255,89.99601671916541,45.449195968083345,31.051116667596563,150.9419278135343,228.94544886704648
2022-11-03,78.6855189635452,59.83064293508472,239.49292982398885,67.61116354388233,40.21001141916024,89.46070099017832,59.64514191111976,157.1754392462222,41.49012267275799,109.68030934780225,423.9667185618224,57.050178888876836,149.1110053894679,198.12291640350495,151.11175101099923,88.54813609134649,46.73954044288347,30.69325575167241,154.11523323786187,228.9851328164507
2022-11-04,76.75702224465351,60.24606625672539,244.322034334956,67.20049567191259,40.54530163643131,88.68560210168293,57.89016270303499,154.0558711954007,42.1246946880853,112.44886834135454,434.14289614674743,57.51738912185316,147.4939135263173,200.23131462213794,151.88454892818336,86.39017040951418,45.331403233615646,30.47699550672905,152.18079310838488,229.93887278781725
2022-11-07,77.71061679228553,61.36525137629624,237.3119169107668,69.29406303013195,40.38756787886837,89.25683063000629,58.37672881351016,150.09824378964484,41.84162330350223,119.64831210634568,425.20680327837107,58.67043658130153,146.71311616919408,205.0548506799713,156.2634375614284,86.6743977032303,46.599330447336996,30.83064681915015,152.98787546834987,236.26748805439368
2022-11-08,79.08423828905549,61.71348253647176,241.48913422301948,69.43779443889176,40.270947355836164,91.28259296840704,60.26792683924705,146.24810029753579,42.49313463192544,120.77260748357678,426.9535084714894,58.341649897937394,149.37674868138882,203.72948633070556,151.4476699760227,87.29084677836936,45.77215247292538,31.644441103020807,158.14131807447512,235.5970493307859
2022-11-09,77.6514409233578,60.33469263462692,231.57618131582842,71.46951331653617,40.665249010495344,90.77332311429885,60.11812409041216,147.30842246376696,41.97654200402984,119.61860230007304,419.73067368709195,58.04851897193839,147.25139211585778,197.2644914216051,150.32600524441125,84.99619917007129,46.259352643896214,31.457535564800143,156.30559216854758,234.4140255717456
2022-11-10,76.21573071502108,60.90553465811687,224.58895160457334,69.05670257366764,39.34621784258999,91.41733049782223,58.80880910892868,146.46788252183333,42.35790154255211,116.80326962185181,408.73591698114996,56.43130432780024,145.38744191228506,193.13856214784175,148.83860614103338,81.77561090024817,46.179076976516384,31.229468532834797,153.4723289978538,228.64372992607355
2022-11-11,78.15507277660234,63.824606005370015,231.75669239339643,70.384752479695,40.11124397059725,93.24533214725774,59.42490657877392,145.10377620271913,43.73806670904147,121.26585594699792,405.2672800634228,55.947484592710055,143.104849889385,195.80934431180862,152.04049683251208,83.6274486821473,45.54220148380395,32.272321612298015,152.97507074239627,229.9288792638279
2022-11-14,76.776605376917,63.48462717912177,225.23376532026217,72.1106869735116,39.80882954106357,90.97429656760292,58.27616774787026,146.21541145269322,43.23636288329904,121.90377334296784,409.2385839693952,54.99960556674802,140.15072592643224,195.34902236895235,152.01523092336873,82.91550344866394,45.21944485569451,31.708738873546864,150.39156205153918,231.18321386774764
2022-11-15,77.28968978213643,62.890733777834406,222.46165175649426,69.70115807904432,40.21902589090298,91.7136387319642,58.163658147585686,143.33936666793298,42.4277571379066,120.57191918316187,387.3517842215736,54.77406996326632,137.15526149139754,191.68218130136952,152.09702417820154,80.9336461666786,43.90703480552909,31.594882221253776,150.43812363011307,227.12310676487874
2022-11-16,79.64987966036901,64.5301958616791,221.70672109928148,72.5594879447841,42.026303061874955,94.43079683719638,60.287563002023866,143.45229020472138,42.6587227175561,123.45521058585831,394.52855630671104,54.14200089699571,139.7427632686041,192.04755005330617,157.21087034216882,83.99912275694761,43.18037294463712,32.129472263246164,150.01860910406856,225.9071284022308
2022-11-17,80.73141179932698,64.30782103087894,222.97269934966553,73.28274981175359,42.8309015105572,95.71220329283179,59.46967606639582,142.54773424682753,43.006529484371164,123.15083645062533,409.2558446945156,54.63227820493897,144.34612832092984,189.75602115052905,158.16233851056984,82.00590022463466,43.556163893074356,31.871437015602062,152.25239188186117,222.97278539360565
2022-11-18,84.1523581805694,64.31817818614768,226.88912936092663,72.84512562476489,43.83880558600012,97.69793090547509,62.31569636364377,147.36668097292718,44.48444470372565,123.75657583880711,421.55509216939373,54.712858095237635,150.6750931891702,197.1354544111414,158.38500197998923,82.10877364199452,46.059721248324706,32.069935839361754,153.23051265789286,229.23724119149162
2022-11-21,85.92157386528375,65.50636165660123,231.24417781325994,74.53749209848854,44.25917542717299,100.80451048045417,63.56767910236679,153.3238911801136,45.41903977685188,126.68971740092854,426.5352297021172,55.52345473563456,152.7240795932552,201.407403349324,159.9172456886671,83.22304351630099,47.60963210062574,32.73460482873284,150.3708520212592,237.81361572454085
2022-11-22,87.23447428903538,64.17930824476782,230.26986012634282,73.53446174738508,43.89691521008351,103.94783035870934,65.45206332013043,145.87150613927471,44.262967163258644,125.48421525033669,434.37779561176404,55.051219547276624,153.36604811228844,201.9018136783993,154.7169989258971,82.7224464789457,48.177403078513024,33.12910817675604,148.94544738415755,241.13255941407633
2022-11-23,85.80244309375249,64.66638586762446,227.32083646588327,71.11417273624231,43.25137032181056,99.6290077153511,63.2621164939043,142.02664571431066,43.87942752236998,122.69706527510662,434.1879418123527,51.50285453352652,156.14507610350438,198.71049750460662,148.60908739249186,80.42050034535603,48.37967191395538,31.88351461501151,146.04798208029615,239.81208882095433
2022-11-24,84.79806552470433,64.61283231427,233.61376656411386,70.67963223739541,43.697162973478775,100.73389540175705,62.82499912061433,143.12514030587838,43.64035790267865,121.679206328248,454.07521120313675,50.80994815029603,156.57354406226688,199.5328714821326,155.2514242529,81.09056610082898,49.517269977090386,32.27441685750225,149.8864783532473,242.2455115098315
2022-11-25,83.62606299106055,64.73366810775146,228.28764304102802,70.01514856751751,42.44813068265629,101.79914390778397,59.99162710855086,145.42319280122092,42.33424016780745,119.21580151477717,441.718862767255,50.86359390599701,151.07221999138687,195.97138712375514,153.83755825920824,80.49025013006154,48.28877620715173,31.33005770206975,143.19784381528896,239.53957034384504
2022-11-28,83.6128355589896,65.17881467461659,224.51722294525317,72.03813616285224,42.26170246616809,102.30251970270456,60.22598970433646,143.2158049230528,42.66243979337445,122.57110373856565,461.04569194980843,50.2269578988109,155.0148764588794,196.74855805292083,157.35988390985526,79.04921110868523,48.467186511574155,31.03385345206481,140.21755434143472,240.2365373308385
2022-11-29,83.10417484016324,65.76816753590352,225.44660636644045,73.09440603023916,43.282327128467664,104.01214157704732,59.56549814712014,146.1454601115697,42.770517714274845,125.08736435881954,477.70792592862915,50.76425623214939,154.44107869251778,200.4419482329731,161.84770762518536,79.46744127949559,49.276274119478835,31.551349249464476,142.4769608157393,243.51009112677622
2022-11-30,85.41125440824044,66.94527133461156,225.24247777948585,74.19584331052538,42.93981030447621,106.38208915661455,60.541699083287305,144.7277338861565,42.788754644623616,126.29940340889979,461.9227002763085,51.92751381719911,153.23040011034593,204.85638831692467,163.0734005437298,78.4399195043509,49.78936916385604,31.729302940384706,148.1328976333927,240.58817923323116
2022-12-01,84.96032893708193,66.40948515142317,222.6419703537814,76.75152183140804,42.590324676021034,104.36773303202727,59.53330531830589,140.40443688301482,41.518808136261974,124.24671379406868,462.42087099114303,51.345363876125106,149.89770486058367,203.46796827502374,163.57068711804826,80.03778802897959,48.407301442844776,30.8555311309969,145.8367306725965,238.79652623121632
2022-12-02,84.0317067166168,63.374721052176675,218.30449218941078,77.07858525370625,42.46043265867946,103.18439505744644,58.38710685650556,139.25266869076222,40.734760914900754,120.79349453817986,475.27098710534847,49.47291267706641,147.5580978924669,204.60100596940566,161.8430783308086,80.06769233698196,47.52542541794004,29.856571487037048,144.52789385834495,233.03610778998103
2022-12-05,83.33936301870104,61.58505150808559,210.15940332055442,75.4317218460908,41.73011851896773,102.74972298221314,57.30142252969815,138.31875746287355,40.140943521653945,123.76992891987271,453.7271870054237,47.09839770427261,147.771730899222,206.48485246747018,158.96026775712588,81.02709591327066,46.15413424595146,29.77926560769001,144.6496142512743,226.32449623679216
2022-12-06,83.10009570416759,63.116430574669586,214.63673419132283,73.76507267709559,41.844080869846465,103.11383556900755,56.10182839251465,140.19021837366301,40.53697258215309,123.1992561727456,458.01040789480953,48.4864166970912,150.2203027207304,207.94680878870528,162.84604394426657,79.56243365224587,44.83000665912664,30.60260328695716,143.53728854181958,223.07404733133782
2022-12-07,81.4802990467253,64.21718918863698,218.06804699757765,74.4041605459056,42.508808025184806,101.12922154448523,55.01130446810117,138.70655954901443,40.01955408450427,119.45202553336483,446.90551796346745,47.94682093154425,148.50227502669713,203.4805821004808,162.74960466135516,79.80125392349379,44.02861571744938,30.34181941483113,139.3874273548912,221.95116401728106
2022-12-08,81.49537111328888,64.65960091894202,215.91877314391192,73.94084374207884,42.69677705194606,101.27326135322332,55.26062383910619,137.91884711250833,39.5831995305444,118.03798875600441,447.89314252318457,47.53585029771226,146.36884670964216,200.86923977458403,161.6292162743187,79.10612631746413,43.745136053762,30.04597877914631,139.81447785762828,219.6289950865601
2022-12-09,82.02672366870001,66.98574795314342,209.94363009649547,75.37911200436865,41.74020257729104,102.1613822758869,53.563993229584376,136.42991438473103,40.67285929911863,118.52780565887285,459.6452904073912,48.04288596542644,142.57853483844286,203.44621963452389,164.63989005409704,77.08141887506518,43.422464458628305,30.60050517053623,137.6474136645326,217.66967329601232
2022-12-12,83.2631167071671,69.3649686414711,208.43397835212068,76.98881198443202,41.58153364716411,104.4463769428027,53.033042906848245,134.99988627434425,41.84383652123242,118.95077872330194,447.98980350911813,49.35586121858054,144.33347270912884,204.95545690965932,165.05476335457996,77.82907677525321,42.01609226904403,30.698826558805305,135.14439555184796,217.31880359879952
2022-12-13,82.2600230229665,68.50249416871452,205.4020475973187,76.4390090825426,41.127954606308435,106.31053545874202,52.51097462174064,133.19366667958678,41.01396196684692,118.21655944496437,454.54579633652986,48.393937972183515,143.74650733620678,204.71813357335776,161.21916310711356,80.24485134275098,41.44842206448932,30.287550432585427,134.31019104676258,212.80762543275344
2022-12-14,82.18924578007355,69.38618858662169,211.25851826776108,75.10981241380318,41.27480352075025,106.80950662860026,52.75763139169575,131.10851265973824,41.740324332225974,114.72767986764376,438.6675199716347,48.55602221267147,140.4978141273946,199.4196351991384,161.11780125857706,76.58044657913743,39.66301775412276,30.194603493117274,128.22521052745213,215.63342585818333
2022-12-15,82.40639772099672,69.19590809661916,208.12052607356352,76.58049509588366,40.74278565974776,104.82089345996766,52.76297459802384,131.23013883417778,43.13495407104099,118.0022467045796,451.0925753054955,49.965614234425196,140.8039343709331,200.6501091241484,160.28696241357852,78.12310617712998,39.90228250828803,30.69976303666048,127.38146319447777,211.412084726752
2022-12-16,80.92949130167099,69.3009387991191,210.38933440200532,75.08451834772185,40.485430945879244,101.77044458180553,50.813931686615106,128.86858202319416,43.1215807284239,118.6327454572905,440.02810134680675,48.67931697375352,139.7442696284325,196.67474873414426,158.6066713666022,75.9430219791342,40.772580654566845,30.166511992304045,125.04400793275303,205.70884663603505
2022-12-19,79.55537380021997,68.92203365071538,204.07209598106783,73.76464289417049,39.74354128830391,105.18984806800286,50.21191488393485,121.83214939002775,43.21089763496593,118.18193783300475,437.50247768281463,48.33043176946532,138.9872466401547,195.5593797375899,160.5994628360234,74.59693453300865,40.54401729587591,30.446503229906593,122.29409667132849,201.6601251582951
2022-12-20,79.59983544200936,69.54039307915386,204.11200667450365,71.71221806277474,39.129966206160134,104.13693335389502,49.421738921349046,118.00787583012003,43.1613218435638,117.79463780468421,427.40058159125624,46.71518230404913,134.3079410773596,193.68059630113208,159.8997011920626,74.09547114165294,41.66947202447547,29.73469584776901,119.86369471269778,201.17102619268155
2022-12-21,80.37901138628793,69.35151383765336,202.14801583684945,71.29312133632236,37.865681048327176,105.06660776165174,49.00265592715988,121.32946297445707,43.73720902134502,115.83756867005566,420.59143181511536,46.84532754813477,132.43300288538885,189.86110650759335,160.865350137302,73.90563391442089,42.054509033124795,29.10432956426383,119.70027186438301,202.46494681992473
2022-12-22,79.0326580647804,70.43893587165029,195.13668800038445,70.81610664727994,37.81275751629065,104.51990911605095,49.96446060167219,118.00659507544705,42.426281520045976,114.49916749310579,404.02278736811763,45.0341038527542,133.6749108903542,190.2412056172257,160.21670249841293,73.45830966561998,41.91295941299403,29.498577943931185,117.15116597510766,203.34788045008213
2022-12-23,76.2936598901775,68.2805500113823,189.58333328995639,71.08745552832272,36.84598117775294,100.97557561536364,50.932907610948995,112.45210753646208,41.19265748700285,116.64210438606702,387.9483264114087,43.67699082462025,132.2079293839784,186.91876547078448,156.88069862677568,70.95475545494804,40.82749558038628,28.988012859421477,113.88723345243136,196.27869283022343
2022-12-26,77.66082025672105,67.37918822544908,189.88401646343294,70.2194820135271,37.3765354329562,100.86529915089706,51.85000650155328,114.92443091035965,42.36447534156018,115.93015862291799,380.4828904427909,43.505191087194135,133.81647049156672,188.26796143324748,155.31437721554238,70.45240457027792,40.42457010431071,29.69047058767345,115.08779405753336,200.3870390541635
2022-12-27,79.07132177256389,67.40103121737188,192.47594326714017,73.28831533455487,37.04293972266229,103.66173398377195,52.42551296987283,116.6988971101904,41.93858315138663,115.3309525946904,378.7014840839232,44.40104512695364,134.48486414176028,187.577854671572,157.4538379618319,70.61719043040623,40.12748780154702,30.34252677846728,114.25954371937156,204.13075594290748
2022-12-28,78.87995456578592,67.63646272074502,198.81863839861427,74.1977707976185,37.94409405016672,104.15487369117794,53.24746757420797,117.72984370599688,42.71335863288779,114.6475997341242,381.494255350755,44.03698933270635,136.0234993460679,188.87325846924762,157.39469249939975,71.08116497981447,39.31858606835436,30.290496803015525,112.67312898129003,208.06087834407273
2022-12-29,79.26182691647195,67.27112947150522,200.09742673708533,73.81552018045026,37.74271706684809,103.29823765285684,53.68784285299012,112.7402419633552,41.72902232197637,115.02487493917599,381.4078828877779,42.02267974058709,133.45573068845488,189.28612841278076,156.76001151506526,70.27580555831364,38.21968978317231,29.566579826982164,110.48981432384902,208.29226654723232
2022-12-30,78.79614719182865,66.67420488989474,195.5462481824118,75.55166271416387,38.47411521160386,101.96150566454025,53.77524979857999,113.49148353781798,41.224838973791336,113.41309148299098,387.6182046353264,41.817898254946115,135.7062281487881,189.73611179300048,153.43809511732724,71.02563527251851,37.647768227334566,29.77496140337859,111.7781442423341,205.2200194679976
2023-01-02,77.33638736115802,65.76893379638754,189.38728345299913,77.39336802179386,37.93280231507249,103.01636555231421,54.26209382834651,115.6552588527313,41.49441097139739,112.04681208387784,372.39495075909,41.509987144484185,132.95639920006215,188.5977939471425,152.3285446374408,71.13350663053563,39.53777551572127,29.59298208687345,108.67217133430307,201.58735499279643
2023-01-03,79.07792400537085,69.18093226692267,195.73573380246003,79.19023180996672,38.314297828703666,103.17050239108654,54.4090648870264,124.62383575810581,42.26716374384757,109.72726976704394,379.5888734077907,42.5445088177863,137.55493449948287,187.7423172415964,154.18051397350678,72.28186680997568,39.63407335567074,30.479388029125655,111.26201233852127,209.53659284667108
2023-01-04,81.09327238553948,69.28419282105304,195.54512833072528,78.0702280449374,38.545589405722595,105.3256914069332,55.046325401612656,123.19252428391923,42.63082159166648,109.8932838517621,387.90370370744125,43.8935393994881,135.26582144654085,189.07538994786572,157.0770724803499,74.38962427981416,41.655823294125575,30.768725259372772,112.74921691501241,212.9268908020853
2023-01-05,80.95602249630105,68.49068618343117,200.89241226440623,80.65929444459834,38.755328606382406,106.34869723785279,55.68749556098507,126.48458564944411,43.07846542989956,111.92518832549445,390.1258686547095,43.74727407106526,138.88109476430674,191.20329443563105,160.16565247605402,75.46167403288531,43.0736899523109,30.89820166167292,112.2426652035339,213.8036043180201
2023-01-06,82.33948269432038,68.58797346306841,201.4185198082202,81.30427402591866,39.320205037114725,107.65267614538928,57.4529434532925,123.57181098306309,43.88321844250335,111.2996293498833,386.4821202437972,42.89237317873872,135.98331128769448,194.142907340373,163.11412754155447,76.54642003040955,43.79647077089411,31.509951729321443,110.51234698071015,213.6114487720512
2023-01-09,83.54001476620623,71.04739596752725,203.74648016781998,82.60653939172644,40.02902109725527,109.3447289808402,58.18424454215616,120.16052565574608,44.82191405662415,113.43162910661019,403.54430930324435,42.93653151094722,139.11964220566213,195.08603088589052,163.7849529758298,79.7298229864453,44.606640303134256,31.140856869771866,112.62048555032865,213.84619584574187
2023-01-10,83.03195511066049,73.10928024426796,204.2842064477366,82.176404358887,39.604052518145046,107.38926792321242,59.57410312557678,122.75268517562245,45.040190102055504,115.44898093794141,411.73218042915295,44.4664409350834,140.9586549363414,201.16089879615384,167.74389881155244,79.1001319574556,45.65387640804148,32.09362290241932,114.6504079103864,222.01928446631618
2023-01-11,80.98685941187517,74.80164049178883,197.24303709771843,80.44850815182463,39.33873227107482,106.94556295908852,59.18986087897473,123.04499207005705,44.631104481233656,116.19978469729892,404.27523339339905,45.03572120480301,142.70094329443958,198.0923358437321,169.29763940138446,77.33296059003364,46.204132083957454,32.85067845244897,117.20724703902198,221.08491434377046
2023-01-12,84.95516406546344,74.98425697223082,197.88992171049526,81.17290946280244,40.02928509240883,107.12003577654963,59.941989408734486,126.10778797769069,46.351796906576865,122.00686209842196,407.5402737187749,46.28746849760326,146.40391579934823,200.08092615071988,176.72129681971,77.68627953241207,45.3847633245396,33.8252351133731,118.94362900286842,227.78079451120257
2023-01-13,86.2311471030285,74.29357366111131,199.9207247099171,82.24183860603156,40.447889386911335,109.16660648963276,61.058137921434295,124.47646300144118,46.98849139700042,121.77478860254517,409.40049566554546,47.094868768530404,148.3820742631076,203.51509399642228,178.25182529849235,79.87976026220933,45.282116776028474,34.08894219070877,123.69274560551524,227.9146524835942
2023-01-16,85.95266821938499,74.11256672909855,205.21877150662087,83.1858120595435,40.46243199593497,114.42615810799893,60.53949287348631,121.49991742999497,46.151988499845686,121.82245292898739,421.4115689800009,47.79074821446659,146.0652006337649,204.1513845192516,177.67130080066804,77.7991053778037,46.47602917055659,34.379730505206766,121.88096678510146,229.48250743015458
2023-01-17,85.59528105055323,71.70980624183929,199.1140405201197,83.10383673217498,40.62414817584661,112.55010141551304,59.33344569318981,119.90678387832321,45.403852232196925,118.90922274795774,434.17797260750547,46.70498262716609,146.93502724998618,201.22623601869427,174.9022946464093,76.89253789840103,46.200446635018054,33.70675204179235,122.89422175568039,225.77994298165427
2023-01-18,85.8569570958073,71.75538938377669,193.96194417975954,83.26206172519488,40.90039315832448,113.03005485819665,60.46525071951297,114.73635720856221,45.543378269757156,117.76358614795637,432.9398136704708,46.53452050546095,147.3126827191907,202.17545333196594,173.07701189224102,76.13137771853077,46.99206286759028,32.55381391236462,125.0269477485636,223.94998013260548
2023-01-19,83.78630049443932,73.57955665119077,190.3020824839896,83.93578821361803,41.083496860477844,113.06227120787202,61.15710677911675,116.57949306837268,46.62808958578539,120.51796803324144,429.8738846383138,46.20870038109486,147.81313520455276,199.53872924714707,177.307314715957,77.47364022448569,46.29846670800484,32.691644339562544,126.58836374451963,226.54374621253885
2023-01-20,83.64747623752935,72.98598389906275,189.63889620887485,83.13185603913412,40.12564685606908,111.2630357309385,59.8158294896003,115.3078249753107,46.14580367386121,117.73715608895041,420.8063871457354,45.73904034607111,148.99121914531437,197.81852231995384,172.33966343404836,75.04090976823267,45.625402435623634,32.125271312366436,124.5364647181975,226.44560898013327
2023-01-23,84.0560377221551,72.42913068766201,185.98518896599103,82.87925688606744,39.717878057892605,111.54906970420276,59.64721918370647,114.0621665169021,46.6761524271909,115.94994528342872,408.85301512231723,46.11989826853473,146.4310847562492,198.73735725559243,170.76855282120948,76.32006239849544,47.46800685800789,32.03597572181528,122.800107662738,223.18306632613348
2023-01-24,85.65809775805913,71.80085537922785,185.87169840027167,81.4694931409385,39.216942652782905,110.81029715048729,59.77180586026442,117.37009472464788,46.33315552665986,113.69309438996217,422.5317878051437,44.719740865766425,145.5070109860956,197.04870941973354,172.05650383258376,73.95702165990278,46.54280195772381,31.59856467900576,121.62069258609093,222.34480850657195
2023-01-25,83.68096327715979,69.2007905522399,182.902609362169,80.29847996840402,38.295625757769365,109.06098974883132,57.325502363830594,114.0146199782836,44.56312293299088,112.62241132142587,421.41720806456254,44.43556312254372,144.90411922374162,192.2665627433801,169.95504413684716,72.54549438890378,45.41786461678839,31.25496780894174,118.37611486528004,219.33735393543193
2023-01-26,83.70813244202832,68.04638306847355,178.9892219346331,76.64210548161084,37.11494280547056,108.18772670012768,56.24077025482095,110.67233049916386,43.1327665669064,111.93380886232684,407.98863246901027,44.25670724861291,145.1711747043359,192.13814970642323,167.69899156753345,71.13142960641242,45.24243774174511,30.966342996070658,113.99604418847201,216.8196738904845
2023-01-27,83.14661240947166,68.08265823697333,187.901701545066,76.84261168927236,37.887070990686176,107.38968133833939,55.98486341642371,107.46872918883741,44.02755873673775,111.74041806356627,397.90170694276327,43.77349279862502,145.82244039627008,194.3430907757219,169.27003256440767,71.46329487977941,44.698616923867945,30.983553927458797,115.27825039116536,217.6445488960283
2023-01-30,81.43126729968334,66.59765456250672,183.78833358722568,77.07695396650288,36.71720448064168,105.34757369481149,56.27410358659117,106.6061837385047,44.49566243402026,110.04628109609261,382.70472239881826,42.79335072069243,145.6712751530704,193.11308228151356,169.92840122030782,68.83642434776235,44.707167352187824,30.73018163700032,114.66113987684766,214.41278068451797
2023-01-31,81.102193325054,63.39423751603218,182.47029014621893,77.91156166902019,36.39314293752223,103.77860238428245,55.29335503709909,104.76391005043726,44.52323770003953,111.88582926554979,379.6641958803078,42.9519943650065,146.73133075233216,194.01061112891495,168.64644429453918,66.69694041167243,45.302675552673584,30.652186048880054,114.60471684219655,211.46716317618677
2023-02-01,78.81906469052606,61.96521494108685,180.9524109627439,75.7731256186131,36.10739069237956,105.53793995711527,54.391578525152646,109.5286606977836,42.843898432209556,108.51950979984714,366.94208324100356,41.72706697616664,144.3691980028248,190.480904356867,162.68986345126913,65.95579364834961,45.17678282431563,30.96680944363001,113.84165993800424,215.5691194807806
2023-02-02,79.64875056819963,60.86656925560251,182.75153481435072,74.49428059903993,36.13942207478709,105.63830674926051,54.71772223744292,107.39133642022807,43.07078346152536,110.76593905933086,372.04960571156323,43.71261296214597,141.38644406979992,190.50496237819414,163.1077033747454,65.70489832926063,44.68443037079757,31.151787771654522,115.46222280413596,216.78327415409396
2023-02-03,79.85301927904267,60.49745601683156,175.83081653218514,73.0483578770019,35.3566056932393,105.38554149931623,52.99407270585734,105.16457463599131,41.381114814627665,106.14472388563267,369.4801513011802,42.50365915166652,139.48544935840633,190.41122079839735,161.42463504775793,65.40118980111163,44.447203741786055,30.017294522218037,114.85605209279412,217.8503118806377
2023-02-06,78.74327656345156,59.243258749613126,181.3245013049903,72.03928466298144,35.34636888034031,106.3222715001028,51.92506910503917,106.8565870353661,40.90844207594649,108.20559964056693,369.0155090000485,42.0269213256633,137.2076921837199,190.0931136462708,160.58096448765403,67.64476422976014,43.356746794253134,30.121288566769874,115.0197589646974,221.46418843867033
2023-02-07,80.34438567207049,58.865044397872836,181.27354599738575,74.45004881764089,34.88181591310516,104.01862055001553,52.33137916559103,105.70090820379887,41.02109536745757,107.20609409277687,371.7192653844061,40.0854433400068,137.65713535290067,190.1666921894122,160.78593109623336,67.4064919557733,43.658299046361854,30.230360819556694,112.62789902865111,222.54188520328123
2023-02-08,82.023627176824,60.22921842174672,183.26967553450572,75.7546225025791,35.937304376412584,104.75220171032836,53.027918124348915,106.52478706824839,42.159441912353586,107.64587241219604,378.655626457044,41.70745483710439,143.86237045294752,196.11614647829458,167.70973316614447,70.07555195569914,43.90269565395418,30.33592917457157,111.70399607741867,229.61856260953581
2023-02-09,83.60503621336991,60.04116939321985,187.20891698192554,78.32150842685084,35.90003796709029,107.90941858230698,52.743035683151426,105.63934934536512,41.4254690926974,109.84565070450756,388.7780546331197,41.03715429631242,148.25451143458835,196.449447505578,172.048912988757,69.34676042186719,45.39450394360741,30.77534336563364,111.00595781445374,232.22667079243058
2023-02-10,82.88223749277863,60.604989640117736,188.22232140057932,77.219146592829,36.26001218134052,103.89811184431667,52.403490392942935,104.83200308844131,40.325472415540844,107.67977521581312,394.92740040641576,39.76880726871048,148.57585164230366,196.77739868807282,167.83398664249484,69.18216080378299,44.53837758923487,30.606062392435504,111.6564153251661,228.36631424978648
2023-02-13,79.87670018313068,58.40651630663456,183.233819143297,80.45740430169806,36.92617612162805,104.17084346852434,51.4311910707771,101.98666912769617,40.11501005695325,108.71091085910727,393.5578241005989,39.383223787828975,149.93705882481171,198.2670297799452,165.10147253187907,70.40090010601462,44.15919929367413,30.42230893485396,111.3420548515277,231.1777068059154
2023-02-14,79.4981462071192,58.967814740666775,180.30946437135435,82.13182468498002,36.04397161512601,104.85007633428982,50.05308748036612,97.79376993471749,39.88438283925621,105.69990792318309,381.4433837338609,38.87493802256114,146.39709791044905,198.16378685426042,159.85564902356614,69.2942461181176,43.75186485939728,30.141099030716816,106.88409689641833,228.8119201046893
2023-02-15,79.89903197953036,58.57512197152367,173.14362912229052,79.95479515453349,35.0487431780147,103.98568455630523,50.78739681082729,94.78569574867817,40.45555785194431,108.8549710374711,375.11592474518943,40.338196898628595,140.30836152743692,198.28867749758052,155.24976303145522,68.52522691070153,44.17263857603524,29.86590743713579,106.00484496272897,233.8191157811198
2023-02-16,78.86458823829236,57.129049190869885,169.0932706437485,76.61636604297904,35.2351632388647,101.15381538861804,50.516993551329435,92.03578491488825,39.683043555015004,106.92150931279514,383.07179213491213,40.16948732107081,136.18836012208223,195.1174991912417,155.91179768422958,68.3212060024531,43.967428468269404,29.393607866864222,104.42118319901472,226.52105475865838
2023-02-17,78.56043008554931,57.95290186736592,174.77639200941084,77.47617654794536,35.333495614316476,101.68997617387735,51.25876616899532,93.87271032228914,38.631785019260576,107.88034746982969,394.33957619371546,39.7880351010503,136.71666859113046,196.16881888399038,157.69853443162424,69.77919880093266,44.133999480043805,29.981294743055553,107.69832144424251,229.8912471164281
2023-02-20,75.43649052935176,58.327367962553524,175.48603927416323,78.49115451738544,34.73066936867878,98.4374015249629,50.98218871975878,97.37294490431644,37.574798191423724,105.26296554932023,392.9908517056999,38.454482021677904,136.0670528188889,195.0484401208239,155.88189708267225,67.8763683087,44.67462031336154,29.299363735759222,106.31995742062335,226.30336092497043
2023-02-21,76.0471553935475,59.319679550395364,178.34654362498242,78.16972355741586,34.6715108942107,98.91228705943693,51.28624736012271,97.35095903933004,37.69779226991591,105.73502137788701,390.01240597539424,39.984062659943895,137.65736483756552,199.15634433748795,154.420187192314,68.45698225263111,44.69091376674086,28.873956294416285,109.67322956541959,230.465047660815
2023-02-22,75.33526379355217,58.443636030959915,176.41908840515677,76.63937354896731,34.33043335250419,98.16304713633915,51.4793039142114,90.72409745049903,36.35975282405306,105.8956580294827,387.56493533005124,39.484978115295256,133.24780238116782,193.83699302231756,148.79878520224122,66.99431670746768,43.08285569208938,28.70791788202694,108.84085740604237,220.3237404830227
2023-02-23,74.96364724691405,57.7070770092516,177.02709145348732,78.90213839631527,33.88494095402656,98.06968478915834,49.86652562815086,91.4395834951002,36.35090022844597,104.82728668820289,395.72369679829717,39.822466688135314,133.00748921154988,188.94485521407125,151.13472106375337,66.83650163950843,41.80289538783475,29.55477756865284,108.76790242656278,220.46732072013484
2023-02-24,73.61780564152839,57.132243552369076,171.19367990687212,78.34751887093313,32.94044422188628,98.86074651840262,48.73090819246558,91.75041608681475,35.443428002290894,105.75818853837805,402.81737691656804,39.35029275927441,132.8340265303158,187.78550683318156,153.2189864858524,65.62133584717631,40.992643069715456,29.61927494113192,105.2404617346251,215.24677976464187
2023-02-27,74.60579680028756,56.25731924549395,167.77892196418114,78.48829633128067,32.47354753791884,98.96294655406038,48.358467285372996,93.85326363438648,34.772586220008314,104.34651330950754,400.16502782441586,39.5815683666479,128.68584736200143,187.76218907073076,147.87898089402753,64.10265801382154,40.38361976095387,29.27851361401137,102.34858918696212,214.0454218505038
2023-02-28,72.41240291985444,56.76909514508761,162.3868490544555,73.8115022090215,31.93773355010785,96.7647332346272,48.00506894861538,92.09748059365404,33.8365428817281,102.1298273423429,401.47171399846656,38.846946842922456,125.94664383536376,190.92631754821667,148.19542368384091,62.67691763143164,40.464471037122095,29.531391614413348,99.79245268291677,214.85049125460887
2023-03-01,71.2054319868343,54.79789315573754,158.80771965240385,74.39922079462907,31.792068795765765,93.202929123271,48.49588437783762,92.30494525124588,34.07803759607918,103.09287178860308,400.17608157225555,38.326311173956014,123.53964594094201,184.5728314555,147.6402176846395,61.504437570595876,39.966540493030195,29.229455955846763,99.48081101632202,217.9374692393788
2023-03-02,70.99137734757309,54.64082248561716,161.69725150835873,75.06550755203315,32.21245852269613,92.72817996035859,48.04354403480619,96.39382613166224,34.67172973162822,104.21675788408088,406.1758235715767,38.39622407017616,124.52012253153508,185.46370690468507,154.11745009112073,60.78394102615194,39.63929952049727,29.574508185214505,100.04934800156973,216.5708176863756
2023-03-03,70.62909771162903,55.155959892266836,163.50159388905982,73.97593024468837,32.73583415814389,93.57227226500633,48.35475420940525,95.48677006127919,34.35594778016031,103.6270280238942,400.83212458555874,37.098901224539716,125.72308779724634,187.37306412617608,151.01988160766396,60.9912239670071,39.344231671108695,29.760778201325017,101.65921253725567,220.75037092983519
2023-03-06,70.74974750285362,54.70786445513953,163.25680758583638,72.3077641947176,32.65436071166696,93.70371324521491,48.51993469174406,96.85071752028956,34.186245257409844,104.13436288944818,396.4826117441057,36.83231002807921,124.48720449880047,186.56027092522447,144.8920667246306,61.754272368297435,37.88855960815224,29.15612431548118,107.16596437363434,215.0084300711195
2023-03-07,68.22759690059233,54.345781934481465,163.0663495385159,70.39204978824421,32.73170318195602,89.34561670511707,47.75420853577102,95.80587189012064,33.70338409527884,102.39451649307375,394.7211703925132,36.44652437993736,122.37074682692322,184.12367380628226,140.40973730014377,60.93183580537852,38.259086045911644,29.13911279135721,105.31595895253115,218.23829466792307
2023-03-08,71.29404088392872,55.00197295077529,167.72173630769888,70.96091975910554,33.506606286191335,91.77021559171749,49.837398812255266,97.35373630467227,34.5081627449833,104.31950178446137,393.9721013900778,36.89637096344686,124.11943352584221,188.20318833164185,141.84749965739442,62.860906295875694,39.72794971938508,29.082980980758155,107.16845006797853,217.59501502242026
2023-03-09,70.63708147353232,55.09803490652841,165.85423157355882,69.29492180997569,33.3512663513206,92.56918573346175,49.362525424228764,95.64344072221212,33.75570181051847,105.39240630818642,385.8499867954056,36.94804098302617,122.26924389800135,190.97967809849385,139.63660046560182,61.76663046492808,39.2533717714129,29.735731570123022,105.60525932379812,223.13801939550854
2023-03-10,70.22510763401267,55.229114729245524,165.76719879477687,70.28086601677212,32.60991661841957,93.6989364032413,51.258799234957905,94.24686782174062,32.94277628584042,106.33513050153655,393.87068085811455,37.875944340622155,122.65773652011505,195.31873032149812,140.03617931827125,62.726930671653975,36.97537691860838,30.154705627744818,105.35879602265197,219.35619040846407
2023-03-13,69.99974462455465,54.69833411265676,161.39790302679225,68.21439883636279,31.80723076439613,90.18391208033255,50.013617133091785,92.33581273601982,32.50009793323288,104.32078228858737,383.6606974180394,38.13861143213806,122.45279128011528,191.04863417294746,137.66634185690626,60.8497997904842,36.15845484346903,29.49073486804026,103.91527022262827,219.14010113291636
2023-03-14,69.55958137724129,52.67077485223195,156.16803016175245,68.54076373104463,31.27900378817391,87.03913416944506,49.51116113900164,93.02565770468136,32.11830845152884,102.89167173895659,405.03150597893796,38.11614694069208,122.51350323845631,187.4068959131217,137.99258516775507,59.76740470958152,36.39769056978015,29.176780718837982,102.40338789507543,219.0096171285858
2023-03-15,70.14606298806294,53.01705356045076,155.15111775827071,68.40906641426946,31.563737956422518,88.92759769472717,49.112224229772536,91.90066371535164,31.856707912552732,101.36308288298689,408.44765274294974,37.68636259680987,120.15764511213571,187.24488260231266,141.4730900938557,59.832700125657624,36.017748900444175,29.090729201542512,101.71100040176752,213.2667101008384
2023-03-16,69.13523150204813,54.900076807201444,159.16704015281277,71.12941536322771,31.907733397472533,89.36288369996977,49.91488182569593,92.88499607805281,31.69594090411868,105.14831322089863,425.52472780407504,37.246011650783785,118.36031792333397,184.9926989865156,141.583600715183,58.963659700898916,36.45349887546803,29.227284676359687,102.23631776406947,210.20432171394788
2023-03-17,71.53322328792483,55.30218273424339,160.38365077712456,73.26475281200007,32.97220981157841,90.17241997905863,51.23809448438083,96.99836639830055,32.899316339022384,107.61306601527836,437.95957637127964,37.533301027155474,118.61249033989375,188.49322664504092,149.77336924275718,59.116061410047436,36.64950937408604,28.98637893184836,104.07517116410402,212.08603165226774
2023-03-20,70.38039304201192,54.11457658695032,160.03339901566957,71.81879073429447,32.3140704199368,88.39589176990076,50.46742996709598,96.54890238741424,32.83811166566857,109.21636482135904,416.0982912708721,36.629740889622795,115.66606073812123,182.80278825875376,146.6209318851799,59.80239989977826,35.97892956596069,28.0222324464538,102.71136017230369,212.58107993564732
2023-03-21,69.91228445560505,55.182697530673536,159.269120515381,72.83165466113502,31.89534071402157,88.2265025682042,50.22752163375066,93.4079710953252,32.99063969788745,106.1065017515983,396.86895232436615,36.503314586698146,114.58630423501836,184.5764085955447,142.8698123928113,59.57558415116252,36.501366580380235,27.77144256205697,101.61498199140507,212.95787087787662
2023-03-22,69.65407155410736,56.52034583681645,160.18757982706978,74.796462205425,32.26088533456992,88.00245149738261,50.435587602573264,91.02274399040475,34.18224187377042,107.54999067098262,408.61303011095737,37.5647612088983,116.18496445305401,185.14549022611897,145.67795391596445,61.35405837020534,37.100057133162835,27.605531140201848,101.19181277302462,212.70633521983436
2023-03-23,70.82790274535762,55.76151482000619,157.6228027843287,73.75775702760998,32.78316994299253,89.27206521568955,50.269193069801815,95.46550854403417,34.424144963789146,109.96157777880424,408.0125685775999,37.5091163307916,113.33931680329633,185.91547872288456,145.33643684031992,62.73649220011002,36.27173734960788,27.492296084705657,100.21440839782537,210.8843244239254
2023-03-24,69.64307145463114,56.25776011720745,158.6874601884968,73.20037907605402,31.94262086697934,86.2134700310709,49.188640086308354,93.42979022071826,33.82172513561137,107.85028433570253,398.511869165154,35.79537280024517,111.97542746394693,182.83288272482176,146.99382446325473,61.12748885061418,35.19457203962045,27.222924855879015,94.461169538332,207.70809733942545
2023-03-27,68.8176554391581,57.232577097156465,159.77338765590434,72.75737305379664,31.631216010244014,85.88121965429725,49.544042530288706,90.34325144548592,33.74412449330438,110.44254260337705,389.51285632802177,36.269579989640526,112.52052505091198,185.56080534491738,147.75939571576993,61.93204844247218,35.76261106658801,27.51444002949174,95.55483918720097,211.77145269505698
2023-03-28,68.91628978135486,57.7903810667728,162.4229696072069,73.28461266020697,32.01742128020673,85.49880451237212,49.72979884884553,91.11976774665631,34.86426696004469,110.70640164869008,384.2431073567894,38.042292893360745,111.2453323783116,185.75211126217653,148.67452687839813,61.465822713940945,36.77464903324647,27.685584458536557,96.19406424751587,216.85692086788015
2023-03-29,68.27393917850476,58.902449703130344,167.37733725069887,73.27459931035169,32.26079083513844,85.4949050483058,50.205241359988825,91.75477038184809,34.66628378627074,111.38667705527295,391.40834990463935,37.699445691314985,113.36102613062894,185.92859507688306,149.50536720136347,64.06086212924271,36.94151058881085,27.545180130224377,97.49788878112825,215.70256758116807
2023-03-30,70.39069066883339,59.33003513894693,173.52391191388435,72.86155455636232,32.24255150079823,86.40325646432865,50.034062740429654,97.23156727978245,33.807685720858466,112.50901897883904,377.0349976945948,38.00717131814932,115.06857751728514,188.71294862253046,145.43402511283793,66.27657566125556,37.353925541531204,26.783483917995245,99.64773064528804,215.91659773315956
2023-03-31,70.84811206291818,58.60581378215788,166.9882357769541,75.3061806651701,33.132351379198255,86.81657987002258,49.92294345497711,95.45887592540527,34.03952932702505,111.09462631236488,373.6896647614132,40.21190311470692,116.94257121793244,191.6225190381839,150.36958281404088,66.14927740801352,36.62142610874117,26.563297425505574,100.97028924476567,217.300895715799
2023-04-03,72.1489780139862,60.289628367992954,172.39995309411464,76.18105273406151,34.07904952664986,88.57998174087338,50.323427871173415,99.33549971052098,34.923645628306616,112.96947126141357,381.36781369208506,39.02413431592576,117.38761872285836,194.51407453097403,149.87152326609313,67.315702000242,37.56142841495441,26.537336345949093,101.89758064584107,225.25428492642146
2023-04-04,73.53123324116537,60.62401852131359,173.45397452894767,77.7134297317137,34.697549441607,89.8824052190949,50.415790242363165,102.84061865062716,35.304960466467755,112.07702421334646,400.2429630160046,38.16682114961402,120.7867620185857,199.69172829610434,149.249087895429,69.57500586578914,37.112344585771375,26.884561317250192,103.65279204934254,229.45010581459962
2023-04-05,73.39737728787624,62.2182887986282,169.41260970183276,79.14808032337874,35.00308367458926,89.41527981700733,50.67650495350573,104.16041993032033,35.35302621111994,114.99035781962418,407.8035265173652,38.34502812572671,123.2266957594868,203.19084031636874,149.117984981407,71.63891589065179,37.65922286277055,27.439634435440993,103.92359819954672,229.54045585896898
2023-04-06,75.19505168981085,61.78695126206676,171.2761090090719,84.48215553834505,35.89491570751038,89.79816367288215,49.83814541688886,104.04102630090452,36.09923105728346,117.46747716809739,399.3728597301453,38.97747510970482,124.15306989528182,204.3180806622608,150.5658497635914,71.42772051732278,37.51941803173355,27.773024415468594,107.99323186588698,227.69994982845984
2023-04-07,73.6097346226091,61.31449822771912,170.47770048860616,87.31555144292976,36.35663918161466,88.98476184066199,48.59831002372678,102.18381735582209,35.578803189575616,121.37407944114462,400.9638030515419,38.67186339132956,124.32833079906393,204.7579362014801,150.6996454177166,70.17057389123649,36.59079702952592,27.606969685074915,107.68362795943202,230.5055089533098
2023-04-10,72.3801949163908,60.570486386541525,171.35222697135782,81.56473900117739,35.83636396001275,88.16359284140265,47.501819080738784,99.64242191654955,34.55781305551679,121.55668878057641,397.9155920767973,38.43232046542899,120.20550215572773,200.88391492463725,145.8956068874437,68.71649419031777,36.884452218870344,27.00107254555219,107.50483107609513,231.63453492733225
2023-04-11,70.24907346972046,58.996019817833115,166.26225281072453,77.3939844051696,34.194680114038,84.97300963829004,45.26006614143413,99.7764831340771,32.823663896902254,116.58492278562527,393.7380089581349,37.04282457927874,116.08603517043913,191.52977617013403,141.46008559086843,67.46063153292666,35.57913577714225,26.133703383333145,106.33431053148301,226.30682327889826
2023-04-12,69.83166882805251,58.24614767412908,164.48044242776714,77.17891792668695,34.20342106471328,84.59774655391456,47.17525533413601,99.15490939151057,33.62974444242399,119.72703789367141,395.21255288361283,37.015855367613746,116.42928203355616,188.53604940999972,141.9078059556385,68.89897136480052,36.68930449942888,26.61359975495071,107.65166868981765,228.31424285824036
2023-04-13,68.89450416333152,56.57688043745713,162.53798426868926,77.73168468223143,34.47407379908104,81.02407225975671,46.77333147819045,99.37367104127628,32.35202249064523,118.82548292863775,394.61646182016847,37.18248406445795,115.26367566299227,189.52989578779315,141.37548168031276,70.86678675064532,36.22478946884358,26.531940724306697,109.39161982803526,223.25032205507884
2023-04-14,70.27661422547476,59.077796434203364,166.81464274986695,81.36915213000769,35.36290426564499,85.70152707706704,47.33319863407114,103.77020480811453,33.49507117388014,120.80196855293114,405.0462306225057,37.30628924381833,115.77633172647744,194.90562201620074,145.34892369099904,74.12795261537157,37.19684873711144,26.46466656478224,110.82850235884825,224.95300284623917
2023-04-17,71.30018821359549,58.49970042023367,169.29506687326912,80.96785121434034,36.265358800983016,85.8640626225756,47.71030024898447,107.36369093399854,33.67247617372974,125.44020945590164,409.1982291563297,37.70610744645024,116.93483618980225,194.05220004588648,143.1192322022792,74.21043853794791,36.471186347842476,26.766757372225662,108.8868500850775,227.16918038482143
2023-04-18,72.37931905373219,60.65382736500421,167.05246567808496,84.8110789390054,37.29894411577049,87.04890295281093,49.61695646473216,107.78280311289349,33.988113586365564,127.7720099896312,425.03189127682697,39.05355296231384,120.14463742732528,200.7666269784636,147.01655733773418,74.66854572923079,36.57200697957813,27.52423655652212,110.72879288272547,238.50833264496936
2023-04-19,73.84818572074613,59.62440537278848,161.94752207992016,81.92966531382687,37.19860168850971,86.42641037562944,47.80059074158087,106.82433142987449,34.367988826597625,127.44237466733684,424.97595077033793,38.090796050422284,120.24680252188463,201.13166770229134,141.83479699011102,74.55243358205102,35.7520693488411,28.138012947008306,106.32454979456774,236.66169876275234
2023-04-20,75.83485953585517,60.43681963958498,165.8617715239565,85.72267455275518,38.25840784349946,89.75870694883592,49.292161901135856,107.82933746106961,35.13646155236114,128.85250405331507,445.9328118570243,37.80104299473899,125.3324020009772,206.9100437107089,139.1957064412677,74.32651185059342,35.260751319942855,28.127793908110498,105.06572819980707,238.48175390477505
2023-04-21,75.20841297358413,59.00677878670705,161.7395123351231,88.65792415300533,38.309348598626755,87.78957254806679,48.281122070989625,106.20872334132497,34.958256825753416,132.28996070212875,447.15242365806756,38.01291063085155,126.0298129554619,204.38772287355962,139.33341111325288,76.49990363666537,35.252814743049235,28.38712388331815,104.09339187443557,238.4311137956319
2023-04-24,75.87115912809288,55.75192392959391,160.873224648373,86.91968425015926,36.864198487397125,89.36192829924485,46.66896390276089,107.25320141936233,34.35185469051315,132.8144834335703,436.65901692129614,37.77231341458811,128.02577121536052,203.17673823587398,138.87448642284699,73.82537226402495,35.55127468534857,28.177093182219135,106.2635898664927,238.0299918634254
2023-04-25,77.01827419521383,55.39922480097697,159.78754578046338,89.07069563196332,37.58317365746661,90.29079395828575,47.69381525288634,105.20272489433572,34.84616082554672,133.96221061703753,442.22958329678164,38.30415883447882,126.51409838658316,202.57284393980117,141.76777846010376,75.2413490109386,36.47482769371166,28.051175323809645,108.05899734046577,240.33949180082405
2023-04-26,78.20787417065573,55.962888332304864,163.9578635247232,91.26631544460187,38.91222175362305,87.74811825773139,47.507711332845496,108.72627679542468,34.39996195822121,136.59489197033008,440.67500383417956,40.14398188181436,126.79687310308533,207.3012800980295,144.71361152138914,75.73178018379274,36.50546649136171,27.585349763150496,111.71648619041554,243.20922020166148
2023-04-27,80.92249403417301,57.890039478973414,165.83912179915058,91.28657303504171,39.63365133173071,88.26836532988115,48.046567559330356,111.4259502245634,35.45303852414925,137.3668495584718,449.9868292089616,39.97463110471126,132.06545497496714,213.1764073003969,148.27858815393228,76.38369334178849,36.23671060826587,28.078464286151913,113.81223209704763,244.94447287722778
2023-04-28,78.86687481143966,55.89986390640326,158.7665198136945,89.24774926393792,38.62492777767509,86.82922070288772,47.62299667101591,106.59413673513171,33.322490027517475,131.40638181189968,417.9950682760799,39.116229955544476,126.91911306957047,207.071338269603,141.0213089989191,73.62509797282625,33.839213100682336,27.46331735668691,111.14499847661658,240.63383734846
2023-05-01,79.930959951948,56.143901772242565,163.2496263411806,88.03212579021275,39.28959522968026,85.90882711311603,47.962318503956595,107.2172946230436,32.6139775712524,132.73898235197484,412.7920060707697,38.76535708477057,124.79347298543223,207.28582402470903,142.31760371766396,73.12785551645506,32.246966628060584,27.46585910911075,112.51229815303519,241.88873459846118
2023-05-02,78.38514310358953,54.458492494731864,165.02714064235946,85.71119371750395,38.15929322207466,88.58779801435604,47.120988641843965,107.44937551305196,30.592868697624436,132.37327654075253,410.0917370794462,38.90494992415172,121.21453262201616,198.34619388542055,138.3818742703682,72.51128538067469,31.085292889053232,27.088012518558003,113.03927592214308,238.16496887477786
2023-05-03,77.82452875773126,54.4372904505185,161.41275569495326,85.35207958293975,37.44203106350892,87.13549057279332,44.77130436869704,104.6195408580319,29.837364307058586,126.9907330363866,402.5113784744779,37.39143309582026,120.53270029247541,192.92046845485586,136.8793587584793,71.68586860791636,31.25777492701868,26.342020178366546,111.47071004603883,235.42372121808594
2023-05-04,79.02708885155145,55.49995298225805,161.4537355647023,86.05473435172254,38.56868447820503,87.93476585463588,45.37705017175492,106.15078636781078,30.580672160562692,132.6315370609484,410.8048177347884,36.79865014256327,118.3596529480674,189.91157687281938,140.32828686298754,73.06768682074537,31.670645852691,26.45833057259551,115.98751634599316,244.98981020085284
2023-05-05,78.32171929025118,54.87571555762381,156.12996700855862,84.44716541463889,38.62198601464437,85.7683077671675,45.50445636232397,106.8573424901258,30.30789173923825,127.46950000757644,402.46936805127297,35.63345379911937,115.4781465963872,187.7830164614684,140.31964212902852,71.95286644777646,31.571277098116084,25.961552081987026,115.88215882804253,242.8697741661713
2023-05-08,78.63993014203982,54.181032834577145,155.42246776584318,84.28885436989025,38.282785749538284,85.82324856687096,46.21919328837382,106.36287515780296,29.50126032247371,133.6577107235267,406.6929136788416,35.48264930709873,113.99892224519984,185.92818826602937,138.54861677792476,70.02306600818662,30.277624196234985,27.059145034416286,119.72459028689532,243.96094452549687
2023-05-09,80.02725602485178,55.526670869306116,154.2527749215862,81.49314943084867,38.691000058763315,84.41158142049021,45.10255731782123,107.4077296898531,28.74015750685846,134.8065741359568,414.12594922788327,34.986659371405956,112.04245405319033,178.96367612754648,137.08972456569586,69.6558211811407,30.633299698871305,26.88215909412809,112.14114055295954,238.07006564560467
2023-05-10,80.85471982081937,55.09234905640039,159.94797222454736,81.23431668320052,38.853994559703246,85.20325375799716,44.230978940573344,106.34832700454523,28.848765247341564,134.13035002603755,412.3453379033117,35.96089826468544,115.95070038264456,176.7848756646458,136.5561916845308,70.44732279803797,31.840014240583155,26.745827885260944,111.6760841160209,238.24138054162117
2023-05-11,83.91737884450664,57.74317080590745,163.3641491267223,83.87949631694403,39.27874373990383,87.4430394154128,45.6831854038462,112.72265102866615,29.76383130352547,138.9549255223226,415.80464078443447,38.02443327069864,118.77642295005961,183.80677389919617,140.43094917167807,72.10691765304318,30.557770911851748,27.478134245109214,118.01959219849358,246.03880035278246
2023-05-12,82.7786649803726,57.71970443451879,165.26795761302265,82.1229789386469,39.678405040065776,89.64736319645063,45.09942645168536,111.04966972389269,29.267624111911903,139.58406286308286,413.5820604347264,38.16998423529808,118.31914943036087,184.0180370782409,139.69891180222547,69.26473825492747,30.491752918474248,27.40787436900998,122.64316597506269,242.94863203590677
2023-05-15,81.72267993460352,55.758550687846636,162.2062596482958,79.67728502102318,40.52310259617583,89.59653260999431,44.771579148212254,109.04688506429547,29.537871081899368,135.55488738050556,426.4727000731825,37.54349836638046,119.95177710963887,187.93199837448176,139.91619028006065,68.7462494171781,30.780309720993483,27.359594581005606,121.61100476015376,242.58198937635692
2023-05-16,82.4985722856345,56.07530711247911,159.83784866818445,80.56866490514342,40.626757879691475,92.80670021702736,45.315912073107285,106.14034252832003,29.900605653793612,134.10161827406867,413.26892578330404,37.44935621435561,120.73270514761685,187.66263031004652,137.9625249768945,69.20438571131136,30.806391458027644,26.805465430364844,120.05084405512875,242.54744157213963
2023-05-17,83.31620608896749,55.30565533710811,160.80355955458074,82.85324335242481,40.19400903376032,94.04660343123754,46.13153829031981,110.38361189839956,30.26266352151638,134.80782068925802,430.598505537161,37.49585043759006,121.79428628399596,191.890814428272,137.45611519489145,70.64460975354241,31.20564716052056,26.36511775463071,119.04296081815781,244.35751082432586
2023-05-18,81.31456051647628,55.47593906406845,163.28314653420256,82.96483276693561,40.23975206168186,92.7764699596245,45.51375500580443,115.85979227038597,30.770556004231132,137.08546766367607,426.98588724948246,37.55159225532185,119.70919326891116,197.97054287414818,135.69916014062306,69.95097943116977,31.227699966481662,27.1926202115942,115.40471363410191,252.57719832039442
2023-05-19,80.02577029948642,55.72130299176784,160.35164100627435,77.43803233152524,39.729536717566276,87.82582483078441,44.90755004278783,117.48398658845991,30.540737298841826,137.63773802152886,430.2772387065742,37.0736118040191,115.67083008403698,189.5433981636399,136.23985579524913,69.6092564633018,30.495238940487543,26.318240105155112,117.43229986846252,244.76311255047602
2023-05-22,80.2677681585831,55.851991273179756,157.51534924131934,76.49171190206539,39.66731080866051,91.44437084407737,44.959863176253286,121.24894004278299,30.506482054351995,137.95015973584756,437.9203423138345,37.09256071330533,117.30402156748589,190.32841614639327,138.2015784560469,70.61801008992497,30.910425751051513,26.90753186382778,116.48381166294425,245.3687981546432
2023-05-23,79.39675063994073,54.20852533816305,155.19781351180433,76.87799989929276,39.39824702275205,93.33033758972091,44.914417465380836,120.9425130884067,30.151867549923015,142.44157378848055,447.6013679202796,35.61193967003559,117.77124902934693,194.38143721095904,137.6221259014243,68.17432302781206,32.19818341650562,27.35397121476056,116.56974727372842,237.06189158707346
2023-05-24,77.64007008807368,53.55391728489306,151.02126547079976,77.57481304472707,39.2213129404396,95.18348996235842,45.23029343780172,123.82566378223714,29.43756362327692,141.46554380552817,429.6864398979832,36.18169776714269,120.62618570762766,192.26435802263498,133.75091379727192,68.55458409094872,32.35308861329584,26.58042483406764,113.74240824014306,234.81291395843527
2023-05-25,77.41636282487372,51.926100218897155,148.97603247228292,78.03787113169325,38.664799617497536,95.4506806466254,43.177432414240236,123.09161144254831,29.365923797998164,137.9561619861918,432.1696913299154,35.15633977059799,120.49136163972629,187.12414010079505,130.17362562688365,66.95153216634333,32.167017432836055,26.093773499570965,112.75175208208199,230.7667307640136
2023-05-26,76.96478487216574,52.17874505793504,152.294440276862,79.03540307757828,38.17294611691877,98.22648653574855,43.09486724224587,125.1041999941177,29.47300792819777,137.39914231771118,448.8391949383122,36.52695653516668,125.41852073199432,191.4169602895548,132.19378846982218,67.86855111206876,31.95675958782946,26.418620977837172,115.31487889672952,231.32160418423987
2023-05-29,77.96384894033248,52.00408972307756,155.68717105005518,81.64487096811291,37.495920058907686,100.52997303815111,42.0124199006735,126.46035139380687,29.383316774582017,138.30737369620607,447.30753478986014,37.12069257982109,125.0742209261324,191.50293749625592,134.60232895434385,65.858350738089,32.287316532050454,26.377223587601133,115.48924438112148,233.2127315480259
2023-05-30,81.56703752491865,52.325417042403224,158.11793751459237,84.5019843816032,37.62268787524411,101.78214101925634,42.78987430014029,131.47379051872366,29.313369884221427,136.37009318516644,446.4699314274353,37.26398726148835,124.54740038857089,192.152164257382,139.58464713543398,65.85997433627091,33.359285311237926,26.71294632037779,118.0084161471907,231.55248443671113
2023-05-31,83.58040885843795,54.30574609914641,157.39973721029355,87.99299539618674,37.3794038006651,105.4089391850295,44.08130074442321,132.0737640832739,30.14275495666486,137.0111391506115,440.2016326852465,38.18531400135648,124.68065963382855,197.5340897962366,142.01059183355443,67.02215611932868,33.95337121579291,27.255578873138273,120.88589935034057,239.52180348764946
2023-06-01,84.27565021248975,55.7716370120539,157.25120863608882,85.80542820830276,37.269328824814984,105.84125961159644,42.61974664244234,135.5930410781445,29.101571814897028,135.65840106361128,435.1811063231996,37.36219690420009,124.05715915389096,196.0850327524009,141.881155976684,66.66219779795736,33.63933135752322,27.555576915385423,114.82901870883981,241.03572611662625
2023-06-02,84.97078639466497,56.657527054451776,160.22881114784593,84.9816384268059,38.47295253658808,103.54946566898033,43.22037269401188,132.5357320341621,29.632206510291542,133.10577857925517,446.61947293583756,36.75070194528517,123.68767117633449,197.0051223841254,141.67092484164252,68.38910148665762,33.52140077741389,27.93116160855553,115.21990653619909,235.83133211156448
2023-06-05,85.6437008844046,56.77650716362448,164.81406781997333,84.63947044056154,39.42474177683212,104.44190461822707,43.76514422018174,135.26980923039596,29.966916845678956,135.28415389643098,453.0574906405424,36.784834219371234,124.72328906975203,199.54979708657712,141.34826997643952,67.58221936921863,32.94523011361272,28.01390965744487,116.63473721886606,233.464192677313
2023-06-06,83.92516626525399,57.174748873028314,165.489698317711,83.70499229949947,40.435840274331426,103.29591268770471,44.47828420995026,139.38170582517188,29.178553297531273,138.19424274279274,456.14627661706186,36.18102749013182,122.97748388308604,199.3217367138418,141.45119732171528,67.70731001613696,32.5239523073763,27.67303964586511,114.82361797204737,232.9634978325388
2023-06-07,83.83977024783731,58.31115957563482,162.73270594100458,83.72241898037136,41.1487348409028,101.81203834814701,43.73264346825013,144.10060160532126,28.92146532780854,138.24992450451447,456.57747838404777,35.53372469889057,120.64830377544936,197.85430371028673,140.54737496701196,68.36427689527302,32.681380591632525,27.278910431806707,113.0291022687498,228.29043835830223
2023-06-08,83.52405539673259,58.229903942860396,158.790229930145,80.27598091674972,41.873527114266885,102.31751874375323,44.502733405250694,144.17690768775415,28.556000793149188,135.39531634964578,454.72303816307965,34.158589707293885,123.11374436412238,196.3840313911058,140.26294602010321,69.07834306746969,32.6545876901836,27.154810975670646,115.67290907921686,227.8439736394115
2023-06-09,86.04931482765338,59.11162543527619,160.08195896782573,78.8913040692043,42.336744119481,100.41577924264594,43.7134872419302,144.90215776389766,28.255611468845284,139.4053366618659,452.3934755145245,33.4952495059596,124.17343686229283,197.9565770117669,138.759423384594,68.93239774573749,32.61975260670899,27.085765238994586,117.7226295251646,232.59987591092855
2023-06-12,88.59885482805622,60.09952741972658,158.02675503971756,79.78748700423154,41.873419318954745,103.49853761440022,43.582960927389095,153.33161538855265,27.971417090247865,141.16802419499078,460.80095570618795,32.85407726366418,125.68698502579737,199.39625971411056,142.0908288638787,67.74373131805703,31.600734144768136,27.763569758168433,119.63700880135647,237.4274522450638
2023-06-13,89.13281083317833,61.20733687545879,158.80746238368505,80.86625919227234,41.75415269604109,102.01261488893581,43.90076896714672,150.6817471788211,28.152213735997545,143.0768746485546,458.8010995728125,33.024327625355674,127.12923482858967,206.0426729800658,144.69654251349579,67.39784414668635,32.29907656098328,28.284240309286798,119.8258320207747,234.18803608763443
2023-06-14,88.3414985941906,59.032197437722715,161.80447172706496,81.42168281396884,41.927551698980366,102.65625197631181,43.453199211555,147.40110730100812,28.113276014804967,146.6155094910813,454.6845216598735,32.943618312889924,124.79516290407415,207.5709048721995,145.48319044025016,66.2896268118125,32.58760291712437,28.248748763821784,122.3377106689672,234.75237760325467
2023-06-15,87.98889674305693,58.796703254475425,164.95716326846627,82.43588008092043,41.371256141374836,101.1543518176089,42.99939661404356,145.92191671865626,28.14838550735957,149.35586337088932,460.05021074518146,32.89839331104583,127.62734120666663,207.8290949517128,144.7319377593341,64.87797133469527,32.13141189332245,27.94072159111716,125.01447314689631,235.12018839155857
2023-06-16,89.72022328159274,58.05167039602163,164.15454120987232,81.77790496318772,41.17866318012743,99.94924860125661,42.27561513459559,143.64640887374995,28.44864335866155,145.8514849871797,461.6278646968284,32.535876511483714,126.52034244428731,204.6983683408015,144.782248502642,68.31799887381322,31.13714243446535,27.249072165629983,125.68502159825827,234.35524226021712
2023-06-19,87.39650230111256,57.96085802064004,159.72283593127452,79.21229757298644,40.751288954843226,95.03064244752322,42.40305089128509,142.1889444536741,28.358568093134444,142.5470997735611,436.17660037371536,31.935944135313893,126.07055165614716,204.49702303272687,136.95389490703008,65.97191962013846,30.713934831666894,26.781809676827994,127.1238188122563,232.15900166895022
2023-06-20,87.87472410085333,56.94664731596593,160.44766360960065,78.83619165831767,40.10993664046203,95.3068341376864,40.44806882046678,137.25422323655195,28.87919161481593,142.12342424230437,425.93981188513993,30.96170465542627,122.4763969921723,205.4628161568647,134.85190099076218,64.81798516961558,31.379618954276296,26.761987405969798,127.85934514839383,230.02431043581208
2023-06-21,85.53619013386532,53.88305584779282,154.61323668607264,74.61934944518653,38.55315149074415,95.13885091747515,39.66083131443345,138.54140973942137,28.382815635737728,134.45605841496737,422.28337368806893,29.634135047909894,118.10141854372633,203.48784972487948,133.4459521049223,64.5981987927313,30.83222583636105,25.889000121797633,126.16916553253128,226.4964752730644
2023-06-22,88.5046145198071,53.4344078147501,154.57640704902803,73.65688167524607,39.5253865360306,97.15397028114256,41.600004980170425,138.66407140828548,28.579893768361668,136.35454170109122,432.07054247121613,29.72824098738527,118.42957172936782,204.31908948649635,134.1017174201175,64.0295391149397,31.022156289223364,26.909216060683427,125.46224412471024,232.1704560634895
2023-06-23,89.41291237174286,54.17582719226343,154.3469869290719,75.04624807435997,39.15264970699167,96.27154956888657,42.988613295661374,139.97351995153403,28.989841646568273,137.0439562805227,427.90884219135046,28.577387799275787,118.0830411173843,209.9606572156476,135.10037508526355,65.41263164453375,32.01235563635605,26.95931654198962,124.40145600196456,230.39428387591977
2023-06-26,87.74877841590069,56.19169432194692,158.30739602149853,74.61950202124918,38.94647949563351,99.13779178609869,42.53157807736563,141.01254393911165,29.02495866952526,137.39471698530178,437.961233378424,28.382346290521255,118.29850411139364,207.88439520137769,134.7936050303561,63.732275843817725,32.24270472077844,27.367843461393967,125.56270343146329,226.80819451644436
2023-06-27,85.36426773218413,57.16229238660418,156.32814239832126,73.44841888312682,38.462105530879654,99.49810058581588,41.78509864160857,138.55201809814727,29.15159835655109,131.85652173701288,440.7855759881375,28.428621079571595,115.5349878936563,197.0414643257436,132.52154774106103,62.21511458281854,31.240390240058368,27.023303363016684,121.27307282218813,224.25994781039603
2023-06-28,85.65193662123535,57.82827433124964,157.66698764097973,73.53243726010403,38.61982834494603,100.55183204068166,40.89983725280853,139.60024537097712,29.283408644183837,128.48887202926,430.09527451639383,28.852996258189396,114.31845589347252,201.84514928041796,131.71108920039737,60.37556654388181,31.37307971262408,27.355917158073773,122.29354136270592,224.19976156570928
2023-06-29,90.94270915536292,58.9132569061643,163.21749721937078,74.3771775364354,40.483767808066716,103.74432163839772,42.08014067530769,145.7202693114621,30.54800012460975,133.9460510481742,432.5200049607998,28.949337741848726,116.45847818871685,208.84573990845553,138.76444349386762,60.63312796007929,33.06845130855324,28.166616031663814,127.5732023476298,232.66294213796021
2023-06-30,92.13051768123532,59.838812096227855,161.98087138081598,74.47224316626738,40.2522840836729,107.07079267371691,41.86892430047956,144.24476809169843,30.193120202713473,136.46670908113046,440.8574518973582,28.815675509649598,117.46574983298686,210.9000194476167,139.90042071717903,62.23183586151623,32.38708540074507,28.08216682043598,128.27248740769852,233.4382082582191
2023-07-03,90.98191754367889,59.01266524914337,159.65500833124148,74.19680971719464,40.80065598492894,108.63536440174204,41.395778194997206,145.81355731363163,30.11348700623389,137.28309943542888,443.4426061176033,28.003506770767498,115.00370687958299,208.60748664296486,139.2056938828813,63.48870026809668,32.02830272947093,27.658106738414602,131.88907920579243,232.140445980638
2023-07-04,91.74980425278484,57.30886252062605,158.9827516954168,72.7251164848096,39.87574715265058,107.17387144047206,40.514627974425366,146.27100052879493,29.20583645491197,134.62705938578182,449.1968205671027,27.961888673232398,111.60724271580038,207.1057872840019,136.95024457300633,62.48363304886612,31.647559675131077,27.113115704176668,128.24990595246126,225.18088587909864
2023-07-05,94.66949774234531,58.5217874364834,158.89651198215986,73.78878576783181,40.272699042597345,107.18996541111972,42.00121948550694,146.17470866423255,29.639383983096476,134.5411074709779,447.52173603648214,27.795793549129943,113.38512842599627,212.16103130583724,142.6505869545096,64.33194600199062,31.903546508657733,27.86398713630855,134.17876750533236,227.38989797440973
2023-07-06,93.54265728813634,57.563729831118245,158.34149253754344,73.67111465620677,39.60788617846876,109.11629174597253,41.70765125579661,149.22529869985456,28.360419751301052,136.7523877933281,442.27395827782743,27.731252600661545,111.51200631704437,206.70944967795444,142.5767164658121,64.72560761366984,31.89059302795515,27.387455161943787,134.6153225641025,227.3853567929352
2023-07-07,96.20932077452602,59.139488400452485,160.3767683077822,71.04815610948108,39.34179459245206,108.29075934093846,41.2607924255883,150.47009188412989,28.055869865870186,136.18431302224602,420.0634837448461,27.545146132176992,109.00232764788085,203.86318553050614,141.7687303433703,63.601374109575474,30.75635079560417,26.290961355841546,134.091181576676,229.77803215780403
2023-07-10,93.79344547713339,58.22756994279474,157.14635190923977,66.20165678239083,37.83698552795939,107.81914407023784,41.72452541916287,151.00383182072827,27.418595799320702,132.30179053961928,429.7208736429495,27.07620195206199,109.35486683464588,201.24788654539879,140.44229455820593,64.80067943550765,30.010551072428257,25.680572520653655,131.5781888677712,221.3753945649169
2023-07-11,92.41726772361815,57.87503908602564,154.50936803734146,64.31783193747475,36.89794570056546,107.06127259125634,41.55647066629963,152.04206449829474,27.10467765949994,132.82998754747635,425.03962664028967,27.021841765512896,109.19937133346309,197.69446881948136,136.9306172685261,64.88938396543347,30.075070103463524,25.68869724838768,133.56666749482622,218.53859230333342
2023-07-12,94.49446436186965,58.19234258522075,158.9270946755366,67.33331484295837,36.89926499472648,108.23653692402448,41.14491045015961,149.8992315490051,26.835581110166157,133.97765891693425,432.59367064852,27.4167158325814,107.10999384734268,193.74293601559552,135.64843350049284,67.1153588909448,30.53092971981173,25.322315771217585,137.2608439806184,221.25823310828108
2023-07-13,91.52797627906472,59.7922641752176,156.9194374133336,67.66955535976714,35.9655378298746,108.4394705593602,40.6465173492407,150.5250980056615,27.23497755459174,132.26572443959665,428.03307503259526,27.596973067118018,109.88618933366061,191.73523621352265,134.14884589209743,66.34171855468807,30.909934581444872,25.439247139857255,136.3273876779089,224.3855585981103
2023-07-14,89.53154364490297,61.32055005754738,155.215523510479,64.8856376087241,36.396382924652336,106.95600971579755,40.48021938238025,151.66347438656678,27.428526746626694,133.63264161472318,421.2137250748782,27.017155558572448,111.60496899208958,192.13197737765606,133.2295827335204,66.69163393274634,30.274054790253782,26.003827548902283,138.6305210595201,228.20829723002745
2023-07-17,87.39569056191118,60.78502122833763,151.36230684143715,63.65646462895005,35.51989550526188,105.55889174322908,39.565529344364705,151.88823792496737,27.36405173672542,131.38338779135137,403.0898079001763,27.449804892468133,112.26496885526639,189.70148533522493,128.10814283963373,65.71567410196978,30.717696529621783,25.64778695864857,140.34624268944108,228.42463467698096
2023-07-18,89.47886380173281,59.555897924340876,150.85235279411827,63.386234261718215,35.51186795495441,108.73511416580703,39.01418531092712,158.42006157806472,27.069435918794138,132.49901829053536,402.3418018089845,27.39392714003201,111.68614221402788,188.53899215458685,127.75438583708289,65.5585043498377,29.919108339823786,25.355969488355402,140.25444950086714,225.205590065043
2023-07-19,89.25929768294415,59.61417709087453,151.4571800224267,65.30300850303416,36.114778589064194,109.73220419856075,37.99357400352412,163.88029188449968,27.588720003082,132.22326356591333,395.62786837332396,26.902148249877044,110.90032354280804,190.2154267070408,126.44519637165443,65.54594986001015,29.398804879120135,25.58173405780356,140.49575841444326,222.43029834313592
2023-07-20,88.68639455323128,62.29118426547745,153.11462752596543,66.8879928177708,36.997493145559915,111.07426790667053,38.549746173973226,159.705279482217,28.001154160096586,134.3953509264172,390.6113203665646,26.923634719722223,111.2952252664289,189.85850516409366,126.68482947861429,65.12662615317839,30.104467501388157,26.199335979693323,143.0826928347592,223.9418060087819
2023-07-21,85.8472509332257,60.036719328811735,155.6529500440641,65.42226349686716,36.85387057317605,110.97053522097741,37.147578482033865,155.67853799170496,27.186628516739162,135.17762454883362,396.41789328298375,26.066498855783067,110.10176224064901,191.0384552095633,126.22572660519884,64.28731390899523,29.431086403746775,25.908570226672058,141.99409332191667,222.22637898974105
2023-07-24,87.47282528895457,58.68302142498148,157.30558833891794,67.22688199558326,37.56062928891464,110.10647978443765,36.98771028521514,149.3255566901335,27.082156385595354,134.62425307090228,393.3588082349098,26.47123553131613,108.44997245696682,190.476633030377,128.24506000310046,63.00786816443037,28.181717219658257,26.561498143328297,138.4401288285811,219.19750925646701
2023-07-25,88.88360104710193,56.207493958458166,152.44690343400578,66.3047042206746,38.169618643011624,109.84194118229,36.94181983406641,149.4664151583405,26.34243789032633,133.99026593745816,369.3186604601195,25.576243368209838,110.33870150841352,189.45014359171842,128.2838629869766,62.99551310009148,27.58336718242852,26.794167548828092,134.39456446970613,219.74796979263704
2023-07-26,89.50103260785384,55.158795992147915,153.13704608408563,68.10118444944246,38.940742650158,111.77278693061614,36.84654599533638,157.64024960439093,26.44492419927304,132.7571799553081,386.04550618870365,25.792686488716566,110.0800398259844,188.96155756095203,129.28365230143913,65.02164070040229,27.735716089538826,27.06111785614626,137.10611869165447,212.21461853700245
2023-07-27,89.51310381865306,57.58484364303082,156.36358354725508,69.81369967523702,40.0119649560207,113.61708102659742,37.62968309326195,158.63560731174715,26.368229745599038,130.59786619465234,392.1297377238318,27.278969697221715,110.59247412983952,188.63221733198318,133.53298101452867,64.90030275529082,27.429233879226974,27.807768257222513,138.24815664566637,214.5030153584835
2023-07-28,89.66690851689509,57.525913289632406,158.07171979090842,68.84776081747293,40.40291642727777,116.65799038862836,38.072372654090394,157.32037304834068,26.96201690267692,131.23299047037955,396.2448718821462,27.53308132959057,112.98340461744664,187.35328873117143,133.89539371959694,67.30316458991665,28.232574356380578,28.229553031366372,141.992824237334,218.60158056177113
2023-07-31,89.88914513501852,57.879577479031205,157.45293417224573,72.47067110822141,41.21236965620379,120.44073920491198,37.88723232015666,163.62773964845297,27.099251682783734,137.2002668149729,396.4715990406457,26.87069551382458,111.3174512618444,191.4692996871697,134.27167466104956,66.8355076814425,27.31695095924026,28.64262242487629,141.18929274307,216.74759447658596
2023-08-01,88.06297102336794,57.97524763366608,159.43635455304576,74.04144728030846,41.66490460607893,119.45273582206084,38.079603489928715,169.1221123513093,27.04716246391914,137.09660948499274,409.52548511001254,27.530485604196674,110.34425671677684,192.25504595841105,141.02291448076306,65.52356424509576,27.529069448085796,28.79392914616643,142.19755579931305,220.77606484950567
2023-08-02,85.79917536199889,59.25783658102328,161.7862361263529,73.54424457647546,41.0003329087178,118.66230370190709,38.60146764349677,172.9872554894777,26.088130973538167,135.38873106147642,427.778225933199,28.068893349445894,110.43468557646673,197.0794250645724,142.77054161863455,66.91159400372696,28.681605913140675,28.75670428945711,141.2579246575829,222.38328554882943
2023-08-03,89.61268860223066,58.8935748414119,159.89251971011097,74.74289168919947,41.38680504146836,120.36621753596471,38.51797522419184,172.72355208276346,26.475118482779763,138.01618314713002,427.90678690814053,28.53910547987398,110.2753046763956,201.39293834821845,145.72097340443935,68.8300805157776,29.584561632419298,28.963818205669295,139.76828611665536,223.89847592975627
2023-08-04,88.73469511469004,58.330619456141704,156.73040515264864,74.31323378928133,40.05818919637902,123.56531887889635,37.82457765859162,174.5489821812337,26.063053341302087,135.36784088190677,424.1186841243069,28.1541335391575,109.21791681013438,200.54313887076444,146.6509352486949,68.64056559935779,28.732066423086007,29.055805319370897,137.76229184621388,226.73987885114732
2023-08-07,87.65832253907567,56.37758070993444,156.60728396402266,76.14000074465737,39.326149585866226,122.19894025143536,37.03875547880312,180.77077051517884,25.64022023183321,132.8713496405623,419.132997002942,27.57208184312114,108.0670263074466,197.1336090046412,142.1563871258581,69.36678995458755,28.767213260879473,28.76392410841714,136.8718090451335,224.0148636080609
2023-08-08,87.10698938289183,55.22235202073079,156.44504196597646,73.96911803108455,38.07470560447755,120.12939049232153,36.67013873598599,175.84348331627447,25.370763172670564,131.10204342574548,419.7185358613996,27.39658694730769,104.25260407073563,194.10077032799578,138.72828931392218,66.9538425478547,28.377052740349384,28.6029512350291,133.19450179451636,221.16901563431398
2023-08-09,87.46961209216694,56.05173092573285,154.95177912051577,76.46113478713663,38.41076329323419,120.76552527467891,36.50241225699295,175.12494259187923,25.56113460246956,133.0121568941942,428.2084309289727,27.332956317859995,104.36444487420857,195.96132852367484,139.60513445633342,68.06862017717715,28.159720102252123,28.234696102074725,135.3610296521112,225.17610806218877
2023-08-10,87.44494595974415,57.59395555214666,156.3432465462261,78.72679487542057,39.64247642979406,121.78187897092403,36.51226178466109,171.9928330512186,25.825079156544998,137.67761286612048,434.62817844705285,28.128069483987037,103.66427683057026,198.0612793696613,139.25044704700744,67.39033589467536,27.430214422844077,28.565163638722133,138.77067407389586,223.00184691623207
2023-08-11,87.83776094659048,56.22632068064578,157.41953258479973,78.61558271463839,39.21837107938373,121.73975934587533,37.29601297096631,166.39025374096735,25.826014942392607,135.97724919228415,439.9847603595916,28.768437487035808,108.30067729505254,198.27618170639266,140.22016671343124,69.86744033260045,27.905532985852513,28.535519420021874,138.36917173143317,220.23313675480924
2023-08-14,87.20768129202237,56.299435813364234,158.61279991150332,76.25070840836158,38.11870048127931,118.43434144249407,37.671673364834504,170.55549260149056,25.001576001421036,136.26951263020752,428.13516736449924,29.476939640823208,107.45206296880733,193.86074038405533,140.52577472548344,71.91036946503374,26.922662900259706,28.80123278972873,140.1975898157956,217.42431330751646
2023-08-15,86.14051302532006,54.42321512074966,154.03707116135516,77.02390511587411,37.31562384248959,116.1374041355812,38.50397575221976,169.56809375561494,25.19216205906384,133.69009658871366,417.96466780005807,29.35174138966243,107.70145038333744,192.46939091114783,142.74579498325502,70.21320341600783,25.98824243904899,28.139905321251327,141.94552034235534,216.91580647960637
2023-08-16,85.58509960291269,55.141211536705924,155.88300823845216,76.14879426286461,37.25219779702129,113.30038251187115,38.89016408008902,169.81400627188938,25.77317754997278,132.8284794741814,414.56878995058594,29.17897714672039,105.98436233044892,190.41034456295606,141.88974364344276,68.31531731426774,25.249391852711533,28.30719983593928,143.21589259803022,215.87887166654392
2023-08-17,86.35577594378263,55.9255163961612,160.2794767745368,78.89349425368778,37.733057779312084,115.4838546579585,39.21969103026651,166.28915351366805,26.62112243679892,137.16638016615673,433.36904806500684,29.139118406618657,103.02930604559403,194.0130691176247,141.98304267555923,68.6217017094428,25.65041661848845,28.392294400902298,146.6435821073099,210.82697045797292
2023-08-18,86.14776810181867,55.813143668697414,164.22731498587913,81.12381341667363,39.664846304268174,116.18385577992171,40.79154943740119,165.3309220958161,27.318563257382767,138.74081539361669,432.70897331802286,29.030665632138504,103.2258838485112,199.7267260052218,141.87524500787566,68.79012770433751,25.51951583259455,28.522844486426337,150.04859445764652,213.16470289985472
2023-08-21,86.75084959038755,55.19752499046436,167.07215409746664,80.89996087389575,40.29755818264034,112.16611801751911,41.358436892052595,167.58447084900018,27.597935646230283,137.94580623013553,414.2734107943696,28.468810502590323,104.32929959263608,199.23732547401886,140.97999587071266,68.749970907701,25.570661033546735,28.283210878274428,154.79835574730228,212.9548205761216
2023-08-22,87.66867308641999,56.18525897112135,165.8499866081308,79.8998088700143,41.360670788775515,115.23023487030801,41.78227834454186,170.2916726602263,27.79708172462489,142.71914164422597,414.4849499541022,28.422683643515683,102.77430072879616,199.01916199317125,142.1464773038898,69.0446088917897,25.92632013697767,28.847525375485773,152.6872650369526,211.58669995701015
2023-08-23,90.35226773024958,56.15784517213224,171.5231169434027,81.80405995730571,41.00996540044197,116.53537391897949,41.529232680694236,172.69341062156772,27.549484476335536,141.55782526696882,434.35790639354275,28.728168195520258,103.23252479510204,199.21680077179232,142.90040870522793,68.98248655528901,25.556751526094192,29.115073182139373,156.68194620190565,211.3550638600408
2023-08-24,90.92406224318852,55.40388408951399,171.78266148597143,79.33388072259709,40.69701826611248,119.84966570412912,41.04536031700248,171.84329599208908,26.639169910660158,140.65528818182526,432.35177079928985,28.35241065663347,104.44705314781869,195.12523298488253,138.85960612156856,69.48390291042936,25.930265162057374,29.187470100544026,157.80702915063245,207.82479499780104
2023-08-25,89.89036074742249,56.62167415104318,168.12361299119368,79.38013778430208,41.05001540613055,118.69660796254979,41.12272285950317,173.08645881618926,26.165979623502643,137.92126471902822,437.3603526498456,28.2832430829827,103.80677686999024,194.9533689281073,137.53045015034616,68.73860191923953,25.328085843647973,28.77320132837435,157.36976909941575,207.77357124916506
2023-08-28,88.85487315500666,55.60940077087293,170.6024451754059,76.87613784626222,41.542088459759334,116.25658888432618,41.567119593041404,170.75390219958555,26.497079805656433,139.13966350088432,435.9413389058046,28.240866450762194,107.16373055209345,193.5983840758525,137.41875781935775,69.96352647397391,25.40104436982572,29.024262793034328,152.75071021094573,209.0915817217425
2023-08-29,87.81824880100264,55.11520768651927,166.7517061182366,75.37466252768937,40.73371287914321,113.95091332844599,40.883805539306294,172.46012611278653,26.422021464230284,137.86604946772914,433.9332665665064,27.30963925951453,106.08144510362935,194.04445231302049,136.84674791414525,70.64772452053673,24.72931418829244,28.729995604314,150.30772547206854,212.72209604744444
2023-08-30,87.83077722193997,54.49684726194682,165.00402943199418,74.91609745222983,39.89814160612625,110.02028805515864,39.84354846045197,171.3035094972929,26.20725750051052,136.0692354081692,406.5950944837123,26.308961967898618,103.94901780500946,187.89892697423147,134.12380827382236,66.39014240907066,24.00242450587085,28.542285162472528,149.51381680512944,213.61453024153215
2023-08-31,87.94073525517778,55.583778719151894,167.41845466322263,75.23884086874966,39.7649125050119,113.20224065586322,39.97002108450914,179.40415695978905,26.11625465354902,137.81168636528577,406.951107285471,26.553588044147276,104.13979225218199,186.1268508199215,135.38426365248944,66.19446026696119,24.090385821759117,28.75207664825148,149.9709147770109,213.62290110220846
2023-09-01,87.84816417394514,55.89187246908882,171.10471074135614,75.86242416910858,40.89817766909479,115.83645265870234,41.4354593986195,172.6763869752462,26.73089260666957,137.46937846266695,418.20717713368873,26.76493745462011,106.19324953336564,187.3690243332602,135.73097446265666,67.505275668194,24.777105044327513,28.535048311135103,152.74810087425539,214.45060470792788
2023-09-04,90.10348446627053,55.877668348849724,171.08321464070193,76.15599634388094,41.27612257137961,117.93151464777323,42.13865983870757,175.35914488941248,26.905214596055817,140.15354460155717,423.61620800288347,26.54056602531841,105.01600651204835,190.61088769316578,138.72053526826122,71.52446305950026,24.95738855016357,28.992594058073816,158.2049972364223,219.11264239948355
2023-09-05,88.44422289800754,55.01616554433023,167.2853766325964,74.57530561324404,41.37597415919398,119.72775175508154,42.18700067109622,175.1311455013021,26.445692741720876,137.52813494942504,408.9597403762202,26.330792803020742,105.8199146176585,189.31399523970046,137.86756653840658,72.20629620240173,25.05336985012815,28.391447244436815,160.15123442906824,217.0543355562426
2023-09-06,89.54087562768305,54.73380896577588,163.9195884533713,76.30748794090131,40.58808604554735,120.07452668733491,41.52842683762192,175.27860860188414,26.74526582809031,137.83465941809573,420.9029419479638,25.911923445479168,104.27089913490724,186.30364779067784,136.59083330263482,71.72337473736792,24.607327297213605,30.017901094083495,163.10746320133308,221.83819737023924
2023-09-07,90.29984915490192,55.43151269332488,163.32850790068917,76.99571269623554,40.783307141014404,123.7397569652483,40.95426556171697,172.10751343209287,27.132737324881404,136.66670513141966,421.5841094753529,26.39405363185194,106.1521014312358,189.75433029642494,138.4511557448101,72.07889364545487,25.317972590968328,30.003565364736204,161.16754329453087,220.14278990256867
2023-09-08,91.3773463289952,56.34905686976689,162.26913761504392,76.97287749843443,40.60228503447726,121.70945190790965,41.18530452923129,176.14454479364758,26.942635877550806,133.78752530720354,424.6904175762611,25.72773199348893,105.33450520042472,191.35962574480624,138.15262784776033,74.39349581649353,25.539302948974548,30.135568519737472,158.7614973702658,217.4305326732363
2023-09-11,91.19974164957418,55.09533211469452,162.42203616634086,74.81680385538732,40.37309394476578,123.81721271471217,40.99722746108836,176.35754717706905,26.757028228025828,133.5574615349786,406.2034812587303,25.989333397556504,104.65975479457609,186.1322069765381,139.66935613879255,72.61736113143115,25.273669054296864,31.224962398922816,155.81920318214543,212.33169228552154
2023-09-12,92.90750843782958,56.684964063862274,161.59862728580288,72.57415099497968,40.86652012413866,124.09418317625777,41.33431646415324,174.11006373409944,27.066835497123513,132.4912739469211,402.8446505290202,26.503199988647296,104.57195805065831,185.7572286541616,144.25272937945303,75.93035989840378,25.25310102233241,30.93799888818331,158.30003448235618,205.22907936441496
2023-09-13,93.22485762198167,56.51532096702573,169.83123063089067,74.14661366962997,40.9490526203931,127.04190166924779,40.536208749822976,169.55844527752024,27.46984946302211,129.1117236668942,411.7586236917177,26.68651762648207,106.02521164830404,184.36803234483372,144.5738532981938,77.02191023404255,25.066061588269033,31.068233236600523,162.85269532667294,203.56891825665753
2023-09-14,94.44905707825092,56.90701163377034,167.5982858594592,73.6358822339347,41.10097667426281,128.16523765429704,40.49274078754043,170.9389416584125,27.669798524155397,134.33319237509727,424.588881547673,26.5477148821543,106.94553887273148,188.2938862325833,146.90259533656024,79.02602197010188,24.953285156162185,30.67802504911996,158.0278091603213,199.2016439491048
2023-09-15,92.5174310075389,55.21055764877041,163.35854968402768,69.21099537193135,39.62357693066835,130.28270931181157,38.33715330949979,170.73332784085565,27.35703824129436,131.83238219409787,423.34189465789973,26.394221451796504,109.6828730865519,185.8047474743291,141.63167682239532,77.32763250484794,24.407277047093835,30.091588349644802,156.3263986049896,201.968309182345
2023-09-18,91.45244346478768,53.70443468845831,166.65004576968238,70.4812162461408,39.08578100008148,130.9778911602928,37.77790044957035,172.14314310620037,27.011206678958256,129.39082493397117,418.1269799276802,26.212737059076964,107.53210168844193,186.37176861268975,142.1159312756661,78.72370474836521,23.886015164028063,29.86201414627283,154.51168132523404,200.8984044083954
2023-09-19,90.23843670727624,53.442028791358574,172.11932101255147,72.1494715916359,38.28459871473601,131.6205189609696,37.340976171579776,171.54803987921525,26.16123553059344,128.4789384784284,419.4543789415317,25.893581588058737,108.75004662703289,189.1379811826746,141.0219353474616,77.77145310304287,24.098030512519127,29.842951661250055,156.06428875873894,204.0766983314199
2023-09-20,88.53667944897144,51.31810878546507,166.99468300249757,71.50168641436096,37.09374358137395,129.0371892957012,36.81384731927874,171.10441700437502,25.63242511039709,124.95608565207725,406.14039508357854,25.865393648635703,104.68052778133168,186.82108494074106,139.7490838241796,77.3891291927414,23.26875788192094,29.61166866887361,149.03533906159825,200.7928638135652
2023-09-21,90.0540568591225,50.828248471304796,168.9204635168545,70.74963040991538,37.543653432013635,129.40151546995972,36.4544732632171,167.30007884605064,26.0671016200361,123.85964981602251,406.2230039604011,26.12027178779061,105.37944582870364,186.93579568464315,139.34529879886398,78.12210906084128,23.556549443087608,29.168029304847593,153.4466813549498,205.97326557032062
2023-09-22,92.08319165978139,52.801847033125114,176.9418786596821,71.29988936858291,38.49392094191217,132.5248880841167,37.829307993640306,174.09226688120143,26.439979368163634,126.49127185218943,417.6771061778441,26.838274992821944,107.83174458099681,187.68729295971076,141.38032855430072,80.73914343546699,24.37990579388482,29.65944321407067,150.7342347821848,207.34927523482634
2023-09-25,90.3715068891185,52.522917793548444,173.211525806967,70.97598162617739,37.55291093041685,130.2438052791566,37.0078127013165,165.96770944522592,26.358447406823498,119.90422815774532,421.5266977976183,26.41552520109921,104.01253538364423,185.68530599728072,135.7670389720258,77.40976747587187,24.415046854732488,28.555008186060686,144.31994122709978,200.45681149020083
2023-09-26,92.68511242563471,53.686589142585674,171.92432372665183,73.22627983808731,38.331154003571825,130.59742171595906,36.188954029924815,166.27044306851715,26.449086096547965,121.96282940541859,418.0573583631872,27.157527271512684,105.94360751459479,185.07412870520375,139.79195434110989,79.58282016004824,24.167220432081564,29.259276902697763,150.67485164040883,205.37763718915696
2023-09-27,91.54150690802302,53.85377637164381,170.2232704374655,72.46720585130771,38.60561472701336,130.33747973644992,36.50554528950138,159.86736076558026,26.61959722118103,120.87325090167074,429.2893831581648,27.77649461359711,103.43348419535951,184.9565795466177,138.0540734728266,79.4571136724158,23.858936956006723,28.925243239808143,147.28030728399764,202.7823537688449
2023-09-28,92.49610048256294,54.40074407878554,173.67106902388102,73.76526579821255,38.506221338953964,131.36971815236564,37.58570134560638,165.89484243954334,26.802571882767136,123.74989889693501,427.94485521596,27.34711257295201,105.00765209852975,191.45175844593248,139.84519143387107,78.97706978563431,24.22114357302642,28.956822439742233,147.23295886286675,205.3728670442052
2023-09-29,94.01801947418232,55.80109939824747,175.91905020393438,75.27602586125434,38.917963174980365,134.23770969492705,38.562907845360925,167.39251176204354,26.801745434510295,125.61977808432816,409.4657992662855,27.511285167196608,105.15940867791866,192.05396681177172,142.0558342604102,79.88176536907142,24.459168083918925,29.073413763964588,143.21616591708244,210.58805821301996
2023-10-02,93.93091504626595,56.35622302866026,175.5001741431218,71.2884619057846,38.392441551536066,134.08656629150218,38.93141614250316,161.94294426868348,26.54289006893084,123.2848385806319,411.0632866107913,27.18771913451279,103.17595471122326,188.32136333465678,141.63382270150106,79.52552143586632,24.62900244962792,29.41822951503437,143.86877964976,207.366419850022
2023-10-03,93.02223806022315,55.68280841885044,172.93741392444647,70.9835197559604,38.615345320731514,133.58566251817362,39.28101120778144,160.2947095840753,26.487472815793403,120.17898116982593,416.2343554405203,27.822877256435905,104.29915117566603,185.7742087452569,140.7638656568431,79.1173134204267,24.95856107594533,28.925604202068744,145.76294550578908,207.22534315905204
2023-10-04,90.67912998517933,56.008493517068075,173.8106618556863,69.7654339986687,38.65416801056053,134.22076549942693,39.546112315085104,159.72062899742528,26.745112258165474,122.07777618450027,413.67008437935635,28.430566280901683,103.63271984669102,184.20146495786048,144.30092799165257,79.32174977854892,24.90861964526421,28.938884801559126,140.2605665720996,203.06395164599428
2023-10-05,91.1729933987986,56.035636482782536,173.46219171107148,68.02425529288008,39.393846067816916,134.00548703428902,40.62617863802139,156.22858199740978,26.53724240940781,117.87793435248747,423.4259629810883,27.829298742146136,102.9595880623719,182.3017761484498,143.7600395115095,78.13885361844,25.957101826383965,29.131090664438677,137.78730661173734,203.76167951979636
2023-10-06,92.61713968427937,55.02474774713247,170.828336420556,69.36581817573563,38.94155591473571,132.20995026535368,39.58454066582403,150.2786901999047,26.934246662634717,115.85886163114138,432.3204972470326,28.479666814476847,103.76835937261434,179.38037605513975,143.30615407573976,77.67219664710471,25.664996693533563,28.51656303686963,136.28641688800445,203.57227260138512
2023-10-09,95.44756206771376,56.33235444578262,172.0811777504788,71.99484189470286,39.75310709059716,133.58506705486448,40.151378022744844,156.2020520527349,27.150260892121334,121.09803710954908,434.0126483915343,29.167069553887448,104.42758179681543,183.50010324095243,148.51606128838188,77.09571633487468,26.809316137521098,28.503640145853225,139.59762914887602,207.55206033631393
2023-10-10,96.68052919530025,56.98736156501494,171.2472696771258,71.03223514802015,41.11262744767183,134.58320883850934,41.64692772048792,159.3851260992397,27.278294918780194,120.89577140682155,441.96330108765324,28.660768392964908,106.13538521551759,187.3888405915689,150.59962451868665,79.83512291730511,26.96959475248669,29.02340717670681,140.34779602155461,209.4989306208815
2023-10-11,97.38255600820966,56.9082783885978,172.38018758983767,69.86747198864519,41.39374279107021,135.33525310538974,41.005609675185084,159.6780688407059,28.27780803560117,119.87410983161713,430.2833615399248,29.056159100757295,102.98107339262343,188.35536612483298,152.44753687299794,80.0776821493855,26.337171831103245,28.653818033780365,139.95229481803153,208.8517722879392
2023-10-12,98.16615211101916,55.0961528879153,169.51954848902864,69.59637991213071,41.59565980330256,141.54137018183866,41.33522288444997,161.15110156445056,28.18438866418347,118.56827948670079,445.1690175674752,29.434491849646733,105.51968184937876,191.38103435144515,148.1166085147927,80.20513779947485,26.96855134326609,29.11870623421433,140.23526048065935,211.56875921711722
2023-10-13,95.11202139364485,53.14047912384988,165.51892217825872,68.91922666467923,39.795995531021305,138.15590933519655,40.38271176190209,155.10675935000106,27.69929599580288,114.54330244617846,434.3655620729405,27.701783419447082,101.21150339496157,185.6277654360794,145.73269335717455,80.14958501974023,27.069880874288174,28.209232892511828,135.24890169342765,205.5099965256499
2023-10-16,94.87814579108837,54.600714638417514,168.3059524215462,68.49665841163504,40.02605206989225,135.65259328805203,41.16902545628148,161.47551284929807,28.003899475893057,113.90417891881016,424.8239690936077,28.01729708088901,100.67854569301035,188.10906741010095,149.52451678721295,80.73262548073636,27.405056244933363,28.493523639987412,138.82644505156475,204.8285233663788
2023-10-17,94.82032938400859,56.159256386402895,164.05113961340203,70.949841809445,40.61072291145721,145.9761939403124,41.303318955175776,164.21063819758498,27.966360608510563,114.24557987813662,425.79538301802717,29.41787784354897,101.45434176739519,190.30033252051504,148.51707611950013,83.8781191703749,28.185522292757202,28.441877879635932,136.98342323243648,206.10331251512093
2023-10-18,97.76126539084191,55.68541386925764,166.7819703371575,68.62265986162723,40.43956998764103,142.5740527952644,41.586541525456546,172.8334431872106,27.321484756206427,114.12200498521871,434.98997744263596,30.293905239341765,100.47803711960837,193.39155729543384,149.87332227922172,82.00264801575621,27.817191446203964,28.185403588174715,140.31560364899596,204.98350555831124
2023-10-19,97.16393880352616,56.007693683918504,171.8212873773597,68.28373739521766,41.33640189987166,140.42847263954735,42.95288083448307,177.5930694995145,26.690723991377762,115.78167171644392,429.3015666370239,30.58837893024665,98.77720974129065,196.82466329765793,159.23494469475992,82.55494277421415,28.28940524697424,28.195542762251726,138.90788139839907,203.4573803218676
2023-10-20,97.39401621505725,56.030151184176134,168.74556893226412,69.07662682799553,41.67543741770489,143.3735442811209,42.572121412140675,174.78500249735103,26.009141033758272,116.36212807188211,404.21280608945943,31.4987418259775,100.53867298295235,192.58670949886871,160.16071156970247,79.01424832838741,27.35319466596042,28.447957589923472,136.94800383861676,204.03857326762235
2023-10-23,98.04714185238122,56.70664249659493,169.14441125632217,68.28344047990863,42.58065512594272,145.04578057551305,44.02379021002377,178.3823234744014,26.347327361261122,117.45309875909923,392.5328744167055,31.981203939848264,103.38943548750066,195.02051551856357,161.35037820472277,82.44487677884185,26.71149652179953,28.3759012379019,138.11110292776522,203.79514134574683
2023-10-24,95.70406933018187,56.35669942636013,168.78090327144542,67.80612248106307,42.51701296974717,144.78413438080244,42.923883020001355,169.32507790958326,25.97691022120977,115.93170999092186,384.32657687615244,32.02177384047059,100.71571465081226,197.14125265121208,164.78684088833077,82.4564654224183,27.17894752347815,27.68366466253254,140.13977368981952,200.17544558934634
2023-10-25,96.68821348040724,57.32810234781399,170.95170872472863,67.35044763261502,43.197960695146016,142.9408529327338,42.728644472354276,166.0618896394208,26.279352894200922,116.58488500869456,385.8611591632243,31.103416920946948,97.21405547448079,197.5978678487985,166.91299715397196,81.08618000924777,27.020445227598557,27.364524435844938,143.79866347996497,203.3102989350575
2023-10-26,97.16349433785383,59.65042375699596,175.69100926150506,65.50031559734423,43.15018196790847,144.17322847281667,41.944398811240525,168.999863681101,26.090042365250486,113.00223131283711,401.3440531601815,30.168872480970474,95.47983620066422,193.46773690814996,166.19079328149334,79.30860414791694,27.11589889005717,26.655226577192018,141.49881019896137,193.9343076500596
2023-10-27,97.42411511494761,57.28715414513377,177.33891398635416,63.22420692498151,42.107709622326915,141.5070044917376,41.01336819382116,168.31269094667965,25.931225896850922,113.58768762760468,405.35823613124006,29.57081827693464,94.62545926262354,191.86674384820608,161.28206497219057,79.41179729708773,27.2619047879712,26.11898719358188,136.55134741073064,189.8577616769938
2023-10-30,98.03413869145226,58.24533008759829,179.9915021579443,64.40141341959992,42.50956986781736,145.46828253146916,41.03931523241832,163.75150819977222,25.7521794983518,113.42442353041535,409.21601474516433,29.577222659456183,96.11645737389136,191.60297560692624,162.2290968984703,78.62197762086686,27.800655958772076,26.748236820242987,138.48192109681554,193.79784192713916
2023-10-31,99.28193427784441,59.20860357562914,183.01370284944278,65.80441728139944,43.65253524276256,145.4038977523606,41.890940216615,165.14976129156966,26.325191263094833,112.5668698541335,406.2126557964853,29.769958322009263,97.62710026829117,193.49885434020084,165.8321713593932,81.60114339930107,27.621425965964736,26.691001019293044,139.27689830673515,199.380918795844
2023-11-01,99.00600954729462,60.54064078870461,187.04147093811676,66.61098140639628,44.880649491744514,147.83236152888853,41.82718769417603,159.83529692797046,26.09371624523554,112.6401767797868,403.8348822134447,30.83415062698536,98.71779364490499,198.40994514867475,165.61405010834216,83.83434973001505,27.333784820566994,27.278557587014646,139.78850897571618,204.69350319922845
2023-11-02,100.45774147927659,60.29743007143766,181.7720535938671,63.69223347713893,45.211610251559435,142.4036101091041,42.23029267044612,155.54100939957954,25.369452724823947,115.2512697038151,397.5555177425128,29.476119842901618,97.55845491833125,197.39230945530613,164.16772792962814,84.97837390294399,26.32450407957528,26.962771940121474,141.06975699203332,205.63042610675203
2023-11-03,102.39972668764023,61.130037058288295,185.8360879098054,62.762979868445235,45.70164561901992,141.29033597996423,42.99728556759536,160.61135125243396,24.958473145627444,119.94184158783541,395.7065597438781,29.22644592976559,96.59353105873,200.92589994921576,167.8102507529355,86.10030135384234,27.278906627844357,27.155018051694164,140.1915468257652,200.98827508690687
2023-11-06,100.23906745796519,62.9202787359609,191.37612341482873,65.47230694830314,45.543411080695904,147.38607863102774,44.72983907790724,161.02067964426774,25.266115820401694,120.74525124223796,398.96681829868334,30.085164149599372,96.78414657909563,206.8004694507513,168.3984888562224,87.76874146502524,26.871909329969323,27.76274425050586,144.9100742319677,204.0030798145237
2023-11-07,101.24930114625444,62.05778476807715,193.62656697547365,66.96830066715879,45.383880224398474,143.9610013128457,45.05801980118674,158.83689539811309,25.761771676474517,122.9357214317351,396.64621316543327,29.788681474941654,96.81619047677403,208.4085754940737,169.8634821929266,89.0346984761701,27.15828485517628,27.573665375944184,145.40754208010728,200.4161975577785
2023-11-08,101.57519292170163,63.28664813757979,193.79236164223104,67.37387100884219,44.939100499267184,140.94143372125725,45.93970480609021,157.89402700827412,25.772631110697,123.6923453981204,398.18600279253786,29.615554844565,96.4114589849823,209.1521830585446,164.69983995831788,89.20924157065922,27.057843534202245,27.96261426214377,142.48043690571114,198.97797347120692
2023-11-09,101.75306346782858,61.54402210819621,192.31384966705497,66.31768612003253,45.018330597841434,140.3373251360754,47.49956418975609,159.4701900651183,25.275313903565543,123.39652404678745,388.9803607134967,30.04003317176576,96.66586044518264,208.43093557354186,164.4379943423574,89.86342933311391,26.547751618503987,28.042856833839696,142.26669772559833,201.14972221836356
2023-11-10,103.30856737455547,61.85697825223434,191.18503690984213,67.60596496991641,45.67894535637662,142.21295413074094,48.15488030042723,163.75981802024077,25.47624837621486,122.586912766341,398.0406032683398,30.91428055053759,96.83202882482895,212.4247645620373,165.19379622608352,91.88397219962519,27.20337700203248,28.860846268898115,142.13972598635465,202.17029570569898
2023-11-13,104.31370231800969,64.91657549448082,188.07658471387492,67.45981004659197,47.06668749020301,142.2559363936956,48.56679857863483,159.6675884447654,25.462569002566212,121.56262369400775,385.83611255686355,30.49248487585257,95.1892002281225,209.82998698924527,164.98010310394625,92.19568506764087,27.17663917203005,29.112927910523695,146.50642824342512,202.86346837134172
2023-11-14,104.94397198407529,66.06629790833433,188.36508610417442,68.8433987445838,46.91748811508169,143.45194723518114,48.24662672203849,158.9187619708918,25.38856141781292,122.65963357978156,392.4969150819214,29.726886338282394,96.31842357800832,205.88898514496776,164.1329205505174,92.54205474134812,28.002681198378394,29.028840931755852,143.48613609536753,201.4006276397806
2023-11-15,105.79288954078815,66.38066310046699,180.2958746661807,69.01905333759764,47.123324899378666,139.17250746709544,47.087912575791705,158.0607945026392,24.960604844437526,118.91100897271696,384.38377971181575,29.661922445730465,95.53391686299763,198.96590996275904,159.87698009063956,91.78013446752685,26.816845358301038,28.692395668219664,142.5929564739648,199.71909483216885
2023-11-16,101.93571065306647,68.78406622357559,181.5397254699354,66.42373080668592,46.135160677588644,135.63886640074298,46.242785471775164,149.35044093216422,24.151723265711574,117.86551226489362,374.30928893239076,29.004467295214766,95.19556370152749,198.85574540747743,158.6458870963245,88.76928259189113,25.965146249333717,28.095156020802992,142.20743256908858,199.41817272821066
2023-11-17,99.8192472789506,70.07814450581768,178.84134182277208,64.69831651265059,45.73173818010231,132.44863761720103,45.79059594326404,145.7537293582838,23.84259883400655,115.81795548054991,375.08897011333295,29.279445708720477,94.4539508186986,196.10951862926996,153.91873829050803,88.6872283587596,25.37437847406511,27.94246989301493,135.54059598203474,198.6609482037075
2023-11-20,100.23295374252477,72.56845044127344,179.79188773133754,65.5320866679404,46.23111115450204,130.7617856516828,45.65119915108377,139.23455340863893,23.78684433906326,115.75440711639223,378.9062955870718,29.681667821208062,93.7645748579991,194.01532246008145,155.02552899347333,88.95491562722387,25.495272144767412,27.431715372736395,132.4763479691173,199.8670520059641
2023-11-21,100.62180808246397,74.80064222985571,176.90890119860933,65.33711501670427,46.55074610084923,130.47737412766395,45.87740129074001,136.33944713797933,23.62038074624579,115.12890201171177,384.98092520010016,30.143128913808457,95.57215720120115,189.90333125358475,154.09342121436208,88.97284348698868,25.1655096039643,26.906452536820108,133.5833759154482,195.68183468795687
2023-11-22,100.15801739055861,74.69753351978859,174.49622675360408,63.36801766175938,45.93156593490858,131.25994308078117,45.3489465585165,135.5012845949442,23.477903721215693,113.11398751652847,372.04740278795936,29.090398903854883,95.57883922783051,185.92179319213682,152.65908812939333,87.29942632645303,24.277338310114825,26.13167871035651,132.32464837185714,196.03615986209562
2023-11-23,100.84738428969222,73.6037308014184,181.31190928581282,65.66704488432362,45.71915372702512,131.2039259586685,45.80137318030134,139.800870199161,23.924006379465393,112.48474962253823,382.991170386263,29.61061308119425,96.03911530510574,186.00298146808123,153.06588526533014,86.45982453515144,24.761253365924283,26.448695425211447,132.7024746399401,193.20540821378432
2023-11-24,102.77165720609781,73.7434440136785,180.97167608891502,64.9869719416418,45.587350877955565,130.9986530062409,45.37349978907203,140.00122299241096,23.95130507216811,109.58257657491643,386.80165483866654,29.01214994534829,94.56021735222653,185.43739561468294,149.18343966530878,85.33736350828245,25.180007182977757,25.975065525131303,125.98072597864953,190.09986550341415
2023-11-27,101.92542322367768,72.98061878378515,180.98644445845025,67.48417189161039,45.2154380301706,131.85948242752565,45.6119042996172,146.76076109247376,23.35315625842227,109.02799009191352,384.6962255643877,29.788759838360082,97.70776562315307,184.20265019196174,148.04725150059843,83.32371254123954,25.03269230841447,26.115884640168915,128.8278468609855,188.04873745773733
2023-11-28,103.4398765988614,70.91280427659598,181.7367050781862,66.9235310370169,45.708751458798595,132.8604673511676,47.18394168086357,149.41057149977772,24.159332388947085,109.17656138176952,381.4815216103851,30.9829735180018,98.82404878424775,180.54768273077218,147.9109255693733,81.84621217492527,25.307382349009316,26.355256190162095,129.31873131494228,191.06430995749815
2023-11-29,102.80855105164318,71.13256921184205,178.77583060246312,68.72253392819734,44.68589537988677,131.89843231954816,47.76108410256088,153.11853623587783,24.024573897479122,109.33003346890126,389.8769816206635,31.753250079560104,98.27237509763518,179.4841913418512,146.5862194038559,83.87463601724336,25.872659054211045,26.162301042835132,128.9931048090552,188.23513811362258
2023-11-30,101.15068659922603,70.05911602137505,175.87135029279196,67.9102107221535,43.427624050409776,125.02588820702769,48.442013045934786,145.26401717323213,23.16530389522388,104.20249871306815,381.15717038795265,30.754918684236976,93.81641495286576,173.82403683843853,146.03249767548422,82.0121454613856,25.584671744666313,25.150844270933817,124.16896564466742,180.41578373932919
2023-12-01,99.62023344799623,72.27548539580347,174.33015519341345,69.14346124622296,43.70568621280268,129.1289300685057,48.30312764708986,149.69933622698645,23.747036772124737,108.06559439750077,382.35291916221826,32.54355257593341,97.49238676539252,178.67183928059958,150.77554744340887,83.94366336650052,25.45761976429375,25.653893832953703,126.3712955283739,177.70591413921002
2023-12-04,99.64316554630403,73.02269075114498,173.21806340345117,67.62573339685619,43.06153427323886,127.53847806854739,46.45752297158124,143.95633799326882,23.341126297320795,108.81762031642083,379.942164003013,31.99576623951889,96.96057266282942,174.45068752185716,150.41308398592028,80.11170129632804,24.990023742661005,25.051140526319553,125.99362523907512,175.45704449876231
2023-12-05,101.46630448632416,73.97547099893717,176.34097913716067,68.99036473828566,43.361268658628354,130.43101659173036,47.09674776223374,148.71468700118103,23.315069978123972,109.67062162934756,396.5871375220613,32.34169691449374,99.63791207666141,172.01918397497508,152.1363064115062,81.57860922393145,25.279979400969253,24.67840000303913,128.3921362430688,173.98628637721617
2023-12-06,99.34218838113945,73.76679550219542,175.24805278993696,69.6550091961675,42.1906938344844,133.15127621242263,46.70252504715876,145.6941651498024,23.24159894111585,109.36223079799608,406.73226139099904,32.039280745893755,100.58958270708115,169.01519457302496,150.5284928838753,80.40791848549166,24.899678361003936,24.902071221055085,124.46850432036543,175.1994561066052
2023-12-07,97.63877790437897,72.1860555344282,174.56007949603634,69.00317594489242,41.1789881772875,130.25530789944682,46.62739324499728,147.53631291532957,23.0149991117899,108.57658636285369,433.0993165515328,31.751813504616077,101.72211764964518,169.60792358651426,148.83288599808822,81.34659506843387,24.087551784551607,25.136181687319848,123.82331380115996,174.01336199252896
2023-12-08,102.19738956383188,73.5500344914683,181.23232135496897,68.68796834634479,42.423468527827765,134.86168932014732,47.079822552976644,154.1132882004946,23.618122654574705,111.96077898141684,452.30158755113365,33.09852376534489,103.91328402179667,174.07019704452324,152.3655977619031,82.33468226032151,24.341411125854744,26.27172419196988,127.72851394397429,182.88970084467365
2023-12-11,101.4380248589926,72.91091121203799,180.46700478671104,67.77975339767518,43.537819653889706,134.55615203975321,47.60823328625027,155.00070433007605,24.152574602060966,112.57787703038056,450.3890435322977,33.43932224709806,106.5762440345776,177.4061886623613,151.27005695332343,83.18661754000765,24.93904859943147,26.706916371423414,130.45141209589084,187.57974635741175
2023-12-12,99.02589681148594,72.29729122555374,180.26223262350436,65.07882117267073,43.976370625502014,133.71625415175922,48.39016907321541,156.01731332699228,23.99332089989707,111.17589713789337,450.2682415575124,32.66319465635784,106.0845972432201,179.4766890591233,148.07887123883435,83.12185754607829,24.55452711554147,26.206322808219927,128.8702809631341,185.10984681378477
2023-12-13,99.17162374099766,72.93151019143784,186.75136339552574,65.23762125391261,43.3374374720162,134.05546039774217,50.13430723613,149.57908457373318,24.05683346676212,111.01829510136231,456.6337337109071,33.045094924960914,107.9200417131676,181.9423430539634,149.73216528517045,81.71205181605494,25.281681499563852,26.461614852703825,125.97540995869986,185.23587274657558
2023-12-14,98.95071389308096,72.56436763265114,180.10608185005637,63.884651852992334,42.34731483613855,132.2800742389731,50.456064651994346,147.24616736393554,23.899171558926792,111.6343364950326,458.42722757673323,32.44527760565993,106.85628190070989,179.9490207458372,150.29381060509627,83.28432541623711,25.023516218065712,25.87908091735001,127.94160812049316,184.73321036031783
2023-12-15,97.28312270884626,73.53921343767766,179.3241168599192,65.8204681776133,42.3644301938236,129.41699772853147,50.59995269840238,147.68791635626695,23.875244066473144,112.68550537984187,448.57397645044296,32.1201068600978,105.6769611081177,180.13881740816655,151.17121591734158,80.69336904830733,24.706160582874986,25.613984639137723,127.74300014766195,179.6194703735295
2023-12-18,99.88588475177627,72.63202055781726,181.94197154253197,64.56714707099599,42.28994794771462,127.82486839036483,50.29129997116305,146.0794577360915,23.677002365266606,105.54954933905486,460.9654631909068,31.706149268312966,106.44322165914788,179.0233828438531,152.60775966004763,83.21597254527775,23.705403321750747,24.98874040322545,125.89376295954685,174.80841402057825
2023-12-19,99.46223432316086,72.34184475777003,181.83242303611345,64.93072920543302,42.24182276192901,124.96197798050517,51.19667924020734,147.9411314036639,23.26941324060037,106.02291353054167,460.3430123207696,31.345913643717513,105.80460467820141,178.7031371434518,153.15371542219907,83.24298683184774,23.882312670600246,25.17984435198262,129.10504514620527,176.59963940116003
2023-12-20,99.15527000910912,68.5177314782283,182.2949069169411,63.72262969082746,42.037967839053934,119.84206882269736,50.150180593968706,145.42014129911948,22.24433403089318,102.54040594790948,430.5727687007524,30.592532713878477,102.72580396068741,176.18341504561613,149.17357769425178,85.0441650592553,23.384619418014513,24.83277025208771,131.83385393493342,175.19807268213725
2023-12-21,101.29319405145027,68.33696807102035,191.0584125825347,67.45819728472799,41.84873900099587,116.8804656888547,51.186935219278226,148.59597349313606,22.053407919253875,104.37288470418765,439.75521344450783,31.09349205992512,104.95104692955992,176.12909966406704,150.8301392008956,85.8452415785194,23.454013944422915,24.98299571954928,136.3084919543047,175.12764403769233
2023-12-22,105.43839912407564,70.19272367747963,192.60158086994284,68.89413960174441,41.30502949223072,115.76623603392373,52.04036013144567,153.0435528376742,22.782579799379892,106.92509021175145,445.7836568751709,30.777822741955067,107.86936945783788,174.44945778230894,153.345385035655,86.01037597208403,24.62060935831486,25.40931044949384,137.84237563621213,179.78376751011524
2023-12-25,105.65338765180425,70.20620749493646,193.04789355652827,68.98706054419463,40.84108869956106,116.43550438166773,52.0816509308048,158.07635607157377,21.670338993302284,107.94304118730336,433.36228126613605,31.701592757210847,107.4266790913866,173.00075972825036,152.90571881683007,84.70604261704416,24.14643268111431,24.985866590697803,138.17325185763715,179.87397097090826
2023-12-26,104.87946861860962,71.16414008736291,190.3367379871215,70.11568075173165,41.58272102694139,114.45243822425569,52.72977980801592,161.52637051022336,21.7928930865374,107.96881818701719,430.8616062299836,32.12292599019382,105.24791717657672,174.40569910419296,152.86725679596483,84.78462842801066,24.580212628352328,25.631262331253847,139.5435269532525,181.40373959750488
2023-12-27,106.19661395584411,71.20092410028238,197.71733379715397,71.24247431543647,43.17720992486526,114.89206250010267,51.977719864942195,155.21682312464173,21.76063392812296,111.04862694229426,435.00967244173444,32.24342410242817,105.85401116465623,175.08223994099995,150.68596829493018,84.86488624281633,24.903997809870972,25.99359490492262,138.21749678360527,181.61642242447883
2023-12-28,107.37515828925599,73.1502525202512,202.1299887971262,70.66262824153114,42.77204474922736,113.62648705060256,53.61627971313776,161.41935281304345,22.472329735781834,115.58820135209156,424.21894299807485,31.49154583762007,104.99290509946911,179.87143865974824,150.46820367494257,84.77721870974163,24.402899277462957,25.776312767520793,133.78900070998907,178.27971775782902
2023-12-29,107.59273607793723,71.85604962307929,202.58274994889481,70.08766682584478,42.407550921845186,116.99128057441686,54.20771337999449,162.679135020457,22.72243330090872,115.79411044320204,422.5536045967178,31.692267502524384,105.31237831878242,175.81003820661667,152.69711622354873,86.66828670832533,24.18212512218312,26.17299050447274,134.9094776882817,181.03615106128802
2024-01-01,106.04800745553152,71.0878282127356,198.8660445055086,68.14394444506523,43.053428225984725,115.16724888216962,54.57643970523964,164.44043703268042,22.156048716832622,113.7724932655872,419.7104243022719,32.35205117432612,100.60440692955508,170.56813430913598,150.71583758877674,85.70019151464264,24.100821577186483,26.407630127174944,132.4557804854627,178.4705685604419
2024-01-02,105.9254913560324,66.4188990768588,197.63798603641837,69.20982087938508,43.36384671271404,115.50934465275712,53.96048404249396,163.89098679567746,21.903724360951923,115.14723361303454,412.9633464224676,32.399635170567734,100.47706092875588,169.93939964324096,146.8319880508466,81.36901854295711,24.83866281827185,26.22702012670417,129.96071620574168,176.4010978106943
2024-01-03,104.67163513617919,64.2804608807239,193.1943676353237,67.19525405080863,41.411164503656984,116.15226332232639,52.79154680295276,167.5593733941064,21.227124472113154,115.21762211018593,410.4645332796351,31.12758528743704,99.47588772380475,165.0025098387136,141.1794509288523,78.28171202581272,24.716498670829637,25.38154761266433,129.2447619060672,173.29100047346824
2024-01-04,105.5745089076111,65.06955983561437,192.52176160615673,67.63709697188926,41.83059595414503,117.43414315232887,53.220290048890895,165.10207718125136,21.29058523648555,119.04368876653912,397.9233598142618,31.334135857862336,100.6301155967569,169.56217164929612,144.94070652989166,77.09708397297669,25.08269536395839,25.83027252876815,129.4097534337033,179.72494921508115
2024-01-05,105.94294466324749,66.7298380366072,193.69463609991217,69.30117653005468,43.03622561982698,118.37399983635406,53.00087470435899,164.49197677995795,21.557962282799,120.64723777719563,401.1125145153333,31.89297452950375,98.4870674083562,172.6588527762231,145.76926196424188,77.02649332072444,25.89735835052021,26.06086582789013,126.97299153323996,185.11742441694423
2024-01-08,104.87783152180293,67.85760842739509,194.55689084502123,68.47506044304534,43.937867632747206,117.66485399285075,53.65955872297266,161.70469916930637,21.59462216206531,123.06848483324795,401.34181863394633,31.578402896686885,96.16196531088124,174.31714007378838,146.5999076050927,77.67852306833585,25.519262988142692,26.10872753701618,125.19216943425248,186.29288825786549
2024-01-09,104.07304695591338,66.11711050806184,193.3069085775491,68.37146145393086,42.702380802917766,119.29733009758574,54.82373511682755,164.05994051045704,21.461832434338696,127.15855148199246,409.77949524636495,31.01494650674652,94.85453127529635,175.87638980323104,148.92105732280996,79.27868199188826,25.279217601385362,25.859467796619946,124.81260199859285,191.47362072250186
2024-01-10,105.05266855757317,67.73420615751124,192.3299571189383,67.33971243554379,42.99583584518961,117.08829937353208,54.40998179887996,165.65366566847936,21.78294100982894,130.33147935656706,413.7600199629146,30.900039197234957,94.40340621212547,176.7206660380001,150.1963968205733,79.79297264007658,25.446762910981963,26.165850656202785,128.50764726525776,190.70225365968017
2024-01-11,102.0088438475447,67.05364079387448,189.90458772031042,66.51263821858724,42.849768645990075,117.51461839264996,54.49614699777958,163.9404180364236,21.746112705786725,128.01587218247232,417.0849607145486,30.865742523909862,92.55614987801603,179.75674445889095,147.43078226570427,80.06988185326611,25.81362323698954,26.599686346788154,130.11699292864571,191.04574609185096
2024-01-12,100.78447792954309,64.49260943485942,187.38828653573714,68.71003272687192,42.27967221839313,117.51624273479501,52.28564605514063,154.6620170762019,22.00126547691555,125.571690571683,427.71158845814637,30.29063049371086,93.2448427113658,175.33120661137968,143.17363356952197,80.89126350826523,25.989333055111217,26.171139497461265,130.26901346362874,184.7897372447774
2024-01-15,100.3082054029168,63.688732092316876,179.51137601164535,69.25004599763706,42.29676247932859,117.6102984016813,52.966820649622576,156.76118132927306,21.434385474508844,124.07876026312559,419.6812424915526,30.19220087793266,94.0133356532618,174.69985888532878,138.9410489466093,81.33123280863829,25.8301812108698,26.060964151110564,126.56353483969419,180.4098569047803
2024-01-16,100.80937182610475,64.18882162440748,175.50789510178336,70.2657454547096,42.76018713207753,113.84228741213688,52.997135688402956,162.1871796186375,20.76148380773012,121.3598530091651,408.1847552673175,29.971609907215353,94.1840261549373,172.94520140776757,138.25026747996415,84.63696539587325,25.860406231689947,25.726331124261744,126.37739238059304,177.19715684237303
2024-01-17,99.8514684871921,65.97439958421326,182.421351426683,69.2061467041556,44.115772245894554,116.83291312526835,52.95446828278723,157.40388123365634,19.68087237878489,119.82017561592522,402.0026843414155,29.93917207351801,94.79667306939467,174.41394383336694,138.40112220675442,83.91236951410963,25.65244478240412,25.97916802211781,131.73336605470706,177.70276640199006
2024-01-18,98.94407124721612,66.64327576861686,185.8059751798825,67.49995727188141,44.60735884169752,115.12496429262151,53.69235592774768,161.57008613869215,19.55049863993026,120.89180721841842,398.83824658112485,29.436860149088417,96.39399863580414,177.34040461473225,137.86602353372427,83.37949037875565,25.78114711816837,26.6864854743131,134.67581703276034,176.13007508088162
2024-01-19,102.45051571898348,66.58731427137961,196.2841836996806,69.05831651774751,44.44674687015227,115.70756103036733,54.759991027603164,169.41866787877757,19.709562738515643,118.86285538782607,399.3395339282029,29.915804546321134,95.94689646961842,175.90361764663186,138.00558633465184,84.90852856091786,25.98094831672974,26.177149804232098,132.51035155036496,173.37544814998807
2024-01-22,100.98796462217604,66.16920932262836,199.67063839539094,68.36056761752448,44.98972180705914,114.05090495250353,56.94539516910245,172.91384215826648,19.685461332603314,120.79729268832234,406.40351448263806,29.777031273176075,95.62101250191677,176.9779321585164,142.27883198650423,86.19192961151788,25.81343125677249,25.9756578462022,127.57300615457498,173.97204662134092
2024-01-23,97.97942519693127,67.47892204511845,204.59619308937837,65.98978459855817,45.87797632528333,115.69875300294552,57.17926124578456,173.39607527838245,19.444003887952228,124.02799954123499,414.6741245783073,29.72132804714605,93.80661849161389,177.11368920014868,141.79504471468556,88.42539737818323,25.348378403694323,25.9399918665362,132.24998797546056,175.77531918007924
2024-01-24,97.77245027104796,65.84101566402164,201.90713380040808,62.786796001277,46.226472634681926,117.3216692331212,59.18563747190288,169.35201386130905,19.73863703886534,124.95640451903759,409.5339556761108,31.181323240556015,91.2061842887113,175.92215532759607,139.67670983027435,87.64597913563485,25.63871272617579,25.707563784038328,132.94974681511889,176.80138973992095
2024-01-25,99.11803003445019,65.81234121127979,199.63790990220954,63.15952938435069,46.73405674533311,115.97149146364895,60.38844412015159,175.35857887444791,19.597733150944734,128.19404719001417,418.8306116755979,30.864584219050855,91.90446989122039,176.34735822741823,136.95711099551616,87.1843258407358,25.84282489819271,25.594892530863458,135.1352123959271,174.08973382442642
2024-01-26,97.77980078621462,65.76641338923999,199.35044737790258,62.46733362685756,46.98193256354167,117.70265235645189,61.78105425693748,171.68415688012033,19.25276271792357,127.80992345759617,406.8453187871316,30.15427851265067,91.64833459186089,175.77240940018942,135.6121963692933,83.91991660163265,25.642950674631372,25.89016995473547,134.9562870101616,173.9594796831916
2024-01-29,97.38715024753269,66.91605234991938,197.95227850745826,62.92859752096018,47.13037544349729,114.69371766708959,64.00537540199497,174.9723331099764,18.900231742836556,125.97766003754755,414.1614686271343,30.548507171371547,90.66901510049351,176.77033248412744,137.32696420033295,84.45800050736776,26.36630439807348,26.592075234451546,132.86438278414127,178.40312712388618
2024-01-30,99.33303680859458,64.95768904952571,190.70820563242185,63.097621385631555,45.9628902924309,114.64925967109447,63.482940383029415,168.293465095871,18.74890743096949,128.22849504633976,422.67493141212964,30.591581642936088,90.61953993766497,175.73622757313188,133.96044902993575,85.02660567415121,25.698167018872475,25.77464220814506,131.7957129529119,175.2217850760679
2024-01-31,103.7867058133751,66.26043988937504,192.34470722884416,63.594248428919556,46.06598950394983,117.5028678517587,64.00875345923588,168.7470023138153,18.97102177452774,131.50065736911458,413.25989344371663,31.16687973136046,92.34878999357876,178.99029644139756,135.9884411187908,87.39524492821067,26.41045601864148,26.086391425909557,130.70762040189808,179.67724516417536
2024-02-01,103.64292674722628,65.64444520736359,192.1970407447106,65.31528495539408,45.74291362049346,119.50098783539777,64.21370149955791,166.76115661328316,18.81133417742596,135.6647477445731,406.7319646266856,32.27107844984502,92.31207933710498,175.48186609565442,137.1277753527377,88.24973615898766,26.723140119618925,26.64664461745331,128.95515482850283,181.87586262094183
2024-02-02,102.76511270933857,64.6987915476989,190.41529143968938,63.74941501914001,45.17849575068844,118.70307656546505,62.795420541413215,167.0911831156849,18.549710527015137,133.6608959961005,411.33038381733894,31.509489089374096,91.75193410552878,172.57336563337813,136.24779837490064,89.22653371161574,26.243109984935607,25.66115150790512,128.43547285382448,180.7828980457065
2024-02-05,101.81406120276152,62.59839542799727,192.5973702857242,63.43682605290776,44.76431151463468,119.56819649428348,63.14681742167253,166.77147286873753,18.641947375616507,131.40646942124212,390.80054915763793,33.37998126097351,93.53647625558618,174.40921760919687,130.23655813525056,86.74177442014252,25.911790109371733,25.292429557886898,125.74194439015169,179.15137339743745
2024-02-06,102.26454078381204,61.973038115273155,198.5046759968501,62.669265908126064,45.43894466489475,121.41115868541087,63.65399647151459,166.77426763327327,19.02251343937899,130.09449820235506,395.25045699258385,33.537262898769065,95.32228028122087,176.4076448911866,129.46608073440544,91.18402654097385,26.012570592859177,25.067863935993643,127.82571558292476,179.2085270911753
2024-02-07,105.37501900781555,63.749398580947485,198.9073232331386,64.74196875808046,46.15491714795716,126.3744506382334,65.04812784651433,166.1148035498811,19.839985542272554,131.51396711757653,403.16128345975125,34.70683146170421,97.34277336126075,177.03373296947615,129.54906971047475,90.36061098727684,25.92657054863966,25.40743056646602,127.14141781442915,179.7466142167574
2024-02-08,107.35964202113331,64.0476902581428,200.83557033200506,63.51619125238343,45.9236526184385,129.71397559571713,62.02986312201534,167.49005870775312,19.793379674530673,130.52290156171247,407.08509986129656,34.37157155350231,97.70314511914647,176.34277127643844,128.30322244433253,91.21873434625248,25.88929831930768,25.29703570250625,126.26053343062512,180.39365710854392
2024-02-09,108.95615789945359,64.21823604141653,216.68506785548107,64.86779185915903,46.56031385957243,130.21793491768983,63.992628320960364,171.1557751953171,19.726203924297543,129.2199660423771,413.54710229387416,34.849738227802476,100.27453422957947,174.18074813531533,127.1350217485145,89.15292124439289,26.25922957391494,25.844620546968187,124.60839389541691,186.88620137803133
2024-02-12,107.87493833585465,63.627851817959645,207.51128926544013,64.18511097507358,45.45578486913908,127.27889603436192,64.19885604326994,164.31178130414258,18.895563483151353,127.37320730023231,407.9575769049395,34.948438916662795,97.57703360462283,173.87729272280524,124.84278915592063,87.04853668097066,26.17896384756273,26.19110425509306,121.0949135756407,182.21186494525801
2024-02-13,106.93255317989966,63.1479150198568,205.34413184650018,64.99262699458852,45.10069919968868,127.25359258368145,63.45326138607323,165.82467460644895,18.58296931848778,128.06748645665502,429.844721217896,34.52268389038624,99.72674584935646,173.1790164686875,125.68587868695698,86.82763951611443,26.414061472571593,27.02279698546245,120.24838074047317,178.20079006283802
2024-02-14,106.58842907685228,62.50231809890233,209.98974627615195,62.20079086591447,44.70605437900466,127.78409655789352,62.71317661051765,166.01311519493916,18.788066226538195,127.3182828464663,424.93689120538585,34.36220732999166,98.51050902418237,173.91486085135625,124.25527889762797,88.31273883294288,26.14948379213494,27.0759040064588,121.92651338969014,182.29473975976845
2024-02-15,110.9981257586176,62.36588802486002,208.96640578328763,64.57450572665155,44.41040488281084,129.71301492656565,64.6087528428702,167.21753297058436,19.89455830562291,129.17289185028636,429.59251424846843,35.68741712776309,99.53128446258356,179.0707390558448,124.48930502376238,87.83835595792759,26.568477858753187,26.93520456367269,119.62457033921406,182.9346884890086
2024-02-16,111.03911783777349,63.67068646893459,215.2373780956743,65.87558631804488,45.640461850881316,128.75476470416444,64.29652527263706,163.99938923591296,20.062474116270494,125.81262626486928,441.6201950368091,36.24943156663982,101.18502895601087,175.98142097357794,123.20492242110005,87.7730527659985,26.712641179138764,27.233401999051846,120.27366226498862,184.58740342277162
2024-02-19,108.26188728143657,63.093262820588535,215.134588296153,63.069063756972085,45.88111288183712,123.87702977283507,63.52229648396631,166.9603661834668,19.631107313846382,125.38847360970342,440.95896504275714,36.20634546537704,97.18993369784104,169.85130613880773,123.33041191203183,86.53497275097918,27.196238670433193,26.779241143587832,124.5512328662464,179.8631388083334
2024-02-20,107.35159475027943,61.80424047529064,213.6013396981154,62.133323560537214,46.91898201841798,121.06035541363939,63.9650809502702,161.45994829486395,19.859525692037945,126.74144191881074,444.4093275341234,36.56774222978355,95.3217304032942,170.7337036573099,121.63665188355962,87.22521615726063,27.19660589613667,26.813128235174922,123.09498268389085,181.81360280034667
2024-02-21,107.62249060010475,60.37718458496307,215.33800266568394,62.04556599993318,46.83958056022191,122.6078750609959,64.69675165554096,159.92019395834456,19.88470278678399,128.06367488060528,452.25832794842916,36.127709909392365,96.27346709812632,173.64418793002838,119.55330342765748,90.6066788199301,27.256120225490957,27.660405779921984,126.12518532400021,177.73207184975803
2024-02-22,108.15410531882416,61.80066497324681,218.13388574116095,63.296971990397616,47.60882813809376,124.58234581845558,65.97867653626605,166.05889723533906,20.198515048948856,129.61958358878263,462.1061837168157,36.75639081561076,99.34091228980752,180.13319935783392,120.07815797774101,91.19892078023892,27.421122731230348,27.973963890747793,127.13899078964997,182.75689174162943
2024-02-23,107.37005986130775,63.86121162367309,220.18635088433743,62.60872073300291,47.51692420440751,121.81454704163626,66.2841237331044,162.29593690863445,19.843474873325963,130.60187111797205,471.09027472294713,36.14932130684091,97.72334247148505,183.54879056096433,120.30388184164778,91.04737538670773,26.535500544032228,28.056988603158853,126.58184203433746,179.6635381036036
2024-02-26,107.56591827769343,65.18154397565831,225.4304635172823,63.063133418725435,48.546446857703266,119.77885439026393,67.40448145503663,161.23236225417995,19.974318040317307,132.33951905134035,469.15210024040215,37.02159008695786,98.67267437160778,183.93937577958545,121.28118028962874,93.359649766821,26.44306795414213,28.582441128050515,127.44451962071666,176.15014253143633
2024-02-27,105.46516328639774,64.73074072162585,221.5885258585625,60.361512836141685,47.48917530743949,118.07851908798413,65.8243356854035,159.50128563869472,19.53778037987133,130.7281792341888,442.18673591915706,37.159007279512366,99.30895550221982,179.53685189758448,118.03161974389577,90.76999352720463,25.318235292480157,28.066508805497683,126.66221055080571,176.88062239561435
2024-02-28,104.31677816544823,61.804938430554756,219.56070942581746,59.08426793614363,46.936697809256756,118.39789714496119,65.50859582709997,155.41421132014955,19.05607880655701,127.27680132372188,430.7016166533198,36.22116269444831,100.18866530766066,176.32490202436537,119.09066286782631,91.84620300720871,25.056531888991785,27.42358572657276,129.2774819916177,172.76268485365634
2024-02-29,106.25934093760148,61.15297966118422,228.07006906319828,61.5185016036426,47.5024980356445,117.34239176207734,65.85228660998631,159.78962015749812,18.910149164859973,131.77105957759727,444.90684320005494,36.67184500443145,101.5585475944015,178.82523378747723,119.80055913152957,90.98672769903311,24.793691253245587,27.25601057506573,132.54764140168265,171.0886598536992
2024-03-01,107.9061164674492,60.651483653468325,229.85777360750382,62.040286209447764,48.31895484764649,119.50458846382479,67.93031958593282,160.45533267693392,18.979400398197487,135.76776966065964,449.8333110185753,37.18739267082524,104.17217216674659,177.28059531896935,119.6584910665,92.34544182852954,25.6659745532344,26.624458484844094,130.6507452593003,175.54023639791933
2024-03-04,106.79368227054421,63.47537666979623,231.29655403028954,61.89000046412277,47.74512389263274,120.45108921144092,69.10732353995188,165.83552075992137,19.61704236984262,135.4440280972677,468.17994590291215,37.14698615904159,103.30938898005066,180.31998387923042,119.79782971488906,94.35036894044454,26.24022911524889,26.849423133013744,133.24317003500272,176.3217724633821
2024-03-05,105.89253744331377,63.7417788714938,231.1293717151628,63.0623360699968,47.99779828716215,120.90470388584373,68.00695918936619,168.14728657367738,19.935625464633674,138.15141243139806,488.1125975491545,38.1964442738628,103.83056303292517,177.1208936524075,122.42723894168837,94.06955831160215,26.22086042580611,26.445728161838616,130.47943036708247,176.72190230846203
2024-03-06,106.37075921711948,64.61273878394445,234.11916372568425,63.02953710638065,46.59450582259814,120.19731808624456,69.02386318445153,173.024952386234,19.876245245811475,139.4575647465602,476.3089305397104,39.11368789995784,105.49532764219441,179.6646007995302,123.43917814251091,93.19682204014765,25.889398333009826,26.922141487569768,129.98035107219525,178.5135484711957
2024-03-07,108.34638354645911,63.96279204182967,241.7063322797093,62.50328314492185,47.65328872076936,123.37935120086163,70.42703462912343,172.57985143721206,19.85875577355496,143.21811976841727,481.537677987759,40.90981752114586,106.5280478138437,178.11976568362618,126.47703363319047,93.9654160497043,25.600878510218966,26.675952886804723,125.51285123046118,180.89795955221092
2024-03-08,109.07527466871747,67.7272950021479,246.71111955126543,63.89324721711199,47.96896402171632,121.29564499827073,70.70819008224203,173.0363731538232,20.34033076514792,147.09299676372038,501.5446334789977,42.116324628289206,108.06523188141044,182.34550321537748,126.31065943253488,94.79938778699865,26.50957083403799,26.84568325523709,126.64260557424842,177.0264019030468
2024-03-11,107.93109413531302,68.19899929608673,244.5534813333113,64.52983528346225,47.22789970677107,123.0962274816811,70.45687160448173,172.78255764852918,20.106516265699227,142.66093567315156,498.8520158859669,41.8303456967731,108.02183103077937,180.49254797399266,125.24825471482063,94.68290750061858,25.534195916992648,26.77992774437415,124.63743281694404,173.56779620712123
2024-03-12,109.44213488881987,69.51990901583807,246.3041355551233,65.80696469658166,48.38950840477575,127.41572360227052,68.96933093642726,172.8268361747635,19.960220330211218,147.96966051577033,489.75326874977435,41.54816196438081,108.93823599351374,182.0638204636131,124.2296838404016,95.20477326683822,25.76631998695075,26.580222981693133,124.2251096329454,175.13723310190719
2024-03-13,110.1827480520617,67.40036268853602,248.65058721387825,63.94902632769413,48.37255663300209,128.83144830817224,70.97283174184588,174.03897116083687,19.87649179953289,152.11315585883202,492.414314923211,41.724132956864494,112.7688883514756,183.26884087104068,125.72743189329947,93.13261824242373,25.299456583962098,26.61263376306717,125.26030592881663,179.4416127883932
2024-03-14,112.0409684128289,70.48677466381542,252.6894883232843,63.64305265404525,49.39458477544379,128.99099022108183,71.79494417706478,178.6375791961866,20.29042160187737,155.53984789431743,502.6408688708038,43.26393123262146,116.1453780439796,188.52841152735607,125.41013410259187,93.17264502274534,25.893304011072647,27.293610315296867,131.09149845985343,179.26033315051416
2024-03-15,111.05740730738101,70.01768395512715,255.6413706009919,62.756757327246746,49.39625965132418,130.91757591986678,72.20976301794707,174.69194627754172,20.53078617299972,157.28028541004983,500.11866117371665,42.1677105332374,116.56853807255402,190.17559103828222,125.06562581001928,92.89883716618411,25.646224626512957,27.678171816497823,132.0416590076835,181.26794191771546
2024-03-18,109.87377879859578,71.22244955839324,261.74186167731966,63.07836407073929,49.05275958054794,125.23758478392797,70.2286727779998,175.8056215838773,20.39038419676799,155.11907279033792,512.6159855816215,42.3986166634917,116.38411226180966,189.6611858448344,126.55188779556482,94.759584495197,26.13647072888934,27.30945039537632,127.62305472228259,178.95814670963486
2024-03-19,111.18641347622179,70.37098269506359,266.82149816532876,59.936831528574736,48.333999852450305,129.8175848767274,70.70150559023976,180.2076872945617,20.32136479040921,152.68697922624665,503.9257604790699,42.13347070996636,117.20913342793415,191.21843730985685,128.7120059115191,94.93770978348827,25.69149224055549,27.458368103247892,128.6678559409957,179.92938710346348
2024-03-20,111.03205440030325,70.45700261657251,269.5774931878364,59.25885101615702,47.98283874083641,129.8506343372392,72.14367340575821,174.79690977879247,20.415875969360634,149.45917192180187,516.1697281865902,41.53420484262727,117.83543497266528,193.7293812392808,131.32967883699214,94.54386643262423,26.05109086213314,27.04604165810935,132.6549467733558,179.03557600601866
2024-03-21,111.63344264771943,70.20966535416511,263.9615209833469,59.21360906314789,47.61296384125128,125.1531171005186,69.81201565367337,168.58531382008684,20.347438199589384,150.24717709458108,519.9592649168221,41.61848777937357,115.12618299223718,189.32354729252756,129.65599084561015,91.83954808856234,26.857155363627765,26.610825047459997,133.89704519111413,173.22696573202907
2024-03-22,113.55743058228053,70.58052905488381,264.8825210797312,60.012906001877184,47.294764684900315,129.6045093556119,71.9787886982782,178.23086494621865,20.9690405738629,154.2425862032648,520.1341196373854,41.97038753780666,117.27906267945876,189.0704169317446,133.78458956642888,91.53817548696041,27.0590900413455,26.205281348840618,133.50543316641318,178.8106750704766
2024-03-25,115.21411967851844,69.1807907369838,268.3294544972665,59.42872369371759,48.96738996448125,130.9210800693665,71.5443578720814,177.14064305196274,21.2810458553336,151.05390071301932,519.1371915876772,41.9881627215297,115.09226501763135,193.3984286491381,133.79189750420306,91.69428983717087,26.413451803561927,27.279228865930104,130.63845844469452,177.01477400313382
2024-03-26,115.87124738931256,70.27684239804084,272.8485244189985,59.69755596458523,50.41674226656299,132.5492640165375,72.81497597329462,186.73576012741765,21.657982919811115,152.42500063781367,552.0721784493418,42.98424935000692,116.97491315382773,192.10694596206773,132.5407450816006,90.87848394184529,26.434375398112003,27.123722475415235,132.29506635353533,181.34884776635997
2024-03-27,112.34914839465264,66.85701224267918,273.67989931015256,59.975326190621175,50.19653743367277,130.52318011491715,71.16010417317331,186.94843589544865,21.91295973640476,149.21865051034402,555.2026134481983,42.62951863941698,113.30498725818309,187.74971577101422,130.9537646373043,87.96927985738411,25.74943420417179,26.29600172430826,129.05922916764175,175.5841196537329
2024-03-28,114.71113818086152,67.58060713681685,281.87300515187917,59.55994907774452,50.987030216192835,133.20412649654978,73.46535237689606,193.9551044408713,22.46519224280031,147.33660799233056,574.2101538809679,43.050096795662284,117.96224802056432,189.225716971162,131.9025702777651,89.27189893660402,25.564567771219362,25.81058220481298,132.09193736767938,178.3530305617571
2024-03-29,116.88278802487757,67.97936090825311,283.50549762542255,56.73558708602418,50.61338771495298,135.58742198826155,70.9769253714361,190.43455471879116,21.824663314026484,145.05119400519584,576.8762910564635,41.942103255165065,114.96749487615419,185.65081455380357,128.91934110611896,88.00926569823035,25.910207446370396,25.566529862880166,129.79434564942977,180.14156711049628
2024-04-01,116.52631078809364,68.72824006148697,281.73218810271214,55.25172334799085,50.84332297820919,130.01231870431042,72.03558711453826,188.02038431044954,21.429405666540838,144.30562100988914,584.4102175958164,41.33548904745029,114.15089469883104,182.48353397413874,128.84237570645394,89.49054637795493,25.752111688444977,25.266603283805715,124.1341363969228,177.92447992167834
2024-04-02,118.84415568281064,67.32176713511136,285.5247790413746,57.653726151019626,50.647945109913195,130.94770883532158,72.14765980894099,188.62631000185885,21.459329404183727,143.69942927412183,580.7903836507411,39.36414340273914,113.6486002891531,178.82639013990737,129.36595323425814,89.36018089129783,25.603266199433477,25.28069876992158,123.65149235362308,171.92870768743384
2024-04-03,117.2627721805396,65.07336898916326,290.0408570501041,58.3030419776053,49.87005454319017,132.33812093442174,70.0325697788711,187.93839696564095,21.058359436782954,142.23649242008275,583.1672338642056,37.85189668270109,112.00958443004875,178.89870172320883,129.12927970254574,89.59264149083953,25.11959845600592,25.199240928258615,121.85246873294392,167.8133672614665
2024-04-04,114.89331358292219,64.23148779152878,283.39429144340596,57.949991145481505,48.65081548105808,128.1626020005434,68.92143824572001,185.39157380580065,20.78198037451818,140.64589771213485,575.2034255670179,38.28929545167388,108.01346185465869,172.86435888183462,128.4189063165425,90.1756295646228,24.480360642650634,24.39064988217086,116.36659807053935,163.2539221619495
2024-04-05,117.67251463786651,64.43035511005897,288.21907683141103,56.607081965549995,50.52802066940732,129.29443807009162,69.49980284303973,190.95622747012393,21.134738785865864,144.48554062095153,590.9087164985478,39.387727565713284,109.21539970915696,173.47819899635536,130.53729132809292,95.76422296663283,24.79822517163909,24.97476913256304,116.60042621759418,165.54998095332115
2024-04-08,115.75806639956933,65.42746306875767,289.82779565294254,57.5171751918983,49.91111723314711,128.72550991152676,70.14014188127969,198.51732650058236,21.32347752231052,148.51672046786436,577.140293479208,39.55745801672881,111.12763640012061,171.7907646001523,130.05243340394847,94.31422163309895,24.361351134866883,24.990425085105837,115.17711773062355,166.4947405260058
2024-04-09,114.3477146273006,66.20209386190963,283.6837585742041,57.512864251879925,50.923745238690664,128.8922235251167,70.91640987461078,199.73965617831962,20.97977946520127,152.1900777153629,577.7363494216704,40.50373378860727,111.35486132356596,171.3955384991241,128.75924924735605,93.80014546469589,23.85173779615453,24.682250314363383,111.4298882075614,171.2558225417791
2024-04-10,116.21949545042183,64.8464034382192,282.7096208908627,57.84768533454142,51.1312289108558,128.41044967580686,72.06924194449229,199.95996141726428,20.49922751948121,151.33960911835916,587.5695945653044,40.82899052237916,114.16295205349626,172.83912120226495,130.1671544128209,91.91185190351952,24.201424981044024,24.800017699296824,109.6726265910323,168.14449675281506
2024-04-11,114.62239467325158,65.4643666959979,280.1562059421622,54.657675381173,51.27036427899827,124.4267158084197,68.47772725513295,196.0067419132309,19.8570534823073,146.1983720914844,565.9939877188054,39.07832959336116,111.14787854934244,168.71661306644702,130.91587129957773,91.0731644379983,22.970901661475175,24.72084241171178,106.7465826730799,166.58245542502937
2024-04-12,113.60681966526265,63.65466425447725,281.6357868723031,54.46457474190025,49.88239320486967,126.2716806565051,68.88535257887186,188.77965619597168,19.843199870871313,144.32829169854782,558.000504066883,38.65616455482884,109.91841813060476,166.58448690833106,132.6877966762847,91.23597344645027,23.02724583985974,24.1236930051069,104.10042105747155,162.8554071304414
2024-04-15,113.83583240613942,62.72643952686092,282.5339914905574,53.131113070996925,50.09629807689815,127.7733482544852,69.5775945808473,196.95518067853308,20.141732882429668,145.75932644019687,561.6705773792703,39.09872224512493,109.93196388658636,164.37063269764025,131.46062550281442,89.12093417090773,23.098617618275384,24.332625780463424,102.05947581097313,162.9401841443809
2024-04-16,114.83938078910283,64.18549862232004,286.17930052201893,53.070915774409244,49.95719096218895,126.94792289838301,68.99631817373735,198.8408703161102,20.629910477023646,146.99054830835593,565.4705626730323,39.57012744323048,110.42125912853683,167.76492167424402,133.77763674785146,87.98105752198424,22.90466641037548,24.302132296846263,102.8958071880722,158.89788215870405
2024-04-17,115.0718896718123,66.77843244462089,280.88568084412077,53.18039719236638,49.044159248163076,126.67934164387783,67.47140988789123,201.31848103890522,20.084848074834632,145.0701160049246,575.6895825310332,38.83849651113427,109.6262412802231,171.7025367694258,136.47680712004149,87.78559464018868,24.013867458096815,24.438975892634495,103.51935070317927,161.18625016093966
2024-04-18,113.55749746683452,67.09823531723525,288.40835613523154,53.706008894364864,48.80865996357352,120.74371726086822,67.69042134983259,196.4880746132393,20.202607759977518,143.37929473552023,569.2925473841461,39.35490250448307,109.49670288230496,170.36840457989604,137.64300429488097,90.21535044175592,24.390826054361828,24.927292255801444,104.34591607367764,165.03179475836714
2024-04-19,112.62016097239652,69.21505397855891,297.4957160544402,55.22465092680904,48.834409349523135,124.54658389791857,68.43028399896536,196.24261619424644,20.65070684053913,146.58384380144395,564.3772793072733,38.80105581378165,110.08529367678585,175.10538165639966,141.33860483217683,93.70478442488331,24.52929432756541,25.988582914931953,107.12657609392093,167.68495188338082
2024-04-22,113.19758563708048,68.09540009288392,293.98632850229467,56.23767936005853,48.303708978436774,128.50176685077668,67.88914422467172,197.23749815881067,20.823896753157186,146.9116440842884,568.9362569899849,39.07916471438635,111.49781016606065,175.51950816902178,140.98320023444543,92.94011862777806,24.08652502811534,26.164649133270377,102.85259736049528,168.6152560430501
2024-04-23,110.91873458115128,67.61324434560477,288.0944222606742,56.53899314634991,48.39722355017999,125.1211810500228,66.81649241497176,204.55028466190527,20.758021763821116,145.70250917418892,555.9304695376161,39.57799820648949,113.01435094944293,176.2807020321803,142.0874651409937,89.4728204191784,23.026374375462076,26.186535075929992,104.55347033216489,171.73503048432852
2024-04-24,110.04724269958899,69.24230660363858,277.9136457993279,58.686444250615466,47.638904193651044,126.60915705579772,67.47437605171937,207.50504226439085,21.021801393816187,143.76056195492754,567.1462802826163,39.85933184741864,112.49114131205044,180.2923095441944,144.53280610642676,87.93518077123291,23.11083801567831,26.29396392574058,103.61021544937242,169.34907231816788
2024-04-25,110.74361028971876,68.06930947548499,271.07452003890853,60.918779661855325,48.807170487353325,129.29952907847627,66.90765723880526,210.05149055843657,21.6130601624027,146.86414602724557,579.8605420129368,40.36789284012454,114.27102910028239,184.03165542349396,146.1734297715495,88.81181808680687,23.642458523800297,26.895414056909825,101.34835521945021,171.44970244513252
2024-04-26,110.69825097314576,66.5550144329814,259.99465734042064,60.53593308590029,47.3228597537059,129.19562663389058,67.61944681668277,203.94516076280863,21.724935225260946,144.1331320999302,558.7373544050926,39.854946552652635,113.23735079435481,183.14167583533086,142.1609934227563,85.24532833508259,23.498693781724782,26.367634635017957,100.66860628776642,175.00731488787272
2024-04-29,108.63568302693491,66.01189781659784,253.56260064566118,58.58234879533699,47.34064961246654,126.35972465126324,67.9012093902,195.427659052271,21.199502120751486,141.81628410896968,556.1231566017815,39.48889396760298,112.3022573750216,179.01257686256972,141.29397253243621,84.08664314040834,23.463663349162097,26.143158288803924,99.46459879397823,173.7343983304842
2024-04-30,105.81434785371412,65.7040186218709,253.93710318641223,56.151953614944276,47.73908799243294,123.95262876296565,67.34144777095932,192.19282918909045,20.878066336006693,141.87192027032353,542.9129401553702,38.99446745768902,111.73351733097938,178.54523576402212,140.09090943243493,83.65888276441407,23.53216956909973,26.58096505727869,99.08797723165678,166.2357730724924
2024-05-01,104.32328253312937,66.53944892236696,254.69438805177137,57.32713723980489,48.32301758006654,125.8804351958241,68.20728962435945,194.87651823746958,21.026214947386492,140.90471559388178,541.6587383430689,38.07307079204397,112.61789320147504,176.9775318664083,133.89747841301786,82.70297602449142,24.041674761451105,26.92165808487347,100.81986546594838,164.01715261110962
2024-05-02,106.47075077986804,66.60759811807056,250.8854296331072,58.0274128189574,48.40142192848263,126.96930950107013,68.37083032971773,189.70738634885294,20.890865560796957,139.34547586584756,563.5339143438711,38.04429356734266,111.78340365017675,178.6582009100923,137.09765839658454,81.58307636441282,24.905025854406958,27.296061376244413,101.78739315808818,167.36156614549253
2024-05-03,105.40721488590322,68.20079416407167,248.4629610603021,59.06972679590279,49.47529645478046,128.03412138811012,67.97935514648822,191.10045124807706,20.512010300530637,145.0004281597747,568.5445529643875,39.11491453147603,113.78571584501414,179.36776877477803,138.49671082990892,84.18824259840378,25.485931466675837,27.846242755369577,101.05262360438986,167.22284320963266
2024-05-06,107.24967454954043,69.24134938650015,241.2380131916737,60.1181087852473,49.895394331703585,131.01905481465815,69.13893995000711,195.34376023481587,19.814921124314107,145.87130603497476,563.0538889473997,39.49215873634601,113.41079706325671,185.64950742457125,138.15716916519713,84.82480732484909,25.155886481032955,28.25590051343089,101.69723309114649,168.45540415876457
2024-05-07,107.01173055768886,68.04839216345187,236.997794558469,60.94412002487796,50.17147608616206,129.56578153271033,68.48277902226505,195.8308524561603,19.805082899208713,148.0899991910318,587.0887970186017,39.41221170138025,113.36362974148052,183.1656899998481,139.12116145780814,83.28944196401,25.343985599909352,27.81464169799771,102.09294906291842,168.9064494305165
2024-05-08,104.30980146985544,64.6153239261113,235.44585906507484,58.0299732311231,50.07815159142586,126.79954082641972,67.1669434908767,188.52324624908331,19.691085035632824,149.69466295850782,599.8263161439178,36.54046385199004,110.39243264016423,180.59628031987634,137.91010937729249,81.57321070581408,24.83311462761349,27.357370463586822,101.55141086660359,168.05990341440767
2024-05-09,101.98492626535393,62.73034909828634,222.50395760542239,55.687761809178134,50.31737606962404,127.80916093023157,66.68940695169324,186.62473596652362,19.242055162705682,144.28214028914294,586.2759485462475,35.51667807692157,110.73826424428725,176.1684697606994,133.39593539556577,81.08030732929623,23.946544571565173,26.90245226683043,99.98008084841365,163.32854521276502
2024-05-10,101.9897897349362,62.422035836344186,231.1441646241082,54.510244728482704,51.16616943733597,128.08760923830496,65.95484749359328,187.9600682850408,19.4118296591131,145.21496235950318,578.4812735003661,34.909592626420036,112.30170468864448,173.1045409981737,134.66416469848065,82.634007741572,23.96697973563251,26.223963445459024,98.78577291733527,164.59977716349678
2024-05-13,102.518190489796,60.05659231757762,233.51724440701406,57.113674964814756,50.69239906616954,125.51926696925793,64.37791902750173,183.59757248027896,19.209016543528353,146.64373156589352,598.7017463336572,34.6438034912057,112.1075674372767,173.23155361651817,134.31431940685735,81.9148676545337,23.80770068799898,25.568990046175177,97.55733031453757,164.98235498759297
2024-05-14,101.70107789406102,61.5500690387695,231.98134487616537,58.048949143246574,49.178213953562164,124.3690648743164,65.32306451591313,181.9434044613057,19.632173982076417,146.5404482372511,583.8138146561764,34.45121209646662,109.78601948261773,171.71904920105794,135.84962133057854,81.55457500143554,24.412914001258898,25.389649346231913,95.27409405997042,164.98195114905775
2024-05-15,104.59044936384323,61.398748587110724,235.41949362737574,61.45024455385597,49.96040052932432,133.30286500268818,65.36509584153914,188.59354277849212,19.440976757501705,144.60333697613993,573.7986945535572,34.33404396786403,111.18080594383844,177.3197900665731,139.18754160267164,81.30075227978044,25.21881167870468,26.05927062287622,95.2497122662903,167.60650059156242
2024-05-16,101.81053845161901,59.08382908779716,232.3669881403017,63.1065003143677,49.45139957947147,131.8135992961018,64.044602345217,188.668164088387,19.000473378214696,145.36050609416532,560.5440701760909,34.56243169592101,112.22783309093037,176.90589223600836,137.21141589185956,79.35116295417858,24.838387768228845,25.402700085897834,97.38802409384351,163.27080607448536
2024-05-17,101.42940409424365,59.713137074318034,225.71570376593365,62.639767424078805,49.44380904137925,127.35261550342251,62.966933043925685,191.01673586395762,18.6947788363447,140.700739755694,549.1241619339462,35.04381540718293,109.09912135831584,173.03606398866435,135.2026650767415,79.70126764647382,23.610758669381617,25.53620604235989,93.98348458671818,160.08344738673466
2024-05-20,102.57886240473363,60.26161883079279,223.44637348266016,64.82128145252943,48.92378220121719,126.73437855212653,61.47985174150735,183.9470380365475,18.553250742265,142.87681740275355,575.279537781201,34.6077236481327,104.9368928790131,173.20157117423864,134.4888218794218,78.0188254658763,23.995116891883534,24.79447583259725,91.50023120887853,162.76176870936035
2024-05-21,103.21651612149265,60.707761733026786,222.35939344157808,64.28588180976851,48.99577461257207,125.98267242421181,63.42097090997892,186.35997759653742,18.374825169718015,147.0393910929956,573.0833207405688,35.244403101402014,107.27605844964893,174.4068386210265,136.15574445424633,81.29205559366315,24.45055420229243,24.713420156302757,93.03572990616492,163.81235226681804
2024-05-22,105.73919254618404,62.24258700566726,225.70306273049883,63.33348174386625,49.487775376353,130.53566051602968,63.64619316908324,184.88804891770152,18.45903045220856,150.16153973274064,588.9646709961429,35.908157090308336,109.6258042624717,177.9832064339534,135.80921394277718,83.96420140776006,24.975107313371815,24.797879329925596,94.2450293695457,161.08626967727974
2024-05-23,103.78864000683899,63.53445493401944,226.55549041567744,64.38875452411698,50.54151068471001,132.69211033486553,63.24434853349138,192.1015326348479,18.569083425401246,148.95572907212576,587.6602825563108,34.87003966105644,109.27583207289061,179.5185007087535,137.50933856492108,83.2447801002485,25.06085697583206,25.107793076708678,90.48826162197768,160.05647744508602
2024-05-24,104.44337746157981,64.80687037697136,224.4240845017666,63.960693245303695,51.27196579917342,132.80760463532454,62.48360497466071,197.70813870440261,18.467041480741017,149.97376374145387,606.9563833745245,35.48620168638695,110.83210123882415,180.50670728073854,139.32479995389144,80.94852464876573,25.119146281995715,25.261822353702435,87.76857153470505,162.71586620288343
2024-05-27,101.636596490179,61.970739532845116,219.8893528346284,62.68248044623383,50.92128724525458,134.85228959594443,60.8493468574878,189.67683872158537,18.499826052184627,148.68627856649584,617.3773673598438,34.91495549702839,110.30723714264848,179.01578654555829,137.6269008864171,82.515733168096,24.60619866678372,24.662446223272553,89.09259217031608,161.20771354543595
2024-05-28,103.17071989430681,62.806620178742776,225.93398777248422,64.15105825105547,50.9333372574874,134.76363441551433,60.66733951018911,193.6875213804235,18.552711988257094,150.59967595308157,606.6494179699955,34.30481932365062,110.10821212641306,179.591829919392,135.8016166118699,81.84678044094699,24.10200918694896,25.149335820204612,88.37453729033348,160.2824028625958
2024-05-29,100.87162843155988,62.57929379782261,223.16536270916362,62.68052107140907,51.073166315247036,132.7027492223215,60.66106410237161,183.40386151367196,18.677997346273713,150.3959358256017,615.9434251631665,33.39977274833387,107.80568834114851,176.29049238508313,134.9247002479585,81.16870465433755,24.156903660832533,24.884737056615702,88.78625310196482,157.3651381886203
2024-05-30,101.00141528197285,60.52163228332467,218.96121044459267,62.412516090592625,50.462063712449485,127.32535153760423,60.51826368743634,175.67045933394843,18.86139289099361,148.35780190365287,614.0545143175526,33.4355743110233,106.4460061818314,175.26614238692275,131.83210426860055,80.89835885011557,23.794530122795337,24.277785959811226,90.19196212290191,157.51264508038395
2024-05-31,103.24247396665066,61.21438236709556,220.66607903584355,65.22682255719131,48.79650971378939,129.43780279156866,60.972582896474364,178.47918736050306,19.401483045310393,149.91893231801723,625.6206513685922,34.53224507121038,108.48195719340467,175.5830635742241,135.2962654708763,82.87688818984714,24.054189902233727,24.943836108918273,89.27251260815046,161.41198272827683
2024-06-03,104.83580626551102,62.92718831044656,226.87076380668395,63.392300166988065,50.05839835784745,133.68580599772574,60.83923307151548,181.24676318593148,19.276210145471957,151.18198541285244,604.7552313436132,34.60486172970776,108.9373399209133,179.23678492244318,136.3277959370767,83.68202399755705,23.83341617140372,25.255719990311825,90.53227964296813,165.0272903726177
2024-06-04,105.42939131552876,62.8379918725695,219.24216392883505,62.36092952885466,49.49284316527138,136.17022455879302,60.906252195222116,180.1338995805082,19.125817191547934,152.68074911154324,602.263565916563,34.10267866624108,107.57356856582926,175.3465470243442,136.59602352326434,82.10880142334523,23.608518047233062,24.640532497297805,90.14507448750363,162.30322944196783
2024-06-05,103.73087902885008,62.15729175556666,221.36799629143886,62.948197916771065,47.89841831646455,134.3552884296626,59.746270919799265,177.51608230972693,18.97364849558717,152.64529403577802,597.7641603503165,32.91283976368074,105.71997008958411,175.39255039577282,134.1116807450246,81.54870293066847,24.374187341273824,24.64612610580762,86.37328402688044,160.31291900770708
2024-06-06,103.84837945881742,62.46420248442191,218.3051995643121,62.738197816801105,46.74192412951866,131.11040973070575,61.030011258547674,175.32842709446018,18.50747692524079,149.8373767931469,576.2094636401018,33.093435547986815,102.10153727424833,171.66625687510938,133.099402346964,80.28887386743715,23.187237397910753,24.42454517082312,85.19740179629761,157.54327956864265
2024-06-07,104.18794775578897,62.14277968913223,215.19987860566673,60.395298029998685,46.06055572273767,135.10034022940104,61.00975832305104,173.85978278062507,17.979125903479858,152.31977125819932,568.4167870285199,32.54011362387324,100.1706845813646,173.45692541580132,133.2480533237533,79.38796227402976,22.953428032061503,24.673441013804716,82.06013221880897,155.6666483592168
2024-06-10,104.02803426986044,62.35155837009362,206.4957399911297,61.923992643656575,45.63554258773001,135.0884824823333,61.112449869072684,174.52851912721079,17.94850850006628,149.7382840280769,565.4282916548854,32.92733067228311,100.0651293041924,173.3517832810071,134.49420915100805,79.49532149761755,23.73176572546661,25.269764176236876,84.70439607452401,157.31126226119525
2024-06-11,102.39348700009108,60.68082552311748,197.71194708026286,61.854169579681255,44.012681355991155,132.822576396519,61.85683405657667,178.11928716147693,17.8900591310305,152.98775519933628,555.9641236285884,32.4838518260072,99.71657115559739,171.04713130839184,132.94212501413483,81.37533127961112,23.935198979565655,25.04667847269461,85.95127271671576,155.19090442527076
2024-06-12,99.21903416525335,59.87347745888189,201.0194105149018,60.62347777071337,43.77243675379918,136.58527414909233,61.95450394660578,168.44644294477195,17.742991114262466,151.78386660963127,547.2520594654316,32.551355262572145,99.43696757524314,169.74575172534412,132.59586834903268,77.96456269028742,23.017850398489895,24.599059491689886,88.46214888485166,153.3923121787581
2024-06-13,98.98077516812977,58.515932357454275,201.31272330541438,60.38345439618055,43.48160151036462,133.08904499317185,62.55283925603946,170.75864730953603,18.056333177501358,151.3200790427674,557.758807552186,33.74463152401146,100.58098527041682,176.5431956539533,131.49573333644864,78.29374755557491,22.961313541386005,24.900751330850298,87.81221974864047,153.81210752591375
2024-06-14,99.36753512103951,59.06354183862787,204.5675027922843,60.67899235548598,43.20819851578862,127.59273452303229,63.03685304240099,169.72854608203156,17.53193700824565,149.0269513355233,556.3345720174873,33.73024044652508,100.88719585432021,178.02770019764475,129.25339319950422,78.37007650927305,23.110436073329126,25.027156493992173,89.29502504495262,154.31604880733983
2024-06-17,99.55570746918099,58.79346447140944,199.8592053614145,60.407585858894315,42.39860330334128,129.31371093370436,62.47513503795515,170.9034581225724,18.118501881542823,147.72393284109663,542.8313127756551,33.93321753462851,97.53949832553766,174.72090330616723,129.91048929975764,79.44927664979309,22.427004718414693,25.192061195869424,87.95893452829282,148.81512872515935
2024-06-18,99.12971242564743,59.03944774716276,207.25401184541815,59.75833998823405,41.46375729959848,130.71867701446595,62.60085193583551,176.36267169956207,18.10122797196655,147.7361003291075,547.1684817988022,33.42270197043067,97.77434959295046,178.89705718094655,129.72515137228746,81.2120369853763,22.22144064877642,24.866716424666468,88.40175704145368,146.16481582756794
2024-06-19,98.9054565998162,60.45399073058035,212.44831239553088,58.68399614748392,42.37652547097603,131.56278679763,63.33721914071297,182.50040852260102,18.112270287121035,148.85593172856377,536.7472085414643,33.18265830617527,101.61027439565882,175.34430714957455,129.06194360934336,81.26460268530433,22.16195674281195,25.25860076767415,88.39793635644476,149.48731481968235
2024-06-20,97.50008770170645,59.14014263774481,214.33776057655302,56.27744049569733,42.959078175810646,131.3057772541129,63.85795632278772,185.2652695668921,18.5064643858059,153.60831906041275,533.8131048317882,33.804839082421566,99.5777856656616,172.29823896046923,129.1839850138714,80.24078823729852,22.246852165228937,25.178539754081463,86.55639777626142,144.61741012594834
2024-06-21,98.05327027964925,58.446266023602334,221.46824345196907,56.73854651796243,43.59449940319092,129.47104847191866,67.15615307233728,183.84740020940686,19.14905088453064,153.1036336899455,527.5490033487937,35.15529042932298,101.32881050430076,176.92266885812168,133.37767710649473,79.76589763791195,22.43036547514843,24.935654406658678,87.21730954367669,149.07272032215022
2024-06-24,99.99992452942512,58.8538407405478,220.77878289858955,59.161342408667586,43.83748023215274,132.3074263606886,67.29204573547985,188.53942186583132,19.65906693652754,152.42043742183913,507.8591814299782,35.77375802572582,103.91208943020412,180.480469556018,134.05372960830223,82.00203844762596,22.949342093364727,24.535361531348855,87.68885764326652,153.0706435144975
2024-06-25,96.97381340469391,56.27589442341769,213.73856509482795,57.58965994718042,41.37861235417286,129.56277397394925,64.63246030513714,179.51101676735237,18.44095241423149,149.05002953323824,488.7049567841698,34.723068474643334,97.8536523608237,173.94676679986281,131.53946452078554,78.46348087347174,21.532097987421643,23.15683530768816,83.03303483474572,147.20242739322543
2024-06-26,98.17234809419462,57.47230945872786,215.1973461673491,58.82226705758265,42.66784730418719,135.0227938823481,67.08064602231657,177.26109572812834,18.92204484127307,148.91246806472103,489.88419143069774,36.1542513600092,100.05555216855814,181.04856845724717,130.97753462824505,81.81200789231352,21.747891434971645,23.38802930327656,82.73479128499135,151.09983136335063
2024-06-27,95.5776911341132,57.28941003737617,204.967286356987,57.811511796491665,41.82942869962353,126.13427197919056,66.66080577899952,170.18715662101263,18.8224693772585,148.8922477837848,476.56269209528466,36.306753605983296,100.8022791084456,175.38114452588871,132.4424270676055,80.07342851205482,21.022668107692336,23.403254208408278,82.17471636308046,146.96581249882973
2024-06-28,94.71280156016029,57.982724815322086,208.06127071037514,59.12982647798115,43.916753876650425,127.28679094177454,65.89433743189444,174.6955693953446,18.78123536002072,149.67860261991578,474.04286832825306,35.2502740541709,101.42970970381644,174.26886226029382,135.06504234599166,79.89442657493935,21.087767460799345,23.465121054283117,83.08108705227,149.2207415676305
2024-07-01,90.7337062307727,56.62154342780791,199.53827936596693,56.07862145665279,43.99943265500893,125.63278825248194,64.09112968356001,172.3777054526106,18.571119102088183,142.5446283830083,466.59701662524344,35.31603143174975,99.00743397507016,172.14136478340112,131.91193412058382,76.87873309547987,20.56396155892066,22.883773045581535,81.10890629815079,145.88254565423705
2024-07-02,91.48442999054207,57.3352522638853,193.0119778853925,55.01181669547835,44.31435754110449,126.77406420164311,64.61033158193925,171.60221670082828,18.47326816491264,140.11250408609112,462.7914723596717,34.241470869573234,97.76030549532635,169.40528349097508,127.51805281983951,77.02000039865848,19.723529593837828,22.385910201103286,79.64334977665563,142.52605894970407
2024-07-03,89.639580906969,57.19153164148818,189.0493682182393,53.01687852318957,42.845668184469616,126.64368653240557,63.2287488518405,164.528919273369,17.594398945517597,139.49540060414577,456.2076222740468,33.24617281669423,98.28623015882548,167.61381107092166,127.32757977799805,74.85327561479677,19.222399311654392,21.55272626652727,78.26663817205356,142.19991828891975
2024-07-04,86.7961251127264,57.963593356498194,181.77710956606748,52.563878895934494,41.684301926618296,125.36837734899278,63.30350788364882,160.52502215498677,17.232928813481838,135.35073234203213,454.02655611169047,33.20843749774176,95.75903776240362,161.31713680023685,126.26298088858636,72.63411316062583,19.047990571615724,20.678343079062664,76.9549532770147,140.14135161702615
2024-07-05,89.75717458812932,59.35493175637089,180.31852339668194,53.38332477782362,41.32720821030953,125.37124019550951,62.74906994327744,158.67130713271277,17.474937007607156,136.41692642511296,461.1437360946433,33.87891785379515,95.37101185076214,165.07830816779583,126.15490742038365,72.38259756476984,18.711040294519265,21.200972324113362,76.9702462629446,141.45989017315495
2024-07-08,88.47753639495643,59.17054286773564,185.14373459426048,50.29125059348974,41.07008680025735,124.41376529444919,63.133266468401565,156.91241645774682,17.303154572748994,134.12311102192615,454.2804913145007,34.939902607721095,94.2181014623175,163.00683520978575,128.2978791404455,70.57146971357433,18.817626750371016,20.785675638072913,77.22967621753045,138.22168316390534
2024-07-09,88.21139816602158,59.79561851973872,186.421909848604,50.117954503333614,41.58785424624013,124.51200917808848,63.563402418340026,159.19016162396363,17.758957124828573,137.14858875791876,454.18787803830656,35.75759108925958,97.26918355356982,163.94502360145884,127.36449922526685,70.45897044554165,18.811135598366075,21.22317533829309,81.25480979421349,140.2849014954571
2024-07-10,88.42639418558116,59.39827845814934,187.50032940807557,51.07318156569956,41.39590554097074,125.93250979591825,62.57467193618261,158.89562380284414,17.86350875354397,137.8193032546432,474.17373121628793,35.014577366876956,96.60415443395794,161.22868566354398,129.5725592955582,68.17609634375108,19.419576804720858,20.789514429581722,81.67251693505484,140.10710836126927
2024-07-11,93.45933361123289,59.666632638251706,192.10079209956976,50.94570876561502,41.62204181285046,126.87966393453168,62.68126078343984,161.94458720823204,17.89304379325941,139.64913362423408,497.22586233218027,35.53867371152479,97.52903445890696,162.5433292964053,132.05725694023295,68.20167338735074,19.96509378229029,20.990051361257475,81.7262281986969,147.31408378539103
2024-07-12,93.5559435985955,58.32121752693326,194.5457978839994,51.60592795531258,41.1424568066424,125.67020498906102,63.06616763128097,161.4818718602105,18.024644280745168,137.50506474051815,480.896612005727,35.08274340418208,98.01280318469564,160.34092240391556,134.36109137966847,68.92397352691823,20.303113660297964,21.30783568124782,82.73334532944119,148.7526666120584
2024-07-15,90.92098954752669,56.69595489071878,194.9639178820784,51.623834188867136,40.3638541910813,123.50139441477839,61.83363399932239,157.13319256514467,17.662392446959036,136.28328430847694,477.9129211797504,35.77592265925894,95.35826139851753,155.01179944171236,131.2788505425839,65.7360371089532,19.876851289059164,21.261625894025947,80.95817797626923,147.55469307234964
2024-07-16,90.96097245057902,56.264006685049495,199.72647932172978,50.865356486405524,41.299811975274366,126.1165338661923,62.48338131418883,157.04157642529185,17.393479212925186,131.46771840695808,461.0066244177331,35.36514269873011,95.62887110883382,153.60997909768304,128.36976960823117,64.6961878183686,20.206320824898253,20.47618922533002,81.32369518079778,147.73189500591093
2024-07-17,90.89569292059703,53.21701375007783,202.60166481068592,50.43206396776021,41.31913257072691,130.61705074705515,61.36664588338978,150.2876424043007,17.34477640736845,132.71606533429704,470.88330180227194,35.04294564049663,96.02185412515378,153.2197900333737,127.96047393379116,64.4071700374978,19.819941433239528,20.357473188861142,81.46741887829118,144.82806613750924
2024-07-18,91.02382755783287,54.39770337645918,202.9477146697208,49.39733935828659,41.654291929418825,134.59170295462417,62.622901928790036,145.89074048780518,17.531768176859842,135.6052862020258,480.1749260979875,35.16892961815322,96.91931111349416,154.82863428451924,128.47885042439225,64.99806936909523,19.058433916053794,20.84371425281907,82.99219486956522,148.69637449884047
2024-07-19,91.71617659925441,55.29131384597511,204.2935964713021,50.069720874994445,41.25238950439291,134.5326268498845,60.2095267300306,140.08449112765612,17.736026209658302,135.44587170680254,471.8451911802112,34.90313043448042,93.12751488140762,149.27842115151995,128.2822719447155,62.970613124398945,19.122527858577815,20.7057397103433,80.26885069577635,141.46063880303862
2024-07-22,90.65719728072337,56.554834516833175,211.0872517481788,52.072330987990014,42.75567340665184,137.83941809523142,59.46476305847462,140.97569786518406,17.96406016124983,140.13949268367054,479.13299394573824,35.60580158069896,95.73554929377997,151.9497566615626,129.96027475562275,63.881483017903776,19.23600094072605,21.503761919949255,82.49414816031997,142.22015428724703
2024-07-23,91.13843948788875,56.734823571733564,214.96720017634252,52.35597995856401,42.963132999311846,138.92053332258806,61.03422642479631,141.58283284757934,18.456739586425208,141.30863429622747,487.8654151966705,35.61224156619257,94.22720724445395,151.0788987237113,127.72483024456302,62.86942320945972,19.9706923793999,21.18167497329071,84.39240245656609,141.8890862123039
2024-07-24,91.63976462345884,55.59622237865637,214.7249004492226,51.459508711122886,42.970634056404755,136.30682868912098,61.16828724920787,141.0897365410873,18.74787096433698,142.1720036354933,479.336403627957,35.745697835311354,94.8171437746388,149.0830443438538,128.6112347750867,62.232456516428265,19.86597956845613,21.069079264112247,84.14240332685678,142.24068445729532
2024-07-25,90.69686350991668,55.079899854464195,219.2293616984539,50.484511894444466,43.94203762270878,138.85596014331,61.35711957050245,144.2363318837893,19.008356956973298,144.6766187921865,483.95926746523145,36.622531771364095,93.33491927163298,149.00299905740786,127.32145375852349,62.74656284339171,20.413923022095748,21.05435769744342,84.940106049637,141.85331476580546
2024-07-26,92.01738228487469,54.71579933208577,214.48512160769934,51.527834836150404,43.22374588195941,143.2194335255782,61.57830259768049,139.1198465913623,19.055296661945242,150.0090431024088,479.8853637943644,36.60692626065282,95.91903375355798,148.95924877816066,131.4116913600571,61.83307070609237,20.246537938034677,21.68905916864525,85.0639068106854,139.38494656573715
2024-07-29,92.03440402809346,55.35407729482914,216.6288656733361,53.474886882284565,43.643589469083196,142.28252380786046,60.865616697610065,136.84687696640856,18.847377629118515,149.65518942047018,469.2603262721271,35.56544628157831,95.57845840240522,145.77527902187802,130.73676100940682,63.24117777807038,20.389105194340043,21.890696309398542,83.97666866114555,136.92934363243654
2024-07-30,95.01460382086127,56.898784871951214,217.98638556563523,54.52740177550357,43.422912627615005,146.29156669561374,61.135465182776905,134.5332318048743,19.159414898934536,151.35404763305846,488.1086481447855,36.14832295689413,96.90226668292586,152.44462614480054,135.77862441892958,63.40832534276618,20.63958255933401,22.33674024440585,84.98939908804252,139.1947446813666
2024-07-31,95.36845793417797,57.36575187398824,213.29841452918012,56.51365076686635,43.54076410650362,148.88005235571444,60.43238008247573,136.0302819743739,18.978073601362205,152.19777409473727,497.57852517031847,35.913894002791245,95.71186522162428,152.1073570059918,136.6032489881893,62.09537020987268,20.175627875305185,22.301642223466015,82.77098195156742,138.57837046110672
2024-08-01,98.16364252050442,58.40839133325551,215.2062902014902,56.85913758011089,44.251248280470875,149.44687771297475,60.169217526646676,133.01638638244708,19.389362033057,155.03845215428464,497.5721081896706,35.23944542006921,95.44738211432394,152.10383289644165,136.42544137679775,64.07390819988566,19.97978920170652,22.27054262312698,82.21960189182084,138.40424161423036
2024-08-02,96.26742645351969,58.42103787196508,211.44753541382107,56.2592373269389,44.77301313153327,144.85233511563933,58.88139053127523,130.82958621801112,18.94257404318758,154.2128556015941,497.0780588476215,34.68030175059805,96.00516500114283,148.31142864683142,135.29493003245574,62.35749692449666,19.274253732427226,21.84235976637847,81.69107976056183,136.880989112011
2024-08-05,96.42282146088829,59.188583349588725,212.12035835413747,55.443898034536645,46.17440471727007,144.9409143424939,60.45112046666784,131.61425120513655,19.66923779175492,153.14003456373513,530.8172072380326,34.905303078564984,97.69093538069075,148.2986835437232,134.79117836252206,62.99476457608375,19.474919676941344,22.330150008095412,83.15327075531034,137.96001536345267
2024-08-06,94.13820575858236,58.63911458740481,215.64030301631752,56.48570787237811,46.55524965240422,145.55763039884707,60.11561640681493,132.45736266326725,19.283711951175235,155.80038799448903,529.6372638331131,34.22257319024579,97.36933316224518,149.09542958919872,134.97702293567616,62.25226233604822,20.102497739542066,21.69061224916334,84.7388111350723,134.86808588699444
2024-08-07,93.18372679408573,57.71519049177454,209.41398451378345,54.16651741486728,47.04310471349178,143.97441866075275,60.0023085032952,131.50020559032745,19.249378946238508,155.68113854138977,510.3050954553233,33.96559276395746,97.9715024825478,148.9585528487207,132.48554397651463,60.51444026676608,20.51523590252947,21.64833288188377,85.39841164101838,134.48053767965106
2024-08-08,88.49059964710952,56.939234467725996,209.46550784546005,54.41445823324423,46.687685111847095,143.19717039132138,58.123951658990926,125.56413341964162,18.7682473053209,154.45764925444144,511.7420189707734,33.625484821432465,97.06954034539781,144.39477462297654,130.01032314858784,60.49013792847645,20.303157754023665,21.435913237450112,85.35082116252772,132.29845620002362
2024-08-09,90.58734297806741,58.08034587916383,213.69867855585062,54.540651945733785,47.4281938543295,146.44499567607076,56.782961340055785,127.30620202387513,19.015770576503936,159.0571896449402,501.7591305231005,34.88843883434703,96.16084688899531,146.50027391848525,131.9071349726536,61.00331985175844,20.644861968086722,21.946440368835123,88.76643497064553,134.29927343498537
2024-08-12,90.76539196882301,57.66584596784994,213.82872094617474,53.92462454712712,47.22856597611407,149.83235008320082,57.216434609454524,129.54237100996815,18.60026456124632,157.34413302481366,483.07360670339057,35.702711701650195,99.21408005608386,146.2304669494478,130.1159141822461,59.81803450784809,20.150042522228308,22.098996494230377,89.8283958308,137.4859491959048
2024-08-13,93.36480880991684,59.136456285831635,221.65224700201816,55.1495128378802,48.49498982813114,150.12218613895388,59.21749244583428,130.41233300669248,18.696131066344513,160.9987232776108,499.83013664376665,37.74482895972981,99.53217288261952,149.74662417659874,132.79966827852908,58.56425724747308,21.072605648892786,22.28178566430011,91.12411501341555,140.0493757377007
2024-08-14,94.69036254395371,59.36699335193393,230.19737001597736,55.903484498103744,49.08681127348321,151.79784202732873,59.73001778636138,133.23378776624662,19.469682717697648,168.11479744746458,510.11500977818673,37.86328778499549,99.11589763085416,151.02155485541908,136.4259411541359,57.21980873100236,21.25761166941587,22.82882774776481,91.81896933297476,142.02528765137734
2024-08-15,92.10190555007914,57.80346419924345,224.0734866248466,56.16704045346314,48.441948661660916,151.0301605751183,58.293054191871384,129.0196682111437,19.389538160387094,163.6298990452033,504.58840610955247,37.684869797079294,97.6134827675407,154.70277682150672,134.74353560484937,56.97903371000699,21.085571622007702,22.61949127021088,94.08483529821352,145.7125825749104
2024-08-16,94.68742996599477,59.20866672930875,228.54129781991136,56.9480145214965,48.16477018016003,154.30434733395325,58.84913647702929,133.622541630096,19.638349885878842,167.70184063946658,519.7891817321859,38.448162622952374,98.26707881406013,159.23213597646708,136.39668767656102,57.91223323633824,21.330752609743772,23.278026949934688,96.18449953954439,149.0575251261902
2024-08-19,97.50530460136413,60.40840178060522,233.8645525992654,58.173374051758046,49.98323233644005,161.03419913881507,59.75671539930295,134.93938853253775,19.904606627370416,173.82892987015842,514.9819590221723,39.28487579836763,100.97229293729293,163.170831428217,139.58358276856478,60.52662762502506,21.811884677793625,24.47736127001235,100.41764102329508,153.37037983441695
2024-08-20,97.64211775251023,61.91617541285513,229.08530652547768,58.09966217970934,48.812152795302474,163.80068689276257,60.19779261316223,140.06576118911013,19.95150519317914,177.36948377345743,532.2139228792447,39.78144060379824,101.18954419948109,160.04222498894003,140.58839523693163,60.45979497260961,21.996386450426826,24.609280121528883,101.19633256140705,152.20713205024228
2024-08-21,97.80002609983423,62.11555174045805,231.8155060796787,58.80507816205494,47.459833738461754,163.24357029332626,60.29158350247142,148.89201941560026,19.593121737658574,179.64589387003613,513.2440875521258,40.45142542185341,101.11051340208856,160.11584875337672,140.11946904297443,61.63178952235938,21.716200280605737,24.531862646064816,105.06349768683977,151.8918913991698
2024-08-22,98.37588459408889,60.55773280759918,229.36711494282554,58.33339278080627,47.613995440203084,165.1323393531918,60.65129273774544,153.15342097414052,19.395663651015518,181.158690920647,509.84607696781666,40.751638399508465,102.5549574371028,162.1703471436921,134.3869037883097,61.91738912640268,20.74401973227255,24.795491024560413,105.71478400762221,153.69338294073063
2024-08-23,98.15135099979337,59.61141872548968,225.45117313996718,58.01148199672958,48.13806064234873,165.024355938869,59.502360855996976,150.33988492799983,19.644617409123164,182.43539215418505,522.5183851462358,39.96816633866435,103.0858389329806,161.9690629468358,133.67792773941028,61.636589460745206,20.42065657455102,24.38151916655494,106.51187323849531,159.70965285554792
2024-08-26,99.73365430939816,60.9301738274363,221.01372621690868,58.31460762282451,48.708445730289895,163.79944775136718,59.79518092202475,148.8181875327437,19.723622962272117,184.432744364578,529.7993926284233,40.84780356050851,101.22312792347836,165.55917312676257,132.69993481974987,62.90607357850079,20.25988961917561,24.37207157397955,103.59785062286983,162.39376144830905
2024-08-27,95.5709764722431,60.78612720386741,222.68022263277666,56.5971745506428,48.630487636603526,167.7267268556428,58.87599222669357,147.02454582431105,18.98296776271943,181.40400276118228,530.1576380508399,40.46108161162016,100.05381343591704,162.95891956805275,129.52465612032964,61.51640332784323,19.566707664159846,24.322152049626887,102.04832101519355,158.7311004034345
2024-08-28,96.78321613662281,61.9068446706203,225.19620966139638,58.26741561801549,47.76091925692008,167.38574946854084,60.018492069268866,151.6203824917007,19.43675441407329,183.2397377255337,547.8907415171135,41.162058001428136,100.97055263987315,165.6674961212672,130.17644567117063,61.38346411100915,19.873129315142222,24.70479623249831,102.53743378020984,161.7243872562265
2024-08-29,95.54471333464588,61.79489434419747,214.73756739489033,57.81090375167222,47.223110201092915,163.91711145672016,60.00181869036548,150.8293429540095,19.011651328780452,180.7293983630112,535.9085078966654,39.38023717702379,100.29908340803037,159.5438803946329,127.34287306051544,59.498507114886564,19.459804037539,24.204629052139403,103.29222397318348,160.50247367870904
2024-08-30,93.76862403342032,61.605381880088984,213.21038935957944,57.17200286123381,47.10068153628278,161.02301215917782,58.95642439003367,153.63079432734085,18.822055397537014,179.74459978605955,540.9691525650612,39.95383413741921,96.74183200986626,156.91687403812216,125.91871869704892,60.01161308195741,18.899555423911732,23.90886568311931,103.25742640945978,154.45424444774184
2024-09-02,97.59742685999433,63.9395948603313,215.3588163737384,58.330061942896,47.77120808873676,157.62780812648194,60.71355343373275,158.29844140379305,19.47495620123776,179.29657926294368,557.1500846611998,40.4218417498656,99.11489882303431,159.40607741531701,129.89205365190725,62.85845624600422,19.098852883272155,23.9879875064067,106.95234087599839,153.6263077562607
2024-09-03,98.15593708024211,64.62314026121605,213.7598030991271,56.048299568944046,49.18644112501069,160.65420342890275,60.67901649014949,157.6145826910612,19.394576152593103,181.62312811123167,545.9751037427177,40.640000400414735,98.42495531549308,163.9015973611897,131.5132496956681,64.75887966183424,19.050692022654005,24.545278004038504,105.63260513928,154.7787368663804
2024-09-04,97.0914179224566,64.14148506871364,222.40811279187506,54.345146571168094,50.323595894145,167.57678634516373,61.76638271654005,162.34188163483955,19.327659592786098,183.01351346659865,557.111569456327,41.250205268412984,98.44372827120144,166.0454332758092,131.32149317072972,66.29004200329783,18.299387542292788,23.967303921967847,108.46036961572258,153.2384295987068
2024-09-05,96.81024668532046,67.9931552977274,223.32087436245115,54.22316698721631,50.76410546283805,167.46134662203255,63.07104973878278,160.2751779873235,19.536731488677205,180.68744724388858,578.5158550096085,43.09426179427465,99.1763648588592,166.96545400313633,134.06715131047537,67.06205803284152,19.1309087428982,23.704914011874276,110.56684541506948,157.26262117264505
2024-09-06,96.04906040229943,68.36744837845268,221.8675258494193,55.01960719517135,50.776235414964624,168.661160315893,64.27049798380604,159.88989730208414,20.152364059601286,187.4798710376464,601.14192561176,43.63966017641524,98.67940009875278,171.3026396099396,135.79092300684061,68.76590847517558,19.31763093777248,23.88659357807003,109.61089078571749,158.10829638236274
2024-09-09,96.00911802963375,69.25280743594796,220.13049174531992,55.79746147540266,50.928880919480115,163.46834316836015,64.53386674171047,165.02070421330535,20.358998728692384,188.00128943522333,621.1284320278229,44.624671035589024,98.49283443581771,170.35756642955576,137.1685841982188,68.4651814963223,19.521972767970052,24.452946544847283,108.89052452508912,157.1883502600184
2024-09-10,98.05357808624528,70.42724382056628,223.59691429868877,57.19559748132233,51.044962318206466,162.9552923921492,63.8589699617887,166.25097703354302,21.07363912599877,183.99673703946337,592.1769512046104,45.355166329566735,100.11847823726325,168.94760337180884,137.56667258220304,66.89851472291724,19.790480169858444,24.729015672303124,109.77765557508032,161.20124291495955
2024-09-11,101.66619472687493,72.00160724574656,223.43976447741235,57.64838986016554,52.249094762096036,165.05554812542536,63.71583829772864,170.98935484019677,21.168615896720056,192.014059424238,630.4129778400345,45.142669708074024,101.2536136461331,172.22874934930817,144.5021044877857,69.59611842874398,20.583753274177223,24.861192176630485,109.1092432414197,158.66289548564978
2024-09-12,100.17785298474787,75.16128521067299,223.05084666353585,56.76028561233145,52.80833973724933,167.75254427687722,64.1496365266553,168.73333351662572,20.90889177356842,195.86089525470325,611.8197083207472,45.44055403353363,102.26131912712039,172.49509073228313,144.5556731865368,71.00449739804215,20.30830735907149,25.23562615007147,108.41075372107544,160.67611749898282
2024-09-13,101.40980828912338,75.61269735585775,224.4374657134643,58.27087431924463,52.42044746844237,167.18608573962456,65.20955433136606,168.6912857478038,21.050790218044824,193.6524518950514,617.8111262060338,46.317579681788004,104.12255253551406,173.07828156082755,144.06705275818635,71.03087491590144,20.464664501540074,24.815275845802592,108.793336905867,157.32529422217038
2024-09-16,103.2454241397679,75.51153194198379,227.08933976216795,55.58757201880899,52.70869088678076,168.30040446073596,65.82085855898194,166.73659430818816,21.94748219949741,199.2067305111946,624.0374445480624,47.18958689184632,105.37149998276331,178.5665267693978,142.31424663861114,71.09378011178013,21.192189960580144,24.79317674221733,106.8395934906925,154.3077879871061
2024-09-17,103.50955152439985,75.49259620475856,224.85723519477742,55.55499717546334,53.08592962858704,169.1184603094643,66.47553814556075,167.70151599906342,21.630316124918238,205.35315310524632,639.9398937885799,46.66463220155198,105.98208163189679,180.25594486171605,142.9358268245359,70.29219100355388,20.634074423336457,24.913068962143658,104.90991477418982,152.34033695366793
2024-09-18,100.31206669253108,74.74157361971906,219.04724037297146,52.42569019981029,52.93048616112786,169.60592723321892,65.8573437658259,159.9015843401905,20.85026407687909,197.70486143865543,622.7380394298073,44.236184547168335,103.57681307612368,182.00112038077046,139.32219909718617,69.54222793697969,19.756303615005127,25.056642095076846,107.5722706738176,152.86239574074955
2024-09-19,102.1883692335507,76.73214479052211,221.58911858377581,53.52772562531118,52.73802282086063,174.50062290098435,66.69920885199862,157.30943657860786,20.888926081426423,194.93092805238575,641.5205400968318,45.22652138695256,105.66729019475738,184.98634975555265,140.27381149945958,72.8942366506866,19.918233758078035,25.273249461625234,109.05195302112934,158.6500418590985
2024-09-20,101.76741141389887,75.98582623124015,218.36117796406506,53.377799294003026,52.12787100238658,172.63166848881005,65.1362486983443,154.82341679175522,20.834730542838745,194.64681800987282,618.4204354720475,44.01180005853175,103.21057757072683,180.19312755259637,138.7749241300519,72.53909821071177,19.79424148986712,24.918512879453754,104.87149246832365,151.81763464229542
2024-09-23,101.15817396432752,77.92208451675752,217.3304691681478,51.770622534235734,52.97473362171744,170.80321560683956,66.7040124559353,153.4937589337308,20.877830787185683,194.15023606131047,611.4408135618899,42.83443404945379,102.1042254621294,179.85717561329116,134.93761482623935,73.19366264759498,20.007220945721112,24.845877197515136,103.40771711443656,146.4721732361718
2024-09-24,98.24379605322167,75.40578309544766,210.79146273925755,50.46263790986766,51.453772913740124,168.36496608388757,65.86854313501375,151.516036100835,19.964464283325075,189.1678637365259,610.3937061838171,41.284854865775046,102.82101319196396,174.17230308460086,132.890034228064,72.35143555702501,19.3809074538921,23.88631760934432,102.97513325915577,142.67617743085822
2024-09-25,98.66293621670525,74.39369658578555,211.59456713208914,53.26924310562752,51.085789354847904,169.50682579778572,65.34639859264314,147.2713705496577,20.08034637613391,191.11615829620368,591.710854607472,41.710008506472484,102.4969529853337,179.75570000747746,133.68027195623173,69.99833149315177,19.108507268597567,23.730381409767954,105.33795429548083,144.42304631542927
2024-09-26,97.5181156770373,74.23842862047998,207.02606502187024,52.49670443898864,50.813209235966355,166.16137266751636,64.88796307717772,150.46452461195292,20.32145353338661,189.318302747711,575.7404373127896,41.3469839683244,100.52846213002383,181.4399463891625,129.7717807919606,70.6415300817933,18.83267343157249,23.676994342529227,101.20756758743572,143.5108815307191
2024-09-27,99.22345182931598,77.49457995058064,205.42989061231273,52.62416636883802,52.3047221861288,167.45140807801164,66.69949086408725,149.11488831824724,20.88740622418129,193.64820082603316,606.0206330469036,41.70413275864185,101.77797360033007,185.4135357636588,135.70777766307756,72.66855025575715,19.135826375004495,23.97875778557902,102.36963233226653,144.43970885002912
2024-09-30,98.42067728355573,76.24643164178116,204.2027002616138,51.21995352226017,53.23160484332272,166.67485719686974,67.32306332746305,152.02148922876228,21.249519066016745,200.08323345693316,598.7008756543365,41.630555706192524,99.90357898236593,181.15144075034027,139.6553168439146,73.0392528841638,18.985619748077845,24.558701791512572,99.82076907878628,146.11881303882555
2024-10-01,98.40678409570722,77.40567009095363,206.79088629805335,50.10223207478737,53.54111425600097,168.56556098910337,67.89764775428182,144.58807263370477,21.18295152855951,199.3170101794253,604.1671972086245,41.8152873341056,100.94999714733359,184.30639161160659,138.5487999525898,71.8885689874217,19.37081085093013,24.70773679158189,99.34856923480679,149.04080810216698
2024-10-02,98.41231766935519,78.57048607522229,204.69683954162727,50.63098162488695,51.98679148381012,162.95636213198844,66.54289038907207,140.17398373451636,21.236163086081454,196.83005256823438,593.8440806158594,43.09906191602405,101.92143937369767,184.52066242012054,139.27421295880652,73.20598254071899,19.556640545962892,24.580726412806946,98.21763138076278,141.83160163116247
2024-10-03,99.08354664329978,76.99158486037109,202.57173373846814,52.01182062557762,51.95767761191928,167.8769394204479,66.1635352173117,139.1240187488275,20.45380413267163,196.82224152823426,585.4621151560789,42.993476877406465,101.06276378883412,186.01294912136126,139.73602820409272,73.71587970354395,19.22828243520518,24.956104114066044,96.65069611065165,142.53509666947983
2024-10-04,98.45424350513191,77.18295303923793,204.4176144428044,53.44145414022809,52.048027952405924,168.01789918927082,68.19208623653536,141.17053337886884,20.324601827597576,199.97189578987397,596.8744170219364,43.21013144138257,101.10165971292346,193.85510648505928,139.68935527936617,73.89299252222193,19.01959820742117,25.09948756882814,99.48928120641473,144.21438118690065
2024-10-07,99.19782446995255,77.59812950472781,203.6575218504392,54.24429072102571,50.75505506125378,173.33527629560894,69.44855143676259,137.30479145453708,20.49488792951132,198.2967003009802,588.799401023545,43.78774744133056,100.23165698270905,193.2236018695674,142.57166801746916,72.94333581576579,18.75102929430142,25.197496460614346,99.77276237353477,144.66942768346968
2024-10-08,99.54282848082843,77.64156938180123,200.13655521511558,54.34001856452247,50.46211399745626,175.28291275868605,67.47060995370538,140.74425627229448,20.818109223193662,204.0138161457868,591.257851326164,44.23158948442848,101.7987711792352,194.69384785898035,146.26410533852842,73.35569230468312,18.882008612855042,25.07437958092531,98.59928916118967,143.69706480516825
2024-10-09,101.82865332023921,78.67267112411645,211.70563058670436,54.91832336079128,49.79674836044116,179.78642548176236,68.19989333101776,142.92222366057308,20.670307759392358,207.38024051773542,600.9098262732333,44.49198147739113,101.50271613896177,199.8942567451958,147.04138775952484,73.79076096053691,18.94039559688575,24.70308237679567,98.93716119567816,143.17884852084015
2024-10-10,102.27968526348714,78.64719195521076,218.093066054237,54.890012584106614,49.8016865813743,181.33128447912122,67.86471427820985,143.12535355865396,20.628971613204396,207.8774422045369,583.3145617627225,44.89665846552377,101.89075447500926,201.6310590396757,145.71135751626127,74.50495763869205,18.640955769174884,25.529146560038313,101.27019337366995,143.36757666321253
2024-10-11,99.35095429725062,79.48624795516874,213.68967982209804,54.283030487030516,49.562072736115624,176.25209746697385,67.69795204299854,140.28242693397883,20.542117157829313,204.23355337801573,586.8040143749577,44.92924870902103,99.42561096535572,195.51087352719426,144.4798706816553,75.3405111495443,18.407195152155467,25.006056188162898,103.61721322617484,138.43345853510857
2024-10-14,99.30653775892758,77.07726493997114,214.02402511755983,54.77633499921106,47.99187735669095,175.80507047841422,66.4992671123771,134.90961681467175,19.799502163050548,205.18474886339718,585.3814434656798,43.89997122290091,97.80200432823658,192.2259970636746,140.2199170230565,73.66580786077752,18.03474079260212,24.121830385723587,99.69100945051656,142.53429029509735
2024-10-15,97.18194774920794,77.28846417880126,211.97515091815643,56.392287377473764,47.25675037622084,169.9681555244814,66.41563183361912,127.06787270258747,19.608425639615692,206.39230240867542,601.7816835447984,41.98412453019926,96.38940311195815,189.8838476660621,139.39104288087452,72.58059442954232,17.540576259224235,23.897411818681192,97.03749286259186,140.11893460942193
2024-10-16,99.64846488854133,79.28663962405865,218.3293772185472,57.19350289892232,48.163380178470646,179.8088681739921,68.57999356996629,132.3661360251328,20.680446451062597,212.24022982340077,608.901573242705,42.64563793823097,99.95548883311295,196.94891173822978,142.05717461354521,72.20629612828027,17.62395539557756,24.704873576904156,99.24465897473834,144.09092704043113
2024-10-17,100.41313506762492,80.00256097244879,219.83779146962533,56.80889226145699,47.12148293879362,179.02964280038617,67.85986240286915,135.3093779509074,19.96017930843998,209.5275584682834,624.2511058258287,43.12226611461744,101.58389954131555,196.73754645711236,145.12732929967166,70.32768300471098,17.867326987089744,24.89491569670659,96.0744223261923,143.85063591421738
2024-10-18,101.57807364895065,79.57245465007315,220.29207047178124,56.8771242356495,46.463010735704394,180.93588696102708,67.64022347512127,137.45265528648508,19.940919284317765,205.6361426680844,613.9277267496844,43.513986695474436,103.53124975079241,198.12029845352345,145.4695495178502,69.25842555352571,18.067526781747016,24.130134655436365,93.76956877196064,145.51203105778643
2024-10-21,103.57322784948909,81.45992275445522,224.19211206958119,57.18161984246816,47.09116833932999,182.1719215665797,67.26881587685918,139.22942315204207,20.532422462397577,206.2950974481876,607.9922209966443,44.288102147729525,102.4796902703684,200.50187446543865,148.22061858452244,71.17292277974751,18.108157367967806,24.391192355451352,93.60452066252624,148.51479935740034
2024-10-22,102.49902890915706,81.1503513648671,224.37588517006915,55.88257622833005,46.67689522716129,185.783485436559,66.29170947005939,135.3734435259467,20.919619587610935,210.9674485283067,600.5921133931546,43.807814093445394,101.98183600741402,197.9363413204727,144.92492384510248,71.82407009669117,18.139137577915868,23.8027332158691,93.60948410231786,148.53542260053706
2024-10-23,100.92276831110082,82.62067717950478,222.79339547746648,55.23032949101609,45.99133263509211,185.42067751855927,66.57915847177418,130.5273904117526,21.285466233047444,214.29218176845797,584.7296660292257,45.17073568410073,100.80576217563886,198.8276101249877,145.67166814734375,71.455471609517,18.643635211203545,23.3063169799818,94.12411760863488,147.47848730106634
2024-10-24,102.68162954227229,81.9998969956199,225.80421992584405,57.090258572861025,47.00537402960992,195.22604186068958,67.17326339508612,128.77900390856448,21.321844722706224,222.92738504671053,611.0378979139862,46.88640637006704,103.51225461838962,203.30866717250865,150.63376679950582,71.54256662501298,18.92298897685212,23.360420110569432,95.23213652473954,149.89766743775667
2024-10-25,104.40806671149558,84.79289146636756,232.22500278566878,59.00947975535887,49.14575918495839,201.30539458715975,70.39311409564739,129.4865884097021,21.52951488863154,224.74873050478232,638.7128444453139,47.385224440695275,104.90921709290961,213.9556285784648,153.16924085759425,74.0029970621641,19.79810366406693,23.425329636344863,100.06992189833201,154.52424525873934
2024-10-28,104.60015830840102,84.3526266758498,241.43147457717774,58.74012310926347,49.74516063024475,211.34151002118864,71.48960089765207,131.63253189025437,21.367889660246544,225.9380246302852,631.2569813339621,47.03423262211375,105.62050685131483,213.7688087968426,151.36551390674867,74.23964670725074,19.60448661559248,23.728972705348085,101.0419248586925,162.2992419472743
2024-10-29,105.82753773261035,85.67849770916503,234.26608952128805,57.713720151199155,49.00978268185681,216.09675070446602,72.10298676354292,132.50528416180583,21.379782773903614,229.86117928262118,622.3636344510568,47.49255313047065,108.49167801746397,222.17272803717597,147.86764810084816,76.21038246088679,20.411865671204502,24.148198852542368,99.00820288633012,166.3622876828053
2024-10-30,107.92005224790984,87.60353889117617,237.22224053579544,58.09475546808677,48.82347232513936,218.02816639150652,73.28279218576968,129.8808599256779,21.83684673879995,236.30761149669024,606.7940975823478,49.68609063280033,108.27142655804751,225.31896012437824,150.2267047423595,76.3461195407603,20.789123341670013,24.122626258609362,99.43123612692291,163.27647556149188
2024-10-31,108.65624708019536,87.04965467379222,235.2398550537873,58.11101255289924,49.580592704477056,224.75948489080685,74.25255250128362,131.1229369520941,21.839558058601604,236.32777109361896,621.72624655921,50.660310957179824,107.60689993356557,227.72895835376158,153.63681596979265,78.60235627236526,21.410299404299383,23.97758579847103,99.26246052259086,162.1023195259576
2024-11-01,108.99272677311757,87.5181761654766,239.29851287879407,57.70921313572017,51.061771987621256,221.0743251822534,75.3571099585705,136.795071813688,21.916633847391143,237.4277402956583,604.7183459532124,51.808744396162,109.654812354249,230.10525109002856,155.04473441536078,80.12701787530429,21.906547924892514,24.220352637995877,100.94327787412269,159.14140005715845
2024-11-04,110.39991343660444,88.50062807981497,234.27368157232854,58.88519590804632,50.47453130184721,229.81845863300768,76.42599342016338,133.45356447304263,21.360974377870274,237.03727727771513,609.6729331365385,50.95201521217134,109.6321214890577,235.7355900050502,156.61443680307647,79.05299873002038,22.073726816353673,24.924280038018942,97.50540130639702,157.9953690046901
2024-11-05,108.21563626339812,89.42192783795466,231.20342855409586,59.36051931199592,50.293692472857956,224.0100746456524,77.28921824325585,129.18284281133336,21.27062089123626,239.98735547656256,613.4114958362576,51.08297515058284,109.66290513829169,230.50853310382274,159.5767909431749,78.60555562450602,21.68685886310348,24.66858996388733,96.73669746873146,161.24808401649457
2024-11-06,110.88361463090057,92.40655932981215,235.03804952606987,60.06968433163349,51.47386817853088,224.97183345716016,78.94285244592886,134.02052702765678,21.821442855266245,238.59660510759983,635.3519347260442,53.707111671810715,108.84212072324014,237.36485712622684,161.804507699207,78.32767712170116,21.66132091708531,25.00857399354971,96.98385143553934,166.34516527211233
2024-11-07,108.97875712838322,91.2236608043811,229.24135395156534,60.04842148433021,49.96605996437017,222.9891136481089,76.99476847187984,135.48207825314066,21.93233449552243,239.61748706969115,639.8503989701044,51.45852709173379,107.87014716348513,237.4934174969012,160.70714076827812,80.00034524999985,22.294565928540397,24.36864371646342,99.68122076557013,167.1653912066439
2024-11-08,104.87129421368036,90.26774137560469,236.10162407037197,59.769730342101916,49.630775141515024,220.25313946843067,75.99209376874403,130.6964148200776,21.2457807628739,238.72037116712127,633.6132468335128,50.76509758003405,107.33532272005985,232.75083323454845,157.93823585692047,82.18876213241573,21.834808788783725,24.041946883312868,98.89763439173569,171.12315113103284
2024-11-11,102.28850969147643,89.97828604635541,232.57986348067783,59.3402094209061,48.540440058095534,209.02419273012288,75.84334372678721,124.69677548938603,21.16832783737224,232.83681071747642,640.6843795189619,51.30730665206902,106.13990093165849,225.40334352126126,159.6482789622281,82.08284223377363,22.05618751733886,23.82082592622279,98.22475103483998,170.77729840938625
2024-11-12,100.29485625750686,92.2306237311925,232.03776805954246,59.014762888218804,48.400502235690865,209.01873216193644,77.17553480829291,125.71147091582255,21.78533738050471,228.57434500615486,638.7416987139939,52.08660737408611,103.93956709573742,229.62876827014387,160.30734325378882,82.48266934476496,22.466559508986894,23.62620082363628,98.0849271056511,168.07131352041384
2024-11-13,103.56249999512869,94.88598995141656,243.72382056817457,61.792259617656605,49.1315030562907,215.73092249894617,79.74349273712527,128.93002087277947,21.974811326716257,234.13346824335252,639.1814458965123,53.20932887363749,104.75238583978611,241.23070674640374,166.02310258498073,85.5358559834669,23.510450342850024,24.31962510297675,101.03573692031166,172.47887471597286
2024-11-14,101.6887667852416,95.25694358443812,237.27900950585862,61.131050500562935,49.33886335022771,224.76499869642296,78.65778235449774,128.47119728921015,22.29188704662018,235.79877020441222,652.2487285263762,52.485472766747804,104.24895837587098,244.82563901579618,165.50901744336272,85.35907539836029,23.96876903004852,24.742012574833783,99.96065293412332,172.24424137373813
2024-11-15,103.9224316238722,93.5919532726825,229.22106189913865,62.559357809812596,49.30843339939155,231.78682308314265,82.19358615181734,134.24560263824517,22.284048918112543,238.73516389621093,649.566255253624,52.14017598619071,105.97888553519415,248.68593637038543,160.90847420764902,87.12315056657965,24.636589244742456,24.714452023536406,102.42395221809586,172.37266807786068
2024-11-18,105.42765844104446,92.49738557851371,227.21174685392128,63.32657985042065,48.90878497124361,224.87780744394146,81.87509174529171,128.66170610647384,21.755431317380197,232.98911556768093,686.2948520488274,51.93396507920036,104.63148735073133,244.96293397028188,155.63275968111773,86.07619071650485,23.95703361971237,24.24186272840277,99.43607318328188,171.52246828171334
2024-11-19,104.44278761102402,89.97577018793066,221.74855110957324,61.88167921631024,48.91591670450298,222.0795008583824,82.62937774119791,130.15721873674983,21.527711117410114,224.6699166045867,667.5599523059851,52.28137711225964,104.98472364062235,242.50803158656444,155.5285881146983,85.1617804910303,24.312665545170177,23.893493409783705,100.06323767315975,170.9840654250625
2024-11-20,107.39610957140617,91.14380155128428,229.1225062060254,63.23138384674553,49.07588066368937,219.62200679340637,84.4547140829458,135.36529441922812,21.82958463431389,225.77174834889806,688.6004303598993,52.45714545669493,108.12639246517895,244.26125451969259,160.18714735345836,89.32324431688082,25.221087171054243,24.043246314924705,100.80094814480053,171.1909188236462
2024-11-21,109.49552727324577,91.58547667884392,230.28427432254273,64.14540644497059,50.48568959088623,220.70230101710516,83.46225082059341,134.00423500335137,22.381004672763815,232.3496663689019,692.5195559960544,52.12491597200532,107.50669075123015,245.64542586956838,162.16633148837772,88.12751892717581,25.211929938671254,24.679213864102955,102.51216392789766,176.00163166784515
2024-11-22,111.03882054512411,94.45055209651329,232.3265460898165,65.76419778487053,51.18993767533824,227.03994359088946,84.68288660623035,136.93737014825138,23.16134605337642,237.8468835772412,684.7078575959388,53.46068463336931,110.05066138782118,255.73656063026672,162.12950555941197,88.79348167210777,24.771841202463477,24.976443356077752,104.54801604415003,176.44395764235904
2024-11-25,111.54541362610262,96.13716739102422,232.94684089501607,65.6304127757079,52.4285483782745,219.41238699410232,83.6500066190521,138.60791906884918,24.06037839683856,247.48995139652854,679.4231529509048,53.21553774950488,109.14706434797712,258.47798147185176,165.38065168473577,88.48527753987253,25.980596422126972,25.357642846660575,102.56938398317864,177.34175922771024
2024-11-26,112.33977001430722,96.37366243603684,222.30304683737853,66.44492240427002,52.07099833100847,224.21666473977336,85.32323637759873,135.6933047589894,23.601459842393375,244.97945685865412,677.0909929050573,53.223772186974685,110.58152472597786,257.9769165383087,163.708736364144,89.21113840041772,26.49089119405849,25.584694684231803,100.22835490720222,178.01299357116565
2024-11-27,109.99092213585794,94.15518676509222,223.80591355293956,66.8678652196821,51.86473610744428,223.7642925797273,85.52184328751844,136.50868878455825,23.486113942886693,246.47038778084075,673.8463173938597,53.2321493801538,111.00220811141739,263.9645384442689,165.38079073051506,88.69882948745605,26.305351142893922,26.18016870905276,97.81476869315388,175.03238064116485
2024-11-28,109.57191172405145,91.93301828053349,221.68185213596442,65.96083890431812,51.62514005533122,225.86568779784895,83.63531595469391,133.8055225893237,22.952091154277202,243.22797760015348,665.0609979706235,53.041215390339254,109.04368265894023,267.8356539664411,164.3791228924092,89.3218593569815,26.237371472405762,25.99597197580272,95.54617926364253,175.29217452805912
2024-11-29,111.08264544452896,91.67548503586877,226.39949966053814,66.03261476285081,52.14131590780719,226.74269563785222,85.67390039181294,136.21818191146426,23.023787665302073,247.42260584390758,643.3889607455287,53.358388784090515,112.4549950482804,268.8771413651398,163.48923462502896,89.98640681333086,25.796144034496155,25.68917561919352,96.35577442788886,178.14863537073893
2024-12-02,113.18451572897445,92.5578613367703,236.10942571715967,66.94314899542248,53.257376390964076,230.09925422471036,86.75379903430618,140.11065931791052,23.886436504662097,250.4995989854557,650.8714495899095,54.95818763515356,113.54415491755931,270.0261848878637,165.1050759726455,92.14315826549267,26.577281386011016,25.771761960502268,98.09852327225447,184.50842068730543
2024-12-03,110.81435723558435,92.6268607394079,237.75616478450746,69.36090629177184,54.3672105948149,244.51249830079158,85.84274244041765,135.64128414735993,24.64227984756397,252.42022041578255,639.9449950769622,54.98626943361937,113.8686362377402,277.93896378784746,166.0654668137516,92.71555306139534,26.40260426587691,25.624569020495553,96.8917124327961,187.51654886881656
2024-12-04,112.02107822274745,91.89969939932135,240.19672721864384,68.66115379962642,54.82495958718775,238.91979711799732,86.3734089665552,132.74689741305662,25.221892960586988,254.97481525636695,624.1157322532302,54.10012953112486,112.72318556528082,283.1377046668174,167.14192303155144,94.48492174286135,25.604480724886375,25.479426927657837,96.6367245936685,186.27103810655333
2024-12-05,113.29961930649719,93.76387523515871,229.1033891391315,68.97134363959586,54.756999955012645,234.5270480778222,86.80555957439422,134.9031774220218,24.46984938889186,253.6371310684612,624.1090126886317,53.811152872358484,114.00262774765915,283.8538355202137,173.34967957744,93.165253642272,26.182158405853873,25.65626706207283,95.65168089648556,187.63509796316663
2024-12-06,114.47285507351545,92.83374510099398,234.73890004756265,67.65769447087631,55.0036692106311,229.26972860295655,87.90176682142706,135.4026061563553,23.997188306636772,255.02493607555195,629.5339025294641,52.77334935726495,110.12118960738974,278.66816232709044,169.54050246595705,94.07914213090393,25.694634617200858,25.77022649389204,95.87006887788215,185.00496461398896
2024-12-09,118.83890948280663,93.0939054114404,244.4650580329782,68.64521690781527,56.587755184282656,242.77269174906124,87.08738916299002,135.9782645909956,24.03433063423069,262.3965271167887,658.171106120547,53.10297097839555,110.71721142392029,278.88310548196637,170.58653522772238,94.44246523673797,26.190146472898288,26.586317983780173,100.01135570134456,187.5185300438665
2024-12-10,118.6449740387083,96.31684966780828,239.13004624741603,67.05942567637202,57.162881404165766,238.16069555078062,86.90409739137922,138.02577285503818,23.943218701538004,254.21089177395154,651.3231706504174,51.98988663558898,110.58210799425002,279.8939051184097,168.46079856142129,94.40007722131087,25.323439783075433,27.1067342560705,100.23231944308401,186.89674844337586
2024-12-11,119.9340216031252,95.64043827918923,241.20326844050072,67.05918469716244,57.88434625569646,245.9900225494169,87.02970354593067,137.5778530148754,24.386184517288548,258.8141265769258,645.9041822972767,52.8567384449099,110.29058303026142,280.11804521305015,170.6799228442917,96.9590021408767,26.43993461928491,27.07445771304113,99.4565803797809,190.04368579929636
2024-12-12,125.38456862107095,95.47095434008254,245.4008172465101,70.62939085704951,59.8756657083987,260.27419426552666,88.75685184036477,137.22716624323004,25.02601823686798,268.05544999292715,645.1431043039938,54.675560937301725,115.09112746882079,291.3804693376856,173.0015112541439,99.12557933564963,26.91632464116022,27.49912782788622,102.47169653159304,196.26788254983822
2024-12-13,123.30241290899825,94.25217081284845,250.68882841726176,69.00995356311346,61.781616156411154,252.9581988032583,88.25846113591301,138.47209121129333,25.25116905801017,270.07158953026516,650.5263451936898,55.035581807465476,114.70910298473152,292.37951800435576,176.32959184892601,97.97591489239336,26.592537817514696,26.808002270638063,104.54226487015178,194.67670778623622
2024-12-16,120.82681565413313,93.89357095380078,254.16811390581643,70.12098175388651,62.47959363338867,246.11973173218075,87.83799602436171,136.61700619090624,25.428595019218342,268.6763485315682,633.4899753811565,55.79441436169816,114.10567398651565,288.04818772162463,173.90844659839456,97.41974158617052,26.44001818169716,26.569827536932163,104.44666762531774,198.31667468879644
2024-12-17,118.37905073350635,93.41855273553256,257.81681191628917,70.47724432657144,61.59514589305339,244.96102942321946,85.40439332327794,136.9505237519122,25.190562406898806,263.96466384731315,605.5183672873972,55.12560098472211,112.78778024667966,288.8472323415208,170.15462551843424,95.53525845986212,26.123280934248633,25.705983211014654,104.07665626850105,195.2769818768509
2024-12-18,116.99886899525049,92.41453219614982,258.59476867538496,69.10243637160748,61.665412110839604,243.55560397919862,84.75377507197553,137.02817606001673,24.239645072542526,268.7820217825184,604.1908584113053,54.36115534349542,115.3657080687962,278.9200881615305,167.12383733774587,94.71318711476276,26.519174873965607,24.473145629013434,101.8412669054026,191.0381265123702
2024-12-19,118.56273780885832,90.68379888529945,257.7641274538951,67.4105839830931,61.43090720461418,235.34262292760448,84.3551525108563,139.72965416444308,23.888275080307835,266.07759073443805,590.4225052997331,53.0558765984458,115.81325553464106,280.24413911577346,167.92230708826904,93.6149354823079,24.992030870188284,24.178946785530965,103.31655237043354,191.52981642913497
2024-12-20,117.69484944679733,91.28782432015797,255.1089690914495,68.35831836348729,60.10652552128639,230.54076914698305,85.88606222316788,136.5603197356155,23.766648020372404,266.4125216019685,616.6638825280992,53.05685561955073,114.37820709092523,279.5099606389659,170.85539001920102,91.3908846876939,25.50754288750647,23.891517739040324,102.25920598853502,187.76870005147583
2024-12-23,119.87651033847939,90.64624538171803,253.81971301912102,69.68866663925719,60.14047609855729,237.3523937685534,85.91872126539134,139.45386686472423,23.465897306860224,262.7600120770316,602.7781241264862,52.409015746037674,113.8253710455978,280.96477617925706,170.21096968319853,91.16386600874564,25.055596888276472,24.207532291455404,102.57975894306684,189.69639088334844
2024-12-24,123.54553935430982,91.7047671700052,254.35473615807157,71.45964500700913,61.02803862213283,240.27217227164695,88.32046832330198,139.10140942576328,23.46121951804012,265.7875657949232,615.5124662462006,52.22669060544903,113.88028818658897,273.8616710906427,169.82195979706972,91.60861072659495,25.081952845904194,24.207606417519887,101.80272293034312,187.31049751437504
2024-12-25,124.17949301233428,92.57545984285376,255.0344386868667,69.22476708464045,62.12959748954854,247.55131472058,89.81847044269269,133.5490368222966,23.213876151405795,276.3536707844124,606.1617349727132,53.08128753022271,114.64569795540494,273.57899793157213,170.49135124750737,92.35113024992978,25.48922892630591,24.18059757784057,103.48909338164154,190.28963398077343
2024-12-26,121.546771909933,93.45477437195397,247.81675616488153,69.54024574828289,62.4332235282537,249.61991683383354,87.69451044678478,127.5862765822388,23.458205428391377,281.06932646570476,604.8093346869977,52.56982778187971,113.58561101345249,275.7358028331824,169.10496619618877,90.98903320726481,25.173608777959153,24.153050044539494,99.87522790246157,192.5010636626684
2024-12-27,120.97037129723982,93.99286961024755,250.47350724465633,68.81932703052134,62.46296712255933,249.39463383013128,85.77915666616934,127.84061513836615,23.724515499541543,268.5958325992091,609.6051542938151,51.964503579213876,113.28548241511638,277.46022528867405,169.76739669424433,90.27094210619416,25.801824817092818,23.73575149769205,98.54879684959862,189.1686584624551
2024-12-30,120.05222739615745,95.91693090439719,251.62400704937278,67.76318467075444,62.07626212995144,251.57434834801006,85.61276012810406,130.06260716541055,23.692960319171107,275.5424893055343,613.7276498487709,50.44397014760764,115.72741356197335,273.9111888535429,168.2335507577073,92.09421225158958,25.035781434023487,23.675381736971993,98.29198831704876,187.34510234062378
2024-12-31,121.19507581173302,94.11984409669083,259.8808329326006,65.88453207743753,64.29282693603801,250.0028244719724,87.5195561754583,130.15309597386806,23.67972104340757,268.1403509145599,607.2173114887879,51.70434363464845,117.49748367522672,273.60206216223577,163.55413071979663,97.53618060827742,25.146861012627987,24.00200577057263,100.12978151310857,194.012658968301
