Date,SPY,TLT,UUP,GLD,USO
2018-01-01,273.67516205539573,123.45341667987717,23.82014825034404,124.15846931496726,95.38254414801627
2018-01-02,278.51040717988013,123.79900762081706,23.85295619476199,125.79253485244777,95.12822584846231
2018-01-03,274.5041842151552,124.72016427148803,23.931665779177706,124.72097343123124,94.77538786739979
2018-01-04,279.23959328572414,123.52932198189615,23.911707920300355,124.98838438960978,97.13728138413973
2018-01-05,282.61363672336734,123.75447566805613,24.048061391786653,123.67548685545128,95.99064837240797
2018-01-08,285.370215781391,122.93644291392864,23.959541865390648,123.9136319168303,97.65768369237735
2018-01-09,283.881278440987,123.786553633761,24.14095872905527,121.45171026273948,91.38916776414541
2018-01-10,286.43330073393275,122.61078254809784,24.291333185794713,123.51018190531464,92.42032160386069
2018-01-11,285.3076028249203,122.75826582299585,24.339062432589742,123.30271034239419,90.25261656702037
2018-01-12,286.7690498263404,120.41810469747502,24.3723750654865,122.6066112031247,93.88521052835029
2018-01-15,287.41906321597025,120.87064216642487,24.258479771039845,123.52957737414245,95.71764801363553
2018-01-16,290.8857203229103,120.58924305463117,24.41821583825124,124.17633550373303,95.0080641804142
2018-01-17,282.975815155736,120.40140778016762,24.503216810911162,123.73564814623494,93.0897733713375
2018-01-18,281.74714143967566,121.26304194396971,24.449597592566988,122.030438985862,91.40783197529443
2018-01-19,285.1357992906425,119.94807283957338,24.495788499150674,122.14028491535905,92.41983360041154
2018-01-22,286.57863060426104,118.81652661526891,24.491471681244057,123.46319512982981,93.35504132056764
2018-01-23,283.1354883385112,120.80499920967165,24.368129937500186,126.4149701373405,93.04237379172278
2018-01-24,285.2442021009373,120.93592150206204,24.354751311222856,127.80033848504543,93.50055646255883
2018-01-25,282.7290745120225,121.31082594493314,24.175822424901646,128.62282913178183,89.77549736526697
2018-01-26,282.92334257041745,122.08624282463053,24.255214174457212,128.38918389193165,84.19239486476434
2018-01-29,281.5382183238437,123.67336590883788,24.201950600179977,129.79184541732855,82.54342422403292
2018-01-30,286.80133375035376,120.76981750574005,24.09357254587742,129.16627732863097,85.29652830296722
2018-01-31,287.07075688400755,120.9362702406667,23.829009516225863,132.8591001882136,86.77933353939014
2018-02-01,285.15814576399424,122.69022535059882,23.723848791058536,134.40686599828302,88.14060156217892
2018-02-02,287.8253396180314,122.65170698202967,23.694771367072374,133.530682532546,88.97285686783246
2018-02-05,283.83896293299426,124.34776527305947,23.83921191343374,133.3313861228543,83.93941788767978
2018-02-06,286.12683664775017,124.80394866897265,23.700259666986096,133.87632889687464,84.59906127120617
2018-02-07,288.6344352196961,124.12606754074993,23.588325996932646,133.79742769413065,83.50527922236247
2018-02-08,294.68169189880456,125.4338818553532,23.30964464588193,135.49584583309257,87.32216925216855
2018-02-09,299.57126416373745,127.05258689372273,23.418405072890124,136.18696166298915,87.94605826522626
2018-02-12,304.5153134794639,126.98317408191295,23.195474726680803,137.75491888413092,85.82101353854287
2018-02-13,307.5503494728389,127.02420100145875,23.160321960080495,138.43592272132383,83.18819038500862
2018-02-14,305.94882754630845,126.5775387844312,23.1885875204199,137.90372273083355,83.3283545635749
2018-02-15,306.88875950035003,124.94526094029194,23.04440123301542,139.57288858165688,83.04108459813551
2018-02-16,306.45058032343087,125.90577427818609,23.016029094817206,142.73708672901685,81.6724232736324
2018-02-19,304.474701904717,123.92699366037382,23.127886892099806,140.93956273075617,82.79219409960389
2018-02-20,306.38555261970805,126.41773898276662,23.181889148684153,141.11248293825244,81.1934546290359
2018-02-21,309.30113288337583,123.98100719186107,23.101779781179133,139.0104649078013,80.34490504094961
2018-02-22,313.66739612754986,122.50003257909349,23.01734317979,140.1368082527489,79.02749686221881
2018-02-23,314.21386356394595,121.15991076560324,23.036974495844657,139.08206515362764,81.10145297479912
2018-02-26,314.05003146165967,121.6984643261883,23.205436847375722,138.2981831862079,82.91133989224517
2018-02-27,316.75681568566563,122.41482596279577,23.10791980203855,139.4794022875415,83.55268524453729
2018-02-28,319.61473232999697,123.34726579537832,23.206030831254573,140.15900479361585,82.61564523182975
2018-03-01,318.11757141870544,124.10083098825574,23.095233792819197,140.6796264429966,82.1706024454836
2018-03-02,319.9877311930744,124.55458218095868,22.95671365887104,142.55143320056175,79.38570840826998
2018-03-05,317.863030282982,125.84866875968726,22.94707183612431,143.60155337352072,83.30467815116273
2018-03-06,317.2818656094382,125.73872980566411,22.72360241726079,145.33970288766017,86.49721941295765
2018-03-07,318.1840569309205,125.75610769546743,23.052228401642566,143.72678526515207,86.228872259147
2018-03-08,318.76735491111606,124.5983388459306,23.1365967465347,144.51341400117863,88.97872008900418
2018-03-09,322.02676290509714,123.45235048771671,23.061876040432665,148.2343768557536,88.4177848686586
2018-03-12,317.1913640469194,123.98592212383564,22.936898444575256,147.5512280843766,84.77344600596025
2018-03-13,313.1520434768629,124.23158410102013,23.05482121081504,147.05798010413844,85.36127189575882
2018-03-14,311.8544963720028,121.4833387404687,22.976348101961428,144.35997607479734,86.18429982822884
2018-03-15,313.7728080637631,120.61223775519298,22.944453492214286,145.06375791388953,89.17985723975814
2018-03-16,311.1822121249756,121.88665967078798,22.91235497460225,146.77254989126908,83.63530850594137
2018-03-19,309.72192183072434,122.43295091775222,22.78457610522846,144.54492189575427,80.6000054278069
2018-03-20,308.75990650301594,122.98978941028268,22.86040257178039,144.2587538972286,77.42768669975345
2018-03-21,304.9090674563988,123.96891565161833,22.99569532954689,143.86930587436638,79.65735217810109
2018-03-22,302.81026092630293,124.18384501489129,23.036428154821678,143.40579505422664,76.84689987866929
2018-03-23,298.2073485716229,124.77662373108322,23.125449859062417,145.24885932345032,76.45999244080878
2018-03-26,289.07517891990716,124.3432069319694,23.017820809696342,144.317579068714,76.20855722713176
2018-03-27,290.1556266498479,124.54133060479576,22.850656428081976,144.97600608558022,76.42117013456289
2018-03-28,297.2114859547637,125.14962529396232,22.7740292250206,147.0055435892947,77.67851854196769
2018-03-29,296.3287080115732,124.8846217961015,22.58812045502419,150.05793482857672,78.63497875866591
2018-03-30,292.47649360949237,124.86761934275519,22.558860211651897,149.94299357170806,77.30729033950708
2018-04-02,298.0456932906406,122.33282157118835,22.627556181255915,148.62298774419534,80.23871524543341
2018-04-03,296.3751226872318,121.47975513286048,22.665023754378915,150.80983570921669,78.631167838503
2018-04-04,298.9899747982224,122.73830415378829,22.704600815777546,151.04983211565678,82.04970588889978
2018-04-05,299.3619546550029,123.62010060277763,22.73516781977166,152.01208967267948,81.0370323074172
2018-04-06,297.03868287451485,125.32047640414997,22.769296693760566,153.22506234835996,78.35796950075081
2018-04-09,300.47322976707136,126.43794086324233,22.76776341208135,151.75258997567582,79.40037143549307
2018-04-10,295.101190744358,127.79513897863146,22.914110547278916,149.61454149098122,76.51914584579313
2018-04-11,290.5921199727212,127.38854616321935,22.794456334229935,147.93341446786067,73.00412211671478
2018-04-12,292.88664639258167,127.31420430649918,22.900258686501218,146.95820375159929,75.20520508764568
2018-04-13,288.7432077726568,127.7390394004235,22.907246903000193,145.51025212362956,72.75879573764678
2018-04-16,284.50012756423456,128.30242674299353,22.860130032350025,146.35918471564335,72.69366959773248
2018-04-17,283.8312527313872,127.52951060719286,22.825637494982434,147.2696850197204,73.3092646535884
2018-04-18,282.6287463198784,127.34533936479178,23.037162437729453,145.46195975759665,72.27272331219228
2018-04-19,284.8206977112424,126.55631669593096,22.861277155890257,145.32334174617998,72.21108702887497
2018-04-20,284.68618791921284,126.30245558562123,22.755760788182695,145.98857929599953,73.52400963332886
2018-04-23,280.66793532710057,129.24622910831658,22.67867216945313,149.43191934838964,74.98871007363834
2018-04-24,284.7788741228838,129.82950103662338,22.52289078135165,149.95249947476066,76.53414897046144
2018-04-25,281.96983264069405,131.11869836538895,22.435906530449568,149.3557799354661,75.84840471934596
2018-04-26,280.5260606701627,131.77037566233474,22.390209436150673,147.8736462234119,75.93945187951664
2018-04-27,276.73453274564525,131.87586798355903,22.561337333357017,148.7151267780049,74.60009811283561
2018-04-30,275.8470880739742,132.06501013030234,22.673319126881214,149.87836151514938,74.09987958735053
2018-05-01,274.2798124520498,131.39976017734483,22.638024406605517,151.0732520513027,71.58833610367151
2018-05-02,269.7681950706402,129.49813223970267,22.66504443545517,151.12970692277804,71.09434153006818
2018-05-03,266.3137914929977,129.83831388366136,22.701926288251368,151.8164317383393,70.67575748451823
2018-05-04,263.31996298024217,130.4742326030322,22.897822259192264,149.68560552043525,69.83333006915693
2018-05-07,263.58144293972657,130.3835656310098,22.613787302325715,152.65763844687973,69.18990047823733
2018-05-08,262.8879401141464,128.09929345631107,22.491777491712046,150.3940945635336,69.05848688563961
2018-05-09,264.52176937614684,127.9151841938179,22.49341502092024,150.73581148801287,70.52651099310361
2018-05-10,265.1469914539773,128.45115344104232,22.387282460964684,152.35155949777607,69.62355356723522
2018-05-11,265.08458469190435,125.71984642847536,22.330071247611947,152.47507481685963,70.19168998990773
2018-05-14,261.65313242085335,127.06862955697173,22.213333966369735,153.2860852474214,69.24986186014766
2018-05-15,260.4323124100768,128.3853364004619,22.116626451596684,156.13977192333883,71.06592415916683
2018-05-16,261.42911226729683,128.75537739138562,22.032179416057318,155.86590082539735,71.87120083062065
2018-05-17,262.463073673356,129.96154504451368,21.99640293174052,157.52443982640537,69.96583263262208
2018-05-18,264.63704564929645,130.44770948593185,22.071190498480576,156.24993264691827,68.0257749103043
2018-05-21,263.76377745604645,130.65988924358516,22.199302201404056,156.74106660344228,68.03516758557325
2018-05-22,256.23546205141645,134.19262209311634,22.447794360193726,156.98753471053664,67.11790065306407
2018-05-23,256.91853673883475,134.34377155168477,22.450962032338847,156.43028672330846,69.9267372210913
2018-05-24,253.45955915940078,135.30948303370897,22.275639750583316,158.61142421755184,70.5143160078421
2018-05-25,250.0557513892665,137.97005978041207,22.342483100244692,161.23889400803824,70.8815350141245
2018-05-28,247.27212988611916,137.58090390023747,22.52039670810195,157.51430052079797,73.08674374126434
2018-05-29,250.24149786298747,137.09361668740672,22.4499888409396,159.71640575602058,71.11204418092976
2018-05-30,252.6331006643124,134.28588559474426,22.515880715943005,159.29712695465125,71.80167441815247
2018-05-31,250.77674868182925,133.95712811005626,22.58479398445818,159.1090850015464,70.78273608792213
2018-06-01,251.4698809561282,134.20242728122687,22.732858742936816,157.31359989749478,70.58139316215899
2018-06-04,247.21599716783305,135.90034529256448,22.638361379604202,158.15145190080838,70.51238933920193
2018-06-05,247.10840638710346,134.8366791342118,22.53435506321852,159.6316756132443,72.4589407955937
2018-06-06,244.75004318281748,137.6427696219678,22.49387449302521,160.70793739478466,72.21025072500171
2018-06-07,245.88443731748285,137.694149601823,22.38023960549473,162.31275862884016,71.01871272769557
2018-06-08,243.56044341410322,136.4877856335032,22.335456333004423,161.9464530539872,70.99375457993403
2018-06-11,242.17472029856907,137.48783004871112,22.405154168020637,162.19322163121296,70.28568460522563
2018-06-12,235.75425482545504,139.44115860356357,22.37245539117587,162.27452055515073,68.83310210873435
2018-06-13,236.51370756632366,138.95405144894596,22.39232344397308,161.59894090868593,66.85580023400256
2018-06-14,234.71799560881198,137.89620567410657,22.207538683791967,162.25230094803294,67.79197936714581
2018-06-15,234.34562208249883,136.39445803168422,22.15655705705447,162.61819809313496,65.8896028416447
2018-06-18,231.79980365556955,136.19307003317903,22.024372826034583,162.59682618736622,62.93358653836814
2018-06-19,228.9233272798228,137.56010302454933,22.386181681132435,160.00633723113384,62.77512992184217
2018-06-20,226.0232186326913,137.71610149797965,22.40800900691735,159.18146129339502,62.983255563714565
2018-06-21,227.830272243392,137.3277047994251,22.287633196283515,159.28715744619882,63.17645812553164
2018-06-22,226.29531297715386,137.6524866920051,22.300919996398612,159.57686433037532,62.45506893454676
2018-06-25,227.77272330702675,139.24402471436517,22.218066033780598,161.8787983637346,61.47695784913412
2018-06-26,227.7452183550592,136.88187453782518,22.22870001248918,159.06885270759074,59.43545523668383
2018-06-27,227.1813762435811,139.3009850181094,22.159115006660812,158.99442319867907,59.36255014514423
2018-06-28,228.945947378884,136.61407978123208,22.27175454996049,156.11088760974476,56.982077335144254
2018-06-29,228.86271411818353,137.11475012411017,22.224056309639952,156.53837593608142,59.07601481376493
2018-07-02,227.4161595796463,137.66521679732784,22.334614301236776,155.3178364733766,57.60610765675773
2018-07-03,225.57920519145534,137.21202113627743,22.266694829353703,155.47904256700616,55.56495879196816
2018-07-04,228.27445981095806,137.4790359858537,22.116566185720902,156.7266174544922,55.56659873975524
2018-07-05,230.3292471168875,136.9925346128446,22.057207775493076,158.33576026732726,55.25901703725046
2018-07-06,230.10571453449003,138.49817260303402,21.926573105804557,158.83732643978684,54.5783235812833
2018-07-09,236.7713234091532,138.21517537961216,22.003897336187784,158.6925855807104,54.62635314114826
2018-07-10,238.8808055738662,139.291588654171,21.939087910299044,160.2527463599901,56.33767107697268
2018-07-11,239.8047186147955,138.90717543288204,21.754036158863308,162.35165584926423,57.516913073558655
2018-07-12,238.68154175996128,138.8582216333537,21.602218572864487,164.4039162470301,58.067745569871406
2018-07-13,236.38533713871524,140.85223954412766,21.67420302835704,164.2920101991216,60.15949486241817
2018-07-16,240.77890934509003,141.23967451339908,21.480981998926477,165.26907887577332,60.323111688084936
2018-07-17,238.5634299378597,141.68867466632355,21.537104985260875,165.61713035787307,60.70268717544657
2018-07-18,235.01493348227405,142.67423180503755,21.492574143450476,166.45616127356897,62.424561103980025
2018-07-19,238.44393780861438,141.68987609680102,21.461980026994613,168.47895172647756,65.93993837651303
2018-07-20,239.95692862704328,142.76542702868795,21.48486744792389,169.80380773669802,65.54908706593136
2018-07-23,241.87112426460038,142.41245077278938,21.419219497145896,168.36162964267996,65.05918064094479
2018-07-24,241.99706204127907,142.54928519808502,21.564202164160974,166.9259106316002,64.810199300231
2018-07-25,240.09182335373072,144.48023995737705,21.809038844552262,167.4708909131818,63.829208223594804
2018-07-26,239.24943576510788,143.9577313737485,21.747101863881056,168.39443566339494,62.5881019595592
2018-07-27,239.56497627330748,143.4837927011424,21.873270123392544,167.02133601293775,62.970804594493046
2018-07-30,241.539139805669,141.37166703444228,21.662505409834004,166.8290748675821,64.046642934125
2018-07-31,239.41274942447092,143.3647709317367,21.580700626813197,168.0204388250143,64.00457494267366
2018-08-01,236.04469773084008,142.77464716332344,21.523792789755987,171.0797856061162,64.97161751284874
2018-08-02,232.7432163759758,143.43301558149602,21.67045168050298,167.26819607286907,65.92799312081516
2018-08-03,230.11910323185924,144.22900489071483,21.595060651042647,167.55895749893256,63.71937595303868
2018-08-06,225.1946617589447,144.59065605076037,21.70394430890804,166.41313564147438,65.22408834927475
2018-08-07,225.89124090299848,145.11859512977935,21.819913767313604,167.01233901244743,64.2415878442849
2018-08-08,225.98368538043857,143.89115366312694,21.87543701850789,165.4308764169285,63.16416470018912
2018-08-09,228.01090280854547,142.58668035580592,21.954593096899945,163.9411707832186,64.64089067402432
2018-08-10,228.39290127252772,140.5713523329541,21.843470769268627,164.69595187696103,65.14546616201659
2018-08-13,231.07523320618105,142.65240348921782,21.82416837075563,163.34880070327034,65.19290995355931
2018-08-14,233.7894624474787,142.8376136442614,21.856065432543577,163.74037397934063,64.4410762234566
2018-08-15,234.48449980981883,142.33823538491274,21.86019681433936,163.2546757065628,65.17686919796874
2018-08-16,231.3850068237962,143.96375067967116,22.11322094139464,159.60598976489447,62.02230813098632
2018-08-17,234.06178648906413,142.52395217774458,22.079329963857084,159.41678230786366,62.76000029676905
2018-08-20,225.45600707160924,142.39299191628865,22.166053928730733,161.18200717242294,63.368750140456285
2018-08-21,228.81621545207662,139.45526243932653,22.115153525033254,160.29712512348817,66.97346863633464
2018-08-22,229.7224392450662,139.67282787739367,22.11474813721715,161.012110201959,65.04207443471999
2018-08-23,230.3101396441998,138.82453503913337,22.14437321059176,162.34727634607802,65.09655397674024
2018-08-24,226.63436420038033,140.29185524765816,22.057212445842474,160.7289345884321,66.01490754055595
2018-08-27,231.68525312443717,138.13469414263858,21.988745306052344,164.06478063991602,65.81145566902492
2018-08-28,229.47719931285366,138.93079563532496,21.692779515757312,165.13016312530834,67.24422416715339
2018-08-29,231.64111066290863,138.0743308122267,21.656344962301013,166.57059868210177,68.7924885073348
2018-08-30,235.1629177603201,139.8664516935057,21.629887604747893,170.45941283008653,70.5644969360691
2018-08-31,234.1668141716992,140.7545975220931,21.56956304750291,172.14746193459368,71.28285160976836
2018-09-03,234.62338891925137,142.79247803460729,21.463373225370937,174.90782818411742,70.84334523947084
2018-09-04,236.19240517690864,143.4920649278554,21.625639385344563,174.56617329547925,72.59331058748701
2018-09-05,239.02583238561007,144.6132571777833,21.6881172502614,173.36390247387567,75.2218125932007
2018-09-06,240.74645277939322,145.82835264140584,21.65265632803794,173.87548971274558,75.81214023030404
2018-09-07,240.00637210843107,146.50697083191355,21.761879168721624,174.42343979779912,77.50933416910021
2018-09-10,236.13415685627268,145.99392226674718,21.80265713416665,175.28430669412543,79.29751096451109
2018-09-11,237.5498855820381,148.59783409606104,21.693789325818212,178.39485121707864,78.75606691942102
2018-09-12,234.06141069351875,148.85798926659552,21.654589714774403,175.867134228439,76.91250065833702
2018-09-13,234.25543765499322,148.4501494841021,21.816802903946208,172.89506675826914,78.55347123624782
2018-09-14,234.57159407113477,146.78475477501337,21.77142702898679,172.99818083886538,80.29660478843621
2018-09-17,230.66359076829798,147.71147872707004,21.849445253244795,174.58241380987056,80.04498538319156
2018-09-18,228.67636503815103,149.08518213765987,22.01826501715815,173.83662943954636,77.20206070187989
2018-09-19,229.79036232885426,149.23094264835072,22.07558675452529,172.5285468490737,76.63464243090564
2018-09-20,234.1616868115722,149.23712649305108,21.90296147437556,174.21503958178832,74.65915364387159
2018-09-21,233.1905465005603,148.7772947377296,21.87427083310297,175.28652679528167,73.77251890475311
2018-09-24,228.88223044604408,150.5931798343898,22.24667259857991,173.4031209977825,73.39623937503109
2018-09-25,230.8928611234189,148.5625631110835,22.277975541328388,172.74353568707198,73.47831637272932
2018-09-26,233.36668461815103,148.06552247339502,22.056723433309873,174.34357425049495,70.39045375497246
2018-09-27,231.20396267286776,147.42723560337402,22.00032984789986,172.02884136947222,70.98031740455166
2018-09-28,234.84997389427465,147.7758010836895,22.048220413273732,174.79646320139386,69.81777450395066
2018-10-01,236.94005004725224,145.71418352790994,21.982926416952264,174.2768810482484,71.7213270154785
2018-10-02,235.91520415991857,147.90144561978178,21.96254520974737,175.44945571540973,70.68604529170382
2018-10-03,233.93511264043732,147.59538854247313,21.93471170375166,176.70380024379793,71.29956400231995
2018-10-04,231.71021807210795,148.6114367469154,21.92954691214355,176.7765652329237,71.91440318902957
2018-10-05,231.3113509370968,149.94280033677828,21.854062148005447,176.86713692981925,72.17538672666721
2018-10-08,229.60968990347484,151.06660485840783,21.74697267416689,178.13727055359246,71.28011805821664
2018-10-09,227.20089841258076,152.48745917011502,21.810581131360333,176.5314099527842,68.59971115446524
2018-10-10,230.1049630828062,151.126367056797,21.69905341910111,177.8821616307699,72.80656482936033
2018-10-11,229.60637647717326,152.13962685733958,21.85865099616702,175.80150887720453,73.81347115499408
2018-10-12,229.62231033963985,151.6958989229205,21.89663268397554,175.94783153566237,74.07206950932112
2018-10-15,227.42534951867788,151.23459519910364,21.777916729891363,175.25588428711518,72.44358132906223
2018-10-16,225.64355100877304,152.19470737167472,21.764781347301362,175.23515060827637,71.64375640208046
2018-10-17,223.1871081580817,153.9186110873433,21.677400301823493,178.74934625250063,71.98458767380626
2018-10-18,226.15201850597353,155.63014463624407,21.703806478942152,177.66497098311524,70.30398718655094
2018-10-19,226.76428939177526,155.76440708743456,21.487917155205437,179.73607821272375,68.24036546194291
2018-10-22,226.29390910204546,154.33762653559936,21.54679781295895,176.64836870213824,70.45114308072614
2018-10-23,226.56879307175484,158.87458889639754,21.590096854847623,178.0935118987549,68.32449834307423
2018-10-24,222.0056703803974,159.6534375640335,21.681159230951344,178.63688301772217,65.52321739767169
2018-10-25,225.56679813973983,159.185312268982,21.685534449005317,179.485142026635,65.97572393631779
2018-10-26,228.0217586452713,156.81425224119064,21.604235415478197,180.3515580105025,67.68201882802495
2018-10-29,228.36906757768483,157.4590012669209,21.779376422436822,179.09865162548763,67.23485326221848
2018-10-30,230.14419764707432,158.1677016530044,21.71026141562224,180.06983751831058,68.57123566671896
2018-10-31,228.21157815833647,160.3054991291722,21.666348948736264,180.62939329300073,69.5148839042047
2018-11-01,231.80619791029207,160.39043661097804,21.511271215591428,180.64637569873975,68.58127137249053
2018-11-02,232.27069314570787,161.19401839813386,21.436390198999035,182.73862039190496,69.4091768799249
2018-11-05,232.41287939995308,160.9326257754245,21.21381940860687,183.7361772282002,70.71709206603975
2018-11-06,229.5409870713541,158.94225059947075,21.319625326366122,180.78243949986384,69.93164190155107
2018-11-07,226.6622785769749,159.95543849704538,21.40343986596669,182.16547746172742,68.45957366912484
2018-11-08,231.18583176418872,156.0353201570886,21.40188058307495,181.20939797481068,68.028757507615
2018-11-09,233.39800290267183,153.9429392713579,21.414116985702222,181.1452471885774,70.04690551102995
2018-11-12,235.31928320226228,150.85187716562325,21.28998637179918,181.43795705723966,68.37062605074087
2018-11-13,238.39699682801282,150.95667815536086,21.380388938048302,181.69057814244053,71.28011907654752
2018-11-14,236.82107375754174,152.5246867709063,21.529467687242942,179.40492531501943,73.34154159075356
2018-11-15,239.28086794760048,151.94554922300807,21.466534699270177,181.11745675212504,75.27922720397407
2018-11-16,233.14250045120494,153.7327104122808,21.493877732384256,180.9287914411216,70.26353754710522
2018-11-19,234.35627151422298,154.6298790937562,21.547345628472247,181.6888707481083,69.07587035633891
2018-11-20,235.77208735221726,153.54321886468875,21.573635037791227,181.9618042968613,69.78882832262241
2018-11-21,240.07153538963732,151.464016279143,21.350351674219883,184.65299078342858,70.40465512645679
2018-11-22,236.86019727787723,152.79545417855383,21.445699849909314,181.9079019267048,68.64312391007125
2018-11-23,239.46578699881522,155.22081697372226,21.380276491555186,186.03441259272142,69.89914919080002
2018-11-26,238.67874338502176,153.0293258304769,21.358257991617037,185.1410049915062,71.23146666125879
2018-11-27,237.28763817902586,153.4187126277657,21.50159528593937,186.6951749160283,68.06510223131733
2018-11-28,232.42751549194847,153.41113293136016,21.559698319632837,188.3589113318722,64.10436554301684
2018-11-29,229.56064917495965,154.2341516905143,21.532324003409336,189.76839024108898,64.1839302010194
2018-11-30,234.46585484424858,152.6100738415585,21.450603807021963,190.7808097253727,64.99196823070497
2018-12-03,235.85486863418927,151.51554743944837,21.570451093093343,190.39030299428774,65.60617275893809
2018-12-04,235.78964372106898,149.84053985426812,21.6041579026786,189.57199766104634,64.65226816409998
2018-12-05,237.60801185463478,149.5785192894643,21.743936173318865,189.8199717443845,63.68286019962895
2018-12-06,237.8814181948736,151.58914646675387,21.761512769458854,191.00776576291653,65.47459677830503
2018-12-07,234.58052856367473,150.86374377745338,21.85307859935534,189.97001523850486,67.00474400164289
2018-12-10,232.02108856829037,149.96867875005222,21.71334694321884,191.6895594389855,71.43617267378188
2018-12-11,234.07610218982677,152.39342784643978,21.67638287099931,191.5758783420034,74.31548104484943
2018-12-12,234.65543779639145,152.5647830604592,21.74987312290716,192.56294519342904,74.4685660842418
2018-12-13,236.41700238456107,151.8931109600121,21.60792326626161,194.4549409008932,74.16185944308957
2018-12-14,237.92626875176109,149.86534661968088,21.50064867268658,192.75045580009282,76.18825330272159
2018-12-17,239.25198254108886,148.63328621298598,21.474595375736417,192.58670258374983,80.04867942056458
2018-12-18,237.91588012785667,147.35631037936628,21.536189523610258,188.24878562580744,79.89963540370894
2018-12-19,237.64302183537595,144.5407884036178,21.404776042979336,189.83546511671088,82.80775392110236
2018-12-20,239.8101353631546,142.83350436218777,21.369215954574646,187.36139098906943,85.02978100126153
2018-12-21,236.274223163023,143.5867471826695,21.4802522949689,188.8141479222276,85.01690337767486
2018-12-24,239.3933624126214,144.2866983853626,21.394455394861424,188.22620160945453,83.24904508364574
2018-12-25,239.83482325939235,141.0980427142612,21.67136732161614,185.85757409226846,84.61167180542935
2018-12-26,239.23858226480712,141.386196322638,21.778110496463395,184.98083056669668,82.45297527934247
2018-12-27,243.2847610438346,140.18574184251315,21.81508926580016,184.49858981407456,82.2708393054861
2018-12-28,236.80897585128523,142.86241424041492,21.763992986528265,186.41650755078086,79.51293261901222
2018-12-31,239.83386655367084,142.71508111685628,21.598931967290206,187.44650825200816,83.5400474167549
2019-01-01,241.2388154817984,144.44951460568768,21.626363354960883,191.07570532094724,81.99790220715587
2019-01-02,243.7481962463397,144.2581376258703,21.589341284783657,189.679889265188,78.55907686502016
2019-01-03,244.856057957006,144.47134342423763,21.425110672345355,190.49029797698216,78.93742913579186
2019-01-04,246.17455278640003,143.51393549548803,21.36733866511055,191.2224815800589,79.59540656966095
2019-01-07,242.8358028682137,144.87625195382273,21.354462979546945,192.42713003997068,79.56082018677088
2019-01-08,244.64982876033764,143.67945201714292,21.32476473385775,193.8510267742496,75.66972566836483
2019-01-09,242.7754000048367,141.50119686456776,21.313142607386915,192.5857230222528,76.89090167352266
2019-01-10,246.48936379978142,140.52053250681996,21.428586813634524,189.73777622302015,77.8740543811
2019-01-11,248.75223717265,141.62085662762073,21.173307440114797,194.87169027457864,80.62734661055435
2019-01-14,246.54080633283945,141.26917447472164,21.085864958910783,193.50568406243426,82.0992723820201
2019-01-15,243.60074578703603,140.39656964377446,21.160804717533463,192.46425434643055,84.54076877628214
2019-01-16,242.95392969486394,141.55093712370876,21.172206630079483,195.47992275869876,85.51195987412372
2019-01-17,246.27611366843905,140.8979387932582,21.112103335511204,192.9823537603968,87.58476792445936
2019-01-18,244.85986708032408,141.13442173442115,21.269418286759873,191.14185554185346,85.69021011398303
2019-01-21,242.1340988936117,143.22003114344977,21.3448149675157,193.43938656256782,84.2179411690631
2019-01-22,240.30184028288144,144.78686089709876,21.33430970641988,191.03326260443134,84.04275238656282
2019-01-23,240.4108983319643,145.1598957727592,21.497499692127036,190.2054453490093,81.96262920973028
2019-01-24,238.4933730929892,144.39852478641146,21.553702521886464,191.58574138573897,82.92025167336203
2019-01-25,234.67798341942535,144.35487546913689,21.4931082636532,191.82693198068483,81.34842319307592
2019-01-28,234.3140825531943,144.2259536377479,21.429417855128875,189.37729241270608,81.88445511341472
2019-01-29,234.43069596451193,146.02186642434606,21.553259502219753,189.23702917191068,78.98968162460774
2019-01-30,234.5717047026615,144.93518346990376,21.55014731722429,187.73119441450578,82.07418408664805
2019-01-31,233.74235564171104,145.88170492149516,21.435324704884483,189.28629579307676,84.46467455018619
2019-02-01,234.3803547953007,144.96057318046243,21.50328312317581,188.80683402310444,86.48672799528407
2019-02-04,237.63442073774678,144.05972740973894,21.68060087446257,189.61348230100447,88.49143002171485
2019-02-05,235.50232283572822,145.92726302076719,21.69450340554604,190.83338969631706,87.44065445995356
2019-02-06,229.63465056805387,148.06603896779598,21.633558200844753,191.50148302645346,85.1816826332961
2019-02-07,231.2978915899118,146.91875768983732,21.5872240686901,192.76221075374514,86.03348439280542
2019-02-08,228.7600244626629,145.60405041920248,21.599700978038456,193.15499611971504,85.40123610338722
2019-02-11,226.19870109480973,145.22114549283648,21.735957869155854,188.64823606681946,82.26436950846661
2019-02-12,222.1991606280993,145.25899097080688,21.7802622293997,187.55360239479782,80.63019280448508
2019-02-13,218.0839940319226,145.98166959925766,21.8984199495063,185.05281683759233,82.66570709521086
2019-02-14,218.37752274171453,146.23244957520197,21.992476515024226,180.56834672869834,82.85132575419664
2019-02-15,220.31272211743772,144.15428127651677,22.066730801138544,181.04932839860575,83.01194599235802
2019-02-18,226.66669977257226,144.47240060570408,22.059456791779315,180.43069406040044,84.4271312199663
2019-02-19,228.20764389033567,144.76270036700373,21.876588328804505,181.4573057860447,85.54354499270711
2019-02-20,226.6769441001167,144.7759383111021,21.938876247485194,180.74074684112912,83.3809496487398
2019-02-21,222.91224777473536,147.58719935404642,22.05773399712278,182.0999345665044,82.19433114927607
2019-02-22,223.14712824178383,148.94747904884076,22.17738179639519,181.0617217430313,79.85198119372953
2019-02-25,225.41296889480935,146.3511971516883,22.23452418431344,178.3936987199798,78.6381633824025
2019-02-26,225.3915418673308,144.29568272305545,22.190678415755496,177.8733836662029,80.62589803495223
2019-02-27,226.10129493816038,142.90642974131177,22.06606441970986,178.61056437449824,79.65643441411022
2019-02-28,224.3967277592542,143.65658636645725,22.062272930664907,179.59632238916583,75.63582061719687
2019-03-01,221.45566236511357,144.40612011134365,22.10383958523301,176.5573683964611,74.75211259735494
2019-03-04,217.43672022114785,142.93374878431317,22.226732656092075,173.7957060309083,75.00967737032425
2019-03-05,216.6316171740228,146.02862479724354,22.324605758858105,173.1313748789787,74.34288593584004
2019-03-06,212.88760185707744,147.75284656711187,22.246607521203117,173.45607384186863,75.5034160838344
2019-03-07,214.36002976125087,145.7021792687141,22.35171012315749,168.61173745403906,76.6487700750356
2019-03-08,217.6894753288615,145.44285909738556,22.29510682127168,171.68035319026515,78.77680523515653
2019-03-11,219.4490468720535,143.78194272994335,22.134829918932006,171.80074512046252,78.44001921360669
2019-03-12,219.52795949199688,143.10325145026897,22.224543464156152,173.49916002605892,78.83480470236532
2019-03-13,216.74657629037253,144.7450388501044,22.423464829708816,172.50209143797332,76.51194008593552
2019-03-14,215.01641658560428,143.26395399424996,22.445007381681368,173.54358807395695,76.85693071103856
2019-03-15,213.1698010604135,142.88992800293204,22.498809042788324,173.06227604976596,76.41598407853255
2019-03-18,211.04425802013984,142.8725644810051,22.456449684488682,171.59645617893608,76.60936774260796
2019-03-19,210.6931342281976,143.00081459945955,22.420750203199567,174.20977472616525,74.96840469305947
2019-03-20,213.08081419545596,142.72116995020528,22.274593050172918,176.48450499503582,76.9002123017895
2019-03-21,214.78546552601208,142.3362282176876,22.394697471479038,177.3493006308092,78.3529311473633
2019-03-22,211.85576343357178,141.94610604542396,22.14078960593229,181.3512867925084,79.1874463483428
2019-03-25,213.2201193356579,143.769897484318,21.978520999915496,183.3957479359288,79.62253611009065
2019-03-26,212.14357728905696,144.85877281515084,21.86608629392004,184.8800663323529,78.9732409532029
2019-03-27,213.29851727256812,143.11641500540256,21.820869836428045,184.27612629314092,80.47758365580128
2019-03-28,211.79538655954937,143.10821854202234,21.888568034593735,184.54726014347804,77.01669222274595
2019-03-29,212.83092785128122,142.37280010559022,21.83926457415863,184.13546026716733,75.09733585446116
2019-04-01,212.9257748861993,143.48946001094885,21.775468391134318,182.83888238321035,76.55084488768279
2019-04-02,212.81037826894286,143.42096063386643,21.736191438469554,184.0380675483737,76.22270540356237
2019-04-03,212.49148780766032,143.69123513017163,22.125234001870634,180.03102334713606,73.29571319306143
2019-04-04,213.71852530807766,143.1649211101428,22.106422406425928,180.35331670162745,73.46225004626838
2019-04-05,217.25746633696832,140.39435806329314,22.024528069885044,178.20823390717345,74.4823783052941
2019-04-08,217.51166269324816,140.01100959832357,22.023814453657895,175.67412733436794,73.90688073732669
2019-04-09,218.04977759853438,140.11049363485552,22.177356341656587,177.86911158180726,75.18289652761757
2019-04-10,217.23616413521907,140.32988217279524,22.188904981634348,178.6952859364209,76.53615749670233
2019-04-11,215.13367018352628,143.01712600553245,22.133403673873453,181.05576026061723,74.49101334787086
2019-04-12,213.1688197057911,143.11676283117595,22.188424732994267,179.98433130365964,71.8766454835451
2019-04-15,209.818186134191,144.8221696284985,22.175184930666028,178.94424556784432,73.68780707433075
2019-04-16,211.64504697289888,148.62957227781402,22.08222949650757,181.67229042230576,72.56670324977031
2019-04-17,210.81095262385173,149.8714783150283,22.27671657000105,181.04902323327778,71.48750734229448
2019-04-18,208.6685751447429,151.83284908749735,22.36895092928576,181.35726546567494,70.21053369194485
2019-04-19,208.726851871393,149.88681410960518,22.210695283603098,181.97433002960113,70.99340421758318
2019-04-22,211.81084346812128,150.10256150619904,22.180772029420083,184.18603101911944,73.63177446576216
2019-04-23,213.17467150516003,148.48435226336522,22.239542978237868,183.43912447092632,74.2891555863928
2019-04-24,210.15709003066274,148.80201432196867,22.423756237151466,182.09705404084127,74.25682275962508
2019-04-25,209.2661567432476,150.13150226955915,22.445766119145546,179.1415831200895,73.71068162489186
2019-04-26,208.78430660544444,151.0092180807784,22.28890998732024,178.786315166647,74.41987247054271
2019-04-29,212.6547461984763,148.8181907634763,22.215754818198803,177.71559117136783,76.9907992536388
2019-04-30,214.42044777700667,145.69853985160566,22.105497158379755,178.68135157722037,77.98047144285817
2019-05-01,214.4980352027427,146.76668032172495,22.07408335402818,180.92233848313526,77.53994019493636
2019-05-02,215.73095617397377,147.64182536675804,22.1286464701796,181.06979784787765,77.76031724685805
2019-05-03,214.93136008520548,148.64390082732072,22.076456832280442,184.0485071816544,75.36376386042963
2019-05-06,214.17982867917542,151.5048173937441,22.05791351250654,186.97982045057887,75.55497183071824
2019-05-07,212.46910280261008,151.84626249019905,22.031628504129415,186.5513099532813,74.34358663812046
2019-05-08,210.76970691239686,154.369704568401,21.886466382821098,188.71252921883206,74.60112356212497
2019-05-09,209.8439870281231,154.384418095131,21.944067212370356,191.89840775478186,73.52636425634952
2019-05-10,214.37377084617185,151.5664730295549,21.846190177878483,192.37361957676035,73.14581156862167
2019-05-13,214.2003331741743,150.49512660603122,21.83950377625018,192.48255952111006,74.02771880239858
2019-05-14,215.14962037710566,148.85906438443567,21.862150297878078,191.1901133801358,76.99072417182634
2019-05-15,217.99484717078573,147.31388837449202,21.771738208335606,191.67260596014964,79.0684326270441
2019-05-16,217.14231047962346,147.16420531336968,21.77097608708473,188.9280196556178,77.24232090245233
2019-05-17,218.8532107217287,149.14142220392768,21.819986028996937,189.73243572974707,75.89708862169508
2019-05-20,218.87375034491743,149.86751997539395,21.95107225424634,189.84395709796186,76.33205624198716
2019-05-21,214.26322225756206,152.9703150893761,21.93222191590265,188.78946802863425,71.0852342263079
2019-05-22,213.5274568155083,153.13203724317611,21.80320251980241,191.40869784558967,70.64562421679464
2019-05-23,215.19200624393952,154.6914480065427,21.812517506299535,193.51623897830305,73.49513940528105
2019-05-24,219.64004365904373,151.2004872285161,21.629720144535277,194.43329547349714,77.68164246602532
2019-05-27,217.21246174895387,151.52765090820694,21.780785926893685,193.7473114191901,76.81121860555656
2019-05-28,216.34998353621307,150.16711440662246,21.86303996748638,196.2844763848884,76.85066891473244
2019-05-29,217.33203522425865,151.0310298474709,21.917006247667274,195.86248051120882,78.3389624246004
2019-05-30,213.723586554294,149.93925014600447,21.89076319099804,194.2324220622504,78.61295246634556
2019-05-31,212.74710891606165,147.88768781671362,21.875267942359123,193.6001201371738,78.00552377625995
2019-06-03,212.23970875314217,149.79369836961268,21.705906369323944,195.22913449731473,76.07703583133858
2019-06-04,213.86285739690456,149.16420101907485,21.924918843370435,194.6151640503586,75.55134783808066
2019-06-05,215.88797882796027,147.60872872841804,22.151365458911425,194.09466818041514,76.7503324181263
2019-06-06,215.67838885187751,148.97931079639525,22.112263508304256,195.6504641876239,76.81204696264355
2019-06-07,217.88924420792128,147.86644675288784,22.070856656782386,199.48499787141407,79.77654719196507
2019-06-10,221.0631284732856,146.99066120205723,22.161802498252623,198.69504319063157,80.16543478934857
2019-06-11,224.85656965778196,145.64905520640005,22.138222860335585,200.9178671503711,82.35402506514424
2019-06-12,221.28343597160864,148.85747628101993,22.268243115415135,198.61434252246366,80.33739733411684
2019-06-13,223.21520675861439,150.03128379908537,22.318061877453395,201.04754623325934,80.66915990811073
2019-06-14,223.80437122155107,150.92171954409315,22.33477444949794,204.51667917012975,80.58488869429274
2019-06-17,226.5456493684492,152.2094462229348,22.391967084097104,204.97943648337807,79.21588199928576
2019-06-18,225.79870005335013,152.26443395760276,22.305388406944765,207.40036157407764,78.56000497829149
2019-06-19,226.92346296594116,151.66937293160603,22.155970378416036,209.648822726872,79.17715743857612
2019-06-20,228.39123759303453,150.76116034267983,22.13590330880853,209.77675889332306,82.50469405082174
2019-06-21,228.34375542570086,150.7705644745707,22.098625946467514,210.1556923343931,83.5918353509058
2019-06-24,226.28385481557714,151.85448107292342,22.306211553341356,209.59534469112737,85.48244504647505
2019-06-25,223.53023341676843,154.18586797300046,22.303229616201115,209.79452206082368,87.65362624828205
2019-06-26,220.74503626107668,156.76328459712332,22.251582799499786,207.43343900500747,83.32284588781482
2019-06-27,225.2786667945776,156.14231534783633,22.181940223415655,206.06182221806935,84.5961421793673
2019-06-28,218.93380372021284,157.17379618936994,22.233573919811725,204.76386835555886,85.86240262259722
2019-07-01,221.48775814510296,153.56265264488974,22.372589953468328,206.89376091476043,87.78377010316564
2019-07-02,218.73917627838182,152.94770156451406,22.487266051992357,205.7385310304857,85.60490194787025
2019-07-03,219.4725341563684,151.02792111709948,22.539335685902994,205.82179155644383,82.04123572984619
2019-07-04,219.2183261247977,150.57534369980073,22.609713514438013,206.45937781365313,84.27508665118353
2019-07-05,216.32647806559413,154.76924154054146,22.63306360122482,207.40105321072915,79.75437071699649
2019-07-08,212.31322386286328,156.7482335866053,22.62795243810724,209.10194883042615,75.76497177661152
2019-07-09,215.105111161174,157.46018950767206,22.64114831943776,207.35247891558328,77.78199529416901
2019-07-10,217.72723084851438,157.56034475407378,22.577184581253984,206.0342580645597,75.30174736749728
2019-07-11,216.6459418169965,158.59876060390474,22.6336853831683,203.78064348426778,72.56753982802844
2019-07-12,216.01907997858615,159.91160520308048,22.76888327749401,203.6076785499774,71.58213453385571
2019-07-15,214.21626883497396,160.16949131840613,23.01468854336712,203.62980062949816,72.10344102117242
2019-07-16,211.41887403631796,159.49485933590034,22.947179621483947,204.23426614501918,71.85213184710643
2019-07-17,209.00985672587862,158.10829255896098,22.927749686405175,204.6042890943943,72.03619749409614
2019-07-18,207.4959993194907,159.09366904999465,22.732974685614355,205.79130657874848,73.7737642577836
2019-07-19,206.37925157793703,157.62049770797236,22.653497221961317,204.72538425641045,70.62564300142262
2019-07-22,202.98099061121874,155.8639183446838,22.453738974875925,205.1046976292311,71.75452348892644
2019-07-23,201.61916383862382,154.89872125634864,22.47900879695449,205.343063604318,70.73094923890119
2019-07-24,201.05070493575388,154.50129246168717,22.476312523241674,205.770337304777,68.27262476692201
2019-07-25,198.95409550798598,156.35690929994982,22.483899803878025,203.02462584685054,65.9085704444717
2019-07-26,201.34067171529193,155.55006058080423,22.41191729918394,203.58123791562798,65.54704387270505
2019-07-29,203.60872168201627,157.3122727590414,22.35772466756669,202.7431571529779,64.48151113827183
2019-07-30,203.7150879748227,156.56369338523663,22.213844896147595,204.1243891888451,65.66422619802631
2019-07-31,205.45437427414385,155.37910793350628,22.165421505759117,205.8667497252835,66.13132492213133
2019-08-01,207.22624951915395,154.00135368908474,22.191297661680853,208.1961630191615,63.4745882162792
2019-08-02,206.53601633822322,153.3706748036967,22.3122313402308,206.58082420051468,62.72812044945656
2019-08-05,208.03914964496454,152.99219803161813,22.264036123663843,208.17716467423764,61.75683598361529
2019-08-06,208.06788578206906,155.1063038120642,22.271276070424236,207.63521071028205,62.47478444855287
2019-08-07,208.43929681467807,152.35308643690848,22.287043972192325,206.85219419244947,61.752724082169614
2019-08-08,209.9339018917163,152.18908211973766,22.293113626466155,208.52630652655853,62.567488693794175
2019-08-09,207.8452347557273,152.63556288282396,22.271794231549382,209.09615902367204,61.85723778340681
2019-08-12,205.22074286318917,153.78626187789905,22.265035417961126,211.76901438666798,59.422250509437895
2019-08-13,207.04221094398588,154.74504401747075,22.16068900635698,213.81538877993572,58.38606053549583
2019-08-14,204.20856283872055,155.99330349665604,22.38651638104505,213.73312943645956,57.130927741957784
2019-08-15,204.38638851885096,156.5145111180604,22.437010429363227,214.504655874208,58.47292168980428
2019-08-16,204.85469660663858,155.7715835615482,22.53677143300418,214.3144073971803,57.011702519427686
2019-08-19,208.19842297956788,155.82071466015844,22.52595634444353,213.93368819349126,56.53874415026703
2019-08-20,209.46402389396272,155.06007956989416,22.40233206139273,218.17895194815566,57.8093645065084
2019-08-21,206.09335879445595,156.88135692736603,22.397294521027224,219.97669920472865,56.473593990819595
2019-08-22,206.90406569399093,157.70109894129092,22.556814883938987,219.37189596143045,55.13768182347242
2019-08-23,208.13644005829812,158.15781601839248,22.539031596426447,219.05933760513247,54.17462959644587
2019-08-26,205.35341350237283,157.14279798835543,22.78264598116544,216.95225246753589,54.34060653719115
2019-08-27,201.1610740270717,158.3277274523304,22.736853307755958,217.58393098172627,55.01760061630456
2019-08-28,199.07921724363155,160.62903326148327,22.675233859142203,217.06790881930135,52.92808000720704
2019-08-29,200.856631458174,159.6934479924969,22.556192057539562,217.87729771255084,53.67204003337919
2019-08-30,198.29771896574456,160.75836480578926,22.379497135219374,220.5557015298325,55.74346366400532
2019-09-02,196.60450549567136,163.53862966572092,22.509140498788714,217.82935662333907,55.200448690268786
2019-09-03,198.9627140360886,162.06772850773575,22.3151379589192,221.67586825435623,54.71069405423397
2019-09-04,202.19068643410748,159.7230631819092,22.32424221694739,222.29328886896243,54.809958519447505
2019-09-05,201.15045259523845,158.7009156208943,22.36788044445708,220.66356003363802,54.8203042630159
2019-09-06,204.3334938874956,155.6307116294067,22.395631572209066,219.4493136320797,53.23133243096727
2019-09-09,207.04926840639519,156.718483349024,22.356264476287834,222.36210972594864,54.03221272110737
2019-09-10,208.1374953524057,157.1521078948721,22.517348257932376,222.74517187784818,52.39203409633
2019-09-11,212.5504460764093,156.74672130120393,22.198342230013907,223.1081440623822,52.892105279778974
2019-09-12,213.180187079811,157.33414922993154,22.178596944142335,221.93387114970176,50.5531487274699
2019-09-13,208.3532898017192,159.8388381763171,22.25215767816541,224.02648420929785,49.25872179368403
2019-09-16,210.64859006209954,161.55070683627403,22.26768576771767,225.2932677255893,48.99587301392403
2019-09-17,207.323656781543,162.23432504391866,22.26180975882096,227.82395285073378,48.64267496433432
2019-09-18,209.24159746651574,161.9314519418357,22.284565989897082,224.3928502102269,48.12050725578668
2019-09-19,205.4613716424892,164.4722161970451,22.614713841373945,222.50282210747446,46.82096711628247
2019-09-20,204.57007052251709,161.85799570273807,22.504029128099134,220.39340665044895,44.62234174836392
2019-09-23,204.27316187954602,165.32115580991675,22.77703471718948,219.36756620891802,43.43774587638508
2019-09-24,203.41955679757658,165.1795170418265,22.81298887772151,216.20168933570247,44.08346731505997
2019-09-25,202.09659040359622,164.8424831137918,22.945512832585763,215.59580274852976,44.89472721867646
2019-09-26,198.65510868904366,162.5028255360863,22.89262723642235,218.18927202070358,43.887216752794345
2019-09-27,196.9792260171118,162.35223389053303,22.898849094869643,218.4770200219973,45.68880655847204
2019-09-30,197.63853368258296,160.90494839184046,22.94727173622589,214.8617549958238,44.981003029539366
2019-10-01,200.3079324753738,162.43344927553,23.20232257743947,214.21878696527085,45.2316804286829
2019-10-02,199.53775212692778,163.7143829803464,23.07065154486326,215.79944932871362,45.78032930271393
2019-10-03,197.02310063656978,162.84844962342885,22.978857477957412,215.71031014553787,46.90228454481504
2019-10-04,198.0388136671411,163.11448356732123,22.928099319044282,215.1201556377486,45.20646177246508
2019-10-07,198.59302407446236,164.20289855490304,22.993698711513648,217.594039795272,46.184264110138926
2019-10-08,201.9490712438274,163.73671540835485,22.95805443039893,217.65588503499762,47.49734733535681
2019-10-09,202.32143127670832,164.69264713422328,23.047647842038625,216.26735849368677,47.8424043648117
2019-10-10,201.67476146199965,164.99470041802067,22.87970559975582,217.93789397206797,48.09514760139642
2019-10-11,202.70118666560936,164.57840387565682,23.00805471492616,216.17508280313177,46.20163253485835
2019-10-14,199.66175953624992,167.11901148284556,22.814296890314292,217.84448290250327,43.95777024838389
2019-10-15,196.91682572819832,169.39997933099542,22.737072334033066,218.54639445893199,42.65321899943557
2019-10-16,192.96543909297864,173.83215582564378,22.939641045399682,221.04229873434662,41.48123969371275
2019-10-17,189.26828595351267,177.81473215533848,23.263217084113027,217.94268669018786,39.83583942301345
2019-10-18,191.75049592475568,177.3347706985755,23.18457224067027,220.7830785214914,40.794809896408566
2019-10-21,196.07640268868775,177.35762970625274,23.294120260918067,219.98784191255535,40.36838661415007
2019-10-22,197.4588959999548,178.75031859380752,23.498693682385074,217.6847508206888,39.64316179883018
2019-10-23,196.9698685426116,179.35829648604178,23.52309526293606,217.4178920691868,37.77382544576785
2019-10-24,194.8504114149013,178.5200400834427,23.54013869326294,217.52948659890072,36.96307189953421
2019-10-25,193.24383708091185,180.30471820986745,23.717381557528405,216.02888445802344,36.66343534850416
2019-10-28,194.0603737921291,178.68283623997164,23.718675969495386,216.23416094239116,35.961193678815604
2019-10-29,195.19216768515273,178.3692935509261,23.71062466069404,215.0984697224625,36.883971889134216
2019-10-30,193.59063338703683,177.95604531849756,23.700665105906744,214.56132203183282,36.59126492864502
2019-10-31,193.61894948998102,177.09214169729177,23.639349147037876,215.23962903411945,38.12411218407439
2019-11-01,198.20258415249023,176.08426844403542,23.637508171962196,218.2170412970857,39.302881227791445
2019-11-04,198.28877766958774,172.70537439662215,23.570533344721696,218.65415595925532,39.90156790321667
2019-11-05,193.08892275590185,172.3488778533678,23.623256312517185,217.33610982213247,38.50033864824257
2019-11-06,195.4695962161296,171.47458851182407,23.58213350864984,219.87468116047035,38.050489812402276
2019-11-07,194.5246372439288,171.38942061455484,23.57427855982527,219.31793307557362,38.48989718596185
2019-11-08,191.79429290822728,168.70945309023318,23.571077733690316,218.28238388115983,38.47024974611497
2019-11-11,193.95062281461574,167.6663650265521,23.387749968504092,216.48848216293322,37.81855505742308
2019-11-12,197.62193180651417,167.03245099170636,23.322448815196505,219.94379829281826,38.82976985603317
2019-11-13,197.920612765468,166.9516344194962,23.19496072094142,221.65703698976375,39.95146398236453
2019-11-14,196.43446325652516,167.68256814240294,23.357358890123,224.70271783553517,39.674784952665746
2019-11-15,196.05701074407054,167.57936115198285,23.4876204993268,223.5531292614967,40.01827317782083
2019-11-18,195.57190768906707,168.74483234061452,23.653408217070705,219.94343527930656,38.45514266797856
2019-11-19,195.3237097079758,168.16042993574604,23.56341189815804,219.4009233028907,38.41694908716157
2019-11-20,193.7279621151908,169.89003159788427,23.737581190584123,218.32576463514914,36.815498151787715
2019-11-21,196.19622160899488,170.15108987823155,23.595835288641357,218.00167495235326,36.57482428594358
2019-11-22,197.5326363563767,167.08632829398647,23.507980958477848,218.0910849883842,35.8541856999209
2019-11-25,196.80244615871635,165.9650998714399,23.380913140466276,218.03855572642877,36.75083754001714
2019-11-26,198.8115079314809,164.71854528239703,23.49650957181257,218.3983668396129,36.39035491715321
2019-11-27,198.47550064465028,165.44064745734659,23.598145703166008,217.95512181489775,36.75651895416298
2019-11-28,201.07746873576764,165.91280255565215,23.608481696939936,216.81564813554516,36.575608057968424
2019-11-29,201.17017486089532,164.20516800695066,23.677952463639144,216.56183988759258,34.834543021750505
2019-12-02,201.11800571392038,166.2211691087353,23.7152453350533,216.30720382454393,33.6744692149186
2019-12-03,201.25627068822934,164.97290537896785,24.05283300524041,211.47860831494972,33.707413921034444
2019-12-04,200.7233293724577,163.92853763736596,24.034657741118792,209.74523571728594,33.46720558130832
2019-12-05,198.13390077690042,163.4946602290977,23.938426076809712,213.161208063241,33.78738422001383
2019-12-06,196.4308230636282,164.6800298888306,23.89182632370499,210.93022215231878,33.923267689434574
2019-12-09,200.58890568246144,161.67136960782778,23.932804822469276,211.73692398828803,34.386651548164004
2019-12-10,201.4652904035335,161.02047642068578,23.909706255647606,209.93537786632717,34.43467526469135
2019-12-11,199.56457036981055,162.36140029017326,23.959866787813304,211.04956764552105,33.710123948207496
2019-12-12,200.5961462538287,161.85981799606927,23.97220040015702,210.64392599464352,32.384676977751504
2019-12-13,200.4357674259095,163.90682085658807,24.11347177307794,209.98937847391366,31.76183349170541
2019-12-16,197.7055245900497,164.5644867106976,24.227913688525994,211.1765605952689,31.849384278025294
2019-12-17,195.790461839257,162.2362196597333,24.411096043381647,211.63999304407895,33.44963387160063
2019-12-18,195.2663857771045,161.9962202126694,24.704864450959064,212.11764704239684,32.97513306684154
2019-12-19,197.36232495103476,162.22904587725665,24.82466543712883,207.49249105115297,33.00476175186224
2019-12-20,195.43619012990564,165.03418153286887,24.789303214828486,208.2795316368603,32.52802677423446
2019-12-23,198.06174034492147,164.64734876917896,24.725449565796254,207.73005143938795,32.77289831950375
2019-12-24,196.40959756520695,165.11088621694256,24.74972880787922,203.73158822627568,32.4542955627967
2019-12-25,196.03182522621805,161.44059497338878,24.84650177432598,201.34443597634692,32.578920275505084
2019-12-26,193.4388982599356,161.6886179400933,25.02589952731669,200.33526756261864,32.563285606556704
2019-12-27,194.34132727647466,159.85873621097383,24.800728065921223,201.13378547670084,32.635668972320225
2019-12-30,196.30254949246594,158.6920408656151,24.788365271355666,199.5451705732036,31.56866819978859
2019-12-31,196.46763402518627,159.36021776834198,24.713770968821912,198.3530417432754,30.916101080583474
2020-01-01,193.96544011565157,159.7478351835416,24.76613803160422,198.6175345521201,30.658607060503343
2020-01-02,193.87196713934293,161.95321225736,24.87255310572147,198.73248578343328,30.17959186675531
2020-01-03,194.26341716170734,164.98076415283748,24.75612524906332,202.728613203364,29.944406765334442
2020-01-06,198.72623529964042,164.61915748340266,24.608101250079088,201.8627036736572,30.745793124738807
2020-01-07,199.50311269287164,164.49154665504392,24.59069370903297,203.75936350913472,31.174772713002284
2020-01-08,203.0385844454385,164.27862779032836,24.461360132710134,203.54177399671602,32.37225066402452
2020-01-09,204.40867708616474,164.22106156295442,24.348379261272456,201.8873310416499,32.3053023809092
2020-01-10,203.76642692666016,163.51699839850426,24.432721007275497,198.62857736042625,31.782175473319132
2020-01-13,204.94417411723273,163.66475915594674,24.53315000741774,199.2955613257521,31.485129832591824
2020-01-14,205.66829305947257,163.00716100972795,24.7405980362703,197.44715780655292,31.395818096633555
2020-01-15,205.10417751584038,160.80377787509656,24.73026411339496,197.77601072448127,32.99153543928919
2020-01-16,203.37940282236065,160.78432927966315,24.86314077028668,197.70954679374364,32.88142074900979
2020-01-17,205.19311878688805,158.70559983929718,24.599223196232202,196.5733147973896,33.18954037060575
2020-01-20,201.4906245248915,159.25088445324334,24.678662359825807,197.54763640324745,33.32273590701021
2020-01-21,202.4532518572419,159.01969063449786,24.884511053324847,195.61792058455734,32.82539553621958
2020-01-22,200.73619523224514,159.36595541153937,24.816472861404524,196.84156783954978,33.63442068251504
2020-01-23,198.44046966647213,162.2593814510855,24.9842098180547,196.85213560463166,30.73048280208291
2020-01-24,198.68126835923042,160.40585985542458,24.82301188269445,195.95462618887228,31.621784925074145
2020-01-27,197.96523349782865,161.93535179764558,24.783885477035305,195.65239173650764,31.603673683065104
2020-01-28,198.36249512109285,163.28128550360148,24.7023875335563,199.14501878092565,31.877090949090253
2020-01-29,197.96748377848616,165.6143701533673,24.82248507042951,199.15714111219742,30.10558055631371
2020-01-30,197.24299037179125,165.36865274563223,24.632499213740076,197.92750542797984,30.858441888233628
2020-01-31,196.69605836308395,164.43596760280434,24.909485483223683,195.4747496318781,30.921417789074596
2020-02-03,200.1669482091701,164.41313467339606,25.008358842239858,192.90499492541338,31.440509071146348
2020-02-04,199.56242818838314,163.30157391854087,24.978196489955987,193.17236664830938,31.350448197359945
2020-02-05,197.87981925356365,164.0248446132357,25.034257390454158,193.8940126757322,31.048169677910558
2020-02-06,198.43065021170042,164.88912937073596,24.889097341346503,196.3728324784748,31.192871747165057
2020-02-07,201.66110161556722,162.43046537443195,24.73016486376526,196.87103249482016,30.892498687095106
2020-02-10,200.93963550618608,160.88001690428987,24.881186107394953,196.90390392391373,31.304688665526378
2020-02-11,201.37923309032095,160.14255543685752,24.880688862931756,198.8823625623434,29.57052036525957
2020-02-12,202.4139635413808,159.80332423069072,25.096074240882416,196.3912901206163,28.63772306670301
2020-02-13,202.73834564725908,158.84415503672125,25.212178245812375,196.46933194522995,29.028605243307627
2020-02-14,208.40623296841056,157.27644086805145,25.156374040368398,196.72671360857257,29.111161297141166
2020-02-17,210.07384023548812,159.84937277386163,24.982177492538995,198.7027208314278,30.2206237001026
2020-02-18,209.4060223584556,159.52208057577096,25.310525186930054,193.63006562388222,30.151176703556423
2020-02-19,213.40880084985162,156.46843367552694,25.25959421307482,196.87938802439777,31.792225016764583
2020-02-20,211.27135919770188,157.30257447215007,25.37722743000859,196.23615326550546,31.398014095726047
2020-02-21,215.69558328543306,156.40162250277982,25.56645167921026,196.3767640688203,31.70832834672467
2020-02-24,215.62234878183455,156.605259585026,25.66776275205379,194.3724050236977,32.18342712309907
2020-02-25,215.85033410736244,156.28100943767808,25.603661578570083,193.7696597433855,33.020094604143154
2020-02-26,213.02624287695656,158.00138138826267,25.615705273307736,195.73480344378055,31.510934497258454
2020-02-27,215.00463416585015,157.20160294445603,25.63572334410817,193.75323365043366,31.16946226293302
2020-02-28,215.88084997154363,155.85235068151826,25.591854692311763,194.74813790024663,30.849494279771708
2020-03-02,213.8707103553631,157.53373764271745,25.610528878167443,194.44385478060923,29.6264814571284
2020-03-03,216.37382815818094,156.1197448176881,25.656899369034022,192.25440755711165,28.781453269837023
2020-03-04,216.99314824224115,156.86915952356344,25.53241419833846,192.23482108513204,27.866885431303004
2020-03-05,214.40135320380563,157.05989404121124,25.57251056287387,193.05619840124976,27.759779810727704
2020-03-06,214.21888328543372,156.67453616383392,25.361129293154043,193.96907945281632,27.21288905906833
2020-03-09,216.4928495210489,157.60538196309966,25.434966025960115,194.1730826174801,28.323819905624475
2020-03-10,217.77470147003618,156.14785509365194,25.281195027377173,192.06620001259716,28.522291344847595
2020-03-11,214.82306455214345,156.6516761289847,25.138057615824785,192.12358760460387,27.19497353171932
2020-03-12,213.31806713893965,155.23792548237282,25.12035622680886,188.54398460531408,27.31905845452851
2020-03-13,212.92044565537753,157.5976239784501,25.350550871346435,186.21414444854125,27.22971556593815
2020-03-16,210.4957926363357,158.16519811868295,25.400691870093368,183.43466276984688,27.63882413295188
2020-03-17,214.08491031374672,157.3713772660523,25.280569085986336,182.5290354590188,27.368856965605158
2020-03-18,212.62556621481508,156.48336710850504,25.207434775729546,179.7699168077081,26.85547387242407
2020-03-19,210.6314043420527,156.61443538670719,25.263787373550272,178.78538120180997,26.523559436551967
2020-03-20,211.07884265949323,156.8837049199916,24.97361090324869,180.0652629054318,25.532442888406685
2020-03-23,210.61478149469932,157.51607644892553,25.0928561643764,176.50009329696383,25.67858491772323
2020-03-24,209.42781281099587,159.52911207397526,25.177984719521255,175.63656811449505,25.458477578719016
2020-03-25,210.85412492078126,159.22446292819714,25.52000677327049,174.78905383979264,26.1866986626206
2020-03-26,214.00498564448958,160.00080280989107,25.365831389965365,178.33378250005902,27.36892721168091
2020-03-27,214.0097854475579,158.65725720123922,25.616106713505417,177.39607024766377,27.092276375882644
2020-03-30,214.04572286661053,157.55731297073004,25.45250324618296,177.07835158938389,28.33990537780629
2020-03-31,214.25684042589876,157.0291199769484,25.476673645959956,178.06188682890064,27.987461521612254
2020-04-01,208.74413717944182,157.5147075646679,25.58474005503081,177.4317625019675,27.053329923756685
2020-04-02,210.05902539585526,156.10308781237822,25.526526022910318,176.84961666110493,27.09608416358067
2020-04-03,209.17532041651586,156.67627851832742,25.40492137042004,179.06785166266684,28.07033646704554
2020-04-06,211.9776921354279,155.87657009825,25.34466857671564,179.0419545873898,27.603126572529668
2020-04-07,210.43309622602197,157.2255632568671,25.317102641679874,178.67763693623888,26.22706337660879
2020-04-08,212.0450534598455,155.27555152976169,25.424662980899924,180.9699170834125,25.608144015766392
2020-04-09,211.75985690535873,153.69936822710136,25.637171348722603,180.08325999294894,26.485354795316653
2020-04-10,205.8607367166739,154.63368415803265,25.475016913725916,181.41731595144228,25.220927758508857
2020-04-13,204.740451579957,156.07397114902497,25.369902904591,180.11028370448074,25.344011024988944
2020-04-14,204.5701824955124,156.9378360008648,25.23416468911718,180.95484733191614,26.134279799245817
2020-04-15,199.54048302064018,158.53610715179178,25.338503291088642,180.74363805986212,26.17753087790775
2020-04-16,199.52825275537688,156.5679481160097,25.459311546008458,181.24293247265842,26.68308071282582
2020-04-17,201.80722174963162,157.12893318081805,25.469342617122024,183.21596874708274,26.69260784539847
2020-04-20,202.70924787480797,157.0925516064963,25.526844468309868,181.56520363599157,26.178326484559612
2020-04-21,202.75524421213558,158.31689991242644,25.459152542510672,185.3502789035384,26.063881099604206
2020-04-22,203.9872660232807,156.5581727520845,25.19000535772373,185.6005187218564,26.74406211100427
2020-04-23,200.7898300153722,160.05408864424436,25.26969519050438,184.32377554441402,26.28334599253352
2020-04-24,200.2314026001147,161.64899580801614,25.212179319674608,186.18925501041528,25.80704921449858
2020-04-27,196.89596110260393,164.1714047845132,25.255764517492757,184.83482997412153,25.184210856868347
2020-04-28,198.72301326817268,165.08654421498616,25.28971863308622,185.1981059369137,25.089083351810373
2020-04-29,198.33807179608561,165.30439106059364,25.39165433939339,184.93305542008682,24.771177433398456
2020-04-30,198.35359372328912,165.73758301119747,25.33654401258489,184.63186401093674,26.08652608767139
2020-05-01,193.88867550144334,166.9067892076241,25.51526125022141,184.52756078757895,25.476370320582244
2020-05-04,196.58964246006374,167.49238557135507,25.57945893073053,183.70269997305465,25.447224427385706
2020-05-05,199.85498716700448,168.279865452806,25.387291880552635,186.0323935301928,24.875419702468463
2020-05-06,202.13582261253862,163.71044067474227,25.04612026774818,186.41043329888717,25.09894628759495
2020-05-07,201.55140506719738,164.5311758592366,25.158776647392155,184.52356035438405,24.359862833232157
2020-05-08,199.90379131922893,164.14390867160407,25.092912629267055,190.5769727997003,25.716167295826214
2020-05-11,200.89163163033064,165.8962208170797,25.07027009447885,191.39755385924607,24.68537401182204
2020-05-12,199.1402845702972,167.99382015587528,25.14084759208464,191.75995894143188,23.916808406619754
2020-05-13,197.91326217181492,166.49046339822434,25.23322558736605,189.7156124284639,24.024859990341167
2020-05-14,193.84100799573957,167.0592747319342,25.12793046459292,192.5229095077788,24.14743572668756
2020-05-15,191.7900974899344,167.7390606181545,25.08423852325133,194.5212434748071,24.03819610836333
2020-05-18,189.9025840422633,167.93283840110882,25.17233083276346,195.19459111443675,24.01679203045787
2020-05-19,190.63713493926315,169.6115395221677,25.148919827646036,194.71831398011392,23.943018307230695
2020-05-20,190.95031131132376,168.44428573184413,25.190774007589354,192.41822301118634,23.268458330745744
2020-05-21,190.9750119928385,168.79014641517912,25.384092260844668,188.38330438648038,22.980048200191295
2020-05-22,191.5693635766182,169.07983166270182,25.371858473059948,189.0600207849719,22.47278011690061
2020-05-25,192.3841966477047,169.2869808493647,25.371057097076985,187.0556249060249,22.129455706377748
2020-05-26,193.37292330995177,168.59158036217232,25.352043809838626,188.30279576059317,23.296684248240496
2020-05-27,191.6695977580325,166.78216694007025,25.23832897523748,190.29337559388443,23.587705146847025
2020-05-28,192.92926394823044,164.58330069717542,25.386053429057572,189.41214600478884,23.13411484616745
2020-05-29,193.00748411981544,162.48356045967375,25.352567249766565,192.22643520829635,24.742191803320452
2020-06-01,193.9608870444746,159.46210189755766,25.32794074067003,189.95278630021036,25.787883544556685
2020-06-02,193.63184489990354,160.43232856674044,25.241836546820004,191.70384388691315,25.970854752575143
2020-06-03,193.50855788785628,159.91968890854739,25.154554774221516,193.1340796964101,26.32340189456111
2020-06-04,192.26341360399533,159.79322129802836,24.971840456810572,195.05913703356092,26.186901949046455
2020-06-05,193.24142770865134,158.74859071670704,24.937635866554437,193.94725890974775,26.053328924922557
2020-06-08,193.30953446697907,156.86611547557536,24.75369335564224,192.42433619443048,27.767984375411153
2020-06-09,195.47785631903997,157.9711349182487,24.585614931270683,196.05029676279761,27.782964535014
2020-06-10,191.83577628868161,158.90679333479494,24.687672404084857,195.39631420732218,27.63955669661665
2020-06-11,189.2891286483617,157.45216616029083,24.723707454900474,196.14472980344382,28.214691189273687
2020-06-12,187.38530844147186,155.5245895953206,24.805837865712753,194.2650423154457,27.359117580389494
2020-06-15,183.8808225152078,156.14331077999353,24.900948397348962,191.6681776296582,26.530523975141385
2020-06-16,182.06573951649628,156.08180353669295,25.08095918433886,191.83369376613578,25.605745529471832
2020-06-17,179.79221442994213,155.5724707105723,25.08567543267862,190.82260286100382,24.191356797177832
2020-06-18,180.14097176792149,154.95435087274024,24.961535794950215,190.34345369987676,24.75421390169746
2020-06-19,179.82114066923916,153.8343267008507,24.889214976276094,192.24290417570137,25.034892277875876
2020-06-22,176.29517673990108,153.7118737713166,24.949148398165434,190.1286768536773,24.32367613904212
2020-06-23,176.94918375311784,155.4843114161302,25.00271829789421,191.36703750756888,23.75693268592923
2020-06-24,179.52040494726515,155.12209258481968,25.098059763009445,191.05742678931344,23.681484568756364
2020-06-25,178.6702708703394,155.19179307397556,25.16925605920523,187.8473418792725,23.877349743910287
2020-06-26,179.222565479477,157.58189136089175,25.190862767742694,189.47425877070705,23.312276296562487
2020-06-29,183.46128238763046,156.4250763188559,25.28494592605437,188.53787223632375,23.427519003179263
2020-06-30,187.90121583371604,155.55734704227353,25.336777537128533,189.95663326053528,23.164621970843893
2020-07-01,187.61240905813645,155.3289126885533,25.17461956429889,189.73563846153687,22.82494720415514
2020-07-02,189.88648438507983,153.38749658261108,25.15895664871409,188.25093688723172,22.942067881226606
2020-07-03,185.9221081638559,154.45139944402865,25.2550193253487,187.3553698443105,22.05646333259002
2020-07-06,184.96774803656942,155.59406131343073,25.487423978735848,187.0199215945592,22.037048867031082
2020-07-07,185.19743687144023,155.55477286355523,25.57316509927479,187.14344479116178,22.013183354281292
2020-07-08,185.26321471938567,155.18156998668292,25.71315465819208,186.53705128041037,21.628370346375647
2020-07-09,182.57738200849147,158.19133746118771,25.94738689631018,186.06939042230422,20.920226917978418
2020-07-10,183.31659016212976,158.75751427844324,25.687082793363135,186.8113401836653,20.26105988700497
2020-07-13,180.4385517606061,159.78618837528862,25.781100267058882,188.10992867739847,20.260507635588134
2020-07-14,181.18885313256013,157.9002314648488,25.825109709573965,186.00887324376313,20.372506741331726
2020-07-15,180.18446083837966,157.01703685881657,25.835406468601693,187.24754111882223,20.90352414930822
2020-07-16,177.9597983362696,157.54745706816695,25.803564168624145,186.47139483276098,20.652211288960743
2020-07-17,177.7139778727383,158.72028319458485,25.890551770570717,186.5074816039004,20.324426273750607
2020-07-20,174.2519618720949,160.2168118295234,25.86322926840181,187.72321166828652,20.21533829836562
2020-07-21,178.23019144788955,158.9533018579846,25.90267531262763,185.92811144264508,20.04993487187519
2020-07-22,180.66888773605936,155.6272164010431,25.812227787514423,183.6990757155106,20.773280375631145
2020-07-23,177.22270348428944,157.04320009682945,25.919282473198614,182.43942717059215,19.609749695807317
2020-07-24,177.03053564924534,157.2581344889505,25.906047279272713,183.19593263778825,19.799429485178706
2020-07-27,176.65500733211502,155.70300484298974,25.536270611174217,185.70546837121685,20.553064219358824
2020-07-28,175.81939591506503,155.67793655511434,25.520031813291773,185.2577423271595,19.19814817526544
2020-07-29,174.78803456125135,155.9442058979048,25.749812133967012,183.4009375683099,19.77920614416827
2020-07-30,179.860888158819,153.66740388070255,25.814052317837614,182.23181085630605,19.386785382265124
2020-07-31,179.2349582417314,155.0060393420746,25.720970519759767,180.5922286232908,19.676855075463006
2020-08-03,178.74985610132964,154.47895374689762,25.698090872929477,180.56305584484156,19.409368242683726
2020-08-04,175.47838989292148,154.51119523937783,25.758723817289074,181.49474492642503,18.836315862852327
2020-08-05,173.5794265665654,155.5035595869949,25.695770731879634,182.12406932365616,18.665252394610008
2020-08-06,173.86521115507824,156.12964069259579,25.671857270301302,180.19054395983858,18.407742391262865
2020-08-07,174.32238811141377,157.25488079201224,25.763892088022594,182.9098739061407,18.591967597504862
2020-08-10,174.2724765784745,157.6325172951765,25.843594301806117,182.96337553616868,17.879275954508756
2020-08-11,172.6681155390829,158.79459052545124,25.94624766389957,181.4192598808435,18.272934507796116
2020-08-12,177.12950064926486,157.00912226413666,25.787037318830574,182.03119107745195,18.769604984426188
2020-08-13,179.51980583788045,154.7804080459849,25.867939154569164,180.47113873460142,18.702683017265848
2020-08-14,182.5478437524453,155.4929901299542,25.837561002490624,181.81642804711646,19.009073235694466
2020-08-17,183.44139618348382,153.93189610094745,26.010506082955175,179.0615482726851,18.952826027772264
2020-08-18,179.65047300858328,155.5379829284453,26.086443341579596,177.7358613800581,19.330129949658062
2020-08-19,174.39341305822518,156.1690601566841,26.313515951007496,173.2747380487167,18.908120555654726
2020-08-20,180.32151925971732,155.2989595487267,26.10528518800347,175.95137139857127,18.894347100200164
2020-08-21,184.59429827514984,156.65989639516417,26.043016438555206,174.18841928527596,19.448243101538488
2020-08-24,182.2448740928041,157.40587688622625,26.017136788046436,172.46428684267894,18.719509581033687
2020-08-25,182.06637362475416,156.34619037426455,26.149774235584644,173.76584482760668,18.87631862688444
2020-08-26,181.23919631453876,156.7220132787922,26.271487321105177,173.08049875880553,19.008595679245204
2020-08-27,180.2576839357001,155.71032923121564,26.410631161260678,172.51752456405208,18.8888740612622
2020-08-28,180.79640948851738,154.81815325304046,26.18224927117275,174.43857463552055,19.46926953379868
2020-08-31,180.8398522101331,154.26161783889583,26.040569073187264,174.96797130340136,19.659526180216634
2020-09-01,180.65950482937285,155.7447456677197,26.17307244764916,174.9626109982487,18.915345194565194
2020-09-02,179.8595174098896,155.87059154436855,26.31097660458845,176.24418053103528,18.622418958213707
2020-09-03,179.21183948119693,154.42717746602472,26.30644703986598,175.37169669891153,19.113999455756012
2020-09-04,178.32718041860292,154.59749208266666,26.230620750185906,174.73606292507654,19.636122466293777
2020-09-07,177.2532599028726,156.3154371998372,26.267657568607863,174.00310732600866,19.11685631497484
2020-09-08,179.3232950613082,154.9185089043302,26.390827379910707,169.72491479243934,19.122492014039835
2020-09-09,178.43898537221312,156.0069993982054,26.616749410198977,168.78057503297924,18.65251258500793
2020-09-10,178.01287891566633,158.744665078736,26.672591488083476,167.93231076519646,18.280939919447608
2020-09-11,178.29710604523012,159.90635963005482,26.67665746834739,166.52955092343277,17.90059437295057
2020-09-14,180.42779276462363,159.03839233614445,26.549774777009517,166.49342925804908,18.55570887441939
2020-09-15,179.1085639024766,158.6615735765128,26.53251664277157,166.617401857704,18.500113685719885
2020-09-16,178.33809710018258,159.30685654184097,26.521441208463163,165.82706355691934,17.603861509025712
2020-09-17,178.05105376604126,159.0527360512845,26.286193086119585,166.09128894899112,17.948949752994814
2020-09-18,175.5110168069793,161.31289126416874,26.38359035165532,165.78873033450816,18.011213082084492
2020-09-21,179.49403306399475,160.4889393287252,26.333329397631104,166.0740386700207,18.01971012416997
2020-09-22,182.4770251044017,158.73427292008398,26.54004390557376,166.49883892728974,17.726243937256058
2020-09-23,183.9004599253874,158.62632764001518,26.532648263773645,166.55183528702938,17.245488289694382
2020-09-24,181.1180248885191,159.36847873794645,26.713163863752612,166.69701544423214,16.439070152511672
2020-09-25,179.1727279774448,158.4361310414884,26.68269902996581,166.11107768463432,16.001389119603957
2020-09-28,177.12470046735478,157.35429996110196,26.586076389768103,167.04699276174307,15.57429682486873
2020-09-29,175.95285519348045,157.35366244762176,26.396250979993436,169.0116405651026,15.449602626063093
2020-09-30,175.38304425163028,154.19841596138252,26.491862131034274,165.9305762387047,14.953234055927782
2020-10-01,179.45819088004757,151.06020998526364,26.589254145706327,162.89214795959447,15.130252378503666
2020-10-02,181.32855810818992,148.69734125617686,26.432659973143547,164.67712746139108,15.365952956172599
2020-10-05,181.3426563808421,149.49274761686857,26.382687416899742,165.07078442177004,15.616581079221518
2020-10-06,179.57776605444622,150.72483693809414,26.483063755311818,165.77084334472292,15.011329414597997
2020-10-07,177.64054774330504,149.57728294064154,26.500972837767137,167.78976125722264,14.997570416002176
2020-10-08,177.7798482099874,150.2379375099751,26.412914685096148,167.0076379801073,14.77942099862437
2020-10-09,177.01317232094175,151.2338348553137,26.588173771074047,166.8851086257652,14.881875769190675
2020-10-12,178.76375887417052,150.5322788333952,26.692587582479906,164.17919685204328,15.384156823348945
2020-10-13,177.11674488743589,148.9103708563216,26.79113405340554,164.39385238539262,15.335205221546495
2020-10-14,178.3561617431913,147.4544790754146,26.906573949456785,163.2459275648087,15.564239196993233
2020-10-15,178.85276481584717,151.03842712376002,26.988880516410884,163.07077984912274,15.019011859838113
2020-10-16,183.42525065009488,149.47192497205955,27.119650626190314,163.86111446638768,15.352339572466715
2020-10-19,182.04891687280332,149.34229983978673,27.079985121018968,163.29764352483477,15.587530904899081
2020-10-20,183.22938681591535,150.74103368375967,26.88979639714576,166.45057497957885,15.8985926569083
2020-10-21,185.38646088855893,150.83316406366856,26.732420431753177,167.7009019663109,16.286349220224608
2020-10-22,185.28435610885975,152.34492759297405,26.51213687866347,169.08640942809737,15.694202316917718
2020-10-23,181.78267129053432,153.33157197687703,26.624614196726203,168.66225675234702,15.74964835179184
2020-10-26,184.14040704236538,152.85796023443118,26.59321387182308,166.1538399090908,15.669737818388615
2020-10-27,183.48742077303717,152.8534902766226,26.7340529872967,166.00799459760648,15.035119627435478
2020-10-28,183.89382704987435,151.13071489508928,26.992938567340563,164.55565394169096,14.95682869999034
2020-10-29,181.94346873654388,153.71146830967092,26.927373738567002,166.2789807314383,15.11061924971136
2020-10-30,182.59207429738268,154.42893455160657,27.11317725100448,165.8131426564337,15.186937716672704
2020-11-02,185.65382909551633,152.12986055350592,27.11190360493107,164.09209775933368,15.286424178672041
2020-11-03,190.21915620819829,152.70687257473904,27.04837129682542,166.91430438262148,15.916736878416117
2020-11-04,188.52645662032484,155.99159662455514,26.936036137889865,170.3934312307488,15.670829463312716
2020-11-05,186.96806614458222,157.01116010854966,27.148077175239692,167.7914746921322,14.493824420199875
2020-11-06,183.65930404164027,156.68424894659603,27.200319976215447,165.32417430054906,13.947921730777047
2020-11-09,182.22662997899315,154.51139128311007,27.298655870077475,161.76962830972,13.812850745421798
2020-11-10,183.0286289772264,152.29710571808494,27.417954380499374,158.31013714390565,13.916050468830917
2020-11-11,179.5320407185185,154.07231864466897,27.480970717508445,157.2116646178022,14.097640873451038
2020-11-12,178.7197125147614,154.4185119822128,27.64764875600288,155.5628282132703,13.80211045053603
2020-11-13,180.23233368484244,153.49910602999705,27.69301095201501,156.50498565062088,13.990988093931099
2020-11-16,181.32442136222164,153.46758270309982,27.528461030465223,156.41674307258748,13.764474843782974
2020-11-17,178.45636932514395,155.42729468461263,27.4364310600009,156.57263755064648,13.547250613510379
2020-11-18,175.8322311175412,154.38865195219338,27.667771214373964,156.54066421353625,14.132076717857593
2020-11-19,177.48510085965827,155.7505290491938,27.698930266111002,154.49793674227422,14.387636906553414
2020-11-20,177.97156185896924,156.34895119181132,27.613480960753044,156.15989346663576,14.11045997017516
2020-11-23,179.04678142979915,157.2313665817812,27.409777107159005,158.36366315000544,14.405718053392508
2020-11-24,178.10479660551164,157.78155348427885,27.41723220858558,159.54781913876533,14.51234969521678
2020-11-25,180.3200339507276,157.3347972976119,27.74269308447063,158.63418190229305,15.395899217615796
2020-11-26,183.49725657479354,158.49017008413654,27.708287407473033,158.7887618724188,15.157954391466022
2020-11-27,183.015526098454,158.3762673351575,27.785440361031007,158.41914228153132,15.534346574777215
2020-11-30,180.96665958643246,158.96813443957532,28.07429176200975,158.71173806984703,15.198861446425838
2020-12-01,180.72937477329006,161.2003405291308,28.269829607246084,156.47465021735923,14.89840734662688
2020-12-02,179.84745754230238,160.0858443286893,28.402278455616802,155.47537083450956,14.72142476454136
2020-12-03,180.38527343597178,157.82090868731962,28.25764896568682,157.8090801567172,14.76270910136995
2020-12-04,180.58743906655872,156.85612487901963,28.556936090518477,156.04522705684218,14.8564810787699
2020-12-07,179.39474447001646,158.0694608725995,28.50549349803587,154.47387786882274,14.732490385442198
2020-12-08,178.93203151104638,156.15778682567108,28.54743074071134,153.10715342851822,15.18639450462569
2020-12-09,179.51316180881543,154.44865047845778,28.608516485277576,152.72536050190791,15.579449135052759
2020-12-10,181.04336397524017,152.6349556706244,28.683862175079945,151.74909513523582,15.867628982298385
2020-12-11,182.4647330356346,154.2115681220001,28.652881846111594,151.6202689728447,15.560268034579686
2020-12-14,181.40874432811265,153.25456397357297,28.456950325039685,151.9381646637516,15.274934496287957
2020-12-15,179.7886648962343,154.17685012192695,28.390144492525458,152.52270925089712,15.090771221930284
2020-12-16,177.93763775792274,155.33984518072626,28.54844250555634,153.8900577513795,15.619217708507342
2020-12-17,177.68644808680662,153.7330852892076,28.41423738748521,152.7730899938714,15.771988209434415
2020-12-18,180.90112880852317,151.55955762425864,28.170244004727323,152.30966019620146,15.731095829498326
2020-12-21,185.92825850023468,151.41804821275292,28.003036448061764,154.95825392540343,15.888153267381414
2020-12-22,186.86720705016077,151.71408189922647,28.131174329593563,155.3034798362799,16.510775866730302
2020-12-23,191.5721516644828,152.66046202014635,28.26538089598357,154.7779140391415,16.592422533742734
2020-12-24,192.2198630816394,152.04031808630523,28.458832654908782,151.47773557325104,16.449789878502017
2020-12-25,193.92775454683942,152.72644625652723,28.435860383117237,152.7319755292945,16.425461471628946
2020-12-28,191.06357420320532,154.51556694145813,28.39271461059358,152.86789918576684,16.092285814369372
2020-12-29,189.63686715154927,154.65099242164052,28.267723892895788,152.91457276920718,15.867153750503991
2020-12-30,191.79430599221618,153.82215081955735,28.245038308589137,151.2987976117197,16.48066257876176
2020-12-31,193.83632050135046,153.50641438040412,28.158851198222756,151.33081877437382,16.852622341178055
2021-01-01,193.0088471970094,151.8927127400478,28.026853624617804,152.57103515028615,16.185116461389608
2021-01-04,193.12848186376883,152.56283409807452,27.776692601998814,150.93292333787224,16.473811653522276
2021-01-05,193.25129978348534,153.42722061938994,27.74453347419375,153.29940581690602,16.601419995540073
2021-01-06,197.81857936385327,151.2975693098095,27.654100055741118,153.23612253591023,17.476312052864607
2021-01-07,196.21889500582972,151.624951956231,27.638703183442672,154.18815844737668,17.57367079225736
2021-01-08,196.48999856362676,152.16622189818546,27.866809372646642,154.08166403694892,17.781249459367277
2021-01-11,196.09288294113463,151.6309305605387,27.90913226504001,152.83770826129006,17.741818899221734
2021-01-12,197.5998807927994,151.62060402834777,27.791386869975142,154.92411856178373,17.617469348030774
2021-01-13,198.57121484032567,151.6941227322923,27.582387525176927,157.79001942571534,17.584982796172348
2021-01-14,198.61122433032187,151.54632542560847,27.351279110276995,158.73790535759375,17.686830274613065
2021-01-15,194.27808442369604,153.15776062098558,27.356205959738908,158.3150031849099,17.147488994700822
2021-01-18,197.52245465697786,153.15310510992828,27.317637183189383,159.07729395082757,17.475497532366283
2021-01-19,197.7611114303647,154.057061945339,27.412955627156144,157.70281171939993,17.019626274894865
2021-01-20,197.05327785486108,154.50647314958115,27.537354876243118,158.16867242720468,17.182500230726134
2021-01-21,196.0962783853875,155.43950383219413,27.500779871956027,157.82064520336223,17.36215013020461
2021-01-22,198.42233985936008,153.7410693927627,27.45389454880316,156.01848387259358,17.78406133249223
2021-01-25,199.63101084518715,155.85654671429975,27.479445624583004,157.61178974911553,18.111247362119855
2021-01-26,201.1854364433653,155.82153744468678,27.497916179081752,159.09768937215512,18.38194182137963
2021-01-27,200.0140817831827,156.1358528199572,27.458994133690286,160.87071294947683,18.094599599419393
2021-01-28,200.48481102434,157.20291850423283,27.42212223270873,159.87888945781899,18.299535278835062
2021-01-29,198.43723223714096,158.65712960408524,27.377302338120845,160.97728186969545,18.435915779094312
2021-02-01,201.26859041294284,156.1994030016194,27.12513423669357,160.48188667296873,18.710494028165677
2021-02-02,204.05474672159815,157.58127952697512,27.27048897604496,159.2802267927103,18.57511349801647
2021-02-03,204.72893719422373,156.6173295349142,27.38794197165872,161.80573094723016,19.129537400487244
2021-02-04,206.71750470684648,156.23467632697566,27.462460574010887,161.5659469207538,19.51072700468824
2021-02-05,206.85947561511506,155.67640632399178,27.712943096741654,161.16638958487013,18.85461795861427
2021-02-08,210.1085908956692,153.6259272928216,27.626604934199335,162.6265626588842,19.39188722283927
2021-02-09,206.35449841413893,154.08268837440903,27.66443688865988,163.61266573938317,20.32426122684194
2021-02-10,207.09481285198854,153.9727145123343,27.67868192500183,164.9906848224188,20.360822650256004
2021-02-11,208.8454159731727,156.022094637755,27.735816802165104,166.13810634477517,20.597173803976393
2021-02-12,208.91891921553233,156.16074099940644,27.678328806982634,169.21560470715667,20.823321047631318
2021-02-15,210.58526799546428,156.7810793813987,27.8827898449759,166.57962678356478,21.43072656758667
2021-02-16,208.8593222075317,156.82278169276765,27.90830103760401,167.48335784734053,21.53088472438032
2021-02-17,206.74760455613136,157.89892930923085,28.06837442066277,166.24582518407402,21.889494750445365
2021-02-18,208.49354896453391,157.62020882816952,28.08148122421459,168.11439622316087,21.95316976552717
2021-02-19,203.84847463481265,158.5399912609303,28.229610235554258,166.1299075093095,20.88347134389177
2021-02-22,202.03921785531608,159.02173861747733,28.1614262613692,163.89837718373462,20.971988546594243
2021-02-23,202.0101119734622,158.2568971928421,27.935305094483194,163.774661841426,20.538945316776417
2021-02-24,202.04986000820597,158.79467288276524,28.014720340395666,164.1088392085389,20.275905959848718
2021-02-25,200.23537514943862,156.07495131938649,28.25757254259286,163.36618348949486,19.972685254875746
2021-02-26,197.24811887960985,157.92022754480806,28.31998512849261,164.19160764272533,19.294919849739333
2021-03-01,197.00086856789238,156.76061987622458,28.649866896461766,163.0082210478153,19.659959631898282
2021-03-02,196.09647730581548,156.2225841788599,28.52478296973294,163.54024185587522,19.146358501201696
2021-03-03,194.5649428149273,157.19172810143942,28.62579427564907,163.1342552702656,19.37752115873705
2021-03-04,193.06119113923774,160.27471888187864,28.77232362018743,160.01516589204667,18.70813945230313
2021-03-05,193.90527420518762,159.13575536547825,29.077316227611327,156.87755830542702,18.808076816375404
2021-03-08,194.42712949204875,156.59899730470786,29.200453197023037,156.46515493420765,18.86286381366118
2021-03-09,195.01412107271244,154.06940170104713,29.02280280864636,156.0143545602663,18.83349073176216
2021-03-10,198.51846060483467,153.883285195294,28.860435014599183,155.06622924147115,18.966517724851112
2021-03-11,195.8603230633819,157.0233675861433,29.029053127821573,156.77524445384708,18.161966716145468
2021-03-12,198.0308668682195,155.04962160783938,28.98748548477547,157.34390144152403,18.418859904543027
2021-03-15,197.10382800423812,153.22759444224292,29.16230993319097,156.35587548341408,17.751380169696503
2021-03-16,198.99865558838826,152.8718555002702,28.948333114672387,157.98786296360515,17.477742097558394
2021-03-17,198.52993135685466,155.40023709567112,28.8570052050193,159.1950104685979,16.845984803745566
2021-03-18,198.84447635909515,154.1581673629367,28.69361709118168,159.4577143524513,16.430653936927378
2021-03-19,198.03780965539426,156.53035617401508,28.682140665408987,159.29001624136134,16.008908769905478
2021-03-22,196.6827234102364,156.36391723174972,28.72918830311449,159.53094703025147,16.1349142015586
2021-03-23,196.57143633986075,156.25858255100388,28.84831275516876,159.01077239974734,16.458523619842524
2021-03-24,196.58114259477904,159.8911990883791,28.887095368440647,161.7060625408718,16.156944310395534
2021-03-25,201.06821649635512,159.36599902093317,28.855906899038622,163.68015534430413,16.56577002563412
2021-03-26,199.83431180895045,159.26502261752188,28.8914702974716,160.87551941709455,15.473110198558167
2021-03-29,200.94607087396486,161.35318598286207,28.893333350687485,162.16796028946527,15.047383754424438
2021-03-30,198.86443587925294,163.5483490664788,29.117493759122908,158.2040599228098,14.979087967045249
2021-03-31,205.33701000967113,162.07483232074128,28.993670925761652,158.41142034033336,15.750291896021125
2021-04-01,201.53718372438712,161.52639117659368,29.325909431120827,158.07744186961833,15.9405429856619
2021-04-02,198.6003961215059,162.91172256565255,29.26814949752118,158.76425161840012,15.471309070583445
2021-04-05,197.55863555013553,165.25756130842802,29.378729320321845,158.78052939481776,15.591367257250193
2021-04-06,197.08768031855902,164.3728559473883,29.114692872522042,158.4041203233988,16.040042001999616
2021-04-07,196.87501030129044,162.92024678892483,29.126083063729855,156.0883645003943,16.683655423671446
2021-04-08,196.75099271023788,160.92326266576399,29.21549422857802,156.06520111629013,16.453904961085307
2021-04-09,197.27922276907057,160.6190362694789,29.30539927323712,155.39600340833942,15.615789935110165
2021-04-12,197.3524626775051,163.26362302279048,29.377115890547067,155.72594559925525,16.018821848174337
2021-04-13,196.0465250438821,160.65108988986378,29.421816418339777,153.29441659515228,16.416023420874446
2021-04-14,202.73103849844944,156.61632317290807,29.36824428687236,153.66282822628068,17.32947031618394
2021-04-15,204.9397764776878,156.78534103846818,29.470282704914062,153.02651173627007,17.42622977495347
2021-04-16,206.2069033629896,155.22991829352847,29.387032363616893,154.10995187944883,17.651650596249574
2021-04-19,207.5062152994661,156.00659296774404,29.419580365950566,154.52927797009357,17.989571989096884
2021-04-20,210.10090095005455,156.05554466318367,29.377522350782733,156.36404817020897,18.231436086798148
2021-04-21,207.6287758939249,155.98598522709221,29.668963222007143,154.12948204928588,17.619280210633782
2021-04-22,211.54032736096818,153.27582098273618,29.715424337213697,152.7034864924767,17.318180676012858
2021-04-23,206.59580688446457,154.832061808974,30.07199193275884,150.28970424736852,16.687658666276896
2021-04-26,206.37854032181107,156.5727070179368,30.17531619544183,150.9033243429837,16.0738108676031
2021-04-27,204.82330000194645,157.18043093900434,30.250579116324076,151.3025093058415,15.675924303702942
2021-04-28,206.91759072193537,157.9446326842755,30.08734010208966,151.131279020059,15.92143748655963
2021-04-29,206.12959209464447,158.56410196957967,30.175660479984607,152.5639451947467,15.821972629402657
2021-04-30,207.28488074181377,160.11729116318566,30.259031182962353,151.86949318030224,15.764357795748676
2021-05-03,208.8325757752301,160.8734622920367,30.240555469229765,152.41981956895285,15.415098612757369
2021-05-04,207.5380499184439,162.53880075787808,30.237903421699542,153.81957556770587,15.21841017678679
2021-05-05,208.3602754819092,163.23394114430755,30.233327965927344,155.5890067238373,15.255329427192336
2021-05-06,208.08009009920303,163.51504094573704,30.168728922723123,154.77353416437398,14.936077094188814
2021-05-07,210.16294455479945,163.660953677631,30.216495291771583,153.4965472089569,14.689290236051335
2021-05-10,211.44967116449354,165.39513919399624,30.273581032876642,156.20457496713155,14.52291750012316
2021-05-11,211.31267184968328,163.12437107202078,30.37537235820265,157.42775651046543,14.81081876578375
2021-05-12,208.7819160600293,163.48251059354072,30.462801314026628,157.3767673619855,14.61465812591603
2021-05-13,211.71333259730204,164.10439069778147,30.242917231500066,159.175412205147,14.820629261918295
2021-05-14,215.21010199532708,163.5549177962359,30.229576954694714,157.75964897182357,14.705959471510337
2021-05-17,216.5237073438602,160.42917013077863,30.296898382606912,157.09830242013922,14.528195191740135
2021-05-18,218.5051243344274,158.98911382619337,29.847945974796524,161.4085010233079,15.240663064328851
2021-05-19,219.21749080509048,160.2533336897492,29.97770066475399,163.0272025195254,15.327045818918888
2021-05-20,218.631596610441,162.1618414746061,29.829570304886147,162.07129931540385,14.796983045138631
2021-05-21,213.61942401325484,166.65015346031961,29.885346806551084,161.73514342415376,14.38190435115821
2021-05-24,212.04858919869466,166.79119994746205,29.933799258429325,161.60484004836877,14.461979315816787
2021-05-25,215.39527767665797,165.34813762202418,29.82535231385544,162.99691717010236,15.647173713409519
2021-05-26,214.5891455108589,167.6085758957244,29.701504197269408,164.66399408333038,15.726688816915013
2021-05-27,217.25545958598752,167.69076613998624,29.875674346524683,164.00380901609518,15.53326745624665
2021-05-28,213.55988634128346,166.69561514695684,29.936777395738947,162.5436727092102,15.474234193895667
2021-05-31,218.97206752466937,163.29716995815343,29.758923672772013,164.43707267209382,15.98646408991976
2021-06-01,220.75262018943585,162.571281950781,29.840156631258317,165.49142958883127,15.596900504201418
2021-06-02,219.4567226471976,160.81418857777444,29.791291589197673,163.2275490179219,15.525668824810147
2021-06-03,221.45404550924482,159.63108872439105,29.760808868791635,162.8823472526511,15.275129821822695
2021-06-04,216.54379415179056,160.22179788753638,29.920008317941107,163.89702415294323,14.870830783981521
2021-06-07,219.57558371601928,163.92486188804207,29.861230319436586,162.43906934212242,14.931264970345868
2021-06-08,216.78984484479713,165.8142163112119,29.982047272689826,162.9898571616093,14.970857769201906
2021-06-09,217.02642000871592,165.71013863257485,29.9282813345272,163.70991011039163,15.03934981536332
2021-06-10,211.59615508141607,167.0390478357303,30.26691440007616,160.16174879426498,14.448342025129413
2021-06-11,209.3580202303748,168.82650302111347,30.232457314932052,160.9552290923678,14.115126915474423
2021-06-14,211.31345725996434,169.87204038065133,30.216901631175666,162.09059802122934,14.413969744022648
2021-06-15,213.82714212860472,169.04800204329763,30.115453205853058,160.8534572766394,14.843293786381285
2021-06-16,215.57763426838304,166.25267644245045,30.050824148155446,162.22757103259391,15.25847130474786
2021-06-17,214.00508591918108,166.32021345402518,30.116422614025314,161.8577104655482,15.349294503242824
2021-06-18,214.06915658900425,168.539338643777,30.033797332870975,163.5574261274907,14.929717700620518
2021-06-21,214.96958051932685,170.68667334511926,29.94881956954601,163.13651043260467,14.681034299479482
2021-06-22,212.996534164464,167.63676078408406,29.733936691570726,161.9372570236092,14.810438275229131
2021-06-23,211.9072023921937,170.95785653354395,29.47165871687257,163.07001321024575,14.670406273323906
2021-06-24,212.9262588602866,169.2945137763952,29.116239445798286,164.15141486351462,14.656827212230674
2021-06-25,212.213730015745,167.57286388471917,29.031209692105158,165.82008880031597,14.520381407614739
2021-06-28,214.1414338428428,166.32530817129899,28.802712264982887,166.6922828497292,14.692756077349312
2021-06-29,212.7688946016331,167.42503537636372,28.707355535315216,166.29987805829137,14.935891541708546
2021-06-30,215.95815639414852,162.68024426484632,28.768129238085358,163.59292262557358,15.888886885633955
2021-07-01,213.76612812291287,161.7425266205037,28.712208514305416,163.07850641949503,16.26930328974843
2021-07-02,209.50021083498277,164.50437005274557,28.540599190465684,163.6545153828023,16.233295136934597
2021-07-05,207.21155166985886,164.8081304565561,28.554821234902768,164.28962089951156,16.429713829803273
2021-07-06,208.07403138598286,166.04335578189875,28.846640836743806,162.59582301922566,16.375989971652412
2021-07-07,201.98302228019037,166.31799906473887,28.907270663147514,161.53757175548685,15.936199565969932
2021-07-08,202.15563972390183,167.0512364952972,28.69071164443222,161.46804423945693,15.505076707274243
2021-07-09,197.84853555751872,166.91894279230922,28.700703936408615,162.43459112801415,15.175621803743535
2021-07-12,199.51208175747257,168.23746909299663,28.70055345988758,162.86186524997444,15.66136412956945
2021-07-13,198.8597952575404,168.1010591087699,28.558547009146935,162.5714153468447,15.317114542496274
2021-07-14,199.39681265244,167.65565333266318,28.31091876406846,163.5224236810621,15.313416521859759
2021-07-15,198.9576737613336,168.45476245228852,28.341169465447337,162.5089567773971,14.726725560695904
2021-07-16,197.7743588796305,169.8492684770836,28.42199205690924,162.10738776356183,14.444288353872713
2021-07-19,200.58592075492174,170.6499823941362,28.678997205534813,160.82457017968713,14.664483071720811
2021-07-20,198.5361701687413,170.15491131354742,28.82699064987873,159.04603125210176,14.355601773751342
2021-07-21,196.96065547745874,170.5094492175241,28.983547253472977,158.2584571740163,14.541200994637753
2021-07-22,196.3518552447302,172.002933588848,29.08053563204384,158.66311031737803,14.880591570198504
2021-07-23,197.99506846673745,172.69681759559575,29.001511592418684,161.62935283578798,15.142945567934653
2021-07-26,201.94853879359385,174.65688392316724,29.191229168388684,163.90801120842815,15.080282510604516
2021-07-27,202.34345154103607,173.75036198998203,29.059879705291465,163.5599072402716,14.971149911882504
2021-07-28,201.84141845212724,176.89277838310554,28.943289296485823,166.82544775923282,14.393526447926746
2021-07-29,200.83865076639162,177.80035661378096,29.082858353003786,167.31555210689802,14.84294902234819
2021-07-30,198.84959563376452,180.29358023831963,28.995736375634866,169.46148171570712,14.11290417043547
2021-08-02,199.0918109666009,178.3474406507318,28.743473674864877,171.43428834839335,14.315669730163105
2021-08-03,196.35194111430852,176.2286682510924,28.72787045243713,170.9668354349889,14.881911769964308
2021-08-04,196.30872272445063,176.9677212832732,28.777267403762682,170.69803193665368,14.75407834495931
2021-08-05,198.21183080594602,175.84578141299048,28.539036247387838,172.11880374171398,14.627356549180362
2021-08-06,202.64345311735076,176.4943945032685,28.591100205225594,171.9354800475631,14.281652812293945
2021-08-09,203.29873848068638,176.83176413484625,28.69067748864657,170.73752422658907,14.379101749227182
2021-08-10,204.70357952758994,175.90801442857196,28.64619315543196,169.36446537877106,14.419032014510258
2021-08-11,205.4693896315658,176.19081952578637,28.85826567577986,168.07440600044853,14.360870408212413
2021-08-12,209.03068194213657,173.78590185059983,28.723827767125368,168.5537602271529,15.14495601810733
2021-08-13,209.3990164273695,174.2952868209555,28.649569370852987,170.86492462387923,14.842384112962092
2021-08-16,208.3417985693593,173.36848608732208,28.733868538928164,170.5152543518275,15.200402985853342
2021-08-17,210.8934910766013,172.7225567310732,28.401788889386907,172.43593074033117,15.337048128219724
2021-08-18,205.57644119591026,171.38230150650253,28.521508240673988,169.4917263114856,15.329236757403402
2021-08-19,211.27230143485926,167.24700026868206,28.241787660906787,169.60776384011163,15.400459058340752
2021-08-20,213.05536447072438,167.99672209312214,28.29873935041725,168.986868233405,15.684259212074572
2021-08-23,211.18624837114817,167.98471138339946,28.332657062469494,167.5759743535626,15.835361880004328
2021-08-24,209.68503754595432,169.26330323732,28.29778517149206,167.83111857604936,15.896998626786544
2021-08-25,215.93666892080708,166.0132565304263,28.15332527757966,168.24502478490157,15.768219921067384
2021-08-26,217.84119010282035,165.47854629045335,28.160918293116726,167.93821666038534,15.752319756758444
2021-08-27,220.21388418211717,166.12556177333136,28.276884550776536,165.74306067985913,15.429286205708234
2021-08-30,219.04296161053276,165.79671199582455,28.181422412119396,167.9940914820307,15.506246665689064
2021-08-31,220.19543884451855,167.76987995697243,28.03082016538362,166.9546183240125,15.383757467703195
2021-09-01,225.86000444862793,167.32981571285845,27.95602509370684,169.85008166990823,15.653110371833424
2021-09-02,227.35315715350453,168.36906509587507,27.919733665283207,170.83379956826346,15.866461725698889
2021-09-03,231.88804914383553,167.81518860345602,27.92860412516874,172.14151963192725,16.27876946335684
2021-09-06,228.13920371214175,170.90486594038467,27.855275172637764,172.26072566432032,15.864625859144024
2021-09-07,228.24398608831152,171.6172571000432,27.51544077136442,174.2045509672412,16.205879618661477
2021-09-08,230.26487197838603,170.7070135145302,27.54458939556473,173.29143557932645,16.63685721724363
2021-09-09,230.16284324469632,169.15220775404742,27.448016820409777,171.8387452114174,16.814903749364856
2021-09-10,233.9235974743777,168.30421414283757,27.238792562717496,170.40805468145692,16.57918421132652
2021-09-13,234.09919095673962,167.51855832347596,27.10785781321279,168.13609503321493,16.54356675713026
2021-09-14,233.45841599768175,168.418382831102,27.10589287739659,165.8051764929675,16.609980890082767
2021-09-15,231.2676611606598,169.09156950926928,27.32457005969149,163.7165948828524,16.445967396696723
2021-09-16,235.73133941206322,165.78350706357728,27.183972211550476,162.7706453060845,16.421147128909894
2021-09-17,232.20274982592417,167.0230648395759,27.451675948771445,161.9545634788574,16.366608870535813
2021-09-20,231.5115962013632,165.03654043795203,27.51719174839486,158.76225536712388,15.703198047044392
2021-09-21,231.55130087713502,164.3569605315172,27.66466927540781,157.69131916489647,15.243549254686329
2021-09-22,233.56804322092904,164.2440309402345,27.57113825135834,155.9859238688927,15.506153902625336
2021-09-23,232.16699067656768,162.3827227442531,27.47221993971427,156.64322975968793,15.75063003737138
2021-09-24,229.73299442639455,163.35839697970005,27.308988199668747,159.21305763485574,14.853698204162129
2021-09-27,231.91701149845306,162.79832685249644,27.377047638117716,158.95259834556458,15.092724183277642
2021-09-28,228.04277325476306,163.82216175638274,27.56173537292821,157.16355826855641,14.647377720439726
2021-09-29,232.3675717756043,164.65669508915332,27.48519467392794,159.2082574869254,15.26113060740786
2021-09-30,233.51136060766984,163.13714166348106,27.27770505399065,161.14408392590016,14.771217676521259
2021-10-01,235.4926938927791,163.97055627857225,27.401465353358084,162.31865659448138,14.951553008805035
2021-10-04,235.00663957447526,162.05841426550734,27.377582386978034,159.91296543262914,14.585372624963195
2021-10-05,229.90775607270712,165.735194090973,27.276728378707585,159.23210367693014,13.974913290055895
2021-10-06,225.95693436771825,168.06924336858688,27.383752798435815,161.95608474888388,13.67085792573487
2021-10-07,227.42088514132868,164.88456057360082,27.525834547217936,159.9743973605862,13.669739604360778
2021-10-08,223.99386558290942,166.52335610385236,27.41636641528696,161.50139290641224,13.546415491773946
2021-10-11,222.47201875981233,169.3412524322138,27.296352224048338,161.404363526642,13.154147617816033
2021-10-12,224.40948420945065,167.80406292876285,27.044111867803622,161.46220077302135,13.602317872001086
2021-10-13,224.32276654914554,169.79446344258795,27.106455145965832,162.24882357319782,13.748085775944885
2021-10-14,225.09061431103657,171.76358180516803,27.228492229026394,165.13835086945898,13.610810270957888
2021-10-15,219.83564141199133,172.53550539366725,27.24748915679569,166.16300722707322,13.990964026745381
2021-10-18,222.27616384403035,171.7528708028517,27.152257992251663,168.56251812384477,14.432985923588811
2021-10-19,227.1036563901957,171.8354400036602,27.195615931206937,170.67720348709554,14.24443057490083
2021-10-20,226.43662756571743,171.92004510188667,27.28768502579888,168.05767731585314,14.02177837606482
2021-10-21,224.94761039233353,172.2048345357617,27.28593025851801,167.18362779812188,14.418938326737257
2021-10-22,225.27867994057385,169.6733001086396,27.270448797948198,165.31792490541602,14.551537385279424
2021-10-25,228.9988302673301,168.8836264770018,27.245484781897858,168.37199127963476,15.31196373760855
2021-10-26,226.76828233338964,168.48723197102944,27.337428600560145,165.20263786132537,15.525902637110834
2021-10-27,225.5206423102023,170.42282859802876,27.266576893444455,167.15644637875278,14.962371996050582
2021-10-28,226.16898167187995,170.11689166860887,27.311076235801075,167.9941885145563,15.223084717047874
2021-10-29,229.00254840780138,170.1818184747712,27.444290965840764,167.50374498142557,15.178988346842129
2021-11-01,228.46049081087983,171.26614286412425,27.414187756160267,165.84508465637745,15.088026879099122
2021-11-02,225.11373018123086,170.87043136920653,27.19462928956957,167.68362862032674,15.204054932260318
2021-11-03,221.64534366903558,172.5995843838653,27.382498058449706,167.38780629074282,15.082554415300889
2021-11-04,221.1647023436993,172.61385351737505,27.354061524167964,169.16464121420077,15.126395275193738
2021-11-05,216.32432828904246,174.9529834630202,27.485564804842554,170.9050568687607,14.549221397698876
2021-11-08,217.81304124660906,175.30583477365667,27.64333963026279,166.90978445302719,14.172486401513003
2021-11-09,218.80753435986512,175.70894980738007,27.703271224509805,166.67889516862195,15.085787009179034
2021-11-10,218.72681568173914,177.19615017453015,27.649941373765138,167.27990764586994,14.913182616882027
2021-11-11,217.69043602894484,177.8367330497474,27.730105734138434,170.01034453542502,14.734137004483937
2021-11-12,217.80724025309877,180.09872026631638,27.752717199894995,169.96859405607418,14.292536221970227
2021-11-15,217.694650084969,178.7807884975161,27.6664224179559,170.19479370774175,13.955955766772004
2021-11-16,222.24045259607487,177.74902013966465,27.478972586718513,170.16198380223247,14.239010932448846
2021-11-17,221.47976737703362,176.06452000388106,27.48100191708405,166.5219103108335,14.246416039104513
2021-11-18,220.7539447946089,176.10327769073976,27.462618987001964,167.0841530944425,14.177418193387403
2021-11-19,220.91128701050846,174.27094587073748,27.646546010733747,165.7866248223001,13.982667379379745
2021-11-22,219.13060326443326,174.23331817748382,27.658010810501075,167.61644119924924,13.973457731427459
2021-11-23,218.7821435598138,172.46676516201364,27.625219535831963,163.90652513889455,13.835365306651358
2021-11-24,217.04871178581135,169.9452390651942,27.857817038577146,162.46113920690232,13.606320142075395
2021-11-25,221.0966316104404,167.27902159138546,27.732947442337505,163.8941650546944,14.094393697442365
2021-11-26,224.70163773783105,166.9292913926574,27.89670637636772,163.97577587060584,14.350526150670259
2021-11-29,226.91970789200136,170.2397513035893,27.85573888228466,163.5878537813746,14.366576390242221
2021-11-30,230.00620207352412,169.006451880356,27.741589247970023,161.4744775937872,14.302021396903871
2021-12-01,228.69977871789996,169.6813430053599,27.79296381770964,161.48687468518054,13.843565204374514
2021-12-02,228.2390663577072,172.7647273499943,27.804160596597754,161.681471155577,13.231171654870046
2021-12-03,223.38890133982892,174.78086396648067,27.81601346718475,161.1804940474816,12.85668540720215
2021-12-06,226.30106485547154,175.83256639508414,28.06972488309894,160.9292654011993,12.093950952858037
2021-12-07,233.20156126989292,176.27817666549305,27.951135044273567,158.95214868869553,12.284250705050384
2021-12-08,234.96483744983917,176.09882129185974,28.17180185169883,154.8646466262255,12.032976554508839
2021-12-09,236.62844857511575,175.62761291220554,28.214966131569565,155.09337106047943,12.003407129150368
2021-12-10,238.00979354172478,174.7711694063218,28.31657265865357,152.76519935968804,11.688367556674578
2021-12-13,237.30039316321688,177.07058999748907,28.141060612146646,152.81232525319297,12.149470885913193
2021-12-14,237.280154793857,175.9246861124866,28.10747612041397,154.26189065602023,12.462035321595275
2021-12-15,240.2221485574371,173.37306635840685,27.82917644745184,154.3217553478115,12.444208811638003
2021-12-16,237.43827865376636,172.49915490690856,27.945189421178313,154.31146074871563,12.264229750299371
2021-12-17,241.61918892312715,169.23684583269923,27.840327535199762,155.9001970323993,12.393384342076406
2021-12-20,238.70360981469557,170.92352139399935,28.09824141364077,157.91692916499815,12.699927837289732
2021-12-21,235.19783835700767,171.78497639589327,28.321232683136863,156.66732408153453,12.536404178062504
2021-12-22,236.57231968365838,172.99657265504317,28.199030488156723,158.41856252953457,12.297244153224703
2021-12-23,238.33496482418704,173.28690608594857,28.258462063223277,157.56980621803842,12.725166545978176
2021-12-24,234.83865524526945,173.7724616002492,28.35181667813098,156.67586416565777,12.324815517765373
2021-12-27,240.78149191063116,171.89160977002624,28.037922469021243,158.592316218741,12.613534551460642
2021-12-28,239.21644215588648,171.79145538501598,28.141856628774953,157.27163630793126,12.587231557391615
2021-12-29,237.36720832590834,174.72086466782477,28.10850966155422,156.83281597182946,12.400428325460863
2021-12-30,240.39337071871745,175.4450290716245,28.197883487620118,157.36709652073262,13.03565695490514
2021-12-31,240.7443664261778,174.87008101302487,28.2668391087661,154.78467298744647,13.004500311168288
2022-01-03,239.32497125888128,174.10204179597233,28.343347214107418,156.29806503537162,12.871131796911694
2022-01-04,237.96228848583135,175.46884969591935,28.39334457004574,158.75723947127156,13.274811942695015
2022-01-05,241.87199647870565,175.8212337846635,28.324452728405056,159.04526148444575,13.573505933542975
2022-01-06,245.19450235749443,174.0207420591257,28.186711051081865,159.33377975415297,13.705226940651023
2022-01-07,247.95596785514144,172.74611248057286,28.231883784949865,158.79786337612796,13.919379867701718
2022-01-10,246.1078291598174,172.30279820701492,28.525919608659628,155.8291693499066,13.383565373209404
2022-01-11,247.62336044337695,170.09467915629807,28.342768112554964,156.09622784718337,13.925198067429042
2022-01-12,244.9417464332477,171.44753927595644,28.07965047453588,155.1591664040265,13.957444404104939
2022-01-13,241.44610837138273,173.59099805294483,28.027731102861495,156.27607453423508,14.027999690950239
2022-01-14,237.88272984747644,171.48326960570358,28.032375791492548,154.96130716945353,14.01037653840776
2022-01-17,240.349888936415,171.17173326979912,27.911022941633554,156.78233992726825,14.540324325244992
2022-01-18,242.96920987408834,171.22687867338527,28.011017311999744,155.93631051643837,14.196546451428858
2022-01-19,242.21430334998135,172.23883909551807,27.91710456298189,158.0580433244675,14.018396389485023
2022-01-20,237.15132089659264,170.2798932764722,27.97960216333722,158.82891632979715,14.097567721929725
2022-01-21,236.01952122302865,170.2167346882169,27.869081067077275,158.50930402494893,14.013388670819761
2022-01-24,238.8535178002488,168.74554726948554,27.812224717521033,157.52332255939612,13.57130208687308
2022-01-25,236.35833667190374,168.81851288503617,28.027670776672668,157.0485089769788,13.998410397508476
2022-01-26,231.73798772117587,170.7215316841803,28.239346125388295,154.13398109366958,12.860183440799364
2022-01-27,227.43345350284733,172.86205858734468,28.284396658045246,153.88136819692096,12.491388552409092
2022-01-28,225.58914177778303,172.874381321944,28.40856689689823,154.2199139849854,12.264037771844912
2022-01-31,226.62435108212105,174.0214129483332,28.462055855360262,154.54524447250898,12.025440067069745
2022-02-01,224.98892257323166,175.67837281513354,28.74635168904399,152.72607921852818,11.440168809916184
2022-02-02,227.69932533973926,175.4629374450996,28.88538531630885,152.85251364009716,11.376925903225475
2022-02-03,226.09674569879598,171.88894110631549,29.10216226593434,152.3904646238164,11.57419204035448
2022-02-04,225.48135028769687,169.70063046667815,29.455683291890182,150.8420641480555,11.463082712525075
2022-02-07,226.48755788189334,169.91123659139473,29.49810119932294,149.9901032269914,11.572835596722493
2022-02-08,227.5916580470161,166.6514805666409,29.526017515746705,149.03287347668436,11.296824453473082
2022-02-09,227.7887387890406,165.4305178827203,29.464647965832995,149.87837740248472,11.23270073532614
2022-02-10,232.3049108055713,164.33306439207988,29.52834337162622,150.27486579316647,11.341989905027598
2022-02-11,231.37164627140075,164.3624747402874,29.582286718719885,149.46007613568537,11.720973027546203
2022-02-14,232.2675355006064,163.2570861585021,29.64036402069609,147.72877797620498,11.983294212937832
2022-02-15,233.9947795596197,163.08105993693812,29.498327688673612,147.26510757388493,11.679083843156404
2022-02-16,231.3243086845164,162.94055208554366,29.25818009266818,147.57622758776984,11.848050507844734
2022-02-17,233.21629444392377,162.98818356968093,29.121081452223518,148.98786138846887,11.73032945419451
2022-02-18,231.78086144395357,164.0419189590989,29.22673194747192,146.99643808663646,11.380990980630486
2022-02-21,234.14614614520576,163.17459278813715,29.312085946080124,144.75929252806088,11.385491242302253
2022-02-22,239.68482650468084,161.14095097078797,29.193855757074648,146.3384990960149,11.26990321982001
2022-02-23,238.49934884257937,160.89950299196548,29.22275994212804,144.7976449179469,11.021593895767644
2022-02-24,238.06769815740157,162.52771129302823,29.53194137424804,142.12259137506075,10.598719517275203
2022-02-25,236.57345418385117,162.02784497309776,29.737731917483952,141.1244913002175,10.782039635381654
2022-02-28,239.6191526784668,162.95776043705234,29.801782758711045,142.70653418122117,11.243778708374471
2022-03-01,237.96022199765514,162.82469384720065,29.840420240768736,143.16960743465174,10.873546795226934
2022-03-02,237.61601971283287,163.13775192097842,29.76361085298209,145.53619778694275,11.031198185615132
2022-03-03,239.01417706475573,162.51692699666614,29.811654082943285,144.66229818744466,11.33059668043975
2022-03-04,241.38240028893745,160.26844805917997,29.508594901297485,145.13552464600411,11.683756901401933
2022-03-07,241.52206193027257,158.10460883491567,29.566142778512184,141.2406272634014,11.65499993903779
2022-03-08,240.52613017921215,157.97194188723293,29.472354503225603,144.14575620623378,11.651250776183357
2022-03-09,242.2791113157274,157.67012674287685,29.559977732312674,144.1219732566081,11.869029484068326
2022-03-10,240.91162799319125,156.4036768128543,29.461308000774032,142.62330980321894,11.925952647401576
2022-03-11,244.8785559088205,155.13436395880723,29.764591231694787,140.1293797083428,12.335864384946008
2022-03-14,243.34825077729317,156.83196891358276,29.68281411267938,144.67222763334206,12.182927658949065
2022-03-15,237.68139073812054,158.89199635628344,29.723473523415127,144.25346161137287,11.837067262056737
2022-03-16,232.53704058859913,158.8720910520722,30.074120213003624,144.57131118892076,11.744454253083772
2022-03-17,234.00063029805827,155.4231341877145,30.059332605923814,145.69279814901233,11.74073574904174
2022-03-18,235.89132963678404,156.1548786991591,29.98867252419005,143.83358131587988,12.001890315406909
2022-03-21,230.94978562679535,157.06170683641898,30.012679130305457,143.10602651573905,11.849006738086835
2022-03-22,233.5268662997593,157.87125203062598,29.99848368713947,145.60883579293628,12.05508729586018
2022-03-23,233.87800138052995,157.93030910413603,30.159281122565933,145.77113020970782,12.469481714108355
2022-03-24,232.99831100971377,158.99287101033707,30.250239445790136,145.5828724203031,12.217627812899835
2022-03-25,237.10601393757207,157.44287655993557,30.406423206323794,142.0379104748309,12.218530472382708
2022-03-28,235.95394952586025,153.83587967635916,30.199426542049743,141.94592341461222,12.12995926166216
2022-03-29,230.60072185856333,155.31447413941788,30.40753943556569,142.0287573399464,11.976568968756338
2022-03-30,234.56165884758357,154.5250436319495,30.141177446882573,141.79089470293619,12.155210229590185
2022-03-31,232.25758931403107,154.92489496424972,30.110015003111855,141.93971815966134,11.595158796798227
2022-04-01,231.77974640573817,153.4638772488637,30.016242004081896,142.06980915362118,11.722884497634883
2022-04-04,223.41061795287192,154.32387199376984,30.331069703475556,139.30911790987193,11.048901334857339
2022-04-05,227.2046666370926,151.24313186874977,30.24138217117335,140.8828444777531,11.67457258048642
2022-04-06,226.4044405861342,151.16094398319913,30.249586749276183,144.19374823686687,11.899230378711906
2022-04-07,225.53767460384248,149.54245816653787,30.357240998228697,144.10551909481745,12.178606631830874
2022-04-08,229.2028734807671,145.99781723749334,30.54373425654146,141.73886044202087,12.398590530867887
2022-04-11,231.69739717089368,145.76929536242068,30.58802984546284,142.1303052521979,12.439475544572444
2022-04-12,235.9066237437854,142.77485850910477,30.532224200168777,140.15920760080877,11.909399245884005
2022-04-13,236.8605259293992,142.19004418055084,30.20666504425087,143.56988920043904,12.560735878557201
2022-04-14,237.2972294611277,144.40646718564966,30.128736169449983,143.5503445429408,12.347758552294554
2022-04-15,236.62594828682523,143.90279707656657,29.952876491831873,144.86177944885316,12.122503183170451
2022-04-18,234.85652937730453,145.97907773698986,30.023623524485174,144.03791607605285,12.60050495712322
2022-04-19,234.76314971087245,145.52976187388532,30.040287605230784,143.84713308180733,12.126166543430745
2022-04-20,234.05835593932468,146.58038193016705,30.071812300983407,143.9965862596511,12.219697972715611
2022-04-21,234.49309413840436,145.6003632930093,29.918963446985245,143.12744537213504,13.05402816822097
2022-04-22,237.2775316797589,141.85948536684214,30.04947625036285,140.94513178544088,13.374273284532112
2022-04-25,240.81702915890327,140.56545195192265,29.90607277425964,144.25145041712562,13.689156065560354
2022-04-26,239.79469018860283,140.42307016537515,29.96782772033701,145.30456601626594,13.507271045731223
2022-04-27,240.7326432486524,138.07228929572213,30.065033571950227,145.28677420609506,13.282809127135037
2022-04-28,239.02324882649796,140.1457513289391,30.177904225606287,147.00871565844307,13.579972844675591
2022-04-29,238.52374206918566,139.05886710181258,30.37929969410878,145.93257704520016,13.314735237443994
2022-05-02,238.81389773050725,138.11589417630557,30.363086554215045,145.09426241774995,13.576263573550651
2022-05-03,239.90862280427024,137.22639571609332,30.19925019721117,147.8840983421797,13.74425096542774
2022-05-04,242.96258474047357,135.0617684110406,29.848436384288746,147.76742900252313,14.311263726450198
2022-05-05,242.44975142579122,136.82283599656796,29.8243504640532,149.40986129041897,14.491307293095321
2022-05-06,237.18116822964984,137.36521474245964,29.875399305594968,147.50661749612692,13.993326746863094
2022-05-09,237.01298987036748,137.27849388959615,30.030170716661125,146.8790239275452,13.795566410218509
2022-05-10,239.6678740305711,136.4165541245081,30.18729064166628,150.4056693529228,13.724696703409489
2022-05-11,242.26588796178035,135.63131232523722,30.19542902087889,149.96471996510783,12.951794534979086
2022-05-12,242.27134371676007,134.5348573818809,30.15899475609709,151.38348524744774,13.766415291655836
2022-05-13,245.3219093188065,132.63086340045385,30.087300445994995,153.04007770116286,13.992446321303728
2022-05-16,241.86675724810928,135.1750303130696,30.05814408033521,150.56476566181055,13.571081499951013
2022-05-17,240.3725734907357,134.90253103191716,30.27742102588227,152.929589154708,13.459889590631802
2022-05-18,242.1644890766244,134.82455632926855,30.3043512991727,155.24954793511867,13.406410526115117
2022-05-19,235.00024698859946,134.7924587174738,30.50448482972426,152.47937297077553,13.12450713627378
2022-05-20,237.15578867845747,136.17654808521883,30.698747320019393,154.1091418423569,12.875373533198504
2022-05-23,232.63734391249727,134.75188187319233,30.71948892291047,153.4977193403624,13.12059504343331
2022-05-24,232.9525035913338,131.56259383876636,30.65023745771233,153.1382279895387,12.818197477411493
2022-05-25,230.70743445088868,132.50516334319352,30.802140111804327,153.99526609233357,13.04897058702051
2022-05-26,227.72103691234256,132.79376189667724,30.85672428446958,155.28866348892356,12.784226147277362
2022-05-27,230.88166251156824,131.16058300083333,30.79301988946616,156.80840254139872,12.670879084436375
2022-05-30,229.1461428185621,132.7369990846626,30.957562813987806,156.94451466045018,12.303258329783315
2022-05-31,230.44844948119265,130.2774084143078,31.12282751529253,154.86750578709297,12.407246641972224
2022-06-01,229.67107779458567,131.85109240449023,31.24643329656669,153.8775952623139,11.961219187693702
2022-06-02,229.37903709568909,130.45360949449605,31.61860001323825,150.82287723938302,11.822355987260739
2022-06-03,226.12713543266233,130.32994247062564,31.85315524127506,151.20425016779322,11.772310006929578
2022-06-06,224.81466755667046,132.23641699651063,32.01171993834609,152.7654004084794,11.57570218353156
2022-06-07,225.1551211332267,132.87462665938438,31.869641967989423,153.37918018478734,11.592543315239258
2022-06-08,229.0492331327589,130.2925666396208,31.9310414482298,152.552762155176,11.848466200652453
2022-06-09,227.93978557940028,131.7272675574959,32.131048046094534,153.34809015444185,11.950812890027924
2022-06-10,232.38727577409878,131.98896905104758,32.3488165712867,151.5125258222127,11.867289508994363
2022-06-13,231.45134611951744,131.39177445703058,32.2984604269752,150.86002206337693,11.205415121412537
2022-06-14,237.42709810713689,128.97992737193692,32.17117278761254,151.68726820868721,11.365711277808721
2022-06-15,239.8861172975072,125.5644087604119,32.1831487727853,149.4646313953449,11.54272088882394
2022-06-16,238.37928780509992,126.4400808559282,32.353827345936466,145.58463310637953,11.235112925806474
2022-06-17,242.58057148462763,124.1976119738201,32.231891784154755,144.60048876650075,11.011241271378266
2022-06-20,241.50555995109758,125.3947560411252,31.93343941987878,148.2307535517068,10.856506016225962
2022-06-21,247.5777118743836,123.50599102104013,31.59881671035539,148.92360075956495,11.073806367058324
2022-06-22,245.3665153570958,122.72427889821549,31.643455519563766,149.1953197021105,11.403138606705145
2022-06-23,246.36232005254422,123.4259710544897,31.91282894320918,149.57147842437027,11.402143022219251
2022-06-24,249.20455941136223,123.11782619256542,32.10955023359527,149.77374761447598,11.036772349364476
2022-06-27,250.13844384230265,123.73515385304745,32.162631770899814,150.22807531714122,10.976528484529302
2022-06-28,246.81447180497545,124.6056044926986,32.38713197096224,150.9936420203094,10.746578930610509
2022-06-29,243.14133641116652,125.1479507659228,32.32304814183454,151.05139504032633,10.568808535492664
2022-06-30,244.76849705872672,125.38003341682311,32.12509303740813,154.78883452267684,10.659157485665041
2022-07-01,242.0763932926759,127.25700673609042,32.54663922438076,155.70060359386846,10.06173701529194
2022-07-04,246.04408114412172,126.3555006148013,32.282701490404605,155.63509011616324,9.634854823023941
2022-07-05,248.61782669330773,124.44304299047128,32.52714514911105,155.24481710216767,9.939449984820586
2022-07-06,247.12255922820341,125.05042879725006,32.75045943984369,153.66587465363915,9.831414810636975
2022-07-07,252.99079222275867,125.11581427376717,32.90445937960294,151.98177388173238,9.740021759403062
2022-07-08,251.5223781763577,123.81659713410332,33.07297613519249,147.84077696887186,9.543435781198687
2022-07-11,250.45410355637125,123.0356318091929,33.21876604348718,149.33688174325093,9.48161018581411
2022-07-12,249.78094832234865,124.73832252895245,33.67299745957995,149.270889743323,9.748679908857593
2022-07-13,254.32866879990803,123.00933463146534,33.655083198484895,149.8252122778477,9.864132616168122
2022-07-14,253.95908580215598,121.80618788063525,33.81680737473986,148.77830769132686,9.639108526360943
2022-07-15,253.01018560891086,120.56079727418962,33.92386796827547,147.34550157423516,9.417575968349302
2022-07-18,252.91086042532837,121.38054088628571,33.86312249548318,146.07081757656468,9.4782196020778
2022-07-19,257.2641019570858,121.71074001462152,33.83725542073186,147.51358093314047,9.234265563936926
2022-07-20,262.1842862722692,122.44488705825252,33.790318258669245,149.62075066172082,9.489821776778644
2022-07-21,265.77342430958606,122.41946793931128,33.33674425601812,151.75402340328688,9.49413315392955
2022-07-22,269.9849850219851,121.80937973705726,33.40344831980343,151.41711487657233,9.41555527149323
2022-07-25,274.50279953180734,120.27758422826928,33.43391341967924,149.24289794253056,9.579253483863594
2022-07-26,276.35479132470346,119.95452712956003,33.454248221441674,151.01026073567198,10.087781220999204
2022-07-27,279.0097220590607,119.50639205552318,33.60207784733901,150.09103766296175,10.24400106605854
2022-07-28,279.53292626306404,118.42719924177783,33.61695555186585,151.75986621347212,10.054924166164403
2022-07-29,283.5414801286935,117.23980498848222,33.75351788452056,151.49816789658442,10.038350658818581
2022-08-01,282.79133475379257,115.93531226405842,33.348216080190525,153.39093719206528,10.144890359105027
2022-08-02,279.659493954676,115.9145051668848,33.4201185497276,153.82775871308954,9.977460738882147
2022-08-03,277.8880464366078,116.54991073158155,33.20599003512777,153.6135790386405,9.733770008376416
2022-08-04,277.1491439673088,115.54195453160682,33.27147767025467,152.10844952118237,9.610124405557318
2022-08-05,274.0346593003167,114.56548512859982,33.53492473047263,151.90113236967582,9.137523204698644
2022-08-08,278.23097385982226,112.93365125244057,33.4747186660418,153.42249148894115,9.162747742982829
2022-08-09,277.7822677836824,112.53715957417894,33.57541964686202,151.60789410370356,9.243125521156887
2022-08-10,275.75754176306566,112.04240626416355,33.65478610613437,151.82636568076026,9.402336303205981
2022-08-11,276.04900058409214,112.53281858795366,33.59607590046976,152.64589204447395,9.810349805015413
2022-08-12,279.71017299827554,114.15815624360472,33.53460956567862,153.1551848073212,9.675522215771885
2022-08-15,281.6962402054637,114.19809059484699,33.60459330064315,153.01528701487024,9.846853705556166
2022-08-16,284.21057689790894,114.98853800802489,33.96988986902017,149.38703696697988,9.517381555606125
2022-08-17,286.1734522429494,116.05079308620638,34.01216162266509,150.0536579435374,9.586776156392897
2022-08-18,286.7719379499599,116.40694312678946,33.901652314448825,150.81535791426978,9.340347026827766
2022-08-19,286.8343610820599,116.16730959688533,33.995144287590996,151.0900946286612,9.397683798002138
2022-08-22,287.45832244533096,115.78837173697819,34.22525218099536,151.3200789693854,9.301907668797277
2022-08-23,289.2622507590654,115.46027606506821,34.124574043782516,152.01391709839737,9.650746481831964
2022-08-24,294.962627222454,114.37826403496214,34.19662229814496,150.62190157266213,9.399307843978537
2022-08-25,301.6316317555799,112.90562881513011,34.326401984982816,151.05387195340455,9.627570616731047
2022-08-26,304.24405017625946,112.54889601860266,34.306564443862165,152.66946017659367,9.983935230139988
2022-08-29,300.67936388844396,110.45927882089198,34.34557944217923,153.9609097575615,9.931756374491595
2022-08-30,297.9075860409465,108.85459930054279,34.34969695424884,152.53095565744243,9.96944085053523
2022-08-31,302.79689932791166,109.18080086361337,34.43688365582006,153.95263409061673,10.133750340153144
2022-09-01,301.8623692099503,109.37163920717903,34.330539757007514,155.06775682846245,9.918329103251049
2022-09-02,298.2762346334815,108.30434950965679,34.15938018784261,155.71190530461615,10.518938934555315
2022-09-05,295.12099006619695,107.86245933131963,34.30183940426553,156.70587722765868,10.368028235995938
2022-09-06,294.84369134059403,107.51945150454378,34.312347825106194,157.12109171946986,10.133268170854102
2022-09-07,293.05495557102444,107.76786521358102,34.38333771397927,155.98592678544645,10.04649659905736
2022-09-08,290.7793176613675,109.34908232984878,34.40203510851467,157.75923357930128,9.803999380832186
2022-09-09,290.6033208560687,109.29693236382342,34.41014971421571,160.16644330981342,9.63206858749675
2022-09-12,295.4934331520191,109.82482486113678,34.24250828123874,160.40955556106695,9.610683449889073
2022-09-13,298.62518245923894,108.19249053863905,34.14238962121664,160.81286603132045,9.729729443253426
2022-09-14,301.0297242329239,107.8486435252053,34.25231454520585,162.11962309774873,9.830980031637338
2022-09-15,301.9952296440424,106.68509682890122,34.17167173423247,161.6253585481215,9.422584443724219
2022-09-16,301.15119680621774,105.8726541991463,33.92114588501056,164.0152591137554,9.64336451090907
2022-09-19,300.0344248119793,104.55261239329049,33.76511989151717,165.3914034577993,10.095471523846353
2022-09-20,305.89098214581725,103.65645107856905,33.79005210221711,164.6485502299065,10.302830596084958
2022-09-21,304.83906714254357,101.9152241072596,33.545407649709155,165.528519507065,10.236818708510643
2022-09-22,309.2972141771171,100.87888379696294,33.826658841756654,167.23412005482774,10.35989325048915
2022-09-23,305.3109479344826,102.21144452291865,33.94024905256188,167.9967525007996,10.499454133712577
2022-09-26,301.16358363115086,102.98751535489882,33.99171982484696,167.41962758084767,10.47200160105864
2022-09-27,299.0118865851412,102.01067858365802,33.8286934073235,168.38410610866947,10.197341611326316
2022-09-28,296.9626729335821,102.01230169655514,33.657474197746396,167.79303507149174,10.201439736893418
2022-09-29,298.43242220450503,101.29215838705191,33.686628465387024,168.3769167183431,9.906138875758241
2022-09-30,299.7061618384575,101.7219734051707,33.54629596145094,168.1595436376187,9.677121103287659
2022-10-03,301.4621953526714,100.57263397903276,33.56843403005335,167.77998402811062,9.734919275340435
2022-10-04,301.59870838670537,100.34625998490952,33.70920669021284,166.6343726484199,9.703638196819817
2022-10-05,300.71830927141167,99.00242415982157,34.09624175784049,164.53204655340966,9.796458669830386
2022-10-06,306.2328662826691,97.13200067539326,33.93143648595297,164.65890193475354,10.047229916168689
2022-10-07,308.5498314816717,97.2682151090752,34.229347074272816,163.5838303151827,9.930756832453302
2022-10-10,307.5419349364058,96.84419172250499,34.547534952655575,160.62693885639584,9.767195177565128
2022-10-11,308.5571763741305,97.2655834195261,34.29873990295082,162.47840160266907,9.83259952409491
2022-10-12,308.7370526565362,96.80021650924266,34.141509005420914,164.4007804788403,9.934698836217532
2022-10-13,308.17752487087785,96.18749561913444,34.073686240366044,167.73236348661402,9.888622036915496
2022-10-14,306.4169202866404,96.29776461996637,34.35470966619992,167.80552411736133,10.079785616179342
2022-10-17,307.6275848850399,95.94579079159247,34.45622205982917,168.18039031944448,10.041121249867222
2022-10-18,308.5766951704851,94.7781305224826,34.412322986753026,166.7397733049312,10.493993422629103
2022-10-19,306.4873696804136,95.78883551672223,34.58725698989549,165.6629687103797,10.52017328734573
2022-10-20,304.40002564256065,95.60348944789546,34.46654309960167,165.20247868884542,10.269105044653468
2022-10-21,303.7028351818727,95.18013145412075,34.10681924373389,167.92788622549764,10.2629312185511
2022-10-24,302.45568269919886,95.41881790271256,33.9759508896621,168.99071290772747,9.741499096849461
2022-10-25,308.08888963929144,95.29874115078137,34.065352105492195,170.43626088510413,9.561829852226294
2022-10-26,303.7120844375901,94.49163350302182,34.16951836395552,168.91878779212036,9.814160706299752
2022-10-27,299.34322852094147,96.14152515639843,34.36584504843961,168.47170690377646,9.432722389773115
2022-10-28,300.8771219458329,96.76624897955536,34.11486458725343,169.94414384577038,9.4853632876956
2022-10-31,301.96801932675646,96.50155790209537,34.23338240008769,168.40332531768115,9.503390814541115
2022-11-01,304.5954891251016,96.00792356760944,33.945437134094504,171.3126113611328,9.226627352243497
2022-11-02,296.46515000374274,96.29721414779091,33.97894588016059,172.24293807858078,9.185849934033698
2022-11-03,296.79831693064926,96.40885054775684,33.58974079404067,172.3809662070614,9.211988628234153
2022-11-04,297.6030025138213,95.20577709543598,33.68131964215938,169.58038660976788,9.36870537425285
2022-11-07,305.0149726297448,93.50629829175706,33.45875404112144,169.66845040353732,9.655773652769053
2022-11-08,307.4104359746259,92.56823695432816,33.47139147534158,167.62430662121355,9.707390238880262
2022-11-09,308.60788191901656,93.5575831094851,33.74193833356528,165.91125072636606,9.581127542852819
2022-11-10,307.6349628486983,93.56386822280466,33.89948134962682,163.52377577459637,9.412244688133153
2022-11-11,313.24536854715484,93.51133721704088,33.9211555903828,163.43984483276597,9.640478635940667
2022-11-14,312.37690313425094,93.51005339387439,33.82518112291526,162.90289651827862,9.45288888970257
2022-11-15,311.9616792112549,92.74439049050528,34.25258929735918,160.2049282313285,9.318185430348167
2022-11-16,312.78258721289285,91.69586952755343,34.287953344814206,159.48690520275028,9.280367308403008
2022-11-17,321.6756704509773,91.21796359791844,34.17641341071939,159.54965462262018,9.144001320495834
2022-11-18,327.99095961328277,90.56711191573135,33.929090871435626,158.31511026600597,9.160478172308082
2022-11-21,326.21230851454703,89.67826454599542,33.87752262946304,158.1847384173892,9.337794063756562
2022-11-22,332.7146327940763,88.4947461648253,33.77212606683125,158.86223581593705,9.513299920355044
2022-11-23,330.2260746391624,88.72809982791033,33.94135274018224,158.25972681270105,9.44691631273646
2022-11-24,331.3003672847528,88.30987161595543,33.99191210202165,156.67812811880913,9.771542693355197
2022-11-25,333.10704966121307,88.41160334056791,34.090731869118244,156.96184871038147,9.639252294875233
2022-11-28,336.1323213680771,87.48946414492231,33.86461098396966,155.56687192745446,9.35563872460461
2022-11-29,334.57726782128265,87.46415312823046,33.9060129682062,155.70898090959147,9.143762426757368
2022-11-30,338.3762709381918,87.41911683451926,33.84686360251095,158.25076180917367,9.680718315824151
2022-12-01,340.16541332150297,88.08135099249562,33.91600084445882,160.74967893455312,9.508590172079701
2022-12-02,341.4273007410072,88.57057428376918,33.60957040395462,163.33811888267823,9.506436302816011
2022-12-05,342.10903144218554,88.02592365423241,33.22464803209652,164.01993077845958,9.840191989700028
2022-12-06,343.2739546533211,87.81378088878158,32.97869611732068,168.04524938443924,9.344464556416051
2022-12-07,347.32528908088307,87.09477398403894,33.027343760418724,168.83701039661486,9.313863934871272
2022-12-08,344.88381774013783,87.07522583336088,33.16720279788231,168.99171900204354,9.233941307893897
2022-12-09,343.7459883573416,86.7308428621692,33.13488796981865,167.06553752730812,9.134791033275043
2022-12-12,343.9807530532208,87.04537471522812,33.25925832655709,167.5350482858877,9.12118717440771
2022-12-13,346.9914492858437,88.27090132460233,33.26857089888885,168.70620509667282,9.48658607131068
2022-12-14,345.44718781420187,89.24792271403672,33.55971703259965,166.962707338766,9.3263266623443
2022-12-15,343.0715970928436,90.23472279762579,33.3739599740804,169.01375181886513,9.218944008433638
2022-12-16,339.0017062037828,90.2351719034817,33.26848305351216,167.03554015113676,9.31597989978836
2022-12-19,340.83826171886363,90.24338460420704,33.27232305337978,166.14157881056406,9.070176465969972
2022-12-20,345.70561174538597,89.76641887643555,33.01279400213722,164.95243161616423,9.214692053991758
2022-12-21,335.83263423661606,90.19281639098429,33.23974842786883,162.77463200327756,8.855084904081698
2022-12-22,338.05761919028004,90.8195963618831,33.190366524985016,162.78169627288682,8.559920705577825
2022-12-23,339.6285788738544,90.64056801435956,33.04675066806389,160.72049366306405,8.60362762384495
2022-12-26,339.7611376626831,90.64075987423213,33.145904019145945,161.0624190008499,8.717672323467873
2022-12-27,338.8688355966921,91.47559010190628,32.95275794409295,163.21412182376156,8.626218859164593
2022-12-28,332.01766747626857,92.17360384306289,33.24087168959908,160.68203508759183,8.697019449276311
2022-12-29,334.5404086633424,91.37287773857169,33.10323858942441,163.2661132537844,8.861535332048014
2022-12-30,331.72603994227813,91.7980114967241,33.244255737779795,161.99121429104557,8.477418750825983
2023-01-02,331.5777419524522,91.6156700396189,33.315727851359696,162.01340408064965,8.222366364280667
2023-01-03,332.7472167967217,91.97040472405966,33.19679576035433,162.13319154217058,8.170396988439386
2023-01-04,332.80155345481364,91.07715298363213,33.064957412932436,162.78938188839422,8.20982138420122
2023-01-05,333.89757466274415,91.34716470187095,33.00093668357498,165.40256712466376,8.122472103990253
2023-01-06,331.3109272100541,91.23985308062144,32.86310229903124,167.25679024551852,8.266287756509655
2023-01-09,335.24395097522944,91.21698608538065,32.97469424204,166.2632281061286,8.037741232434719
2023-01-10,335.2433684277157,91.49738064231022,32.996857675109254,165.7135560518817,7.741507979967723
2023-01-11,334.02416759315804,91.22839039096822,33.03008667773487,165.7043957834084,8.051231206721951
2023-01-12,335.14125793009975,91.33301607973661,33.049581728381916,165.20672916080886,8.030813416347604
2023-01-13,338.4734347668071,89.88940221424255,33.03204696680602,163.71481989939093,8.080766462016912
2023-01-16,335.7962203255856,89.10187406652561,33.11403457723028,162.39070109237568,8.515308546386777
2023-01-17,339.93522431645897,87.39762575865306,32.88285663609588,163.88736044413622,8.796094755476142
2023-01-18,333.0868292823799,85.33301813588129,32.93908768702345,160.96456631819103,8.36543883002146
2023-01-19,331.8644216028879,86.34603690286237,32.86485383550933,161.94400240345263,8.215823106654343
2023-01-20,336.8898728540264,87.1832203217775,32.719580213481535,163.7987017444687,8.21800272474314
2023-01-23,336.3666653954611,87.38652137589267,32.66976666983528,164.478251457276,8.309195738934923
2023-01-24,339.6252204648098,86.28137290176095,32.622166741814,162.30316365163532,8.251041241467744
2023-01-25,340.1770079436736,85.19305487533983,32.7885387772597,161.95928348616232,8.342157482274606
2023-01-26,340.6651219828036,85.3157418436449,32.90123493909775,159.71514086406702,8.222994929195414
2023-01-27,344.9907677444952,86.58790451858536,32.91600381021827,159.36112991131282,7.8741382451523085
2023-01-30,349.86480884417574,86.08926738618493,32.946833252005696,160.3865698181776,8.120821033688792
2023-01-31,351.711329588417,86.45633574353172,32.74004543586844,161.30571746403757,8.000262542538184
2023-02-01,352.9164082924313,86.83732217339286,32.48912965045224,161.3633698735281,7.969424045996956
2023-02-02,355.8103492054854,86.45720759257316,32.409696262672135,160.7433092940421,8.11772035748072
2023-02-03,358.72992076989067,86.75197064561559,32.558294308814,162.37463579706784,8.232198400445693
2023-02-06,358.7027909012799,88.17568896778535,32.74160249834235,161.51142434729695,7.936154317237307
2023-02-07,355.42542479726524,88.43027513284385,32.49210944200837,162.330140373105,8.033110995200186
2023-02-08,357.35552824211914,87.49310657095174,32.56564129402355,163.0956702549234,8.098847182117673
2023-02-09,353.9517306336978,87.54615919943737,32.81359487238463,162.67982293059032,7.794356661598154
2023-02-10,346.40153972630014,86.46842855060781,33.05874388483717,159.62785990530992,7.829648868422054
2023-02-13,347.88128737928145,86.15245270522766,33.35743277450145,160.6895172935582,7.888503694251325
2023-02-14,353.5553967116033,86.32975525507663,33.29453518474428,162.329152738181,7.7183948851769175
2023-02-15,356.10830959351773,86.1682685778397,33.286292301631654,164.14697162804592,7.684901548759533
2023-02-16,361.15446877133246,84.64116598456896,33.30125261082868,164.57637454349597,7.511559130268714
2023-02-17,359.86466853673153,84.21993339963112,33.1118845362758,164.4610657390707,7.705630019580108
2023-02-20,358.26950170441773,84.83331829440097,33.070223228227476,164.83078074636646,7.92339516074232
2023-02-21,353.97903897261915,85.98636315671645,33.18112060128506,165.62716999606633,7.69788633164122
2023-02-22,351.4024956810166,85.7116369077372,33.10590859693624,168.95571877155626,7.588068085983332
2023-02-23,361.83671960337324,86.0311341049804,33.144102218596046,167.095950762278,8.013103575000338
2023-02-24,359.6075049833799,87.07706029782811,33.55807168047548,164.74715918082538,7.738322800689021
2023-02-27,366.6805730084215,86.24258616908816,33.497056200788094,164.76728955576903,8.149888696125121
2023-02-28,377.41959527852026,85.28989073999402,33.313947205763206,165.88444251780686,8.486752294399578
2023-03-01,376.65225004732935,86.35334802967922,33.60935973969649,167.68827101832235,8.382409200213258
2023-03-02,371.6413173061537,86.97095259532117,34.06066897030592,164.81174469514661,8.037436554006346
2023-03-03,368.5543518051868,86.28906800212567,33.8567682668662,164.841128298108,7.984702450037591
2023-03-06,366.1318635455144,86.8389975735695,33.86497632256487,165.6544988153345,7.769736974458922
2023-03-07,369.97656347219055,86.18312362586468,33.890164391735105,166.68158986080726,7.920620769893063
2023-03-08,363.48062865224017,86.87747733025175,34.01468891977407,164.26364432468418,7.831864254682628
2023-03-09,367.89592977330454,86.35448828483493,34.17114391308941,165.76405203101373,7.845768204416213
2023-03-10,372.3511041724597,85.37440283525858,34.21930844495692,167.26627688070545,8.09255021098003
2023-03-13,364.60789082343666,87.03295059054552,34.43783107375779,164.5552759303919,7.859882514225717
2023-03-14,365.7232302625707,88.30873274797506,34.504318365519914,167.51326510837015,8.01947452492808
2023-03-15,365.3470378707068,87.2046364716973,34.591198513230154,165.081338648185,7.841574463737324
2023-03-16,363.72796590901913,87.97596204265714,34.77656573251202,167.88790146295662,7.739409141573619
2023-03-17,360.7247879870114,88.48361516954427,34.902828982817425,166.29218839313876,7.453192200510609
2023-03-20,368.8229211424945,87.32510108227277,34.79451161732155,166.57444126337535,7.512260225158986
2023-03-21,374.78156803821855,86.6765827552651,34.60313065151458,167.49987919670806,7.767110946966099
2023-03-22,378.03747516623014,86.49028355948109,34.289182038981586,169.4309750602016,7.479245970855543
2023-03-23,375.1404384218373,86.30165126285463,34.77430095982004,166.69090350849757,7.531164820231892
2023-03-24,373.56071627944436,87.77578760661694,34.402171820344776,171.0639613181135,7.405323187983475
2023-03-27,372.2142107859604,88.07161908831284,34.25248653379758,170.89000043154923,7.229614487195088
2023-03-28,370.6407477575831,88.11314866112896,34.44386067161734,169.59891002572766,7.184745441252037
2023-03-29,369.5809126063361,88.39711029535964,34.52174755432406,169.0906530800141,7.25252315134363
2023-03-30,363.63001338828155,88.97964151366517,34.583152804414425,169.79513559836232,7.094197261480561
2023-03-31,369.1874555100412,88.96469341960166,34.44009710276827,169.22370723211384,7.085825282562194
2023-04-03,376.79469257072924,87.03026957964791,34.481844225860755,168.65305821071684,7.099339992913707
2023-04-04,370.0161362747473,87.14930568554172,34.64196446000695,167.16721619292895,6.710107113766105
2023-04-05,367.86712398469854,87.02570394438999,34.67890680705858,166.56002201827513,6.699813666612151
2023-04-06,361.962637674863,88.90399621312507,34.9987250352814,167.11783200921556,6.434364229731869
2023-04-07,361.73800207435755,88.56859742481045,35.06384040918707,165.77065477413086,6.570170303001836
2023-04-10,362.7844653828702,87.47404566839073,34.85768737122209,165.13416746063123,6.610253440267892
2023-04-11,362.2484959741146,88.02570890309447,34.75127920280568,164.4122517028913,6.791649756482426
2023-04-12,363.2535367530254,88.77628075677615,34.9111684789266,165.48908332156552,6.86044720411441
2023-04-13,365.42796646603045,87.34793949424362,34.769165326643346,165.21053369749876,6.918491979603104
2023-04-14,372.0124125701244,85.68519764460376,34.70691978336683,164.46319627909944,7.033028868446145
2023-04-17,368.0384151526896,85.0786404185935,34.76902751717145,163.1219516898983,6.827885631643931
2023-04-18,375.35095453497183,85.18400378121484,34.50099349325335,164.5072259948819,6.9417881416430705
2023-04-19,372.0984857142852,85.41091666521365,34.48677797066118,163.4911601928693,6.870930889132195
2023-04-20,366.9843253017801,85.94613336175307,34.580833266787245,164.8767932022182,6.756283728540399
2023-04-21,365.57423198818174,85.94942995769571,34.52273749139294,166.85276269773746,6.647381637770958
2023-04-24,356.23763981395655,86.61912863317595,34.859693559894836,166.08647981940422,6.698437348016034
2023-04-25,354.637782291642,87.2721587164507,34.82027483922086,166.28609408847623,6.690242415261311
2023-04-26,356.84681750620945,86.2387674915524,34.89638667977253,165.32590777415976,6.623435495080503
2023-04-27,361.5981967511476,87.1242452919123,34.90427271871465,165.50059432641098,7.052632320272413
2023-04-28,366.51707690389856,87.93779846188654,34.69168810114997,164.5206894151732,7.300217850596642
2023-05-01,362.95666338342835,87.7689737333847,34.80713207668381,165.29075046713572,7.585865854206478
2023-05-02,360.3147710231951,86.63730072711074,34.54093092184541,163.81769070717414,7.4035955230335215
2023-05-03,358.3608627114136,85.45912025457494,34.72558242946381,160.89630954803192,7.382261678591235
2023-05-04,356.3359685339893,83.81092274834474,34.41377419785269,163.55709928598483,7.503971562628819
2023-05-05,358.0035936083206,83.3301434923385,34.40926201450705,163.4531738225169,7.529174100140144
2023-05-08,357.6313538061243,84.26618859606077,34.402106396939956,164.2182690544992,7.321240537316696
2023-05-09,357.24394360833537,85.78876254383098,34.30030257803171,168.83528122427668,7.253516172096591
2023-05-10,356.89662796610526,85.40008024033985,34.54344504183477,167.52078494336502,7.239112606180848
2023-05-11,361.1350615498997,85.09310324675472,34.35923170926054,166.2577514519889,7.114369502809992
2023-05-12,358.60209476084344,85.18421953994923,34.54018413839246,164.86359772718708,6.770139714335961
2023-05-15,357.6476937695783,86.48850541655473,34.722189172077776,162.98383838032274,6.472186224692502
2023-05-16,358.8352513864669,86.4372616864533,34.75803346882044,163.15650455498687,6.328223431564572
2023-05-17,357.6787537586905,86.88374928907157,34.58728627376672,163.79163804575072,6.330056621434768
2023-05-18,360.57809902100763,87.07089337473333,34.746019629802994,162.22475771414085,6.3855968052522245
2023-05-19,364.11757597799055,86.75506993067532,34.715496698216775,162.08610138382346,6.394131442942815
2023-05-22,359.81881349071784,87.32006811108461,34.82931142168164,162.00525701790386,6.286644999682833
2023-05-23,360.90077532135183,87.13394894858376,34.807685409852084,162.59897947893162,6.0952253342933265
2023-05-24,365.084440403504,86.77575214575712,34.56250654499605,164.11089808255593,6.177861947700897
2023-05-25,368.3785457361922,87.00377298247774,34.66948573133374,165.6223465002808,6.310341952804835
2023-05-26,372.67381117755474,85.54580001999453,34.66153018096486,165.67946273999559,6.3000303035337915
2023-05-29,381.665973283594,84.87959394923281,34.70621083596262,165.5024524810133,6.260581889650943
2023-05-30,381.5599095252094,84.35024171671036,34.64979458818814,167.83173349896035,6.065183751427052
2023-05-31,383.37099137661454,83.18857775800214,34.523781958965955,166.9051680638394,6.213726346541215
2023-06-01,383.59014462804726,82.34871823407117,34.9084717519653,164.82026519273296,6.405575490041166
2023-06-02,387.1341790502045,82.74965867471403,34.86971957610317,164.40588694793902,6.271711397127698
2023-06-05,393.06964877294206,81.93145211850633,34.83954889402982,163.81569134875454,6.378143926551907
2023-06-06,409.20143791178236,80.76004816767917,34.857747832847764,162.38981140237436,6.3139546328917096
2023-06-07,412.1173511648278,79.5653261912457,34.70300081632639,162.07503840924957,6.50182900283008
2023-06-08,409.1475394341745,80.55329426907053,34.48247539310601,163.20628519989398,6.524827991679141
2023-06-09,403.0985529830603,81.05559332178606,34.22664127701866,163.86374737598896,6.345092855570276
2023-06-12,396.2415502215241,82.35724298805953,34.22660431211681,161.84902937573452,6.135677986238006
2023-06-13,399.6882876981154,83.67588697846254,34.291496107425694,162.8806740282646,6.216641600517887
2023-06-14,395.4477719542123,85.07310197557422,34.399003539414124,160.7775994173284,6.149880007747829
2023-06-15,400.6484482101229,84.09073060176074,34.1392009438469,161.42445098342455,6.292175264538298
2023-06-16,396.28157006296544,83.54312115979096,34.235347690241156,161.4451689037322,6.278510362840779
2023-06-19,399.34240002381375,82.6420096796796,34.03084357509101,161.6185687845968,6.037257272465849
2023-06-20,399.79953798260726,81.70044205226635,33.955945476185356,161.04638713360262,5.954941302311978
2023-06-21,406.33868697039327,80.17558031446272,33.8572618349017,160.54951191810048,6.160744880534135
2023-06-22,404.4233471609532,80.84873601551925,33.998117086122704,158.91778799561308,6.240277266406583
2023-06-23,414.04001812334747,80.62954794823395,34.28864899418212,156.10890558021387,6.256527191038542
2023-06-26,411.54306800967146,81.12794011170685,34.31239411666036,155.6629017863432,6.12785588856856
2023-06-27,409.4126955428686,81.2988486454212,34.380154008071486,158.09696240388047,6.423942651229696
2023-06-28,416.30322132026,79.38142334470105,34.8077649888629,155.2647954113912,6.478800289307277
2023-06-29,412.8936372948155,79.7522781911024,34.56076656603313,154.94554767059557,6.544607460361572
2023-06-30,418.27027514653037,79.92035124333444,34.807502193157816,155.1715693377979,6.516186366066402
2023-07-03,423.4247127883748,80.70362338369875,34.80439127464857,156.08577336984956,6.44835660235053
2023-07-04,416.33136578273735,79.54907723524477,35.137157206927526,154.788982250987,6.13446503321925
2023-07-05,417.7962685398704,80.05701681693596,35.12346035985148,154.8259821125152,6.1806820933986035
2023-07-06,430.0926567844566,79.01419878647228,35.09378713102046,153.48108844709708,6.077167835709073
2023-07-07,428.7144602521321,78.65231071920398,35.005749450452896,155.52482032360487,5.80408600428155
2023-07-10,430.64709897868875,79.95250095738656,34.353371994060566,158.95838187440046,5.856896066699695
2023-07-11,432.1169309472577,81.00832232107896,34.31735004439169,159.79525396737424,5.709726395110236
2023-07-12,434.0750557563578,81.61351888516253,34.29635615344443,164.02448872055567,5.726060279099763
2023-07-13,443.50350480588367,82.14187455511043,34.10051263565546,164.52734272071137,5.819996810129139
2023-07-14,434.9007904062122,82.66983659079168,33.9170686695658,165.50946730066912,5.736672175034235
2023-07-17,429.61410193371205,83.14929381895982,33.77515458955935,167.59714231840871,5.6242937456856055
2023-07-18,433.936147676983,82.59805156948642,33.544566981651805,169.6341732345001,5.593291504597899
2023-07-19,433.36026308058894,82.29379250811452,33.42713881490916,171.80456038119812,5.64255660875878
2023-07-20,437.11044154205155,81.91794962031936,33.48047767247974,172.9637551144685,5.717175014218268
2023-07-21,432.7878308378682,81.44473278317783,33.347508446877306,172.6063537336418,5.642492796488681
2023-07-24,437.0931614455295,81.20404376957644,33.6262669622733,171.85933808519712,5.600312388242148
2023-07-25,433.7328255097116,81.63318422976171,33.524546247871974,172.03703699875322,5.506870693000016
2023-07-26,435.15065836901306,80.48970483871481,33.15009232252085,173.2101988096553,5.736812939392048
2023-07-27,441.518094061709,79.49105434051111,33.1262962075911,175.83974453895678,6.0906886854682725
2023-07-28,444.15291071179115,78.81906144462711,32.993959561566484,174.30872366194313,6.215607143061817
2023-07-31,442.89993533370665,79.90402916120482,32.960134551844895,174.565819118291,6.263218108122274
2023-08-01,436.2384365838872,81.15245434546222,33.017456347203385,174.77167040525643,6.008627180855704
2023-08-02,439.0678162088839,80.5760699941868,32.79198280035228,176.1303425060651,6.012532432327317
2023-08-03,450.8650220821388,79.05401840054229,32.919850049948494,174.91348971109622,6.367159158458011
2023-08-04,448.9749613603605,79.84167216065985,32.99819054032268,174.9643101395713,6.2541000944022205
2023-08-07,445.49633204922833,79.45220477769261,33.15797255483649,172.70587165821368,6.422116287141366
2023-08-08,441.778661249615,78.61091617159245,33.08720338120157,172.65587236551798,6.438427280917218
2023-08-09,444.981498647543,78.71709963600324,33.154174989975786,175.13797309744737,6.669641793102391
2023-08-10,455.86343634513804,78.14360268751751,32.897307170237994,176.61169331650808,6.810439268992134
2023-08-11,460.97694094738534,78.71411105433218,32.77081017892981,177.94676477991135,6.811711709472711
2023-08-14,468.04058479574024,77.6472751096092,32.942554251939185,176.36191473002725,6.773245672482773
2023-08-15,477.67883491022786,78.73791417813943,32.817034551891986,174.76330295385685,6.5210502977250595
2023-08-16,480.73652022970384,77.91885702434568,32.90923887416799,172.4855478694851,6.70554054239107
2023-08-17,484.87441295106197,76.53161659141,33.03838341190465,170.52413675710392,6.785910402942594
2023-08-18,498.3798215372776,75.34815523334753,33.24039657509594,168.70781553915702,7.101527315067337
2023-08-21,499.3569750435882,75.86140897970458,33.18538846677122,169.68575930631584,7.4360935003462485
2023-08-22,511.6360098560873,74.58459250484579,33.11747527437523,169.2646274881696,7.391877047584952
2023-08-23,510.2289383089971,74.95990850947986,32.86966219853177,172.7235249968641,7.489635494899999
2023-08-24,504.6484714131776,74.6244181621578,32.618687503676604,175.453119701381,7.466562115668229
2023-08-25,505.7402631054986,73.21574846683568,32.74310693270897,173.49616054751291,7.443773869635149
2023-08-28,500.7573515321958,73.03900995450891,32.497048311229015,175.13911004331214,7.633356409938633
2023-08-29,498.5790044006519,73.23360131399511,32.670019493643785,174.21070008028224,7.644030350399173
2023-08-30,507.3100397277307,72.9711230876366,32.58118951909057,173.9336544867945,7.700203756667298
2023-08-31,513.3980214734254,70.67412308072745,32.49274904633731,171.0631261735601,7.853238424511996
2023-09-01,509.69597915375334,71.54235453263821,32.65276912432684,171.04309204027328,7.653348057348833
2023-09-04,501.8534838302442,72.07768920611112,33.11107557073151,170.54981970901878,7.317770387446494
2023-09-05,504.9250995636453,73.15818147609721,33.06171383849146,170.42776568065565,7.513483692090735
2023-09-06,503.26091563425507,72.80643108452345,33.207300892551,167.71561181328207,7.515003725282801
2023-09-07,500.67356522341294,72.29996672528479,33.31396864374641,169.27580948198096,7.650188865061848
2023-09-08,502.30683984032976,72.67943018845367,33.15837417149816,170.23969433722104,7.5670431212235725
2023-09-11,507.95287039819556,72.99565621682866,32.95974289533564,172.68254870762266,7.697002763133193
2023-09-12,515.1015224463669,72.40871928654973,33.08406532466805,174.95224766126847,7.409233688023114
2023-09-13,517.5595228947592,71.05286131898076,33.15628016453937,172.43903865960735,7.49081924484984
2023-09-14,519.9500571081506,71.15419422550052,32.76771891923067,173.11928532893805,7.679263834354297
2023-09-15,524.9715775921834,71.18709490421163,32.70901262321076,172.055888572012,7.486952820334055
2023-09-18,524.5770369919906,70.16135596406816,32.489159504618556,172.54042692187627,7.5467015689511285
2023-09-19,517.4328434004575,70.75547545219233,32.47708911384633,172.71560383684292,7.325512982225144
2023-09-20,507.2503551315652,71.70070167340282,32.566557771388084,171.66573025642566,7.3540033186743425
2023-09-21,517.0169164417243,70.52407725970326,32.39827631733607,172.3713477656455,7.55542480497232
2023-09-22,518.4269541699882,70.35005237346992,32.34053245542638,171.26932110366323,7.637698127002575
2023-09-25,527.0182120140978,69.72386580955548,32.26998002777597,171.25787861659256,7.627344286341204
2023-09-26,535.1649828567702,69.62725924448758,32.344658122999014,171.1317339662096,7.588274373715735
2023-09-27,531.1557192671975,70.50638245606093,32.20696830602799,170.28628437834155,7.585945696677964
2023-09-28,520.9106896634584,71.65559224469578,31.965323222846337,169.50288498604704,7.366069297464167
2023-09-29,526.8193420635774,71.30901681432073,32.02097668869376,168.1301442135444,7.346649516647309
2023-10-02,534.1939730031388,69.90835249316866,31.95723171337795,168.64150165416805,7.760205514745907
2023-10-03,532.7118050948769,69.7354361756044,32.09020174072647,168.19939620285524,7.507771275660049
2023-10-04,524.9514899820994,69.1345650342102,32.10904424785683,164.95675474442822,7.766600769331744
2023-10-05,520.4993026479991,68.67100451606075,32.39155960748324,161.8410579549028,7.582116148917747
2023-10-06,515.4884404127864,69.36826947085599,32.30650029087277,163.81929414849722,7.554119571015386
2023-10-09,509.90406856696626,69.31009712524057,32.44540080476218,164.30862816932043,7.839363795122816
2023-10-10,509.77536665636296,68.56649069081475,32.53970829351772,166.0515523946054,7.717921259403395
2023-10-11,508.65487444296633,68.28103638386425,32.54806867288897,167.7089852138232,7.995681927674633
2023-10-12,510.3088484476708,67.71141224565321,32.65554771086586,168.9090223323631,8.247513256257935
2023-10-13,510.00023654364037,68.419055066309,32.80650422754691,167.4527184309903,8.49191218752916
2023-10-16,516.6471027833394,69.45768308504441,32.81281430861311,169.08632087525513,8.30221415824508
2023-10-17,517.2133789642639,70.32942584725895,33.100980454559334,171.22395964400226,8.119575125312394
2023-10-18,511.76203560527034,71.02142125198236,33.000283275374585,172.3688079508237,8.35685149650218
2023-10-19,514.1394863509865,71.00216868082272,32.8229994012794,172.49879879959673,8.398600159970663
2023-10-20,514.5733827068672,70.08021715441144,32.45857364548453,173.73838736077943,8.925609911654526
2023-10-23,523.5067307277287,69.7047674070769,32.65142981532788,171.06036085473892,9.233230369690784
2023-10-24,525.2254773645287,69.91130082753847,32.491973347706704,174.03863383036023,9.326204853239814
2023-10-25,519.8766020692484,70.10912226751051,32.3766239788737,175.28587785548092,9.377397527357738
2023-10-26,521.665762379657,70.05611875537049,32.32911710685009,176.50310399641813,9.67577144591187
2023-10-27,515.4609506321345,71.13536284773758,32.270295850163144,174.58256071063272,9.71034781682184
2023-10-30,509.6309680158654,71.63104218544773,32.271219415440456,175.01800658523968,9.545727821015603
2023-10-31,510.33974705254406,72.13651980747318,32.460747841530136,176.44349106829785,9.429685690296399
2023-11-01,510.6001250569073,71.30128719822932,32.75812170679646,172.10415817732672,9.167225293806005
2023-11-02,508.75540553333065,71.30129853631064,33.088230985538885,171.21123656671386,8.978426599088406
2023-11-03,504.1822585201209,71.67101708929069,33.14251422961609,171.70229819518173,8.933108582633084
2023-11-06,506.3196472584943,71.41965629457584,32.95709761554867,172.1769823223694,9.11294550004185
2023-11-07,504.52223026243473,70.28779919321146,32.60786005547336,172.0203845938952,9.089037532230902
2023-11-08,509.9183667423733,70.14260244246609,32.50981133139536,172.02921318781185,8.67474167686153
2023-11-09,502.8412784699824,71.36974741453602,32.5980603107338,172.2401547822884,8.503194004263811
2023-11-10,499.60802387197316,71.99243800944708,32.524507690319254,174.58330105593976,8.360561360961054
2023-11-13,515.4607287369458,70.97831478687212,32.42370241592827,174.46858627240456,8.573569599346484
2023-11-14,515.6129805889406,70.37711602295657,32.55698175630484,173.11896783318463,8.587206679232452
2023-11-15,512.9240297457101,68.9855645601857,32.681252014814184,172.2232068211386,8.37881823503015
2023-11-16,507.2790503845883,68.79977011302961,32.789246400246874,171.37768584191915,7.880904699086814
2023-11-17,505.1306013573744,68.6501993475605,32.918269191433964,172.77928817904854,7.885886993655678
2023-11-20,502.1188385602612,69.82648834885899,33.14075333798901,170.70051925795048,7.658056988710028
2023-11-21,503.5717909748316,69.72617015433616,33.18912835691872,170.14363502757388,7.5831237891165095
2023-11-22,507.452128596372,70.70133111698911,32.975721179590366,175.25799326664932,7.96515270346571
2023-11-23,514.3950153802464,70.32272784392015,32.80696880858005,177.23406228851354,8.308772845901133
2023-11-24,516.9115681239457,69.32966904675412,33.01631695815507,174.14036615390873,8.4050303611419
2023-11-27,520.1131856113774,68.41961815091163,32.85937269453914,173.86246436261948,8.510603903423428
2023-11-28,520.290575919807,68.27484770084713,32.912852701696096,173.449969933306,8.524567460100375
2023-11-29,517.2214832649997,68.65105865388584,33.188555790510264,172.7121470401867,8.565217289208057
2023-11-30,521.3442316698212,67.98925604577745,33.07363469071761,174.83738248182894,8.9777535235852
2023-12-01,530.5311993705599,67.67322123301223,33.264177795926265,175.27439801242022,9.554053942046266
2023-12-04,523.3619818618153,68.24241416591533,33.60312972411626,175.41083171484917,9.403544473916549
2023-12-05,517.5106473621103,69.07206002847856,33.74021799768228,176.14597170055663,9.566232074279565
2023-12-06,515.8315071563304,68.65669188647816,33.783085135637144,173.47026226042448,9.690153950621871
2023-12-07,515.3981737210971,67.95485479493918,33.542471012765816,173.44668273551207,9.688361998646103
2023-12-08,512.5091839228222,67.09846053993382,33.69987715404244,169.92241931314078,9.69269292522422
2023-12-11,507.60664153105216,67.39867241243505,33.85132928508934,165.48707550296842,9.730183669951437
2023-12-12,498.5831615997238,67.25438412446843,34.13498004867869,163.19956418106702,9.498212575594604
2023-12-13,501.6426118809474,66.95210491160555,34.133063492561455,164.58854427418564,9.652650766536096
2023-12-14,511.6007858632639,65.17703351488866,34.02248898373466,163.4276514662333,9.83643830883285
2023-12-15,507.21519069703845,65.91611318477321,34.173785152154665,163.1698164330404,9.389189107684262
2023-12-18,514.5282439747256,66.51414626660156,34.10466422628622,162.11586793426966,9.204083547585281
2023-12-19,519.3721828290606,67.29569042225548,34.12331190363794,163.04746501266382,9.053882934365385
2023-12-20,514.4800020722566,67.3815523130228,34.07655718263089,164.31931253703283,9.273893461597996
2023-12-21,515.724780780969,66.02710685513729,33.83437106576714,163.61442708824913,9.41864064699295
2023-12-22,519.0360202177693,66.65376432064446,33.93171859071527,163.2399560680533,9.64805650279208
2023-12-25,509.60116537507446,67.38890996530984,34.18889217551755,163.48195556842393,9.049333833532497
2023-12-26,504.60529212276595,66.88111357662636,33.933560033949455,162.7637819176197,9.043422727695926
2023-12-27,496.39916576631987,67.02343765812225,34.075946845132506,161.9610383641882,8.895893415325471
2023-12-28,504.6966995587439,67.52681129286925,34.15985108277226,161.3072412265852,8.54966984705704
2023-12-29,493.06620257191884,68.74722765953524,34.4083741384822,162.01289432244178,8.393313196938918
2024-01-01,485.4737651533662,69.53176870897032,34.42319775852287,162.85322170142535,8.30858748692807
2024-01-02,482.640643856473,70.00315689372984,34.45247039612882,165.63152840961442,8.693683441983802
2024-01-03,481.9300381995615,70.15567299593691,34.54448855048325,164.5657315200464,8.689849642176616
2024-01-04,481.2358432966251,70.72957062218144,34.69887502070855,165.24631090849044,8.406707100692797
2024-01-05,482.1877933792912,70.94523044526404,34.866974976824714,163.89268520643708,8.241849757932426
2024-01-08,483.6740415419476,70.51849989736839,34.514323455982165,166.06390523098085,8.494515043673646
2024-01-09,475.4804278900172,70.91272905664128,34.498215109823704,163.91214371878948,8.467489378761766
2024-01-10,483.1956956376173,69.2808594551761,34.413547613244155,163.9809438971895,8.722241786575786
2024-01-11,486.29046119278655,70.2563581503339,34.34580973979428,166.16700475033906,8.705935091684495
2024-01-12,481.02175741645686,70.9344444556826,34.543227829979855,162.309330298895,8.545791613000654
2024-01-15,482.9594841896101,70.79433705049641,34.77793015728598,162.0333550974405,8.520435307677403
2024-01-16,477.022130888097,70.5635319636875,34.72244767068566,161.04804488777017,8.348924340120483
2024-01-17,474.10647614215037,70.05834229233092,34.50088590474182,160.99503632792334,8.46641672604796
2024-01-18,475.2397531432157,68.66468875722819,34.8181900773898,159.6404339138021,8.218500478386739
2024-01-19,475.3602975849756,68.4354657861514,35.04531162229202,160.05286752616706,8.335330486399728
2024-01-22,484.4532046134634,67.80679515296431,34.969700900657294,162.16907661427786,8.688104050871846
2024-01-23,477.99231422990994,67.80453765111594,35.20435103494653,162.43416179476858,8.45442305018927
2024-01-24,469.1677723579618,68.63228814630133,35.310315127260786,160.01728805065383,8.100003819879042
2024-01-25,476.11626427179675,68.92971748508472,35.134149445925246,160.72131358465248,8.220872035244483
2024-01-26,467.84756155743395,69.9125331936909,35.262268490230234,160.06859107799312,8.023012518297447
2024-01-29,464.6316889294913,69.93218844179282,35.20641591827004,160.31230063365973,7.793000253710624
2024-01-30,463.2353793323582,70.19380857711651,35.26436893991732,160.9898808082702,7.747062013702968
2024-01-31,462.1978392179384,70.31264934489099,35.41880721990515,162.01787195963007,7.845379262596074
2024-02-01,464.2528229871662,70.59778550567854,35.579791712894014,163.6326126948676,8.062972205869729
2024-02-02,471.06061526698386,70.30198972008091,35.433507376260216,163.65905780676846,8.354763283027081
2024-02-05,469.02626182086897,69.15652220597036,35.10480969608017,163.24037435226546,8.305170545337644
2024-02-06,468.42193213190984,69.1485215114465,35.25331078501221,162.44834701246782,8.057824944115085
2024-02-07,472.81842266588995,69.38465338328993,35.02340773025224,162.4285212301674,7.706544278959912
2024-02-08,476.6841726738786,70.72587935650013,34.66351361804439,165.2375246328459,7.548528179407376
2024-02-09,479.0297967288923,71.23764980500528,34.470216490425294,166.8555968870962,7.724786109351752
2024-02-12,475.5637161373108,72.25130223968159,34.60904586016964,168.4858669513922,7.572915405506452
2024-02-13,473.7847374742092,71.48031766186105,34.70784668568112,167.91626909330432,7.451553914357996
2024-02-14,482.1929326000489,71.41733365670038,34.51213434029297,170.20198408669145,7.4215043655391595
2024-02-15,481.56161647240134,71.37797523992414,34.4292947855711,171.88303533832382,7.535558184934599
2024-02-16,475.71749920870695,71.47832437719013,34.28744130480597,172.36843886653512,7.599702454671024
2024-02-19,482.11521646813895,71.51078192249982,34.123386228926464,171.47667368444453,7.591949112233522
2024-02-20,483.6173129619461,71.6552818903047,33.90893254745601,173.21476515185054,7.640641480526769
2024-02-21,473.62616256851135,73.60704970874761,33.8652271302657,175.89345140123044,7.558374358268699
2024-02-22,477.6485150068169,72.53941176901702,33.967426228640704,172.96650369661106,7.59009219986019
2024-02-23,475.2029228850963,72.51188571797273,33.65519933365339,173.8720939161014,7.522069327383653
2024-02-26,480.9562930428158,72.26882996145973,33.39245010551453,175.58121095320493,7.473872968859932
2024-02-27,472.5362113879119,74.60612911192416,33.455659458077086,178.15954239142962,7.198990210376209
2024-02-28,468.65210697762615,74.46325019010392,33.53463133721573,176.8119210044617,7.220916186379933
2024-02-29,471.06388947913564,73.45695457017597,33.154723777120054,176.17215847944072,7.044147929657115
2024-03-01,482.5884612984055,73.66465502969656,33.09775467571507,178.14994022150915,7.138643570871269
2024-03-04,477.3660195507497,75.36253803332603,33.084261037322904,179.8274479647562,7.12502905310546
2024-03-05,484.04765814723066,75.89370371546809,32.97764477390097,180.6678813581725,7.176213987500118
2024-03-06,496.5468810961851,74.84373633538807,32.96181468480682,180.86944365087345,7.215937226335677
2024-03-07,505.426653668041,74.0846408007066,32.897432812596016,179.9939663736867,7.214905883708452
2024-03-08,503.2818253930948,73.6820454049085,33.02657181821556,178.1982490880091,7.196391833483146
2024-03-11,509.2338642428324,74.0232200401964,32.837965789667365,180.27989927231067,7.368505904456781
2024-03-12,509.94835855055396,73.28718342003255,32.86953078394881,181.8437887943028,7.346138856154051
2024-03-13,505.4454509602851,72.37316237527452,32.92551019962437,179.75057690358415,7.236843098818701
2024-03-14,500.6498269319231,72.25024798135094,32.86808880152402,179.7484247613549,7.267049580910474
2024-03-15,512.3335442200755,71.70693936642424,32.68931250341764,181.9184157858124,7.570327593646848
2024-03-18,515.0805551433685,71.10851184977211,32.643660956617424,180.4469813721006,7.452724282918176
2024-03-19,523.1806360414547,71.19577674993857,32.56436900273841,181.5135825604139,7.639800296837395
2024-03-20,526.9054174039373,70.70909482973373,32.63952587315299,183.81623742392767,7.557828691458109
2024-03-21,528.0998090600706,70.07377343190714,32.93694422039801,184.66149530877203,7.791361501966323
2024-03-22,519.7758828247372,69.86680107155294,33.32129364884345,181.41233573665048,7.812577871199868
2024-03-25,519.5768495588687,69.13888596269571,33.08611115523316,182.975454020691,7.693493749220465
2024-03-26,516.3929649049475,69.19177701430745,33.333269710088715,180.98043688775962,7.723259899705126
2024-03-27,523.9570238031475,69.28290774137349,33.15232966458146,179.65445994454637,7.4503942378615164
2024-03-28,523.3814162581474,70.54321329907098,33.2147815062553,181.83578881690133,7.222013899320057
2024-03-29,529.3987383971788,70.60051201772906,33.37234506177328,180.1601659811973,7.017328811970567
2024-04-01,540.9408218683503,69.47413790879148,33.26367949137608,178.4426012245358,7.399017928952261
2024-04-02,541.3834545031301,69.9847225245289,33.171014304754394,180.20717871177203,7.27522074008737
2024-04-03,538.2168660891318,69.85691242067777,33.14124273417843,178.96957656245115,7.052569345259853
2024-04-04,541.7828616404495,70.31643936182101,33.33951016936141,178.5681937431414,7.454081942143446
2024-04-05,539.3052927563289,71.46823693450487,33.38278888012377,179.78533861073493,7.417360373425636
2024-04-08,535.4994689338827,71.80263437038919,33.45290151450559,178.45409978511114,7.2717108024903645
2024-04-09,525.2548214958134,73.27107149218124,33.32749075768441,177.4522349103893,6.845842189499713
2024-04-10,522.6585340513509,73.0042007903285,33.337450151035796,180.08386963957102,6.90443240711664
2024-04-11,524.7856543118887,74.28827853256024,33.31047136018526,180.45785755573658,6.897453924167913
2024-04-12,518.013626415198,75.85904760336753,33.49083289341997,180.99242161389094,6.887292662639204
2024-04-15,511.80528669624385,76.50177447405166,33.69818272166603,180.19674795529005,6.596337120966478
2024-04-16,508.25332514322173,76.23271165988547,33.646517328294166,180.42747226904393,6.631613087996554
2024-04-17,513.3638867086576,75.72160918096569,33.69529803666404,179.20786564987432,6.786291370279853
2024-04-18,503.15393559214226,76.03516979685462,33.624922807555464,180.76400713389316,6.898613930142105
2024-04-19,496.83658533915906,76.63477882169937,33.51416406460842,184.3468999081856,7.234528116236444
2024-04-22,485.9157055105948,76.35181616096062,33.55459207095507,184.20113973311135,6.907997012287554
2024-04-23,493.2933256149771,75.71801714508406,33.57372458186403,181.85844467440435,6.8983634007537376
2024-04-24,485.1942393080803,76.67272195749567,33.6280088579391,181.87666941987268,7.083089507042208
2024-04-25,483.05055912904066,76.97086394449725,33.7701576718893,179.86465293162803,6.8979155660835465
2024-04-26,475.8528297176186,77.06513280650013,33.75079796299198,180.47209158349963,6.8884702391047
2024-04-29,473.2371363135007,77.44082670282214,33.80551877749024,178.26638620490107,6.950081318731724
2024-04-30,458.9299074663584,77.8872177086814,33.86005235093147,178.2743734935484,6.912664251690323
2024-05-01,465.70506010793866,77.67784505878926,33.763730746407006,179.1388355054653,7.001859619034013
2024-05-02,458.5105258397813,76.94780972388945,33.70405731784943,179.37264153070166,6.873210709831465
2024-05-03,458.98327543737736,77.13923995396812,33.95979086457184,176.80248356017128,6.738203964750155
2024-05-06,462.38988176402535,77.35288690657441,34.04255543038684,176.29840139843228,6.753751329176387
2024-05-07,469.3619711508049,77.46945149165725,33.806429912967225,179.6764648257724,7.045765386178205
2024-05-08,474.5558502799621,77.24715970408975,33.76176837414082,177.1033516935353,7.19840713938402
2024-05-09,473.82346491594626,78.10937121024182,33.87703343164014,178.24052979222333,7.272429680803686
2024-05-10,483.369370072129,77.57155384245694,33.811763486920356,179.55027850824038,7.5669428636642895
2024-05-13,477.66944607490655,78.85480756802463,34.08462501591935,178.55701063948754,7.177028641984089
2024-05-14,483.64360596104814,78.05103659986318,34.11188019596642,180.43405857024675,7.301161255586317
2024-05-15,475.8958142953871,78.0597677940379,34.268682745317264,183.5586472403902,7.369209192714896
2024-05-16,471.6953911170593,77.30965989380972,34.50277287614314,179.21668277311633,7.057044239216402
2024-05-17,475.42925867974355,76.89610567320162,34.21399356404808,179.13334484426565,7.3383868673731545
2024-05-20,479.13103518096784,77.36159698448968,34.09518735017336,178.830801356615,7.318174029351358
2024-05-21,488.2551511968087,78.02037436260284,34.09901570155159,179.63937734633723,7.255108753307951
2024-05-22,482.51119965094296,78.2301579396825,34.139702978240976,180.0472687564289,7.145396960917074
2024-05-23,479.3633104405783,77.5535011857992,34.01795152502359,180.24631797447017,7.209931226539617
2024-05-24,473.4462051353938,77.64045275064974,33.92146700759464,180.3815162024194,7.233568213540851
2024-05-27,470.61486805109064,79.02555556221229,34.027356532118276,182.74772228564478,7.2254223759240706
2024-05-28,468.4278157682767,78.4470945387886,34.41236490853723,179.3689678555698,7.086271012290432
2024-05-29,471.1147335122614,78.58743297800355,34.14892750931559,181.19875621284797,7.282288227867401
2024-05-30,467.2154033092644,77.38065044743526,34.35095274830089,177.7589548855406,7.1767449519092406
2024-05-31,477.754897555168,76.25578889257206,34.29803438435047,176.5389068880514,7.493478582807919
2024-06-03,475.02930930379074,75.75202809019392,34.73284624539934,173.4372431514465,7.3848361985053925
2024-06-04,479.7742444889434,76.04428329179001,34.94654695116142,173.79779804954026,7.42157798439907
2024-06-05,481.7221168906408,75.3313028199492,34.80915500980715,174.37948708710917,7.407412507161702
2024-06-06,483.46799978113586,74.34658042887993,34.849954777650176,173.54187020850236,7.785828743841488
2024-06-07,486.6463093346918,73.90681174627176,34.84533668946584,175.2629144522627,8.0016584493537
2024-06-10,479.2467317549284,74.77266007206457,35.10454268178941,174.8292191366402,8.030246708437243
2024-06-11,490.1999454997189,73.79933642488301,34.563774463699815,180.4381625970789,8.643354307751903
2024-06-12,493.77886495236373,73.46487359137525,34.4437946373062,181.59889428596088,9.321179955174625
2024-06-13,495.65104992088,73.23404266821333,34.06649206246905,184.04968389966373,9.315677332925802
2024-06-14,491.39159085765493,73.3565145258083,34.21892325626622,185.1970273752383,9.105137051026393
2024-06-17,483.5640505899203,73.80433323052203,34.082223822494456,187.02040033701707,9.276126911517055
2024-06-18,483.75306972474675,72.42672622885435,34.098315197131086,185.49835886941972,9.58996979642997
2024-06-19,491.19385455061746,70.20896422251975,33.91165775967346,186.5321275753042,9.861323107170772
2024-06-20,497.37783043829376,70.55531390885133,33.95367433836495,187.69389049006455,9.818843312546676
2024-06-21,493.95025906403004,69.89517493778473,33.69315435500599,186.6169729775105,9.576307072155519
2024-06-24,492.24097237240784,71.46269384560262,33.527768723487966,191.10285501440367,9.594686657864722
2024-06-25,488.5826255736953,72.09445563959873,33.75991800197801,191.78345291363243,9.834067449879221
2024-06-26,496.5448926663084,71.41369256599813,33.796736094011,191.70950077760577,9.68677135889431
2024-06-27,490.5240962300203,72.80784091047234,33.91776119365913,190.28104460427176,9.614031942421772
2024-06-28,501.92347693828924,73.01174645999961,33.51566019156898,194.08223707893885,10.143947009676985
2024-07-01,511.2211143218272,73.04889995550873,33.39042256845943,195.47493289155005,10.168193029621083
2024-07-02,498.98828912389956,74.31291148456164,33.45310462842699,195.87281492875638,10.06699338087687
2024-07-03,487.9193859664453,74.76631538100351,33.232655324433864,198.96628904960167,10.0641891131371
2024-07-04,485.7057474194214,74.21091938462513,32.82255243487147,199.9813606077336,9.896317244295828
2024-07-05,496.3557107308591,73.30200257554695,32.64578772675475,201.20347872956867,10.572354817656835
2024-07-08,498.426984697129,74.25788708637491,32.66690948624155,198.62905263881078,10.306639701316854
2024-07-09,498.254876812417,75.31573725583667,32.8112122639879,198.2518415227667,10.315580931459875
2024-07-10,499.43792167876734,75.97710237691784,32.57254453260994,200.66376487919487,10.674108805686421
2024-07-11,501.6494286680439,75.94468793664261,32.75716618126253,195.4803120759608,10.142029189607396
2024-07-12,511.6517515916638,75.30058290673962,32.678457426944725,195.65673096258962,10.295195876272222
2024-07-15,513.7528635132737,75.73967050307358,32.49313503226784,198.0630920037737,9.85192497979435
2024-07-16,512.6822601509892,76.17735093108051,32.27896510323738,200.33385808371685,9.6101373580443
2024-07-17,504.61861060156883,76.14605817128928,32.396817224320564,199.9386746609894,9.53701580597957
2024-07-18,508.8959249289245,77.26954634864806,32.42843188887196,198.14277000769772,9.246695982917107
2024-07-19,511.3038613342437,77.36869723910414,32.42566892878445,196.98979468807957,9.264830926004125
2024-07-22,503.1517794392288,76.5910295942206,32.49396746179514,193.88013994469102,9.3500452188523
2024-07-23,510.9388255151712,75.24294640569032,32.237882305910446,193.263263541522,9.788319793572398
2024-07-24,506.4967293981455,75.6851377986527,32.54594566527537,188.42972232393063,9.438584692142506
2024-07-25,510.5789722274107,74.78470482701158,32.74358579045449,189.74251762248898,9.632758317476783
2024-07-26,510.6201843409053,73.87854103429645,32.78898167277818,188.82586496794588,9.511366307027856
2024-07-29,499.16743698371954,74.90155751654534,32.8694975767579,188.72507892766828,8.937514614537404
2024-07-30,509.2621896089996,74.06601516260972,32.71741257622773,187.64421750777993,9.296891769234406
2024-07-31,511.8266368861316,75.02492876763604,32.4286036605656,189.74783561209819,9.231160312142569
2024-08-01,520.9072201098866,74.86681576639486,32.462098328190656,189.92698588946539,9.362979839440712
2024-08-02,525.520927219328,73.90723011362867,32.508903904751115,187.72656540786167,9.278198282991653
2024-08-05,526.2885097455483,74.16296939111434,32.70542189493776,186.40155452656566,9.550671483067136
2024-08-06,528.3328398322999,74.1014558434376,32.376069805272635,187.35671822744803,9.600555581814618
2024-08-07,522.7221522742896,73.44408645827063,32.37893066692811,186.3355668343232,9.671702412788218
2024-08-08,518.7142820919013,73.88627450071156,32.41057281578675,189.2403515993262,9.846150495699
2024-08-09,526.6009679954815,72.89682331978084,32.170140559006924,188.99549773974428,9.489842595516151
2024-08-12,518.5434434339332,73.5304613293301,32.388905483985035,191.53936774598532,9.667625721326083
2024-08-13,514.8911862503019,74.67169851076407,32.438473522672496,193.6762729132901,9.711477193881787
2024-08-14,511.0387598749372,75.0049045793672,32.47836517918712,192.64917002884064,9.723780822907612
2024-08-15,504.4205733841821,74.5298489783163,32.47517915896177,191.71672210056843,9.764886565360605
2024-08-16,500.67310782745403,74.71397715536499,32.356345413048686,194.51494072129933,10.082371055820357
2024-08-19,495.2929291668797,75.04888126366959,32.475779593774924,194.49130035180298,10.06328105562211
2024-08-20,491.90983822826894,75.218223474809,32.56124262371064,191.79326606543836,9.727557412574857
2024-08-21,489.4630836610434,75.22962098690432,32.50697302347912,192.94945738050237,9.659553107246978
2024-08-22,490.07323139497424,75.0684864421095,32.496279958963726,194.89416327090092,9.794430638845995
2024-08-23,479.8449791355981,75.6739016482617,32.45412559463718,199.7961879911066,9.875126605184603
2024-08-26,478.99946485030335,75.4815067922675,32.4607451500943,198.79624123817413,9.863088509516263
2024-08-27,476.85409715450885,75.60929130102092,32.46779621586399,198.00932182592533,9.754308882369521
2024-08-28,488.68930499437664,74.45336024166942,32.111978765469246,199.2602161217031,10.091527884854155
2024-08-29,498.7456405122973,74.28403267759548,31.957368057782368,197.3554007188109,10.217637902023714
2024-08-30,489.41086271841226,75.39693851468532,32.01627816322264,196.94669233125327,10.168250196031888
2024-09-02,487.23940647317113,76.44830428313146,31.772347447951347,198.3489935527788,10.096217919973379
2024-09-03,495.01197638332025,76.75576392351851,31.612027140147514,197.1090957335886,10.299573882931078
2024-09-04,506.05355019421165,75.39179660182249,31.420232679487256,197.75560273039608,11.174950011710783
2024-09-05,498.5561362419165,76.23958455005437,31.46082854889943,197.43266640071025,10.943601461199393
2024-09-06,500.1762185138575,75.67528237194237,31.4768113811108,197.18938894636364,11.11445077771205
2024-09-09,500.80687860271104,75.40271197101056,31.5664127317973,196.81432899847132,11.224289767651022
2024-09-10,503.5427152533599,74.93360172824565,31.298316900928633,197.76041475253464,11.38662201962937
2024-09-11,511.1678794075541,73.00608707372284,31.22526323253004,196.4817040780389,11.398449732241867
2024-09-12,515.1924832337713,73.63854085611017,31.377238948231728,194.88561733567363,11.69603487358923
2024-09-13,507.2366387643067,74.74007373964665,31.570622929351977,193.98923428152352,11.573476757763546
2024-09-16,510.4137744225253,73.8119806435237,31.46804996484176,191.31359727741616,12.004440279436652
2024-09-17,507.00412063622684,73.71145426977276,31.277745108616692,191.40381809838726,11.957914814530131
2024-09-18,506.1386650094734,73.89027027520939,31.509101943406478,191.2718793070573,12.106492896343436
2024-09-19,512.0186896417295,72.69978353222663,31.35045011171728,193.68048544629357,12.281469974132449
2024-09-20,513.1683943823541,71.50633099819169,31.33975829519938,196.0499997167072,12.371085461661636
2024-09-23,523.4157315389962,70.1833375054186,31.326631636470985,195.25558452349844,12.390749648117525
2024-09-24,530.2277749081993,69.5484093251629,31.20619838721612,193.66555181967098,12.45175143619712
2024-09-25,533.6722825808874,69.07629007112617,30.981496203176643,195.97020177305654,12.353553587178652
2024-09-26,545.0762296467259,67.94374308926326,30.952703970254802,193.12290798604258,13.072962792370603
2024-09-27,546.0595175387032,68.07819398861264,30.845683642672313,196.56009200322364,13.776766588631308
2024-09-30,549.8709169244457,67.62156549078405,30.876705906087516,197.76314230973932,13.36361974910757
2024-10-01,538.2265397532954,68.89418794062242,30.667386545846405,199.95130156016776,12.8947418204427
2024-10-02,535.8435618268129,68.35159362999246,30.794467178899566,197.83576798245466,12.764338376181609
2024-10-03,531.8898047570345,69.47732140505168,31.03925792021454,198.5499847447376,12.394455472935578
2024-10-04,524.3335802042623,69.2120393288282,30.895141879253075,198.23129714407017,12.410969287842038
2024-10-07,531.1391498882209,69.01947652355722,30.912829131477537,197.75281870854354,12.314966747145808
2024-10-08,529.4353286597137,68.17223131886317,31.093788679235193,196.39630698614607,11.980973685874766
2024-10-09,535.4400069419072,66.9834655107386,31.011047201616353,197.22103196702255,12.647270725666928
2024-10-10,534.6716982304384,67.42844528105573,31.080263006593917,198.84806701549763,12.499301343911487
2024-10-11,540.142678310694,66.85549392785717,31.15397961775073,197.8121322132991,12.750915244199986
2024-10-14,536.3152934510275,66.65061161543032,31.392599001460034,192.90445741722448,12.691460128043811
2024-10-15,535.4792499907473,66.32595960560897,31.39945688699217,192.85111808501438,12.599110771435402
2024-10-16,532.4457202407743,66.34487305436245,31.30390644703718,192.40179089226936,12.833410309001714
2024-10-17,526.8059588962668,66.10758324291605,31.12145027282761,192.47002069464887,12.7555318521686
2024-10-18,522.1669584094703,66.54936708107135,31.179020293226504,191.09476487418888,13.148950724225891
2024-10-21,524.471063683407,66.09692224829521,31.08179056837561,191.72251389285213,12.930559247306928
2024-10-22,531.7168657998722,65.88077595183952,31.114503924781687,192.26757518501014,12.987804996950338
2024-10-23,527.9282398060393,65.29527134892096,30.932880882435516,191.3005816016912,13.05089648294808
2024-10-24,518.2858655073642,65.17778216518288,30.852434051704613,189.4934706790022,13.235630043745891
2024-10-25,527.3413213734276,64.58760091869641,30.578521233740673,191.22966621858774,13.467029546034105
2024-10-28,535.1562791690349,63.976053904575295,30.398378465959638,190.82570749262922,13.648606607881792
2024-10-29,535.5405429767984,63.65301338099343,30.56986564952433,187.84889134110279,14.088586771681136
2024-10-30,547.3699471495232,63.97801071729756,30.507681312255507,191.54669444916956,14.30564787370346
2024-10-31,546.5664485328967,64.90403475547954,30.597697518559208,192.6580607670672,14.322388610650169
2024-11-01,544.7916919420071,64.46022371384116,30.696654764832708,192.2408391400648,13.817324977429013
2024-11-04,547.5825066309001,64.03809331692419,30.854530592888246,192.51310110580684,13.745102740110143
2024-11-05,551.4706649913954,64.40272521947092,30.95333570692931,192.47954902987647,13.710091006280603
2024-11-06,568.3317665504632,63.6141194057422,30.876441756536785,191.22422451416128,14.239479650798913
2024-11-07,567.9390547826368,63.87698150961088,31.049532870112262,192.3758351329013,13.761424189016772
2024-11-08,563.2074840068248,64.38628685206808,30.93208073142098,192.94770896467168,13.926338235766046
2024-11-11,558.6254638623557,65.91993184073222,31.131205575804643,193.53855569609104,13.396888113881833
2024-11-12,562.2066758862117,65.52234473269141,31.185852629347785,193.1974419688617,13.219983523112639
2024-11-13,558.274560945724,65.26738021046869,31.008947097129646,196.29251777682273,13.74114701258108
2024-11-14,560.9585012288945,66.5651501292914,31.10667396151194,195.77110751732488,13.510129353897138
2024-11-15,557.3261637470475,67.24989036165434,31.140915363509066,197.34276113260287,13.297148326504605
2024-11-18,544.3584205994216,68.11879681469681,30.91567211656941,196.6676729734598,13.176205692241457
2024-11-19,541.4030671964078,67.8892902914914,31.29676607138418,194.89912920087875,12.959567203087957
2024-11-20,546.6221164634796,67.19939084489735,31.452506979058718,193.90189365107693,12.829803706377318
2024-11-21,547.1751876399945,67.21400364851368,31.2719851251019,193.78647052890756,12.674046801463845
2024-11-22,547.488761797413,67.08140918940762,31.21111578459372,194.761734498926,12.88552721662203
2024-11-25,540.0148624778691,66.83817710474939,31.420258747331474,193.6798224052995,12.394599717834579
2024-11-26,536.864189735311,67.03120645435888,31.435508537329905,194.45131317141556,12.438970892680723
2024-11-27,537.2112449537753,66.81770512517505,31.383893263891395,193.53462312378727,12.126905849568029
2024-11-28,541.242734651288,65.78242120675564,31.310755547686657,192.83912531245662,12.243510864132675
2024-11-29,543.2742333930922,66.17152573283616,31.07772820773858,194.76243611966973,12.277929579812051
2024-12-02,545.4561216746678,65.46142550887832,30.908465947666798,196.78309158313354,13.101528699268986
2024-12-03,551.8141034790957,66.067957568167,31.089389801782076,197.61963328317225,12.869416637262038
2024-12-04,550.4973195543906,66.79935396843818,31.031212788538163,201.0377286360407,12.35887035051605
2024-12-05,550.9274774762562,66.67412397198896,30.844384564543645,201.56150205876713,12.420140024273412
2024-12-06,552.9289752861179,66.40566562507342,30.67575964371462,203.60971105013314,12.568234140142662
2024-12-09,546.9289450861359,66.04548749845397,30.511144700176647,202.37037521877258,12.248281594351557
2024-12-10,553.2002987174405,65.81040989679829,30.03575494904159,205.33822831714207,12.144895458822425
2024-12-11,542.4637446805818,67.24239480121267,30.20418978394287,204.2684131279765,12.104952446483324
2024-12-12,542.5174586936297,66.92003327614357,30.3471652106218,202.11932659122704,11.993013508908929
2024-12-13,551.0761435510971,66.87255412428473,30.230800310898047,205.85818623703767,11.62947263284536
2024-12-16,548.2298077285641,67.15565739254514,30.085473178866454,205.94261222047146,11.513743230918266
2024-12-17,542.9606196055504,67.9443360932247,29.840819463362863,210.1599551578971,11.181312393608223
2024-12-18,542.8660911427128,67.33038630288904,29.81276287230485,209.7915634151805,10.89965586492725
2024-12-19,543.746824138371,67.16111284442988,30.001226851932557,208.0353072987022,11.090377511456563
2024-12-20,549.2021483229362,67.2604590684798,29.45543370455713,214.5401648650669,11.297156025363135
2024-12-23,562.764080259003,67.37491584669552,29.40845474523636,216.04536507907616,11.22842403041923
2024-12-24,557.1127014629034,68.03392837401377,29.535363352386135,216.25365396867576,11.028620541855984
2024-12-25,566.1813880662294,68.51810959203148,29.3566252769552,217.00651764715192,10.909515599828088
2024-12-26,552.687643554271,69.77825241806708,29.362259512218536,218.46762616852777,10.65130212551992
2024-12-27,558.0031838347206,68.92380033818999,29.238346106497197,218.90305298509648,10.989182467768634
2024-12-30,556.6081014058843,68.67301085971097,29.523116922246132,214.6224957990177,10.885783095464244
2024-12-31,547.5151066957065,68.5697730138335,29.461814091373448,209.40907128745158,10.726303472580762
