,AAPL,NVDA,BA,AMZN,TSLA,MSFT,SWKS,QRVO,CRUS,TSM,SMCI,DELL,VRT,HON,SPR,HXL,TGI,TDG,ATSG,AAOI,ALB,MGA
2018-01-01,100.0,100.0,100.0,100.0,100.0,100.0,100.0,100.0,100.0,100.0,100.0,100.0,100.0,100.0,100.0,100.0,100.0,100.0,100.0,100.0,100.0,100.0
2018-01-02,101.49697834982756,102.80999032728857,100.28482692152846,100.2848515481897,103.00487620687457,101.67659763640589,99.8212339637741,101.33928560805548,99.83031900345783,99.82685091232113,100.88838895002559,97.76613661662678,98.04868023484393,99.79262568975203,99.11681030311185,101.10742798250638,99.27402087033165,98.51760143161054,102.83453013699582,100.29739253288368,100.73734929064537,98.49893470429329
2018-01-03,99.21226963026965,102.85011277918885,98.76629671868692,99.2310584343028,101.44350852898759,103.96828248389622,99.2774407874396,99.19992452467831,100.53841163313975,97.47514326283357,100.6752866381578,94.29273606564023,95.49398427673741,99.47531765686047,99.60688405523334,100.74727640055468,98.49300068521684,97.46847290073612,99.92324113610593,98.59933201920066,99.42351522683734,99.4567620539511
2018-01-04,98.7440232130704,101.27062961226417,98.21020192165584,100.59038141994435,103.47120320386735,104.42452649986062,97.01166550387468,97.73453876607086,99.99892417409468,98.11572557676072,99.25481536727399,94.45666727102207,94.34121860575506,98.14039073730859,101.14898950982541,103.18650347057999,98.83213844833764,99.37655597518422,100.87135190230241,98.09121250471387,100.48130654634296,102.20116876064786
2018-01-05,96.09680064070614,103.78373870427752,98.33549786422938,100.13621356178537,103.61052709400181,102.615236145715,97.8003341928142,99.39063689764784,103.34185321077433,98.64688600050152,99.41219199504313,93.74292736710896,95.6337988964225,98.62141155124154,100.16089062588425,103.87920845994961,98.97309786198939,100.81749242382915,99.84262913272214,97.60616669555424,100.05085981020112,99.95451759835618
2018-01-08,96.68477730965971,104.04559322421659,96.63654388311927,99.90026895874647,103.48751296521644,102.00033758175734,97.69659210014514,100.19965785013454,106.33161613741018,99.55303924750255,100.48826651456304,94.00885304643663,93.25939099231013,98.97208317508124,100.45208011712594,108.02006704379038,99.07880398618252,101.67208736978985,100.17743135186103,96.28099439343376,102.19035064381168,101.47706867196364
2018-01-09,98.97226163734126,102.13006368053753,98.44318724170526,104.17092730991394,102.97362900506654,101.40086301150377,97.88317839235347,99.51847545662183,103.86645933542778,99.97959945576525,99.26241232137671,95.60665287866279,92.89577447812417,102.25215651697368,100.04830399076693,108.44218441591714,101.26796419229895,100.80069847070999,101.55125669708697,99.12123796363774,100.8332993621351,102.76196027909586
2018-01-10,98.10317787859898,101.10532404964944,99.56029267260188,105.0015199929759,103.7228637175445,102.91882375497151,97.8665485948078,100.8594567924275,105.36900692923211,99.93301746085149,103.09325739631045,96.62257752288185,91.56263103409131,103.61895062870033,98.96455675330246,110.11962647519653,103.38421423012575,99.9144948925812,103.59466224737216,100.08373565760529,102.40883938251041,106.04731032488212
2018-01-11,95.95302471305718,99.00115027790301,99.19180180657703,105.27164923751621,103.88941199672476,103.31333239897494,97.22456319913393,102.34897169828758,104.26845620189894,103.0155046870713,102.92739715400974,95.13439458008848,89.8588294880391,104.10517518065005,98.50733898953293,111.09376613844387,103.8550163245754,99.5510967742561,102.31582939568396,97.55488330188498,101.46770494878295,107.13973808331068
2018-01-12,95.53092050511194,98.8806634421706,98.17124348357518,105.82695734712493,104.28858168278839,100.81921013900903,97.00677682644198,102.44096073730705,105.15943729790294,103.65247700615132,99.60705823137361,94.07856922177947,90.81983857265979,105.21659309795146,99.82034504460472,117.99990920942206,105.05272249221856,101.5423784915409,104.41093667820132,98.79773190047226,101.3076735646061,108.67758580305477
2018-01-15,93.80669203018896,97.93730835900763,100.70857507924296,101.9237543294933,104.43667149810044,97.29465226690063,94.98038231059176,102.74746376605931,103.75934528435192,100.68339143154763,97.16763181349549,94.20275892215342,89.01893547946754,104.62453683172365,98.97640942164851,115.78282953432884,107.49890231946269,101.60684599708699,100.41181172939568,98.1973294040449,99.46317332550534,109.10279744786745
2018-01-16,93.57655314509134,98.22702528230084,97.97789278540515,100.48379923591311,102.74120181889894,95.36548622700117,96.1779601095576,102.00697660355851,100.29607378166634,100.890407091359,98.99999535418497,94.80346448548966,86.17916036936064,102.9114397803231,100.07297143751038,113.57219169315066,107.23521208733393,101.86180418861608,97.92598465211955,97.21504883071314,93.75311646258318,106.4323904515562
2018-01-17,94.68759563497979,94.88090163345838,97.07341132634474,100.4165043153918,104.69208068266474,92.10865802487096,96.43535730952223,100.5497372492289,97.30465875483196,100.2752291220525,97.97483941610759,93.70051425107492,86.0426709749782,102.04590087570524,99.86443905905189,114.33139279579706,109.50424852559644,99.70253253986661,100.53282763750018,94.11270908690992,93.24500935743352,107.0916263219294
2018-01-18,94.27745371047351,94.06447920236329,96.58138804866584,102.07497665993418,105.64761940531906,91.03989016304914,97.54787848170382,100.82795784589896,98.28941333862888,100.88358689500892,96.26631770857742,93.26660467375869,87.33170260004411,103.36509480949528,100.10494838851372,114.89982587448836,112.0159338790369,99.19388327824217,101.42531200799563,94.18225956722158,93.31041739181254,109.2606124863089
2018-01-19,97.70870571514178,95.67562791521487,98.56461835259891,102.65180182622586,107.2500287720226,92.39282736676009,99.3729010060835,103.460935311853,98.7856358736342,105.53239577415687,96.07536239316593,92.5290679391523,89.74875237815236,105.65772605874382,101.65910959978419,116.91303078874013,113.14968014517775,98.88104368634225,102.5962846802285,94.19615809178624,95.68854892360284,110.14552898785983
2018-01-22,97.1338774575974,93.71112776859964,96.4120388137431,102.05122122124216,106.62460368323867,90.5744255857768,97.84904038009903,102.90490820805597,95.88088012968005,101.88612084893305,93.65064929429994,91.35323874182838,89.31415724881838,106.99158901413855,102.0639519232867,115.5600486970504,112.0418079242756,96.45411656274499,101.72484925608838,92.89287455978803,95.43542219369452,107.73175244634004
2018-01-23,98.81066726266192,96.04638520496853,98.04953154447307,102.11386547489066,107.69016150069625,92.3028533174583,100.06318806745583,103.85357176286755,97.97873334021872,104.50699227590187,97.35362753593604,93.27359532248913,92.79114801552642,106.46967812924282,104.01129259394007,116.60498490204974,116.46512911071619,95.92436006452627,101.2177820886035,92.6737652094382,93.1101702329952,107.59663882094479
2018-01-24,98.5754877948831,98.0284100260429,98.5933893164881,100.34084744103248,105.30096782243699,92.29107048216862,97.74477868428947,106.29090378257902,99.44475427605974,103.10695263118829,94.31664246258173,94.35542852777304,91.82355072477516,107.51921924368241,100.78090225808486,114.63856006884221,115.45992598355076,95.15649678227366,99.6554124672897,92.73244225691255,90.89211355454695,106.42972269246444
2018-01-25,100.2151216249176,96.95886389016988,96.50634818545085,102.44887819353794,106.01998997313099,91.80485899190035,100.67773716855959,107.17887286545616,101.88597028713683,103.96339945266749,98.01439735455007,97.01376631076197,91.64992022780288,109.28437429147777,101.94929234159491,117.20760074812341,114.00163198067182,96.3111561148768,101.28616543038886,90.45701580842785,89.36999443611711,103.3704072224636
2018-01-26,102.76487610538494,97.34852970988878,98.59053317102078,100.03780491640643,103.01075901336957,91.99528435307016,101.82544435873838,107.68563567990394,99.34365136216421,104.31878839551428,96.69845352855907,97.71344959948829,91.8942673174224,107.43407193783901,100.88855135604533,115.02186701340891,113.57149601723971,97.4181808901613,99.5275126264453,90.88467990969994,88.38361184637292,101.8481772419332
2018-01-29,100.9694665895968,94.70702882558159,101.4088926970793,100.0022503761339,101.83847113838821,91.44730485243538,101.07082572466466,106.65510487215873,99.74259527192471,104.62437451119477,95.16665264341981,96.78305751159617,91.43386419348198,103.6294896178119,98.56662807498542,117.31510557089462,116.27337910029095,96.96811815767076,100.18147398112492,91.22862280161574,92.20687416205725,103.4685063082101
2018-01-30,97.64999143482565,94.1646056748177,100.14328210490724,97.75531813867153,100.73519343330435,89.16088861281742,102.95683034004864,107.32166004140667,99.1004106348253,105.8385506903848,94.13936806862164,95.42284189137973,93.4190625433739,104.34957358869383,97.20717412267895,117.02854692364987,114.6142411277929,94.84674595192382,101.4422363136154,93.73797905927039,90.02613366499233,104.22481219554838
2018-01-31,95.67837729493904,91.87974149619342,99.47433635569288,95.81272811505129,100.39764405990485,88.08576115880655,101.20169397387978,104.45139791811896,96.87593246958474,105.67850825536675,93.52906565602194,93.3167605786554,92.86623410489521,104.75268601122936,94.41941517691745,117.35078466947766,112.62602018330762,94.95594008920496,99.24721742908093,90.50580520831302,86.94885472302565,103.52791959357702
2018-02-01,96.23915055111979,89.24824469947627,99.72555611042539,94.40920837524948,99.76906730186727,87.8208975889258,98.90063762796757,102.92024901029426,97.29470384550949,104.04915872849372,93.85508168456268,92.063616071805,93.93082778854377,107.3861894179597,91.33989176329922,116.41972120486311,113.99698878767815,95.00066331431273,99.89451638586661,90.00412177532046,87.26382669230163,103.6502390200895
2018-02-02,98.30952332311911,90.16487745325026,100.4335368911692,95.15740247722876,101.79738908913642,88.71087318402259,100.55269562598208,107.46088634607278,99.70713178808016,104.92643105028249,96.57637059389054,92.82703097374278,92.41304807751804,107.310169668787,89.9412987530681,117.38059128591014,115.67156584275641,98.75888427527453,101.48263283518818,91.0055865505073,89.52399059487517,101.70641924420408
2018-02-05,97.05268547403429,92.55880967038281,101.26761941833665,94.87174528274001,103.09216053442276,92.56577659939568,101.8342229825832,108.92712270823573,100.02840830862604,104.33598726565225,98.30220001424507,91.93460278737673,92.81050442239729,106.88763727030044,90.90426065425281,118.36534007881265,117.84508937720547,98.32208644182357,101.23740200650042,89.96320118711677,89.26107381017479,102.61027220012606
2018-02-06,98.52309476410419,94.63593197826458,102.85604121422615,98.44231936964768,102.87329849750891,91.03258374691963,99.46048197237039,111.71751848228179,101.36688418296451,104.51430437577618,98.99715599564823,91.25442717434817,97.09557869220538,108.1085272236925,92.0785386075097,120.88967120505397,119.81298474576863,99.5847508446374,100.93806490279322,91.45262193817487,92.739074074678,105.65422276247466
2018-02-07,98.58067577937773,95.91746435372151,104.94958472081613,101.97946140166974,102.26956289202516,94.52566501283837,100.96511043037926,112.92143328472372,101.63396978903336,103.8627957201539,102.29447625189492,93.13591177762811,97.11197095266095,108.1184794718666,93.69823867736577,126.47618467867443,121.68498706028751,99.28311811707788,102.79387437978414,92.86349683509981,90.9314195278756,107.63035995978852
2018-02-08,101.63004993639765,97.84510919402653,104.27743041203948,100.04500249510663,105.97470556928263,94.91196428313953,101.33495495358694,113.26617515677026,102.29100955682446,104.31648361993798,102.33845873744143,92.15108347436349,96.83398663297962,106.98079348105585,92.88967263073772,126.67731589817288,120.93104238023116,101.28751326443513,98.89779499920971,94.16371472398693,92.4354866255703,104.02774924864241
2018-02-09,98.80509498140447,96.04955081926356,102.15320647162407,102.30319883491322,107.06867448221153,96.08788065532565,102.16446767950119,110.97851039105676,101.27988368098552,104.69700504819781,100.31404161614753,92.7945491785391,96.12543956088707,105.98217449860533,93.81073354998867,127.25144656622449,119.82733576118088,102.67289307151093,97.25091603836142,94.68413713940502,93.0365037053147,103.15855082850405
2018-02-12,99.61184776526112,95.23612211956689,101.7928866720742,104.35424852265672,106.39932833686568,93.51058924821416,99.23007087173316,111.38554551029029,98.79552094887823,106.94191181552979,96.75315281553257,95.55615595791286,96.84434809997971,106.28559082240277,93.38836741411069,128.51863779398207,120.27657751753752,104.81497042214477,98.06773036115324,95.30603416882299,93.10702264931115,103.51541874797088
2018-02-13,96.642368055654,95.38480813390157,102.47048148637553,104.49344364741927,106.86430725730405,93.1015738995984,97.57246578579881,109.10954604971518,98.2501790248844,104.30880137856217,96.35729590988232,93.50694150001543,98.7358107809015,107.47413831267798,93.84632519536714,130.73145151121304,123.7737077601819,106.83886073537106,95.90039370346926,93.86690988162925,92.79064822816972,103.97968405327104
2018-02-14,96.99100145613657,94.38090341728164,102.20806905219779,102.97954177826796,106.0909740323838,91.2889503707453,95.80473538016832,110.52631688985917,96.44441811918887,108.3710618975879,96.92081779736243,94.38445272662436,98.11738313184836,109.31372546659955,93.49470059666338,131.71487976106252,129.34515549132922,107.39132552588688,98.44062949556742,93.49747430514469,93.39202603050636,107.4290975428615
2018-02-15,98.73608904379891,94.28076359236813,102.44953677972671,103.74825440478126,106.32475024015362,89.81213368923297,95.31667125147786,110.7849949878897,96.87414424230457,110.0785929233196,97.73635561877744,91.8215589987154,97.97799395405683,109.53619873681345,93.61905804016627,132.91591213485532,130.04170859581262,107.36599153578587,97.67649252503314,90.50200047530964,93.28884288024236,106.99849063143219
2018-02-16,96.48778035536036,95.15213000228592,102.76360799942876,105.18843128597155,106.75895092871257,89.26349826615306,95.96555027536806,109.13453810918318,96.29926309463089,108.53487104011906,96.36725376605322,91.73169913334543,98.66295346767559,109.15038121560052,95.78550728514612,131.66441269739937,130.15300757291638,107.05065548981727,100.12057802419193,91.09997141929416,95.07118948099888,105.00570157084054
2018-02-19,97.6413795149703,97.6930587020686,102.3366536160525,107.79129953653171,110.82519386338093,89.73472662449299,96.34342522905389,112.6744839389015,99.60214628269931,108.8337499840733,96.77200737232666,91.67462679429916,97.02888239137602,108.03975687551899,94.71550834326997,130.64277069905827,130.55444238309715,107.8126232337847,102.85122664138605,90.06410029825572,96.81338208912548,105.04715472699274
2018-02-20,96.5052401527718,98.76193190128633,102.57235730087662,108.56666439141401,111.28444960369352,93.5066804093242,95.98318971706057,112.42281095250942,99.26106985614146,108.6958981783192,96.66557035912344,93.29192154067294,99.07755013695434,107.09389485007462,93.5266811983808,131.55016101695597,129.44774410140994,108.81532512957342,103.42881236810983,87.99895513429388,99.24241656031748,107.85659892229502
2018-02-21,95.94868517753102,98.26434707527883,102.87235065419901,111.08536799071365,110.2152650354993,91.44677167998951,92.8454413736902,109.87470062982382,97.9908196544447,110.80067947990828,95.36608508537086,92.9563836164757,98.36421082591559,108.25826624101383,96.4327360152541,129.5964118149239,127.59728136029824,109.76299223242361,104.05187545679833,89.824682269133,99.6360974038271,106.52534156972003
2018-02-22,98.69902730831686,100.61940908892008,105.28861419528423,113.86553391290394,113.3255665788005,93.83244739819878,94.08758709763474,111.86988712243509,101.31372936488702,111.44803014161845,97.7436459456282,93.10397751129413,99.14315999309443,111.1449334942987,97.4415828472903,130.66449920749795,125.95000248081418,111.81354729400542,106.18268910102626,93.41198175483436,100.07386403407712,107.6731641500623
2018-02-23,100.13833523274043,102.65167496994533,106.60588550672524,114.57055981362606,112.95115023782498,95.60809325467254,97.20120202713815,112.03102060917394,103.25216028913317,112.23969662539055,101.33335472785079,91.29262106693004,98.64831432262206,112.15088209449314,100.34018290482946,131.17903833697181,125.3283902623257,115.3479690789486,104.58969410679944,90.64796930835597,101.18015984582016,107.2275900758085
2018-02-26,99.8848919636789,101.14791809181052,103.29477495350596,114.71171831856532,112.71375220570006,94.8742456686699,99.60789561050639,109.84746325066959,100.63752878680675,110.61448296297134,101.00706341041223,90.54359231027645,97.12189594014004,111.41360636112837,97.65753672346126,132.73713146924462,123.6882099135906,115.91370976513754,104.22898564987767,90.19441260018208,100.91771065316394,106.67652975439627
2018-02-27,102.0517659337153,104.11973998788224,103.99373327234309,118.12031179760038,112.48458131837216,99.21569113653426,101.76662729087177,109.87713851510729,103.12721249774677,111.7321597243848,104.45244288876765,90.39177908494837,97.25980141997917,109.15966032246621,97.8354731858354,129.0228720709301,121.75300035551044,118.17621705870641,106.50604934970546,91.5017388097869,100.38009281807246,107.46561634115355
2018-02-28,103.44383637131376,104.56227870022622,103.68615172744079,118.21008998110632,112.87631018327299,95.29308260498496,100.780183827155,108.04601006332378,101.00692830669593,110.47363638274794,106.67887026444183,91.29293201272812,96.4612094268854,110.13614929206406,99.80871039291462,130.77731463823162,121.9053407630859,117.07159061625063,107.8968493873026,92.07445279665475,101.72895229732868,108.52784373593899
2018-03-01,106.38926119129258,105.78322576122645,108.261152378866,118.52415235825876,117.28233419221851,96.40624042494464,100.96002203575897,108.46307426903105,101.73295619467171,112.25089421215539,108.63396828964947,91.69362878990528,97.67944830061097,115.1064492069131,103.42006287301447,133.14257043350375,123.55894828065321,118.8036767974539,110.49714138722152,91.85833049462771,102.65504544092141,107.2218057159521
2018-03-02,106.72124335438544,109.37753311852778,106.83255905518581,116.53591613453142,118.28597246000328,98.92000610478051,105.11525428904238,109.34859381427103,105.08294893225049,113.62114577227479,109.93839939684216,93.38497063738963,99.14224889546973,112.98213610338729,106.7431596165507,136.9302698273654,123.04089488763476,120.12569209203653,112.10918512128492,92.69431331525901,102.53445912789552,106.69816947323986
2018-03-05,108.60265196319384,109.8058520732366,108.0791702184006,111.567432036947,120.33525761129502,97.27590383061633,105.95185927583388,108.91091114773997,104.5132369763128,116.97855851274089,110.72088293581558,93.87906205393163,99.0817267625862,113.80113949053056,107.17468848284902,134.51210913096955,124.89110431161062,119.24721319415117,109.41218995615837,92.10770882284577,105.09661110507439,108.06888642280852
2018-03-06,107.36431967090891,112.5041477873337,108.28940648722049,111.86495996373145,121.73962135421482,96.9844603723644,105.29522257637667,108.26687446401459,104.22796009199463,116.45303854511747,111.71329194126692,93.59698951997473,99.79568744628205,113.23275124226771,107.35210109399905,130.27699284429414,126.13515578036694,119.41576931192175,110.26354271871199,87.7576776092879,108.30954336275443,107.43369316734137
2018-03-07,108.92867739139376,111.33159726323055,108.759562205778,116.6090034763835,123.05903023174933,97.8224487328618,107.32110842906742,109.72843802814711,105.12118870985282,118.10491945560912,116.992914166434,94.7982050324639,101.46374037758596,116.56836273135863,110.60732874780868,134.38409932941687,129.071474630206,119.00415749811883,114.10017268823404,87.45079014325106,110.47467127301832,107.68982111357097
2018-03-08,109.69997928215757,112.28785223365799,111.35195609594786,117.35919051773261,122.5628550296005,99.4582109370242,109.67196995908716,108.12327110113226,106.51942381923506,119.72787052764433,116.93245704742466,96.71937996120079,101.19785525830036,116.7448456755253,110.47789961475807,134.49451773770696,126.90129441736806,116.38958577175927,116.8037028328658,86.30745148328343,108.99633658777344,104.17153953533722
2018-03-09,110.44352224038421,111.98411325881614,109.39329788732309,120.47143843429757,123.47704417482223,97.19804994002004,103.69977146892276,109.98985374819722,102.50673567581612,114.78066406378679,116.88670427409926,99.55603800451955,102.56367730378881,116.88389997420961,110.99339629941036,135.4548416413757,127.42366936696955,116.03463598879252,116.49837849575242,85.59917474317548,107.06549057280164,102.97589328062313
2018-03-12,106.51934622954202,107.8120288190488,107.50986587443002,120.58763946440858,122.71880465438983,92.89609264714933,100.26909822780084,109.49425991039068,99.16536690691215,111.98991858381056,115.38179173638349,96.12726348426476,100.68318774926686,112.21720925736048,107.89921016896761,133.48342290288224,121.84118900050333,114.49040519925154,114.67070674658703,84.60381620130126,105.3641048408544,103.03218244525948
2018-03-13,106.55150572484506,108.52541240369456,107.7932183486962,120.89050368968552,121.66008727951784,91.8300111369613,97.81752926725983,112.02596416369778,96.94825452492104,110.46693515291362,113.62375478458993,97.60056372550257,100.42930994215654,114.53099627070351,106.89609807790447,134.21791465035153,120.54632033068042,118.39223030269359,113.07950527954904,85.15797159380391,106.5528967634336,103.86774052544342
2018-03-14,106.31657612495133,107.97550898095946,109.15515708066334,124.6785342564511,120.42087847309409,89.68035669460524,97.16684534082515,115.80652704171372,95.2262349518038,112.67035077762573,115.80435106596853,96.612135924561,101.10332059564088,117.11968282075804,105.7493707119188,133.3330215218642,119.27471750630151,116.37425807620855,111.97552047275487,83.43926607110295,106.37673442850588,102.47871199932804
2018-03-15,105.86169738530575,108.32763873201068,106.24064848995972,125.7777350607601,123.02443396117022,87.2243391021191,98.39139747594953,115.14624350688122,92.98267515324274,111.32026711771292,115.31804157609879,97.03196510246896,102.24445060517235,115.87766688788552,106.33640337686056,130.91914548392901,119.45804752063299,115.16941400666565,111.33290558098092,85.25380548632828,108.33519125044745,103.74355578451849
2018-03-16,106.1747775039295,106.90710947436034,108.58667466752723,124.92144205353294,121.81547082749975,85.49068839714111,97.03638715377488,113.0759859374704,92.49586091568345,111.24992434496997,112.25290772509004,93.86132459736453,98.12902621969066,115.28809484488391,103.10364064133773,124.94782812323972,118.63628675892885,118.01262892316073,110.1929587948342,85.24268910969496,107.10566286036902,102.27132082021568
2018-03-19,107.56753641865333,108.39655947931938,108.73951703495418,128.20806935893637,122.88799775278466,85.30009067322035,98.67133270519487,112.55257228398972,93.3446811553589,112.15930908257319,114.94728107067726,95.6023950342298,99.21369672737912,118.01989378365391,106.51468675664903,127.4747242089476,120.0105940735486,117.03918692055161,109.9122724329994,85.82664817749858,107.35856686335472,103.15334430706628
2018-03-20,108.02575900654918,109.76396752935845,108.96209761836215,124.54744699835423,121.28919641553654,85.56930013053946,97.50644707944812,114.26127230275603,96.09445263474251,114.83053729203401,115.23424804122638,97.84338124957227,99.54207530787174,117.55058880098821,105.61545503314076,127.01218323271007,119.4414014458908,117.46474637068212,110.48244010745243,85.92324516035143,108.28132558552117,105.1070163722481
2018-03-21,103.87828810821564,111.29300863469234,108.01319782967,125.59653114273554,120.5909289609001,83.24915353146713,98.46198741478277,115.72313331046941,95.45074481146092,110.44014099550931,114.42479881306699,99.5724410797009,98.50793030781395,119.2603678071312,107.10660463242155,129.78688854912926,121.06441362853143,117.13568245232096,113.70854771317828,86.73235910116074,109.44320813370756,104.87532164370899
2018-03-22,102.36249616705703,112.81525420440349,105.25908766358098,121.93880748300394,122.6588424577102,81.98895582669763,96.11314947511232,115.9614762876522,93.23785002468259,112.37848997098054,114.64780844796941,98.35386775697592,101.2110111815248,117.59011313486569,107.71568113236695,129.69471201244733,122.83276911269033,119.30307689243716,113.24592523228547,85.3255034208176,109.60904376178875,103.29326508751002
2018-03-23,104.42746568841487,116.02181731524699,105.71735969305129,123.15654162772972,127.88004369138103,83.28434159973273,96.66353075369184,119.45533969922812,96.83365561628281,116.71432780273089,119.73218501356541,99.65299652021613,101.538275667319,123.12633230057045,109.49347431358673,132.16967326291405,128.29680785669248,123.22863692018632,116.46707570787872,90.19210171269012,111.23479963262548,107.26780905036685
2018-03-26,107.15928005862462,117.28070416312991,106.68558256446589,125.27135713385898,127.31863323470296,82.50519582291207,95.18622491013677,116.03071226925007,99.81562656682419,115.50903082446032,120.3480480592815,99.34725694150923,102.1165623406572,124.76640160354536,110.69855857060158,130.9465556590757,128.11428406696288,123.88456530276062,116.08401531260743,92.46443229128887,112.45469173954537,108.56653520036511
2018-03-27,109.3515113332977,117.08014089040617,108.21650941896888,125.09400067949053,127.37278503209865,84.6947043838888,98.90491287768573,118.39647582657977,102.36581243237387,120.83395834680518,123.51269542142967,104.054312285299,103.83592135708506,122.51351138811006,112.74162713650504,132.7055242742141,131.66316075116094,126.17051990875625,116.79907650490051,91.53887272580589,113.33195692609095,108.08849160304841
2018-03-28,111.88747276311311,117.55576945411599,105.56471500655103,125.10685516707684,128.82269375984202,83.76269017147081,99.09487135706631,118.78252585678767,101.65415946288347,122.02658184431802,123.49219798349091,104.02587478917584,101.77180195858018,120.90513491044328,113.53709412577005,131.28918578510354,134.20928617530973,124.58571419124651,116.60618692207488,92.21832743062522,110.38075440203654,104.52390462400918
2018-03-29,110.0877543569625,121.14895398600268,102.78080564982623,123.21278664356329,129.4956343354652,85.62927390557091,101.98501518426572,120.61624088076749,103.1316607321426,122.24438065975866,124.12206607596927,101.3029287013965,98.7002415508284,118.73386093549884,111.20274325350483,128.03854191129273,133.20780788402135,124.13990942339542,114.78360334874525,92.61072337088424,106.55197482236588,102.34847288173172
2018-03-30,107.40443458184231,118.12503085633357,104.27111482346838,123.3680726329431,126.444112418434,86.02978151837152,101.73721033396679,119.12284659072044,100.67969833126575,117.87168476781397,120.93896721336176,102.12645682458447,100.68085206742539,120.50855043624624,109.0690704827947,124.58864652801188,132.39676226921765,119.82872175181109,114.28526922352823,91.64609872223154,105.01788475187224,99.06079287827103
2018-04-02,105.76682220065267,113.30761584636376,104.9124319902651,127.45735108054225,130.42483728196677,85.63792882934005,100.900096980865,120.08379264597045,99.22980593752959,118.73734511762751,122.71618102200748,104.67626846035367,101.19038679809826,120.93130588264405,107.95174932094892,123.61933812434646,132.81593278850556,121.27549585811627,116.50701808695398,91.14346725348064,108.02442464350257,99.30808301746293
2018-04-03,101.30370505244909,114.14910391779578,106.08705790389672,126.93779401788183,130.57462410711878,85.80106799617518,97.45938404729752,117.93969147288593,99.28033462900947,115.58789106180639,122.13770777857388,102.56127036652609,101.91289043050833,120.88401814232486,105.29014408621435,125.7591332778874,131.37152217369515,119.818953614815,117.00895257507244,92.72691662852584,106.46017921444567,99.41422252491587
2018-04-04,102.69534101491249,114.78665237820991,105.35844612298698,127.80578909980478,129.1988523696518,82.99283212638042,98.48738949466853,120.13921816598513,96.05022242779448,114.75964470852482,123.96184883014048,106.29534469221414,102.50986593761586,120.23435767752194,105.92051745079108,129.26371712062166,130.82716263692504,119.04707007899708,117.0235205262908,91.9151730420144,107.29151896045059,102.38829590878642
2018-04-05,102.47772488659199,112.3543531885464,107.2047051718604,128.20318756697026,129.40166260065658,87.15531577614433,98.7780676555414,118.67064041835728,95.23302710195955,116.82574450588372,124.1310893519765,104.45673090044939,104.36174616242229,119.54358604276501,109.46083504019127,131.9829778094111,130.50887622136656,121.84374726625857,117.89526390453014,93.48403235748619,108.64113992115698,101.52635042722989
2018-04-06,102.05710081927006,111.77711714967076,104.88378369565321,128.07900842055366,132.45751855205802,85.83962739491288,98.64275735099106,121.02719028983086,94.9153791722488,117.67465983410892,122.17204155476902,104.36292964088118,103.30458651576669,120.43578189845508,110.84807293751648,136.29701112064683,130.68792129780763,121.54697814856823,117.41724909884867,92.30425523308261,108.35756654149647,100.33304837164471
2018-04-09,101.83912456096054,115.1371921085922,107.20992328166352,128.16232430355956,128.5624341144001,86.16967923375867,101.90471705794369,122.62115399111671,94.7942810454211,118.17882986257779,125.05966061545217,105.47152853855907,103.18450012269285,120.06473919112622,110.3432453265778,134.6613158601789,134.17103760860508,121.25365182562501,119.90856528988212,94.63413209178323,110.31665001005129,99.92642130465103
2018-04-10,100.97305086789291,116.27895991361596,105.87614223176996,131.11774133879683,128.34072840562766,86.8649471382155,102.77865515068463,122.6891594326537,96.02809135632202,117.95745027657698,127.36939744071734,103.89526349305027,103.9212843795306,124.18640513153184,109.46546846381665,134.12824317894365,135.909005886619,122.21622246294064,121.18819228873318,95.82487249737997,111.92380814475531,102.11383651931231
2018-04-11,102.33380087605462,119.98662986077385,106.228531668634,129.8983311757387,131.15447488882415,87.00237140974494,99.6459458615542,124.53168189768425,95.44072304212273,118.41605312470217,128.8493213758096,104.74464042298877,105.57982662820808,124.03558426002917,110.75970161758234,134.2341127831211,138.13791101399752,123.99426514950048,120.29755044834113,97.89541376019919,111.57993883175173,103.89456814663154
2018-04-12,103.98761000663094,121.69921885457596,106.7082760420536,129.93207239953733,133.3587325768111,86.59069863907662,100.03989468908763,124.99293007268909,98.69058961471602,124.21900986554333,132.02589504661117,104.98294724968085,106.19833755786553,126.79359266338743,109.89618849283258,135.45293462663867,140.82267825604478,125.52235315243334,121.32197941561472,99.83600816924817,107.54401598317193,105.45044930932787
2018-04-13,102.48749177636884,121.51799737595054,105.69341247929282,130.8213547901412,135.59052639620532,86.38545664002734,100.47376972399898,123.81645807722339,96.83035387455915,118.86110208311194,129.3126080712805,102.87304122079365,108.86553350364113,125.51460092075074,109.23016566042911,135.53125798435653,139.8658062527356,127.77885059668827,119.38720037738278,99.38377138195061,105.73092979409003,102.57700408943472
2018-04-16,101.08576452646587,119.37638385601834,102.73019291340843,129.75021404253727,131.5889740760291,86.74510659279552,100.00329034290014,120.35141784956812,95.827721719163,116.94298507129648,129.53493525581086,104.22741908422884,105.04774812570344,124.8599371078065,108.19140453707763,135.9432743566479,139.3422494240395,125.45062166832626,117.97141056144362,97.5072450803743,106.97721045286204,101.89778488069014
2018-04-17,102.30919544767275,119.37916363411846,102.33644791965087,129.67914324393826,135.1709822773177,89.37867736511384,99.80089993386856,124.59727448640676,97.19699251303635,119.82829315119932,135.55320602175837,108.04911314060763,107.06322873052603,126.08935859784167,106.85351069750948,137.39315875202033,142.13569012865608,126.50523427755613,120.47009253520464,99.88321060288762,109.11991115011469,103.26976208152115
2018-04-18,101.24552716481432,122.61712849630881,102.43315935049321,130.030132865922,136.93456787115176,90.22398722034914,101.68411860301212,125.73022552679846,96.72780433192689,121.07017197756689,133.79396776327997,108.48695533763956,107.26936893533697,126.00136123853117,106.46433418397645,133.54466882964368,141.31030568124032,126.98804524629202,121.03729232203263,98.58560074057245,111.52966578879732,102.1783280630874
2018-04-19,101.82846161680764,127.77694367055135,101.83176750418492,133.38761479195782,140.63758274229562,90.71045133565663,105.27362440442546,127.09093935078154,98.52542959709896,123.47507988819255,135.71059394120536,111.11186345372329,109.83694894289911,124.21283577421637,109.4992292415385,131.60117178734896,145.19940262021143,130.66232540594888,120.46929483014426,99.1644236263809,111.07795654261774,103.07848551174767
2018-04-20,104.12932703262868,130.82776258988116,100.63738964714823,132.52930023605808,136.6226632390867,89.88070667726628,107.17492091029229,130.6141505390871,97.06449772580197,123.19677134180746,136.93280443570342,111.21253146557964,108.14101546391464,124.59348653818728,108.26409047260651,131.07735522827994,145.91056784972028,130.2441958562119,119.48585327597986,98.67449599339854,110.91348341335666,102.16659376721425
2018-04-23,106.0554505470338,131.56712520321312,101.41720496022941,131.50712227234527,138.65715460105105,91.28538550505151,108.24992021179686,132.9803814058503,95.93040927789598,122.96841257448905,137.05087269288273,111.15009604637842,110.65877321218333,128.42647425871155,108.82703314651121,131.59102767412816,141.57389876052247,128.8316116238015,117.90902840908821,97.48859958151876,110.39339726836884,101.1666983641907
2018-04-24,102.50689232907784,129.7541811720314,102.20416619599139,126.6226365266176,130.15665148178397,89.30829202827778,108.597019253651,135.0339446807489,92.94443097238221,122.2184626059366,134.62993269556847,108.3779211701099,112.46401091643526,122.53219319177633,106.59274600216769,129.3721924907568,140.57370707701418,126.01253756856681,115.78307594886746,94.63936596587448,108.3301408722042,98.28349987963082
2018-04-25,103.589209906229,130.33327898531834,104.73368010789738,127.52013230731569,127.71795519698874,91.43658029727257,107.72580639432265,134.44725891037845,92.64054046596097,125.43995078664071,131.17488087661778,114.3305883184319,115.12937590202299,123.90546617804803,107.38296067090992,130.96912994051527,142.77729821108204,128.2224315960242,117.30163265548688,95.51029163011088,108.4818607802981,98.83288139238859
2018-04-26,105.25022271983273,125.51426228457252,105.56103557379633,127.64537538359164,127.43448127309304,91.55576647288078,110.2693538520423,137.2735057562255,92.18639249731635,127.07588478340969,130.15359644358236,111.74292446690228,113.82384818427074,125.26805492681788,109.14229931580793,132.00437234354695,144.0533756592097,128.9666057315866,115.67968437849075,95.94390250944305,109.24414690564387,99.75948616451322
2018-04-27,107.94516670777156,130.08117965065452,107.06730093456483,127.82903674349197,128.9918524614282,92.39440370352804,111.32911206856747,139.69804110766023,92.9018009519342,128.75901851625096,128.54081956968798,113.73936446096921,115.4953562424015,125.57002998229106,112.26339063499948,136.08141349130494,142.69258444825175,129.38266345122912,115.83995733623475,95.99843836118937,111.78627859903769,100.93261466322977
2018-04-30,106.94410411286958,125.21693014122691,106.86652954795139,128.00626863167108,131.26671418247432,88.84300462152514,104.69680109092135,137.99100579444809,94.14876719621704,128.75718211937684,126.5743247607733,112.58505539796259,116.57323523240437,123.38795297334383,113.28083660410736,137.07619412205062,144.56599118243255,134.37951539112944,116.26654931709687,94.9992258975052,111.38771184394365,97.97424776521387
2018-05-01,104.90445086119648,124.09930718287006,104.70003972348883,129.14282380215028,130.22531605890907,87.83460792094718,103.30180087185305,137.09275941142056,94.56323350262787,125.37813995724268,123.45709876074423,111.17859244729517,113.29465712318607,120.89237912672242,111.80246344249885,137.93451091476962,143.98799645190553,133.7032224076994,116.85431851853583,94.04950586840121,111.29973200673469,97.04497340319864
2018-05-02,100.95375150326842,123.71560348003658,107.30974791715008,131.3999277366759,132.57787682348146,89.36857257281602,103.30330946457396,137.32321507602222,93.55929508301082,124.58216220556208,124.3499023894823,113.58478789211567,113.4637668528432,120.50933273809008,112.11599972327691,139.61486240109588,141.38563313463462,129.5773594213229,116.39023727123929,92.66450103782427,110.96419983655466,97.17769632159892
2018-05-03,102.11289549571664,125.08734659748546,107.77054952281684,128.493167168754,133.97626795168463,89.8551214518387,104.43111868275155,135.35433883126402,91.37691085744295,126.60211644730033,125.29684875091634,111.47554629741494,111.41189636147647,121.93646943480465,109.58190828897705,142.3721509513825,138.76317113682913,130.16523868099745,115.42376991757534,93.03597732122273,109.64318529782877,96.45072217128006
2018-05-04,102.51990684064023,123.2329675829146,107.49703124939103,126.69115194272011,128.94626632696574,88.95729932352744,107.05662964508748,135.5335814709909,90.28583451163418,125.1943760137628,124.4352779146038,112.48973039891796,109.53781879013928,124.08326529887579,110.95348299294847,144.10068850061887,139.79947755949945,130.31952093121694,116.72090788623208,93.94477527271779,109.26441911285364,95.70679808983994
2018-05-07,102.05116846177343,122.24729581072562,107.93709057363364,126.99338522356734,129.49072910749967,90.52950703351115,107.99263465432377,140.24133552474615,89.18269165824796,125.34746165465498,125.90713190301649,109.8995917419802,109.42657869631994,127.37697219588652,111.46428460804181,145.03818086587773,137.38371519573826,129.32607625157496,116.12262491066345,93.64946448356615,111.49670801574351,96.66268327387361
2018-05-08,101.69479240991006,122.99750036558376,109.09963940048438,123.4167551597205,126.24046542961558,87.8290910393906,106.53133611328587,139.79662088373175,89.62273031398715,123.75171299555912,123.78453165448589,108.72793839108373,106.64007037197105,129.72141992826604,107.39946902277369,143.6089173380035,139.77647210828658,127.66611168244548,114.05405283600378,91.93575637337727,109.63402709757428,97.40265850497977
2018-05-09,98.11165464206569,120.79896207921047,105.54506304104918,121.2799120441986,119.914024460017,87.21935660439635,108.25035870051664,134.95664288979833,88.5977042772018,120.69572087848405,122.6650297124072,105.91676381439252,102.82612594474496,127.27951036541926,107.63096988272723,139.53782061792623,137.63146602893482,121.85201346141118,109.16375262114116,90.1838057292751,108.90967953670601,95.37589008704269
2018-05-10,95.94157385999301,121.48816422200444,106.58766879175262,120.05037006710691,118.66603980579124,87.27393920358925,106.77104171748445,133.94047605731672,90.70664935378846,119.71562884033081,121.3672920695071,104.53245041085778,103.62880552225562,126.50627983497036,106.03060902044311,141.70316476709385,140.1002096273844,120.3455509443775,105.45869803543462,91.2440073593941,107.0648463324031,96.18684148704325
2018-05-11,92.65384358929454,120.86383589973235,104.13325857618555,115.54243820168813,115.18357239538138,86.76725374551904,104.65854782716939,132.36048372549726,91.38347129374189,114.94067216785781,122.28903863680301,102.26661476343503,99.82324421960003,121.04172087140542,103.13902059090807,140.2786409151558,136.5760613395055,120.27648200207736,100.36020854808851,89.10683729473955,102.1374184779541,94.4759884939161
2018-05-14,89.74574950347531,122.15233824526115,105.96535069473536,117.51903078062132,118.59063123253546,86.03934148715287,105.6987836962878,134.8548582646609,88.80971657580989,116.2680326186669,122.10541132949632,103.27085334501137,101.44615015361636,121.49371731288218,102.76091722654466,141.55742228301122,135.8568462825764,119.64566453885664,102.09976227802974,88.55533174643458,103.85776813737202,96.17481018857629
2018-05-15,89.04406725279237,117.21155944290855,103.07506684424554,115.94677100899669,117.57563499775787,83.50089859627619,101.22773995664335,133.39419810148053,88.06158165155443,115.05320065983878,119.24783213891253,99.92140092120947,98.12213041171114,119.97845141663235,101.3644765397083,141.69209410327713,134.42315858103112,114.51814366610103,101.44986200677508,85.43104738103055,101.10096017542763,94.58247485806946
2018-05-16,94.23784779142423,122.65948345901617,106.41115267157006,120.31365584075756,119.87282722455411,89.85995367280596,105.91567124796762,140.238049577188,92.62923871217687,121.2302277848627,126.22999713229599,101.42913613096073,99.68948264952105,120.91976591892963,104.16919223407032,146.55037148515635,138.6191240926268,120.18282903497402,103.70557407527612,88.36809286747004,101.8677037144487,96.33617717199063
2018-05-17,95.28669296323628,124.43378737895819,104.91909240183547,120.72164126188592,122.52228049159785,92.03163019452008,108.5324854567689,142.71861219501633,94.25557812090429,122.02122105234507,129.7113779616837,102.9567651434283,101.29714859931339,121.0232648286803,101.95191628703608,150.42128478336713,138.83590932796986,119.67864002926407,105.94894398475472,88.62137910591396,104.57109240464972,98.0703769436903
2018-05-18,96.79740115977422,124.63212788732275,105.2405303801865,122.01984061248088,120.31189320066255,92.38180855593883,107.18415339941826,140.13616964741647,92.46507462429756,123.90750875044596,128.43362872699626,106.21109953905932,101.3544635321371,118.96495711549032,101.03045294396334,154.43206427187323,139.7056273351578,119.7239410790323,107.29064015549957,90.0508041025552,107.38485073533866,101.04488289096243
2018-05-21,94.79102502644828,123.30836049838918,103.30688216687886,119.7899905637635,120.46103115860402,90.97248799024253,106.47245959660968,137.38294252390628,91.59124412951537,120.80316613689482,129.032683003719,107.44437144955903,98.15064471512405,116.84025646580537,98.58305074395845,152.49767244506015,138.98351782512904,116.65159703062717,105.72026245798028,88.34194742445649,107.41632482322191,100.75417083216432
2018-05-22,93.36475329672355,121.96169629027644,105.04666621177516,121.20903059471948,117.11768713413664,91.48190686824807,107.09712256896805,134.13913604872093,92.14638176522193,122.7979540994548,126.0421021652965,105.07808183629436,98.8380988349945,116.35088028458854,98.29500436778025,151.77843796673758,138.64990014530517,113.36692922787266,106.4815674044387,89.16202565582056,106.18594309111276,99.85614841512592
2018-05-23,92.87193768325582,120.1576245802644,104.93027559467215,118.4231078738417,116.00457707829699,88.81482349808246,105.39011115832456,131.73330430715708,90.9971684607676,120.28476143080562,123.81201317707163,104.49147477980485,96.41411881583713,111.45577226916991,99.12299905244582,152.20799741163324,133.4703238727019,112.50220336815097,103.79201365961062,87.91188651678651,104.52528065894441,97.71029899684461
2018-05-24,90.24622556386302,116.91254569346029,103.8796231900777,116.08524768939499,116.14675147577579,89.50572963477498,102.5669003396266,129.895761388002,89.98350681802876,119.15560879930324,121.73427189784056,104.71456912418158,96.24332566863451,108.38292277131036,99.49650306944247,152.8416909067259,130.74025786255382,111.55312122904803,103.73803918192417,86.84420586110897,105.09061482254805,100.29501970970358
2018-05-25,88.84534150107594,115.8303152943807,102.58166516568647,117.56731705000784,112.76561275644814,88.638740451696,99.1432310563925,130.1746059619551,90.42872847625486,115.05763585452135,117.68732719836052,105.11897531503313,94.81519096432329,107.3301993708345,98.6926709993348,147.10678655134123,129.5322965093131,109.3914728454169,101.8415550196971,87.94040967304207,101.98403283065714,100.61257835546517
2018-05-28,89.43793476953493,115.82048511219232,103.15731652009696,118.92818399173892,111.87282699963308,87.36507376776117,96.59366887759685,127.41939115409686,93.51627365461766,116.29583844603764,114.13117483553955,102.72389995685938,95.22104129848846,107.89490828459607,98.98126163055369,145.92531384151332,128.9067372437589,109.60704380569051,101.48951956136563,84.75370770488333,101.15394458118921,99.03108428188156
2018-05-29,92.2907217308508,118.33166592635246,104.84183006390688,120.08688408362949,112.85775026531114,90.46543028618404,101.81119821685351,128.2729425474948,96.30086601301377,117.5227952588878,117.70630821212802,101.56540440058501,94.86320394115448,107.68733879910636,100.51054021283798,148.1693870251183,126.82061068884516,109.97165697388535,100.69129246090677,83.36586263641396,100.9087977533743,98.82067246176507
2018-05-30,93.42774470797406,121.23229057497676,109.5430789739719,127.3938394717721,113.50452089492308,90.89834452081311,108.22997572824733,133.47035342588708,98.4449346905053,122.41901214618944,117.0706703580598,104.5688183783492,98.13009493578426,112.35931629471422,102.04400898924683,152.80852781997902,128.80398719097442,113.63936065442184,102.5173805894231,85.3165475630784,102.24747809306756,102.70310361062496
2018-05-31,94.30578040587584,119.66785789138936,110.22293220637914,128.6611972286951,119.1812576582062,90.18433288462873,112.03937820685867,137.14199316446133,100.22902013863519,127.02967052101094,119.26101352594296,106.29826129133384,99.10203462780662,115.62391023373249,105.49582173843916,153.55392627640182,127.63350742413546,114.50946358339984,102.88959592826107,86.14825974752749,105.27112085944844,103.09767749085762
2018-06-01,95.53899489060906,115.67657119514918,109.20729567350726,129.05430540953307,121.31308901770831,89.55049616283394,109.4455133869252,139.00407010356363,99.8462808056297,125.03286104478589,118.55644074778199,105.99193511389326,98.1917774307556,111.78550033925704,107.61415984430957,157.02465870556043,128.86631300060571,112.5422865420564,103.06410211033608,86.1300221347343,106.52177130469556,104.1195019503867
2018-06-04,95.45349560480514,117.30566906716183,109.4429117803277,129.49641509665196,120.44537456408791,90.75072051203023,109.59959843074469,136.4854801941541,101.5212928406114,125.22725033022604,116.6086419346216,104.33819805590718,97.80279537758409,111.62203487553147,107.47777191738972,156.78765352128926,131.06854486600088,113.40470502748259,102.94872244440889,86.62178779447123,104.34214313827958,103.8653275216765
2018-06-05,96.18398212593227,118.5474640299377,110.07408882196707,130.835440088811,122.43923388514543,90.68572518594978,112.0625029929278,141.32852965096524,102.42574128276515,130.416743725533,119.52692019651273,108.25822432510795,99.00030824617428,115.5209428375916,108.0847641140291,162.34107580045242,134.30453107292539,116.85339251537064,103.51118547985362,87.37415246868655,107.87986378809907,104.684456870961
2018-06-06,96.92882956036128,115.76557273122621,111.64187126991634,132.84284033184207,121.88910194650508,91.0259573105803,112.1350085492587,139.68816985263123,100.5694301786738,125.86765760108736,119.46185346577029,106.36223676128445,99.73178573487795,115.75276475116524,109.81591972980871,162.5616988561966,134.44108637468398,118.83248421255229,104.75266025323582,88.30912709805948,109.41941308749132,102.89695863743883
2018-06-07,96.84459526536104,117.006580528362,112.63457458392054,133.8343809385089,123.65519747060036,94.28939410250081,115.70813949357034,139.0960871807496,103.10000358740946,130.19490698625287,121.88640292269186,109.11129327138075,103.68769896088926,118.62772859551688,111.5112425096948,166.84358487665025,136.0079678820163,120.00179702284566,105.37664961480426,91.21738195680544,109.13865235146879,106.23771213866988
2018-06-08,96.91419355196504,112.75965380755044,114.41205964950016,136.4678188702309,123.34767072270799,94.01191319430296,118.69055770342597,137.52194902263284,101.11770823899705,132.44905536063385,124.86543847648228,109.815476233727,105.92427529076083,121.77379624659889,111.3050924564751,166.9537387637812,139.38932823219284,123.80268398086055,107.15018229129106,90.59720904099177,113.22516375513564,106.0713232732255
2018-06-11,99.08792615446795,114.10450312463888,114.70968307324661,136.92193936176147,122.9814597101446,94.71598176375291,114.160348164357,136.86525454057724,101.47123998050921,129.6989115482026,124.90721312901815,109.08095107607116,108.32986664877862,124.20606251920354,110.55743889865496,166.31786060766905,138.72989587887471,122.51556374179464,107.34870468484925,89.2386237665826,110.93456776711942,106.67794676044515
2018-06-12,100.56930654366741,113.1969345053519,116.0577321788792,139.69591147345383,123.89769206633053,95.506002332415,113.66994249103173,136.89353495040555,101.5381953457297,128.3491564287169,124.6067159660794,107.41474833242289,108.39346156738138,124.6632926848628,111.31354963611206,167.2802615559701,139.70487460605284,124.37118174817127,109.80701394422483,89.07869714145507,109.86159794114346,105.85905364581687
2018-06-13,98.57685292770903,110.06097694099107,114.63158604546993,139.3152351201925,124.32873299603607,93.91839159665568,112.4019631048476,134.2421252917424,101.03826537967196,125.43406962005766,124.27255064460908,103.95229488495602,107.21838104244765,124.54737764292292,111.34967065316145,173.39539638573643,139.67701260827818,121.82067033291457,109.33675916225765,86.22015016493683,109.1406459622548,103.95970129780089
2018-06-14,99.09308732542628,109.7808710380573,118.9265396749487,140.22998477945174,129.1617686775029,95.72168459220549,114.17138477086853,136.09569608921777,102.51868890815018,122.52495688065557,124.34590183748374,106.45360050090207,108.36038820253091,123.34011943642263,112.55281587842563,179.820804661751,143.87962281013094,123.0942595351029,112.27880926462915,86.7277349142331,107.6342963030663,103.70164145394888
2018-06-15,100.41221062706751,111.14930580176562,124.60132336344059,146.33616610130065,135.9345428048972,97.11702364820276,116.61803332801827,135.31186698798396,106.53273288026982,122.20744154331096,126.41611148720719,106.740506506605,109.47884759271204,124.15363740900145,114.09812555315034,182.16521482867876,145.452318206155,126.99076817950122,112.73104075533959,88.6758815182811,111.9125610769409,104.88972209815776
2018-06-18,101.17902398068061,110.35485399814088,122.58487010506353,146.19614040122863,132.57024321642027,97.13267589850759,116.14694701978611,133.31345084121244,104.10758957597889,119.23683694984328,125.94878285427424,107.8313604166953,107.5329001722608,123.98736761294123,110.42064712989442,179.77948622748013,144.18965962331248,124.21471469081351,110.54185816638275,87.0591676724939,111.97873761372624,103.73331690149914
2018-06-19,95.864357602156,106.32038236809795,114.28938676920112,141.2320903008071,128.01612491102958,94.93754450809242,110.69613661828409,128.5462588709291,100.07998236554153,110.26605294352439,121.96344872848329,105.32667220824845,105.50754539638514,128.0088719428937,104.80902829829148,180.33531484485493,139.75287349113654,121.46350269621814,107.86760016832751,84.20168382954971,108.40660071647866,101.50137594169085
2018-06-20,94.13454594243228,103.26340651972677,111.48286490325023,141.38054696232615,124.70868614088491,94.32760432162485,107.87309520492073,128.19296266486748,99.61193743373738,111.83860851681762,119.84728688828163,104.50762437916208,103.78407212313148,128.2177814449261,101.43393048696232,178.7919406652985,136.85627943729364,119.18376550819164,106.15122704950237,83.02096753565603,106.25358294478973,100.02093913188035
2018-06-21,97.92424584572842,105.36873272350392,112.15162878896506,146.14039524245828,128.7589896371616,98.97899982799507,109.24383133016633,130.64946622758728,99.246884098236,113.79236840391891,124.09068565004948,105.797247001137,106.7880619905169,130.33079382774855,102.78880231614103,178.1375859421442,139.6776480632647,116.1410489222115,107.6906690094434,82.59592658544847,109.80920614961417,103.12144091234633
2018-06-22,98.30951447335713,110.04484425176003,114.39274640344017,146.49869093402475,131.7248697840309,99.13476297260183,109.5904870138713,131.54000878554808,99.96166980510453,113.78369846286635,128.10147950536123,106.02124471770651,107.99344572852242,129.99777014453028,99.71214024402798,179.10879949579783,136.50923202269612,116.71833277838344,106.1314295210165,85.55361996013738,111.82720689960685,103.903757147887
2018-06-25,99.97548156311458,111.34239498518258,116.62623976520624,151.5748387309748,135.22241030550325,100.43588762883832,108.08217434426014,131.05473156033344,100.91811808444331,115.1622202288921,127.48687438309919,111.50674471969218,112.1307168555709,133.1952284403433,101.3860656038005,181.34002402857078,136.68474238344038,118.67064390410086,108.4303377800448,85.29166089287176,114.28315862080815,105.27898513407901
2018-06-26,96.41826857182343,111.22420994080488,114.97651567322097,145.1289801395196,133.16660421138755,95.15433283639328,107.23505799618978,126.8662057783459,98.42872740754022,114.5395668771939,122.1912162047752,106.66172498145414,108.62689203097183,132.2737827938562,97.25628359973878,169.99738491560447,132.68520008057132,116.98343468550534,108.40391779161676,82.78057962641985,111.44488827811867,104.73309467955787
2018-06-27,94.26922991375876,109.17692973503785,111.56355269066178,142.0057630931195,125.26159346095695,91.82214297240844,105.13148503589103,121.67008273756964,95.8961228865543,112.76387429458816,119.11934462337686,104.58396056985555,104.6644123345627,128.94893978438108,96.24993134621143,166.88139246808223,128.59386925949264,114.79892646362008,107.14174733559472,78.41092232982922,111.1053997120891,101.89684691316245
2018-06-28,93.75157392294173,109.66191981043252,111.69493537023249,141.11816691759248,129.21108246345776,92.0271150795549,105.46832174903624,123.51321893852554,95.22094415741459,113.74933998676417,121.39799299257133,104.63760933178578,105.09406773470086,128.63506484924721,94.35942515598407,168.38892075499706,132.68699607897082,115.46268279677697,107.90470971279116,79.65739884826384,109.35274654464311,105.06009177531608
2018-06-29,94.20976653552137,114.39424064404975,113.30951670858178,142.68790145796095,130.03006266608332,93.14569283589964,108.46356989839263,125.16110009147044,93.32039828198255,113.55865253183786,122.81746179987489,105.42008208160433,105.30206131934425,131.35087360828823,91.46223629632543,168.84475037603346,129.44389464475486,117.10498127445442,107.60185005241718,80.38404121895833,108.02535727191344,107.37350654222676
2018-07-02,95.68191582743808,117.39902383007015,113.5698235053472,146.359836316575,134.924772532162,96.27801564270632,108.96694752501638,127.82847282562757,92.93616665120565,116.70555147191963,126.13997201887265,103.82333162967008,104.82545769373091,132.48753317233601,92.10088895448364,167.83322702621587,131.8690747994918,119.05744921828715,108.5689571097594,80.50974766893505,111.00991096360944,111.42490250253044
2018-07-03,95.40138045335125,115.55932080238529,112.71876579410917,147.19292520886623,130.33151782576786,97.19019801729503,108.10524468750066,125.86364290144502,91.99413306466467,115.8974496398326,122.43470822468608,105.59054340103437,104.32409290515989,132.65212165981708,93.08300974675159,164.51618866358567,132.09316528264947,117.93624305246456,109.56076200817107,77.50583646873574,110.63632945876004,109.81536447727392
2018-07-04,95.28051839867825,115.40503766226017,113.16143209955587,146.0356240723441,132.70575546556248,97.5604344450781,104.56657384378447,126.49478592176392,91.58269073305021,114.47713161340685,121.92082376209146,106.35378167649273,106.98610656303529,134.0164384526162,92.84243610715556,166.64165980433845,131.92154994195542,117.36639280115898,108.55550844888771,75.90221926682356,110.65868682597393,110.68927050878905
2018-07-05,93.5394183853118,115.98627206600125,110.8397597830346,147.62462815699897,130.6099680626898,96.06056490880232,101.9420973538935,125.13240692446526,92.65285396439941,114.95119717788685,123.31724390678568,107.10598519171079,105.13369225429646,133.2496872006466,91.67360625452544,169.8297560759125,129.45312443237646,118.85060600984812,110.08056578860108,77.92765624856123,110.00727583716287,111.7879000775862
2018-07-06,93.52193445650681,115.36441608906424,115.10382103569566,147.55562381726878,133.50886103772078,98.88459051653908,104.35493701009321,128.58260729179094,94.86964869763031,119.70825955243929,124.23433245052743,108.99371693047209,106.8357994103205,138.6106817864703,95.2376471096568,175.4789350447153,135.34741348530375,120.0520916290848,115.9490504312088,81.8730089064809,114.11479383408036,117.88110142337614
2018-07-09,90.27629168108236,113.88165181661226,111.04853045316659,146.3579072562127,133.65285884456776,97.57466436026753,102.15007483740426,123.4470404078159,91.23134562723261,119.107405729993,122.72615622518576,106.8067829290003,104.08497824747076,131.69863883492533,92.06107697838038,177.29668727628308,130.11132121108042,118.05475122514686,115.46035331760828,78.73700096878642,112.33917619968476,117.24327679262831
2018-07-10,90.13800893331693,118.36609993001298,110.82176555633693,148.13305219073462,134.61109626618122,98.79433530709294,104.43052765405571,122.42612501398638,93.71552359750982,122.35508044146583,126.63463883082122,108.5607390044241,104.71617968462914,132.06361963983713,90.73596933650553,175.33670982174323,132.498995519389,120.66317366264317,115.12737979770567,78.8346374539531,110.91582570090112,119.37022747214458
2018-07-11,91.10608170444831,120.52564478628348,112.13574495582489,150.81164513897167,135.30434170522966,99.86332212517209,107.97899010132431,126.35119590191175,94.32732660820955,127.90695688120151,132.13602881583995,109.68971091034122,105.71925280948783,134.26853646051202,90.33483865475264,176.89708513632473,129.33216998198944,123.26127339758408,113.42064658536518,81.27348939428198,111.45419815247887,119.99214601770598
2018-07-12,92.1848553627113,114.89055893424681,113.48380431627045,150.5006029592021,131.8895129244567,97.31013616556325,109.43660728864536,123.13057165872715,91.56475985373994,129.1873474628596,132.11220451356047,107.36410360627562,105.30869925453315,131.2449302467746,90.95253209321068,178.2118175008357,129.44175133310276,123.05075658373175,115.75832100008125,80.69339889152131,108.75303079107577,119.94526530457902
2018-07-13,93.28116810149449,117.59751598403777,116.27822858992343,152.11066004842846,137.46322077466857,102.38146359216778,111.85304473372685,123.78280116745313,91.2154383050836,131.9989528254277,136.72120879822145,110.8598874938433,107.9831723702754,133.42274166043683,91.97426947739852,185.18318557354016,134.5079900199596,123.3272046030483,121.65841500510052,83.4404953414714,113.7364882208889,120.58105297926535
2018-07-16,92.38194902692383,118.74571084757402,115.65047660122178,149.12471120900477,133.14887875915,102.51132058021156,108.64682863752965,124.99258316377522,89.57355269700994,132.84548450317808,135.70133285117439,108.85944053417076,105.41524231759203,130.60705376106475,91.54061964203589,182.915478564903,131.15913638932625,121.04881330165504,120.05153115199934,79.4419516013577,112.81719470209909,116.88093796878563
2018-07-17,87.40744610793358,113.13254692852361,112.86615631148443,151.48966482681584,130.3090549766573,100.02311536933195,106.50539048769032,122.00035560338856,87.18274111680395,126.78980553217293,134.82901323206283,110.34732710185432,101.33779452775791,126.84551605794925,90.2121411584824,178.11549265989578,130.39178913570078,118.09957131404234,122.25761957905772,79.7929452156929,111.58504392507206,117.1105862331234
2018-07-18,87.13787861770852,114.30136125799206,115.8678708986025,153.87664370589957,129.00803084956607,99.73473457730792,106.8864787252693,122.5177160761377,90.11102732303326,125.2208635410404,136.91097314521556,114.32065867196411,106.17591937895592,127.810156387264,92.06665425824633,182.026649337752,132.5566880614183,119.53898389656716,124.77931061256258,77.85294842021742,114.1976997587785,118.93323375577278
2018-07-19,87.48479093994148,115.22252266854338,119.06624134915808,151.60686806406355,127.65068214086558,100.92155971249676,109.12540047467724,124.02962879454189,89.03498580526522,125.8060607215657,137.24757142651208,113.92876580328233,106.61314715575826,128.3218299795567,89.37851590373816,184.49054156529257,132.75801965671016,121.75024972500951,125.4172331293755,78.9623642709605,114.403550901529,121.06495588069278
2018-07-20,90.98157609656592,117.43701227258059,120.88476076453254,149.715184481227,126.03493002030856,101.95846999137589,109.5048846772388,123.13523240570248,89.2756855279058,129.3503724170031,139.11678091871673,112.73842438511389,107.14561321657963,127.62793102098192,89.72386316841273,184.87232020799408,132.69194916233474,120.26976389450323,126.1401489557754,78.82480338970532,109.91584686284457,125.60024137910177
2018-07-23,91.95845581453644,116.60086248813379,125.58730839507702,155.99192865496437,128.02825332455845,104.58979274447249,111.32550957546646,122.32264925434175,90.02240661554364,131.21813989388724,140.11102773714788,113.88671446911448,108.44145824434247,129.19163588310377,91.62567936611664,185.10550700074737,133.05154349715156,119.57177493596376,129.60196205315066,77.39653986524442,113.12775015321678,129.90336553614347
2018-07-24,89.24835531980852,113.68420546290751,123.27836810496841,154.28312397171035,130.55383607135008,103.11744496542248,107.63172309748559,116.93987037026739,87.90798981743255,127.78311074098256,138.0476360188765,112.60481498024745,108.92362438322793,132.52492782690186,93.20018728763243,185.18213899227518,132.25677019940738,118.54629582040981,131.59332600885,76.41856734711406,112.80064676064336,129.5840372758143
2018-07-25,88.19910550054713,111.69289083406092,123.51040224602536,152.18095239393455,132.21068294652525,100.04941828999192,108.8070569470199,112.11512469784213,87.20859879794351,126.48503084969032,133.94211738858803,112.68864912471454,110.40186716235453,127.37319448042757,93.71266464673762,177.56898275511622,129.59756500720835,120.77687301794262,129.85121632277213,74.64339384770366,111.952101741127,132.87510701228834
2018-07-26,87.53503758815545,111.45552879737218,120.65340219149856,146.0684556834859,133.51394520042265,99.44171508346211,106.36445209698844,107.13579394613694,84.26311627559348,122.05247950704006,129.96913756987377,112.70947788671958,109.47571347788272,122.566024640288,93.83515397082823,174.78316732771728,128.13645613609907,120.82734880404027,125.01903597414288,72.99246331094007,108.89568427402106,126.88269502588825
2018-07-27,87.27696731347791,114.14927105548496,122.3628996783339,147.00427140040824,133.89627559284415,99.95530436367649,108.90860455699517,108.17779949192183,83.16166956390768,126.95779754855161,134.49998213892917,113.31083191044192,110.3511513532579,125.10011273431202,94.20694336606637,177.58091061134954,128.14905024784824,123.75623706442536,125.70508487239651,73.53781182071384,107.53257634615593,128.00749204231798
2018-07-30,84.92744034852673,110.64680102787379,125.09013769533136,148.53114992307493,136.47003696871712,96.65346618961242,107.21530960879917,104.31338328555948,80.88731979988249,123.37502790474566,135.08190977736797,111.55146548064698,111.06205896089241,125.03485480267483,96.49269046379678,171.87119336858575,129.34148223342407,124.69841236135973,122.30762544093974,73.94400094208879,107.1717623502994,126.34395750632902
2018-07-31,86.24441695863807,108.9616658305092,125.37093055200904,145.35990343944766,133.5789165010863,96.74912129155811,103.06340938277387,101.7878718942118,79.39337433310692,121.64404026439912,132.5514386510762,111.15546568415257,111.16263792692857,125.22645037926863,94.27897726299877,169.63018563663275,130.4323763726105,125.18878661965142,118.45707842560334,73.63232495660861,103.13461002081146,125.23425296655638
2018-08-01,86.50963723688734,111.90913437302204,125.37483980227086,147.3487000138069,137.86944742383054,97.33694715954017,104.17709732941921,104.4037869888155,81.01912093750191,123.88626109361175,133.67464725899808,114.34830872249309,113.53231566836087,128.9882890576886,96.12584339210132,173.44665270511905,131.51807425384123,128.02407353237095,119.7286852441483,74.10817440509268,105.92905784565119,128.53596648709114
2018-08-02,87.58808998881435,113.5438407693297,127.43927344102376,146.96701966691032,139.52869754517036,98.48626140791649,104.774086845415,101.73489813214636,81.66071287725003,128.65928168364744,133.56561986198975,114.2194757250076,115.28011310871624,130.85605986034707,99.023260303472,172.1001071486041,134.24907187108423,130.41182693787118,120.66560460348904,75.21051827667554,108.75139638127821,131.47676856639634
2018-08-03,86.91144612658171,112.90097203166127,125.88218511275322,144.67876130982776,140.1648619974894,97.69731400276082,102.58878415579443,100.67878622400808,81.58152742095169,130.34378598962775,134.20113524793598,111.24128731211249,118.04241102735479,129.63326205116732,99.7846332272856,169.58875784001384,133.5354248721467,130.31738214805839,121.18943081833598,75.40187585950284,108.84260012823513,129.10459466856437
2018-08-06,87.79766725169551,112.0947571493951,127.08015891218096,146.8964405756665,137.33272355395772,96.09958160836572,102.05241769849862,100.81845641335737,80.69335111158476,132.74246875065853,134.99567928789278,110.5883847447682,114.73727128309291,126.23710525405423,99.60323333595106,163.10679166660242,134.70100333559049,129.1662548069941,126.2692970376764,77.52502614024812,108.09056719703672,128.06452708027956
2018-08-07,87.92075283707732,112.00247256990822,127.46349063077734,149.99419887178334,140.05192274513038,100.13758328480792,102.99859730165818,100.0447393075606,83.94822657508024,134.55382799457703,134.43726675190453,112.19445259710905,117.51903207839845,127.56462995110161,100.2860828820107,164.85050900533298,135.61538563427212,128.14923478385109,126.45325298252835,79.088409519416,109.9284983460365,129.9685744938233
2018-08-08,83.9071895685651,110.84698146369523,128.7242427025034,144.9463295371511,137.2045695560569,99.3307542081554,103.63044549301543,98.10055759855868,82.01823868258214,128.73378614643997,132.72803161129457,114.33617276033928,116.65157652472209,126.04967668304485,99.61626546521401,162.92318035079285,132.396283582663,128.25270464851994,125.58014750717861,78.19648341646689,107.07272821434148,131.009731584791
2018-08-09,85.49978486605221,110.45785354199563,128.29255057930482,144.5087200707471,134.70887395534243,100.42599516403264,100.88784541277728,96.43572572019107,79.50964056418094,128.95096559131176,132.7269761927936,114.73360412447417,115.8044256573005,124.8891280631283,101.36795748332507,163.1372792558042,134.13356216490513,127.62397175466485,126.99394496940906,80.3801674077418,108.80743727174895,131.29667246202612
2018-08-10,85.64336200586195,110.09079110034169,128.42358340180135,145.47227357171514,133.1713078312576,99.0524571630099,98.72310347177941,94.0927286810043,77.98107438809613,129.3599526345734,130.97522968505112,116.01754252345184,116.26846486211457,121.63686835403828,102.814114675891,165.7732366914565,132.60154864554383,128.8733160969328,125.68639295385725,80.77816524874372,107.02792446566015,128.22298989981198
2018-08-13,84.68853844390861,107.56485739652143,127.11465271345872,145.4498148367026,132.52313621176864,98.81016273009908,97.00520573561127,95.08630323915222,76.00618454542256,129.51713616038572,132.4086276111667,116.36789405207115,115.42764972987666,120.16284091746893,104.05851409431538,161.60647783603324,130.11584374913798,127.56432756147451,127.26635822874084,80.89955126531537,104.77554755794498,127.08841879352424
2018-08-14,84.86072326015278,103.99087123769075,129.29591919368747,146.24274433812698,133.76766725624014,96.87404850277271,95.63985507510431,91.90566613607398,74.51881660969055,128.632079446595,132.9397854826789,113.62402871579035,113.9900599003683,119.0523721210283,101.02404597376635,161.80531598759885,127.79565280267946,126.30109208571551,125.54298580730293,79.3776725219127,103.86544731001709,125.79135167064985
2018-08-15,84.42817818264206,105.54181932137766,129.04198380628222,147.83378915087087,130.43476242713962,96.14521020794741,93.05805706712438,88.9105341625054,72.89995495441543,129.25150903411443,132.7812574715363,113.5766220716977,110.9063092675563,118.21823115691267,101.15154799705387,161.64299672193707,123.74207714449834,124.10129809533537,125.00245259593527,79.69375989535298,99.98859137106503,124.97444323341601
2018-08-16,86.05817771077923,107.4048488911578,127.76672351568216,143.91568418216266,129.9418225750568,98.44673026226398,95.7179842110716,90.55799709506694,73.91562000174939,130.8552290920483,132.3458843106957,113.59543954130662,113.91770703991901,116.79703701679404,103.86631623732681,161.24745942609627,126.46416363277115,121.74515553808884,126.48695021389821,78.98169879646768,97.98241638018632,125.64862984932739
2018-08-17,84.61832892021987,107.87490175388801,129.19798315785283,146.90027324850632,133.4187512923232,98.92546708691592,99.06757311095079,91.49153766911017,74.07690170234929,128.44035064262835,132.5778384486104,114.4437540716854,116.98417046725235,119.06884635231835,103.38380083053627,163.7275831671542,129.320562783483,126.05908943200745,129.67642958511664,80.87144345620823,99.20857894150537,127.95281733810323
2018-08-20,84.575194703392,107.1352368208893,131.92165178223243,151.8724643002668,134.27789393755114,95.84663689188204,98.90212683047318,93.1611674346867,75.00612976267938,130.1261193264819,133.10548936068008,114.0098517667365,119.68925084851163,119.41174458551988,108.35563865197163,167.6435049189622,130.18498465313363,126.84359045439686,131.53167978546148,81.82585022053274,102.38882506731065,130.28031764465783
2018-08-21,85.20811905830136,109.09329823568736,129.61262995023012,151.4270456823795,133.77932938256868,93.7762733592639,102.57654655733299,95.60712137968483,75.08057810110508,128.95746473280897,134.88556299770156,113.20276287211487,119.32485134218173,118.75427308184796,108.5132018854102,170.07848034781767,130.20346665219228,123.78356324740692,133.33942566921925,83.15385411473102,106.5124430186834,126.9930857947537
2018-08-22,84.7782468139149,106.7406783561648,133.78178494062396,150.16949852229237,130.83308561802664,91.86219069152216,98.08162650594004,95.34025816842056,71.6798648688718,127.4005777595899,129.08075459137612,113.03410401031904,122.66180141617824,119.79032128686588,107.62775921888422,170.69668596525173,130.67022488802493,125.07141230975347,131.46079166838513,84.16858835187996,102.69127014705658,126.21415032009264
2018-08-23,84.77373587270691,104.44830302617835,131.07481982251372,149.79721542595337,129.96366100644346,91.02812488633083,97.35209426547446,96.31189910728696,71.10892220298281,127.11327338855222,133.1092974183155,110.0031481275766,118.58490006663459,120.54434851537108,106.32928764693095,169.27538550792318,128.4257505503325,123.90120812798449,134.07362483791678,84.72179824722252,103.36631699631413,122.84389274483017
2018-08-24,80.68194615890704,102.1738444753636,130.33298259830647,147.29012777141796,128.17687522533993,86.79898030090258,94.15423793394287,93.95578537612288,66.83341031866334,122.92456721399303,129.85459789915794,107.8426478882124,118.24060829791001,124.01674562278419,104.67734777716498,167.95311567638285,125.28128443539212,122.57607511715129,133.0904944767442,83.83296409271993,100.2425449191542,121.57633807772721
2018-08-27,83.58369213708123,104.01095654256795,134.13803510820935,150.55044907581376,128.64891096289082,89.08294378219813,94.34584079876943,94.71953065424081,68.10583996623531,125.69494047043167,129.549094190161,111.48299917453299,121.37711134261274,124.93142179544019,104.207328001299,170.65838904027876,126.69160035387517,124.98389311527892,134.53431141913887,82.81309403001364,101.25917435691434,123.20084896078146
2018-08-28,85.89047290334298,101.2800164352161,137.84982833750166,151.24887485051414,131.33737800196533,89.40501044094913,96.08566190868316,94.31241295535342,67.06405990668208,128.5077507265692,129.33630011325903,112.74580159920704,124.59666483251226,123.99750990293317,106.0066132258421,170.54431510308612,127.45446013797785,126.11976133128627,132.60721351808408,82.50845584904168,104.04280739966646,125.82463281646021
2018-08-29,85.64823386871895,103.50230898991357,137.38707148221783,151.72167224702787,133.54893885266492,88.50494699733312,98.61279633299503,92.40335391299045,68.91285482204809,127.7881598499184,128.70875826619599,109.50979105084546,123.70285873485678,122.01990177815284,105.54593977189998,170.59883505984197,129.24075979710477,126.46815145026326,133.25244749696455,81.12359549688261,102.68426940302366,129.17524217236058
2018-08-30,85.74941317784295,104.00549298362606,138.43575592711767,153.3384144283652,132.20215111422155,88.4167613581717,99.52524798772001,93.7294465236695,70.58544881301098,128.50627274635747,130.68907712640615,111.27870090610499,123.36851857791376,121.56261760545478,102.81703459696449,162.9168491500909,128.90515043197348,125.22310084247167,131.34025833085042,80.73667980548038,101.92486032923263,130.27249431359118
2018-08-31,86.63352716219138,103.19435185721873,139.7275526645932,152.46011803140217,131.1030127971658,88.1267957238281,99.31626429063552,94.15676317813082,70.16364459971159,124.38658525139896,129.25377428429948,112.76322636979809,122.99504373300078,121.28759183293194,104.8141251860939,161.68806529254732,126.10678489124928,125.10086601890248,130.7198050902426,79.6822293486162,101.93434695819761,131.4196628420047
2018-09-03,89.22781156421834,102.94680954724022,140.35126387254775,151.3395875158236,129.47643626360133,87.5954590950222,98.95023745676711,94.98274670069476,72.88933853519383,123.51803274935361,129.03000630481588,112.68899344304825,123.76075183665688,121.80206947210942,107.00586425904552,155.96728099511358,121.62805062220984,124.2064404487805,132.9722754488425,77.83390575783356,97.35762291105398,132.58354538640154
2018-09-04,87.42711628992367,100.89364492870351,141.0504821423273,150.42082872230904,130.8663457987764,83.3718530316721,97.49969346265108,93.15434245591332,72.51766389666031,121.81927729376169,129.81345411150903,109.92065704878543,124.2565694414349,123.2270237260967,110.57091651919835,155.53684796979903,122.62427749345147,121.25851793447644,128.6239826386873,79.07889817804778,97.53314807137622,135.36800892793136
2018-09-05,88.83562396594148,100.32601390985882,139.36745197993508,148.02124143657986,125.67827298877158,84.07317509882273,95.61359667773833,92.88585326050996,70.09850177215962,118.01594876787392,130.69507737292912,107.58040569927398,124.96710546847567,121.10082836177368,105.94555873475855,155.2726877235588,119.56734997188506,120.57940930589656,126.45646635964697,75.97682215238494,96.15964428923579,137.65065366579415
2018-09-06,90.78875035885318,101.2305254064046,140.68570793634686,146.53236384686713,126.91288077886853,85.87127724488109,95.18881292655198,95.5907499707642,70.59393224220634,116.95940924444734,133.0750031547335,107.79706445659446,127.18009305547184,121.33569833436214,106.49327634531167,157.3823204404128,120.84424477923284,117.73166861111046,124.90545269248149,77.51588367184748,96.39097606678352,137.4386534838394
2018-09-07,85.80737514301768,98.59245897381064,137.18552463387994,142.07752992142903,124.76491332479955,84.23274857301573,95.98933917962853,91.20263577675385,70.2156545923677,115.69307234866602,128.0484631386138,106.41140338352204,124.28453466795519,119.74407009480103,107.2371257625308,156.33021966867193,119.84440818821562,115.09947953572183,119.89816162689598,76.04076327803777,96.51682126477603,132.10460353764927
2018-09-10,83.57460268882595,96.31114953560483,134.63180907659788,137.42515382399898,121.412118271619,84.17382677342715,92.88744496869154,87.87839956257058,68.6443383828589,115.52176785115167,125.95862868625562,104.36513459290718,122.84336967555386,115.14030768164778,106.42472315118351,155.0845244639674,117.63918724284679,115.42495729824626,115.99448391209981,76.39492788408408,95.34654400831593,129.8179572300757
2018-09-11,85.04615434780274,94.68861595349055,133.11366414910748,139.58356150202792,120.34715094713239,85.25221086714198,94.71640251601833,86.907953487394,68.89376216722269,113.19457237258985,126.82446575349874,104.69418493826203,123.73485513987936,114.04393422175521,103.4279838622621,155.99875743920288,114.0171318508163,114.89414781376549,117.14131088461662,76.62716712134572,97.99729224248571,131.83508859790305
2018-09-12,84.37098703255253,91.75696880985063,130.24469670632632,137.37001826758336,115.77515206770165,84.69671840774397,93.15844146365221,83.6956374460911,68.37752966499656,113.19314472410879,125.55786870492756,103.40562950464006,123.91115894822683,114.35829914871047,102.56820723822412,152.45180239237598,113.64112966772146,116.09886225495603,114.8871986685564,78.46792864045523,96.25446218713033,130.91742733195844
2018-09-13,81.66968233422277,90.46555485555861,127.11209747752501,136.5952854414275,116.61416110468014,85.01911073595285,89.16420626549022,85.66652254700485,68.16626663169708,110.78043729388394,124.28365539237465,102.88581149241088,121.72133181647142,113.82069196259077,100.31926387960289,149.93955802516882,111.59967880198444,112.71343144804612,114.03058498925162,78.55500170706944,95.92884780962135,131.5234508633205
2018-09-14,82.7007813886466,88.62616535795792,125.94037966067437,135.20598591872889,119.00392617640118,86.22401060628948,89.64596180666058,86.90614797699946,67.11693004929407,110.99743755234212,123.33624216425072,104.63438817294083,122.03339111143697,113.65200277612432,100.9931727921866,152.09883515127478,110.95986719652167,113.0939460695118,112.66996746844362,75.94863844436611,96.45213555721239,133.28924037332104
2018-09-17,81.26886421020637,84.60901527594245,128.97432349652698,133.48264812063368,121.66674087422015,86.40821549745068,87.14222199913233,84.20791117622211,66.47735959152621,107.86699571632292,121.28696024591463,104.24749078760425,119.20556326345016,110.25241922727717,101.14090819665621,150.91209529080473,110.43263633390673,114.67531149517411,114.83844791103232,75.90737030018359,96.25512962469931,134.7616795748195
2018-09-18,80.79590275920754,84.27950129708229,123.17892451658118,129.8380971781905,118.1314490164607,85.31949807035464,86.26487095223528,84.68460095936905,64.80258863163547,105.0825113902819,120.7660652213909,103.05546526930856,119.57886094817046,108.97874945588646,97.68614639765043,145.42346530033606,106.10854590135528,113.99271251581521,114.86512766840016,76.8074195724319,96.1687006110679,134.97182044602422
2018-09-19,80.54864042893269,83.4749429463626,122.56936986683785,129.74076745269076,117.92915909827025,85.61348605618016,86.49800082254094,83.97165225984895,64.53201382006723,103.84147349836907,117.23718783174493,103.54892308780364,116.29311820488851,109.98660425197968,95.0013150674083,144.85973656771355,104.06728217996218,114.19113264892485,113.70702254738677,74.46621149649464,96.2066718585227,132.91633356068192
2018-09-20,81.91117553061605,83.1928670765336,122.83090559102445,130.2719496517647,120.73873851022827,88.707987433991,86.20707359508691,86.08909486869543,62.971614045217166,102.79654210165275,116.1958516708417,102.58448191143239,114.80688457226141,111.8749361403078,95.49375174693407,147.07453030769642,106.28712586403861,115.89920538645679,115.79835127087206,75.20571878895434,95.51178571614639,136.48393732916853
2018-09-21,80.53319331648737,80.87625522480904,121.24260355447633,130.07542962562562,120.56436526910115,86.25773381743467,84.41627036322588,86.30863575141123,62.59979495997799,104.44897507365663,116.42567977754851,103.66111122294384,111.65114481544569,112.41065594883803,94.3248246994532,144.5035645054014,105.84612830421901,116.7694725184909,115.72951938277906,73.71315205474482,95.9075315896723,134.26837191115766
2018-09-24,80.31498082647377,81.85219235405206,119.71461837990012,134.261012869862,117.63271087696488,85.53389183454813,84.911742275696,87.09581280916932,62.52276638223001,104.1918261381706,116.76637437884742,103.61282124012959,114.31937452866423,114.16318687716011,95.69423318739842,142.72155863841797,106.03764322574298,116.59352523443148,114.34381323722847,74.33253862275566,95.51431090918665,135.99120361284463
2018-09-25,79.34036144709833,82.22867652263055,119.64705036001385,131.44127580447483,117.67326250687408,84.06889061590589,86.85324945782816,87.21168215653658,62.028972516179834,103.7542744278349,118.12736788827391,101.41528363827905,111.61198718202863,112.36336453939096,92.59022769991685,144.6651228596343,103.81740397565736,116.59725075177082,113.51888878094063,72.30992724002066,94.30873245065294,135.8984226533923
2018-09-26,81.16586402948462,83.9940843010131,118.59966156417184,129.06787055891246,116.37144907548246,84.96249093963982,87.99346381274262,84.83864506335911,62.30173407070377,104.73587872766998,118.42022538133467,103.19106237096084,112.11062099989299,114.36272932569481,91.87651114176013,146.2291173746988,106.17061852643107,118.67457835315896,111.51400909267237,71.90034376896591,93.53326313848736,136.64310279452883
2018-09-27,81.40470911119172,81.61085221991719,122.18912986608838,129.1905662260905,117.47397566287599,84.73142317338989,89.7377631885623,81.44180696318794,62.45701116929656,104.98428551075119,118.2639017007132,106.75421269301407,111.58664967767362,116.67436436710848,92.95954447095872,150.0880900139087,106.02499558433247,118.39470918366835,114.26444168725452,72.98000380932268,92.02057285708248,136.71780113016789
2018-09-28,81.53090642127299,79.00133426566636,123.7635294281279,127.47643756487867,114.51087199772148,82.12625530894113,91.99429316159878,82.63746686692704,63.06506023210266,108.39114637910751,120.75731455631025,109.88009266825567,109.81750580918686,117.20153793801296,91.36813222495593,150.49528370347278,106.16360779061635,120.1038311008875,114.65677631831136,74.03001813133908,93.44966520843495,141.8256495480298
2018-10-01,80.94221355187258,77.18857424149118,126.0959585450339,126.50355900731792,113.1519479613049,80.6495039145166,92.20109417661709,81.7068718761061,61.94334714050854,109.6912945478957,117.4506124247374,109.56692684957189,110.5204512231359,113.93705476081584,92.0314634610456,147.8803225103134,107.11464069495872,117.96318148036072,115.25133062367354,75.0075057625211,94.2240592427042,141.88042117579272
2018-10-02,82.16270496323452,75.83936456802276,123.83485594979868,127.46560879615102,111.53187646153246,78.93667617106236,89.53856439999225,80.52778968698318,61.4168008445176,108.83756875259397,117.39287798931184,110.17259721227336,109.94146833118934,113.32765712981497,93.08765073671712,150.84079866853898,107.06312944388958,116.85284429026524,113.12314951089272,73.20329845013362,94.82046588381557,142.7734259873165
2018-10-03,84.41421843424583,75.76635471794587,126.51679706546803,128.3256471579169,111.33146492541175,80.13549073533262,90.72575761014133,81.52179419700539,61.93633134605849,109.04102230052011,121.54474585585888,112.93707137582523,111.93918899581472,114.34821231004162,95.30459264044235,153.22924818011202,107.88981028813762,117.1770989466737,113.72461338066721,70.25847442246292,95.58740397839597,142.77360032789338
2018-10-04,84.56889408901118,77.19974733637606,127.00011953250299,131.74079701050374,113.98964286432249,82.86285304045656,91.71099706023867,83.37745306062067,62.10464846263064,112.09219212906055,124.4116190495276,115.98062553339032,114.12606942261789,117.29080727885297,99.67281113171629,155.7482523553078,110.21933661836675,117.55442625357419,114.50832883818846,71.73244377554988,98.91052180892426,145.0105524858924
2018-10-05,83.4096718617805,77.10235920106354,123.83910395261836,133.95181536139916,112.57476547863726,83.28897293988551,89.79464877820429,84.01080612869897,62.65269024799035,112.10366636588891,121.85396069392317,116.13281815083889,111.8233658519125,116.56097142607324,101.04478747995861,157.29358418964858,109.97649540053784,115.54975922099905,115.62028886326118,71.57891627611696,95.26334268277371,146.3603758244049
2018-10-08,82.85080689141303,74.17850348794987,124.37105034918416,134.55227595926027,109.73215488806383,82.87680269760605,94.50014372885228,84.5386777917778,64.0464621520792,112.19999548712738,119.4086460607166,115.84891200042296,111.39006569493185,115.87454764349859,100.8880033173891,157.93920787261854,109.7408654500001,113.37154382185818,116.82396379958058,69.49372435780833,92.38686335090004,147.99916027976403
2018-10-09,81.61577914066892,73.83775831860976,124.68733116006544,132.20377816360397,109.22725676688535,84.18708788355947,96.94059092684877,84.400995406102,65.04013485076754,109.5333827880961,121.08340972689834,115.20305629063195,112.62587470481391,116.19528340784657,103.37116336155563,156.75041301395916,111.48556279160263,113.6313496020436,117.6396749251214,69.75268819537887,91.75454508440266,148.92752331140113
2018-10-10,81.84803483707941,74.8381168142039,126.37071618668404,130.07382610636608,110.61223750317839,82.82183403835555,97.65168964478197,85.10021615612673,63.048408069979935,109.60327248733812,119.92886292746641,113.85134916241333,114.86836920504395,115.01509189105397,101.89785879412304,156.72234001642425,112.59284492975901,113.34994071756269,119.68336722856913,70.28370538463786,88.54338497680497,147.69235073274552
2018-10-11,78.42028223842672,77.51192766833525,126.57585203029583,129.53935885100586,111.87116079050601,85.52576758638737,98.52352531319278,85.98093189700641,62.895642782832624,108.92646958557054,118.4480100537164,111.71848245750985,112.95611908548646,111.95563930444423,101.3428984668647,151.93802179296998,112.20120678228474,112.56929238598248,118.97926594186714,69.2874986101999,91.9974118551438,149.76885102681138
2018-10-12,76.71137431109484,75.35021602726987,122.19182258030656,128.49640383934548,109.10176631761693,85.68363319136942,98.28316074325689,86.32326679445298,60.95522372103575,108.58247767109911,118.56475310285187,109.30009206487647,110.00671176607081,113.03134267196351,100.39479977841293,151.32225585618954,109.18684841127357,108.8743430357867,115.96472260719695,68.15154179310824,89.27523831546492,147.56991747851922
2018-10-15,75.27236306059277,73.86087501559247,119.04657895009952,123.98251446142429,105.25340710979998,82.73427698249264,95.88247661946325,84.65210995316357,58.373589648004064,103.69798440202675,115.86045165107333,105.77898010998675,106.9665825783267,113.03327314553803,99.45043847822413,148.51779164104946,104.93502002301396,107.05710899229014,115.31317674160962,66.41391142504534,89.30847215674697,147.50042932575096
2018-10-16,77.65229561797499,77.1121973725159,122.2698487698894,125.57522885099806,106.68871113519756,84.91722611813425,95.52813263657816,85.88913086833452,60.183868806389356,102.5886083970057,121.04066956725308,109.71400125028883,108.40724324970365,116.25649112475296,100.89612543854702,153.81708197329758,108.61876821661286,106.98899210149432,118.35011135925407,67.56156879812659,91.03543838972368,148.89316016153543
2018-10-17,79.09675038037064,77.85856481061883,124.17634815627746,129.0781730310408,109.35387328762407,89.03529818744339,99.42307805610608,89.63274619826569,62.21252792758875,103.47751843889087,124.2389772571883,113.8040285075817,110.64095291315297,119.61909391575887,102.2346547983968,154.45610914515026,110.73981946080718,109.77213489192502,119.50074887044904,68.76700069772525,91.50160822411581,154.575863948566
2018-10-18,81.58195390651453,78.42482126097038,121.90886319383115,124.63505225771083,106.59662197231314,87.95628411836303,102.5938976378071,90.75611708751518,63.29992107409404,101.09670947349176,123.45455144751085,114.96172588432337,110.77019732296706,118.98014275143385,102.95356590106996,157.90145763061085,110.0256466217986,109.54239037020402,119.51177413976168,71.0189945009231,88.34775392356083,155.6756520733677
2018-10-19,81.06765788461513,78.64614170308077,123.09059062454946,130.33287155104316,107.78441916147618,87.1502142809564,103.03254090581152,91.00498793928197,62.33686323639132,101.28444633768612,125.9532281617378,112.65201734504957,112.40401484111703,119.7343573208355,101.9703263004787,157.61742315682264,112.55592843653848,110.64061748749883,119.45599794891653,70.6963639627405,88.4181670080065,154.32842247112555
2018-10-22,80.56587374338604,78.44580152539815,119.92401005647979,125.65603988249383,104.8046260608844,84.31691791784239,106.06433126312703,88.8362195228808,61.11335688249423,99.85949077099677,127.54617533760162,109.87634383863362,107.52578951548172,119.01093207342274,100.6253992899556,155.0315902125449,110.96652837143458,111.86412950239746,120.68290491094848,68.2108406956287,88.4190862537502,151.37928792313915
2018-10-23,79.7839977827657,76.92855219709604,122.1797845252555,128.47769115491997,102.21300202155508,83.6862661728135,107.26489081020797,88.07566683711661,61.460452844626495,99.7117989410188,127.37785633006676,110.13119379091552,106.25058071926586,117.76919552261967,101.9939258155652,155.7838193164152,111.44495679946634,111.86757482348801,120.72344684520496,69.71781097892715,88.36724584317959,149.30133154896
2018-10-24,80.4346958018356,79.37476342492907,123.28128573643141,130.23289894874773,101.35849814961314,84.05362931632509,108.86354798790967,86.55427498434442,61.98149184376236,100.52742006717897,128.20894140621357,112.87139057699312,107.77425644386541,121.47832453299117,101.45313096141953,157.57702307702036,112.62525062257644,111.11638449484927,123.81463161545575,72.79891440225182,88.99859558249166,151.82439529923602
2018-10-25,77.89248808193966,78.19358297492901,120.8815965237,133.7460294477225,101.3268313526896,83.25652810719261,109.77497100609696,84.6770658954583,60.954378472623226,100.25148721665624,129.75539627643548,113.88040407815885,108.32811900094863,121.79246599070564,102.22698937168275,158.29415712823143,111.04451441336089,111.35033004573778,121.99738979125308,72.99040902395049,88.23055972881603,157.82220984483803
2018-10-26,76.85454323709293,77.91816422367815,123.90626278134839,132.55294550380938,98.91371744052366,83.33478142052623,105.94436725871728,82.959278032119,59.82718279008023,98.99970423405632,129.59950590626718,112.70364975265814,107.87480142090129,121.75680663044236,102.53379974420437,158.58455681391953,111.76201233333306,112.750990262747,123.16811826242255,73.48127319223073,85.99208206888868,157.92868978829307
2018-10-29,76.9775380600921,78.08179478473195,123.60177310842127,134.43523697315473,101.05641669487167,83.82426646978354,108.31941195623571,83.88352318027111,60.21269640452294,99.94309865508446,132.7662705110424,113.94764534494003,112.22123596085751,120.94964678074612,104.11105818199032,158.42490149265453,110.99250693577511,113.42649086242962,124.41425770801922,77.14995022642265,86.15338730761817,156.22328256019057
2018-10-30,75.8767328294752,77.09166980519699,125.5293593664534,136.89277526133736,100.66457896085272,82.55179717982402,105.26825507621918,81.11372901045637,59.45367590541153,96.6555419863457,130.02304904345442,112.66556560244024,113.55906755530114,124.66250825073536,102.49340389862158,154.6300135070162,111.19260703868379,113.8701694192597,125.52046844471073,76.91705928267446,86.20090031632886,157.6587846793931
2018-10-31,75.24776699063496,77.1265084912137,125.4183323063428,142.2114312698949,101.00221022447668,82.27321707969247,105.61875444532083,80.01601561702533,57.488354451981785,95.695057566567,131.50142709667765,113.54793344844289,113.58049117630944,127.99975524271868,103.69662433329229,155.75385342228455,112.8746189459725,116.6538878454397,131.79956564443938,78.86257725317843,88.78704438704952,158.4936947938731
2018-11-01,74.51002149817455,74.9986299557334,123.59477042101706,141.36944669775028,100.34523969705283,81.95667509974035,104.68229971781719,78.37119748623175,56.26849724678565,92.83030801444225,133.39695661024032,112.21843909733997,111.84461632468738,124.69194736065157,107.15488349126093,151.4929215125467,110.80414444212097,115.9921261197739,131.98049821810076,79.05646591159277,90.22452376824728,157.8093107083877
2018-11-02,73.78649603150906,76.2507665838651,119.48654800984627,142.1846222251156,99.38456908598634,81.81239262112412,102.72837106644846,76.07178884972596,55.91376791610661,92.21436961307909,132.93494458968968,110.81885755562296,109.46571489450577,120.24615890759806,107.15866737131054,150.59836845741285,107.83912425308655,113.63157329582144,129.84228212407103,76.3276631197709,87.98103913639493,153.1886817150984
2018-11-05,71.21397397595312,77.76659562954381,121.18784083285236,139.87624927191,99.33851157412211,81.46899722916842,103.24173370230996,74.18693062926783,56.08944205562343,90.44064291373033,128.75123478363972,111.51837945755047,111.08708036627007,124.36686087449034,104.22123367010012,151.10116320550222,106.6855942890827,114.44979249724925,126.68903750075366,74.53462748569828,86.50457089408488,152.67315776587108
2018-11-06,72.1670219604422,78.30887164061569,123.24668159756457,139.72859929425024,96.8007676537905,82.97047958613442,101.60940588020026,74.75430774709665,56.995150041689826,90.92079299789475,125.70958041414757,109.1691156898834,112.48102235774311,123.14435757988143,103.23598192790016,151.44877774064736,107.02185317127115,114.0937417092347,125.24397601508245,73.6414789040807,86.92010130619718,152.82744433808037
2018-11-07,72.45812833882658,77.77593011199832,121.51233451414495,137.30169341780643,96.14506342906927,85.00119557094361,100.71418300498526,75.24088532402538,56.596170398013456,91.31968330478622,124.12352405883398,108.51457332195346,111.85189567387071,123.81139598018328,103.28351061110325,148.30306518655206,108.47471481713329,114.14701727944747,125.19348296878228,73.43341703358563,85.86710553284372,152.91599792186415
2018-11-08,71.30245619925599,76.86654991559142,122.72133610633918,140.5978575949671,95.6192411749496,83.69748701367543,98.99516783775924,73.6479967454983,55.75737692987406,91.75464836904469,121.41706248781867,109.8736399139671,109.67956718938338,123.52501914220412,103.58099045348061,153.07025118299435,108.69004001796522,111.07513945132129,121.94398195256424,73.91936303990694,87.050673894301,154.71106339156452
2018-11-09,71.56021812490066,78.79840435318535,120.01295205954813,139.02831081428158,93.25794508341659,84.33243611532711,100.09818711250439,74.64430915362888,56.470172725010244,91.49598843728995,122.36164540440525,107.6705790786628,112.18676267598468,123.26023710917977,103.20438855525963,157.19260889774014,106.92677707038163,109.46755279670276,120.27365214736571,74.02231575138902,87.67063298969242,156.8005868816119
2018-11-12,73.16313251981788,79.1854247324399,122.70936905194411,142.08239603035645,94.90230635752968,87.58230095445816,102.61901499117681,75.61526047837968,58.31695362638497,90.66652211285705,121.61856022071063,107.51924030886111,114.51718752513153,127.41280321728848,106.31988447826865,162.23961870800667,108.00653343235234,114.20873097921583,124.43353708932557,77.1504809040058,87.77134527554368,162.43542086126044
2018-11-13,72.5034721031757,77.94495616672123,119.44207471688118,140.12747219018027,91.40741384664955,87.60176542360725,100.64475600444105,75.65190242349776,56.92182320022561,88.49898962605954,118.36140396617736,107.44283994256122,111.71212907035662,126.87967601796821,104.34710059065767,155.27292918811023,105.58633449114622,110.6066097498378,123.03291328234536,74.70409324365198,87.72321528579766,159.9632640844392
2018-11-14,73.80669222808805,78.19551053141988,117.85359588085652,136.15616207453698,90.30852321419255,87.09873869457013,101.30851124621354,75.62053123778686,57.806092736542965,88.06429162287411,118.83513165286888,109.1650046623677,112.09152873803096,126.54576486347506,102.95061151397479,153.3120732652625,104.05635147192828,109.51754887397828,124.19268668752235,74.32612967629922,85.61558763669497,163.9289753435296
2018-11-15,72.79969594850319,77.77695583312726,121.36663051478439,134.47026223649942,92.01356556961473,88.31605953929405,99.91773762310252,74.94908925638879,56.68321964895398,87.14226025872458,117.85254505153496,110.70797910997344,114.3997549766214,125.66224021720474,100.16929100757164,153.7704506194001,104.95567360300933,110.39159174205463,123.9606374203744,74.78032653069242,87.80002836123849,165.56262509240187
2018-11-16,72.02585054116295,79.05787196904855,120.537704712499,133.88164068066462,90.97242060440789,89.05815701933724,102.00696623358449,74.82419377427524,56.268924797468785,86.40331282393409,112.48927981425996,111.49365613082597,114.16318487931596,125.95688168572342,98.59021714114492,152.1732605831227,103.88031927169614,111.63282637242504,122.34533959707109,76.81132159254724,87.88642467380689,161.71897931399104
2018-11-19,69.19727341149505,80.45214510615116,121.67131151460298,134.79947353135844,91.0941871334818,86.64590818314252,100.56294356860066,75.25883523662733,54.988573421928486,82.63887774288199,111.54155840815898,111.12919241893718,114.26489237292816,127.18939800419948,99.51592695003359,152.6686187732368,105.62451297400105,108.96177632345164,122.80048426096388,77.44543898888331,86.13361999931938,157.8885658884883
2018-11-20,69.02135006213771,78.59678035779467,119.06796724710857,132.41004346405904,91.84372645613131,85.46336600298903,98.34657133956277,73.74209128616626,54.943634000435345,80.69291856694218,112.49775479417231,110.5297769982216,113.01282381706015,130.87308303526225,97.41140528586253,150.816825911762,102.76866125224171,109.58674010721006,124.78890596401445,78.72309792238771,87.0142006559373,156.07038234006544
2018-11-21,69.93145544605595,77.78585188793099,117.71508779552683,134.52038965289586,90.13778806483495,84.50165363400463,95.93837668193484,72.88535762332499,53.64969846606524,77.58404777233677,110.78915249623205,111.82850965905384,112.51317854779884,131.87345530022168,95.31238215667256,150.00533526404266,101.3966432501373,110.37815591417706,124.23666839516177,79.22442341066088,88.08022646634832,157.06788853675457
2018-11-22,69.62724882340207,76.8287255366626,117.54045297324176,134.25934058872926,89.1443378219389,81.65662190275948,94.32550559287792,72.6297497419122,52.180031980174505,77.20290216425771,113.30698944222603,113.95585354058889,115.70073808616243,133.13210031091,97.10946366361247,148.74114927086626,100.78951231399877,106.24894421486722,126.94175606548866,81.34623417328466,87.636249638238,157.0471784469971
2018-11-23,70.41326186926511,74.39120387441659,117.24604147790566,132.54130141715916,88.52519210962822,81.7627586142441,93.58385035441451,72.1447717887286,51.754039390156855,77.7072802878831,112.90276097215481,113.34760365439229,112.4945987627322,131.2249774473114,97.24633560394653,147.2675478494887,100.91515920906778,108.14562935451288,127.79341328470734,80.75655773784365,86.11941167152278,149.6738779173811
2018-11-26,70.52780832446003,73.90488644770815,116.49257210772835,128.78884470671716,87.13356400536308,82.00159144032216,95.76005223043606,71.84062445874517,51.89382252984691,78.26365236091105,110.47933788674335,113.78757275830584,111.06277080974783,132.71461025799573,97.1603087302659,147.56759989604006,99.566973246805,109.11730337784076,131.5917059403644,79.40474993497502,85.39409137302245,149.9512974087969
2018-11-27,67.90876168233835,75.80781508487333,118.96739463446448,126.68864143222032,87.19659142995827,84.37006314404864,98.42407778028094,73.28233984676314,52.079362426916354,78.56953192382518,110.3331603188318,116.83258183260263,110.6961790858364,132.41598642209306,99.48725180764772,148.8390426344886,102.60514840588559,109.0915725835774,132.4381409252364,79.08718491230445,86.10928853053979,148.10069903686815
2018-11-28,67.46512844634701,75.3383530635929,115.23115912460328,128.5328080952295,89.98772169657647,82.9989200112115,95.603504307921,75.01526525675405,50.04055486241204,77.20968690908585,108.63232776475262,118.55301324829084,110.69003362976136,130.70370080366953,97.64792789378498,147.36222908600016,100.49604710139505,108.57510894194475,130.1390855800461,76.8836444835214,87.17287734073405,146.18772838110763
2018-11-29,66.44383180274066,72.14696651424042,114.09694727722069,124.60934346102994,90.96388964714774,82.30967149425041,93.13638279740228,72.732983197957,48.94254867851531,76.72499950519313,106.96687584574063,116.41016471620736,109.14678351793918,127.58308124542334,95.53634246186225,140.43779681192464,100.47476724462392,107.45291190773041,126.46614222701753,77.93413516919664,86.06417238725332,141.74949888095415
2018-11-30,67.75835222383792,72.68654651404567,116.08660235169455,125.45101411936052,92.69402017503205,81.09898413161673,93.34692911120814,75.3066492955231,48.77020412397049,77.0005485239557,107.50356428572903,115.53228737866098,106.69716268037463,128.5044930302611,96.56033348054125,141.67735598538744,101.32957347080907,108.66997324418013,129.51232354740932,78.54390402142698,86.41732631815194,142.66576293341524
2018-12-03,68.38350569221504,74.14989990384198,117.52927124294011,124.50555142441674,93.40390978559213,80.82837857923448,92.59540068075825,77.11485178491371,49.38966160330697,78.50143833126572,109.06734569688527,114.68961340441237,107.40918982685605,127.07239289645013,99.05504000278523,139.65742359421435,101.77698225090488,107.7699780122663,131.50106919897493,78.73089275132271,86.62989321383643,145.54050434880426
2018-12-04,67.71105194968371,72.94971470391208,117.80679152809287,124.00385278987518,94.35193025195304,81.12644905772069,93.44400918603286,75.69230375751106,51.098547752124354,78.6298711213988,110.59139973248061,113.33762839153319,107.98633330572254,124.68476561700912,99.99967569497728,139.1660309638844,101.89820114650102,108.97945650229074,128.92189139676077,77.98183059402628,87.44111745530527,150.23076384303158
2018-12-05,67.83750429466625,75.32829740632904,114.57119112284283,124.02398204439824,91.93273274720384,78.35788951433486,94.34069815102882,76.21994352945536,51.15563534023437,78.82554483400733,116.23299423318831,112.75624998307812,108.67689266839197,123.3135498558562,100.63909462418167,138.73298596777687,101.14264990490099,111.81580923356404,130.99909285957048,78.04376467588553,84.45924213542988,149.22840520280153
2018-12-06,71.06245183181312,79.29208548297694,118.70959300138128,126.53038347824446,91.59319260223756,81.59042557862219,96.1217480044443,78.79051505864479,51.78841779126126,81.10848450416472,120.29049805796755,116.91303557875108,110.42811189542941,129.57664443699534,102.9150737771475,139.71011133686144,104.29839964847,115.5450856761392,135.5265459182054,82.20102465910118,86.90214994543008,153.8607587901146
2018-12-07,70.81308312912844,78.29505090513481,113.79402664684217,127.64738995209476,88.73059281363072,80.35490546076457,96.36503848814624,77.11069228317297,50.5082544606468,78.31422717353894,121.61187782118931,114.45599049282524,113.85920596047924,125.98043403923364,100.28473927988163,136.81370467629483,103.33977295402221,113.24674802827843,135.16432126992322,79.93909590501299,83.90773361967223,147.7353413977517
2018-12-10,68.33872197903737,75.17115685828692,112.92557304636051,126.64377040683262,85.95288738844658,75.74765579987807,92.99705921724625,74.33016298752086,48.70537754721295,75.41515467159704,117.54413625260273,110.7841262304021,109.78122390000084,123.06297254815938,97.86259758062606,131.11002542285425,102.59397910026057,108.6054631770385,128.56858070008974,78.29465126090396,80.43635309260618,144.56442124523764
2018-12-11,67.84531814483553,72.17847854902035,107.20863911349234,126.21824294983821,82.55734248720954,73.48907670500694,88.30000746413523,72.70236252007535,47.74045732346097,74.9201189974502,113.04491881482824,105.1066253137798,107.40121266869897,121.4209344270957,92.64620374822493,129.41734992776378,99.73356708071081,107.29492722959027,124.93949385446787,73.10542333397694,77.7163752907622,142.75131365527827
2018-12-12,66.75499811830616,68.06997993084092,108.78945852183324,123.20849480263718,82.33122446947414,72.40664220313082,88.43046517383756,71.92538825606178,46.71309876782104,72.54116171345412,111.9060870999532,101.06773803073138,107.33284149438839,118.16556346887002,92.50656007920821,127.70632711989676,99.66743418011164,106.31906698872469,120.34743287340169,71.40675378238373,77.32763367857585,141.63426821400606
2018-12-13,66.97512586258188,68.46867351577133,110.54267024086997,120.72722576969338,85.59759289196846,74.17512204648281,91.18567124720444,71.19308791503164,48.144541014362375,75.73177766076651,110.25352394227238,103.7099423841967,108.89866966149573,117.14997430681574,94.13596288276439,130.86773238114642,100.22108484080626,109.72772290308671,118.83903957633872,70.84624908683489,78.3474748090677,143.75207699240002
2018-12-14,67.39313693469302,69.23209646554761,109.43216649143899,120.82861516903937,84.32358944208944,76.33251689254058,89.75924937491098,73.21434327934163,47.99056912120131,73.6717598198384,111.39104520585738,103.05549520481627,109.39611656456806,118.34009584863216,93.65530216699158,128.4942345620673,100.86618980426177,108.8293217678074,118.74971078560121,67.9766330698192,78.22101448248077,141.19650011531556
2018-12-17,69.33556083908428,71.48345946417749,110.00811923910915,126.21618985168364,88.54906743850503,78.70784109078458,94.11386327930413,74.40101525926474,48.595947451954515,75.41848207502736,114.5125781498736,104.53227173543996,112.49270913120118,121.27913814827943,94.34335126726432,132.2374955529413,104.2142048583826,111.31190963741062,122.89891644695247,68.11113562920927,80.43373181605801,141.57568402944452
2018-12-18,67.10660798065099,69.60799366977217,108.22805245428476,126.16423182070254,86.97410168096194,75.41778969237157,94.34060473076134,72.33567086676263,47.86403816380659,74.76407731080225,113.32166712383064,104.89225128767677,111.84205927193035,118.13938862752804,96.30972499423976,130.98790972285363,102.63232913716105,111.47775381337468,121.95138598758021,67.63568220949432,82.67856678464803,139.15533477283518
2018-12-19,68.01873686043393,67.86232868970663,104.66773167093064,124.62252259765452,84.54561297825508,74.75011804819556,94.84152823691872,71.20521784562366,46.73486438304258,74.72589506186324,114.69112527685367,101.86739662407348,112.83637491034462,119.1845042784586,97.15741816797654,132.78846815212705,105.67199884907954,110.50182054035972,122.06497720636128,66.98234132125698,82.46611605349305,141.8799919982468
2018-12-20,67.88468164744798,67.36503194480952,102.45012089587406,124.25810842206194,83.64757487376448,74.74081524280575,92.88579121664705,70.7430132331769,47.5774157818648,73.63044878517663,111.97949169497797,101.36789299967742,110.44205623952703,121.57765067423351,95.46488076172889,129.84442138154282,102.68406930699419,110.58117510963827,121.9655016004483,65.42831822289418,81.89809109541288,136.43626763395056
2018-12-21,70.04692041877638,67.006610611896,100.75399331704816,122.9146580209072,82.18969127848838,76.70586772799822,95.45801908039427,71.41788108610174,48.648313341808795,74.00769087421513,111.90577402301236,101.1270512604259,110.21717213999204,119.07347003614866,95.42258824419604,129.61942432678774,104.10111539467265,111.02598781435783,121.87350931874785,64.74470689194284,81.9859840753651,138.3045174656399
2018-12-24,69.40776793580386,65.43924225702811,98.52351023233228,121.7026082352032,79.69758615682338,76.14043639675752,93.33093459178743,71.88285072189618,49.95181769025162,71.96924205612171,110.9961638421374,98.67763308379594,110.47003730456188,115.22752269207841,94.16537727230252,125.70720813869362,102.3912715709582,107.8300551242605,121.56368767577592,63.06945228459179,81.35857258937236,135.74843722669257
2018-12-25,68.62908279275743,65.65937237523517,100.68918999434524,120.16366777052097,81.02084372851301,77.86728956302437,92.3756850707808,70.43834166815242,50.29215979020697,71.25495742035643,113.75704990518182,98.63307467024813,109.03319113531802,113.13256405852837,95.04929218552653,124.1063185975051,102.35889171671056,109.27102834077586,120.39019048320252,62.96459295692203,81.0375129001457,137.00766677301033
2018-12-26,69.08771435158563,65.66930906788458,99.21155054830366,121.527879268151,83.9272079142776,77.28112291112436,91.925809781652,69.98126917566337,51.18472999757736,72.04613066978852,113.8690037089008,98.01352542215102,110.00081533801193,111.32466044498067,95.80675045318677,126.54754948237635,101.20438014490546,107.57745392354143,123.90334892029857,62.85834256329579,82.90742379478232,137.71722496457252
2018-12-27,68.30728992303486,65.92878827086936,98.49069936099585,118.93315459810889,84.22252873410704,77.12766011984263,91.78098338744482,68.7782654575659,52.43715700628051,73.058703143623,115.52819877646013,97.41317999989222,106.97786080550084,114.41395349635876,95.428974656442,124.83074405571355,101.68090762947783,109.29475090474389,123.58635469451877,63.96686010245307,84.21200447186872,135.28112078705644
2018-12-28,65.52620148218728,65.77932643153397,95.61989745025997,117.16892536220809,83.19772731416587,76.71125948051962,90.89242950650625,67.5647844299682,54.15553563618892,75.13247156002957,113.5920275264393,98.97629818788882,105.51467500565259,113.75633994346585,94.60536907176122,122.63627428619469,102.40002590765593,108.66114919900876,121.58520329676703,62.22348664072758,82.65607399577523,130.91070414220152
2018-12-31,64.67370233474584,66.53742564658504,97.39232471521484,117.17625183779548,83.13453129298253,78.1819275570256,90.42490560378918,66.39809098158572,52.2628164944295,74.90552309357169,113.99920256023928,98.09262886142177,106.03325050155325,113.19814704302841,93.91260199067491,117.79270618250415,102.11534989581622,110.30054409247386,120.31898362990252,62.306528743566005,81.86900792111919,131.6900558485054
2019-01-01,65.33829326567006,66.81833132126027,96.29453013472325,117.79360034244564,83.62194087549042,78.17585343336243,86.73908115605886,66.43917233851344,50.96880215725229,73.82874565402001,117.54330908512797,98.32116725956983,105.1857144832268,109.20477745460471,95.49600850686713,115.04461483955225,100.35387420990205,109.50984770901303,122.35003682271267,62.89223014091517,81.45926099425806,132.00954943330612
2019-01-02,65.03856380115401,67.4092826419795,97.03629109129417,117.86486928936012,82.59842155839705,78.60112504291598,85.79948436115704,64.77139447799637,50.1491447266507,73.55553646467419,118.62752119791561,97.38145769925268,102.56210833626922,108.55462647731598,94.79973249716275,114.44820146327747,101.0556934520087,110.43840583132211,120.35720503010866,61.88301234848768,79.60709862548619,132.49502864201392
2019-01-03,65.79585510892629,69.92141927061473,99.49802505011057,120.73244811427804,82.59198662185048,80.60121767447373,85.85899702586075,64.6235851909149,50.61711039798005,74.12851972200588,120.3163420026773,97.00859547014105,105.86133504701469,112.3215953035003,93.85860229177511,118.25485925942854,101.62442598697292,113.82229097298111,122.41715595085974,63.010364564097465,80.7754393575378,137.26058059897775
2019-01-04,66.25034780996415,70.00062400063533,101.52732981283596,118.02692358487252,82.5824485844445,79.69818637859714,86.75114950129817,64.07708791371404,49.92379639443168,75.06722161571977,118.83789112521868,93.5486924788175,103.50827476204834,111.73869542618458,94.66443117877301,116.87773069532942,102.16282201899999,109.85584820342196,120.05305654948117,61.82553764894116,79.44307484051643,135.4468686559298
2019-01-07,66.72853666498025,70.31252112094712,100.99964993582962,118.85145154717601,83.1222106511406,79.90988614530333,87.34271269141237,64.54431282266103,49.92601545615878,77.07473451561556,117.8871514612407,93.35003059155392,108.72409666618896,110.97005177471866,94.0710157741258,119.51445633345148,99.86764571686155,110.42290462968924,124.97881118588167,60.93011175059609,77.72561460570489,133.57813712148322
2019-01-08,67.56195584418091,72.45190013671781,104.23508733984053,123.36667892889626,83.74440413777275,78.76369492283024,88.22475880154118,65.55547764068064,50.86818786551194,78.58896439787743,122.71601877927021,96.17823231130988,109.65969035128954,114.03921574270812,96.00906282229147,121.2248862153548,102.34221389695888,111.77714168228421,130.30063961490166,60.29669128495405,78.0169878501186,134.81808036910581
2019-01-09,68.60586492543908,72.05223165074763,106.14375069336612,125.46364276369376,81.78022539869507,80.00501502201512,87.71937574220703,66.06675351139923,51.119298906486044,80.93695846511865,125.28458526570361,94.86920495074615,111.7294535937452,112.23355813579357,97.48264396957428,120.73784347814028,102.3614824844877,113.2567908694307,132.23550043912257,61.84800265228471,78.4139824423743,136.2026883750231
2019-01-10,68.82508549317936,71.70122369084693,102.75679859357358,125.4785999841469,81.83056720300193,78.91698434382089,85.99870374585372,67.47526803329293,51.50221455792015,80.51066702041308,123.0655956111868,93.23934534084525,113.3703132523256,111.92066009403312,96.64459864121466,121.36572577200349,100.61429269536505,115.2568828713516,134.76881731365185,61.115013588522274,77.25948443948019,130.19276574622367
2019-01-11,67.0310307756004,69.33592701556287,98.8973558338853,122.76871019619314,81.02871667247676,77.32466552255212,81.36412082806528,65.60381727708149,49.14695547966267,79.42376814544244,121.28579114611664,90.36296956426196,110.09735229505011,109.2012146912839,91.8773861554814,119.98747429454745,98.45393907994787,114.93112738492985,130.6518111946777,59.48533203519851,74.11553728419541,125.96887918151354
2019-01-14,65.9391004957061,69.06181718707771,96.96932863996237,118.7387336184737,79.70727683831369,77.56982766270083,79.36455814735866,65.9827801332775,48.198230238392426,78.20269542330524,121.05484029102949,88.21817499521322,108.64184756512384,107.18053942925587,90.31924119750964,113.72133938102098,94.39478052481313,114.40884829215534,130.84846478627662,57.85299001196557,72.70976521766472,124.78943317551659
2019-01-15,64.56800170067065,68.19913165989699,98.8375120096156,124.22387754870019,80.12960786265108,75.35075123142359,78.97862602890005,66.60567681123985,47.725948388595334,76.37802549560045,121.41371217673924,89.865366717876,107.91692381628735,108.72822593447121,91.65427343556611,116.18934835276201,95.12368537079067,114.79182270501465,133.9717574393581,57.30721668741148,73.73553213800331,123.3129510337636
2019-01-16,66.51465590628453,69.46022516077426,98.32713603298279,128.51630087291196,83.05058802432887,77.18587722407761,78.5223914144461,66.73215611429285,48.05938758249308,76.21977509125044,125.28578907277752,91.24474728698411,104.96370106719439,110.71521822149363,92.03769094777881,117.3564969717497,95.85187856423742,117.69493218155638,137.92207607424817,58.30609939429674,74.26080754227567,124.8623113286137
2019-01-17,66.707527443564,69.53776985722939,100.66160060739612,131.0179274868786,82.24915579922958,77.68914695017888,76.90094094667954,67.00884174674381,47.37565142243062,74.6173383619595,125.11132116222423,87.64210250497997,102.27354037564966,110.49077822903043,92.16033034233693,116.7471551295141,93.64188419191096,116.32576558757057,139.2156099198064,58.851956546522345,74.37808085324662,127.10829739011905
2019-01-18,66.37276160393911,68.01810024462968,101.01861503522233,133.88070504501917,83.51975026208495,79.25996392908597,76.57087868280698,68.36773607533077,47.2579263887675,76.23223872080926,125.05194955354871,89.02485254232961,105.06514265733493,110.74129947878298,93.28735654239938,119.84329534100893,93.93907701506703,114.62221895944037,145.24736798279122,58.74145006978299,75.051067759166,129.9693608104361
2019-01-21,65.63212052163561,65.17079345388933,99.88513384710747,133.4487594499992,82.60510833059801,76.23884086950156,77.44203175876497,67.59133484667352,47.697681662233656,74.7849538060104,121.5036392896321,88.7698663987095,103.99991515060886,108.02056861607534,94.90657388143782,118.03893517665088,90.69762249290015,116.11466489316449,143.80735387394876,57.80045402605585,72.69363795560784,132.4663575733811
2019-01-22,65.57194463801243,64.63115209445651,98.29010992401761,128.0309059706002,80.35662705412236,75.34004850891459,75.30738070555618,66.74445155573646,47.42543408295618,74.52266692765302,116.78426926983938,90.356709764251,103.62951145747324,106.38951427071397,95.1795327085053,120.54895147653036,87.37314027079026,113.97203504019315,136.83774775164224,57.09621363772228,71.97881759943799,130.39177561600587
2019-01-23,64.37541967790719,64.50066168703407,96.68604681356118,127.92163109090428,77.86745456782657,74.05984606784918,72.95532477768779,64.30558561806305,45.6723347727508,72.01911948612522,113.88409763621434,87.90471320628255,102.23972231467565,105.53026153735455,92.67590807953259,122.7471189432925,85.60323698027098,111.97798526647608,133.62924304748347,58.21089150912041,71.9628945563788,127.58792437115125
2019-01-24,65.60751175173272,65.15297043215676,96.92133606975918,130.319044942598,78.29560645070823,77.20973742313001,72.48935852107255,66.62695418765931,46.15546889934605,73.24234726301712,116.49311711315484,88.27576245373356,104.96323561526184,102.68744734296442,92.53912379279537,122.43943713133937,85.164279719022,113.14820628960422,135.87158342290965,59.62044954291183,72.97476847370547,128.05864429072727
2019-01-25,66.91069510186394,66.29161849320124,97.43359861975273,129.19431367499882,77.90678615627178,77.0225534108147,72.56846636770918,67.28265605867402,46.91923010322481,73.61191139542788,117.1975480967021,88.89173234767333,104.65775245715798,101.75785006331145,90.27294767658563,121.55893902118198,86.17989603644014,112.50151062257628,135.8577832687125,60.32544147921734,73.71760140860768,126.60328398269489
2019-01-28,67.20749523028911,66.88996398658712,100.37912080596281,130.50717459313196,76.27604466355632,77.05246053052797,73.97932316223304,67.65001298176155,47.728945968127086,75.3221537967471,122.55393717223104,89.60356876528603,107.63556266628927,105.19687003649011,93.2536951943706,123.52543711820486,84.70754483527722,114.6702118345579,139.74958444353584,60.997992072245125,76.45346382029415,129.80156345092516
2019-01-29,68.6128626938564,65.45304506620631,100.35223890136851,133.79292774839396,75.90270473047495,78.02010371743266,74.27542027721185,70.75207980706736,49.89949324474425,75.66902212982178,125.19341341093737,89.33582163627052,109.40546267119454,106.76057171827006,95.41623529208006,125.28222265848507,89.04883815665873,113.72996472349496,137.3426193710805,61.07868799433625,75.13444874816892,127.83277830959473
2019-01-30,66.32719268307,64.71866171486354,98.42461170439744,131.87855238111766,76.03915621953739,75.6414170454704,72.86097275162697,70.03101069964289,47.724084535008885,71.54512844364854,123.52421813817821,88.95743425690281,111.52218772363017,105.77363933753173,95.81747784447485,123.6951550391703,88.41148289415486,115.25315887275342,131.5916469604643,60.748158720543096,76.56057850181749,126.88869967771834
2019-01-31,67.30170270313191,65.73319462054394,97.1394824714555,132.23254186504778,76.32458815414235,77.72187140360889,74.86939240607342,71.39308287412793,49.00013730499068,72.36419309180482,127.35253075258555,90.76671302057662,113.87249957039968,107.48960361400495,98.84043288377913,125.48409312863517,91.49291891700246,115.62480864011418,132.24762404263,62.60208784867258,77.92009278476266,128.58881846806497
2019-02-01,67.51838609831239,67.52186194188675,100.45852759830191,136.8166032207777,76.84732046179697,79.64029162916026,74.2844261217133,70.87812806459625,47.58868059901957,74.56461327250926,126.29217198945486,91.60019688778416,113.57937213180786,109.80150844457754,99.05717485665022,124.20080802012221,93.11285880156144,114.41939022711973,132.15938284518091,61.317327490499366,77.12156574924069,130.35802448664742
2019-02-04,65.1512500879212,64.60642312902817,101.13221424627697,137.40956853169004,74.0659646897701,77.51656108640096,72.41847036495784,67.68045055350333,44.781102045531945,72.06526971458462,121.91479810657606,88.87867260615054,111.70080572634555,106.02045215417785,95.0687196201314,121.5383481036142,91.49410282532946,109.74832084158031,131.11921838956334,58.267915650001115,74.71017066172163,126.83254900673184
2019-02-05,66.21392879851085,63.02237508693307,104.10384695207318,137.3164346819085,73.63239308745807,77.15908857835214,74.20776183990807,65.7910481605116,43.42530288602422,70.40101875793907,120.5371429914219,85.9348997445298,110.93011529819898,107.94668711923465,94.86129124856463,120.30577964298828,89.98380131821996,110.43347862266481,128.8743153999163,59.46015028715087,76.2470693199246,126.40342089757131
2019-02-06,67.86458079176117,62.79657987286805,103.30885708637439,134.6286861985823,74.10347789785835,78.58703445950557,73.23656039564247,65.82659834052659,42.84971910841395,69.89877045256046,122.10337164768251,85.01192351118848,110.45859903393183,105.34000595763239,95.81867225882094,120.70817726186051,89.02344291711451,110.14928960328103,129.55291806737142,58.74893534187901,74.45337931500436,129.8599774822845
2019-02-07,68.35247573674451,65.62006949606963,100.63661138507507,134.56785230818048,72.78350549347266,77.32530328689052,71.90066282124677,64.22010597460836,42.508008259037126,67.52973088692183,122.05160738310192,84.47003809264272,110.36330111366514,103.84500988677468,94.87370789608977,120.54301139434175,86.82812197113728,108.76480897600354,126.82602285648231,57.54118620775857,71.43723705873451,131.53395393446104
2019-02-08,69.54867333233392,64.45062456455982,98.20476454693258,138.6814676636834,74.12457244902403,77.40230117191955,72.58561320463895,63.93479703785928,43.051973071727566,66.96316201115933,118.70213964485097,82.13344463788597,109.53314021565973,101.2691890836219,93.99521809889727,117.62851235354944,85.12856794565074,109.30417524715199,126.14516506325884,57.08181009743719,71.76157108524181,131.45117486392405
2019-02-11,70.07970254072515,64.10022239947648,99.31684008661529,143.15121406783265,76.88634802618809,79.60706414940312,71.96626184924577,66.10639175260629,42.684480596033204,68.89224246933163,119.979598648566,84.45755494340128,109.28910413368264,104.84665220349032,93.05689835356503,118.17622888785442,85.36585021490933,108.36902192237227,128.64401277929008,59.64193477514904,75.93016501092654,133.97715329902957
2019-02-12,71.70135949469328,64.77485817921769,100.9780462472349,146.28083685299282,77.28025826668578,80.7609301661483,73.2315714679505,68.11757853663974,42.80822089904427,69.99736775089883,125.54218232855528,87.0977891215148,113.00907147273067,106.33197833334913,94.42896865869209,121.33972809599099,88.54180201004161,106.69213393932878,128.36220611514833,61.636470625639,76.79684472463065,134.47613291351107
2019-02-13,68.82429908660757,65.57005692098818,99.46474152156047,144.01067675684388,76.82980851025995,80.38499708812786,73.17900395867376,68.15534983261931,41.79258936029934,68.30082841028502,124.44456063594211,85.1327961279909,111.34483984175115,105.41024219731766,94.19444664976355,116.3517058888361,88.1939436625543,104.75505367155493,128.49591311903683,61.45181044338128,77.74194254749209,135.2361749208373
2019-02-14,71.05963711503863,67.44477034040129,102.4139821301196,147.97674148360574,77.74584005268456,83.13260240039077,75.13811102741455,69.15134195922363,43.737203861715834,70.34044871788942,131.96841831096427,84.46675764564067,112.25866680165029,107.20732265050748,97.48427877986043,119.05660871157745,90.06506207308209,104.71837924813045,128.69111735411536,62.76665979503714,77.57114970907745,136.3965951145847
2019-02-15,72.66791234478849,68.58535980435198,100.65652828921668,146.8558826732424,75.5786241705678,82.03637794118933,75.99400995920382,68.70048754502675,44.04396439443748,68.82519645998225,133.9899942014639,84.30495055100145,112.9988502914904,107.7452772486614,96.5559240425781,117.95996973888316,91.94993693583422,106.01645679089417,131.8047652188094,63.47472304517886,78.27544489746285,133.7397051973185
2019-02-18,74.57421935777505,69.08197779114997,102.68943961066103,147.7544446559777,74.55725851576912,81.92918825141287,76.12917832142105,67.59771892608072,43.721092185719414,68.61401023400528,137.52914040856723,81.43390261267054,114.72127774893175,105.92477760840596,94.26994776634136,119.69653280814781,92.69786422165107,107.70989795997745,133.04806747804435,65.25539688504543,78.6292486647137,133.04538735926587
2019-02-19,74.78095696746468,69.40559513580773,102.677190435266,143.75715125114667,75.04831443984281,80.79618450902332,77.82751685722882,69.85598977218932,44.396329565019876,71.52548007810586,137.18230114166022,83.25672126729948,116.40104647269253,103.67648371955605,98.83692751815472,120.33119520082494,91.89629245935845,105.92286242790557,133.4179273801346,65.42532281569757,78.9972087995458,133.05179671230295
2019-02-20,72.97673202178899,69.59002264163904,99.85218555250185,145.66987798323336,74.54618119763724,81.38988055953911,80.09105967565368,69.46851470101379,45.549760481912045,71.52081577205674,141.83100171664043,83.46664597347417,115.86459001029726,105.57451818591126,99.01024320432195,119.79361934428526,91.97266801579909,106.6992352482099,136.9429403500462,64.05056586226739,79.52813002422613,135.36320680441256
2019-02-21,73.8586648999363,70.31598802804274,101.0111025803313,146.28330696779787,74.3124976922265,83.09438527223504,80.39822408914729,69.77350990825215,45.81250295757481,73.97212617793859,137.0436532599759,84.18908029486869,116.23946526977367,103.1999705413628,99.66605357463318,120.9269944415845,93.03642126091647,102.74538432739737,140.05968529320353,63.51608517604756,80.51303590425061,137.2362937721633
2019-02-22,73.07435353158864,67.79112772059632,101.75815684179761,143.1022244002827,72.60793493731484,82.19009621351968,80.2730854300685,69.32866889792781,45.92508146576235,72.19819403286445,135.08206639424273,83.19057076842617,118.3722205112643,101.97936740949096,100.1200650455418,119.66974310553935,91.41989068582326,101.32531659644145,138.20825073434153,63.448397421532356,81.34615571373499,136.58783138133668
2019-02-25,73.12602854383078,67.52417142740103,103.7283576738804,144.42743061561464,74.46608280662109,81.61160850084644,80.7232686629063,70.40795640807308,44.716379107836644,74.90808972845166,135.1563142031266,81.88192763871187,120.38648253585028,103.52400648100112,101.3781116423295,123.1472093024912,93.78369884533436,103.26195497298747,141.13045487755022,64.27827425085978,84.57953038413662,135.55754825870463
2019-02-26,74.20794446013835,66.84475732561394,101.23065465219082,145.06697915686573,74.93479299419813,83.64700269274985,79.40981472210409,71.82145185476509,46.430114317189684,74.5605789651541,132.51896155710853,81.55204210488769,120.6616733463318,104.61438738790473,101.07816100363246,126.52758315687252,92.41050248680577,100.78240235202723,143.69620836442306,62.21857366702853,84.4942257878501,142.17831949272937
2019-02-27,73.49765378453522,66.211558619203,101.50045727252275,146.5451278398136,73.78595343312627,85.03575682178669,79.04367745907538,72.00455024760723,45.61087467100404,75.15134915926168,130.23639638417683,81.91240141967381,119.00364756238675,103.07671312542607,102.17449178839001,125.73605274909383,91.25057797016471,99.83582653913183,145.17000472566127,61.64740152665103,84.4019773948734,142.24669213930332
2019-02-28,71.34174493521748,63.20339282568057,100.8145869168531,145.3572212999152,72.91375501297496,84.43365085072018,76.26849037413531,70.26138870477375,43.67012569960934,75.23826094255017,129.34903727023718,80.07510788471133,117.0032684602345,102.84801448818767,99.61803253071277,121.64120530605962,90.38384892191677,97.69618524465086,142.49443715709745,59.4822056605267,80.38438248229814,139.53460952580232
2019-03-01,73.55330573292447,63.13351171783042,100.35476933508257,146.84729124161956,73.64439865997892,86.20697885931976,75.94352284687626,72.24321509236036,45.266089822078605,75.64462413177381,132.2121976569243,79.70773037146282,120.20773848742283,105.62169077245112,101.74925754653074,122.79967063635704,87.39628404100303,97.85578538114967,142.816687567845,59.27911678078436,81.35862804155357,140.22880715911356
2019-03-04,71.442440595262,63.06133388070661,98.40681101321792,144.31866536567674,72.4406214339821,85.09656033395432,75.0468490491107,67.6040951931123,45.11074885537111,75.68944535419519,127.06303050345193,77.78838274780679,118.25446552256984,103.42102013084165,101.0368344902032,117.99148360340652,85.100885467932,99.18590128829246,139.5778082202257,59.82188111958119,80.95470468375315,135.09161457827295
2019-03-05,71.46034450533847,63.73968265164427,99.8970298938818,147.00845178064608,74.3021819103961,86.2202306818494,73.85400435745929,67.46858873773431,47.29975440893025,76.85558975059267,131.91323520032907,80.0407812754876,119.63224610272412,104.71844266022316,101.48163341471366,115.66917500596175,85.80676830451715,101.78299173482567,139.31608385188787,60.67154597313626,82.56983293644134,134.332229995895
2019-03-06,69.63871953649317,61.6698635830952,98.04670101411023,149.40119086698235,72.90918022162867,85.24921516667678,72.34141450219109,67.78644590117409,47.61967472113687,76.87525605589339,130.8878970118509,79.36191319400214,116.89341477812563,107.2460630052655,99.72665484021768,116.18601017898006,86.74016139195122,100.4247138095775,140.8840478002052,61.06272962923826,84.37050572887809,132.71274328370663
2019-03-07,68.52857506499835,60.54740451612854,95.99439367959677,142.8770903480628,72.32786634054091,86.14525951712322,71.12714561571772,66.84470249743856,46.863401376146584,75.77303796344817,129.94120698753673,78.63973859353777,114.58821518173617,104.35361503759262,97.62801350854828,114.84593553741489,85.02516852194887,99.38880396829244,139.8441206580812,60.908077474328955,84.68884265712353,130.87331056388626
2019-03-08,67.33664295920704,57.78700699647734,96.52588094526587,140.99716358679774,71.63546977651126,86.35448441831946,68.9168392950244,66.01157973741674,45.74709912125822,74.0344734732976,125.6060257436784,79.40181502218456,112.19036288743365,103.85257627808912,93.15181652412716,114.97340657239054,85.06681797810768,98.01407720118875,137.1559371404596,60.342039299103824,86.29715095413984,125.41041394400835
2019-03-11,67.48428624474363,57.71611322870841,96.85016493036792,142.35459287147916,71.11767151388143,87.90274232646064,66.88248139279031,66.42573265543258,45.36788960429276,72.5384881132299,125.17173382062906,78.32433734305991,113.35490289044246,102.65216252659305,94.39182043896322,114.29621635455423,85.32367029315317,99.4052468149854,136.574836266685,60.87998065388237,85.0357587852251,127.82424620919318
2019-03-12,70.54025538022238,60.93319199147261,96.35328296270072,148.6352747417654,73.48037076304888,91.12504896450395,70.88040634320961,68.93767107615565,46.907315133489305,75.98979701100137,127.91273410841363,81.214766769719,114.0054601092932,103.25043409315624,95.02708169060342,117.99136279353469,86.37548378108949,99.54034141832811,137.89440156976144,62.16444658258935,85.26605605430626,128.37436968496635
2019-03-13,71.52819967873349,61.74619175087257,98.22400159714662,153.8457968309023,76.41647739345359,92.42464856117962,71.08674631900357,71.70715680010802,47.865597452659955,79.43074503029621,126.12195370504229,83.54291835433348,120.22042798122239,105.36052129273135,97.18702189440285,121.57465112912303,87.87441099389346,101.6361112501198,141.0802739069582,63.179234238445325,89.09746271468947,132.5660144927135
2019-03-14,71.95098636850507,61.63894167625544,97.67082113234625,154.3741470512425,75.46275109048678,92.64389753534938,71.61725334074094,75.02383816192021,46.641056648864755,80.28865774708653,131.4310171293212,83.98028272064217,121.98872631889472,105.87730764443405,96.71682836045858,118.01492482156203,88.44466091984015,100.79999565391007,140.61903918779322,62.92163543862202,92.00722664019021,137.79973425588796
2019-03-15,70.62924395702157,62.02828157853712,100.57653580157485,154.26552777195246,72.99674570218876,93.50910839379262,73.02954901415796,73.54452037545029,47.03543722796344,81.06332230661398,132.01947353256813,83.2366315614833,124.21447816400469,105.55499584506401,94.93665828979705,114.79617031323312,90.38330049682287,102.0354462543011,141.92436351214806,62.69526703381994,91.81439424635036,135.9904851381579
2019-03-18,68.31407947564338,60.39059673338802,101.01612898292676,153.43614003627724,73.51840811080258,93.36873823564407,72.61097166014969,72.4731874156416,46.028614885396834,78.18604888803318,130.83574919136584,84.93621894940675,124.25846535027021,108.08635447986632,92.72390336535965,112.52686422272137,91.11093621784413,101.95247974502801,144.364958842517,62.38119243874409,90.15807816151154,134.9050952537362
2019-03-19,67.46464355711629,59.549408754777616,99.74866512898706,146.71435277077293,71.80041074090191,89.130177402991,71.64571083421174,69.63990272941867,43.82702077437403,76.01733451474907,125.77763429036132,85.29838282529968,120.65318412252923,103.8730801214438,88.3253584725232,110.62126762312786,88.703679652689,97.932924039618,144.31983725954547,61.88317029004795,88.33784047924355,135.23867319564724
2019-03-20,66.53223379270938,60.3853221678528,101.17466573634792,148.31304756449143,71.48829186808341,90.1005197019131,70.56561863045138,69.33174618400923,44.577050294526884,75.26027363683768,122.63294480254615,84.66395260527102,123.46017017162103,105.13736087289689,89.08271650108202,110.8275343609956,90.09019187966737,97.50337648851642,145.7546817055036,61.72113625519275,87.68445196810325,135.07478027116966
2019-03-21,66.46811726990202,56.77301136258963,99.53364829950999,146.83311486377346,72.80875505402034,88.23583834427932,70.05967243421607,70.27471051957463,43.23557230012008,75.26115805447571,120.3049157927265,83.67555213862877,121.46609682957221,103.55160045000595,92.4086861323682,111.81260533483709,91.2092182403189,97.82270130867217,141.30974309045948,61.83343664034801,88.65153887660742,132.79122204653586
2019-03-22,69.48571730787013,57.4174908946679,99.08771319643736,147.79626644070095,75.24912140237794,87.37046725432978,68.95511314913047,71.46681572808524,43.59260742546395,76.35619618616637,123.45992299326237,83.98476508493978,119.5091362030782,107.96819460636384,92.00009283377041,111.29005854701414,93.81230380963211,98.43082426925844,142.50517583791236,63.02223218693794,91.11660732519591,133.71837163475033
2019-03-25,70.38554580093988,56.783608220829734,102.97427950264482,150.86600838159055,75.89218866185465,88.37484683898673,70.16900815454157,72.42636654472008,43.12045859209363,75.78019588367853,123.24736140575622,85.49821500332939,123.08073918524993,106.7174808460509,94.11737692757328,112.84235002884849,94.38098600488304,99.16926436129512,144.76673605646562,60.792703974896945,92.05905829574276,134.45411708665105
2019-03-26,70.18300984788074,58.117076684905925,105.20971428965942,153.93273256721713,75.83870835143877,89.12556193211962,70.29630282661873,72.5434108931461,43.647951184273296,74.88754050780128,125.36599037510912,85.87367583334282,125.05849982934478,109.77252546559079,96.38754126054067,111.33562676788713,95.65199935336594,101.10843894212876,147.83758783303173,60.19048999030596,92.03722255300917,137.37335422775095
2019-03-27,71.06025846614152,57.42805912487806,103.14310759297562,150.560776826842,75.55428782673818,86.35055618717031,69.59044356028362,72.39307749643669,44.25447030896839,74.89829522362086,122.9052096840525,86.64097132314313,123.40349439995205,106.77829653766638,95.840392293595,113.09942610338078,95.05297644072921,100.24362848689866,150.59867266443598,58.37204818278998,89.63550743456777,132.84294289807383
2019-03-28,73.14550531913187,57.99406142762096,103.02030755915241,151.29832910466985,76.0557710645481,84.72088840418246,72.98749527163545,73.5265395769352,44.76831000315645,76.05641239571264,124.98227651028603,86.88040156413192,122.83622842811688,108.25862156616024,97.25752510868534,112.52550641458433,97.53930684082526,101.17309330281084,153.15442238272993,59.87516295365467,90.11873385034204,134.12169681680305
2019-03-29,73.52090364225033,58.35389526626048,102.58550505449765,158.08933625286272,75.21998850808488,83.43735674754505,74.98822484643613,74.84104626458053,44.447260113251936,77.16505326984782,128.52481436756716,87.72022062692035,128.86781526128047,106.55456587495581,99.26250982465565,115.6385175211407,99.83055250274508,101.88686856169907,154.06767482049048,60.880018141074494,92.14266434933415,136.6911236213036
2019-04-01,73.61744911273418,57.80708986023607,103.31273401253303,162.53307068085925,76.31071245374693,87.09463490660873,75.86574611263427,75.51985838296059,44.937074317309296,76.80908026839464,129.0716408097959,90.33406522529259,130.74802951004898,106.65886134991064,98.91499561663889,116.19259486040765,101.22704678222394,105.0234041253699,153.211991702861,61.37212962344426,93.4941439097826,134.69203072491516
2019-04-02,71.63111463506475,57.10392762526363,102.07178551051686,159.61845111496143,76.06775898628491,88.03559080179559,76.82532438500257,72.4039654296088,44.810927423721104,75.47599443720544,127.51109285589848,88.92689310844816,129.72304995180124,105.87683127721229,97.12268868561802,113.52490512995921,99.5736432094552,104.38388611583503,153.8333155125725,61.56833971355079,91.94752446153753,133.97203300841016
2019-04-03,73.0918376315657,58.12956067030944,103.5841723991813,158.77317867958038,76.75585944779644,90.89178108431175,79.06279824545376,73.54177703145582,45.81858704269236,76.08640252793506,131.38697013112292,89.88576596903354,130.73628547426856,106.56759010066351,98.10288105621291,114.06349376086227,101.74655684060659,105.01235830872339,159.85560945264282,63.65724195856793,91.81807784597437,135.7130793101238
2019-04-04,74.55479649397161,57.278855987018815,103.37653907540462,158.8862156491202,75.03519878135795,88.81513183606158,76.80407835089501,71.7990167125859,43.37649533789897,75.93096426429837,134.0749252956551,89.41920775523772,126.99044088239941,104.75066328778868,96.79795580109304,111.53767702158683,102.30563993812646,105.51074918852626,155.9476515001671,63.87802667592474,93.32798621868935,138.58076366696386
2019-04-05,79.76840666390206,58.55351142421841,106.05353269851659,165.1921918582614,76.98998758670722,91.79508069241508,77.48986312890068,73.5918290536824,45.46693518681086,77.92334238162789,137.94508947420775,93.1668940268916,133.6374340616186,105.79336957426189,101.02129787641573,114.97339085171733,106.11981033683169,110.85822354159096,158.3677684502996,65.12958103745358,93.79262148391409,142.2594122322924
2019-04-08,79.39338484802622,59.02869128916912,105.42222386591871,165.10751378014808,78.69897066400624,91.59243302135349,80.71751690964908,75.24213371325881,46.72719529303636,78.9043307364601,141.998005312179,95.78605638942612,136.49607286949848,108.42096210971269,102.74417973387642,118.02738973553286,107.31864811582935,112.67615013091702,160.64063593440514,65.74876210549915,94.41355241371029,145.58551406632662
2019-04-09,79.92116084411987,61.675191455624315,106.61928198301634,169.25803041002754,78.89839708020597,94.1227459234919,83.75166716522713,75.95529615950538,48.74321593367497,82.5752969979009,145.45493134771937,99.28510119358958,138.30899576721202,111.55118792646759,101.16629165247092,124.32599797716186,111.45676339028188,114.01225134337939,158.8638241638182,67.09317283685924,94.00510717150495,148.9048745628599
2019-04-10,81.08977354314534,62.28523211144853,108.74912354686263,170.18415182046624,77.64438024684155,95.2969881102939,83.75009742294796,74.60570556307158,49.97523810747059,85.32583885682502,146.06697417429115,103.03069179782759,139.23684298743166,111.51013151927829,101.06630735365577,128.2502531680845,110.74752281143013,115.87838429513799,158.99253383348935,66.98811748745871,96.1824923600561,148.85100613023369
2019-04-11,83.40617204716732,63.1743687528805,107.19628489518685,168.1220862660254,77.39135152947817,96.19457557051851,83.01500799882821,75.84904472852814,50.352272404296045,83.8088109966053,145.5610158293652,101.79231700878609,138.46402143766622,114.17317604436387,101.23335525546806,126.23472171301334,110.62037551985264,114.74986084483166,159.34544448234954,67.2728820156623,97.53802387277243,148.13327009890492
2019-04-12,84.80073279040842,66.99512568021754,109.87323811998257,169.38983755052942,80.8632221390345,101.82180157981847,85.60137442213022,77.62630610228216,51.849227136862154,87.30638007110902,153.2669591493256,104.70610541916498,141.4539269015683,119.02984068446308,102.96243850986356,130.83481005934453,112.36226859446053,117.7945040656268,162.44848711725047,68.56652228747839,98.86758246478097,154.09420277880852
2019-04-15,86.28457033197257,67.01862375105627,105.01993744952136,166.53155452503552,77.98651685076484,98.91200626538416,80.79034941774893,76.69645487636605,50.529389805340564,86.52900929448758,148.54733317254713,103.95730654778589,139.38603222457004,120.71223011857155,104.59358898469029,131.4917025695371,110.8684887334128,120.31360944276327,157.30912006020043,66.54734161123248,98.0319401429573,158.01057769887086
2019-04-16,84.11687032279619,67.73538223220288,106.30848765150452,168.1649061933161,77.09229404957497,97.51787809952968,79.38059084263891,76.87808829184921,49.851197029462796,85.04506721124773,148.1255270011649,102.98370380038804,137.978547640423,121.31200115503268,104.15532130888161,130.42189587639027,110.94799552481484,118.28019243831443,157.03604905697216,66.56271208467876,95.65050035587524,160.05007385925268
2019-04-17,84.79076842682066,68.03547878312172,105.28131339577276,165.53906339730943,77.40339801060274,97.58279561426602,77.95634931840347,75.28585563715433,47.87556829495731,84.76190361491541,147.53013542943876,103.69075553028404,137.31744025443646,122.50525431866406,101.93362085656837,131.27295891448992,108.93862190870085,118.45604391340035,152.00616920948707,66.12005840268941,91.81976841342836,157.7798809179797
2019-04-18,83.5833423802594,69.00214568130069,105.71636800710544,165.26438247954206,77.89202141515315,101.59018306636571,79.42602577244595,76.71504185120855,48.26280332710556,85.17208085157446,142.6645472489707,103.22409971568325,137.1081179053887,119.75634261962175,100.31966166046959,127.82769098193612,109.49523185669806,120.58419410236561,155.18690261582228,66.90728480042539,90.83053554930777,154.10412571938082
2019-04-19,79.89170181211274,66.70916901804122,101.92169085316792,162.68662401022124,76.00964178161705,98.4737925191876,78.1196551491327,72.81509029355247,46.92646198662087,82.66125697782397,137.94252550047156,102.45987187888203,136.08018926832153,115.57926697707038,98.0383057564378,125.76905163696775,106.78221094485018,119.14838551317379,152.56230404262638,67.36265539355266,86.86225891574648,150.63386042321926
2019-04-22,77.50080291715668,66.67751686211491,99.88807216246099,159.18650944964853,73.5621690785036,97.22856091666517,78.60639542993826,72.10567526622748,46.86576055443477,84.19232753827492,137.51838823099453,100.52501722806718,135.6048275675927,113.42180978779058,95.8607917599272,121.30302480885346,107.1443982893228,117.2072118222146,151.0759103105234,65.60843356046047,86.46202605028844,147.33028682949026
2019-04-23,78.86353776390098,67.03701886271415,97.10893925627772,166.12571267361244,75.39293872616308,98.83888231260636,77.56630972325124,71.92832378101664,46.33793013269988,86.1826440820903,138.59652599747847,99.21186269410434,134.47092289671463,115.18181201921142,97.54117672429173,123.59156617908673,108.22173267644843,116.6106414493651,143.18226871982614,65.81555254203481,86.14525004716545,147.4480371408775
2019-04-24,78.76872795741171,67.03165024189192,98.20450773245821,168.6583694707134,76.15497608403729,97.28575081881445,76.36221276184968,71.0406883621464,45.70778613504046,86.5187469930325,138.24298341526426,102.40717119492989,139.06227157886116,115.43999342193156,91.21367312780859,125.46235306064844,107.45780878537215,115.3307824429234,142.53205707939682,65.44350528343068,86.90003850162742,144.15334488186835
2019-04-25,78.73381607710233,67.02063990174885,95.81438745668548,164.06974299402523,74.62181104826165,96.68362116887867,77.2266971906742,68.09304881402394,45.04717801514471,83.96474999824441,133.5261937714745,102.60908748920109,138.4555039043566,114.7714635415102,90.99780693655451,122.74298844635553,105.41372359842947,117.66661256703618,140.53776882978894,65.34496914055887,85.8306055307862,138.35023187580907
2019-04-26,77.71611040530118,65.88510605289953,94.8155808584375,157.68066363564145,74.62946271699538,92.50294198251157,75.35829330562552,66.20320018131208,43.70559548863281,83.2582692137902,128.3368766684282,98.05533447180028,135.15533171447098,111.3130608770822,93.03955334065533,120.7584627135391,102.2222538940466,112.96262832347317,133.44875600502687,62.7629388555303,83.96655133922904,137.9731419559153
2019-04-29,78.55898152025502,67.18470384996778,95.39212593691688,163.93045178976575,75.4520597747666,93.83479568621112,73.94101812134866,66.97731035552975,44.87616936003285,83.15507300813633,128.69982198040688,100.58035101370216,134.034949611499,114.62209594215977,93.367986497033,121.57713753815449,101.91580114812294,115.16889730712198,139.8148224731318,64.36858606761628,84.00290549267811,142.23576401972596
2019-04-30,80.10626911230395,64.72900898781683,93.63105860379969,165.69526536167547,75.36715391377264,93.10658006505922,73.78375812551515,65.55853744394197,45.14622360205803,86.55575735405704,131.26275853811626,103.54305593812921,135.35329080956615,115.99894063905809,95.54746022121344,121.66577868271756,101.28305033598596,116.56125566906425,142.16604923914593,63.68630324553595,82.77276463508386,142.04839484727262
2019-05-01,79.73779635889777,67.67008839872058,93.7022661907194,166.75604834770706,75.12885586113404,98.43578165906783,75.40113130083016,65.90533493308297,46.567567406155106,88.84937463510295,132.6797419205486,105.92320918305427,135.08239567955644,116.34510610205734,93.44008766258382,120.36425309575814,105.08039988343975,120.6408315246123,143.87949458593312,65.93582818102097,83.47165812398725,143.00393051605525
2019-05-02,79.4866869011865,68.83602552260412,94.01430997227307,168.7179923295301,76.37215095015986,99.0167045542858,74.47919834123356,64.69848630061728,46.79596377254563,88.76370697883925,133.2184151860015,106.01190050722593,140.46296155459035,114.14906127041262,90.64313804809865,121.01952086242461,104.60037049343522,121.3428581160092,145.78511734423694,67.27694302740122,81.70072794329425,141.96391431268754
2019-05-03,83.03263467258019,70.62881874243664,94.45554791317205,167.40006840388264,76.1492043983853,99.29576348399998,76.16039827567172,65.76212360916118,46.47067513280521,89.34627463784472,136.85653945942738,107.15895673725737,142.43995025643778,115.43768554359156,93.22687798044753,122.02632402245472,104.57472176487569,120.34891564810037,147.39243563483652,65.18695619181352,81.97467156810823,142.31279591426866
2019-05-06,82.09810951011103,69.22054361204158,93.09096511973004,165.49531723251027,75.03862639792654,98.82342957240122,74.76257565717438,62.96264383027707,46.69086863512003,88.17463914236356,133.57760792281317,103.4325387343103,141.0105743394393,113.39083335383862,94.02088660802569,119.50113806341147,101.59074878871749,120.04362571495973,147.17531714667882,64.31059059285461,81.53694342378203,139.95909069433094
2019-05-07,83.89655753441185,69.91186245050942,95.27784126018783,160.15537095643987,77.58900027814566,97.53249138877293,75.19154919511301,63.85216037721339,47.31417989717127,90.71997722391941,133.42221643244386,104.16875949247802,140.23969769481056,114.25640181558903,94.17061126587299,120.00995442942457,101.07847832434447,119.51008245234543,148.21584662008038,65.42715838517339,81.06302156498269,138.5839741597498
2019-05-08,85.57104580976846,69.4864160937021,93.47422582807347,160.1179683929316,77.29930101763492,98.14886404559384,75.39743605226016,65.29964249099454,47.726069352553694,91.68313985437273,134.93895690213432,105.28189106174783,141.27741330473026,116.01829635532015,93.90698299520119,123.54850796942165,101.50436857471301,118.0865124009358,149.32676071447176,65.09961791000443,82.56356252481243,144.25283555318615
2019-05-09,82.77180551830223,69.51620436499593,91.38745373448589,157.1699749314714,75.32367292524141,98.60058260666749,76.25565166937092,65.05252479705013,46.948837245780695,93.20577973547395,132.3571887117077,100.91591951501117,140.97182602858712,113.04701149319817,94.35790179275915,121.66029954672537,101.50607724946254,119.50161866616416,144.87615820064946,63.95855688100666,81.78394048824579,146.27589569620545
2019-05-10,82.3509511516245,68.06226926157885,90.91107795487454,152.3332805147738,77.2605727054677,95.39879878925261,75.013470781025,64.26716851011507,47.76335062406502,90.23266883844202,134.72679429076604,101.30515824138661,140.79643413399276,110.52944347761857,94.29093075832338,119.31222631602365,102.67332874127952,116.86463344312773,143.10104099146213,62.94611282081794,79.97698064571327,146.80529809638554
2019-05-13,81.51092697517629,70.27158053344547,94.94818788038785,152.34103254691476,79.9842191353728,96.59606969137472,74.59080578063738,64.94872044315741,49.21711627493784,90.45895208243459,135.40210821859765,102.89854619400442,141.7639036976523,112.25313348702556,94.83274664774675,120.6892834948515,102.70833903029022,118.06851085335148,141.66284622681448,64.59228014911386,79.74860084359456,150.29313026673123
2019-05-14,80.84157882919044,69.1453222477691,92.2350729077521,149.56337627230303,79.40338042828867,96.8270208708796,75.3522744390905,64.23470851910037,48.29102460668626,88.4879047684872,136.4218507676499,104.78618238345443,144.1160036748325,113.17874001309261,95.67314140290978,123.58109581888414,102.97311480039384,118.92907227558912,140.22311390862356,63.117384281168036,78.8706803653511,149.91128515324525
2019-05-15,82.27723382304,71.51163856335756,91.73730473962837,149.0330673426175,77.91014506398803,97.35035069304321,77.04077134626647,65.19373364041935,49.659307774901244,90.17089814246755,137.89992331017953,108.28120786669658,144.07577671009778,115.28097161732771,95.30702620430984,125.1060628613123,104.52282510109897,119.43533002957537,135.01730639991632,63.205951313247546,80.61313612850952,151.26672857062218
2019-05-16,80.72755734288238,71.37879679141001,92.82951217850406,152.60540013158234,78.18883473071921,97.16142990892071,76.43684827572672,63.70209786677847,47.577082967216406,90.27358221194018,137.8046408007857,107.8997809094535,141.40496777143255,117.03279961693204,95.57434782081107,126.94008823545917,108.04637257434854,116.28565356112581,134.20077251169113,63.37088296435075,82.87039248631164,148.42352234948
2019-05-17,82.60666638611768,72.93102031180433,94.41563313240538,158.61074061020577,78.78326698848504,100.06640045145721,77.82414038395804,64.50500416363822,50.554363404767095,93.15098716995877,142.68857472754434,112.2909765686925,141.73162500175175,122.87445798089504,94.02503162137299,128.32652835382024,109.85559365521674,120.04821342275821,137.82990747855993,64.70979002631744,84.72675669699905,149.7533951735953
2019-05-20,82.49522139652835,73.80712022880626,91.638204186281,157.4727782431708,77.06402783763114,100.67704855777738,78.25208380788973,64.05614834651179,49.81487815146631,93.66752877600322,143.1165311671367,109.16553748929717,136.41898953343522,120.18414848004926,94.73247269935524,128.44060340306655,106.09285273245327,115.83654394733983,138.53836082451278,62.470745401767516,83.85549080755119,145.73882757592992
2019-05-21,85.03537825733055,75.01859181417815,93.79971683682177,155.93740454164296,76.04376475007264,101.71730942435399,79.6303231552078,63.86334008656236,49.69632195920157,95.89350359594363,146.70323464877936,111.10196199087596,140.71721970139637,120.4475326013161,96.0988020961853,134.1562160219178,108.3027001270658,118.35010738769475,146.54069582601443,62.39668049873395,86.47633802571875,152.26272902703406
2019-05-22,84.07009565067088,74.4992955105268,94.0132238575977,157.25978569599886,77.05634470583226,104.45586285316371,80.18264603053913,65.46944137504613,49.87106125642212,97.77167523749367,148.34248172690488,111.45602988803684,141.11887209700936,117.12693020129711,94.25039519890021,133.97378896861275,105.18277211705123,119.41169263469068,148.14102139405784,62.484613842814554,84.60873218709186,154.882224884457
2019-05-23,86.90167508413414,76.66344209345621,97.09705178553155,160.88511854703665,78.93097639752642,108.59324533778144,85.21614245019053,65.88508990977698,51.18142572792891,98.6969024823299,156.0430293989315,113.24272110925337,141.57024303483274,121.1583609752639,99.0247296632125,138.61075336574683,108.1193169024042,123.11150171237261,154.8906923712217,63.217779472895415,86.48315549480274,157.6788055108987
2019-05-24,86.9342137371598,76.06988662140964,96.71354501752273,159.0482530057047,78.47597665716367,105.52545999708737,83.82880685314495,65.26143694174445,50.835105160002485,97.77082475635173,153.7461923739862,111.05988445994076,146.34854814725878,121.15683745812375,98.87118204672298,136.67246601272865,105.91555696792426,121.19386862893707,153.66473945962045,60.57395397421602,83.36834844246314,154.02576293820422
2019-05-27,88.94615888715728,74.45230127558126,95.90264944798224,163.1337333306811,78.85677843902913,107.02857803056268,86.65449801545097,64.7543155302855,50.924177375627266,97.54128477112666,149.5943008669741,110.86327749928535,148.70499481581584,122.48889829071597,100.38240580118732,136.5239341154326,105.17883109385873,123.85098461000362,153.14733217301892,61.0159562905593,83.93720350079677,157.8473621402238
2019-05-28,87.5124875031635,75.22500646463494,96.96639047080525,163.98682023179373,81.00888768451738,107.51093122138809,87.29911900695308,65.89314292228981,51.01523670057692,100.00175643219075,148.0801257182943,113.29238994427187,153.6961948216773,121.43518949723386,101.28120012008515,140.65810776558902,108.27273125407893,125.02565104290268,153.64908244587164,62.62653259582438,86.53110915162539,156.99293406342665
2019-05-29,87.26705865929975,73.9664208977248,96.5923371421401,159.93650764507274,77.30132412892151,105.5108595234183,86.36893346520199,64.84940258853113,49.54171120636639,95.95436996322294,144.8675447368365,113.22643936107644,154.43332143446509,121.89284678589512,98.60637963184574,136.2387963641554,107.55840791195658,124.46047713659313,152.59282652610892,59.85481297089654,84.29694527372021,154.71774604929232
2019-05-30,88.53669662984929,75.24950414735046,97.31867290089335,162.58040349054926,78.14696993460926,106.92166022311292,87.12252937075854,65.75171352458968,50.53630993985799,97.38642249640785,147.1158742104196,116.21419594445616,156.01225963147505,121.4676407192975,100.51793351820679,134.28953257093636,106.48555771205854,125.86492989730894,154.7849159929682,59.1108685212421,84.28586789719338,154.277629892032
2019-05-31,89.66166587989949,75.38659622523379,95.99226369053363,158.4045484372957,79.3865886086064,108.09676934746702,86.34971301647606,66.57899474234677,50.567536736808314,97.22947381009635,148.53745263684095,114.28938790862985,154.35908139064756,121.02814651238639,99.36635071375676,135.01241828179803,108.89169277481234,123.75611487038776,150.0495316407976,57.014429549238855,83.60746472085228,151.90366979066908
2019-06-03,87.86008099862028,73.6324895922645,96.69620612099261,159.18481099352243,79.10929570320715,105.83732566017649,87.48478264642539,68.23192791507763,51.10203088445141,96.39067619316533,149.25799453038817,112.27819352519228,157.25543455426242,121.52702344677849,96.919476409683,134.722494039122,109.96360611950684,123.49605521831947,149.55807625528126,56.132318995184015,84.48596200615259,150.86575576514784
2019-06-04,86.65374822606586,71.1104777741569,96.75349187882894,156.15348244802263,77.49578471599646,102.62268861661806,84.96075993393744,66.05713442706103,49.453211283505624,94.395096640362,142.85967890305687,107.60565207350089,150.59955578262358,122.15987222413492,95.2330907986816,131.91424210566345,105.41770354124588,121.50440839992075,145.448279196675,54.882543555046276,81.1877245791783,147.3847831631352
2019-06-05,86.67113992123232,68.70150304503423,97.11976591355855,157.02502024699655,76.11010912468603,100.25048115905825,83.60254139928874,65.52016043521998,48.70075980112711,93.70808943247168,144.35047031859315,106.28191381314326,146.0192657688527,123.10085155311414,97.13711809460683,132.0331391636366,103.20369641249728,120.7092364189404,141.97905114900902,55.15458699072514,79.1312462380607,146.0306214643752
2019-06-06,85.27291068482356,68.15285113203205,96.02068137486599,152.87140393791293,75.9389452553429,99.1107393322768,81.22995559956853,66.86403033247788,48.36700064168705,92.03907167960553,144.64787815503448,107.9797865409951,143.9994841725154,122.30794768988295,94.67945609051,130.28563602274974,101.69300150713724,119.63738083955555,140.96066475238817,54.975079372632145,78.33703275763614,141.6769823167534
2019-06-07,83.61294769197866,68.18888682479127,93.30274972739684,150.39139698840194,76.19968444913377,97.15518252550996,80.34476505239485,65.56010064537747,47.673063759258504,89.94800276032936,142.8642474212794,104.30442980658432,141.65066748948487,121.52358497223767,94.3433393885335,131.7399649129663,99.99198518560445,120.99294667830596,137.6985853041912,55.473598389852995,78.2985857520827,138.19690203363626
2019-06-10,84.70479508398749,68.21108301227112,93.25383832314132,154.09416696870832,76.39808232372765,98.71655559679877,80.12192519845283,67.26981981345418,47.194413298092016,89.25162196150694,146.1050545692849,104.03431001539215,145.63113417383363,123.64563947912357,94.17173270650365,128.44301030510667,100.37142440011247,121.67158663643,140.36541143118345,57.02193189602935,77.75288498302795,140.42217581737657
2019-06-11,86.87768282165872,67.46312544035949,93.93025404945821,152.89981578677524,76.89816425198768,101.96158507054115,81.78812972865181,69.53953754253726,48.1875898018342,89.10140055028201,143.13821477487815,105.26367901430373,146.5596679275872,123.01883519314869,92.29401863739011,127.9835079916751,101.04064621498469,124.05306377767518,141.9559002249878,58.94390369993475,77.30406051390283,143.62390102086528
2019-06-12,86.87570331031174,68.98780175754194,94.43709759487348,151.4894541469583,76.95870036964973,102.2604956560295,83.05833677649007,68.86079961972003,48.573528920944355,90.16306949990542,144.0080065576322,107.49229042449059,148.40308466283795,123.12406217913505,92.48417007111894,128.5276715496044,101.74965640967022,120.77591863457562,141.45671609657336,57.688457429875804,78.90649659394713,143.631777659721
2019-06-13,87.88251966848587,68.18235327339893,94.15532828668871,150.43696662211016,74.79707787332217,101.73898182931136,83.5445724281567,69.29924642102196,47.93671151464776,92.2518912634463,144.70486670671536,107.34644539583444,149.009984001424,121.43218548137216,93.05181668326176,127.65631402074104,100.1858787092953,121.582897549323,144.41511034112708,58.20490464595114,79.88401245199647,142.234305026353
2019-06-14,89.98883400751355,69.29316415234814,91.91365696729724,145.00755330615672,72.19737998088074,98.472517004635,83.10718466478822,70.68275148682497,47.684881225058255,92.03808375457471,146.69887732752602,104.68072545585196,150.76257015862228,122.78129455600623,91.21203994971057,124.2199410091295,99.35304691906592,118.66681553585995,138.99158449239033,58.23093056470381,79.76472179580142,139.89614903914023
2019-06-17,87.9206973304653,67.06963988224523,90.08726173545851,145.0909428406071,71.92615700161178,98.08665768086074,80.08454787027091,68.76494102732222,47.224603599155024,90.52701576976462,146.8360909449342,103.79655787498238,152.7175475312957,121.96429431376869,91.12434327025842,121.6425985782316,97.90844677476825,118.53744366975313,139.86786211471141,58.008731651894166,78.25733031364584,140.72232650762575
2019-06-18,85.54181765639309,64.58336869776807,88.57190038262904,141.4727184409649,70.67898919774528,93.23159743241973,77.87144763505692,67.29039518222133,46.38797625242778,89.75359955992715,141.52294334979817,101.53430384432299,145.27236384683465,117.83276422397388,88.07475395949588,120.10532488071523,94.47491888072167,116.8828217427863,135.8850018975036,56.351928859944636,76.27911006096416,136.2514248832521
2019-06-19,83.65082618629997,62.93092206607962,87.46580015818073,141.68558521988143,71.04164537529248,91.84209079794624,77.42640699973919,66.50543641893744,45.20880485201302,87.22711242196058,138.88656296187992,101.92602924725014,147.62856793145284,119.3786297792055,86.40833155467911,118.96369857393965,94.9772250280565,118.20026876992382,136.66075365118894,56.03035012732361,74.2832475805103,133.5628446471704
2019-06-20,82.80839680156417,63.37634404699588,88.61509793193066,139.75911498194776,72.47999432501219,91.91064536952037,78.8991355150524,66.04767715045328,44.47621852082597,86.7459930039031,138.3503673995983,101.70631786250726,147.6922815940246,120.41496514500854,86.07876278413548,118.97047765190771,92.89087990862978,119.32873529498698,136.7922319555624,57.589450475100044,73.45373259919613,130.43041825710438
2019-06-21,82.43265724243591,62.59319012591111,91.35133480026973,143.81610934662888,70.34219475761141,92.25215707758117,81.29911395401004,65.98851676734947,44.35642008265058,87.03949565620825,136.77155111796014,99.90054108220443,151.17856256638217,118.02746973495834,86.93171469395061,121.38000520047257,91.59490605776071,118.60713007625935,140.04689163451314,58.49995107430602,73.37533135958617,133.80211721586898
2019-06-24,82.72351648871444,63.271019272530765,93.10292628999237,145.5490224542233,72.37950071611611,91.70641536678401,80.60278641684567,67.1137223201813,44.621948932237714,87.55990139876594,135.07958025029387,101.41619376500314,153.30823040675662,120.94046008733322,88.58906596885492,123.1486265843527,94.5748032764764,118.03679809949625,143.39967678025405,57.90390801355609,73.530215929042,133.35904109726366
2019-06-25,83.47278307555618,62.806548854860736,93.59524599748119,145.30614929439443,73.50392607789259,91.19227816206346,82.8795487572135,65.99384956635912,44.4458819507619,90.59945839956093,135.51871526843732,100.40813002967042,155.3118745193746,121.26124580393044,88.90483758543972,122.74414327962992,99.42733377257144,118.74620302412292,140.89716187106475,59.767774407763966,74.99121539748873,133.1305055702443
2019-06-26,82.71206041065314,60.65232731621245,95.09381543022943,142.79129421136483,74.3592285655627,92.4477111003812,81.24456269478868,66.69855976547355,43.80690848468236,87.52966144768139,133.81031260832015,99.92287093794809,152.55687812828165,119.39344013898277,89.9619207879405,121.97716944806993,97.09607064912659,118.71450085047222,140.12677329303142,56.86177549947924,74.71584762665199,132.47550368939173
2019-06-27,82.52092561298136,61.43004512127639,92.919691517766,143.7548226352533,76.58534674161352,91.78691454508004,80.97474760621013,66.52377465109035,44.248144024840215,86.67066742646834,135.31140479940845,101.2562469973773,153.87751142090806,116.30296746667346,91.7266407567174,124.0337705399621,98.36743437771081,119.45457741074644,140.62123952570974,57.77880210027989,77.115253361207,130.66666284087032
2019-06-28,83.40412002822389,60.7911608334732,93.76207018351427,143.52172855762333,77.07393738270456,91.4358270460771,81.43703410768036,66.94836584988059,44.8615300724141,85.53437811437782,133.7249247731454,103.15644388445962,154.08923656582758,119.72872389617173,93.24564903664404,126.80661136830004,101.76090326476547,120.49285779215784,141.18182826536696,59.30491611546919,78.93866494060863,132.04226268061717
2019-07-01,84.72950705057922,61.74666905845235,94.05072489075096,146.14261851878845,80.00651578501957,93.45418751383465,82.7239798351012,67.81334643182676,45.77178788135003,87.66811327779229,136.60842749835103,104.40665074530746,157.47445682885999,122.63772381791688,93.45181148257294,129.30965064957635,100.20171632544343,123.42511188367004,144.8909268530909,60.9838790622508,79.99720150039178,134.91196333683428
2019-07-02,87.1324369588355,63.653862988100876,97.262661854089,145.40831264401305,81.01790295358504,98.01766391249448,86.49041386471508,70.26258217522933,46.16718355674475,90.21192890543962,139.56490186584412,106.75089637419502,158.31651146848836,122.89545867231422,92.09139592871084,133.86689167904353,101.35312307272747,125.87443791989371,147.62315409468732,61.07388743503713,80.16294632629894,135.2367934688974
2019-07-03,85.62670687108302,64.98118531777222,97.956071129035,145.96775251159806,80.20181732979083,99.72013661279723,86.1572017241631,70.13722354644221,46.29182709830143,90.85361648237729,140.62386329856233,105.10640944338992,155.74023842538878,123.05774496331041,92.7434088967885,132.29941719620234,98.10112274807543,124.44100969010123,147.88470971098877,62.22227387482891,78.27237307028065,133.25197849034035
2019-07-04,86.14470370515288,64.52395830661756,98.35843416493864,144.4580926300023,78.38615631043277,99.04024475806871,89.16595324356743,71.14120666261083,46.79580728638814,91.43716249300391,143.04988690158032,105.09912519626988,155.75732152305318,122.74392723879713,93.96716066393603,132.09296830030607,96.2428986119219,122.76613498198408,143.01441084176096,63.848105429070756,79.09923852947837,131.02348570524677
2019-07-05,87.44213409991643,62.62854719343868,98.23401101025664,143.79213275770385,79.1245884921694,98.0857653559021,86.22652550867792,70.38797611998964,45.81558824671576,91.02576096383964,145.56868247408943,102.04352400829906,153.42322341742036,121.36029232987936,93.57552337190124,133.48528592674518,95.70535272142848,123.16572680535124,141.14665524899726,63.87790506303935,79.7121164170165,129.1935289705719
2019-07-08,89.70489022295833,63.07784320646961,99.75614379518099,145.11030456689662,79.78394266927481,99.46673799565605,87.82855315262516,69.80605360689403,47.28547802011069,89.33909897765726,145.34609130911466,102.89683862780547,155.87210921298512,125.41601802575511,91.97529849601787,133.84472397603355,93.58775647906745,124.42825273572329,143.00770847115854,66.02664495352793,80.54900596671933,132.47978269891078
2019-07-09,88.16103750408989,63.58556268798484,98.26224713231521,149.0042164012427,80.18087683537651,101.64025736085367,87.89821101954631,70.60202322354215,47.84170013130017,89.48999786570482,144.57653051670272,104.26463449684131,154.86105974438465,124.06961625100858,94.53977253388764,136.4267985463757,94.3733713302836,128.45763533031817,143.44280168076318,67.82564609410765,81.33932744484257,131.4245525779567
2019-07-10,90.69010028099603,66.21862417739459,99.885630916584,154.2214079893704,79.11529734294798,103.18571262541909,92.05118019200867,72.61399599543194,49.56343165885473,90.3442334470295,152.80283375172007,108.48051524460375,157.89110283496703,126.11751485153128,98.12717838227496,143.55834275910453,97.85413363955733,135.54252638668123,144.96683702686832,68.52327897502838,81.81134254831196,135.2625295990836
2019-07-11,91.9081148546685,67.52820094955834,97.85019214055147,153.22709047285358,80.28694715126656,102.59503151865879,91.3659384880905,74.01609712137312,48.85390640570043,90.32511237755283,154.5611395053054,107.81877801466156,160.1417737870756,125.35754180155487,100.61377763092851,143.7779683824788,99.08477605675596,137.3991339526154,144.58340654593317,66.58440898433015,82.45924286859771,135.74833414555033
2019-07-12,91.79794248992333,69.91767200503996,96.38093250328077,155.99730901447944,80.1625733936269,102.61770638367456,91.60894977538712,73.64843643373904,49.651043734281764,93.0176950232503,157.46223163407862,108.7482451303547,158.90440711934787,127.21562780507952,104.39000709163135,143.82902486101673,99.22648300538778,137.21413637399695,145.02478074662176,64.31324269446094,83.56819883525937,134.98632847642605
2019-07-15,89.12406077830035,68.66071491635162,96.677157221581,149.7478392933561,76.80278912070769,101.70871412435191,92.33183188367202,71.18032538808124,49.51746120558095,93.10771878733009,151.98699530450145,107.99291925648072,157.98688207202727,124.213346491505,104.17859873277527,143.41438892699136,97.5022850832539,133.6884413300857,140.57007734801658,63.05999561199431,82.70091583839724,131.77556926864284
2019-07-16,87.96839330855283,67.18350240579348,95.40946482652697,149.28355613337604,71.58030040966604,100.76217762345607,88.76003322936113,70.49893807794007,48.745434253955594,92.70723701620601,148.97179542757428,102.15389181850044,152.81667684398226,121.7455629788101,102.72311030985237,136.92184826040105,96.47226064153817,128.91735534728346,137.44393411217928,60.94001810879465,80.66857895846846,130.11627139031052
2019-07-17,86.47390027228117,68.27592891762409,92.807456507849,151.7135698795766,72.70713042809754,98.62369352802074,86.27583390466462,68.14996586847387,47.5211530880769,88.89851990394556,145.8001303224867,102.98430439889765,149.2269451221853,119.56205222985517,98.37312232021637,135.54585480084458,95.47310287397772,127.19390646786304,134.82129298817912,59.799492901889366,79.7007876169453,128.19622130741138
2019-07-18,88.44126229645019,69.37206048010624,93.4638456065017,155.80315979488273,73.46936947297915,101.13603007768552,87.12850359084186,66.37383629812196,48.45084091249894,89.49308462398176,146.23051526872175,103.84936098772525,149.07845163187193,120.46894179799374,97.54387666374288,138.4334989062542,95.70947907301719,126.99559906108729,133.2968330266312,60.29052443584944,79.90735074785269,129.47895675699627
2019-07-19,87.0834587338649,69.20093040727097,90.91019585548027,157.65949159336822,72.90598013626571,98.62356676524269,84.39927852644863,63.318475452383844,47.93527337969085,86.28971886142449,141.050217025612,104.15591100846034,143.0897057124485,116.27891276088612,96.02899661678548,137.14545833454625,95.26385545797395,124.9060134676587,137.0873319286274,59.36534155707368,78.52190008467655,126.38676327064042
2019-07-22,89.24837463334396,68.12605364755235,90.7462803834738,159.0133823809739,73.68554517750853,99.30454291911832,85.59029936194126,62.93658901533552,49.33575457240063,88.299223725476,139.55768875733435,102.67276584005404,141.11264319677332,117.68082149140095,93.903278596279,136.37566408232388,96.09336050131428,125.0177285042898,138.33196156054316,58.52828080962966,79.43869939020334,125.4627121594593
2019-07-23,89.24414346191999,68.04199413729562,89.40733367897943,157.74307578898998,73.43039554959832,97.09800980192159,85.09936764036983,63.35116772659364,48.47093461646264,89.68123053378137,141.96772080998983,100.39623394577428,143.49305239372947,117.01602371087219,93.95746114287762,134.72260686971146,97.08794949086553,125.34227130077369,136.55297747978386,57.300739896630944,77.47103492917935,125.37786054206946
2019-07-24,90.19973993832558,67.7101149246745,89.142556986953,161.61643911521705,73.43041232641377,98.51842229538596,84.8578991879527,64.5054182936118,48.78881364758739,92.11628138027056,145.13156075096654,100.37957497205458,144.26356653941104,116.8993485947113,92.22771721409899,133.65395245218272,98.0824132853335,126.86499807743448,137.95246481388517,57.457953709518875,79.11692273853751,126.40881579698087
2019-07-25,84.41007489863969,67.63601739617525,88.02538334091699,162.52993892960853,73.7467204598755,100.33705797897036,85.17418464387998,64.48874795903643,49.31357452260983,92.02618747637732,143.06540549882797,102.8801491234604,143.13727115985924,118.4994380918292,90.7219672779508,135.10505636336939,99.23330158905165,131.1766154560607,136.1416533394472,57.44794098878925,80.81925750711254,128.16195498613345
2019-07-26,83.2327484776469,68.55520373126012,88.18303880151423,163.86171836033637,73.80836060044355,98.04619159606783,85.53896295392441,64.39444958539099,50.504321661015304,90.12092753436657,144.00686588896184,101.11992132782365,143.84205891946706,120.5389626657436,87.86030245840558,134.81814824456012,98.649364675194,130.13170204007662,137.45881827815356,58.56093430751855,80.86806584028787,128.8855518767955
2019-07-29,82.02137851711154,69.81749713140802,88.729741504577,165.12262238458717,73.04621994176799,97.5459429760959,84.96588868791255,62.70922120130184,48.97519720771762,89.50641302454993,145.49517469830707,100.30839797946233,141.89869906085602,119.27950169991942,87.29547322493042,134.2428792416447,102.02855198321758,132.42085069289124,140.13203345738614,59.69118437896472,79.8191608673082,126.75072198825544
2019-07-30,81.16718563170974,68.35295384454372,87.0130529014915,162.40445196472584,72.39930476597956,97.69790696002049,83.04038000093728,62.78956851838566,47.94362361758609,89.24665845504846,147.09271530464216,98.05047955779722,138.8588436929877,118.80149831083926,85.00810318148189,131.7061516731374,101.56469847259507,134.79501659328068,139.78045610104544,59.34540247741162,79.40711277834028,123.07744834282764
2019-07-31,81.68444763392026,68.57828959237838,87.66414164607465,161.93593995905343,72.5923426431117,96.04989963184318,82.49046183333613,64.01758767301982,48.060584784454704,89.40938013223655,151.65553063331538,96.22425370425324,136.79614105070783,122.06590592672923,85.12209072399129,131.38251319528496,99.91925854160483,135.94112535648182,141.16703717558727,58.47716413289194,79.31395744912203,122.67799105448772
2019-08-01,82.77060047664891,69.14440889648002,87.49092540024765,161.97244762038906,72.69581529667265,94.40198067894588,81.35660356170534,63.3197959495192,48.87046337382359,90.19225550996042,152.96066768603032,97.09225516485037,134.97836939035238,122.4137155373676,86.6085389070864,129.31923200955802,101.22020967190244,141.14914734050444,143.80684505578353,59.92050701754414,79.78794285542511,124.88505460013087
2019-08-02,83.43015750474144,69.31736254021848,88.49933467087467,159.33294280960072,71.89470004661031,94.36276633660007,80.01508583526615,63.46134006665248,47.565341576948136,91.39671201397113,152.65054989254605,95.53609621631792,132.18028901733797,120.97744471438578,86.67138148084841,129.22401151015097,99.31754223699929,138.19844789386565,143.87759605562414,58.779054336621854,79.18650629540782,124.09104554686708
2019-08-05,82.76826142754958,68.093461855488,88.11286129440593,164.29897966179902,74.37343929242284,97.99371027427814,80.85616452852649,62.59229959234374,46.54882956674635,91.62975842633598,154.0780499725769,97.79591913075986,134.44874433289817,121.89152872430482,86.02137525251563,128.01466325722313,100.10777824068877,140.21621575071447,145.15604053901797,58.110488217058354,80.26197260938999,125.39814741776686
2019-08-06,82.07341152532122,66.57905116607382,89.11639740891121,163.4888119075622,72.90475242559224,96.1440154299612,79.51262753997207,60.79773160227802,45.10217581758783,90.8445171014311,153.04765750421774,97.4642662916384,135.83111600939245,119.38365983635269,87.15551244125716,124.72655710156889,97.34097140297875,134.76918312034852,142.50997652512,56.94805577758444,79.98926270293275,124.29594375443742
2019-08-07,80.21613776960425,63.669731449297075,86.56500552409248,159.3234627734731,73.45800434450649,94.78014242246414,78.88849263099314,58.35669649744117,45.103064793849384,90.88672560557865,145.31524682944695,95.07683705141774,134.95103946946202,118.87629675394747,85.21732294708286,122.54272739181575,95.11416075832713,133.1169924830678,143.1709996012805,55.49694455443163,80.09082911703184,121.1089011005597
2019-08-08,81.06693227180895,64.27767420454141,84.0106031256513,156.65307547731325,73.64703399824975,94.5337479839535,77.09736653922346,58.40309436409862,44.29839515194018,92.63509198028284,147.08050108185535,95.00932630241518,136.38740084734494,117.83022620052039,85.17891316733267,123.92033690322906,94.53500622749185,131.3066900248847,138.11773161189478,54.88544983726249,80.38086646467164,121.64335163686884
2019-08-09,78.83513242798136,63.93660153876968,84.1691485846681,156.92854149525763,74.80555532134177,97.55004896675304,77.26739265284947,58.24970864814588,44.129699503959266,92.72590633054497,144.7911351638216,95.79366241552346,138.18970113471548,118.96112203290664,85.91490958705707,125.21720122147912,92.63238812716668,133.40831047613653,137.22783548596638,54.33740727820584,79.53190638455432,123.2193026806129
2019-08-12,78.16061255698976,61.55043825116978,84.15453860915868,157.13358193573288,75.62937073173113,98.62296512028587,74.20569056506675,57.118828662793945,43.078219969627966,91.67581555821224,142.4492699862321,95.06954923476222,136.96196413798333,116.69875962836169,86.50960472816708,125.41969016554461,93.69725521649866,132.48421229819922,135.2308624102609,53.33511983322584,79.87557899970871,121.01764513288721
2019-08-13,79.42898093369557,63.74321180839018,86.81132291009916,161.09634356177213,76.23869404347948,97.77444058012635,75.79853714907826,58.994981187348365,43.20711225077019,91.05908483923434,138.48390052486414,95.81798275641485,139.82160725730282,122.13351485812092,89.09636962722932,128.64019758402506,95.2509582728415,134.31732626873062,141.02508905388632,54.70023408883164,79.26956802269105,122.5280496745636
2019-08-14,78.96630358116369,62.73094553023516,85.85192119551402,162.67565237758305,74.68757902840198,99.11339197086753,73.82327232309554,58.146218260289416,42.322549099297596,89.89436411027575,137.34095328605898,95.49305786562397,136.85803902665972,118.8673822318132,91.85634152099291,126.66129784090137,95.30711768527125,129.7487625698263,139.27697905967062,54.0544112272299,79.17584303999324,116.31153951220166
2019-08-15,78.81318328966677,61.328960196581775,84.9557513589278,162.3973587795226,73.68741863566915,97.73202275965939,72.01129170110563,56.15957221753975,42.688629441273136,87.45082536057626,135.81305732781365,96.80007646508642,135.92323372465313,117.68063392566837,92.57482104509545,129.225906593623,93.86359211418917,129.76711811126623,136.29450427734346,53.8649868567514,79.4012731850139,115.09891235698431
2019-08-16,77.61573227471445,61.29741856399086,83.1257144171033,160.05494276734976,73.86826905495128,97.91103309505706,69.27385085400188,55.134052258469666,42.20810947992288,85.87501064261829,128.51383481510453,97.03553763042872,138.3299099734064,117.28828954728534,90.76567990618663,127.64376780859071,95.87835478385858,130.87864304695034,137.18249128314244,53.87911492893734,78.11502325323414,114.16747789442088
2019-08-19,79.67218478300879,62.56238848895882,81.3114260268787,160.50707424537956,74.6450956464784,99.19801748804974,68.74968008540931,57.664131844201535,41.46564727639577,84.63388965744825,128.99567868869914,100.06469338832079,136.52083202098825,116.75785345569102,91.79325755640957,127.24832718983326,95.34583387525622,131.91905244119644,137.61774732234153,54.6830726249129,79.47243674770343,114.63213645514229
2019-08-20,80.70399047950895,62.9653678563789,81.62786289584001,164.01418584152276,76.63383025041249,97.51168952020495,69.2017389774509,57.43173747898004,41.54382575842998,85.60994320922032,130.98832821065716,100.28672654126157,133.13520927001832,115.52315188152406,92.89181563779309,122.14882150385591,97.41600168759369,133.4650438155953,140.7616031142484,54.73350435666075,77.32350873484371,115.81929349242783
2019-08-21,81.7655094094383,64.50140977232728,82.25666627797493,164.57295601662415,78.93488867994591,98.01198565297604,70.01750573691209,57.90909499246628,41.67531777426762,87.8962892658121,136.62022647529918,101.58270043284179,132.21785715067296,118.79188010916128,96.3319563241266,122.62481797928166,98.24574477004505,136.59222948253594,146.48201503891855,55.16580737901993,77.13466206926844,118.7341311542599
2019-08-22,81.90172008477407,66.11094889042228,83.72983027552918,164.31988956942266,79.7814841354879,97.00856398600355,71.75987885147936,58.48596445756519,42.040482091604055,88.97653206863214,138.73054689098137,103.96103261069386,134.71084796522203,119.69976816171557,98.29912723679529,124.51988997170919,98.59842953878375,137.70109128039763,147.86632677689104,56.134945775844045,77.72233599272708,119.2248212143273
2019-08-23,83.55072617200096,68.76246643460183,85.89008825576684,169.23278401754533,81.86260071033693,101.79958523201294,74.56812910697427,60.395419447608255,44.140522097307,92.35921553883091,144.08168927840413,106.9483972481847,137.75813563978386,122.5921326248872,100.08572375034089,126.3044023127761,99.49040337847097,138.1342078120731,149.67805698537856,57.33685571393008,79.95428250836807,121.60402873803292
2019-08-26,83.63640333299368,68.17211636983888,85.95398345620146,162.03549925269385,81.89910610327928,98.77105142236886,73.92226352056983,58.47387360660582,43.63043278940448,91.92436204784754,142.7499550936356,105.11313278230713,134.12363173244032,118.21502186670116,96.96011238011155,124.66715507404164,95.74214498038391,136.18134963216272,148.53725331523475,54.30378479349922,79.33419859994996,121.97344944609983
2019-08-27,85.62459105881157,68.45056428083709,86.48330944481445,159.39611146201182,82.34984361271451,100.32061104242872,75.24823340879102,59.98670635989853,43.581445156658305,92.22216318419936,148.73408391441725,105.23602259848877,134.98531597143779,118.50097153392204,96.52807694171995,128.4256008554659,95.31212142976639,134.34491175918177,147.91530483078247,52.859220224538774,78.96873484392606,120.6198022733926
2019-08-28,86.97222696647013,70.05224516423958,88.17204944985755,160.12587774561686,83.16723671557402,98.26875915783747,75.57249139148068,59.555414424414266,44.33670490984114,96.17961114005405,150.70368031455928,102.91473076213255,135.30802410791824,119.64409203886301,97.72403621287648,128.2446594974533,96.40711661547918,132.89017548371007,146.71724159130082,53.78405086070035,78.50038299531248,122.53552428840239
2019-08-29,85.79557909367772,69.68307285829955,87.19559986981697,156.20058166855839,82.01266955788019,98.92867246005034,76.7822083908935,60.32547507072702,44.31726320341514,95.88082631579353,155.99119489743703,102.73100437224227,131.26760200563905,117.90521557291792,95.92417266581359,126.10886840838448,93.08338557052812,129.93836391436153,147.87416563558202,53.38887680762648,74.36654215222501,122.80722072466905
2019-08-30,87.62819196688433,69.52351838902277,87.7555454693152,161.81657828251454,82.78355614820589,97.20289114200907,77.69618303653309,61.00882812647827,45.698852483000024,97.03149636891834,156.98186503449955,105.72575660875121,133.27434336349518,118.16757991534699,99.01883834847479,128.27286073935943,94.34182116814496,132.03611226928248,147.17058954059647,53.68575887792217,75.37803752772878,124.10352448246555
2019-09-02,90.27736275686412,70.74360870323491,90.52102703012089,165.31700371814566,84.09736826093217,98.87566940917533,78.09511801939784,62.64024065576524,46.574548840544296,98.071991971433,162.55215608277254,105.39968782450781,134.51801984164112,121.84080989932313,101.18630103971313,130.29245836059005,96.17527839861032,134.4603419203581,146.2699493393907,54.24571274123455,78.40604652923102,124.8207533222343
2019-09-03,89.45964786235255,69.57638013817886,90.87238533461847,165.24097261214524,84.78558765685034,96.55044037276704,77.34861631730904,62.11737511015542,46.7090767139837,96.1970403322093,163.67613850898454,106.91497926244804,132.06270313280555,120.52703631700803,100.30471510924126,135.17826372166408,95.22620981168782,137.38415105734455,143.28095619034482,53.254948611445315,77.37208561207956,122.81052110122863
2019-09-04,87.6011116615514,70.19505814699926,92.28473480926499,167.12879498279577,85.21334786332712,95.86552463665944,76.4007740597789,60.89594959315253,46.76575171322265,93.68094998436933,159.828187646109,108.46299205604721,135.45604779442166,120.89881910701682,102.10656314778456,134.60074355250327,93.04744388224438,138.25898440770678,144.59227908717122,53.16229796835094,76.99379443808276,124.23737965040664
2019-09-05,84.73299532073352,69.04775876804293,89.72409259234732,163.50336544558255,83.33736494648035,93.8017157069493,73.35275927530019,59.90445965974769,46.81861638576465,92.27044910931741,160.85567399938668,109.39373212234456,135.48818193884856,119.6525325709879,101.49417078475258,134.9702017838987,91.43736435459641,132.77471951591926,144.28965799183976,51.652763775745605,75.10721935425298,122.81791327365491
2019-09-06,83.92330970220634,69.21720138334595,88.13897095663211,166.50295754635732,81.3252625313344,95.65165051768439,71.61942965642764,59.03928485263958,44.633312289429036,90.95581909494935,159.11097354572607,109.17123291869007,134.2433551798117,117.8649277656436,103.05556163405838,134.87257583994216,93.48279872975836,131.6277140516722,143.14874818397365,52.24637878009706,73.1922743024024,120.49131840550572
2019-09-09,81.98540156125787,71.44753576893801,87.4922560994276,169.22221901794106,82.51310724891076,92.02022828586398,71.24116418734418,59.410955064512386,44.77622095413776,92.54577937765008,158.77930075703475,111.8194416870945,134.6769455958194,116.97066397694961,102.14009069928886,133.5299201307318,96.16702727703299,130.4234806617073,145.74905684207855,52.74694907527997,73.93235345567535,124.59090647820044
2019-09-10,82.03419389046095,71.28687887582632,90.08538732272059,164.74100235345065,83.70755454027915,92.92918409274453,70.3272731115865,60.579946260117815,43.243587053273366,91.91488371993462,156.1777684606769,111.96705716725722,131.773702568868,117.16189122047649,100.81913328150365,131.5450194982351,96.26017276361637,129.26395686735216,142.77409194118724,54.706997559146636,72.92383380613732,119.84084520086088
2019-09-11,81.42293959395273,70.21624919430514,89.74986499581675,162.22779248895944,82.54440140749709,90.56809845489,68.65073163870915,59.99450910019522,42.46487954956181,90.93946176221942,154.7216553952758,112.36582249874608,131.0643734706568,116.65546325881844,101.6852042649927,128.98861197720913,94.09034111963294,125.70997256894445,141.85038648791812,52.654874188677226,72.73842946780272,118.48148082329058
2019-09-12,81.87813971892807,72.004894947865,92.8698136238877,162.8464304784418,83.92639237154438,91.75061193414886,69.45049133446331,60.1448285406652,43.52082565135773,89.22001372689725,155.29709446375756,114.69568708322453,133.8002175692095,120.65756945280438,105.12691331668401,130.37179519190542,97.24366082366024,126.12545034410354,145.60299267686887,54.82286036583081,75.13505464719003,120.33005639265599
2019-09-13,80.96503625533948,69.66197562275114,91.43234073112411,159.3545906374764,83.04623697059854,90.26153465682896,68.62989662829932,58.64659201406325,43.52529212446249,87.56984571782603,151.1258142039453,114.67424343389803,137.26188973911374,120.83204792822704,104.81610381651073,127.33971503892468,96.57535083996422,126.11820779381723,143.90373852352647,53.257003532485335,73.96809991891075,122.524483340765
2019-09-16,82.63342207408735,69.16293861001378,94.96828135984327,162.7467000610721,85.69147840541764,88.88852118550511,69.97172735743881,59.20054004873051,44.48252523034555,89.58921740390488,152.5525230935652,115.6599336290667,141.28413731775228,122.85063121321265,105.45257058391034,127.93000942173101,96.13598570447658,127.37354361825817,148.53388634928046,54.336813726219866,74.65636941735275,126.16111428904676
2019-09-17,81.6813716079301,69.36074752742971,91.81076216846624,159.1105017013744,82.76396577955269,87.75778203250846,70.71681295705423,58.29445579408018,43.81605720953034,89.90189168681812,153.44851284552186,114.39712545629655,141.3803522885771,119.68795994728852,107.23214659189267,131.22189424053815,95.96568247925465,122.16973649795598,145.89834133854927,54.315223556452004,73.60120612040807,127.35879440418452
2019-09-18,81.86842646823415,68.55606470077109,92.2440276212947,158.97350574025813,84.8396292798499,90.70172775834277,69.3137283938358,56.709211012017775,43.72499808780209,87.83998657024489,153.30437435382578,116.53542838943862,145.60338562152745,120.94214680672626,107.61337653982727,128.23605987065457,96.71907684737354,123.21150179629586,148.1878246957364,54.143075021200225,73.62585208532185,125.48507314293647
2019-09-19,76.99575054631512,66.4368043740833,89.0277067252223,153.3825552879872,81.28809737543398,83.04178799471583,68.45749579236778,53.86618621827421,41.931735429195356,82.68947638950107,149.7984553759056,113.62855938432021,139.85336334476304,116.95360084456381,107.51561599373368,124.69045380839327,93.83476727742998,118.13318746346285,139.94424569968615,52.54606580249629,72.06861341279978,124.15471218062379
2019-09-20,73.58531267604306,64.0693327195735,86.46749567303898,149.02537275848425,79.62490083366082,78.9617684292821,66.5729352568388,52.028132607993776,39.950243618645025,81.55795370219604,147.4110357219392,112.19814307312889,129.8034573041099,116.61469480248486,105.2577626698888,124.70704032231646,93.082213425565,117.78979575803186,137.57855795696625,52.21231628996633,72.13725350978247,121.25773115275726
2019-09-23,72.4758470680487,62.800558756360665,83.25391424687707,142.62729908028078,77.26926132020091,78.26608679244396,66.17216984593763,51.26733050646206,39.34231032687161,79.41243775643589,139.39900823555948,109.36008260206142,126.90257943410151,113.59174409892668,102.78031797475872,122.83804134807768,92.5542940493483,115.12320386997762,130.57726770898924,50.86994117196939,70.72703417726872,121.24261665583333
2019-09-24,72.62355091764049,62.696634062950075,83.88200722531671,140.29872128757802,76.10701643300024,78.07105886291106,64.70187063891922,51.09242054943043,38.3626797606273,79.13257541013007,137.74359583332978,109.01124530374166,125.21352957473027,112.28543693760288,101.23320968199975,121.76221927006478,91.95484553940939,117.32974052944444,126.96480890755072,50.49468628100759,68.30059500238829,121.1416855812085
2019-09-25,71.11367785512564,62.007217261292354,82.0974324358442,137.22441939797912,76.75810347453714,77.2168881993926,62.85178046193377,49.90828340243489,38.50606294740283,77.40891999304792,133.4904507011725,106.4758725865465,122.55651655155653,109.82633822899888,97.3847774276383,117.74900079989557,89.61709919782818,116.84758649628039,123.92254155696494,49.68220740025235,68.50761446406891,121.92209834712635
2019-09-26,69.62037153983727,62.15350649530073,81.60024153322756,136.0191879336287,75.59211196420998,75.70518201914199,62.46439715781881,48.398816045898364,38.641128848267655,76.03328919073846,131.71422792652695,104.02265052076297,122.16789126029481,108.95757746766193,96.52523215773485,119.67722265964166,89.58841916027569,115.10592799020826,121.62680259351117,49.977392669093305,69.52232154726723,122.07368055548176
2019-09-27,72.04513914455282,61.177609560831,83.12394954451491,139.2048380551008,74.72912953551628,75.72467095262633,62.29796710175819,48.384078939310804,38.73160973902196,77.29792102670051,135.08176790306197,106.61118212260543,121.6910952715534,108.5210942789873,99.07573941931226,121.74888628675032,90.4760187132273,116.92052725574557,122.28312386724333,50.803685053803754,69.70391078343685,123.62360453806023
2019-09-30,69.63998460732188,59.41296114520521,80.49521686458621,135.62313836010483,71.70687702013105,74.58892811963312,60.73616933209123,45.99790181173497,37.319944804785145,75.79232409133293,130.5368438280788,103.60680710045452,119.39777270126577,107.15670310019665,95.09907218990051,120.53914182842044,87.78608055922585,114.81648716630258,119.99712070596968,49.501457342094646,67.33928437831588,120.90242019641855
2019-10-01,72.03526989735974,59.71684334457278,82.14009918813953,136.111829423164,72.30454827985226,74.69834401419548,60.22783317276069,46.20226138860924,37.35539433023298,78.40885061394674,128.91603463428484,105.82858477737447,122.21814604650605,107.56916591105971,97.79091076230189,122.09594389947293,86.25141473974068,118.23821457784273,120.29523294683045,49.708736750563176,69.16374240366765,122.67926762897602
2019-10-02,72.8579607749949,61.68711292693039,82.14678159616828,142.22461230371835,72.37822016054783,77.42378078599315,62.44768360531484,47.51736973993895,37.90154572226563,79.71989583336844,126.99654132986554,107.39268537124202,124.25399429754276,109.01228771156947,94.61876776083841,121.22024967747494,86.26796647799108,120.10497722220884,122.19962686136876,50.14915163105188,70.47168563534349,122.19095877420705
2019-10-03,74.10995764855956,62.22935192981439,85.03703210668193,144.37515587760774,71.88588773721476,78.60413257407325,63.93927410841153,47.68894559744001,39.00459568815836,81.13455098962932,124.107139458795,108.70479843267113,124.45682437471822,110.7325580022378,96.58449219081758,122.4394592824304,89.08906731919126,120.71057255610734,124.45568900312638,51.141952313372215,70.81078226377784,124.5620052532046
2019-10-04,71.9011879129752,61.82514201740238,84.87909276673285,145.95647841245486,72.25473596822692,77.47313256763829,62.511553715583375,47.73645013733369,39.50559703624712,81.4357549714378,125.4137054574522,107.62705353392691,122.74736504160231,108.76267051700007,96.39088507735373,121.83408452631554,88.76514736211898,119.66334343292975,123.84306233300944,50.20163149039187,71.34237896880794,123.86591478736338
2019-10-07,69.91301524292253,62.563748543604056,85.44152314466312,142.15400639288555,72.95949473931712,77.95071230902134,62.142044748363084,48.510303834402826,39.326167062662606,79.23348157619431,125.55145218843646,107.84016934051886,121.42871711036554,109.51422658938776,94.13847076644149,123.65513089121127,87.44563988632851,117.69278504079267,123.9493591980056,50.44266291241578,71.39482231445636,122.27631690913185
2019-10-08,68.64705771303113,62.650581267235495,84.95134379700089,143.18009424339533,74.13837050312421,76.11437374447817,60.835434227097004,49.23200382565743,39.44023683982374,76.13830971210264,124.59713667932876,107.22929019492352,122.24517043178874,107.66915794910328,92.79493554325211,121.96311949082974,86.19936465401463,118.46447203543491,121.0502088274058,49.685403533147145,69.10083037274838,123.42983449335244
2019-10-09,69.23512501709646,63.89319930402305,88.15992133292626,146.2987746743416,74.5230917119221,75.25834850539712,60.212484534497,49.65504347301128,39.26865441144989,77.38127085939077,125.26749813917212,107.20571741429224,122.00029950764937,111.87769541532052,95.4758156714985,127.03172384726521,88.24673961304315,119.55464016227222,125.2905504537618,50.43845246040114,70.5114305952395,125.28251575453245
2019-10-10,68.2132207099753,62.79566591060631,84.995906579836,141.5423918158974,71.2498858941024,74.28930091900683,57.50564441933358,48.55958387089874,38.58457003371768,75.57550078179169,123.58062005327145,101.86334920874937,115.96735392914917,108.36338275101522,93.47858354014448,119.27973596244516,85.85238132313238,114.40053523729046,120.56984209977044,47.6615322143349,67.24775757106447,122.71786103922875
2019-10-11,67.9393315308373,63.1140594438731,85.62502740531706,141.4955349829953,72.47458216728889,75.2022475483184,57.61068585008477,48.402699395473725,38.78373783567639,75.77667106326822,125.31341935335254,103.31875044831291,114.28821065434917,106.68428269972408,92.53350811880068,121.09645444852202,83.89063084652746,115.1688173513043,121.29588966398494,48.530596470857276,67.41224206627643,120.3428065090771
2019-10-14,65.99372685957564,61.64276044444804,83.17667543938653,143.0445814534401,70.22848759578358,75.17392094138337,57.398936566027466,48.02311023172962,37.54282965588536,74.63855357154621,120.42524063440152,103.58235232875954,112.89137657213124,104.8437587605148,89.89257917627819,115.31048791492452,81.65155866976252,115.81142634548047,119.13458876617027,47.868047431302436,67.25825002959355,122.26501491712627
2019-10-15,64.6331221330371,64.34983862104615,87.3633675781087,145.7805751088775,70.03484884658087,76.90064890386455,57.559225298805615,48.18397532353935,38.18845406613669,75.50794198325191,118.91129944211127,104.76618745472719,115.85108927991477,107.3551692985079,91.19801223373224,118.45351146352873,82.53946229929328,118.00953908675673,114.88776006528724,48.32544112621514,68.94406306791606,123.54196770973478
2019-10-16,64.73163180619319,64.0088228795857,87.99120356887848,141.24855760934074,69.50248038932193,75.53735285963748,56.272682200708225,46.898753819699685,37.270216805323955,75.55231102333325,114.17591042249161,107.01496148634988,116.09007712202703,106.72932010201467,92.23056215180966,115.44266415443654,81.28773135603933,117.18219070755046,116.84927164998321,48.04069905332035,68.9980663548246,121.80763446516957
2019-10-17,66.97088809273554,65.1890291897463,89.43201267522274,143.35384746518505,70.46445865345517,78.28232904704642,58.07850351541597,47.56717413897565,38.18390230152232,76.66518406201624,115.00281232281178,107.2503621357582,116.68189650509542,104.73544456722998,94.26330963099127,111.54936325063599,85.10535754722915,120.55355653201913,117.11407190379865,48.347366867068025,69.60918261894133,121.49150699058163
2019-10-18,66.98062158742917,65.46812597269967,87.91242977619987,143.82762843796115,70.8282769392015,78.55570458232208,58.05906412583847,48.507289585776824,38.100074475630585,77.2794422444681,118.03244265339781,107.41346716417651,117.37363098470301,104.86800405370462,96.96504365029163,111.86021511321614,86.97441999975777,120.69311069750466,115.9424815567472,48.971145915703794,69.4911194350746,122.95170651937332
2019-10-21,64.3546268933596,62.30862826731796,84.3386604814115,137.9366789324901,68.48579886662142,74.406305270303,56.64100848397016,48.06302362756011,37.16772590156221,75.79202101120119,116.3484861375152,105.93056947594665,116.8688337324094,100.68997021641528,92.84663131946265,109.59499026008466,85.08456506277707,118.19262424699696,115.3875458246517,47.39514161124762,67.72407259884895,117.16576195051549
2019-10-22,65.55858967629987,63.43829901033145,85.7176326321085,140.01708099548532,69.73006866956186,74.61795811266963,57.273381713756734,50.57375709471493,38.42844098041414,78.50976322120101,120.84021718152003,111.60165487933492,116.80484982422337,101.4527578352912,93.76034893068186,111.43365670438556,86.91518607999949,120.47601003454425,118.61246310524709,48.65363828320697,68.70775108135881,116.39136912154787
2019-10-23,64.27268906418807,61.35413864989305,84.09958190005747,136.02950160093994,68.79556618060732,72.2298324788064,55.531943468749716,48.70095759841012,37.6504182383753,76.13220206164232,120.26996056216062,110.99602947505086,115.33752364923292,99.07098117288939,92.82875793541035,111.05966530736085,86.10043458352898,121.98691212968657,117.90385656093801,48.76017436671695,68.02304173662627,116.23081215519304
2019-10-24,63.78498093269896,60.881891582164585,83.96946324157382,137.02857280452903,66.6948287364556,70.2474594523486,54.81773007959843,47.40378175308774,38.924011628793316,75.48874251760932,117.87875855118244,109.12092760917221,113.45016243709895,98.20814575669581,91.7334339963592,109.025644644238,84.95885832556013,123.3291211732906,118.88775002573813,48.49780244653815,65.94145364401396,116.10483801132162
2019-10-25,66.40182521293262,64.00793211851932,85.63643790562911,140.930178293119,67.28439473590579,72.66352387572323,57.515665374132084,48.37770979220584,39.556081092238855,77.77425703622424,120.76881045474506,112.26236690393759,114.8402101450878,102.61061889752006,91.66912129109502,113.12938825219705,85.60273185152356,122.35625768822773,121.53375995804747,49.236534044004074,66.02089188100544,115.38855660508253
2019-10-28,67.5227323843931,64.58124895300321,86.27720263136301,140.91488152962464,65.861585932694,71.7038535119715,57.87553313241629,48.70233785887575,40.43634017080795,79.3329847907723,122.9657095105568,111.82403061789536,112.49630859404824,103.27561139446456,92.41347947854999,109.10664467184411,84.55706004860095,121.12460184344589,121.83944368836279,48.65796853391406,65.89477546962158,115.0587353143865
2019-10-29,66.38661353778507,63.067144548187635,86.63880919172071,141.90928202384774,65.00083672276533,72.82018595705242,57.43573547250947,49.64725408990822,39.95753358588346,76.56950215232503,123.4209164364171,112.07209913727714,112.38450000589324,102.12478225327808,92.46433988093887,108.25524616633376,84.04590947902243,122.47086426587224,122.25321037149082,49.02968997276861,65.43435995497485,114.29473911650103
2019-10-30,61.99057154669559,61.474357780663176,85.36782626237117,141.20162505683032,63.86514479889989,72.00554798313932,54.82019464617848,48.94017632953929,38.45966437839576,74.07633206222015,121.47463189259138,112.71115323688812,111.499619413573,100.77996988777316,91.48586645599372,105.8233082840437,82.23038827151748,121.60975328672646,118.3292576534931,48.80680200155309,64.09599262097643,114.17376565029731
2019-10-31,61.35980123585531,60.59622941123095,84.06530121447321,140.69967055487461,66.96592270129175,72.55934969697505,56.00286184020056,49.24032201568003,37.72140866933895,73.38758761388755,121.91991027183093,114.79582655250562,111.86455669242129,99.69993351795276,97.06192171001629,106.8451459464796,82.80986894974389,123.26767588959102,119.3243929574194,49.47906958169281,65.9435763223845,115.32291253242876
2019-11-01,60.02143951511051,60.990881045023634,84.40276124929903,139.01976569598241,64.77388944538622,70.14790794610607,54.73171588515494,48.4211132975927,36.59780119505984,71.52299905249015,118.30909991191352,113.19977027700223,106.35030964754299,96.70171477429228,94.58374291160308,107.1857052568479,80.6767090924723,121.93077592311955,118.10209675341298,49.77179875717743,66.35418364523368,113.66052469828972
2019-11-04,59.16718857547938,59.94629132126596,84.65585088353615,139.1586228597125,65.00521002239222,70.72822573193677,55.21419723578188,47.64887948633553,36.453419145610304,70.26041583629589,118.79133921744989,114.40159191452724,107.39471463775831,96.32508390661414,92.88856262149633,104.22675879930782,80.20020219423427,124.08765468393956,116.78143621006637,50.09387614262964,66.83699578650233,112.5738038953297
2019-11-05,57.66348985468358,58.69895093064791,84.98604364006309,142.11436346451546,66.34085290242864,70.64594834210916,55.096171017314695,46.4712784696429,35.36099298307417,70.08783657384674,116.55206283598086,113.55948321155945,110.6988528956972,99.90092788629772,96.4860490663936,106.16136624008114,82.25213395048209,128.64715149547595,117.44769291237583,51.73977573119783,68.25607416398404,115.93996470957386
2019-11-06,58.606635415138015,58.15560315431672,87.06072427467943,140.46870118264025,67.76247033633838,71.46894020405416,56.49103683319493,47.65712046903566,35.8316287434375,71.4163774515571,118.46467021693702,110.42816505317461,111.18682113659374,98.4915409414027,97.09316342522158,104.68264658638847,81.00674099410716,132.0829481804724,119.71358574416335,51.872797529234084,68.59753077265184,115.8140974856006
2019-11-07,59.587486938288436,58.041256384042285,87.14263201174276,141.53123618811526,67.6521065538364,71.95209288275264,56.02504827192361,47.99786617338023,36.467321219374796,70.59675996786748,117.92766325899738,111.99165971112235,111.26472487073963,99.89044829967409,98.9088640012962,107.31618606938301,80.85677044573329,131.17116478378003,120.10437874205563,51.49527931314379,69.82072842197546,114.63421206755422
2019-11-08,61.908554011054974,61.046315578019346,87.4776230210387,150.9072272596167,68.97423017277843,74.61116584635013,56.67438030621951,50.23557319799129,37.30374439762028,73.32039496674221,121.18364631026328,113.36132196452112,113.08176400158406,103.06526816909367,100.10557781893141,109.32559523766398,83.957247382608,140.01648176990034,124.49941787719212,52.249029743062636,71.55035158534875,117.94370545100047
2019-11-11,62.32293694687034,62.08710347302988,86.7332097707424,153.3352345886436,68.54035583600816,73.78025993263611,59.07369164536959,49.29817542955619,37.28713422952651,73.04094973960196,126.61761731757468,116.00374987698235,115.18687407615616,102.16314000580066,103.66125489465698,109.68520579863667,84.86951433537243,139.8627900616326,124.39966543985429,51.853516107955336,71.18532462239098,118.57284964843699
2019-11-12,64.01796418400556,59.606930476127495,87.81344642525085,155.72304418429616,70.04898668360774,74.04450799208016,59.84636725275899,50.47731510968986,38.52358729765702,73.30479691149267,128.49146862568975,119.4821231349323,112.07060739972054,101.59676886762232,106.40013656341182,111.98813558206103,85.94252603391278,139.59389608376932,124.0231256731728,51.642895593031284,73.21901602394053,118.02501429926178
2019-11-13,64.5447696029843,58.86223249468844,87.82689656659194,152.04273926062578,68.46703903733328,73.7263026306057,58.7705172108324,52.11810797389277,37.44295786825894,72.2143801877223,128.30298653554968,119.02093187789515,110.39570026137035,100.30122292112215,105.07398402154764,111.73410951585437,88.59780734214463,139.98282352612173,127.15286210521354,52.11913195534016,74.68124652574694,113.25888226387194
2019-11-14,64.45618512040035,60.842398293157316,89.49603409339869,150.47814999075732,67.72753003780736,73.13645530925959,58.85338786458671,51.69092449054745,38.111230524124075,71.02106426465758,129.9653342509144,119.75501539887497,107.2856809103234,102.30662379090846,105.58469138084024,112.65150692735386,87.30131360741181,140.8342257287996,128.94878172165872,51.87247179237881,76.65694396174094,112.96525558418334
2019-11-15,66.08153310737639,60.31693389675674,91.25509973580985,150.93933588931046,67.82190530444706,76.2517061213099,59.80553553004007,51.89155094664339,38.66201142689678,70.73159011376974,134.66840934704277,120.19262638477915,109.64906951646404,105.82914625644526,106.61397448971391,115.32763115485976,87.18242133411748,147.9852205918985,132.43478740786833,52.45346075123241,76.80766360057933,114.3637068546874
2019-11-18,65.6560163351765,61.159306510438554,90.89419716230898,150.11808112507794,67.4618351134146,77.02967861124883,61.46928927996952,53.10739753765585,39.49072065043009,68.404602124616,137.03969677649897,116.76540635145017,110.30860842605514,107.78038763352768,105.15420897183134,114.68912260515994,86.07780782900157,150.18304854426128,131.89101745347045,53.62029512142689,76.8870518288333,114.35878327310529
2019-11-19,64.45432248908945,61.71234428051246,90.90944782112149,151.93447444859052,67.35409568232882,76.42741449491822,62.04593743447171,52.724819698391805,38.725546289894744,69.82383714208387,139.79221299549914,117.72578378440666,112.59888072926918,106.8365551063149,103.38996223843799,114.92067760356487,85.73401107576035,148.46856571638673,131.79351666323535,53.193713726665734,74.81045787536938,113.74134087893329
2019-11-20,63.08635433854247,62.03887384004728,91.89322341149307,151.47171525149588,64.8955435720849,77.28299055309127,62.8087044314529,52.1413306418669,39.05502296267424,68.50472905515775,134.47512779382953,114.82492999030303,114.02922554866014,103.03288519452683,102.18475906540836,113.55564490543556,83.93950257394103,145.5156260123976,130.26875153572888,52.04106248823974,72.20521090394004,112.60267371568871
2019-11-21,63.59678269597622,62.129981673919595,92.72187797462891,157.0454611028176,66.38582885729987,79.66303225267623,64.66791210919386,53.349843572539235,39.736513940749354,70.67501980921647,136.44999922848743,113.91361663068709,116.78022086833074,106.31411894119124,101.8997003441497,116.50631896976859,87.17049222796676,147.44322872320322,130.4286105230173,52.82821889905611,72.42158704473019,113.05640025976855
2019-11-22,61.75943597688268,61.698658952034684,93.20992706418957,158.73393969078168,68.6247964647168,79.21182749369657,64.60431265123685,52.06038262458832,39.78196700178285,69.66544828092343,135.81067178182178,114.36533873437209,119.24344531887776,104.82025253000381,99.18410540169856,116.90986780095393,88.27112234961955,148.60541303088297,133.928316338892,53.47054658994903,72.16334644108538,109.7457591196415
2019-11-25,61.752964110953485,62.08123562590954,93.57089714110109,155.92797881867025,69.09836188640503,81.61454021710378,64.57470400239856,51.31895109923988,39.80482430983126,67.7427117006729,137.27911601785306,114.86126902728112,121.94869722763671,104.25866034401909,99.7980350097693,115.2698257414604,87.58312366197403,144.84190242867888,133.56678889338195,53.09478852032292,72.37856684219331,108.45057259255658
2019-11-26,61.367663465907896,62.0774200297485,93.75878641212788,157.92662541723396,69.07006601736765,81.082807085071,64.20076977678747,50.62512669610028,39.45629314238503,69.72345840506142,135.23513679670398,114.54198906628031,121.41063692504122,104.0180907863044,99.62308270993769,116.0256441541815,85.45901550477966,147.29809031837053,135.26057421438816,52.17927882084204,70.23121058307983,107.01295852832862
2019-11-27,62.98035608451448,61.5197470870728,92.55334562384739,157.403859215777,69.15939127928628,80.95381283223979,65.03870582137304,50.867209455376425,39.37937251776545,71.25608083404018,139.24669089868266,115.69927798309877,122.15170289508788,102.98076615964482,100.55163673692284,116.34102247952553,85.41604079008552,145.57655944795414,133.96050226483933,52.10603510657402,72.756932369262,107.2276949754998
2019-11-28,61.6596657780757,62.6926840692897,91.357268398643,158.45355344126423,68.28983740920532,80.17053535436473,65.03938890316657,49.813748563723266,38.5438780506087,72.04972928589929,139.37341283781842,116.26919211913496,122.74717807797713,102.97658208176927,102.82759856970992,115.56762218457355,85.56335557048908,141.39880975670332,131.3082389066184,50.80616945152611,73.66930215808082,102.37860508948414
2019-11-29,59.14107243040872,60.45194677217594,92.85053457246443,158.69467202581419,67.13404262416158,79.17738939263118,63.20589630355454,48.424837866714356,36.75118482666089,68.97370136747651,133.8237678514349,115.8354148804769,122.34709170713516,104.90571135524682,102.72177991146431,110.21579617664574,85.521592913341,137.69727657681327,128.9516890544726,49.96226564799219,72.56991291999478,99.81351311600355
2019-12-02,58.95805327712311,61.96989103985266,91.26292025093882,158.46839397071057,64.78367466309993,78.15135623608553,63.08683011786095,48.41316166874948,36.35287857618672,69.21689107272107,137.48402660667372,119.13977697198317,121.73584197882288,102.92039429236985,102.29097023373085,108.90796056311439,86.34362623004328,135.64887549759374,129.2150427299644,50.73228382932663,72.57101040978208,98.68033795731502
2019-12-03,58.63667265130219,61.89806922401296,92.60780701814707,161.19487589320778,66.31609141363948,78.06811015755866,62.349938756809124,47.86086079327362,35.764037021364054,70.02872926914058,136.18551744740142,122.38029971652709,123.53543309637539,103.60779410868368,104.58292628151386,109.21906198530323,88.42196301525028,138.0483224046854,129.98500620108842,51.87007151785606,73.99966047158796,101.82434905977584
2019-12-04,58.578627742683196,65.15717347772699,91.76873592583343,165.42345461021043,67.54048682872016,77.93631719214783,62.95964476754633,48.3931003588171,36.85728875017576,70.35054334602908,137.66916606997603,119.55976669148265,128.23165803948694,103.1868087553716,106.49634845544115,110.44432667453573,89.35249361733335,141.3810427506214,134.93753415788123,52.6878638417211,75.51666647959142,103.54794378659274
2019-12-05,60.045313822085234,66.82288690835883,94.41612008386734,165.87144764038166,68.22165374976157,78.91044718636482,62.17378264129383,49.94804697803947,37.14364573375712,71.56419544697658,138.6881463489552,118.68784286252473,128.68687129608014,104.82731803301412,108.79342581504072,112.03782188991184,90.94397208725019,142.44917390837995,137.98372586686563,54.52418711514509,77.2923573127924,106.1111183734081
2019-12-06,58.618214343109884,66.737760781327,94.77151284121162,167.61738397353744,70.20516750039671,79.13088322256064,62.94461248985288,49.682670830153384,36.46222401850171,71.2167327594838,136.88849976136638,121.92833207051177,130.71807297213203,106.05755930275494,111.61332747781178,109.28938279335983,92.10353192808131,140.20823615739437,138.89278005773565,54.483434805586334,78.55147856396826,106.89114185461771
2019-12-09,59.92909022538277,67.68273924721215,94.0144829278128,168.08036987368112,71.20862649844898,81.37904032347427,64.12208110373689,49.396216437749125,36.81406919692487,74.49960859822424,139.7051124225256,123.34654420316565,133.84452257325086,109.02635456152603,112.95872427022375,112.05835365482352,93.17267558755226,144.04031234198038,141.87269772376615,55.77855636577519,79.16753587242069,107.34244804799904
2019-12-10,60.85117824923905,68.12368316967506,96.38617399775436,168.52222256796674,71.90020105144932,83.24267640038849,66.09406435913591,49.64258269051093,38.39226761937691,75.83017906578365,139.57316923513355,125.47818814421471,134.6477208011903,111.01684816766206,114.4910752726603,113.64659981630501,92.99304491225217,147.87133612554788,141.21495130361865,55.50604990651998,80.73116205502369,111.18408735085336
2019-12-11,61.93900040617078,69.07720545647923,95.5669646274572,165.11860992283547,69.24389625001436,83.06237725216016,67.45955215715358,48.944584868925084,38.91739825351584,74.96261119604597,140.29594424543845,126.32965264372844,132.79987624509513,110.87542969374557,113.5800487221226,114.54057515992102,92.96502056194709,147.43016169132744,144.10973654015828,55.844829692849714,79.78585335209107,110.61492759365515
2019-12-12,64.29264589674398,69.47056902577579,92.5996749816682,163.68987656899665,67.20145289217491,82.66241506930913,65.78271276798222,48.51079665022326,38.25127058565562,75.54307020092627,140.76956317216337,126.83922214498044,132.52377783245709,108.49989570809171,114.49618574692555,117.83804932884749,93.48817222155066,146.41294452594082,140.8211316713771,55.05564228802996,80.23911539780629,112.33897019380811
2019-12-13,65.61351683775281,70.6882149999457,92.01197171399842,164.69480911603435,66.58351718941738,83.5048216828432,67.16865769584409,50.46758468874948,38.15219069143136,76.94437741969926,145.6393407402051,128.73078949124823,134.64741514755693,109.83941563280071,116.96623964978825,116.24186198592542,91.8747060503495,146.91592891862197,136.53168005608438,56.26632033022299,81.77920736149623,112.00533870463894
2019-12-16,65.361054580166,70.49591349522755,92.40985305127529,163.60145916410974,67.2559209845661,83.67694096084116,66.6911329284885,51.52754820470749,37.48987637892634,76.63463770937798,147.58355400259208,126.81330013267733,134.72740749940218,110.2898502483697,114.44601104454222,115.36026499314625,91.28700150686271,145.10514382537775,140.50656169392244,55.39442629449147,82.39214486241836,110.89186424090315
2019-12-17,65.22505655572834,70.63623725391903,93.4073566456163,168.76129541425541,66.65855919345573,81.85583761116992,66.67221570248948,50.91956187236206,37.772625309412376,74.32171514175063,151.36484893880458,126.83880065841835,129.62127990987557,107.7228465060384,114.02192007298453,115.73422805001007,88.39108582160608,144.82302365589348,134.54924333282557,54.62003037049031,82.61515806678509,108.57285252171455
2019-12-18,63.55633008486911,70.1368409123139,90.515188017651,163.82120998518673,63.45907484326515,80.71278807917335,65.49477214424228,49.22560744303633,37.31388638511566,74.3060018965804,148.61317355792696,125.1061111877593,127.86058236594644,103.87196857358431,115.62311922655522,112.92443452905022,87.69798262931319,143.9331095744072,132.1388454894674,54.15132812216115,81.42813428787417,104.34419354781575
2019-12-19,62.57668201246387,68.16966192462483,91.71987577544698,167.170144303607,64.1623773153607,81.5659431318586,64.42142472658973,48.224237793729365,36.44381080064486,74.3622739223752,147.74977239757615,124.51240786558726,129.8858883325275,104.13028235969321,113.57062667276638,111.27055016762407,88.28052762304529,145.6658800332515,132.72363901480315,55.49785823151171,82.95529487742652,104.660175428334
2019-12-20,60.95259220220295,67.56672401234127,93.34668720677423,166.6015547777831,64.66719881559855,79.62284005841234,63.48507097385244,47.696104230574676,34.47057331637859,72.27185872449746,146.42161539125547,123.82186916380938,126.2996488621329,99.32833484510238,111.77216562097135,110.03515916466348,86.25697795137793,144.57095420743326,132.6301188446792,55.519909730917085,79.04486881150966,101.58554787782798
2019-12-23,61.480467462347086,68.1342819593599,92.50593778031553,165.24042451686168,63.750191370682394,80.64558152006457,62.32406304538205,48.13312820591398,34.39282678845783,72.14911122394992,144.57203262505206,120.90108465828098,124.66150918367877,98.5132887628149,107.43735761750308,109.35168985344373,87.17215489050218,145.3303560532479,131.11383351628484,55.37825471731243,78.02096203003704,101.48151810240898
2019-12-24,63.59792847014903,69.44491373072792,95.29317589239893,164.17927358054598,64.71256372762302,83.49922184175328,64.49923477083163,49.78308546077424,35.34829535560086,73.74893214547977,149.20406709940522,121.45582456868804,125.43579863848537,100.46457240964861,109.9818160681302,108.55041445416092,89.413219327842,149.75889457072265,133.5072245344433,58.396274799264994,78.71221825662906,102.84796536697237
2019-12-25,62.96950614834899,67.63570275932268,94.09829215675343,163.22619429423483,65.62421998235712,85.84415932408423,65.56785597346665,49.02023598646738,34.864990658127425,73.28150924551268,152.72109565138365,120.62723305647508,122.39355212920033,99.27321730356302,111.1807359692571,109.42759452609864,88.75656391774083,150.6440321215203,128.2312898163332,58.2337366899306,79.41900462453101,101.11664822419331
2019-12-26,62.92421761445814,65.24343083972926,93.53178154996634,163.1319626997672,66.48028509700596,83.53700188869112,63.61524592994229,48.062602790793235,34.795804610010485,71.30028635877072,146.80423911707683,116.67700123861646,118.97197634226116,99.60377825757021,109.67012670873432,107.42605103840667,86.9480982669381,149.38459159152893,126.37812895866139,57.434010187107425,80.31675333934457,102.47506765842948
2019-12-27,61.16533158635817,63.93704303397447,92.19604629310844,159.52494227564333,65.45227639162978,83.01865770446551,62.9908837451216,46.89690507371286,33.983203173666574,68.43793354877997,141.95298721496414,117.90336582079374,115.3076021510361,95.93627328931447,108.248335853212,105.28197581890198,85.04792073504025,149.7155426108257,124.93089505743622,55.89074948564415,78.44402969519062,99.76367392188772
2019-12-30,60.03587654315377,64.42979938248936,91.07507932206771,166.48985461414395,65.21742424798013,83.51707872442056,63.555501861499536,46.95668051564618,33.99088183002991,69.15073740461725,145.3205854491853,120.5455226749998,119.12135308242776,95.47554785958702,109.58772092458688,106.489988745458,86.42257110051303,154.43762397655803,125.66491772056975,56.15982571596243,79.96985692458412,98.18978569574477
2019-12-31,58.99598399799892,65.22486820111439,89.4014992064427,165.74392673628762,65.3449330378488,84.91899367841626,63.06235039169728,47.28865319144378,34.068360567886124,68.8598054272512,141.78795353954442,117.65713893991388,119.02073799771398,94.46516090854853,110.47545714241416,107.23695452229727,85.97218942039639,151.3785361154371,126.47886532508323,55.16515285641961,78.84232280482776,96.50745486504843
2020-01-01,59.46936266194682,65.31952553168345,87.24278948872194,166.90742531899383,64.49753463025934,85.75648947974034,62.88969699156469,48.045175813834106,34.04679721070298,69.35675939470701,143.96977877067135,121.22710249414874,120.45668650662246,94.22039186562375,109.84623476103201,106.00104215084538,84.63859330447349,149.9323754717208,124.98387130034651,55.6361812584639,77.4130876424383,98.3156326446807
2020-01-02,60.03987304906717,65.39982614226926,88.41845785815015,171.204614469592,64.42511742204111,84.60629678153879,64.00477710200474,48.641806356833015,33.70664588763846,69.33832935058138,143.78384284736532,121.05211996889616,121.00709108639816,94.73166441005745,109.20853274488607,105.48543206228824,85.14581474231449,151.72255748356005,125.91526370748035,57.12748472586508,78.6799131925469,96.89613863668366
2020-01-03,60.34055636713745,64.68704136596477,89.02021041396374,172.32927528677976,63.771849284997955,83.73999571694132,64.66027830859785,49.03359857281095,33.88528141437147,70.10653055544174,143.26469247403864,121.07178173745851,122.78403286217274,94.86762158772547,106.88244798560869,105.27923083487714,84.3481990815033,153.34474132991627,127.57286550364212,56.0879423879119,80.05709439463524,95.92736509954578
2020-01-06,60.34200905949685,64.78990581354007,91.1862160667842,174.61103365011036,64.8980843027951,87.33341968838447,65.31930736013149,50.07696542435936,35.31795711126164,71.67266636024611,142.3841728735665,124.30331140751392,122.98848603379679,98.68246688683674,107.56443341193189,111.95885207283625,87.81666680990261,154.44284286024424,130.35018913933484,57.793848838375546,82.43753785273934,98.39703731022833
2020-01-07,60.88155060702396,65.38851252030916,93.76692339209643,178.2610370521882,66.18275248779453,89.63646053217725,64.33585417190835,51.086803727786204,35.99546991314254,74.4710094991119,141.0684384991965,129.1242547317809,125.02481197796386,100.92855398353156,112.40763041672174,114.8940433466681,89.69870380208849,157.38656610700397,131.77192915651807,58.66067401682684,82.849047322773,99.84912223591319
2020-01-08,59.297113693407056,63.476427661164394,91.48512433613728,169.50224745071372,66.26931169099531,87.32918543313608,62.716168207616235,49.16312657553175,35.18764865770681,74.21794510155198,139.84585548669318,127.21133027678651,122.594931741398,97.59697243288339,107.52467329765534,111.7371367713407,86.90286334575254,155.51378373174512,129.0643445551026,58.45850027096222,82.15360304862176,96.40646403964605
2020-01-09,59.90987997753669,61.537215029683495,91.62208213585023,166.89025293827055,65.02800346098749,88.5661859074115,63.25771253466004,49.08751319061677,35.02351105368963,74.08486969590015,137.35991188793415,124.41674260063925,118.34379216852616,95.04606601808719,104.9643790150109,108.47867103587744,85.24385702343895,151.47022892215747,127.19195023676001,55.80002049336911,80.42567350486806,94.55851835219842
2020-01-10,58.203324122612,61.5766274063256,92.20723012388743,167.5704155885311,65.82481467321995,88.41706273450103,63.37717802637778,48.947107755086385,35.19623298064691,71.78369821286113,134.22416759237427,126.96429285198722,113.58233759537265,94.52994498606733,106.51816141599122,107.99756158413584,84.44233316413808,151.2602569941308,125.7619564087386,55.640164121102316,79.34253403193672,95.8163892287191
2020-01-13,57.94808596802116,62.10337905714731,93.56446053834998,171.77010928203558,65.98009414095927,88.84806246682645,64.66015847485556,50.281214120096855,35.290224501729746,71.29980792634119,142.29815618122606,130.67529948830673,115.11275994031251,97.41449300033554,108.00592281496232,111.19527592294664,86.12020882780998,154.11124927129947,127.28962667687915,55.404720488205975,83.01683397390205,96.13796534359328
2020-01-14,56.09112569312747,60.96074806314184,93.04014165774898,171.59992986568966,65.73601252111084,86.87495643212989,63.4424475174848,49.61963011339952,33.65827546095864,70.57231187908518,136.3962251914564,132.5942552934363,112.58165951739363,95.5934838868567,105.2835692010762,108.50831509446941,87.68683193453866,153.83157779476323,122.41002454582606,55.77276909292524,83.16511319492037,94.20189382707603
2020-01-15,57.972955432609496,60.47406536051543,93.62355195485756,171.19807429098373,64.59120390465854,90.07502885527762,62.21237882515901,49.74379076636703,32.69425906314474,70.3947430222829,137.68261956214513,131.4949632096947,114.0319804820876,95.59776140140978,107.70844007590557,111.25721632055621,87.27287922750071,154.63632557228533,123.45308019133694,56.51848463194662,83.56475210349039,94.85504526680047
2020-01-16,59.00894050248517,60.96343902620836,94.3723490876659,172.62332858967608,64.27935696726134,90.36177792592724,61.0847015762506,50.600472444556026,31.267760586738,70.12322975054097,139.58959756312012,128.47335403326827,114.42833524212607,94.38057491180587,107.00679261148417,112.64668832020448,87.31214994525004,149.52772656317958,121.4946849171929,57.20287591068859,83.84369145338917,97.10321948165254
2020-01-17,62.278176080194505,62.07425416173778,94.95290353613149,174.53723332166675,63.42707019489827,94.15327636933156,63.73909793368365,50.80499899145903,31.77970723000038,71.40735795376312,139.83268415520772,127.73659026616822,116.42355427592251,95.86948319216312,108.67953006246289,115.3946622595585,90.98227827525375,151.92695580618226,124.3434890543049,59.00447070490778,86.16559673114445,98.20780921778893
2020-01-20,61.59383694943133,63.61927795300774,97.13970299793846,172.91662398080916,63.71005487333772,95.61933871996627,64.18594349351316,51.87163304230783,32.38567892115682,70.32879681158667,141.86515791181873,125.827488907385,118.24495051696745,95.05347660196473,108.80769216087148,118.07525576672832,91.80132350580645,149.7034161864967,122.77141543307476,58.565889509317834,86.66702966991299,98.88848977292825
2020-01-21,60.68032936275572,62.233471657162575,99.33904404861231,171.33129449086218,64.82476197426354,92.11865185852412,61.79468700868646,50.2486381041703,32.54794583383908,71.03331264510935,138.17543982772983,123.73551654728452,115.02254606537667,91.54678034304467,109.32746147036299,117.55702504804324,90.92371130653812,145.10481531352448,124.67311431989921,57.55459840151668,86.46347570363832,95.7699770955516
2020-01-22,61.00501898255193,62.40551120566374,99.88854145809327,168.10270888250201,64.89440236076459,92.31680447928183,62.19534065972844,50.43452172887746,32.037098716586776,69.74158587302864,133.92257887002737,125.01948478393265,116.23356788560469,92.53246014125669,110.19091428507787,113.8987455097712,89.35191677775195,145.2020252356676,124.63627305120778,57.25373027230054,86.81394768447385,95.60606422650949
2020-01-23,61.70455668532412,61.79862689473897,98.079510961106,166.46946673599277,64.67520546945582,93.39199658347695,61.84261496214744,50.05341112050192,31.266923527359122,70.35755129393048,132.24927672539815,125.0630950435771,119.02921670028188,93.40973222456645,108.26761180349271,111.39723447425472,89.430956485704,142.82915353952185,125.80032588534932,57.3959022521537,87.28316524158578,94.76932930859793
2020-01-24,64.16401286902695,64.8473349965859,100.3115911336678,169.36625201929672,65.24535277314016,95.9848230699082,63.523222839219024,52.5691773962325,32.406318117173974,70.62701990234602,138.6008821876522,127.65473812057641,123.96853626414632,95.92184123673198,108.28089682724826,110.10370061437985,90.37038558666275,144.53167598606936,129.97441977013287,58.61060271836389,90.68816381416985,94.90429107126509
2020-01-27,63.36052377682602,67.28496923997685,101.65426679547416,172.39178367566183,65.18074231807576,99.52472328714674,63.83291419155025,54.3769645148739,33.56412545098342,71.00829575618712,145.73279261721112,129.62778249493144,126.67000427926526,94.87402564039421,113.12830919766249,109.46044106257224,92.84260024788577,144.10698365315065,130.2381154734182,60.00638393629464,93.20025866137586,94.23179061666161
2020-01-28,63.853228443008355,70.36831802007386,100.80370537749444,173.10101679735067,66.52807423963836,100.42462739955918,65.69464752879081,55.916224548074254,34.33340515092614,73.73847727780392,149.46723714677177,131.82611180729955,130.55658761723913,97.27869882142981,116.19172965685743,109.1550137296304,94.82549115756828,144.15139514345472,129.69077747530076,60.75106741146083,93.21226189023336,96.62008892429604
2020-01-29,62.73764086885478,68.47235737428628,101.12980399017914,176.04409076869436,66.96317476699046,99.0294307640569,66.84424705009164,53.844834003211524,34.91768179082344,73.28638757925215,150.38969547270943,132.1245628881717,134.90643898563496,96.47223390021968,117.71709963617648,111.29089101213337,93.498824123588,143.62898370652297,131.02847307946405,60.56118691247469,93.14425063488477,97.09608639817277
2020-01-30,64.0946326197464,67.82097073346192,100.05946051252656,182.5735937457709,66.85105189935061,97.62217835196948,65.3333613125745,54.91906611850407,34.851754836709716,73.62786096037557,151.643335867384,135.21484004539096,135.64869805373579,100.65486310613872,119.0151270573105,114.02440661921769,95.39437943918865,144.72749640448208,131.25504880846452,61.35904632741959,94.73423064638767,97.0578485279447
2020-01-31,66.8721685443964,69.52336160534264,103.09501056225844,181.2874455244406,67.71505496093164,100.78157360842735,65.32519777986978,55.2418291402479,36.23006328752952,73.49230380181315,150.58837870603043,138.63791054032288,138.40881194038838,101.54846390081276,119.03164612798797,113.45200505690444,96.02639577345099,148.50389568073612,132.49763195239663,63.50050498716313,93.79812722095954,97.26175300173723
2020-02-03,65.86546874332309,69.07160597419234,103.48540545817364,186.45052623525908,67.91077232830028,101.2345077386003,64.82543874056688,56.11994491073489,37.2433545948694,73.0956530602621,146.26535575867587,136.9314470894345,138.42989306073744,101.82983098442087,120.06704671281136,113.9117488119073,95.64498562553918,146.4813200492538,133.1287486688013,65.00852173289242,94.92862215719167,97.64533927524263
2020-02-04,66.0078905463341,68.97280002882262,104.61086137271768,187.64841765991034,70.00778391909425,101.50343109277391,64.95969468882812,58.50981549725033,37.541551261977965,74.01475993951682,148.81103895441117,136.34324522826742,142.76095737928443,104.10181628992537,124.68777879969034,114.34711490146616,97.00713185829161,148.43613368638705,135.82123392293636,64.4192573090612,96.35988238456703,96.80147306102869
2020-02-05,63.36077699255426,68.96928563048573,104.24445471998722,185.74981681857426,71.67135740791008,100.75080437742982,65.17994537778961,57.77315831236874,38.70194411678556,72.49886319725951,151.1088376013323,136.85855701226242,139.8889428234486,105.34507721962865,126.42360957364582,113.35574444191856,96.12113853167297,149.07879448925996,137.39918340608935,62.3346539826474,98.5449257947246,96.53841885716615
2020-02-06,62.82812149922847,69.67208604783708,103.30503644056122,182.85143475031742,70.39045271459315,100.66902031570298,63.95141512932865,56.34458357346686,38.53926912151435,71.72708962743788,149.855592173338,136.9625322530496,137.47038625414788,103.72745500225155,123.4577440525953,112.38942212926378,95.12786583269563,148.77029935389606,134.26913568294887,60.93535168485198,98.4449928005556,95.39948033557734
2020-02-07,61.22607077900652,70.4901816967595,100.2624140642868,186.10842294749037,68.02226353515265,102.40672614049447,63.61480856244642,55.84198811916998,38.466970488040836,72.43867825508697,147.94112870539692,133.8519168246066,137.36995801438553,99.98447449439843,121.0624256776257,116.32847882853733,92.75016271184894,149.7733718446143,131.52713313248776,60.76235985667825,98.54901343248453,96.01573555586504
2020-02-10,61.53636344769788,71.7182149349418,100.4304647047665,182.60352346888428,67.59432664960646,104.07910311181419,63.67919525061463,58.36015971199288,38.23339182527934,74.81223257061944,152.2014148428597,133.55597318937205,135.31199370919316,98.63199693322032,119.37127310451602,112.71910766335897,91.16830615390803,146.1428363071567,133.85654689173523,61.204338576232956,99.38583578353037,96.67146862252714
2020-02-11,61.839590912258416,72.84340910683203,101.79727250127624,179.42356947953616,70.89647476930605,105.59007571463536,64.55285033391553,60.15925533542967,39.18653565328727,76.06601648591682,155.20191148324275,130.8636695466721,134.50778376317837,99.63427208015563,120.01386854051556,114.83361115466212,91.22265118067303,143.452977118574,136.16652608710473,62.66987350560288,100.69570490672207,96.66654866512934
2020-02-12,64.44249357319578,74.35038379799977,102.21854594421941,183.42736563641105,70.1067283066703,110.12041396096332,67.43999869639316,63.90439941820661,41.47763542187054,80.3047817807269,157.081401469226,134.36406719131082,137.67077914507004,101.30531799312853,118.28117804908247,114.89394934946532,90.80579021782177,140.97231737676,137.770950703101,62.73036878468871,106.00522587064093,97.67198261244755
2020-02-13,64.14740507220532,74.70917747212243,102.4539275176348,185.1868059898827,70.99398323540015,110.10539638764565,69.84849776452093,64.72655114758106,42.131886385636925,81.4560560335554,159.84333488373338,136.3367645656926,139.2008304735599,103.17209932797904,122.44698116998333,118.78363289622106,91.92443226261072,144.8409774449692,139.44766844459457,63.76122296406369,107.09586505672581,98.96128802169373
2020-02-14,65.3831770962516,74.37500805220651,103.66875469984814,187.57131524464214,71.28213422176364,112.0388814117859,70.8596039776942,66.12124740041374,43.1136371516051,81.87119607788682,162.25703104147652,138.74400488486685,143.9699138863907,105.27131607764262,123.49659560005432,121.58103454375248,95.79529603013054,149.2219184589449,143.01451601566723,65.50699335523677,111.42744458673141,102.19043074754026
2020-02-17,65.35215250974426,73.87046908624411,104.65957963897131,189.11527761773382,71.21387970856675,115.19143732527264,70.34430963028751,66.90758117741501,43.7238501636713,81.24307233570963,168.76922035801422,136.91440233597274,143.73611016031248,107.46315129986483,125.80865483620693,120.55421196376496,97.46581872796777,150.94511702052637,149.4335281038022,66.37563120708697,112.02276475916757,101.61342221055175
2020-02-18,65.70697607745997,72.77219808156495,104.65411499142094,191.79746056608298,68.08702904334895,115.65750571694494,69.42459277899452,66.40114363624893,42.5808201816784,79.06519558591702,167.350781585858,140.6436832072172,144.67309413827198,108.5863479274877,124.67144827062651,118.59291027794302,95.49281867825329,148.55187822424642,143.83265772188028,65.08763129614958,110.20789644497326,100.47928503055684
2020-02-19,66.01295557168481,72.49267730126743,101.77933151271935,190.52227063605633,67.22874041538095,117.03054645942147,70.85605430399632,67.7779892066035,43.37524401041186,79.1825625527093,166.4492659729798,139.346169283724,141.68827373816663,110.41698419098442,124.85803218956832,116.74585422668119,94.49813021161827,146.91430166079232,144.51496972547957,66.25875428813028,109.64108070932613,97.2833402704379
2020-02-20,65.58429921111463,71.5842256944515,101.92094953296576,190.3549830717496,67.0779719826752,117.38981914243435,70.23718339625464,67.11961773082362,44.17956405910476,79.49224774929114,167.59863083267882,141.6483637479517,142.54109527182584,111.74813449135196,121.44232344017108,116.77318031264417,94.06240491341006,150.33668461885222,146.39228407166974,65.50825185489076,109.75508118102658,97.34609347081735
2020-02-21,65.78770789340653,71.17468999154192,102.94920182783216,189.4005812045143,66.88183797990874,119.18692435868624,68.98972777391701,65.99861138651116,44.05969519945015,78.25667892124049,164.49974160244122,142.7005443335774,140.15723647562058,110.71251353545505,125.57748239830458,118.09861359892662,93.5595027971152,152.15954749410093,148.55322470858832,66.86873990520617,109.88708120018438,99.3416341398286
2020-02-24,63.81054041491802,69.21259451171356,99.0640953147556,185.58036041501174,64.64671637603547,114.81679159000203,67.81479065586787,64.7588263690844,41.97385376145386,74.37914451831391,157.79777484149324,139.20972473091965,135.40172448003918,109.77680218715182,123.00949396998529,115.87566220633782,89.53088293143627,151.16259851356236,138.5828790675184,66.09637075151556,108.69194288287247,96.30700787860022
2020-02-25,64.83831239673296,70.61505443564866,105.3520447538127,192.23182614013356,66.33993610014767,114.986499405949,68.7930430669143,64.7925391509391,42.98782564269936,75.48244117975644,156.85505700410957,141.5612263561133,135.79894717906805,111.7465455637349,123.02954060394214,117.57750642084272,91.94212603260738,153.411768391995,139.72589461160015,67.33396355472682,111.33663554859405,96.21717015517268
2020-02-26,66.30839501058817,71.66965585647553,106.73467829477104,194.21475907513172,67.3238827677547,113.11328035911588,68.09317030542826,66.62910246121575,42.575333715631395,76.94654377678651,158.0427262971333,139.9453099363237,136.99025976808687,112.4777452741227,127.79883381680852,117.11499514411949,94.25258804774887,154.76397309674218,138.92275016720635,68.3787557620292,112.62148661385815,96.6083433003101
2020-02-27,65.40877848239798,72.40149482553032,106.75991602032803,194.67976733752465,67.84852891398364,113.42988139948208,66.60438105201888,67.87862001699509,42.639621291691086,76.65313095598295,158.9901128335921,140.9450340535752,139.05901606901418,113.78983184403273,130.13105732037755,120.15213288725403,95.84073591036906,154.94787153826053,137.29891389073097,70.33524381881739,112.66479917467139,96.27011102508392
2020-02-28,64.39496609969581,69.47215488795219,105.30353875624375,189.24555406255115,69.19966474241612,110.44969787464875,65.13403922520014,65.90975566294601,42.80832334236684,75.0508683711235,155.1157641236539,139.55864279075178,133.33729159053587,112.53085390526509,131.94816413637975,119.20968425786788,94.79873175025045,153.80283488140262,138.4135012138769,70.1740134663481,111.36154171072045,95.60754634910458
2020-03-02,63.164751147774155,68.81034878343814,99.35708459645464,188.4488730087421,67.82333190081783,111.84647875574142,65.21727365446259,66.72517096754355,41.91302181710654,75.85677814713378,159.17013040073363,139.73046116651878,133.55383348878274,111.66580065299823,129.55602665271604,119.34935842881062,91.68720390752978,151.2654655411856,133.19402359146704,68.71537187759503,111.515732845669,95.3541559038828
2020-03-03,61.52791261093071,68.58917430035436,98.44207442853876,186.7764022616337,68.5018801753481,110.6683508511382,64.50830573552227,64.55897786820329,41.62571743781542,74.63816159441919,159.14624237662872,137.8782421910101,133.89828191758772,111.53634402642776,132.03107922952898,119.91538201310003,89.24982761063924,148.54837953577749,133.20139454196604,67.82641795516336,106.70385773671761,97.38082829991734
2020-03-04,61.78021750777553,69.93528175516865,98.29217504171733,189.03930067361392,68.1753960916685,114.64741258674255,63.50275612486646,66.318649016985,41.94800356140032,74.86440165625316,160.85709656422588,140.6417231572626,137.8541579297655,113.06883482811168,130.4137235496556,120.59250934198062,92.48911322152607,152.89458715104203,135.89395976913525,69.2492801104739,108.83819906801467,99.95402035088678
2020-03-05,60.86060776053443,67.96422872849007,96.23739120190815,186.03665258191413,70.37065498836215,113.0562940123336,62.61131798006669,63.847862748361884,39.94841508366919,72.78026552790446,161.86974301108822,140.63252329869283,138.39170380611057,113.74712856747917,127.71807789074488,122.05841365556759,91.14139336388205,155.34303188992993,136.09737093899804,67.0391739110002,106.98975772651208,96.77012262714025
2020-03-06,59.688211264969546,69.30976451019066,96.84387170180455,184.56739049558982,73.15232768274308,114.83928110808995,63.02326977579677,64.19768010049548,39.46074393163838,72.34106563600707,167.10404092500124,141.65226977184005,140.4247334449842,111.89241662407359,126.62280810812813,124.72163949968565,92.96650541632616,161.6592816752622,140.68999633637358,67.76981516394622,109.47200897057726,97.70011582196801
2020-03-09,61.88444566891712,71.89195226596148,101.36943154957504,190.7967956485411,76.69561707956467,114.99375331974986,65.4537045458826,65.75863262082073,41.733315377942645,76.54012091209708,173.0849257254733,148.46463658207236,147.69935750868927,114.82106836146902,134.2865471087125,127.68098040422765,94.9968849297308,167.80973944944978,143.3702679700812,69.55472398176252,114.87162528880994,100.17642301688804
2020-03-10,60.185961330144636,71.60276034195836,100.4066887766705,191.20334387839188,76.2103463467135,114.91923803938766,63.69897161686021,65.4464238327123,42.26707365272408,74.5660210666509,175.28118357320358,144.2808341043965,142.86666670118737,113.04166251256726,133.48233135589396,127.09996899481763,91.73216025066625,165.55737832232185,139.1228758191378,66.61436428627096,111.62495071334699,97.05054606213895
2020-03-11,59.81152952538963,73.11760748217085,99.30308563953477,194.2808425884942,76.00596416024621,114.93152473986471,65.41964358793719,65.86174308181319,42.69591257069055,73.4777544517257,181.42034912596517,147.01824114800925,143.8297322712899,111.20421864808885,137.3737660824528,126.97122424835655,91.71921135476937,172.4014876892225,138.81453274805074,67.79958646445527,113.7346997534978,98.26481578784988
2020-03-12,60.461933487448405,73.55750784128719,101.9299753246101,191.1906305649729,77.45812484415191,117.13019348195401,66.5672466171981,67.42788122857222,42.94008640528628,72.130266020211,183.37734353641235,145.38870467202966,142.79503820141767,109.55258149954223,137.27046251916073,126.49307758065979,88.79524500156077,174.86464552934984,144.39591674069354,68.67268000633274,114.0281494732493,98.55595582326676
2020-03-13,60.19066381843541,72.34033526735612,104.0288659444697,186.0362948333355,77.9324119983068,116.49189692536798,68.07203774646698,67.3948400993576,42.44157821928564,71.66773514654486,183.16238326417687,142.22014819061886,140.48820245241512,106.1097831738989,134.81331733903306,126.12306969348839,88.78199633572092,168.8594830700468,143.447121900696,68.93358941369806,113.27278963150503,97.16053554365608
2020-03-16,59.0817712810843,71.88714565866816,107.15695045204944,183.1152585085469,77.20623207627709,115.36804022318447,66.76723704305871,67.90796392038514,40.556379102942,70.50161215208907,183.96726615358233,140.9462327785533,138.11977954525662,106.32894418505212,136.51932009146643,126.19072802246319,87.31139011728726,169.24737289824407,141.69952704381222,69.39074798201729,115.39723806224877,92.9214616921335
2020-03-17,60.52772478316187,70.50871468540286,108.54231926029023,183.33555656262718,76.40996876470948,112.3703335030989,67.47423920712271,67.99647607778192,41.19705471541307,69.6402921484317,182.2376327314354,140.62557110569887,137.76433887693972,104.85145094626664,137.98067427806797,125.43444992926663,88.0414393736033,169.9722531279609,142.05860096166273,71.25456673394095,115.61759501034915,94.13721958838556
2020-03-18,63.721687814845346,72.68536995986176,111.63173317838998,184.29696257241238,78.8934325479801,116.8188449605459,69.90043650959457,71.46386636131048,41.91844985904155,73.66234595786996,190.45267715331175,143.99476345841012,140.90359825266836,108.23052820281555,145.45782099264878,129.18916189634484,90.43428042150065,174.2708328372794,149.05655312438597,72.64295249167375,118.38607081862344,98.55881169219981
2020-03-19,63.56820775949726,73.28002445779677,114.35896792898896,182.82609482940777,78.8851206835951,118.5840804322112,70.00675236782905,72.13325904299847,42.70786177342291,74.56474550034054,196.35152692536263,147.63581330860342,139.3991503741085,108.6453928952058,148.2831806699489,132.8995484857092,91.60463425650815,175.40844338701746,150.7866530718857,73.53432964603913,117.06595123460943,99.05713607195449
2020-03-20,64.72469001418571,74.20432966474266,112.43797050245803,186.1569640683134,80.65505121841228,119.59959618459135,70.3859870875766,72.74854060480827,44.21106184201501,78.06176171866692,203.9783632424745,147.30285643855976,143.68279448310463,109.51048143339897,150.61984287077115,134.8253685190318,94.21545209107069,181.07391379172256,153.25162724881926,74.7619022456283,120.09847783055879,101.67520132205682
2020-03-23,65.01854934785878,73.33015569282013,113.98405716944812,188.22741655996313,81.76917708039159,118.67193260365184,69.53231951955172,71.13718757531149,44.61458980577548,78.10314984685027,203.75862952188228,152.36314195350207,143.9160111533134,113.42736688372395,157.0184612679004,133.09640730617056,95.71351832645415,182.61652974507433,148.92480610385894,74.22698754008773,123.54502031742226,106.23052458693533
2020-03-24,65.89637855145423,76.19451525945121,118.93731709673625,188.68471460160276,80.23456090986119,116.57718140251573,71.99451829685515,72.17620094209009,45.444521923566754,77.12234412205585,204.44420847512617,153.39919996832288,145.98116467608008,114.02323000739379,156.6746803657245,133.17680725973952,98.52337883984121,185.33822952223431,152.1558911617995,74.05990485871239,119.66713343376314,106.59017579434494
2020-03-25,68.6692393286882,76.43991811664496,122.62919751736361,188.40785728910376,78.67422815362202,116.34542511111238,73.62469895256145,73.82859279029832,44.889489989071684,77.02352559361545,199.34898311981723,153.7629375001301,147.92292931809075,112.95120015032062,154.17277787939773,132.85162000160054,98.15520079753237,183.7106467982582,151.33243898174993,73.12630055755461,120.35597726996392,106.70151616392126
2020-03-26,67.06941231110599,75.79557503291605,121.50390582401647,184.4429092823609,78.08618087549827,113.50146353358816,73.54634565799842,73.08460344089734,44.07254215534076,75.91573876691513,199.96507945228933,150.69664483401115,147.13044952518365,111.54448976600337,154.7635992720447,130.6583443208884,97.19895258505257,184.66963685286683,147.59039848852683,70.83464556594448,116.51568279868302,103.6117416109074
2020-03-27,66.52135942376393,76.21785806693583,123.17990219163383,184.7676200568001,78.89888118687068,113.26358511351017,73.23239286454003,72.75586028016038,45.52943440876304,76.69327770678787,207.29706509858352,150.7101220058087,148.05286629659756,110.15709861875649,155.0626594857764,135.8267056327362,97.17109197368696,191.37925704297294,145.77334043209967,70.24968200866205,116.54985051996653,104.29429749352177
2020-03-30,67.10930726076374,77.21505241216875,124.00411169250981,184.3532309026081,78.75351816119188,116.71829086841473,72.39609936555154,75.67494655636557,46.0302266571243,76.96284879169407,212.73103637287844,155.797386825245,152.23410637366965,112.25061535850223,159.9232217151095,134.1467114133484,97.52572655968504,190.96004013145875,149.94268398339094,70.6518528132951,119.27566001999428,106.32959045142276
2020-03-31,67.42901039346715,75.18618145785855,123.00281952590547,180.35538314169665,77.59923052015374,114.92832506255904,70.34383944660324,73.35099732107142,45.44967956646816,74.90262606941249,207.23218570333523,152.05303338424613,150.54182577887028,112.72294813174139,162.12713891623474,131.43247607251652,99.70123086143848,186.1825529340733,150.6944874776191,69.18419268694113,116.53701637290528,104.08401311015898
2020-04-01,68.40392771954791,74.45316353656034,121.14864283349368,177.83420375421062,77.45181615963571,115.07291304501118,69.68460913946166,74.00035400808848,47.21731005494169,74.63546576451333,206.6512010431908,153.2946302072379,149.24541726712934,113.8282073276884,160.54372534922015,135.1013215146066,100.1939794883177,184.4082859628004,149.12879708967304,68.63512142650595,118.87679958411893,102.07928866307803
2020-04-02,67.55955620239949,73.2488665002726,117.51615614928248,175.41341070556615,76.74634162232097,112.5953872402405,69.72816103850843,74.27714017315722,46.72255279226409,73.89851468497822,197.0076926095549,151.15895369677682,150.35834412420428,112.23838596754119,157.28147558197637,138.56968088332528,102.16488101199225,184.29733185686533,150.20161598022167,65.82078416769612,116.46512288465333,100.58232977054912
2020-04-03,64.54628462249828,73.2077779827138,118.18870707343672,179.20176514140658,75.65221506548846,110.41061328795452,66.52380692961502,73.51576998964289,47.08947467840728,72.54529680762184,201.13073683987037,150.20957211667056,150.3242312858811,109.67056167184285,156.74094305719845,133.72593620691356,102.97951395521648,185.85181745852992,152.45478538095065,64.65369662606133,116.32291437690279,101.18838731156971
2020-04-06,62.151956790279705,73.4998323536891,118.59289879909659,178.70131209311796,76.95090336329571,110.20206888097258,64.88165590315592,71.0675091581002,46.034756047828026,74.9587052693764,202.56975745762605,151.49184586106097,150.77256815741353,109.88951736466026,159.76319473633646,133.22454159794992,104.45842189080412,185.94120482403437,157.70685834659258,65.74257525879607,119.02296870551962,100.87887561568898
2020-04-07,62.913165137597645,76.08134704750348,118.29119935393472,181.5866859021855,78.46435158637505,112.22946512083558,64.60169690967977,73.55449409762856,45.195496419811555,77.34242704976432,208.16742796905396,157.79556778649135,149.15541579715855,109.89667787906865,165.09811933039498,131.07037238747083,103.30945757660723,187.01464647683588,160.27574918648992,68.1738020560732,120.21669599493035,101.27977292091222
2020-04-08,63.82616403829699,76.47876998461652,115.31148988520455,179.83844908237126,80.46054318836788,113.43026262059368,64.41026356854996,74.99418054751956,44.472224312622245,77.85051201936596,210.98974881138813,157.40360623175923,149.9978637222651,110.04188109353426,162.4245910162263,132.0154934611618,101.67834612055502,188.25285289587123,164.57847028723427,68.16843891122892,118.72818084007446,101.50581540296075
2020-04-09,63.37635473274555,78.0709713634187,116.21797548996906,177.70199332924577,80.55311165316145,112.21359517119733,64.0744322092471,74.16871916598497,44.72285830876514,79.33214876759045,213.37185423395096,158.07184682833613,150.63713185701258,109.89719643685541,157.6973341117576,133.94743297650908,103.4559387322399,185.78827528318845,162.1228680946008,68.1413434221642,118.91633018749114,100.22553835487238
2020-04-10,63.13025482385361,77.97202568825587,115.13006875097436,174.3848239837651,80.57806078245363,110.96050922185378,62.958245649838716,73.1734535905303,43.09615304104462,78.40981902168625,214.19986644784862,156.56960114698597,151.8738106987246,107.85916044839828,156.23424160823598,133.44257608435126,105.58118724269112,183.47914522969447,157.1643758607873,68.01314389542478,120.76480760475906,98.2773003668283
2020-04-13,65.376352654439,79.70348658352567,115.13189610579647,176.00203139104164,81.97786166756772,114.7271902874196,64.57264453444436,74.26277403935818,44.34644339068464,81.11851914836608,220.26799884434948,156.24866035471243,153.05415693687846,110.52439159404143,154.21550421375252,130.46305380035432,109.0774260332341,186.81189845678273,159.86500380105255,67.62823873289423,123.51960709829912,99.71428243216239
2020-04-14,65.06010018615657,78.65467453188018,112.33628906469671,167.4060465026187,81.1817023533824,114.34976014451563,64.05653564624,75.28516085340964,43.21513339880767,79.98755054359279,216.72820285544097,152.68715094808837,150.36042205629383,109.18022399759768,150.5197422876631,126.30762212954441,109.80586398875191,190.09281454436245,157.0291557011856,65.6018507744585,124.06293484426656,95.69447189371597
2020-04-15,63.330851546650806,77.60175745453317,110.4737689973044,166.8322684832653,80.92113974455118,112.23358150982467,63.26119662698843,74.48116443068933,43.45918208390754,79.10786901328328,217.57570367114556,153.4765305182268,151.10556027642852,111.05816857698845,146.94176380095016,124.72770867426159,112.31297366799056,188.67148536046423,149.28162832125824,65.16482403409472,123.91142153007752,91.59166933945222
2020-04-16,64.32045783036598,78.16885594918323,110.1514017216749,166.89059398845157,81.11381177516706,115.26193608762894,63.820752820542786,74.71762481485975,43.33291606104176,81.35519310526652,224.59372627875305,158.72211064466154,154.70093390790353,113.36314513913689,146.07239516873346,126.04252580506926,113.00362260306258,186.6007301600586,153.7127911304041,65.55384359844703,128.19306241535529,94.30584408346768
2020-04-17,64.49759508884817,81.28399746592501,111.00259636828143,168.8281255258007,80.89841167266947,115.03328054021178,64.95514130621791,75.77027711582443,43.27070446424804,80.49130484063036,222.60367392450618,162.69375393918958,154.37324770463454,113.58952992684732,149.6449974989839,124.51910537206172,112.57146209584204,185.77019145033506,158.05311095425964,67.97811442734404,130.48286909991754,96.08175389033721
2020-04-20,65.33798660643536,83.05688450890088,110.09824332846736,167.04112221928196,82.38543562228145,117.00152562924201,66.90862783294574,76.69793328670198,43.07464232053375,80.65755421348328,225.65578442745164,160.09687475251022,150.79546534901118,114.89092465354317,147.2634943565604,123.88167664567,112.33255661404785,182.91182782665211,160.53606779343846,66.39277055048514,130.11719405365147,95.80575958663782
2020-04-21,65.49714387435374,83.10059767234188,108.95491896449649,168.77187752690435,82.8280563232431,113.5107221277197,65.52274205790451,77.3691359530182,42.95213214861067,79.41442078206701,221.80468198004758,158.8189875489208,149.7522248949258,113.40417855990495,143.32989719249846,125.9469247307872,113.93986136742164,179.37250462514444,160.83724647091944,65.47757088829327,129.68395868135474,95.28624768823758
2020-04-22,65.80397708762409,83.03125925728341,107.19282025661671,170.61531262140028,80.38334105285617,113.49372075708652,67.78792544863389,78.62912870749115,43.63895246417365,83.11421930144634,226.41579509182407,156.3800356430419,148.40967127371897,110.93588045306942,145.19671506836153,126.36358110064653,115.32220274275176,181.78699276895193,159.18641191145997,64.2396975468014,129.0971238492338,93.587729669275
2020-04-23,66.3905644562747,84.16764034094392,107.29699005299356,173.07565300867148,79.76943310733999,111.05242129799929,69.16033663158576,80.80963001909501,44.51814256370756,83.36186836502735,225.60477747852954,157.9120823266495,149.07776216353176,110.99052670121735,149.00754626885652,124.6357584207613,118.66712759500089,182.3062202451389,155.28441456007033,64.21987591853893,131.22761993807805,93.29794995882874
2020-04-24,64.3011840573448,83.22191230381675,106.68578935295318,167.33968380243772,77.54511006183989,110.24575630227204,67.07816479380251,78.08877389275999,42.973792588110086,82.30989318111767,222.73339930271402,153.5603359586023,146.51048484513944,111.61314396207935,143.87173348839875,118.66096413244198,117.42453931724948,178.85090483109178,151.27722861993774,63.73719040877646,130.4150528541593,88.59372618141317
2020-04-27,65.57820741653246,84.99042034284035,107.76995587079938,166.13899771956375,77.89554319858422,112.6579208375171,68.26180283574666,78.47673042614211,43.48529325558554,82.50494245207769,225.28413198167934,149.7276944332219,143.68421924144255,110.31108114815744,140.4653566512949,116.74803600757583,116.26320304208488,178.60100723896693,152.2362934358572,62.82014350664369,131.66186313215871,89.18269649941404
2020-04-28,66.39564840507042,87.15632354763494,110.44295478247776,170.53724971854098,78.44618901047764,114.4607659977059,70.14567769259074,78.32957159005993,43.59976311227425,83.26257651051485,230.5522532050842,152.74870643986378,144.11328392962147,108.52624610869458,141.9663209041721,115.92664284574307,114.41462775353085,176.36689662888426,153.72685000645967,64.50778696138427,132.39729432714594,90.04061939620868
2020-04-29,67.06237666296468,87.33632342627682,112.99259678630486,171.7894161730797,78.62862973628619,114.95829645035978,72.04318794477857,79.52138631440049,43.369081999250916,81.93185444189784,226.0152777456857,157.99352131589973,144.15197905892438,109.58025714267126,147.26731176010153,114.99311058028486,118.64553273929221,178.26991880474236,153.19424745213755,65.20992037904851,132.79386316631795,91.95011407572741
2020-04-30,65.32015212037156,83.57921062852095,112.50528333782623,167.4629780299393,77.47296333610204,112.66695805120992,70.44485152329297,78.26436264320373,43.01216621850247,78.86456556258172,221.70244575637827,148.93730958027385,143.62328874797225,108.27736967393382,144.86328047008888,115.04534475149933,119.85724466934516,175.68182189768635,150.1378128511176,64.89024763765572,129.23998350686475,90.36091177125837
2020-05-01,64.49543655718297,82.62735918244526,114.474138321396,172.15272590825597,76.7605610163172,115.180777460925,72.92595306772238,81.67899845313272,43.88046883919365,80.6266566872344,217.73944081529723,155.87259240352472,144.5477161313109,108.3928754852592,147.12290094780465,119.65497711640859,125.63310735731639,178.65962107203208,154.72571878086333,65.91012030577073,129.1436243864596,93.72414319067462
2020-05-04,66.08826980039807,83.81961086277047,116.80587252835329,176.70094252110093,76.01643030490094,114.38451024536408,71.08670180506971,84.68432151907322,43.69473027259229,82.19506138804711,215.39103557074085,158.3678717612761,142.00840395682283,105.68941444232878,146.15691639148787,118.08658640598144,125.86916782236462,177.25956322841463,155.1836703027774,65.15671148444405,126.8127591251467,92.24152678205799
2020-05-05,65.88896078922241,85.40694456179484,119.88864302584334,185.9989921993062,79.08519431206044,115.86177080897465,75.48061370834543,86.82288028136692,45.61925474341988,82.79371529692976,212.59889628920388,158.97169570912743,138.62636921794905,111.67361308142607,150.7627447632884,119.60509495618028,129.86282357641358,182.18370558008334,160.7714702991632,67.96380834426583,129.22512250317342,93.32459690188146
2020-05-06,67.09229100644876,89.627352438483,120.34014014628274,185.41038592617474,80.39837818065749,116.62969068539519,77.36532723914746,87.25012661733626,46.150895138257766,86.6259663660201,215.30303685660286,158.7094765727631,142.49314168558283,111.06696553342665,151.7223948651704,122.28532519319835,133.03270678305128,187.4015286061172,161.66337438038545,69.27370422819925,129.78648714211087,93.44110968124075
2020-05-07,68.07285739656463,90.77241448726167,120.19299276484116,190.84846257362068,82.26705893522114,114.3726448084614,78.7629513355294,87.40514794603614,47.5766186643944,86.03484485522227,218.06349889192228,161.92634651889944,144.72368056432393,113.98613050711127,151.28466899441923,127.45946905749103,136.05464093610522,194.00449526708874,166.9181901792947,70.28956165221757,129.49861960111141,94.03775505652969
2020-05-08,69.52037650850477,89.70889746173589,122.15026521649185,193.7415757693713,83.56096929049873,118.77443047844635,82.40885091274198,91.56586583371222,49.49063261057361,86.71224533590399,225.26226946913062,170.67621586464173,148.35450985665392,116.8348779813977,155.48442150245788,130.9325712290084,133.8407703328319,197.0856543371426,170.86305221473316,73.00957024359548,132.59795178131458,93.54660424959727
2020-05-11,68.19105570392654,88.50842079944402,123.82355690951468,198.47710200136333,84.63096909424416,119.79717584370619,83.30863175267356,91.98897583992469,50.23292664218404,83.72421326864088,226.50296403424292,168.950200465332,151.76734726951125,117.22671181963973,156.71400061729256,128.83622706497493,136.62646965090642,200.0362220281103,173.664311608613,72.52520482966926,132.14048894591429,94.38057799744257
2020-05-12,65.67695197580062,87.46685321069165,126.17834924585856,198.21080656310588,84.17124724197798,122.83086691147133,80.139423980951,90.56723343140209,49.79104662379333,84.37418412453944,228.20851257910994,165.41507269160292,152.83508123405994,115.58744836437803,158.76956205443093,126.01603561301755,135.28976342041122,196.97837018969113,175.75564215294096,71.38106901592722,131.3272306307793,94.34926158181831
2020-05-13,66.80696296693273,88.14603235734359,126.39255221282262,199.66333232475756,85.07078443010262,124.28409706929948,81.04637979989283,89.54684615166276,50.81557181374701,85.62201153030539,234.05656831318592,166.56396463511146,149.9109087341588,115.76850557877964,160.17375019336288,128.6245680992424,132.027791749047,198.46768317759705,178.7336160037046,71.16840935854728,132.5276368908639,94.11693163504094
2020-05-14,65.31832920619748,88.02545217080201,123.9431715610439,195.2909997894903,86.61601482070589,124.63070878403772,77.56898473804341,87.22418576638702,50.21271041255082,84.96331247041535,225.72363477733597,168.06697242460243,150.51407393960653,115.63810963939461,162.6464179920966,128.65863629129228,131.81309316985806,201.44674539686898,180.51901422695525,69.67547497055926,132.79081680709902,92.39281361864589
2020-05-15,64.63318911626716,88.76795376967554,125.23573894940984,195.27254513108414,87.58355933883371,127.41635833670516,78.04747569633965,88.14490230158644,51.55939367728306,86.41399810401633,228.60699145191302,166.73565745153837,152.9998507138907,116.95662737478462,166.84912416770825,129.5881016358786,129.0721528756312,197.6087903795179,183.50305565428334,69.52894400792799,134.66240457912818,93.14704796511471
2020-05-18,63.640823483742196,88.53630210974096,123.93710977164667,193.86933149876478,87.01804878965912,126.68073714903248,78.83657931292147,87.66351170288766,52.148508323743364,88.27068094893114,231.31267717095668,167.80525869306283,153.50481251206443,118.28739550878319,166.6844528900538,131.24419279725248,130.05432885138217,196.2255915038596,185.513477874894,69.51296097777235,134.48379053236198,92.33247112343125
2020-05-19,65.14898544852532,89.92320859054801,125.34836686549977,198.031255890632,87.03046903299857,125.87411364937071,80.86346646622611,87.56603316819837,51.898001922594666,86.82822269101449,235.78839359597012,164.12536266830327,152.14450567831304,119.61408068791647,168.5661624916016,130.1399393548647,130.10373990738913,194.12662684365472,184.10645786149036,69.95683286735047,133.93713465852284,92.2151166054346
2020-05-20,65.11889756466239,90.26318573594216,125.62161373155209,192.17850681710115,85.06772330729692,121.27525930758324,84.00158436054426,86.64537154032028,52.274448478764256,84.61070805407664,237.87246945693468,165.87943327428442,149.39362782068153,115.74579688831717,165.512786231056,123.63717926454905,127.79507757516723,193.18278840794355,181.0021266651356,68.45705816411437,132.72683513681892,91.46668880822979
2020-05-21,66.27355289384884,86.75794789933907,123.0086654178448,194.02482820561914,84.81624275182536,118.06034516951037,82.7387791172409,85.06306099266534,50.74588498038703,83.00106148796742,232.77333541169853,162.92219566888457,144.80057833049005,111.27012223833263,162.23259622616632,124.42579027724156,125.45823942474358,188.4512061401126,179.3506714392541,66.95828254378833,133.67643257710486,89.67599473326027
2020-05-22,66.957195641029,87.35619009257191,123.98761424569646,194.27310205377816,84.75140177520086,118.88728937209869,84.04222510857454,85.39191350625254,51.312966060463815,83.09787275595565,233.3407154655299,163.86702873189535,146.11472371849092,116.75313238488101,164.3022205521872,126.6778522216278,127.38732531496991,189.36777860980214,184.42755497523132,67.25547743001748,136.81088301652727,90.01612320753442
2020-05-25,65.2988985206345,87.34204737099,120.3879996207194,191.18322902953335,81.98887765479859,122.94919304495697,81.46925703560986,84.87730896819218,51.91392179232613,83.58379324436912,233.79470822966118,161.26513230976232,147.4511859967305,117.05449511862729,162.82327651956822,125.65434682401758,125.39008186828481,184.67818960792627,185.59268147761,67.83141632631009,133.30751385894627,88.80752643650867
2020-05-26,65.2585501582869,88.44435607316727,118.87961765526332,188.5035506967078,83.40139987445623,121.90142039612833,79.82002992352125,84.14577608865117,51.591792106696545,85.25798672370425,235.96761435101783,163.82791435598443,149.06998268148456,118.56128805898597,160.24583401641328,124.83339901765757,123.36254828264858,183.8511269780031,187.19609538698384,67.87874031630274,135.52793326988112,87.16971001688684
2020-05-27,65.1168793818432,89.10958491392033,119.25828748178347,191.26885240690902,82.73476207558777,118.42248650145473,80.0966786116367,85.95251500057225,50.558350092657776,86.60349213235611,235.70195818733953,161.59452824650685,147.49435480671096,119.34849135847337,159.76119041779623,122.9505374513917,121.01770639490867,182.693245503096,188.61719581511716,68.30684127631223,135.2746951936806,87.99182220726755
2020-05-28,66.04243134293657,91.77881020680542,119.07732091411181,193.08715502082003,83.55085790143661,118.12394742101526,80.68515615800462,84.48171381177723,52.67980217767158,86.86657044061683,245.52833925477086,163.76823129975378,150.64384344985524,120.01067541723147,161.704151594412,125.48220479840394,123.78279239073082,187.16958106106887,189.8319379169116,68.69447751517805,133.63483013902666,89.81577000395419
2020-05-29,68.08274539091414,93.13889887782337,117.64030799723513,198.68929798468636,82.41827556072344,120.62904175918939,82.61691631334809,86.6877337602907,54.15462199263791,89.56468276607046,244.24216790623223,165.99685214463585,147.62266775074798,122.9355534724016,162.34701003202863,123.02949402438068,123.92829589126453,188.07499789674068,195.87972509765356,69.81681549069857,136.2335611688886,92.60965740001937
2020-06-01,69.14059391112544,91.8333457688816,120.1508724229193,194.3065581568751,83.49027097356198,118.52088962357345,84.10563276382008,89.83945636120235,54.500061864403065,89.94295983978316,248.9602534264106,165.05155347376717,151.53768719699266,123.19730198720472,161.27612449890984,121.87145657427376,122.10060652553153,186.16226458769796,195.32686585248402,69.25351125246117,134.71160780015515,95.45544909739112
2020-06-02,69.00920845557692,91.7106141496112,118.60810553718198,191.28087870936628,83.057129413191,117.71610250484954,83.3136495594864,87.16503178435026,53.860100439173266,87.57332313037018,244.49767042089533,163.15960179088324,150.54055424968897,125.01392632655771,158.17209654993778,121.88021674924875,121.20051253306818,187.55453942637425,194.8717540150536,67.37754704722585,129.6771489412009,94.75936739928697
2020-06-03,66.74587290223131,90.66792962908389,120.58580122742518,188.97183212518823,83.29904515413878,115.91293699408287,80.87545358583654,87.20895294020332,52.47314029617613,86.39213145942851,239.86282159146756,164.37591575788096,147.2567112446802,125.00412981552208,155.18342128865825,120.19848467060831,113.87158839547895,192.32593940041298,195.22251508323455,66.20169941233596,126.68433482353932,93.49185252496956
2020-06-04,66.19469274066554,92.51986770680186,119.62031405291941,190.90091894809225,86.80195339793818,116.30103083131458,80.39781810315445,87.21421540487279,51.73520415521917,87.42323161852306,236.35645317039294,161.02508481839286,147.71806767826,124.3167991665924,156.3165926827571,120.9748417622505,116.9420107928051,196.06320653803616,197.16877631170772,66.79475894531326,125.87615043708679,91.27468631018533
2020-06-05,66.62429904473328,92.52840126972222,120.66405543497079,190.99788461247087,89.14943263161099,119.39533313802949,81.90807821127763,88.6385084538114,50.9315993750331,89.03808518188164,239.7790008407224,162.77289795738847,149.06925406666807,125.37962810673392,162.85901244885792,121.02233550912068,118.7900431498253,195.02271341017143,199.64747433503254,67.85330348169937,127.01917730063728,93.72053978481698
2020-06-08,65.8965365970235,92.44540540644657,119.7566774706533,192.73120437943905,87.35426077286753,115.66807860394118,80.885633910547,87.0606027023569,50.45168782894938,87.78868522325652,235.37773220401348,160.92780595444913,147.61156858715543,123.52576092166845,160.98304085567338,119.16614515167036,119.10349020321145,193.59885309271962,204.3509014712889,67.32399722034278,125.0994402086227,96.51798713720596
2020-06-09,67.35720315306884,94.53741537296436,121.36121663210804,190.57883009801148,88.30436521864766,114.90601048775244,81.65964195363546,87.18854373359515,51.328409247828475,89.4867685156909,240.63441702515377,162.4844550088975,147.05966906727863,123.70468356318972,163.95951315549692,121.67085588803073,117.69351569871627,190.1914362346334,203.4614960919965,68.74060387768422,128.33595781266897,95.69689301623421
2020-06-10,69.0406506221531,98.32701499664526,123.67540643780475,188.75589244656507,88.41368521854574,117.12191315857385,83.44488501930212,90.1362573402184,52.697168876735375,87.32871862182544,240.90093240262885,157.8174137672317,148.04764399109663,124.65659444160852,165.56573886229944,120.51287340362938,119.36474859472249,193.01228899125795,200.4432245004071,67.50995041674221,128.96681260575468,98.66009432580488
2020-06-11,70.03167377164318,102.12310518805477,125.40816677166464,190.50836016734726,87.40907680121781,120.26545134274006,85.03004986107528,92.78697309782979,52.404032124120114,90.04887983607425,239.60176550015956,163.6749675330212,152.28554946367436,126.72800575846746,170.81954003737218,121.41145466060786,121.9767531537261,199.32736610118172,195.16817967225987,68.46106756066865,131.5568377318593,100.42142451219898
2020-06-12,70.0020240601935,100.09657199304903,130.4921538678334,193.21183949764458,88.39759379469811,121.24041601811567,87.0511023328672,94.51424195063791,55.27386481028296,91.94953261431606,242.3265331399956,165.22412996240521,154.11203761710502,126.13969228777715,174.7707554978377,125.31071013687713,123.03609294471806,200.47838617665371,202.96270422892616,68.2206305501165,129.8338421388768,100.48084314203355
2020-06-15,68.57356614536127,98.26573664788263,130.38891109194734,187.71395496315674,87.82664686966993,122.17087048606665,85.44440553845713,94.41163353335155,54.45966491384185,92.13386138737225,234.31153523330664,158.15784481331056,150.42040576200208,122.17650112932871,171.54204735838758,123.12381748927378,122.13977628375258,195.62678892592973,196.95327940064394,66.62714034381017,125.99503251541182,97.25588283544928
2020-06-16,66.72681401166469,97.88189144554526,125.08636658020589,182.62926163858089,88.55011066559149,118.20098674177589,83.52109011943611,90.90774596272155,52.32079956068498,92.57927934041227,230.61158643409811,155.47690815093242,143.74159755531392,120.51794523737335,172.19065066881342,123.26579094576563,121.04892110844582,188.60408349456986,194.08600346299568,66.03133198136265,120.17698946770538,93.77651514916525
2020-06-17,66.38233740617666,100.81752362826917,126.64837493362295,186.78828186459853,88.68648385825747,121.48035568878866,85.74145324717858,91.75262517148528,53.03008717527869,93.14366557509712,239.58630220755128,156.9156617272729,143.34307727974283,120.55657113671914,174.40632535777627,126.01570931839149,119.96196052785099,195.91678962193268,196.64927969191402,67.22350968380732,121.40409284122643,94.8405759203261
2020-06-18,66.82338439652189,102.65933107874113,125.64948520518992,187.07877691878707,87.49469690089107,124.51868793763772,84.85890043637161,91.57263606824687,52.85978759232873,93.31778984370338,243.977418650605,155.95388419101235,146.1424916506164,118.91018743601252,174.10358666712577,124.18075660378963,120.55399608561432,195.59967017215828,195.5339818800723,68.32918360847563,120.06383334136314,95.54413458230792
2020-06-19,65.09535390989411,100.8254458801807,124.38549352237855,190.51957067139372,86.85463286717516,126.62230508112513,84.27958537817028,90.14423194637502,53.5268447694031,93.41062043741013,240.70149849227667,155.67801002590662,144.21100814893302,114.31275906657315,174.38309203532685,124.88522514794882,122.81337224475658,195.11157788106928,193.0460224194108,68.58181863360777,120.51394695458367,97.04863929119958
2020-06-22,64.301624807255,101.49107208676814,121.4799159971792,192.71164676884084,87.60870438595725,127.54865990872962,84.1532035141172,91.92429042919741,54.018324349662336,92.57504616493418,238.90566266961915,153.60272272413857,145.38397989595722,112.58233649646799,177.09813512128616,127.31023440420452,121.17740288332867,194.54209411040983,193.56280861058903,69.48190123024433,123.2987813958791,94.58186499684182
2020-06-23,62.59400835342694,100.18965689384218,121.84415719292204,191.2473558127233,85.27940917240207,132.3400174478551,83.79338598628463,91.35673022233313,52.65943434916156,92.45821467503414,237.14837998862896,148.72644764704268,142.55306300881452,113.53993051395274,180.92548668248008,127.29576094216917,122.76822959092702,193.4226019724268,193.01518680119466,70.3814498320936,125.88314188068435,96.10447051194211
2020-06-24,62.04511161934528,98.50374575186083,121.04260616594208,191.23058251509815,85.5050405270719,133.9752139135045,81.8264936709694,87.87324837650497,51.9211783687889,93.75638396747364,231.85176642203402,148.41506618549093,142.27363476879782,112.45849376367062,178.15107365342266,123.74799813353413,117.04461660303224,187.7990105146392,189.75073244859433,70.66754925780215,123.979756601591,94.16491481686613
2020-06-25,62.99675822731519,99.57883111312098,120.897405899791,185.02973649131476,84.17398878160336,137.2136875372116,82.45439577287826,85.09780331282852,51.36961344722006,93.6794897422789,227.53446907018554,141.74679423681326,141.0202802157774,109.97223898543847,173.74300862109146,121.63824220453849,115.6053231635481,185.84062981010527,185.3252728025643,69.70682616948172,119.34721639006081,93.63512047028406
2020-06-26,61.58541455635356,94.39263256012597,118.10118770300791,181.9694715286575,77.1459822395363,131.9362200833161,75.77063589427196,81.74238804321234,49.40228327921712,86.70705288027169,225.4713360328238,137.55320571242444,134.4472323833805,108.6641617017406,163.09473848533395,115.24398884849256,107.70171810266174,184.56583240593204,179.52517854240654,68.03495826430247,115.6231031305601,91.26907441092914
2020-06-29,61.90063056174546,93.86171423446301,118.17648442479674,182.9595403399418,77.37704752178988,129.47398962523044,74.40351920841215,83.26162917295538,49.26968416172267,87.5032100558038,221.3473968016418,134.69756600558097,132.92569081982023,108.44666565576648,161.18149621254204,117.44486853798769,108.13573255731403,189.93134790602036,180.32583799365995,65.66384950256838,117.08899504926904,89.32446431847117
2020-06-30,63.70253297529324,95.60405989249044,117.23569258590685,183.18934465523512,77.90594866196159,130.75839006771827,74.19797662919763,81.71735248576123,48.58044276511156,87.01372973984728,223.80846022623933,135.9885036951403,131.80448655864376,109.84475960006328,160.37438702042803,119.2369610770708,112.57703581562214,189.51046164253376,182.5941589865265,65.13758684509074,116.7376563338141,89.64691119175407
2020-07-01,64.5421966656712,98.14547189629769,113.61598114346523,184.0239085101046,79.0906344267277,132.0484452113846,72.79944605646084,83.19376117415028,49.51416447186428,89.32424047586882,233.72096011456642,134.95159017414758,129.85792860158423,107.71069880252067,160.0539198143148,119.67122123301422,111.43899063883161,191.3593327684928,183.40962665226488,65.05448896418994,114.53154302352178,88.82644754132424
2020-07-02,62.83340020319866,95.78570317596052,111.20819964734591,179.7969269430831,76.68526588774338,128.59660029112518,69.60888390545492,80.51908844319063,48.45590788417453,86.12636265939406,231.31833716924112,129.73752701637258,126.5449304831858,104.80158591493083,156.63152128778896,117.60300717659399,109.39446690516048,179.81134114839253,181.54440884032795,64.67408672962713,110.54349432974563,86.5873673111018
2020-07-03,60.51121991119674,92.53099178233863,109.47193481451318,175.36067303294513,75.0525324641817,125.24767437576895,67.09880264309702,79.18533969865895,47.77410406245675,87.06981217925073,229.69395283445513,128.87562428112773,124.06541612442143,104.18495749967137,154.84687585384174,115.11085754544841,109.55483818609021,174.1901778289976,178.82388324204976,64.54783623332102,108.8859630917255,85.42785022713427
2020-07-06,61.09637997049418,90.38345800626996,109.85716212792403,176.228934253543,73.8905122027737,124.39077031231417,65.35839868268312,79.91718824002803,46.33872050673278,85.37861198445026,222.9786169527909,126.08947359913975,126.87113057651541,104.90260325856494,153.9306342551646,113.41737966207602,110.90901780506283,171.81827077690735,180.26625840583318,63.62214929246127,107.51135783362481,86.29244887993225
2020-07-07,61.0841973440612,91.18288239431547,111.29842319668732,175.8811841121315,76.20552925498122,121.84281289431127,65.30644850930274,80.23362721194572,44.83318685400727,84.54787202592166,226.84583530522582,127.5042205267156,131.2307992350658,108.4634512978423,156.07535252521728,114.96997799777417,112.21274163713578,166.82517991524622,177.9743544134627,64.40317865753553,109.32517375896623,87.59641194456387
2020-07-08,62.270839185330615,92.20955739460375,111.80309591668436,172.59256360921506,76.64976422316623,121.76678910009272,65.46846131675444,80.28621593831575,44.50225865226111,83.00160434830312,224.9053050446511,128.07694967749688,129.008836521116,108.79867162128053,156.2078672444576,113.27544234148567,113.39349145187732,164.21557038068084,179.93774648083357,64.15859632314555,108.14428587809597,85.52680653028919
2020-07-09,60.95296127285839,91.6974780528864,110.38138869070806,173.995871246983,78.10113397600229,119.2470769681473,67.16408408545796,80.1177484775888,43.87812341169773,83.74127733341335,222.8191356797841,127.83550248258216,128.14147187176576,107.39405990963668,158.13205303601382,112.84222846424115,110.87514677990475,165.46472194961297,176.39548194303643,63.00643462384184,110.11700696847441,83.9356468988131
2020-07-10,59.30891375153606,89.34275346033463,106.83650759216056,169.83349169578096,75.0795473927929,119.21455551359568,64.1601199086675,78.8452103715051,43.30874759970608,80.97503704893718,214.70576070015107,126.28361462818447,122.72618128720178,103.47446696672391,155.9824155634346,109.83917194914639,104.84858435738973,165.26757882218152,170.02761746114365,60.89958150760207,107.81084706741255,82.4230269664826
2020-07-13,60.675509115549346,91.29023355171572,109.17363929663468,175.90374097255776,77.92861813848772,118.01326197296876,66.36793564901569,77.67561213693097,42.90822790953193,81.4334087536374,222.79214855654695,128.7220757152659,125.6046309833367,108.17370096090319,158.3843605362575,110.2903416829692,106.70175466847213,172.62118106181927,173.92581621896431,64.12075070795488,111.51441993608793,83.59847143460277
2020-07-14,59.714450022218564,96.89302871870277,110.95232715739378,178.3539719894656,77.27909954331616,120.10574706101985,66.93230115077526,79.27349731032902,43.73097076565914,79.11236436392451,217.59195528128782,126.91431555295675,123.95340813758283,108.80810738581128,156.83462344930246,113.69584433302948,109.85832482853812,172.77930063823442,179.41141179729127,65.61700426186349,110.96815378121882,81.16363966178203
2020-07-15,59.45916995471067,96.30835938555077,110.81137823216237,179.35982605697964,75.70233931320236,119.96135671203666,65.88278815529685,78.81191586948555,43.95013187955634,77.31870086690812,216.23721008875262,126.40746621078374,122.72259353476846,110.0356610661777,154.88734526903565,112.53344208160335,108.44506255817349,175.22675581081154,177.96583751753684,65.92442387984305,113.96389778088265,80.89272379855039
2020-07-16,61.987578057873115,98.89554295554984,113.4017431892655,178.36151810101558,75.85708101061037,122.12611135020832,69.90021993597853,80.00524551278691,44.60921573545982,78.52260913256131,225.47317729683405,128.41532860441654,126.40993042516124,112.65600883204024,154.3806547069121,112.93894950166707,112.1565578861616,177.10085055797117,184.17280346567475,66.68252271134574,113.9251091201227,81.63659844241472
2020-07-17,61.198653842660796,98.09775821886592,109.4248044539068,176.31444197189083,74.33873830123798,119.0158961447772,69.0747941934828,78.21677113092453,44.931827794652186,79.0301838282803,227.65094747643954,126.02163471389343,123.16699994834221,111.53100918651003,152.89366088461227,110.87204959263487,108.92054798624562,175.00408857704028,181.14547144654952,66.62308244465943,113.6419215855655,82.0688968478248
2020-07-20,59.826881992689664,95.17353336977358,107.11150060201929,176.54700567166586,72.82993533709464,120.44155658942499,69.00170908500915,77.00105753212547,45.31149162815413,78.70288301351843,222.1189585682935,127.68140176054396,121.83441130908659,109.92166091891654,148.4840724657081,111.12596231528318,108.16328711151134,174.0812965824071,176.97754567980644,66.47650912867867,113.32086207562102,80.03824806119695
2020-07-21,57.699850788032826,94.25295208967654,104.614457505206,176.84291548742627,71.19151378084204,121.00235624949076,67.68885966747679,77.27735722358084,46.203690730115106,76.45505406132698,220.20868822273874,130.82592075343612,119.93317931750666,108.19841270670481,147.28732532430013,109.1547211457663,103.59746905938144,174.14752214665603,168.5549099120607,64.9571382268363,113.28932046861598,78.28124699059995
2020-07-22,56.91184574505333,92.44106798023482,104.21622707960697,174.95631859030368,69.29928217080379,122.05072567736758,67.6854847894241,76.3909168495889,45.634010456229774,76.73256322187984,222.96730358143867,129.2342591021059,120.16056896579757,108.25831625441978,146.89156294069818,107.8911542179326,101.3588064227954,171.55936862923014,168.0002841091585,66.21422824455192,111.2370023257181,78.6059148414643
2020-07-23,58.05452314285912,93.25560887884517,101.90719500050906,172.83518269117272,70.36002152641272,121.98667873869167,65.91936466556982,74.84860532344752,45.66764098385309,77.43330511260855,221.21382496077962,133.57562939422215,121.2210590497993,107.4800587535073,143.8658542770805,105.65416090035173,101.5103015923955,169.69480426766054,171.54661788708722,67.4364104453645,111.53978344262266,76.93776998675187
2020-07-24,57.70229478291268,95.04713489670317,101.85139391976128,171.64419995554792,69.07882754519021,122.10441248391803,66.09726361062769,76.02601334290023,45.036493868925426,77.22929546124324,221.47409550856207,133.8793201187854,118.63982733313816,104.53347430961375,143.50839273410844,102.1608240774414,102.68864020295,167.99691986044516,166.0319863824837,66.43343344943068,111.14318421606639,75.73314433659033
2020-07-27,57.9058759156201,94.33476790888187,101.45983611800028,175.39685006739055,70.86909669469331,119.20590908880074,67.61466312356663,76.81205763053919,45.95776532859209,77.13452944721895,217.2346932556014,135.13881510130756,117.04123847833112,102.42356758183469,140.3818181509343,103.00264731662378,102.96920035271802,170.07627608524217,167.5089261923805,66.05651363339572,110.94395227311956,75.20064900183328
2020-07-28,57.67397986231112,94.92576014159731,100.0015408333936,178.3952787596653,70.83925295076011,118.46137442726153,65.32703111835256,74.07104117640604,45.68448527210753,77.37201206060598,213.32082404695728,138.2372069377436,118.08291794688674,100.8104934848411,139.7759278403241,106.4649889216746,100.8313133155216,171.06273818295796,166.37083642942832,66.61664057327667,112.93641145482289,74.60524864506777
2020-07-29,59.5536149768249,99.04268131508351,100.49858206259653,180.91347741764503,71.63101059154563,123.6204399358753,68.53456130727005,76.2540536198797,48.14900515614799,81.66664356065552,223.12880269099918,139.07859451074395,118.63194624623306,100.97594638259679,143.4363698281214,105.89536065191952,103.249199010422,170.65395076233827,171.04655099771531,67.55495201045788,116.79562293425,76.91418902292922
2020-07-30,61.42727873376225,100.22380873919286,100.68278984506958,178.43822953246047,71.72884404262271,127.37104570629452,70.15853883010047,78.46239662749944,50.07060680566903,83.87113784563716,226.79100604919182,141.41821355995447,119.12348913158527,102.34507797632263,148.6628640826937,107.25682429233741,107.81128017479669,177.3257223869373,173.11888939101786,67.61939460096966,118.96146158000523,79.60008645083587
2020-07-31,62.65023635171928,99.23881383295983,99.1098168603578,179.36747152400534,71.4989833935693,126.28731026097451,70.27807959548528,78.86476297987636,49.28521898149053,85.259229322985,226.86985352615886,134.73789514682124,118.42776561864191,100.6455499645112,151.50129256395695,105.68361425771928,105.44515233425821,177.70461411161207,170.63683867655453,66.45809006429332,119.2857386539329,77.92137630839844
2020-08-03,62.989373432209504,98.52008276180601,97.41112989829593,177.66360277867878,71.3211495380706,124.44112500692428,70.94498788906778,78.49230961798406,49.3976944481812,85.3918944407007,227.06590188629164,133.92222151483,117.26942535894777,96.64893308640559,145.69324655982902,103.24196105953952,106.53567612102017,172.39814795060303,167.24592080350854,64.7878338235432,116.30810723889589,76.79824192203236
2020-08-04,63.54393881053191,104.64364945803328,99.20231851027972,179.18280655009033,74.05922359541502,126.16102769265477,74.5434638343565,79.43120270771735,51.76808882135307,87.40700583477465,236.09010535039832,140.04726318719386,117.29525019216364,100.16172599054194,144.67088976555647,103.22667974668632,107.08520689202699,176.66739445682936,170.02657626084925,65.74036308910023,118.54133646000244,78.80103801830317
2020-08-05,66.36991787607163,106.40709132416634,99.26210209860282,182.3403694477553,73.41158718227338,127.04311408206402,77.16147806623758,80.84610941429396,51.89554483575697,87.16487148736277,241.31029540319952,143.62511021580386,120.2683521528307,101.17157504497172,150.04037319086834,103.85430085733553,107.7641766987727,171.35102008437335,170.36052431888527,67.1340063922379,122.50113270759778,78.48311191937893
2020-08-06,67.33163009913963,104.2867016104512,100.22061447209505,185.50734584105246,72.80489066636962,128.3783044653211,77.32167278966537,79.23515282227781,53.74282586065422,88.74197134709189,252.16569878803207,146.3262476753416,120.34458803948716,101.64701245372247,152.2346838623328,105.98840350431252,108.92663829277427,175.21171708899064,170.78598605411534,66.5291205860915,123.26582096837062,79.19140641084267
2020-08-07,66.11956602424667,101.07388340027109,98.56636916898417,181.90594059925309,73.44488852208777,127.63553532486966,74.42989204127011,77.03760466055684,53.46414648430433,87.62983820734813,247.16779621127688,141.77807264506927,117.42544647944379,99.43416326930127,151.16922145708304,107.373175884526,106.27736508874827,170.0589238571909,168.55983671738358,66.62609742206499,118.98555577872101,79.80799763248454
2020-08-10,64.03403750562107,101.38305579935347,98.14924178736942,182.06896577572277,72.33024831847243,126.06237924900871,73.58975355469077,76.57199079923562,52.7431257826051,84.79424751800563,254.63873027967284,138.6425881783099,117.54962491759595,96.62566583389346,146.29480171315353,107.31625164908003,106.37844947301784,172.99381921934264,169.44703924636696,66.36548696839978,117.04705341523025,81.46966436294197
2020-08-11,64.17139276070536,101.76185965767202,98.77360936572819,186.2791234860323,74.06778087960403,125.90080429873588,73.17210328044453,78.21747714724172,53.37935885695321,84.8042764966458,247.6839608413607,140.958781279078,120.13776989642605,93.74896424558216,148.37454268966778,107.82115489222137,107.25430587876298,172.63667359393966,171.0151747226867,68.51746012850884,117.53473672590641,83.59030492608207
2020-08-12,63.96725796131679,101.97295927741706,97.8679861653304,186.34402385170392,70.52810004494681,122.81581851805404,73.09471960517399,75.29723823256825,52.53038977040458,84.3546701242352,243.2580523856374,138.18902641299266,119.51278418922612,94.298656582814,144.6517701300296,105.80828508461391,105.08295433718646,164.76501600199217,169.83963078256153,68.84256119509898,118.33358488372004,81.7231089746708
2020-08-13,63.838784399515426,100.73656004146817,96.86182428376654,186.8112045936322,68.71500420471516,120.63619593149633,73.62452027307057,73.807200780696,50.60171710119971,82.32890758714345,236.5216548750245,136.90899005713945,116.15930546471412,93.30334720136491,140.83798630750567,100.85153945935475,104.02990966851678,162.72301373345076,168.92387342388383,67.14110456825706,115.0047505387259,81.02042314337062
2020-08-14,65.44026683244402,102.13617000062415,96.4234060709654,193.00206741649174,70.9313687660356,124.18038957110099,74.78223217231974,75.83322015103462,52.21184137326018,85.84297000040034,244.31650204804092,139.59042837174272,116.04366144645938,95.25927547011038,143.81925727083018,103.73242933380241,108.08048197676081,165.5220085808898,177.65754352055515,66.62001772693893,117.60495404431931,81.55924371403182
2020-08-17,62.43273363507286,99.42728615941411,94.30545387718904,191.9003068433044,67.73233275269654,122.87970162926403,73.21889021431528,75.286536949385,50.71923835972291,82.07621957149183,234.05407820451708,133.7466459743845,114.2659361795542,95.22756997651663,139.02166150214242,102.24611593854111,103.18029721539045,162.24767782024895,175.82793469524566,63.67484429989152,114.3743957428099,80.60109331294358
2020-08-18,61.25797230842372,98.09787289352539,90.43930400501237,180.26230452483338,65.91749207744095,119.76341364047744,71.34281211406508,74.57241227247903,49.9595292284321,82.3533714764181,228.4077302752807,127.70485064511865,109.96593754846437,92.50689000268451,135.79015643302898,96.23691348508416,99.60229511123696,160.5177731372762,169.39050694876818,62.34785609102648,111.03378906997071,78.95140343902564
2020-08-19,60.31115307081941,94.29720160526658,89.23074227824043,179.266539766203,67.06791101747893,118.5993651149738,70.642112612666,74.48264989874353,48.25096047231956,80.73733438652228,232.56343874810085,126.3634440232119,110.78291130768882,92.98227751340809,130.59787072147537,95.44206735674109,98.89353370357618,159.81667248735477,165.55860388874956,60.722390173963134,109.00107606352451,78.09998744185823
2020-08-20,63.33318015835186,98.26344356572359,89.19100867074856,180.78786208507634,68.25962088680326,120.93241794853982,72.82234147209621,77.02116566254526,49.658901134964154,83.9943885964605,234.48208963047622,129.9789857077658,111.24655237269191,93.02930553941886,132.55280534557699,98.18958508858448,101.0632593823822,162.20303486053183,168.03526201174205,61.73440271399658,108.47677080980692,77.78606541682359
2020-08-21,63.34983233925023,99.26911766760337,88.85403957292533,182.21586512361134,68.07431567052659,124.25120602822206,73.01721258231599,79.82203922448456,50.00435702249806,83.68794437006689,231.12030039221244,127.09485090753095,109.5314036654573,91.75108239837897,132.53901103122126,97.0740236423584,101.2914597404644,165.2335982270078,167.14063265155957,63.626033705959586,106.54698812700414,77.56790165661435
2020-08-24,61.31145160066442,97.26125765183288,88.17146662432258,185.349779521792,67.89159552283773,121.90870872050738,72.03065317014419,82.14290481508154,49.78407129729475,82.68357305441121,236.86265257701723,128.2507404481398,110.95959892467496,89.88648173485272,128.46913582567277,96.58746834021096,101.18562403313028,165.13400730622888,169.9406852206899,61.58502116276596,107.43565777244478,75.82098480174844
2020-08-25,60.98402351226586,97.03956322103944,87.20022889681947,187.439646096474,67.82904855673905,124.18396942127097,73.33057537787914,84.89680524127462,50.49018091157871,84.03873114456944,244.17313050811984,128.4115519238989,109.66635932423763,91.11525103987422,126.94533654071331,101.11191068784909,104.47428817657293,172.25598419638712,172.25537456277482,62.75066720166696,107.90342754632918,77.63406895673904
2020-08-26,58.15485736774316,91.5700867838411,87.89629447776787,189.88547917521478,65.43940033890989,122.30189555369601,71.6081007366957,79.73424084969086,48.26302457782471,80.35042325910499,238.2014718717103,124.22299710986172,107.94793047057063,88.88515642343579,125.76043694705882,99.22747949068538,102.15337054113965,169.26114730874622,175.44838643380916,61.46804274288433,104.65590819828527,77.21212662688349
2020-08-27,59.366122877764596,89.92811135583473,87.28186968426478,190.08965054515588,67.05113713783469,117.6739493409817,70.47837661012721,80.73184338818706,47.341001581246225,77.50758247312152,231.22663677763856,124.44423105200748,109.96005427866251,88.31519513953279,127.01879468694813,96.90314623612812,99.80608308101341,167.81154298778205,179.4379956334179,61.45026763308749,104.7828068154323,77.43209609232608
2020-08-28,60.50316263756626,89.60126676217176,91.07510357374167,190.41368291914748,67.08296337880222,119.68308816405212,70.99619572660323,81.65745166575873,47.77407857532063,76.6076338641279,237.2112906704244,127.8183657489311,113.70911429608249,88.82614556722785,129.42656556433738,98.46681877288518,102.86319682040995,173.0328678803694,182.69124345200308,60.89360371924353,108.96025819598427,79.1394976057657
2020-08-31,58.91100311942678,90.69273461358095,88.43671058658065,188.46884290364113,66.86598838032246,121.11134883168731,70.81115649925724,82.0988446671628,47.54894442868758,75.97271576049009,234.9245398577781,126.57378383860129,110.04770376873897,87.18942640156224,129.5838888804893,97.65276345776,101.9129074451375,170.99946356172356,179.23737232521555,60.022963024129304,107.65531927208679,78.59944196682177
2020-09-01,58.21769772551547,89.12419535285788,92.33518635105791,186.2398812059327,66.68820275777485,122.49578989968761,71.53863005413942,83.12436552284518,47.47296022383078,76.48583576025285,235.79855514723096,126.6292952549468,111.01630913096758,89.01613410865767,130.30146219137106,98.16908521948032,104.06764752810321,174.34095476499954,184.33372762280518,58.749100878843755,109.7780575059483,79.71117140189912
2020-09-02,58.6573403592653,87.28355708247882,92.0037591406696,186.7692636660947,64.93476169263195,121.22803064681894,71.1565217714979,81.33342023168665,46.367052792173,75.66687393336879,236.50429323432522,126.55688624896763,108.44639040267074,88.97649428979868,128.09810367417896,95.10066107656732,102.43014493221348,175.49451861774656,184.03721399797797,58.14684000043599,107.94133016203307,78.42987324293291
2020-09-03,57.94971631888299,86.40412087273018,90.29610515180212,184.73883805611445,65.44534507073855,120.4158751640284,70.15181725592811,79.48287931249583,47.00494456652296,74.09406476711027,235.20989684274107,125.84657086069063,108.69035229827743,89.73898414103697,125.83126663687656,95.31185590970289,104.43432885562063,180.43081918407609,183.78017493028332,58.28235917592877,111.54369751575105,79.89880854195124
2020-09-04,58.088155843547995,84.06042297152366,91.13662522210402,184.3706691854302,65.49497859984642,118.51206531845098,68.55111786088251,80.18047617367675,46.19230382269829,72.56146258325475,231.05996958770345,125.3290793361446,106.24810271887326,88.34978094173721,124.05897160600297,95.96393166939374,102.31464059802163,174.41454609265946,176.85071327516505,56.58849216083524,112.93035386686721,79.35834776582952
2020-09-07,58.759053691457645,84.8661565344093,93.14918488073387,185.95716547416552,67.28963606180177,120.88459865266732,68.63721468832811,80.42856992685822,46.17302387891587,74.43968842312941,230.8824036708977,124.63198609922281,107.43932028592803,88.78777342987256,125.24365493301806,99.23412451525105,104.37229556649937,175.60407899807876,174.14265730801415,56.52712486012252,114.76614981459622,78.47345246601054
2020-09-08,60.342005085074575,86.24160763728307,96.27366096731772,187.57901254907233,71.23045577743979,126.4413306914351,71.46053208585802,80.86996472972744,47.53400455085002,77.63095184841744,238.39211472320906,126.01041673621631,109.19490426683622,90.5024963149418,127.53851238615195,104.16681753110088,104.08803203285238,181.91360918052504,175.2661448230381,57.18695871041945,114.49377648809792,79.87466086428763
2020-09-09,60.50323593894297,89.33807710332205,99.83562697197561,191.347376813748,74.72431085782884,130.6102070221921,73.92091451304441,81.80760635712521,49.15710932857881,79.48075639094854,245.14348770941115,127.0512622153611,111.42796878650942,91.07047706848796,126.62217451168394,108.01750012661184,103.67094557334848,185.57672654097237,179.55032058256526,58.52669046242044,116.59241933644304,81.67958473767439
2020-09-10,62.79830176661112,90.71783541736492,100.53570808409386,189.9028323898903,75.66514968825483,133.47606531570398,74.85335946713519,83.69891693342883,49.73026700094437,81.49056425595634,252.83578397228828,129.53270331933422,112.29925412986606,90.20094367250498,127.39903991435597,110.1690907867716,108.10638147809638,185.7513158753391,182.26765870709264,58.392712126854605,116.32925499707248,81.34525932446401
2020-09-11,59.83333414295117,89.11035105552699,96.28690999782086,182.71399098476238,75.3668909985405,132.04170771013622,73.17744809363288,82.22149128625426,48.81075725205576,80.60945770899406,251.60609948160396,130.03062157471672,106.30986603410682,87.93583124569356,124.65131780670275,109.47995503727209,106.02345345410426,182.82866183734308,178.96174895504004,56.14053262967928,116.23490324967673,80.31932558049137
2020-09-14,61.49453997367224,93.00568930084553,97.92869338959702,184.19406177333204,76.21757962014249,134.83321496634272,74.13864031198926,85.96194538863925,50.044803754045084,82.60159102060695,259.27042376275324,137.32328174320764,105.71564647145854,87.82246259794208,123.51109507562806,110.35477150104487,107.62113509731482,183.63429994213087,179.27878727321053,56.899689080403775,116.9959349830928,81.60756683452615
2020-09-15,63.487101808298654,96.30514351807545,99.69270591404175,186.29225257490634,76.38426869369668,136.6291102602688,75.09752029147403,88.67125428777148,51.35783244398218,85.23232491225005,260.7351915468028,142.1635229285652,106.49435919141938,87.58275667780126,124.17345004243933,115.8787701042528,108.47726759426105,185.26761044865108,180.8297260677329,57.55639720662037,117.34446946057216,82.90667837720328
2020-09-16,63.433390065613054,97.33139663364837,100.19458171526725,188.91920264742637,78.9251084363238,138.48565550506865,76.27066652648537,92.52277351262278,52.911907293103965,87.59420347097166,274.0145953479921,145.09981207773228,104.73818539605469,89.84214002301137,122.77119309478451,118.16197102864992,107.13225635727316,186.435594479615,182.05006441870154,57.657428960255615,118.34415146527499,85.2940229987902
2020-09-17,62.27312659742003,96.68425949229092,99.86295308466454,184.55226704152324,76.7275775864866,138.98030748079472,77.6573415889025,92.463360809011,52.66142285499295,87.88506841556402,275.49742353479047,144.44339549707905,99.91068601982938,87.66760092757964,120.70421174180393,117.71699213329434,106.5559633790566,186.69199420416192,181.6335094173623,56.06156006131947,120.204373793415,86.22469505004257
2020-09-18,60.96737801805059,95.72188706632618,99.97293082814794,187.73638357198553,76.46446323140033,137.9222915244002,76.41603604954797,91.69296326446707,53.17152093577371,86.95334776841987,269.5347481296141,138.8110108325459,99.21104650740827,86.70421766370268,117.99884067176454,117.92235146089642,104.31562207035407,183.5708720575561,178.94429716981844,54.9424222765371,118.90552153680922,86.44666843087191
2020-09-21,60.55162673607033,95.04272455752408,99.94972568835693,185.376476892169,75.99754492669275,138.10660367165528,74.85387211585362,90.97272278438403,52.25835574892185,85.93521236962683,265.5489947391718,137.94433363739185,98.01206988462646,86.06333283815218,116.43063886933808,113.53317592402644,102.97628703788814,181.30253939376163,177.3022148723546,53.721836769610206,115.20174614183746,86.1060095051887
2020-09-22,60.20434938153124,94.89025191655956,98.98795356613704,182.15008597245009,76.31845947338105,136.64818031167337,74.62575388366334,91.08775737955449,51.47848572644166,84.14471012858961,274.2234632590677,136.45455458530995,98.64600986504267,88.31893872049879,117.44606192789117,112.67939621601386,102.57570675927354,178.5154865987425,178.93981688029413,54.02325828127347,113.77969470979515,84.5116791762081
2020-09-23,59.85774716931543,94.47862514171865,96.23618405561439,175.33633369865967,76.24095035196974,135.70092046797095,74.86011894009917,89.64765895275208,50.733735329912086,84.32494333430255,274.684587729607,135.9781479999748,96.68464864726738,87.76812915518497,117.4820413514949,110.70826936229965,100.20034775135485,179.35208321708632,174.2811562716282,53.69843493785322,111.89333290361736,80.8710606283938
2020-09-24,57.590238663486026,94.45880834132129,98.33886737935595,176.10420706364275,77.4730391930205,129.44630886360716,74.92733804475726,89.13517322691726,50.194156711785475,83.60797868836285,274.1523296914468,137.8151591982545,95.31484918987528,91.8834110537949,120.7938331191467,109.89575493124444,101.07871104909762,181.21781405995375,178.82692121176873,52.707918696524374,112.60080161400907,79.86288819541043
2020-09-25,57.267402625167854,92.95934377808784,96.93394943957858,177.20903276475943,77.76735500202507,129.63657187121757,73.89830622255738,87.44178427503091,49.51546470253908,83.64043320852574,263.1788265093687,138.21351843151658,95.46887099197029,91.69147739533965,119.9702502374246,105.24238790238871,100.10644047305367,185.5345011256928,177.78014460689516,52.30573125127767,112.39094366992447,80.04660852415131
2020-09-28,58.00320832639308,95.89914246434533,99.2021655605526,184.90173822226006,77.64714903405014,133.73537488159386,73.18495433564544,88.15592425416591,50.13626502077409,83.45006536206843,264.7284807516747,141.2490686927521,95.24468902832861,94.74907594135921,118.23227242821089,109.06499595940646,102.44149677114369,186.82581370066984,177.89758026657782,52.342367178962476,113.19487075282161,80.65323414346769
2020-09-29,59.987071560851895,97.67591578680533,99.92404229448351,187.25301403102165,77.64799409749168,135.54452386080823,77.5770393046793,91.10952746363289,50.920951413143115,87.14605460396498,268.6960212350975,141.11100256469186,95.57014764970194,98.56560796274739,119.97805994728404,106.93696699114552,105.88493491654637,188.8560487900861,176.29034745494113,52.90308283186485,115.92706429801015,82.38917019410707
2020-09-30,60.93844483968223,98.13160300921311,99.80893842491925,193.85628378262876,79.89435237493576,138.17598708975638,79.52830610930134,91.83075783735642,51.135733976414876,88.67561579743186,278.3089627999051,147.61652130634354,98.81116744841724,100.77531052209123,123.29746076724908,109.39962026020723,106.58291037049263,193.07711187112997,177.29566108989292,53.96748340775231,121.3325363937252,85.21708520403654
2020-10-01,59.48978520608696,96.9349303767162,100.30191343976735,193.685242224627,82.01832224126994,139.09213509786295,79.3100342546323,92.15343747827927,50.72652423895258,86.43692602943332,282.0511259515484,148.27451337991434,97.39883537849944,100.11337856130135,124.64006027687131,109.79263642844558,103.10575494047012,191.72110623596433,175.9289832110429,54.292237071465216,122.0686188221802,85.99270445866775
2020-10-02,59.336516449551205,94.20501866569946,96.7074713234367,192.71182188787083,80.27764667735681,140.14356554216096,78.3133919565599,90.7752074392659,49.600532112220755,86.88306840297743,278.4175165172184,145.43620930720138,94.97107320939386,98.70009522735525,121.32799685788618,110.12294919705258,98.96710407553567,188.8246906494546,175.7465707266907,53.86425458274023,119.48286609603298,85.72519392810538
2020-10-05,59.29890146927128,93.87832901733469,94.73869502945516,194.20147368884062,79.56060239514939,140.24634420564539,79.22307219512669,91.28191883822659,49.86547164445852,86.06420399189669,277.9069718682422,144.4140074134842,92.27652166077854,98.13836181858575,120.1642243847195,109.7721184315054,97.76441353927147,184.73582301549334,175.9884799505301,52.252013578081886,121.06602552297538,84.5504378522798
2020-10-06,60.28771800217605,92.62787331651913,96.2268160393105,195.73443127583766,79.06871239088478,139.76527105925473,79.2599502070238,90.03637137275305,51.40883452021094,88.45418574349132,280.82499432944246,144.41333759525725,92.31248350491147,99.58269585266547,123.11885018794356,108.90017453888507,96.4526641571173,189.6425819125958,171.87889731588103,51.63639999777312,121.00269033959921,82.85434220671574
2020-10-07,61.0099125648189,96.31402201643378,99.64144146345372,198.09268453277426,79.62106792069757,147.38178807797198,81.84266805703658,92.32629522653666,53.588605146646856,90.46498379991209,283.3022573545011,146.57205490534807,95.01960275398011,97.97573041334073,123.78081873937381,112.42117438735829,97.0379160386009,196.64748907202934,177.998269795219,52.295427729859675,121.42885484427394,83.63610653459035
2020-10-08,64.01475045228555,99.99788563261401,103.04230244960367,205.23051421899672,80.7138665078125,154.54032616714227,87.54180376884797,94.39765813876706,56.94172787449613,96.7269520307478,294.9487476573855,155.04216232052218,97.11196461974852,101.79596225851833,127.60035552815648,115.72803747221491,99.28103362368891,205.07462177160446,186.3228510378744,53.93797695885158,122.83700497227433,86.84965050064697
2020-10-09,66.04650959362431,98.02507867071569,100.17823306538126,204.10208477844807,82.01501764758187,152.6692728504931,87.17130341946879,96.63572002915777,57.99283004082976,97.96876156972978,301.2880129967627,154.90049688802736,97.09054280820702,103.58867684107013,126.812200126603,113.16743629476346,99.17826878965599,209.05866215705964,188.680961786065,54.9263119001116,119.87635544423802,87.73522376935458
2020-10-12,66.73146860121962,97.61015921826899,105.61955650621452,199.11951060433125,84.3756632466854,151.37580124923338,85.53597778067322,96.28333252712592,58.62490271641213,99.54724796198143,309.9386586198468,159.48164351621045,96.48524577536303,106.19899179450263,129.13257889084434,113.24187629639673,99.68087600530382,208.5566567339099,190.82394704082327,54.77809356719151,119.22246072424052,89.08925560074096
2020-10-13,68.53046625685784,97.85784809942952,105.97899553118316,202.67421228129385,84.87840574773203,152.5438103489103,83.53062123060084,97.57299369214921,57.93149867748108,98.44144881205753,306.141173521972,158.25459482518215,96.45745403825627,106.26774261595136,132.22841982877753,114.88562456942768,97.63030583132984,210.47416545714094,193.32105601755367,54.943319023676544,120.38696364382206,90.05136775226963
2020-10-14,68.07209335916747,99.77597903285259,109.24581023440686,207.2018019932133,86.37460539872593,155.86860589104077,86.18103242639528,97.5832370740776,57.31403711054688,97.63217847923266,318.82369572301974,156.04454567512545,96.70024787506541,105.03342449511354,134.13767948041735,114.09645252653979,98.4058741300497,206.332826899474,196.82326029487936,56.476807607453175,121.13211096654805,90.73109754454644
2020-10-15,68.02538602099709,100.9142386593507,111.09585528243649,204.34822807824764,85.83901252247139,157.9589115025652,84.5622870134306,94.90678136981937,57.677708417786114,98.44121516615972,315.86600555462434,154.44654769577164,95.4466479484439,103.50363731249602,136.51138244778872,112.43680772723242,97.86033856393738,203.20875615893738,192.40586327806454,57.125826986106674,120.29455792444503,90.84593720464203
2020-10-16,67.18927865621966,102.4457783005248,105.8365606597368,200.1154554390386,84.85077358690965,152.7661815420635,83.78496382458067,91.56632316833301,56.56070404694119,95.52003729930726,315.1679676859205,150.14638851810037,93.25375954132977,103.1401765278019,132.68890073088963,110.86977949958131,93.45320548647013,196.29642490299346,190.40873318877962,55.26596011752391,117.28067421842832,89.91016822416267
2020-10-19,67.40881590894789,103.11861651699193,107.11339941708444,199.7646755077029,86.25356693624546,154.85929777520334,82.98702452364158,93.2133780312871,56.67517770042179,95.19293469576897,317.85287768302436,151.6680724180423,93.27944561049596,105.2840130451141,133.98788407152924,111.01607759082846,91.4027248804097,194.48142469754342,189.22742872395466,55.48145529488759,117.63319071175907,89.54988671290165
2020-10-20,67.05350813609763,106.52571659455707,104.0217527758594,204.4941723634723,86.3541744817925,158.36632681572044,84.00145325814285,94.33998453108812,57.52251073791441,97.24070648551849,319.6867710458904,154.3019683651824,91.93408919114351,105.46975935278462,135.6693821394085,112.7691619237346,92.20305003770103,193.69247431649674,191.71018974559195,55.026712942328835,120.9340039091294,89.60130048385739
2020-10-21,65.2445170344635,103.80551882496017,105.21481382803864,197.61233030920195,84.84439476623777,151.47354374395582,80.95542074897863,94.0171845688165,54.87029274331613,95.6940469802388,314.3716267360389,151.4569363706104,90.98864278879952,101.72813378107227,135.717600222713,113.60099422684986,90.60158099071738,197.23144571298945,187.11137061243107,54.36259397982411,121.3804337798692,87.36480048208239
2020-10-22,65.3645717234695,99.96391584589463,103.21945274451674,191.1168031547649,84.6786512820744,145.29407099339144,77.80196197471683,91.50646955838037,52.24029400120501,92.72748243973827,312.2572495380663,149.97950837584287,89.69474295037097,100.41018293338064,132.65736019455292,115.13227255546187,88.03203447511602,194.66453835074267,184.2753164751643,54.30566812976341,121.42644527556739,85.90940156066738
2020-10-23,63.56274181691472,98.23268396292458,102.68395461633962,190.24990073212606,83.48457743193033,147.8744958037983,78.10636910210816,91.60400178862704,51.43751887007519,93.12385771201036,301.12915658442154,150.1960267813333,90.12848456814544,101.16493843295773,129.5784639465356,115.74490559664466,86.99911314003324,193.04900769802717,186.50248753507745,56.15747532589824,121.88856379426535,85.19047440697078
2020-10-26,64.8016586073651,103.27427722364557,101.8557039730167,191.47654030957972,85.64664554618203,152.67578359325935,76.25973312442486,92.17752960741227,52.83526556841532,97.71268706013868,305.12798413878926,149.76738173441194,89.00422167891648,104.80133194625566,131.17575740570842,114.5025693617686,86.96576636910163,194.4615170023177,187.7254968717815,55.54927669958015,120.89956825318514,83.30521150290953
2020-10-27,65.91229582050644,106.52515291239544,103.50324031628558,193.61774401882045,86.99866089155836,154.36927923244627,78.4176051070788,93.50023812727875,52.90684314551134,100.22407509729813,313.76956195504545,148.689384287881,92.19670571738295,106.72420834746195,132.99966910032379,117.5091996722899,87.34602432258221,199.748850818509,188.73320819440627,55.03560627640257,120.70251971344938,85.08648310264157
2020-10-28,67.21566142362373,108.86195006736185,102.56405798052135,192.24737652120157,84.48863660983172,156.97375781614213,79.07773027836863,94.53896006562941,54.397022995476256,99.85704883484385,315.70067676893063,147.79047425037916,89.89389466205837,105.2557256742434,132.5661898592734,115.66769648981898,88.1049932371574,193.03539411259976,189.99424725545472,54.97903859124688,118.50683666307073,82.97533867435259
2020-10-29,66.19283118054655,105.40383293556353,101.83393745676605,185.73760015812545,83.30944569043554,150.42995030677474,75.87349859413031,91.85449138812176,52.4790471497573,95.01586756207836,308.16048170861734,144.3961910952256,89.39606117361588,104.14935050712454,131.7229735220026,114.07038542526516,86.3804084765382,184.73534220617285,185.87476088196888,54.12073416887781,118.25762000886832,81.79135831605146
2020-10-30,66.33397770850637,106.82350438529629,105.1637943364631,188.1719090049377,84.47976943793664,153.0377622072149,75.2680953281706,94.8609564400115,52.26971815122218,93.05895566929269,310.9956065234697,150.28199380345288,91.54884331759146,106.91461567984287,133.81784901717407,115.55307340046372,85.69895003684351,181.2981208392119,188.93115394627554,56.013489898583416,120.52646035010382,83.80658239620962
2020-11-02,67.67358700563175,107.86576778031649,110.39441000043303,193.30953412697585,84.92333763200553,153.721417142047,78.38498131478345,95.52153776419641,54.90992449517413,91.27984557939858,324.5902658801385,154.29573021044655,93.488170702081,108.70786609171036,140.43061666415855,119.12260350764365,86.20085077237566,180.1416130933243,192.7842328733056,57.09950988656786,119.95570103179702,85.36318135807639
2020-11-03,67.97649121486297,109.58905870170271,111.18330169595644,189.9635728734113,84.84236419222594,152.88113156912326,76.36432482232043,95.52937113367906,56.126080655367,90.69729942999766,314.4881299351899,153.3648354435598,91.17967678436557,109.41086540427541,141.68291518652515,118.52295155015368,85.21344764684717,178.3995121695149,191.63326363520008,56.067679436919235,116.71039159569378,86.26745646705427
2020-11-04,68.07103036176629,109.80186315344851,108.75593877249644,184.385783766404,83.73473019414952,153.34699188606692,75.48729825665932,94.93262619967102,57.90535135762103,88.11432636940597,311.16866907033,157.0799834528307,90.73346242998382,107.78998837924566,144.83748573080234,118.68667853003983,84.4082284869101,178.16058566112315,189.19752177302055,54.97507860667603,116.11835884671436,84.59475066246814
2020-11-05,69.17102275571891,112.02891363039842,108.15150287002234,185.86447272466896,84.39758867340083,154.6168357867187,75.36881011830802,93.96941528678214,58.68705997312881,86.28477619622689,311.7689065195682,151.14610714385165,88.96255242333872,106.42874210256434,147.8043898834205,120.19629847787837,83.75147333996095,180.20388566365318,191.5966521794848,54.871634585966675,113.72097178817928,84.37561938882978
2020-11-06,68.81626933667647,111.30776489704758,108.78969749482656,186.49811028629236,85.25615999762529,152.55668018495322,74.93931115663695,92.56126541190913,57.67768877759817,87.27504609621549,300.0072715564031,153.01679580408288,88.0655588431445,105.14890651624714,147.970608401636,117.28772636738944,82.66144331303,177.76900615986034,190.3676008748918,54.16725980365354,116.33174987983647,86.58461857321906
2020-11-09,68.3600595143644,110.04280083512205,105.11960909224872,181.36468346228565,82.26468826680106,148.61868866418192,72.19786048404531,90.6803968336668,55.32390807370922,85.38385003194156,288.97762382273095,149.83991053757197,85.06646724213445,103.09795427156669,146.52210944772415,117.15070008838049,77.55428943437983,171.3023325891316,184.75437654635985,53.2486369739558,110.70311678997393,83.24285851885564
2020-11-10,68.92797222474294,111.06603692931355,105.85998783086296,182.24776917725868,82.49506090393815,150.49348945096693,69.99113368627732,93.04998147414707,53.66509296520406,84.23870489629982,288.8254811845863,151.64600287220563,81.41161055683176,103.25697478034235,148.0621989358985,118.91980793013394,76.89541468035596,170.86581264107897,183.23131019388495,53.03959169796286,109.1193542274494,82.29601295717328
2020-11-11,69.89566882209769,112.16288755815998,107.57254859034884,185.67142711555047,80.80282105645684,149.56807508041982,70.19381227932031,93.61500483562727,53.46487124965919,85.91440624043692,299.0993037924042,152.92058030770357,81.9715301877963,105.15219117950572,144.44145301272073,119.5061631750267,78.45624245558521,170.1764054996574,180.67693531491508,53.18945182426763,109.51984639332628,81.63622432850747
2020-11-12,70.20457091269073,114.44204242217752,111.78636377688035,190.4645626804162,83.45621149822134,150.86209399571507,73.38074306102058,96.54540238346932,55.550623565128234,88.28721498847403,309.5158926958003,154.8256873638791,83.46200041059703,109.9630242459372,151.3599938743524,120.43677690039532,80.7550085025192,173.4250353534443,183.362920711875,54.77590864430444,113.9230193137073,84.27543140901095
2020-11-13,69.87356320134187,115.22785350524015,113.74406004479262,183.87609932505902,84.16764524632552,147.48261958842252,74.95324902869952,95.87848839002449,54.72271418044726,89.45438412138691,312.5594923273617,151.9734958368239,81.60671143833628,109.27615432198765,149.05081725181097,118.50633964258571,80.61773810730502,170.31687303774507,184.45065520034836,55.81215953267749,113.35834309369348,84.15054504034248
2020-11-16,72.17833428352829,118.82056761858107,118.00171870114495,191.96543016988593,86.5938437160059,148.4224392229242,77.40617519244688,99.05368332767567,56.53241851964153,91.04314154381987,315.0076361709312,156.15088168119755,84.76902137296841,113.64528134791593,152.8453898019738,122.44474883858136,81.01965673026963,177.02589521188335,186.93485317181955,57.84349839918969,114.30494842987088,87.52400569885101
2020-11-17,72.78329745654392,117.53204593606674,119.83137639555417,191.99429220102277,84.72742731988818,145.9400616239063,76.9717737387419,101.12699801224007,57.36894343155636,93.3630955955275,323.9107460309872,155.5638730737581,84.89064113108566,113.42853972836926,153.39578962532516,120.19900852476815,81.34704148662493,174.36670752025714,188.03075184243718,59.92578245967612,114.29320910334799,88.15274597887696
2020-11-18,74.08680073596693,118.48241881095572,120.76625418024138,191.39519758851225,86.7583823683768,144.10117833623102,79.37828839029852,100.63697810888803,59.18331477363316,94.26550497163757,323.1278144059212,158.67036854936285,87.03084401327466,113.96262945354533,157.86481478970416,117.88648202641498,80.65321925193359,179.71382207984482,189.62861321303637,58.92781327947082,114.46853133446656,87.9260853060562
2020-11-19,73.94799372763573,117.81897183597135,123.03720900953624,192.30943277383804,87.21590559467867,145.9629379232107,78.96140573507387,98.71090497554015,60.33588510331728,94.17084973599022,323.1877056708089,156.91047780666966,86.08704927200064,115.22867384378965,160.9040572775449,119.46677592614343,81.48417995797877,180.96173729895204,190.16767071142908,58.67900614233712,116.53140341459932,87.29325015877933
2020-11-20,73.09893477151363,117.21401006788365,122.14896340022669,195.5416789399913,85.87445840287717,145.94777105060953,79.15971214827218,96.04928935029871,59.98798959805493,94.3401118632222,324.49936676120774,157.18901625472313,87.37775874065058,115.597406373047,162.39333614584064,120.76424551936748,83.01158013262813,180.00336041495257,189.71998219300104,58.37424517535871,116.55653524168474,89.5832370738266
2020-11-23,72.31072952694605,117.66123944752997,121.37638184808952,194.83628251697587,88.23146314916737,144.34575366018382,80.18393313151621,97.71937431290867,59.24878463961334,92.89985095616386,322.4987779097968,155.7654006083759,88.17186633700047,116.08151965895199,164.76754092434848,124.29790638850794,84.63320956938209,182.63344359835088,185.7149569379774,59.18700984619483,120.49137539072696,86.1893641409475
2020-11-24,71.92392474639507,119.94559130954838,125.54179824973687,198.7916639123434,88.50539636512684,143.37079546285875,80.78332127261419,99.54918247127526,59.20008886304715,93.14817028795477,338.3276560688415,159.6365399315588,90.45767971027207,114.54556403871729,164.53534907787758,125.55000456562715,84.0962564688433,188.6016397164777,191.4546419057523,59.22663024938291,124.85805073200211,86.93135192026278
2020-11-25,74.89244498548501,126.37811951372055,131.89888049050217,206.5711088217639,91.10352288431636,149.15468248116764,82.23695335885067,102.82307259373707,59.983257293016166,93.78921906452432,350.194660301063,167.68331425123552,94.56081710672068,118.00987918093142,174.3671450718489,128.56881666864015,84.3237525418235,188.36421989943278,194.47290202264801,61.81613980566826,127.68716167564592,90.26839061514332
2020-11-26,76.28036082890412,128.83479275081118,132.85439960974773,214.9307450591704,92.54658398960656,149.98969964288645,85.9546986482226,104.98645043104841,61.647678514625724,97.14473079165865,353.2662207181962,174.20665078103536,95.75483549262586,119.4243514653118,178.54122343944945,130.49966980507494,87.0632412883236,192.9157701098571,197.61104767326077,63.68749832861991,130.09066077146827,91.64357042466031
2020-11-27,77.08432564064083,128.73728436084775,134.67329255218857,214.42529121221995,91.72842029531444,147.39061284185362,88.0312854745716,105.91780399901901,62.46762792031437,99.60359312495535,355.44322037356386,170.78666377108652,95.94930563041925,120.09356133197369,179.65914847114647,134.15465064908113,83.90212371012804,196.3467879206801,201.3351677330204,64.18653880813133,124.00237713015949,93.49866891515033
2020-11-30,75.65536453793857,127.46697247284885,134.36007093088696,214.74165406969567,91.75782781444063,145.59468223555916,87.71055603073769,103.03880624828601,61.20517783321964,99.73404810102589,356.6262840616742,170.60559266216885,94.06548870409685,120.30254486302779,175.6745532756227,135.23598831952097,82.57393032526429,198.9671038921622,195.27421215313552,65.11941642255522,122.06265548009189,91.8522136260635
2020-12-01,75.35853067779166,125.69480432288043,133.31503346348592,216.89795126917758,90.76818141499248,143.50372726417092,85.73553536077159,102.04705508553835,62.30006954560831,98.23230764068302,351.9935821610229,171.56898453461858,93.79985898796907,124.65273088031489,176.05420145143543,136.42049914311093,83.96898365034495,202.27129762459398,196.95609234810087,65.14032975285048,126.14444115452598,91.9662630016099
2020-12-02,72.64795055438108,125.97851800008442,127.96626005023208,215.81647121771263,90.04446938897779,146.88071505355072,82.42828357082426,99.55120167211773,61.47143668140967,96.823839557546,344.74270619031466,170.51982305544735,91.56801120210574,124.70977345729497,169.12403177107362,135.72536790084118,82.8013418922429,204.36359959091973,201.28504696838897,64.49765110457218,128.0441373038315,91.0795219520484
2020-12-03,73.41695507907787,126.336333351009,127.85290035163723,214.28842742109052,88.94306260218735,144.36570423765545,81.90500443877454,100.33144980808935,61.16955744594158,98.29180735614784,346.99064611489405,166.3650115557145,88.731133705892,123.019806901932,165.05161923682607,134.52727163861772,80.98256213123288,200.1895950408546,202.29033802208315,63.91907661852253,125.15099731836924,90.08412377095704
2020-12-04,75.48668847539756,127.3487561362358,131.98807554787754,225.371096773793,89.39444155420374,144.59218786949702,83.4931751695725,103.36954678794099,62.08683514317408,98.58958291767127,352.83626519095134,170.67691299693217,89.69310852194089,126.22518148824702,169.92709414359527,136.9418377290976,82.32101910914383,206.07258544698607,203.09624630528862,64.08694648474463,126.59050050846287,90.94611560815169
2020-12-07,78.35394029557892,127.36124503297313,130.95007915722005,222.65362933215195,90.05349178510872,148.20530481740695,81.73881852999601,104.68747812544389,61.22271657299788,101.79147566281004,357.50466757766435,166.99193925817195,88.53966191615552,124.51170461824499,169.54819014169294,137.75342471866625,80.1425404392438,209.8522067970891,206.5944514097346,62.653324233690206,125.46964958502797,92.43963494304967
2020-12-08,80.29055007564907,134.6793015838249,133.14642924633466,223.92393492071614,91.65476181363611,150.60613593846807,82.66128972108167,107.27896954777457,61.30604693063504,102.10725125057272,366.405441053238,165.13364632301563,91.08451641766949,122.64593439612264,168.12135045600758,138.98888530340724,81.70515814456824,217.2125582899551,210.31608317061827,63.37363189221518,128.46822342440325,92.63667379028468
2020-12-09,79.78602590543808,133.4038706801959,131.81615835735516,224.94247341883604,92.06273793747856,152.12864680629275,80.69974962429728,107.06462976546088,60.702954624397805,103.02835604285124,370.0350669633808,166.733986145584,90.31170829343193,124.5291677050999,165.30467071483062,135.964958641758,80.31085283224603,217.5537687565428,213.45450583601104,60.67597448722806,131.46471822039848,93.01089490566395
2020-12-10,79.68886159039776,132.2547194421571,131.56212591713873,216.1906438909586,89.79584522326279,147.34023397793263,81.75267123745009,106.64942485369126,62.56902720049203,100.75604545490629,361.15878172825796,163.30665772374152,90.51600151921575,121.5522900420494,162.5515218270271,133.65074475319733,78.87964784064185,211.41891671373136,209.06142735969186,59.394812984783115,129.2107326789714,92.61462050915799
2020-12-11,80.40001725871875,132.57595026369623,134.76356651370963,219.0989041121456,92.0519199417825,151.9605971018996,79.98750990888348,109.14962472392122,63.17111118112783,103.1550855833058,362.9761334729349,169.75260850126742,93.70458568525564,125.20527897040145,168.06386232749847,135.06772609425093,79.84459677851879,218.35643383930588,210.7950514049722,61.96138533281207,131.35073371829841,95.3056265015653
2020-12-14,82.08621736703907,137.31606480601673,140.13526317195195,223.6285032749419,93.6941296609771,154.45946275237915,83.32957740024,110.88062256015807,64.51382603753534,104.46561517804727,373.52540746126357,174.49275823838715,94.69218395445581,126.58987814016633,167.53504867308177,136.92941207693306,82.83878363238438,228.280166533066,218.0927770929252,64.06252547994086,134.49319678586787,98.8523979966734
2020-12-15,83.464793883818,142.5912058520703,142.5101424702723,226.9531855428896,91.2265044443758,159.43441266119368,84.89982512898311,112.40136781476521,64.44254680634286,106.53028653394882,381.5688868171081,171.75153107300144,92.96273879276276,127.99940970626255,171.41141094475614,138.30014275822796,84.58650456133167,228.85989860575253,218.68887155402453,63.42701998980385,131.97651042491597,101.98159741310722
2020-12-16,83.8964543240597,142.78153565244475,143.9161049973976,228.7325713435942,93.02317631313554,161.84316705094616,85.99655362069927,112.90174744868678,64.77418047020109,108.76454375786012,388.0312868823384,174.33912771175073,94.21188554127149,130.45119311903403,173.99363552556719,142.5357512771974,84.40360402322267,230.6458619698026,224.39266284217243,63.23561921476452,130.8093643098021,103.50334169514996
2020-12-17,82.30250437117236,138.009818830096,143.818933763255,220.03393730909752,91.0355702594549,157.9016129913648,82.19685605553364,111.57823827675513,63.582732101629084,103.27625117145718,378.77016799723555,171.8690653556943,91.49779676098146,124.95196157371379,172.40797491371478,144.92565317143237,82.22917648708471,231.4718324480933,217.96628905114758,62.178046905513526,129.78092752036795,101.42461133729451
2020-12-18,84.85454199978336,138.99589846862676,142.2493326887813,218.70953078499807,94.18747540869556,158.63740279009704,81.70179484351769,109.9801872832599,62.02777672924985,104.14662389144537,383.71187960841337,170.3010573842692,91.1869436050115,122.36173822020766,172.6553553527056,145.71457119683976,81.3081857164417,236.6067948427297,214.3374191051627,62.24515699429638,130.8509498584214,100.98522264950442
2020-12-21,85.45424904898626,136.79405762249348,143.1311020978813,220.5093102115611,93.12445679842858,156.05865978302754,82.37285943184426,106.81378149835285,63.28968205213993,101.46007095022237,370.92923268557433,170.32198968049204,94.03776681139769,118.62649799802598,171.93895996440804,146.47088056355935,81.19785274857063,237.52177774172338,211.16421198947563,61.569327120118,130.5172321106582,99.08568625443203
2020-12-22,84.57433716218885,137.00764745673706,139.2027073749786,219.72152121485703,96.34880447831338,153.0096099613106,83.83000260231074,106.70403933384172,62.632550428918066,98.89292845652629,369.0442542430429,174.01196785757813,93.47594720165681,118.46627414715157,174.42868931740676,147.1577337306723,79.2718093529087,237.8417365402764,215.47156136203043,61.526822451041596,125.14427436797415,99.6491853687394
2020-12-23,81.03893078617281,136.73532757164799,137.3976354584389,216.29520073476064,96.10638552072521,148.98893397090322,82.7648566338195,104.82413453677734,60.63856145492991,96.45396039205647,365.1180536937122,173.7765807078322,93.17583196919723,121.67425630678986,175.4347897406324,148.49538031660498,78.91738482444529,238.15585425984952,213.63364639721797,62.122510946134696,125.0275591662701,99.78412919538194
2020-12-24,84.78737207087963,135.6664280558727,136.32478837291342,219.05053918884855,95.47206421649388,148.66278306349383,81.27368914641963,105.47960407837627,60.95647022806332,96.12471784080726,369.27527750975804,169.33753796383925,92.40475859591314,121.64720177219519,172.1579554689971,144.67487068408565,78.7365769002646,241.18939706458775,218.09916982426338,61.75710741630095,126.81511042171716,100.96911224863848
2020-12-25,83.5362718586236,137.46733987430594,136.2997580480982,219.9641379726102,96.47499929471391,149.72391650923248,82.398406746699,107.83607376600281,61.32960277486095,97.82781504689225,373.58642423248716,174.2577610414931,93.53158106230059,123.3307258076809,172.94732084821578,146.12418690585437,78.99412236676282,241.61976066388524,223.82953258080948,61.68147180978732,128.26421292002811,104.02377521640342
2020-12-28,83.0293594160148,135.68439672337766,132.5167858827716,223.45242858617846,94.46007289034577,151.82084681474402,81.31942916061566,110.1871913023952,63.46810027616013,95.64474928475414,368.6737631202312,175.6107973492939,93.89291547537053,124.29534700116645,170.43359048413603,149.7572405352873,78.83126274885244,236.28314168974643,222.13946249877793,60.3315164850656,130.8418771692162,102.59476124512452
2020-12-29,82.47419248930453,132.14175906987478,134.54196317588432,229.21694721717452,93.75826176238294,148.6881724148427,82.68544673123026,107.95212456213413,64.95201631681077,94.55227717120967,363.2519888381703,177.373356935775,93.02325230194579,123.7612667492454,171.80470426845199,144.9600105127575,81.27078214056968,237.92871290053304,219.66958027590306,59.79161706090425,133.5100134196416,104.1670870915812
2020-12-30,83.7961039134241,134.51739618882513,138.23788208290551,236.99899660726402,94.34728953800801,150.15525944802528,82.68899829829363,108.89916964426394,66.20590762826117,93.17111780940418,372.62808668558057,177.36513320161635,94.1796069645179,128.17960545207725,175.36035985976804,148.0707553992653,81.21649140577577,238.25707328503023,227.11853520328975,60.28216032484042,134.68310557930747,107.44841665327985
2020-12-31,83.0082972232275,133.1607388307001,135.47651168094833,232.0464782818185,91.67023944693045,149.73405801519328,81.05311175227548,109.41384379838566,65.33953412140292,90.65109562772018,366.82188788119663,174.10838645722595,94.45626790725473,125.90647276615695,172.75760565631893,149.51801844549854,80.84492979730831,241.29285620867566,229.66751058190306,58.74457934815175,134.90157556712987,108.59602879780947
2021-01-01,86.42918290471803,136.11139568331055,136.32094034435477,235.18154171716822,91.1038936092697,156.7476694497444,82.87226443964869,114.45389510404449,65.87662924806176,94.45538992554772,373.26881157096705,174.02624498688417,98.5368285887326,130.3639940921618,176.94669674381333,152.58577164690092,82.89729215937786,246.53209293793182,231.78979849928464,59.48552317315346,141.218590661852,114.98974039666244
2021-01-04,87.97726596387676,137.60930501949343,137.434380599635,237.73396867860828,95.78840868917062,164.5963462829925,86.04776026304687,115.83612525614186,68.58794402294001,96.43907478094181,370.83787954320866,178.10864515827794,99.17961648898995,131.2806120963648,179.9138616015896,154.47925924525464,84.44234596463227,250.9492241789324,230.0765805765022,61.98130919844088,141.65384050916,115.549285795826
2021-01-05,89.51470206974852,137.5586694712635,138.11527769412433,237.8707617057363,95.78163498464608,164.63529385160237,83.54453322907055,115.31348963652997,69.8223038676742,101.83546674065566,363.3024611938223,178.60798349978148,97.97871620061636,134.84778720674592,175.52273116417553,155.33416860036854,82.36077411710829,248.8610407919581,229.19093848923944,62.75624515696539,138.97473920405048,116.28973794961173
2021-01-06,91.05280369953277,135.29848828168676,139.88097893817243,235.9896226056662,97.41599864001788,165.92373695281944,84.07113746374178,115.26442385613747,71.41543500965179,104.22565282563184,362.5307470977147,175.68421263879642,99.06025409526622,132.00214405149416,172.5350116099745,153.11554674828184,81.89902464991182,244.02824756180263,223.01187482605607,61.72664547464915,140.6939143901549,114.14444481909142
2021-01-07,92.06829191023347,137.6023937498633,137.38076920386953,242.778781313717,96.26623136538963,167.32890879300433,87.11470315881695,116.76510256158137,72.69131789813187,104.99234028608136,365.1508035090189,176.01349650917848,99.51701218012883,130.24229640339954,170.3638647829,151.36411871541037,79.87595114711714,237.3077852694765,223.23164886383137,62.36833721931557,142.4631421481703,109.64565780373128
2021-01-08,91.22112965406717,135.17716952106971,138.25147444430704,242.0921841289532,93.28382559322841,163.00114656172204,86.47872474780853,115.98903470951856,70.66602221325726,101.38142664143868,361.3194952739543,171.86031889656485,96.77330601755638,129.04173740669376,168.68050011580243,148.98406919383706,78.82982896289285,236.75408801947964,220.54013112711664,62.27601176564446,141.32263836004532,109.64280386829375
2021-01-11,94.59408625907311,139.2628525636125,140.25844756265826,243.1663452666105,93.76163028664216,163.73233546710495,88.15456698541381,119.41261559103536,71.27946200976976,103.02239280736758,363.45229508843016,174.27990281574193,97.03437291608802,129.02184023097047,168.82620602869042,151.74846492902677,79.57770534257278,237.82235580794213,224.0558690852424,62.569999599319175,145.08690351957839,109.24046680139725
2021-01-12,92.86444324800998,133.93238411418318,141.57001688483655,245.51384844626574,94.69164200110842,161.66133546671247,86.1352833024698,116.75780438129465,72.26051617318143,104.05607230841768,360.37088719884116,172.6106205116508,98.847527436959,127.43987692428799,169.1448096207962,154.5701794201129,78.43268277686225,240.34201128191503,225.80068666098902,62.41755365890024,142.40240485222682,107.8519926606055
2021-01-13,92.34884838109183,134.01307613573775,144.2105405583381,241.31508454484197,96.92798609403123,164.557849246695,86.08889033847097,114.14381530831105,71.43053222826393,103.05748207825191,358.26170671126096,173.33612645299,99.64729190996582,127.76003285045535,170.9835153558996,154.35015471494634,78.3386115677023,239.19630940230687,233.32167279555176,64.02991920290432,144.03418909573782,110.41380620118139
2021-01-14,91.3189865121469,135.01807323352742,144.92524333753627,239.62235779705878,95.73471553890352,167.65523863060002,87.59010390897673,113.55988374707422,71.54177717257494,105.98975085643858,357.3914894569038,175.51037155717643,100.3582615439888,130.00566943182451,171.22150470664232,156.44939431715014,79.31881363130258,242.40973198205415,235.88517352939692,65.00001575515537,150.4670633932702,115.75794513537316
2021-01-15,89.77714687946822,131.90958580242363,146.1781270223881,238.9041364595044,95.12282379244527,166.16596744086485,86.73021445755002,107.97491896114099,68.56817763337592,102.91501542428163,347.68607055018066,173.6393710175109,100.28224156372595,131.00294008145323,174.96542201552813,156.94548015297815,77.72802732256733,240.1113878456855,233.69883983762296,65.02920140639759,150.3982145331088,118.47656169564607
2021-01-18,92.76318125451894,130.47991583626074,145.7453042328924,234.29057144689784,94.75119279558315,163.87895700738596,87.66090700862523,107.72511925214941,67.23453193413658,103.91870176261216,347.4225970432098,175.22888735721548,98.0406228864351,131.05458256190641,176.66035396837913,155.4123307566172,75.86075149104003,238.7278011859704,236.42300677576034,65.79334637307548,148.6934158851336,115.58757718406119
2021-01-19,92.59386283677071,129.16246007470357,143.40272249471806,237.05280793439553,94.498418535549,163.55271611119323,84.68534820739039,102.93104791658148,65.24689695855234,102.13794155570912,346.61064659968287,168.2358775051233,99.91502472363544,130.76420934738033,179.6095706264226,152.6931997491764,76.07192827906374,237.89315682326318,237.77812253382032,65.24850988493179,148.882103583408,116.94674528166718
2021-01-20,89.46473701880325,129.81620083433688,146.5440770976633,230.87031513923682,93.66826557452248,164.817151620471,84.36830308823566,102.73212488937844,64.60186352922601,100.6832038718596,342.83975798561977,167.09371669762186,97.4035871945809,129.66520870064446,182.31718351589748,150.51652717272734,74.09611662966154,235.589076779458,233.31634908547278,63.45487774741575,147.9989831910794,114.83371101452443
2021-01-21,86.88217904204866,125.66303062243624,146.9788019950327,222.54534535820324,91.63128658471311,159.4001484930028,83.24066740088752,102.7710344402637,64.31632541786648,103.61936202688106,345.9092098036725,163.57406504992034,94.96339404649555,134.00947932155697,183.98159129534247,150.80207741576618,73.6534817802231,234.8837828077403,226.00332739009454,63.15403928569355,147.00074874033282,112.4614012663071
2021-01-22,87.24547425858579,130.32847964241546,142.25012516648863,219.45324018998613,88.94910177240712,157.4742371481523,82.24570911860106,103.39380167017039,64.5486920787213,102.98675500152997,335.2504064828108,166.2081105942324,93.98063799633475,130.953169350155,183.7868588952715,150.42109883180237,72.85047731586558,233.98315565646126,220.03485941829595,63.491052935022296,143.6837317751605,110.75807637176952
2021-01-25,90.87522729505659,134.71458910585213,142.7230412605932,216.17683091179924,91.55188196261116,163.51774143052117,82.46525885446209,106.22127475289945,64.99967359192445,107.1968740226281,338.95354548969846,172.50164570704624,95.85812961399422,135.55601538406722,183.87850336779545,152.50769868974461,72.38761698689655,238.86064230305408,223.79948088172637,66.29361026879512,145.49779765909054,112.86768931028261
2021-01-26,90.27387886546371,134.82491790867624,142.34736144751886,213.89950795435772,91.15767896147824,162.44696887028326,82.04067684539935,107.97092380869131,65.2209413399595,107.8781927407073,332.45978335763317,172.69172707471637,96.11755885215518,134.03439316611428,188.18812543619362,146.25965381123083,72.8592615831885,240.16054760942885,223.57138139649174,66.12079781359107,145.78805254378426,113.74497235056965
2021-01-27,89.49148972222432,131.8151387490467,142.69567100883967,210.31111753616497,88.35197950203569,160.17210278965214,80.85059460685743,109.30786570612963,65.24035236434044,109.8887528312737,329.39025830221544,173.5209749733951,99.41282370446747,133.6362890368942,188.46402089086214,146.32008390968923,70.69958331353817,240.2750101572238,222.21311211937473,65.31367037542076,142.61386730883692,113.98373414892015
2021-01-28,90.1638264169243,130.16095290609346,139.98747997037867,207.06373302442947,90.55342854077917,158.97585515911453,81.36303442685889,109.27103019050399,66.27905541943589,109.73711177993317,326.046432040808,171.05727843540552,97.84610220504268,130.94318231359344,184.87621635108022,147.29589496685588,69.5637981776682,233.47985030602038,217.60552046490255,64.63089367600118,138.10946206687467,115.479294723366
2021-01-29,92.70051873205406,128.9695732943718,144.724790607715,206.62008413708352,90.46995209540512,162.8862181046231,84.80080752368721,113.3666994966916,68.60342374744347,111.46642831173925,330.66320299162254,173.7942134928128,98.71300801619775,134.10555475196705,188.82264076579472,150.04428717769582,67.68011726891113,236.45223072446788,219.0445584412597,65.49250994909835,137.97433579030394,114.4329558965167
2021-02-01,93.78767761120457,128.0724010429496,148.66077252286732,210.9536582411128,91.4117504837673,162.87122035886912,86.34686827728814,114.61078814593164,69.24720112625835,113.2947204826676,337.40747514246453,171.56469338093714,97.74580810710724,133.33495082565366,186.01903990345505,150.93548785888325,68.69257179644543,237.78496708315402,218.1430296979759,66.9893103591592,139.0435597703615,115.70343706357916
2021-02-02,97.93010050045156,128.91097520766044,155.23455793826005,210.87556107255196,93.42400568410129,163.461937925429,89.29683878252743,115.70710246383969,70.7959442785868,113.51884902703354,345.7240401138399,172.32207408351056,101.60696696103648,133.24306451822687,185.69764514704045,155.57935297701044,69.06187426307973,241.14778342595358,220.2416992602555,66.6250019673518,141.08770596293948,119.54763239733808
2021-02-03,100.96358432536474,128.70461546865562,156.40748372940124,214.75034007211394,94.40322207873214,165.19294037791337,89.61517575210642,114.46140732954836,73.27118161873632,115.4975211570454,355.034220732034,173.33517363488954,101.7843702631345,134.91338139257437,192.34123297993958,157.84763532074473,70.75143308566754,240.50705954227178,222.69157722771038,67.38358970115677,145.64534035228763,121.40684375268542
2021-02-04,102.22767216654464,130.41155044481602,161.20205006597166,216.7158492539927,98.80426492016477,166.97139286227355,89.77597442320776,116.37310420641079,74.33809823914957,121.52797016293957,364.3123453412095,177.16550839782494,103.78689427892797,139.71883186934068,200.8490784611639,154.98925640879193,72.94457380670244,245.74348227085022,223.5877908936024,69.71210661649091,153.95411051656967,125.01321819328967
2021-02-05,103.820804748185,130.43431017706126,164.98354907647442,218.85937884050273,98.11189793863038,171.45717033105464,93.95494554727225,120.12406971378016,76.19670780853093,124.64597077133654,375.03969740342075,174.4483045842774,104.97665710685992,138.80228111414212,207.22273281309353,154.1501104615828,75.04505105980259,247.57861233845622,225.173012246292,70.96845543203513,154.61713202043623,127.23674424878521
2021-02-08,103.1190935444796,126.53199051980167,160.4711888194897,217.83907333743812,97.24961178748937,169.68965432993102,93.6914685538198,119.20560289589503,76.36359755142576,123.30647834709859,359.34652417025444,168.41176972970712,107.13224068824393,137.63853124085827,209.71668916142124,152.5651562230798,74.35046920987722,243.81893920935855,232.11930643818744,70.64294662030922,152.44159581164757,123.01777726134051
2021-02-09,106.61916295439532,131.03887447378432,163.2220410538885,225.28298147874102,98.71056615735262,171.03396611211292,97.6354568694353,121.82467781290099,78.85998614041779,126.76687802084456,370.4177504837195,168.535846646311,108.77194712831555,140.2836236572548,212.7132954448096,157.43918819239786,77.46487634663096,254.61099235212959,236.72910868922352,72.65374788636073,157.3514160445464,127.12701914191062
2021-02-10,108.5729403542344,133.4914978246628,164.51382598514667,224.80412408632782,96.18877551695186,171.43460125596553,96.01155661472136,123.50456432929757,79.3462010749763,127.29074563952581,378.95046665056344,165.67199597084166,107.25789946285283,138.907718869105,204.96787395099196,155.32605465926517,73.79113986640506,249.79363925181195,237.92559755267243,72.40464561142258,154.3466296421103,125.91605195667954
2021-02-11,111.98605909480511,135.51634996322352,162.58727977565727,222.53411671029411,93.57308004298577,167.2266603396534,95.7099042934571,121.39822366770493,79.79009693115938,128.8601036519731,376.96084305157444,163.85394185175807,103.21303576724114,138.72912228032328,198.8425487303121,152.391581307899,73.93088283962639,250.52965562511812,233.67756867452192,71.0554858400752,150.6591420576985,122.07968185471564
2021-02-12,110.8800122962458,133.5913765494665,162.78082261470243,217.74215459846522,91.2203155510564,163.99586269669274,94.57030694858453,119.4323722060949,78.50591256361182,130.0515331327047,374.2296865652081,167.51486986280716,104.43269694431514,141.27223769709707,194.46803667398683,152.75607302271217,72.91847125107292,242.47053086555616,237.54245538146782,70.22961264120703,146.9221563550557,120.43941879347243
2021-02-15,108.88103150202069,135.0953422124932,159.6636597619867,221.16819033020874,91.54668929424032,162.559226179586,94.5678643604512,118.04999203142611,79.17909403203696,129.3817746982448,360.06979957637367,166.72572230431257,104.70473447775163,139.3665164970492,193.0053573306085,149.932141906894,70.74410993795645,234.61197790501356,229.40992258613926,70.29148364219775,139.55496302191943,118.1327764884602
2021-02-16,104.64647517931556,134.42164953137814,155.21139704343008,222.98138105050216,89.88838283578762,160.53059903008918,93.55764602632766,117.20917571624388,78.37647305826763,127.2081668120202,358.35633428281636,166.42634418450564,102.58290775194756,139.0331068942898,194.18674416586586,149.96485635167883,71.11182290868031,233.15526587256414,223.95365694206555,68.82010671672076,138.6806589379865,118.76521406446571
2021-02-17,107.17148811212617,138.47801502061725,165.76712280173655,229.8079803337198,92.99345679418037,164.90975573625758,99.11244736093911,122.40061650767267,80.20945127222856,130.56074000468314,374.6805801708668,172.1670604241085,107.3337885383777,144.87742889716594,199.09565034705375,153.44837334262485,73.34699626796741,239.1172162867733,231.12508984415194,71.16532781903251,141.24767165238103,123.90669568047751
2021-02-18,105.45092287568795,137.48840473145935,165.30304786563863,230.33346825851746,93.87039060649369,166.3599549255094,98.18675736011761,118.82334692844512,78.7579840498238,127.44019317975709,381.4526989160736,176.60309635731448,107.94661460245251,146.15695013938307,199.457290630961,153.84186395356298,71.29277091533497,237.88477792564856,227.89175034917216,71.17779708677745,140.68188843766936,127.02384081617615
2021-02-19,106.47079493694248,142.8251477759542,167.11315137869516,234.10509627028213,94.99995895596773,167.62650642089045,99.32105214153215,116.68288899945787,77.76392751713085,129.9740095179851,396.2845963733548,179.5387429304134,108.01073483120842,144.6598244453287,204.82265773176374,154.59295256045502,72.7933456877148,241.98769792509802,232.68660135847736,72.02506611381331,143.2649443570002,128.24424983519333
2021-02-22,101.07200132707676,140.30452467340206,169.7146008589867,234.9777283953453,94.6381951569136,163.27798220015316,99.476630739106,114.88364785272427,78.57787970248175,126.54925621960456,388.19685721876135,175.96004607829553,104.82922960323761,141.5815575994797,205.22011631506362,152.45263454631896,68.05673303125796,244.13907044830214,225.8157148261899,72.14136829120028,142.67156965989278,131.3909679430909
2021-02-23,100.84920827200644,144.63538416122822,168.055712479472,238.555661144559,95.62211845551884,163.79692240377497,100.34024689878532,115.68593563311605,79.32269626503447,127.96143082259526,394.3693925335227,178.381954464124,105.0883765234031,143.3404973095025,206.0449895666162,152.74576771234928,68.55499268953119,246.72014345848572,229.03024614846234,74.02491969784519,143.48628742059046,133.40338730962736
2021-02-24,100.65289702459098,146.3692915868785,168.83110907057647,239.7997507459234,94.7841251852548,168.134295872488,98.68207728650842,112.07186680596355,79.76104229131323,127.7055414289473,393.2881491749882,177.2462011732139,108.22968373189688,144.36325852612708,208.4633115694532,153.53218039715537,68.95721009453915,252.34430225849147,229.06992423186355,72.54162829810686,145.73990818941363,134.63961738991875
2021-02-25,100.64289417819349,147.21416037634808,168.7838792341434,238.07881198358567,96.63557662966345,165.49087237824898,102.24654137169617,113.70803984220669,77.63193150857927,128.1453187567393,395.3671819774164,178.5886740373889,106.80701359736481,144.67741288511584,208.6550146663776,152.17902257556733,68.16726900089769,256.2500438281401,223.9610184521975,73.18463306913279,147.7156916836511,134.42653439941793
2021-02-26,100.6191083788339,147.40725348251897,167.70302421160326,242.4852598834794,98.60818708619068,163.7363514807967,104.80901241802069,116.24468118435496,80.21050173475626,130.54247439777058,400.9857977019818,181.84018880213344,108.03657924349213,149.69800127498624,211.7566823219801,152.64188104136588,67.03684493296102,254.2806895736229,219.54564091708667,73.02381302411396,150.0654428841874,134.5573862297397
2021-03-01,101.55636619151912,149.86536825913774,171.0138430732551,246.0616881247051,100.07951655789965,164.3627316849792,105.71758600103088,121.94890491221447,82.90237102046879,129.79457700372518,393.62241817650147,184.35023613148013,110.85231463815973,150.42576943490238,217.63899158198544,154.69417295370548,67.72161182595127,260.38404424611724,220.7916457116396,73.63430001663566,153.69228481936617,136.19760903509484
2021-03-02,105.44476913721242,154.07858564389565,177.24330198856904,250.60551214724566,102.83580467680612,166.8465028651787,110.49874163401022,126.07973663252837,87.83436021097917,138.36200126290083,410.3605277088676,188.83578984074316,111.86266116588675,155.9729546974188,223.6818353326801,159.6555705586304,71.05704519078199,263.2323764402005,223.22159102558862,75.08923471681918,159.5608405448015,140.5053111258492
2021-03-03,103.09187126689632,151.48051807189924,175.10218129490994,245.93178680119087,103.14427406106743,166.84647588781556,113.4040510581132,125.5085876469612,87.71207707560517,140.6198757541356,409.8037004538354,191.11349250064728,111.61255426713298,148.85433981320315,226.43128656652593,160.6129889028045,71.33571151998706,252.96290810631555,219.38447998030256,73.64911070066326,156.36468947589947,142.72256584372084
2021-03-04,103.94201045139162,152.76898461070755,166.38829045833722,243.6110325309649,100.98515056574608,167.84269780926138,113.1573548146576,125.76608593493732,85.1962668751829,140.17101120217168,417.7128206258747,195.20342218490296,112.84495076394961,145.91101415537028,231.76570872157367,162.77648045150266,71.22877575267464,245.344485224733,222.77103955493604,73.01398220160429,157.5488101209017,142.9059206471252
2021-03-05,105.77462243955183,159.1145552381634,167.88368960445626,251.18138729084603,102.58894663537535,168.3159595834806,115.41759719255569,129.5402698228916,88.65400024643961,145.9224985292516,424.09561827202134,195.99438671175864,114.43376888810788,146.0770285721311,234.79213726112133,164.7916742824354,73.34947670857507,241.85365325784642,224.39268219394884,73.59648521412679,163.39639204411654,143.2136076910732
2021-03-08,107.65111701290334,160.86996094630737,168.71279064165586,249.87521524054853,100.0585646982824,169.29238501150704,116.61344398902523,126.78535886861228,87.23073099417884,147.03872659522455,428.45484189297946,193.69344762898348,113.80540363520451,142.50874009861454,239.1341752160951,161.6281215644534,74.17493552275319,242.4813790634992,229.47363915129222,72.95149127905847,164.0406514753184,140.01185047629824
2021-03-09,102.82112993666803,157.4088571870666,167.41490164704706,246.96115818608868,96.77353151831053,162.1957835948879,115.83574871287878,127.4498223375553,85.16655336488132,143.08573711666594,419.7722768969739,190.92591857998187,113.30072697809639,136.60083731488587,227.43563221723153,163.29713038143112,72.28183066391581,237.85751859366468,222.07197811595182,71.81980300907593,162.42514758441936,137.4404797120485
2021-03-10,104.33600424582055,160.89505969462266,172.14683723492473,253.06344637027317,96.96940806733176,165.98533686306055,117.25367072882506,128.63068987796905,86.71777925270051,143.93133628028448,421.67967442319764,187.50037587147773,118.6823819900363,140.6478101540841,232.02122152907958,165.19372501988695,70.70245912505088,240.32228472934275,229.37394839077282,74.36386953343965,167.13265887129486,140.69317033023603
2021-03-11,107.43436891105956,162.12581926475062,172.6339043521072,253.30658847557552,96.97707286229783,169.85349440968267,117.39471638479614,128.24658668943053,88.7023049103921,146.66025622242884,433.88552648623056,191.95078774676892,119.24610147265318,143.06526837160317,236.7717451732659,165.79167067351105,70.66548987959312,241.72472522271445,240.1696776954786,75.09674988416499,172.47267854229713,141.96174185269126
2021-03-12,110.93402808280139,166.03360422984576,178.11098505621737,257.5472891581477,100.54282399623635,168.83219966348832,120.15024513001008,131.13261445658483,89.07435876097178,150.68189570232138,432.4570639211979,192.1913598510357,116.98993525921128,147.9932178641366,239.12358555595551,173.2220207083681,72.29859159142073,246.02441320827657,240.91736085215263,74.74911315851905,175.48692604345277,143.38041603416164
2021-03-15,106.25409117499736,165.95198165525747,181.2329010411707,254.3031187913161,99.1918198306961,163.28590713685324,115.92699854521493,130.93178927469845,89.78676954490795,144.9058495780732,422.0703135644793,187.88257595601155,114.41910133084879,148.30657575052984,232.17259737590763,172.29982765059083,71.95534157974112,241.64431476554162,240.9822818641409,73.74325424548374,176.25902247240828,137.85965013173234
2021-03-16,101.53184920302981,162.52522271058285,178.3351152759375,256.95748052536004,97.76465255657155,160.57030034446714,117.04489539432828,127.37625463884365,86.78609141934699,143.72973204828048,412.2961392283244,183.1985707954939,114.97016703497627,149.6938806100509,235.25028802234652,174.99186645400502,73.02256245903433,233.01419194758034,241.77203432336356,72.8782881925481,173.80828958661573,138.49668804317585
2021-03-17,99.00687157120588,158.1280013386525,175.06934350482663,248.33341013925678,96.86462126744064,156.68965800321132,112.62322131345873,120.24366284070813,82.78033940721944,140.61842914262974,406.44647050354257,178.57068273039806,112.198392635473,146.28252437195368,232.21235264081733,170.2136415505479,68.3654520299608,232.43817836390167,243.56882455431645,70.72476803425853,167.56058347452029,135.39158487457294
2021-03-18,99.69335488666158,157.21477411014928,171.2832609055842,251.09847009272463,97.55648864355909,160.14035602540784,110.58790631239323,123.3115723368184,80.19832488171775,142.61347371995836,395.4610502198111,176.12336842890832,114.61798433507053,147.8361058116661,229.49065084053728,168.4217665512853,68.342158898923,233.80074683092585,247.16886729395836,70.10991825510621,162.9099489993898,135.4598876005404
2021-03-19,98.59381634293308,154.27628125693602,171.1990774175726,246.45168372534795,97.77223363822729,154.49529435318289,106.9035255535036,120.38756598796185,80.55081509762589,141.67591507249136,393.749567782028,178.97075236371163,120.22891428155347,147.1759682165285,231.92876873456063,169.62051355548135,69.0154192048384,238.83317328878488,244.17855280130922,69.22867546495894,162.73719589001848,134.39928183903598
2021-03-22,99.5355647259142,156.15132680445288,172.3695099196318,246.64816334891904,95.37797963442038,155.73466887190938,109.52526574847627,124.74115965401886,80.26955488431638,141.1923659114893,398.6197794902716,174.15430655667802,119.93404772241895,143.96479159614228,236.7331515190532,168.01348876628734,71.01786867485568,243.8307169666704,242.24251818113882,68.40780445423391,162.95294164686757,134.75575051546076
2021-03-23,100.48486926014634,156.5138067875347,172.27433367753875,245.13698791162577,95.5477990380334,153.56807231003384,109.49140882428564,124.74404429693173,80.49532544911297,144.60617048006335,396.7086334903284,177.57168972495035,120.89322917802765,144.10589131547704,237.02629209072097,168.49339922299663,71.639294835723,241.43238629392854,237.9255650370582,69.39070312768307,165.77518377457451,136.87657705422666
2021-03-24,102.40401939128229,159.67724845353345,170.44246349185516,241.65736330128365,95.20680093655955,154.81760958244328,110.0900171816287,122.35371988790882,83.31498363150176,145.19355050129462,400.9115843567265,181.2878921277114,116.91403823283501,143.32545071997214,236.32284725065765,168.07620532681972,71.61474873186813,247.21872053459546,240.526429463758,70.54468393059624,166.10838917534429,134.31275126964354
2021-03-25,99.18903079986792,153.8785563191879,165.7197040980198,234.38709717100912,95.74181167092657,147.21061845725427,107.93613852238141,118.19828459276359,80.49169584277944,142.68285104023246,396.2545104195732,176.18470934188719,115.44462476306978,140.58822212357956,230.44320546620634,164.4248365640762,69.11707718802982,240.01282503563274,232.24333731558124,69.76617299742234,161.58847756672233,128.4000252878693
2021-03-26,95.09324266384377,148.75275576080003,164.00893246011555,239.40791925729548,95.77458829955161,143.39512737628,101.59343277542325,113.52385988572334,77.15521875471208,136.06213655534816,377.56719565996474,169.94722604652387,112.27924343075466,141.26728493812888,227.14454689917622,161.47313901613367,68.53909138765313,242.22805064636924,229.63234682116965,69.75391963558167,158.2271890507967,126.14523148520885
2021-03-29,99.01446722083618,152.99687616917404,165.14374782565352,245.5520273467056,97.36137185838918,141.29926734234394,101.52593509836608,115.90005020621513,76.20046451824719,136.5641665158164,379.3341222514435,170.0840733357438,112.31699951550831,141.3112072274196,229.90680181105697,161.16212052496286,68.46220907651501,238.4517495051448,233.9130156922802,69.37552275140814,156.4002880692863,127.13472492949663
2021-03-30,98.11006764626764,150.25698417840752,169.4161562077898,243.1147458679048,97.40657461449688,135.3454350986256,98.61757020210625,112.23516013434902,73.87849579358662,135.33924763792902,378.83608768401973,169.46601543845352,110.94639915743916,138.72999965580283,231.00792058976708,164.48305673051613,67.99820922195767,239.71247986627742,233.29718094524537,69.55099276594886,152.45585547632763,125.08463434674697
2021-03-31,98.36255856643096,147.90487249227877,169.02169896089364,248.04939027391652,95.59356546545425,134.96535296572688,100.23369222488839,113.6304644222906,75.56613469402438,134.69025006217768,381.81123319282017,173.37617502524716,109.53207558251128,142.5172339944236,229.01687660551258,167.6221477304831,67.96769540821904,236.82922041556952,233.2789123921439,70.47738215939529,153.34827629641424,127.82682406450283
2021-04-01,97.31210528486874,146.21768150060325,169.72160755506758,256.530719469821,98.08227798194784,134.96389828416233,101.33659086379353,117.24073827129936,78.6078460974393,136.27785696106534,369.5191583724081,177.2057404270099,112.9987770208312,145.50986295947803,236.24757575793143,171.74724288908013,67.90714974905792,237.8559471368063,236.771969227472,72.84613419099436,154.27861839166277,130.9544166853934
2021-04-02,98.87967607280132,144.81582137617767,172.05483296873672,265.79536213860416,99.5270359490706,135.62778102609403,101.23632632339175,117.37850782842625,82.14988267308892,137.5623591816581,370.4788360926169,177.50127733229672,112.9186275982542,149.51997895265706,234.26203157282356,175.7370018190618,68.30615128454778,243.12438710900642,243.983436075246,73.23340431935257,154.23023050774904,131.6140332447883
2021-04-05,99.7986861188248,143.3233199135882,168.92623333606758,257.3563333780987,95.97877404653204,135.29742251736658,98.94999865917812,115.00398581500177,81.66763148794043,134.30374095026605,367.06463009700343,177.624057255876,112.69288160261652,145.88238152428409,231.57335446850033,177.34159447305728,67.55699842776777,247.34096514263354,253.7171703127807,73.90045308568037,157.72955562288678,132.9398683340981
2021-04-06,102.37248258112061,141.5657120605293,165.27724868910542,251.4309455577705,95.08865873499066,132.66426241844115,101.12456326847122,114.99422676351101,82.6181051381919,132.8855879301102,358.095658363385,173.06763544450914,110.48060534440683,145.7659291828243,231.98035780614023,177.87735063710093,65.64234969126503,245.85264479024403,248.8740537402656,73.90125455395594,157.95252598939447,129.80331964798523
2021-04-07,106.8000386951568,145.56981728247104,166.47851178644217,253.66375181066732,95.14622042488834,137.2428924220034,102.9535738608305,115.69978658452546,85.85179795003212,136.78317519427398,364.9560819290495,171.81737856856242,112.28834598280274,145.35249760826804,233.68041376609588,184.47700423734813,67.07231588553412,243.7578242264052,246.82682587104728,74.95757260606882,156.36943620042848,127.46562326690132
2021-04-08,108.52111332360516,147.50611098958183,167.44555274180195,252.86614062118002,96.52874149866278,141.67641460996865,103.84169521353986,115.67540977854692,85.86575035077475,136.3262914798702,369.6743534218148,167.46937669459896,113.79031720080951,147.743133289631,228.2042597288578,182.69985200237812,67.60779971416598,244.88798743440825,249.7466392198163,75.30773029620077,160.0741004744806,127.71684821461518
2021-04-09,107.55832451847498,144.63569905998244,167.1289705801751,252.3099467895883,92.5040582859922,136.4336548326433,100.95144142960274,112.67938819073058,84.3464561600256,135.86921516704686,369.9738217941545,164.82507571499767,112.0646177694079,144.49604922912042,225.71432568951914,181.0896816248157,67.6551750336633,245.03006778342217,238.01717633372823,74.27717638526477,161.61699918503544,125.42201659177547
2021-04-12,109.0902927316531,143.84973811784297,166.72488171897896,258.6059063790744,95.02925035195925,138.07300356593413,100.70738528081353,114.47990778294161,87.34303789696621,141.16028216072243,373.27908987836514,163.04049551148225,115.0540933871488,145.93110529369145,232.33568771769188,184.50930469199605,67.71060087508457,248.69193610484427,246.08790219161713,75.15614218446906,161.18215841660313,124.19805314426749
2021-04-13,109.10697489582249,139.68387770176693,169.13243936917928,251.1261806652089,97.51011390973342,139.96953457993058,99.88486389453467,110.4402761673929,86.39712929369337,138.53922766339633,361.20600700436876,162.30667765910778,112.61257382488883,143.0723785745209,229.60083557389686,181.29707304568856,69.22097879522487,244.48862066846297,245.82306241758343,74.65386325012695,160.60698871450026,123.89629532106997
2021-04-14,110.90520441287165,141.63736545765187,170.6377299279983,250.44798167107552,98.49138862651654,142.31079337762426,101.84451853036792,112.23131736800019,87.2754422459559,139.83865934979957,361.1254158974796,164.85078576681525,113.47512019677976,145.03028858080668,235.80041753020535,181.45594690339897,70.60032921868464,247.29400303286292,255.88314245748595,75.23107444703618,164.13235860794734,125.28475645244278
2021-04-15,110.1046795255696,137.82511308228388,162.18032700166242,246.25781178601346,95.276166933159,139.68545796795632,102.4065048323995,111.48846228742156,87.77399543505807,135.65240486372636,352.2859740619489,159.5877270962669,110.46572531126505,140.65575063387956,227.8378514762945,182.4256591651411,67.23699600314028,248.3554950998058,256.4028393058262,74.57184229862959,159.2058549101905,120.27433329601897
2021-04-16,109.97982897082612,135.50518937688778,163.97115908379516,250.95761891355,94.36343729507482,139.7497374483289,100.05150921487251,110.74091402105952,88.42513238350334,135.91134045640905,347.81029980464,157.94485174998653,109.0419320007291,139.19886440687438,227.27859275505887,175.6590413835027,66.7464290375892,248.12422369589558,251.88004967532135,73.57475413908088,157.17243568307455,118.66667514090483
2021-04-19,106.67987459634718,137.03583336271143,163.335052987925,258.3520984471173,92.72112444934771,138.14162460947287,99.967819482824,111.65974899979537,86.04243311681059,134.20956360962066,350.4517658826683,155.7729119973317,111.33410256016094,138.316670911989,223.6462006478782,177.072125589228,68.38738106057247,249.79076225587278,256.75550562807274,75.45974930536539,154.8371469331516,120.3928570051268
2021-04-20,105.02076846778506,137.6061528197689,163.28639981759684,255.9404085145476,91.47817667097746,137.19440189679617,98.28034809819636,109.6260657643785,86.3281400590707,135.17991774574867,343.57023237977194,153.5426956286187,109.4796307055642,132.4994697063584,217.5701259443099,177.75430462055508,66.39537398680788,253.24699359232702,257.1687289899383,74.56485901941535,152.94013372430322,116.58365752225143
2021-04-21,104.97146203281962,141.00026695298968,159.45923637651748,250.62833431231314,93.83264426516492,138.37028011492953,97.94859081581835,112.45064036882238,88.29354264589674,138.2196339799258,343.5948569301104,152.4546139854821,109.68673193577263,133.5108706349774,215.45458260444568,177.77998010984732,66.4769157713094,257.4303303640956,259.96856253510407,72.67204724555225,151.73618468674312,114.63502049430967
2021-04-22,106.66419148226092,142.49210200271793,160.7755079421658,253.22254763646026,93.6089054173611,137.86130016891104,95.97602404374035,115.85055299144031,89.83383163154762,141.28532318813475,356.4195625826413,150.68385805027694,107.62271128070515,135.24391220220627,217.36233808111794,174.1843115568875,67.3151807034357,257.7427747817735,258.6877572996063,72.83306622267772,147.23833855499555,114.44546411648481
2021-04-23,106.0276017419372,143.34539000017767,153.33246609201723,247.9965386289091,93.63590418583159,136.72702085645676,96.84904114718316,112.2990225181355,90.49701554314244,139.71987280786095,352.5133371840946,151.7106436063976,108.63188751960993,136.25404365484857,221.922585046411,175.94789855432677,65.97001582057679,256.21514291486375,254.90086493816548,74.46342079505412,148.56138853222643,113.19975535195098
2021-04-26,106.53984821918058,141.4831172842322,151.1254038748146,253.62679440725964,95.93595631097658,137.81202078101367,96.76889344191719,110.36662587326407,89.1057074028495,138.14624739465808,353.0141696719339,155.8186035138466,111.54767392018844,134.37461036592285,220.67728417633847,175.3943058531562,64.1862638202917,261.19256577354946,256.27222719042896,75.15129745892975,153.3489689593526,114.58753372649983
2021-04-27,108.21155784869548,142.08510939689506,151.96703309735807,251.8635098344227,95.36066370699841,138.0191751309592,95.7828244334607,109.52630573142298,91.06379823372363,142.30693328267182,361.49522718080044,151.98271941943315,108.64000213309916,131.3337926095888,218.91267062443958,166.6778904044404,63.31327998431026,265.4598577607551,259.01761116929,74.21903168554591,151.78165021620077,115.01607506296173
2021-04-28,108.6273755409107,141.92426635247622,150.6985617558702,253.96079461975359,96.04576446376296,136.42484182376947,97.53667399415012,111.24315598651759,92.81671484546291,141.69366076795976,353.30663071767447,154.81464261221493,108.82051122771955,131.10569248102337,216.12273322050467,167.43688815254944,65.54717095881601,266.53270906201766,257.7181042104957,75.80748418099847,154.072845225946,112.69662691146748
2021-04-29,107.14655184907387,142.89507199373992,145.51758280308943,255.79403335179182,98.27440552113994,140.10263853906503,102.25427436005367,115.65071063709452,97.76798448084625,147.68060491459067,359.81124506244885,156.2620128617189,108.31101382319947,131.74657818181095,217.75628405278263,168.46808357846805,67.41408277703772,267.4377568307502,256.63865827418715,75.45149150097467,157.05822151944406,111.26550143000975
2021-04-30,108.5388939259745,143.96488268375288,145.14609240710118,251.32845710749277,96.81294180630817,140.89814732102158,103.60263199756491,118.34083747748699,98.80279211972339,152.0266603625866,371.9058081491737,157.81131542675186,110.08303476537027,129.52336299312503,212.75486056736722,169.10381864844996,65.92204859743204,265.73422867771967,259.2228163707394,76.8991309665069,156.32174524584818,109.95664100056548
2021-05-03,107.78541824694612,143.32239493637707,145.7013893618185,252.72913361194537,96.01208739857029,138.749774220333,102.0204369985756,114.97887224441557,98.91198607710588,153.51360055174905,375.1909913265379,157.8599349706664,109.21122786357633,131.51935157552083,214.73378268661452,169.96488414007885,67.92675182318321,266.75708134788084,259.2947421546339,76.76442518174703,153.43862526837566,111.51424707386562
2021-05-04,111.10971408047192,142.9429272507178,140.4654707672879,254.3340220253764,96.16926556492454,137.6712468875826,102.8892165760663,116.64023057891457,97.75041697261588,153.39381964881414,385.05310745462185,156.0145275035432,109.22588640484604,126.22806608869476,209.06391043973682,169.91920417379882,69.11913753139588,261.07615061620845,259.28765698154797,76.26533412913535,155.49981546496568,109.38065903698755
2021-05-05,111.51826190549365,143.1380975310566,140.71609567504603,257.57121330079275,96.76702706107045,137.4426178659664,102.70223457719247,117.13023416226751,98.46903060398888,151.17180901356315,383.17576264631225,154.4127485990431,109.76800183346207,125.80847752247541,211.91896506269202,172.26462267145865,68.54681056685018,262.5189413864556,263.1268301813297,76.48889123524373,154.50990958481583,108.19660015251046
2021-05-06,113.16356910274939,147.34134485836793,135.95609973514186,265.4437565055384,97.56990682558839,140.1914103446517,104.28951179077562,121.91275833471327,98.93376701077511,157.17082281978736,392.0963900390768,157.49964072066342,110.39512204671658,124.67971414601729,216.49138782698336,174.625501242108,70.67694127058104,264.55203663739445,264.66397133551106,78.89619048733772,160.5837020847593,109.36419493252868
2021-05-07,112.48921015371016,148.34917417342214,134.25362624173349,269.37952301902106,95.70384015485219,140.90065285983312,103.74625809585042,121.57650740214329,98.59715166864935,158.8098034875878,397.6828441048181,157.4575871308865,109.26325830683425,123.86550705023659,216.06595365024847,174.91905639941314,67.21467408635023,261.18788115599324,262.2771258909576,79.0070947439305,159.15755925544573,109.59983767101885
2021-05-10,112.83113142020439,143.51607139263132,137.6315445125719,270.81244960871885,94.5052806984127,137.67549119964286,102.50037916163936,120.56840969612374,98.34016784037311,161.0411093298347,392.076154359244,156.81149429685314,105.77444240320334,121.54328396004631,213.61367645452054,174.1228619001632,65.61211383843616,256.1846171165093,265.6478081490947,79.39302070294873,157.62450128496883,104.5479858753928
2021-05-11,115.7292703635555,146.75074269549697,142.61092939204934,280.65169673618965,98.73845655601977,139.9448246290657,105.2384041894417,128.0074999802596,101.77483702941016,165.54698332069586,398.58002476900333,162.78955697841758,110.6399465757821,126.84894064803188,218.85420357675972,180.18622460293287,69.26070389780807,268.1220068764131,271.4425989822207,78.78514919930956,162.96724949765684,108.99254160980608
2021-05-12,113.7969970560291,145.11055143225354,139.63875530243652,282.52840651074916,97.70652507997522,136.31657824819362,105.55348605171852,124.16288277379114,102.67076221603432,165.87049413729775,401.69170534014614,160.3404874784757,108.41471131605275,125.4015476197131,216.87237223269514,176.60806251395508,67.80795761279002,263.251225652652,264.15924556609025,78.58808827358503,160.87446208357443,107.10736618032226
2021-05-13,114.57439862501914,140.52272235173544,139.11283050447494,279.56617163668153,92.37643121526904,136.95447557400212,104.40258527088297,120.08535143354142,100.4705423057908,159.1400386008711,402.97944872298234,156.0851927531519,106.16288248333885,122.40850535226188,215.2092450541875,178.33713089428795,68.75159802323613,258.27335765763803,263.0101408064991,77.66894802605134,156.59034211803285,109.61518701563092
2021-05-14,119.38585688200413,145.64444426204173,141.61422315977524,285.61670174816214,96.01929641608906,137.51239220190268,109.0738202195257,122.01266505596706,104.76246845181778,161.86251494309394,411.61922931412096,158.61978050100984,107.0945106550931,123.96337384183151,223.51566534976513,175.24437427504523,68.62568810497166,259.7896906407896,263.6755609119122,80.72932274288004,162.02013186761423,112.42501798436838
2021-05-17,116.95096051130245,150.82305177852768,139.13270356532144,282.4223139624245,94.7044267442532,135.77013149518137,112.90100138944149,124.16207972882738,107.36809339644536,159.39141140719656,413.90314709006094,158.70889016402612,106.7526327462948,120.90652994405036,225.3521167198373,174.23079463161002,67.14487550320958,250.67564300451966,264.4447123616224,83.11109506447345,158.18420041744295,111.89696407710305
2021-05-18,116.52635808321322,149.41532484542938,143.09744547198144,291.91419069122554,96.23025818780444,134.54042586762372,112.83222885552915,123.68978867834261,106.48260339294586,160.05961298461452,420.5093302353275,162.0544464319278,108.20473349892794,122.66956174781347,228.09507269707458,173.20132533567795,68.22778743785047,251.9218979119981,262.7295870511477,84.71402142611835,158.6912613321322,113.81513273767143
2021-05-19,117.0334298998615,145.8014762669209,147.89974567794488,289.0492445009026,96.50445272511624,137.64096952504786,112.94609477077161,121.99851155707108,108.12911005783641,162.7278320924272,420.22388725472746,162.49162978211314,108.64193680449432,123.5854488061281,224.6901819742978,174.8284673048563,70.77475576569074,251.1994121772578,263.9022232178985,84.10555354981207,162.13600574322,117.07247792139253
2021-05-20,118.44679644159098,149.60485064215624,151.18441573519456,295.33316331791224,97.2271914975489,138.72576985741472,115.36533267258085,122.98183024939574,106.38695393072346,162.37759387881715,429.8507856504737,165.64964873698304,110.4182047940384,124.3583004294864,232.96913192127192,182.14942316461665,73.14653467453341,260.29350622051743,266.52536844930785,84.6994462119299,164.15693908622015,118.84523769786358
2021-05-21,122.5896356663348,150.41743384507984,150.0130252289992,301.5880771106941,100.21947357342394,142.29183029561264,121.91024117839082,124.40856752725648,107.45654800937149,165.0630957250103,436.5869814291038,169.86816972267502,111.66002971339636,123.65625186599736,242.1416780996404,181.36018185653893,73.25654443060405,258.5317457524923,272.7650263154759,86.42417705797685,171.96315764372764,122.56267361643862
2021-05-24,123.24606076085416,153.71612508781712,154.0012819152776,310.1100106712796,101.28316017585414,146.1821499103957,123.1864307471586,125.4199014201468,108.36050631900316,168.49129167666777,437.9077899418515,171.7925362915779,115.14868012769405,123.93606234920361,245.75857395174515,185.22955703446792,74.82445847964641,261.1714570840545,281.35410864933465,88.71930406165916,178.27700684072792,124.58198256325413
2021-05-25,122.43146972801568,151.12259301811125,151.80039224863106,306.2404161933891,99.66169953075898,144.979134376905,119.7542553892904,125.0654132069862,108.81281528093814,165.61387793229963,447.80631426792746,170.8494801244626,111.78933593514365,122.7001137712066,245.58425504320522,185.8167064031426,74.1050000930084,255.70582279592873,276.3156263567301,87.33902554291974,176.16630704254376,121.7441995742275
2021-05-26,125.07698109285501,152.3638892085737,153.49966987850522,308.14462494748904,100.07063111656403,143.7924752786124,119.98395703048098,124.19565008180736,108.48283590648197,165.35947179451733,451.6415191231234,170.50027964012304,110.5796415220772,121.7724178652213,245.23131555697506,186.16225938656123,71.79450360986782,249.42707054498317,279.19853079524455,86.5261785705421,173.77564569191313,120.24111524693066
2021-05-27,123.21068152645407,152.67938984267292,153.64201047157036,309.1243877555974,100.12852160402554,145.14953575041082,119.36874500562365,122.83751746586607,112.88609277874976,165.01021621920344,451.7187176290565,171.7625167050413,112.9213728473095,120.44115485947906,241.45529105029271,182.41220218316417,73.3116743687128,244.85355870273676,278.6797805521535,85.01856926527203,169.50943359073395,119.38137997466025
2021-05-28,124.89929735435044,151.15060716741698,154.12115887519687,309.5931604988514,98.89029687616585,141.81367387891808,117.85923910295308,121.13572303871248,110.07400918038387,162.56969981453258,439.25296912458293,169.45655185126643,111.12787744930198,116.84158680580673,230.2667830101775,177.8418430474618,74.4999195153972,241.05865499957008,278.8473364321809,81.38656602697235,165.0163576898693,115.66016873522338
2021-05-31,127.92830863521937,157.61716746823603,153.22045154483595,315.3037427159473,101.76516146661511,144.04121325717674,119.15879983837792,121.02382913350478,111.69774831013295,165.59202898211876,460.26581621889653,165.82133436040905,111.00200604570152,113.42487919238876,228.67678253542545,178.45648822082185,74.92167452387359,242.69972111164668,280.12677223181583,81.93012484411177,164.7358083175535,113.6077102566561
2021-06-01,124.31911617912871,156.4532578097908,149.64598562107554,307.4941674796825,100.13315594721776,139.6848933245403,117.72426568502075,121.6514454361695,112.69989487125653,161.8033416208381,452.0324544160097,166.1302525818626,108.3302639178137,112.10552083482439,219.75218856475797,173.7134043560143,74.5861629546396,234.7894532555784,273.86533259288325,78.2077911676913,166.2304891200506,113.2811491518917
2021-06-02,125.8924702423511,160.7529021834534,148.87907899977208,311.6887597130759,102.01750596238583,143.16963852514883,114.62472996437174,121.46200364309927,111.84384341772676,163.4723395102958,442.4702015392388,161.4740953107208,112.14442297906089,113.4421028999277,220.16244123335125,174.88122980028712,74.94807803831999,238.92584579875341,271.9159976073394,78.63452550341461,167.24444247706325,111.80332014366307
2021-06-03,129.34440499523416,162.98448581666057,154.86812245190728,311.7208980598227,101.9616426743601,142.9653281385098,116.33394099198802,125.82467903554914,115.97359513330213,160.34387828443252,452.10400401106597,156.23094949611854,115.2451348144649,117.12855581150143,222.73621635449055,177.53143257391926,76.20933278352767,239.87131549283203,278.07176175176664,79.59800892060437,172.45655405323942,113.37073479291112
2021-06-04,122.85388114939073,162.5718817105299,152.26647465487724,310.2079094258712,103.67624710303674,138.58183109661826,112.77374519485751,122.88897815312,113.5855343379871,161.61160877714,454.11114107613173,156.1342197225285,116.60605645871318,115.65208448462303,221.7857066342043,175.0766978164265,73.97732885694073,241.82047234639174,277.34370251821946,78.82899861272148,170.75526199545646,109.6832949196931
2021-06-07,120.81731164275698,160.6362725578914,150.30230641771652,303.51773748301093,100.99637382791765,134.03276565241896,111.45271437754297,122.87639911334813,109.68893036144249,160.4916193663322,453.7483227094098,152.04765476630539,117.7723995802265,113.67264880397421,219.34201965510374,172.84052157818502,71.17423019156911,242.7397715109166,270.37431979845326,77.6562192612818,170.63105558507038,110.844166174831
2021-06-08,121.37370235135583,159.16237887528555,149.92781063635965,294.9202444503792,99.15345963237976,131.53324388714907,107.84067250146829,117.45332790065513,106.64810123090581,161.15824249065173,446.8080990818314,153.27242543461796,116.60952978503876,110.94111740960314,221.02173831506056,171.3173206521006,71.30721177476502,235.8012711929149,270.7645022751027,77.9260087513579,169.15343468504815,108.11041443501067
2021-06-09,122.37585752446022,161.35157213421996,152.18146291650854,292.0067846451476,97.42043164241859,132.08241375455177,107.23736427054067,118.85902082332852,104.77168507020099,164.18553355933264,457.01253377258473,153.24981292675582,116.69802894804214,109.6469556084954,218.47754661266774,169.94781494823584,72.83974601889891,235.5111960779965,264.4639492877624,78.21263691266343,171.00891188955083,108.05276169327641
2021-06-10,123.41772882185792,163.9298312410741,155.44179180566653,289.97375243881356,99.66849698300545,131.79538469594038,111.4496641210229,123.32660930335089,108.06684193010179,166.43843470328255,468.94961626619346,154.83286801054174,116.99774824354344,111.06681966078477,224.69729352366426,173.12050214970014,75.73812765918939,242.46284349202915,270.8969346761558,77.73527883466735,172.86944228283113,108.2758879578431
2021-06-11,121.8125186133716,165.33556191006494,156.2707184840195,293.8335008108554,97.09642372400494,130.94232284479546,112.45392495708569,125.400931578826,104.99493391013094,164.5213871871805,473.68128366867796,154.1082177898373,115.18986397719915,108.28503762622027,221.85932952842825,168.73741122946277,75.66851464788627,245.2872005911173,264.5523413503193,77.89618398715531,174.64873792534598,108.07702202412901
2021-06-14,119.78332386334016,162.3287348540241,152.030954775383,288.6542386895675,96.00107285941485,133.56392994733523,110.89897603775951,126.29184454852837,103.93491583881219,162.00611380352177,468.92792127481107,148.36701213249071,113.53799208666497,102.99971992584642,215.71615525681912,166.19757937058318,75.59143889247713,245.90803093761014,258.55008409802343,76.6036859656049,173.75698794539548,103.87598872826526
2021-06-15,119.31095251076873,160.9892757867908,153.8229956292713,292.55439770218095,97.7889152610126,134.07906058813558,110.82972521085206,129.43564178480474,101.19657846116195,165.96029559878468,466.5274121962776,150.41749525754022,113.58023671859422,102.45576250387396,218.41006302413703,169.665946063437,76.52515110266701,245.20110271004302,273.740039623262,78.38361666584696,176.9894305135067,103.87209406454505
2021-06-16,120.13185912307236,157.0933728035548,150.26583163623383,292.8443845081909,97.5626275267269,131.2774242970832,107.65761586080086,130.69934147347286,100.45314218408139,160.8576125638038,452.3392616390661,148.53356591067734,114.02213626335595,102.64255396625745,220.34782008175546,164.57746961344554,76.23861881253994,248.70420885090888,277.41959238679823,78.24892698250007,181.81356518968408,104.08371136123286
2021-06-17,120.3185336469469,157.11542948797816,152.61556666785893,295.69681458742866,96.23423181943024,130.99933134364332,108.44387097718968,133.72784003114378,101.62395219341762,162.38365477962054,449.50702398405053,150.50318795284585,117.75060025820586,104.20750252186546,217.3635165421206,163.2754082592835,77.89641177835115,251.07889320870845,280.63955439455844,78.54016533910028,185.57688505923252,104.95793063431034
2021-06-18,120.94132928972368,155.23536462891178,153.72643192612395,289.8588037395138,98.56010622997111,132.37632620174375,104.44154262364567,131.00662753435904,101.51871512169319,157.4848122690929,443.37631477305985,151.1895002686882,117.20774086653078,104.85809308295326,214.79659275386902,157.51623135074456,78.90068122025932,254.2921660200056,291.0708653582349,75.79540989497569,187.34892337704684,101.665443306235
2021-06-21,122.28401041359145,160.99214256695217,155.75289130166107,297.39054152644474,100.98146489670442,139.1994489688218,110.05886020904889,133.28876026474563,105.84478204110935,162.0175553159087,443.7435381277721,152.85779985305703,123.83233537560969,107.673085704058,222.6267258406547,160.39659006602056,79.95627691718241,259.8578299213028,296.00325438633826,75.72561182831569,188.6252426249288,104.9285163958189
2021-06-22,122.23035176726376,161.11016615125936,157.7824134105371,291.2498058695794,101.4243193719375,140.22434217412587,111.42035132376952,130.10999275450615,106.01866860344856,165.7643097513614,442.37148271741336,153.32923352481248,124.76573963962713,105.56804070736378,228.62627355189272,161.23858638390664,80.24605876912086,252.29630516138042,298.581077226804,75.98518914290837,192.74359814549672,104.00123513467987
2021-06-23,119.23760449927723,155.68196031780028,159.02897343100648,293.71481840327954,99.96494761306566,137.02705739668525,106.65498115059145,129.41925944236792,107.02327223270018,161.60544825389172,435.18347461052264,152.57216613563037,126.56415985458463,104.6754358315043,227.4439779571272,160.1138005601273,77.6117902978458,243.93173407106102,291.2848618537449,76.26948458650773,190.0445628271329,101.98403126658575
2021-06-24,121.41539215105257,154.19748439927812,156.17272459554147,292.014970087167,101.98025683504723,134.9977248987566,103.86272417300191,127.37498047998167,106.30428657337906,162.13490849347417,438.76106710394936,149.238181381973,123.97860907610786,103.52243285552181,229.1526768502822,156.39165967612695,76.42619267416393,240.25879267772015,293.84469587665467,76.40355231904718,191.5780962919262,103.40304466154613
2021-06-25,117.71446831090964,147.9773639086886,154.5876802017589,289.3777419040534,102.8517291158546,133.30845285636178,101.71286007693205,125.46494686690323,103.21959612803441,162.19127682743,426.2467425441301,146.19868163369964,125.09446966521317,104.07572526693617,222.5471108688878,157.91110499150895,75.32629054571858,238.1254461889394,293.3919242118679,76.82618407725732,192.3230236744224,102.98787356777657
2021-06-28,117.34086943225934,151.7777722086726,155.22155387578633,284.0106661431999,101.63193648749635,133.21846008719265,103.22967323964399,127.60753198603545,102.08313316637637,158.97026400873085,415.5394424529752,146.0657448407992,128.82992121451701,104.42861395611486,215.7315290871071,155.2797352911191,74.26762224401367,234.07118002832198,290.19529412099376,76.89111779608321,193.5158339180539,104.19084736109275
2021-06-29,114.43054130924588,150.06053093121923,156.60296807354788,289.5805999064851,102.37773130523543,132.12844503364812,102.53703331294514,125.83419933124871,101.14615345775101,160.02813040801524,410.36210425053787,146.97679194346944,129.62694682148447,107.16015718836515,213.07127597069058,160.25608288434526,73.45399838921611,233.34020544998634,294.79766803445824,78.59388554070387,190.88868027038484,103.18018602766162
2021-06-30,119.14318126924081,152.87686893722187,151.50509931659352,291.0165590759817,103.31638826792302,134.3414698692108,103.01508989791895,128.4251325228754,101.40000898747418,167.90009118239163,427.93246727457114,148.97608831741448,130.28542218885903,106.49915609150608,213.8612121552965,164.81947263690788,74.68537567906245,234.92446828272995,299.84334987139823,79.5305889769245,192.771999878018,105.08309306740527
2021-07-01,121.03678928773996,154.35379037682017,151.2599471812309,290.0255567950032,101.51111777999351,134.31374774069334,103.06706854221862,129.30241754812582,105.27624097514175,170.06206977640304,436.5732618018604,150.57074719817234,134.24845007993585,106.28302137174443,214.1416318077656,165.47356304185095,76.45186066615476,241.21243713593398,304.0664933630336,81.52664549995315,194.6006559952046,105.50503142707092
2021-07-02,121.93399511933254,159.51027888727327,152.98692731170456,292.8046791862727,104.34731349608316,136.6122788282995,105.85783021404285,133.2773716526003,106.32152311248147,174.33592894532146,454.1606583786402,150.60051230699315,137.1070456053616,106.50649981330122,219.99594788143781,170.1689531332681,77.15750017318459,252.7156457118273,313.9224978665115,83.57692843861757,199.32142480519272,108.59670789339663
2021-07-05,121.41663011466721,156.95924869488914,152.2868928131218,294.8331438077108,102.48218402833619,135.1358808865743,104.08889016340117,129.0036403184878,107.18720333396054,173.10181450047006,452.5684554812936,146.63229224623012,135.14226574413107,107.02850925193327,216.9576383254324,168.07187948893352,76.50669326976922,245.1105623850726,313.449807429701,81.03822235394551,194.3930753793913,105.63354567775508
2021-07-06,120.86531401053604,154.11810365188185,154.32445035272355,298.0196160834588,102.04049582840672,133.5550854093002,102.88556667079614,128.00044013670097,104.65547622109942,170.0773041900535,457.5043826615728,147.04645335086653,138.2250524156044,106.36593568861734,215.52505463437774,166.8041802462104,76.01015206547197,242.26678723899028,314.43667511954226,80.93561673316853,192.5080242433065,107.43613291962461
2021-07-07,125.80429049544567,160.88668697248787,162.19580410381963,308.3203019618019,103.50796134995538,138.68035538246892,107.18273207029476,130.23664779208602,107.5942594040223,178.4044326006048,459.8262593080976,147.6938351983025,141.0604476095113,109.39355578547753,216.56315980868501,170.5298555240023,79.08594263398088,248.12692208941291,326.66335486193265,82.09115745826608,194.67929091121164,111.29224161716985
2021-07-08,123.70761160930384,163.9137920244507,160.73001761041468,314.13094263621025,103.2655856541342,138.0283885917791,107.45557167373885,125.83259365949245,105.07802096473762,177.89872132164527,453.11220801173164,150.61520535241095,138.34353497226593,110.84958535411923,214.43408102482374,170.99701086637018,78.20536178366966,256.4063305658077,322.70313538111435,82.33745481796414,190.5062443308194,114.5002113506992
2021-07-09,127.22410782279975,165.31074901057818,162.09766279437525,316.3899425307837,104.67721628370164,137.87994636874126,107.97140509964115,128.33762812955888,106.38492108062107,179.1400799855258,448.3404849325333,154.78515950525977,137.69243182508097,113.0692316394524,217.3045975723943,169.07594745837633,80.08225301839437,258.72257681711227,332.09335333194036,82.54159065129744,193.5804200403292,112.07022859139767
2021-07-12,124.50045662048164,163.8709980321037,159.71948070320707,318.7170035432017,102.74573531610824,137.53414514314662,108.8805775671475,128.75798335667457,104.7160546249841,171.28155734218495,448.15958394734037,153.62719453286877,134.9002379853631,111.49228035527308,221.85962657173528,165.69940199828875,80.19613376777016,258.11892071410284,329.659994051318,82.87715522952107,197.46768233193512,110.94480109724229
2021-07-13,126.52134681031373,163.95993733755293,158.58566766032376,307.31239469751273,101.28794747958027,135.521838061907,110.17533192103686,128.51234376808955,104.42789295889706,171.84952912996033,444.1908354372405,156.81965004448475,137.1874360819133,113.91761991263914,223.23807141873115,165.0745525811441,81.93661186691628,254.8323766651984,325.1823013241416,81.9206829016922,198.45353343377747,109.397148938267
2021-07-14,125.62774510754937,157.8875386233995,156.1360120297211,312.4731013190077,102.93289402122879,134.34759258044798,109.27967232007117,125.8728615167625,101.96883361925451,168.46513087530522,427.77757785306665,157.18382486346903,137.08701364586784,112.15579337221396,227.86794908911813,166.218844527846,82.6669252774261,252.59633092763244,324.2852467228138,82.57163400289552,198.4420200577857,111.86559013568242
2021-07-15,126.05888169667662,153.9321961861099,157.98138404798186,305.7373911998262,103.70832036373466,132.22408937270635,109.28033893735017,126.7074830317163,101.45852723256773,164.00298672828146,417.6168068420626,155.14431161582647,132.9098963613875,113.82318181757014,226.9301509966431,162.71775604774402,84.30287661630183,249.4223639790533,324.614412035817,81.38057872417238,191.87663002252376,109.34726534634089
2021-07-16,126.99203092986492,154.5952693871999,152.43113474635572,310.03893500543313,103.53961910481313,132.27872763909625,111.49686360284262,129.47490289441274,103.56718475165432,163.21836436867264,409.8525430576199,156.6727869488329,129.52631585136356,116.58077216318287,225.65149976562557,159.22465527519648,82.32513842453675,243.39982217107408,322.890969354774,80.96734686528025,187.449383179735,108.21784784453696
2021-07-19,125.45292444716873,151.97072903218583,147.04469317836785,303.6776929768805,101.23729734342317,131.4142981030563,110.55263257940442,129.58581982454191,101.68305850832125,156.3160915342122,409.10365556643796,151.96387473454448,125.30129948965491,114.63830650725414,222.18612777055347,155.07765219399502,80.34146359616483,238.0740833002235,324.7609146690397,79.66738405262315,181.91941195203876,104.92997589821616
2021-07-20,126.27488645644424,152.1461993559702,144.80392168040953,300.953786170628,102.0874889838,129.06209701133855,109.68971999746921,130.64323184025884,102.93304207320864,155.43864868126022,404.8504222849979,148.55344382140333,125.96213712549415,116.60677062655658,228.852085438407,155.08665800206802,80.07040717022895,234.1678186526846,314.21471945546074,79.67087177845433,187.71944535820413,106.65623908700947
2021-07-21,128.9464136630127,149.01311109550426,148.458255705054,302.4912575481666,102.42160714818927,130.47077617568203,110.848870135523,131.31390285166967,104.5959406231517,156.49179452421953,411.40646377297116,147.28941801913635,127.29581222539392,116.29826845274579,227.84656473441427,156.85133730222506,79.2487892693105,234.51032668785714,320.9414797408423,79.08139525217769,195.18037095608963,110.05482847426613
2021-07-22,127.8113107668189,144.01462477845473,143.17812021803792,298.7329997255141,101.6488303343128,129.1118455225478,108.66491548101448,132.4196143502121,101.17562945215391,151.66432643221418,408.14352473818803,143.90779499817071,124.29937932429222,115.86982526771509,222.40762094929923,155.45818158764445,77.9782589373476,230.18143477236637,308.57508350375565,78.80928584110039,190.35254134495557,109.1680112814173
2021-07-23,126.5788960999662,143.36758154480998,140.7925367343441,302.5852180409358,98.24804066915667,127.7179295034606,109.4021653630225,132.57066114855616,99.13903408502462,148.27512800861575,396.9423559551213,144.37451038088406,122.20566632083116,115.64753915137686,221.44290293808962,159.8758331226218,77.89665547826345,226.0583284663712,299.74223349158336,78.03040976809294,188.95554242686367,104.92074774189769
2021-07-26,124.83555475623737,144.62089050618744,136.3517153371779,303.18645256311527,98.79254076194505,128.81119722231907,106.22509204171335,132.45528160586235,97.59765676468899,143.8259147822944,390.0087543851122,141.23567572923616,122.89551817474316,115.59315013935158,215.20882343001506,156.60331453022528,76.81570607835113,223.9667628601968,301.91961927115034,78.20172436022992,187.22545950367794,103.65372661023954
2021-07-27,122.68205200771335,146.46890486663517,133.90575522472278,306.06642513710744,97.62822864125707,124.68607506673233,103.82942548976852,130.40964831244744,94.97493221324211,141.27119621392572,376.83326559858864,138.29876046993948,120.7670821935474,111.43851390738337,215.17580930079956,152.78293479582968,74.27069715852515,213.8158415854074,295.9314556406787,76.26329314245325,185.20540942930742,101.26649811570559
2021-07-28,123.41513789483842,145.82876109837122,132.3718584494181,303.9808897286136,94.17634102725783,124.91132473578327,102.70442202123773,130.94021373427375,93.48114735392811,140.03913044722935,386.62090978902796,138.92650628512496,113.11551619646943,111.82039189156973,210.5186320537348,148.49356583780929,72.11445197662276,207.79449032266294,289.2254142329697,73.9119727150524,178.5201853751854,98.2760652463925
2021-07-29,125.02191588661807,146.36627130866322,130.3439925691485,307.53665758368,93.16021476113185,126.70763227418124,101.16609689442589,129.9624105762542,93.17787339988666,142.23944949110546,390.0703608428591,139.5628933360119,116.79920872711078,109.21788172483545,206.85803646545645,146.23839686410244,70.50780989041365,206.44131879737384,293.52838973834446,73.57242224199997,178.0460912534146,96.15746951987092
2021-07-30,124.61985912147887,140.80791810142435,128.2606474338105,309.7336882554727,91.68506410617144,121.05833221668512,101.82235053436763,129.7414037951612,93.21174059398577,136.7826246665065,394.34697020879486,136.66592380993526,114.83699474399053,107.0662933439079,206.97686375030798,144.15596473518121,70.37157530558622,204.78570245152432,290.6750016031191,71.85376546594081,180.77380805001067,93.16608647966704
2021-08-02,127.81955434903443,144.9169256129597,128.68213997151793,313.8540638263404,94.60249690549466,121.95206338245602,101.18405705088703,130.22798568731778,92.31397173840641,138.40701031537586,402.5173872421157,137.1485493119373,112.65884092109115,109.27954744025973,201.68379646633787,141.2551578008722,70.55960617567223,206.65413164447722,294.2800688439635,72.16668533856792,185.990077399967,93.75532217653334
2021-08-03,127.78357924796155,147.31757540943727,134.4298339058489,315.50203443667914,94.85761234397086,124.59479965179986,102.71787639103202,131.50524639653418,93.73655844647409,143.98749339292962,409.1933869155034,136.1740940199634,111.54800437522545,114.29745566611871,203.02788452143326,143.7752164372568,70.64747820397804,210.2976107056786,305.0609067367837,72.38549974156452,189.6982170324741,92.97994907519302
2021-08-04,130.41985328973652,150.61079631576501,136.718343308797,321.11507306588993,93.71571320846459,127.75367588851947,105.45496062846064,136.2103742837569,95.72315059520896,146.24401169208645,420.41814085649037,136.24066567386407,114.54036227569968,113.92565799007276,212.09988784267026,149.04363424260805,71.40917142757976,217.57211285587627,313.5687404803378,73.07600239279881,188.78825214379842,95.71550552484172
2021-08-05,130.39884009516538,148.97435488188214,139.1568788638616,320.959433478446,87.72187362221008,126.77412430526228,103.64702706053178,134.98537574584304,95.92032927485157,147.49749898313132,424.58239909893797,137.19935227104435,114.58819358613114,113.86753559967158,212.1823075521579,151.07599026736025,70.41833130477559,214.63795031159253,302.42629149259466,73.56642118070413,187.04455542602875,99.05336396236999
2021-08-06,130.97778578320742,145.95222136335565,139.28376536326016,319.69277643972595,86.9304718662906,128.52757425119344,102.03382804884932,135.23459013752066,97.84650706066309,145.60055838333432,422.2078796881449,141.41318014513814,114.89179198863991,112.49436662743733,215.47655745338932,149.7546166277572,68.4508338918018,218.09771378718506,296.4809329098588,75.94330053728852,184.1964283300534,101.78055842412773
2021-08-09,130.9353214703878,146.64492363235945,139.07432266294376,312.18311960573817,83.8308172014737,127.42431025119838,101.79753501347554,133.46692803576065,97.73243285559529,145.11353938048725,412.7962073516074,139.98498005187915,112.59025282132423,109.51059233409953,215.3394623371472,145.89527701925002,66.88508495368808,214.83861638658126,298.0796177251738,74.94599096528502,181.97369174534418,99.6952080267949
2021-08-10,131.3892349728429,145.8570874245167,141.79435534246983,310.2665122170395,81.63860004325106,132.5479214402444,101.23757707339628,136.01009342986615,99.73931138714036,146.83125206988578,410.16759579315044,140.51109915373797,110.37678152228915,112.72038515109118,212.84270151968704,145.39475505536774,66.94815235926113,214.37596748140402,294.481719876386,76.47288139948613,183.54642282118064,100.12278408228936
2021-08-11,131.01510948840104,149.89374764952638,141.40777813877833,314.6264040018106,81.14044607636202,133.2361855400098,103.58203877103801,141.1219624342816,102.56026848064333,149.20422889934784,414.68230255090555,138.8251251593355,110.38051329997141,110.6812311775986,213.51075489365402,145.862585320206,64.68481516452415,213.55843239548847,294.42692349054414,76.04078786082302,183.11889665481112,97.66772632661295
2021-08-12,130.93357991554572,150.56337074019729,138.9885471333719,311.91496582263676,77.61566011707711,134.8429223663772,106.32838141375778,138.78152609553234,101.05198167844077,150.3120631952565,424.6354692257433,137.58377429226368,107.36159058951216,109.34867008233648,208.6370422294097,143.21874310360718,63.81344678569769,208.67857085650994,288.09273798648536,75.4482505406424,181.4975751473576,94.71131676212745
2021-08-13,132.62328203519317,152.64243597225695,138.5699779749583,316.39680836105384,77.04147809708184,137.80374132336735,105.2771980230636,139.8074172057116,100.97989802145943,148.54972107522195,432.32706688007585,137.0258175406478,105.17737251602313,105.18537039445633,206.96862841238777,146.9109890695108,65.34641537338159,207.5052974269304,287.9479547627803,75.31115235791148,178.16215047289188,93.85172656817409
2021-08-16,135.31569779799213,152.05899048837153,140.46621700593082,309.3146200723888,78.95332667501084,140.57132561682616,104.9449573845142,145.55954190805787,99.9908964088121,152.50266302372748,444.7872799985522,136.14593881647144,106.39806466387087,103.88332030720818,200.17872754046542,146.1672073617038,65.53751574388923,212.036722776298,292.0866568531799,76.33365007531576,177.1466721709609,94.24812103603493
2021-08-17,131.32870157568607,149.102777350049,137.7483787189246,304.4857055888113,78.92684595388528,136.62545650499263,100.98386593957616,144.14504998248216,98.65974065135312,150.2367539304209,440.4184326101485,135.61367675759428,105.29916535009131,106.4921079134471,194.0378069057916,143.25868472151498,65.78334015948775,210.20889732739053,291.9732522981045,75.7067391444987,178.67674937104107,91.80975418026779
2021-08-18,132.34297335010663,154.37169253501227,139.9336079362573,306.74218471952065,77.99394885316647,138.0894372850825,104.70244201955244,149.67438386056114,100.93789463692376,155.88986303304154,457.6713531608084,138.16716268676618,105.8966869712414,108.95477309022306,198.4903342721599,147.00575462481874,67.72332820750061,209.38425835339277,294.14640202572417,74.80054450378522,183.77111846695942,93.03310510352841
2021-08-19,134.29887698323626,150.64350059664832,142.33881735293954,308.9933721810663,78.20672626533543,136.6687644910684,103.03438470702773,151.63312464703148,100.31304157772759,152.0502894082887,452.6973064272996,139.2027054341256,107.91262611223445,108.57348292443969,198.19717933489247,147.95618028062717,68.98780002744667,206.25154547335407,297.4746695165771,74.69648429734202,184.00893874950006,96.34447009424103
2021-08-20,136.29504537922458,148.5916699252214,138.12010182802294,312.1936476497936,76.78251737044279,133.8147345977708,104.97853660714162,149.85567466522411,99.49006710963859,157.1067638251007,442.92514183439,136.30702170874926,106.95726453642112,107.96965331318654,195.42371387885817,145.2032177856391,70.41531519000608,206.66140053514263,299.488034449769,74.39650259321141,184.36670089707226,97.50406194517242
2021-08-23,136.43184941827607,150.6325854261584,140.5596863198738,308.913213199501,77.2066636947004,127.1923211017271,106.77217002538296,147.22046351232217,98.56314017159976,156.64327826938012,437.62524018869146,135.13358352668757,108.26853988724017,106.09973888777135,190.0460272808728,147.50155645693573,70.15800883205767,210.2320954810068,300.35812958304956,72.05974534335105,183.78614247937423,94.93826116248911
2021-08-24,133.10543755471878,148.77849548620085,145.27785206404226,310.16889681969343,77.04107390051236,130.63628464736303,106.40871320306204,147.33228696316564,100.31856453570602,155.4826303053149,431.69204118853304,130.63131568118774,106.80060329302933,104.64604147845496,190.69007939352446,146.26406337779272,72.46336359347691,206.99972396633135,306.94503976760274,72.33252577675744,186.014742950012,96.04709026252573
2021-08-25,129.07970754009492,142.33550597960777,142.47043953786815,310.022893612376,71.9321812920659,126.15176400028511,101.54204351148529,143.52242873824238,97.10365750708429,149.8779858053723,424.3071896488263,130.4123636384253,108.26387338318666,100.74135630600696,180.8937889447738,143.82447416361464,72.31397635974838,204.0989381248882,306.36529252300716,70.1914015367606,179.30805882547918,93.69515752545489
2021-08-26,131.18172289435685,144.8205940847784,143.0534644524604,310.06031233759364,72.53279789249531,122.65650675958912,101.56736792301393,143.3204888831294,97.06210464384645,149.6067343364775,426.13476061541735,128.82320003694596,109.71203403470363,101.09779014627007,181.23462591138397,142.05143925385184,72.94044065520903,204.00367642095264,301.6737053134896,69.8813969032023,179.833906769921,94.13617733703343
2021-08-27,134.11647471454117,148.52094944348178,145.5288539978869,309.2641824080932,71.83453783758836,122.51241752996336,104.91566594603765,144.52410656829102,100.46382403218038,150.07746255961635,425.9391638392252,129.48448296060545,110.24539869461513,100.55583966443332,179.57539831856516,144.14556347513405,74.55006246388642,212.75927494186146,301.66203146934834,69.94808299494683,178.3719626994983,96.31354891253811
2021-08-30,132.72587483571775,151.11295104109485,147.8468072744423,315.9305822067752,71.61460363374205,119.44942330396451,103.94717935840366,146.56156772697622,104.04750965955509,149.5832074413673,441.81589918916444,132.41434725739606,109.06404923426895,101.90231825846065,183.76788048149714,140.38453184725273,76.02962898798062,218.66774195039014,306.484946752074,70.59538474417057,179.16245497203303,96.95981422635
2021-08-31,129.3465600528346,148.46703382193542,144.58471842203443,307.47985101691773,71.44880187879022,117.81861153719422,101.3642175105618,145.16288069693107,101.63563133410958,147.33328276617115,442.2828563256104,129.39955407759342,105.6505700635698,100.28321510997581,178.17557875981038,138.15482223189676,74.66707768995768,207.58849920414028,305.0733668042682,69.43394212217312,179.8458190779604,95.94379386316423
2021-09-01,131.51594201335044,151.24860304977008,142.50619084731647,316.0340539391303,71.95193304184711,118.25002259977074,104.27105002234819,142.99472634826557,102.7498341959685,152.3031219021804,448.72303107544593,129.20008124618937,105.96593499591997,98.18512617417609,181.9308527418753,139.25724605135738,75.05104818609297,208.66739343022994,307.8107471588051,70.755191122408,181.23893671459462,94.86948766069476
2021-09-02,133.40683298084863,155.3963495425723,143.6123058885639,323.611550239507,73.99640108226339,120.61850483729167,104.10672801473666,144.1294478169004,105.62393523565771,150.75366361223243,451.9353090059817,129.4793757636291,105.36489986349108,100.18804164824306,183.9152118943674,138.6370420464833,76.28105135371476,209.6961132336394,306.3673967196586,70.51550206137223,183.76262695197192,96.89887328211078
2021-09-03,136.42724695709055,152.29327923593536,143.59705846910578,325.8828556295473,73.4881593140191,122.72794880067917,107.47873286847302,144.7754086218219,105.19925638000062,153.02959259488804,458.36149512654265,123.88280025514625,104.78726291606819,99.04988437582607,183.48146101447935,137.26792033172657,75.76852963532217,205.83992539268806,308.5363645119365,71.88240378387933,180.71038158351251,94.34102944670869
2021-09-06,138.87949740858417,149.5478683504717,142.53023442399365,315.59293827873233,75.05086982309196,123.23959705061968,107.2767923130902,142.53447802205056,103.86666227966423,154.2571333876076,452.056186082571,124.15535727980493,108.06544981739916,98.59685242096177,180.82948561155914,138.09313925749726,74.42387785425558,211.28229320916165,316.3186645156366,71.75139554063607,178.63487499840426,93.79889782912132
2021-09-07,141.03421762279575,147.2108629120334,144.24282870968986,317.5235139650458,74.24295999007482,121.22091658672562,107.96659347302631,140.8325518212146,106.02449935324167,151.5573930813276,455.2881054150022,123.61438348262779,106.81649844430703,98.13438783448944,183.1937229259258,135.19045280762012,73.72947809179628,208.23472766012625,315.12865855968005,70.78862091241939,173.6918025679986,92.01905900137226
2021-09-08,144.59001698584058,149.82940558747183,147.02363988236021,321.84370123141076,76.31856954556494,124.07433801232081,108.97311217485107,145.05034394705245,105.04470590529176,155.40314369225226,453.4131006626712,125.91512330510758,107.04440705758776,100.10643841799718,188.53844699326646,140.98125613339147,73.50332732428954,215.45738137326174,321.71925145014865,71.72961779705612,179.18400296483983,93.53867899126213
2021-09-09,143.3721718551044,152.11073947379953,151.6242115921652,324.5745088963741,73.81539924938683,123.83691795157804,109.6973604196423,145.3238263889853,106.3039293769668,154.32656393487326,458.9331292508693,124.84606199183834,109.99488241197685,103.3360271418101,188.10499233865036,140.49898340153234,74.61843130135236,213.56180027029876,322.0120749165691,73.5621854785278,183.10260039681975,97.1598709917137
2021-09-10,143.1329350888464,151.39640928861593,151.6850209572865,325.2536337169719,72.96452243526191,124.05932559838728,107.41921929315889,143.75132245283174,106.19868686504871,148.86289436204785,463.85305025117765,121.30693732774864,111.3690732416118,101.5852327783105,188.60049856877455,142.40615509303305,77.26152825696971,214.4579460406997,313.76937044389734,74.79470788798373,182.78076387393926,97.49973715201979
2021-09-13,141.61420668083343,148.84476275395025,155.54113935008388,331.1085448062796,71.70145748450135,125.08042323139695,107.13398790860573,139.03506823114606,105.31083632719343,149.80430428030294,451.66469366540355,124.67417728308119,109.63226416352288,101.10025966661325,188.2324266716904,146.7448179753361,77.24059921460932,212.23875694367865,318.54604063137975,76.06712078526937,185.76804271959102,97.7946025729223
2021-09-14,144.92437816409569,151.13929769595663,158.60510755390658,336.1964085809995,72.50812836501112,122.52717026833896,107.77228062314981,138.81933842671916,106.90448498126007,151.30632543947291,454.3376522372941,121.95516309398215,109.86461917484549,100.60345579249285,190.67028716991447,146.78404050569895,77.18770678104553,214.43328875086146,318.12780184498314,76.46862470554377,181.6415497799332,96.91135980967154
2021-09-15,147.40502875091528,153.11120851624074,159.27903235720729,354.1000555868168,74.45998021746706,120.59023543097423,108.91307076856476,138.85162619034642,105.60985414690431,148.59115939700933,460.14491703795153,121.87020191214653,110.60558763835374,100.04582430613132,190.9758026441624,148.07521290962194,78.27568736059398,207.88173750388046,321.5171016763538,76.24539043195287,186.81601248032737,101.99085365151815
2021-09-16,145.0559789172991,149.93099426908483,163.36595892289142,361.56713758101716,75.13527833940127,117.39584976271112,108.37580178614631,137.25166369802565,104.4395652779386,142.58161235041823,459.832577796751,121.59060443160658,110.00566640041156,98.75386296052196,188.89824866794754,148.59060081763232,75.91577006523983,209.5304752071614,316.8468455016418,73.59269445418028,191.37254706806405,100.27917642723946
2021-09-17,149.20847614948505,146.60483109009687,159.6725109386429,353.791241358158,75.56776564224326,120.37739660857824,106.93816902832769,140.52268748023744,103.66989019545467,143.4745267580689,451.7655094253629,120.36316355574581,108.91302404689053,97.47072592034405,189.36470072281725,145.51095963001032,74.28192912639017,209.17472854894638,322.31151908842315,72.95920005147651,191.6583863304469,100.59057237268753
2021-09-20,147.87794104698273,145.48869120707968,165.9469331538667,360.1555765563798,76.87628181265836,121.36827120186668,105.38855982368496,145.29998381917903,105.00790018110959,145.19480908044014,439.77728223869724,123.01846161116408,109.46008060827948,96.54712428238824,188.75675722441076,144.315144553702,73.62373918772234,211.5330229173905,324.8045073015232,74.08110116328774,198.83671650189015,101.43789771886172
2021-09-21,146.3143653679005,141.15844883132092,165.34973798027508,353.04446762069597,72.7162972891384,118.11188724422215,102.89166488179916,143.55750670505705,104.92363829702069,142.64585017632518,428.0849822299013,121.0014696805831,106.27930490499192,91.86634213933014,184.66420394914786,141.6018956343053,70.34059632997118,210.1285817900322,321.42547346013754,70.59076321045214,197.93175790690387,98.27674924912314
2021-09-22,146.15729785783924,145.13630839844794,161.75582514097334,340.71729809610684,71.76018901765129,119.47379528710336,101.51054776874577,140.74533019454745,105.34751393714555,139.01699842794426,427.54288006041935,119.30124843921082,106.11723943818532,89.13797325104697,186.85051569323343,140.04578048744477,70.51721743394198,211.27509232120505,312.52222117450196,70.89373621519188,191.64416440317427,95.37817825404088
2021-09-23,155.5066557930752,149.09992398913616,165.88131377109272,351.5787904399052,73.46700922765964,122.06288531848105,103.30112443660566,145.60987018565334,106.90702584361769,141.23423351063235,443.7501970940033,121.99037022653793,110.15246259341644,90.70629524810832,189.96070145843115,144.39643044612225,71.34844743527684,214.2532418573183,316.4258842982977,72.36991814772168,200.8859654427403,95.69446740651932
2021-09-24,162.5593596882558,159.37271130798823,172.08824190861418,362.06677080923487,73.19214311758826,122.55785655745547,106.58462431826496,145.6410461829382,110.78904022708359,139.99089558630087,462.18047639990175,123.3469746671925,112.11813826370316,91.13447490796476,187.58338959118404,149.37458589407186,73.91567958125476,216.5401326483729,324.18086715453353,73.09960374583278,204.55103997230685,98.31010141050506
2021-09-27,166.71632538076398,162.27489559375547,171.3378914976679,362.0245677235119,74.59829520416271,121.97710122887217,111.24848214747217,148.77375005365374,112.59871526383054,141.1026977613716,480.4430181789511,124.19084051016394,115.58174756336595,90.05133113279662,188.05371245557467,150.5508131264104,73.60398957351521,218.08900070498575,328.5446947653691,74.14699553223302,210.68251946858786,97.08210331389513
2021-09-28,167.6712401455306,163.20758095440118,169.5644300538404,358.7431186469991,75.50300615521981,121.93180490348402,112.10219921450373,151.6063315739,115.2721062331353,140.740831488444,479.08616455378,122.39309602681509,116.15444768396075,88.52997870162969,190.27288822041612,154.43938776009406,73.54151651544487,217.3060741973465,341.0676246579572,76.15627909627908,209.59035788770657,97.71685732260762
2021-09-29,173.2368394803631,164.39603745229923,170.90444043900916,364.00734147858566,77.1786394366175,124.37372221136457,114.42136277000377,149.81951953978694,116.00023863207299,144.00842201356727,487.8994285385468,124.44147525550734,119.94707971322255,87.35161731449996,194.7792136810926,154.53200884710125,74.89279674143462,218.11571920049806,353.85364598789954,76.63571660677415,208.75709826309551,98.75678535361845
2021-09-30,176.72113160830818,172.70100628824446,171.35156940990697,365.02401912381504,76.81042189347824,126.19916965971748,116.98982436389932,153.16645107432947,118.41875480548792,144.85963815091384,489.4035239217159,124.27468727904638,122.51519206252189,89.50390077467522,195.25681587613937,152.95585361509552,75.1226958496441,225.89422630044368,360.78968414074643,77.5973763515692,213.18812845853395,101.46230773209467
2021-10-01,172.3911921114224,171.3601561223593,169.4610936280748,364.26121928419826,75.1945069223683,126.70504753611857,115.52810404794695,152.88717406149343,119.27892530297322,145.37321642388463,486.8453198123148,124.13249332235196,124.06997301140224,88.99100977791942,190.49991742803604,152.24007217790543,74.0714579397812,214.90347567331435,358.6248563819748,76.6906793576801,214.31607687549652,98.9576295688443
2021-10-04,170.5610168356798,168.804906320753,166.51960733542202,351.98582737052027,73.70924449329851,123.97516745560672,115.79011993403195,151.58505974496822,117.178597685965,147.147901709476,479.21028833634085,122.97784823602393,121.56719183421217,89.59603934359254,187.37248007802827,149.81188776397738,72.60731918288687,211.73991662461498,359.07213092700437,76.30869395253438,210.58352491082124,99.73458160748999
2021-10-05,168.28661184646538,168.99821692492324,169.36310603727756,358.96705557891534,76.01360871299659,122.8534635861248,115.73021126670261,149.85780367136886,115.51324188249302,147.0652090347604,486.62280631373045,125.73830054003821,121.16000448200451,89.4828516730488,183.92502197242115,151.71696733858943,72.5996042316725,219.3247153547136,364.4737218693882,76.94237214817379,210.40094128326456,98.58322309661305
2021-10-06,162.98976849274237,162.91780192263704,167.60883614069073,355.98745763341236,74.27335716234045,123.84067655706619,109.7826306947692,146.310319499717,112.15000785357316,142.5943692921938,470.33747010272435,123.71154253143625,118.80981798775436,87.52383856858168,177.18845323919345,145.51332401480823,71.12276794891149,214.48950397845275,357.21073266167735,75.58481722333116,205.28891509066239,96.69036875645693
2021-10-07,161.41742649709033,162.39394235908435,164.13947209080882,348.5291420524101,73.5697867288932,123.94169508461212,108.75656937174297,145.43721050102226,110.5809602501238,143.41029631053652,483.7581726338313,120.87051204722167,118.34255188333805,86.72141079665474,177.0330802286157,145.51944942018906,70.64189630052084,212.25030898451794,350.89201180830037,73.97359494917302,202.86111776598247,93.87559878455127
2021-10-08,161.9995365467221,164.91405655334287,166.65382395081897,345.25934141855123,73.3037301021726,123.64434268481733,107.14913386419595,143.08702234584524,111.61269468436956,143.87331951085352,496.46955646073053,121.81989048882652,116.24854353695122,87.23123390101506,174.78466801266518,147.08828911613028,69.65140648993071,207.47198967070236,344.14517934844264,72.64974533953801,198.92935331861594,92.43785681297497
2021-10-11,162.82505595208093,172.17049796468305,167.23956992930684,350.74846101069255,72.26780999730914,127.71337678363179,106.26168227075352,146.95130572549238,114.42041471342401,147.70769365760697,502.3354594466142,124.12511295242592,118.17205297869795,87.88817325596322,178.13776758353697,148.32483627221296,70.94775566945256,209.29610675133083,348.141681245706,74.05196872188542,199.53258767233234,91.7143229356421
2021-10-12,165.70955777958994,175.26960374084197,167.7547190584543,355.93944278032484,72.33457944283606,128.53324524244138,109.42038179588225,147.7155579382648,117.44977083954402,152.55546192019355,515.8911875745504,122.26006055100936,118.65895394489783,87.94819631784114,177.44059967056324,149.17840118202304,72.02978296171823,208.63361302864658,348.2378218890332,74.05915650655376,203.50342602923976,91.701156317331
2021-10-13,162.1369586248074,168.5373978836664,167.01961782685615,343.7018290996649,70.70730093129447,122.49746808691175,107.4298414339039,145.45102560028292,115.18542975388632,146.5821548428488,499.9235327496293,120.9276510862142,113.94475366708883,86.3624998314503,179.3094140679256,146.79997767702963,69.38333400634485,203.72571453705072,340.36964617171,75.36939361102135,205.4951510408026,91.38489403318741
2021-10-14,160.3350060067376,172.25141537201938,168.7236675275306,341.64405284493324,71.65272001686397,122.39699678774407,106.03543727436228,148.45450151441113,115.73079332172834,148.95283117797783,517.6224510569092,119.16806642232835,113.27617100414794,88.0748614858084,180.48126744766387,144.73074055787345,68.1315076326416,201.3547300672229,335.2593003243008,75.35758402772521,204.63071419970876,91.42799618865477
2021-10-15,153.7465325280886,170.8593948210194,170.06364660821063,331.03226664641676,71.47800702867207,120.01984636003968,106.08683767087035,147.1223271579576,115.07325192539437,147.58286354624414,522.7056843144505,118.63436074270378,110.9799373573802,87.3518524964043,177.89445300163905,143.74960578395596,67.04233695957848,197.35946669847027,332.49851285455026,74.69045017958997,205.8353415978651,89.97300266369646
2021-10-18,145.95501588300945,167.43432467732973,161.81917953624458,318.38822038851555,69.41906423434553,119.64514998227881,100.91324367467661,142.4873003311311,112.20124527939012,146.7970469649821,513.8736457180208,117.80847080671666,109.82512005014657,83.72613122845158,174.94165238324604,142.32557484557563,64.51365082019092,191.03081087650688,319.2970307935393,73.81052935196482,200.6999317486244,87.43729941521217
2021-10-19,142.44727630799557,165.44703001024627,156.62081170104548,314.4684012904096,67.92209066878833,115.54626903437281,96.43824469335672,136.68532021425503,108.958234872399,144.73761662670674,507.68645052507475,116.587180403467,106.93036184566567,83.80115022898028,170.62989371172134,140.9242920527984,63.38837982013281,189.2454903065265,312.04592578948944,73.14066072284432,197.50379901669592,87.19488558471544
2021-10-20,137.00811046344606,164.1979752524473,154.78167571638738,311.9390419740326,66.20849988377758,112.93491811666792,91.71645778876275,130.50546770399367,104.46906103886712,141.98180627737136,498.0207858805399,116.50107528537436,103.37541039955971,83.00301231753946,167.27836621801274,135.81124422969484,62.80619152653441,186.75111575049087,309.9722472425968,72.5405039798906,193.5283641710473,87.58396801907004
2021-10-21,129.71685572206422,157.55586796756197,151.93638663164637,297.7870650680167,63.05627551248326,113.94684341034926,86.49389884308282,129.16256219881407,100.22329256107852,136.76452158483883,487.0889760340836,115.77808232520105,98.88418080897057,80.18850061923897,163.46670407617665,132.16335419378007,62.19533633781347,183.29096816484386,309.15253354835886,70.83029101471047,188.40846350035852,85.70713279490562
2021-10-22,130.8882572249797,160.2811955074046,153.88992871510612,299.31082778256473,63.44822566873545,112.84382477516515,85.3880925981017,130.4103232073657,101.75529147829141,133.09585220468531,482.88489686978386,115.6674497468277,97.45046073742901,79.09411515603576,163.39951227425655,134.68645661802498,60.21831952569011,182.58218044114386,309.6768529007296,71.56645454967692,188.2335339187172,87.85933935057282
2021-10-25,131.09078146147937,162.22261200914687,151.2054963411315,303.57895401150734,63.38098553474705,114.71817620726061,85.33715657699011,132.2358998455155,102.66775519532345,132.38851569286498,480.1448224425453,115.7056602765774,98.48738124237468,81.36335003017832,163.98202911722743,136.69852590445905,58.80644773712584,188.2314952812041,311.82431524637286,71.56665575536647,187.32386592453832,86.46579201508813
2021-10-26,129.91004376913355,160.7145950107013,148.183087651575,295.2523440609431,62.796242517710965,117.26052615039177,84.73767994098658,129.86904266836197,103.27780392503216,132.97136095591833,489.6701038332179,113.82277442590589,97.17180716669037,80.41152925890916,162.2737855074689,134.43358579816064,57.76115706157649,181.22719300305496,305.74507958793214,71.65775348626534,187.57057770635424,85.03719236203075
2021-10-27,129.3509763929829,159.26469841714825,153.26098136542913,298.322607079616,62.65701471605513,115.13518577818871,85.58205600216256,132.71975248622172,103.84127786523469,133.10942183306997,494.27343426374864,117.76579022681241,96.69557860643847,80.92361532923536,167.41749154530956,137.40400497706332,58.84017874927142,182.36296918379574,310.6273157771905,72.22574121338397,188.11699318900986,85.01958709922609
2021-10-28,131.16753031554487,161.1123275282327,155.77797566877368,300.10907183005037,62.818938323807664,114.80091300554946,84.47778069056169,131.6092551187835,104.11835868892274,131.10604173065886,488.3483211542547,120.76189861289119,97.9692372413635,81.16894305666196,174.7112479441179,135.33148636660312,60.2784278497883,183.84688509712626,317.2805430516413,73.05225308224873,184.56948479396482,85.97529688330698
2021-10-29,133.2729675384218,159.75236254712559,158.0377667476464,296.19076658233286,63.74777494251386,115.17210508417458,83.69702397476611,129.87253597397614,101.36549786523241,128.91519011913041,477.88959382175295,122.33260090504719,97.15398930782779,82.21573273648485,173.82233021265603,135.6195821494716,61.10227338947387,182.7198521143191,321.57089206546186,73.98159335546617,184.56007257395012,87.8541510075022
2021-11-01,138.21121052712152,160.79588239083535,159.77740489860025,293.75308494726005,62.845182689187055,116.0036165237156,83.02308665616924,129.61004969729365,103.55522326029477,129.1903295573405,487.5727108124608,123.04513829256967,99.98124064232425,82.97199180165275,178.09251820741653,137.08954403207363,61.4691506628952,186.15579071483333,325.28993221680645,74.31335391938818,185.5060123308509,88.68058198439131
2021-11-02,139.31886433402542,163.14339405735242,156.3278556067673,288.5561819961945,63.44104049423961,115.38136406880297,83.23887186878298,130.25892692783782,102.49243715169722,128.1696714269811,483.3408681237027,120.5185471121836,99.68828380092914,83.87714804654998,176.5832258717818,136.6602761798581,61.18910652545979,183.9356128934372,325.8036156376397,72.98630567623324,187.82169622896302,88.83458478868087
2021-11-03,140.05229124623483,161.82171093722462,157.22316003488402,287.5689878940166,61.06703750343196,114.78806726942813,84.25657713511175,126.98049700799066,103.53077139801286,128.91169216454307,476.658635941972,119.70124456935845,98.61870172470748,81.4689818812261,177.17383238115352,136.9248355238296,60.259810461637834,181.39363319673643,325.05885114748634,71.97535992274774,180.43408352785758,88.52036132981593
2021-11-04,141.36741058452182,159.4773134960932,155.75578247639422,287.0760651105689,60.958392972693375,111.77306423556377,83.49656500742647,125.9336010388697,103.18246962633721,127.95199750834789,489.7905349899611,116.46966906331083,99.14554871220419,82.1526308988482,176.73925314133692,134.27222216294658,61.20052085531827,173.73177385887348,318.11277528652624,72.56671819677145,177.38919302196837,89.81168361601168
2021-11-05,136.47425409137094,156.2275672634532,152.47370298415836,279.87113173241823,61.175666334552126,111.33303632053267,80.9173945098656,119.55851330326293,97.32853081200504,124.94829487476083,481.19724308423014,114.51336411989453,97.28108905243684,79.70367771802908,174.89470840233145,135.0895845004289,58.07961118210812,170.44751804309823,307.4030374896945,69.65689099095707,170.98931877719687,88.72976141232391
2021-11-08,138.80435704939234,154.7541107142144,152.73092661441436,275.5230147284279,60.39002445119634,114.18875479155841,82.38400839231026,122.46279422013271,98.26128940850002,128.26045575254926,484.43599406252565,117.03377908607682,98.29564622176369,79.87540672912759,175.9393801701889,135.5861033501308,59.77560227755458,171.9715081721281,308.45478081763736,69.77406666471133,173.76692447296855,90.13863443209041
2021-11-09,135.24253262283116,152.44925409308843,155.3804741729197,273.69388658924606,59.67754573798,109.78768936308782,83.19677769034631,121.94925596159176,98.16243764692527,128.2516839569433,475.3593472424103,116.84450737045371,100.20680154785153,79.86003980123935,176.47687065034643,136.7576394410974,60.179558052178464,171.14455959473634,306.6240305961451,70.38657879775677,175.19840604570226,91.45802872619879
2021-11-10,135.93125633010615,152.91708518723485,158.28960435459214,273.25608250357425,60.07754336550069,113.35264465406578,85.3890579952632,123.55225753443744,98.45927029001625,129.22013613068657,485.1653761995855,117.59998593835145,100.07041286649186,81.8764886479587,178.1593043541207,136.51772262344244,61.03394328374392,174.8381056385468,303.27008979514557,70.66857242665418,175.60650690575068,92.71991825146569
2021-11-11,133.37317158300206,155.83004707409947,156.8942689581486,276.5493273601548,60.43827214943088,114.03377697353419,87.78319182846542,129.59275912162101,96.36418304856217,131.44236418721815,484.7989129466276,120.3873311124722,102.30629070610865,84.26157303122868,181.01596722702286,136.06095927118145,62.37051597686127,176.5434876260461,304.195057986182,70.72798643981058,179.5123540128232,95.69016766251129
2021-11-12,131.43200235424206,151.00279082159602,155.0541120271408,269.23700434765306,58.165156754707695,111.67387990586532,85.3429262555927,126.79908776628365,93.20386238860964,129.53508109225584,475.59109149091677,119.38690967652902,101.79054976730984,83.41541814188375,178.3459162194574,133.82588241560856,60.71767512978516,171.92879081632623,303.23338711296674,67.87483575660475,176.79944107485983,93.89146363631563
2021-11-15,130.9557847710969,151.2042669701577,151.80086230722756,266.9416688590817,58.52652160610321,112.10959709731578,85.0421752369791,127.11892230773616,91.0760941267005,125.89329552941345,473.9884334266227,118.0914765410852,101.2418732895881,85.21500239812849,180.17288620329828,133.6880800811983,60.54275434739317,174.83497341241247,306.2080479498991,67.15341011741417,172.77019351119637,97.25433782578652
2021-11-16,132.60742732441392,150.01970021188473,148.2674997667508,257.4223991260262,56.427180616718665,111.6165664499357,85.76589156921251,124.74266859337108,89.06480121490114,125.87428767101619,463.8800730399367,116.89255198830595,99.86065785365206,83.47561323377728,176.8117008966952,135.01999553494437,60.22782567887798,175.20523216348695,297.1978601403276,67.29908543986976,171.7561241906164,93.67890928949313
2021-11-17,129.90014598836206,150.72748290979018,150.4860452945375,259.7782284843615,56.722882179861124,111.37240695530643,89.13544236710264,122.82470238988579,90.42825639621235,126.00064427968067,457.5974591050944,117.61161687733512,98.46096086661511,83.30408192565804,176.9133395438754,132.40395550515524,61.099516664283406,173.8773645316267,291.51069595906176,66.67126726354924,178.00420696678495,91.54364156924635
2021-11-18,129.16860868195252,152.03569961327835,152.58619209311516,258.58923152799366,55.88713386845683,112.36946859592119,89.75187797660612,122.15013385609726,90.89006158627963,125.09821546050077,451.6708859412952,118.28116920153926,99.78220536761498,84.1598007074818,178.74288205866614,131.43243057588143,62.893501972254974,173.96391446499408,292.02016618250053,65.72811141030692,178.28655739375552,92.79019528367445
2021-11-19,133.02418530493838,156.01893630037773,153.02193258557264,258.49200746648256,57.23422924363025,116.44979598678542,90.17605335364617,126.04756014417535,93.65838205124378,125.80317103857048,465.5244111197199,117.54864569541165,97.09913498939277,84.76142471374682,181.2419946808885,132.50031948498156,66.19897874964506,176.61388864540532,294.908860006839,66.77936662057921,178.43157291094053,94.97005162093562
2021-11-22,132.74371626690842,153.489626279258,152.59518991942903,260.81107657590786,57.12328247354279,117.80402612226267,90.54554659732737,127.811078184926,93.00101477727269,127.34533771854016,466.14577941841475,115.39254248393098,97.31806552653812,87.11582475056495,178.7101955062845,133.5891477111249,67.30421566904111,183.54289014074502,294.1981144155827,66.462299141812,176.27495225450204,97.04417555107136
2021-11-23,127.34001007859226,153.53349886918227,153.71903857865408,261.5094383991011,55.17601539889322,117.34853947128994,87.27253646587482,126.47138866472675,92.28614794671442,126.412480384183,464.6485524425358,114.22367649376969,93.47931407970624,86.94314752450362,177.43374349770366,130.54326277695978,65.04616372469522,185.94571634482628,296.75812376614465,66.50087313969902,172.7835329506227,92.40896674653429
2021-11-24,128.2173457761328,158.0445800448275,157.1463756506814,264.7044515186214,55.73340496162587,118.90624276704594,89.1563082438846,126.30654367392059,93.91063212338413,126.31750756365528,480.2221053842521,116.22922479263497,93.40945943564265,87.88083697509595,176.9923837856053,134.7903843369506,67.25248340715365,189.66825760682326,306.72990627508983,67.28911393009952,176.32082832144852,94.99152179745
2021-11-25,130.12839412397716,159.71943807339144,155.41763446642858,256.109136996311,55.60511535306986,115.27320461510915,87.63360916699713,124.43101689097688,92.8567315323159,128.07636946802836,488.7321191898323,117.15466369095455,94.32661716643669,88.77483850904414,170.89780179875748,135.0488083183653,65.46250449271409,191.17956633526126,297.64041354355066,67.12926856079619,177.61463114448534,93.43030836394881
2021-11-26,132.95295315107603,163.94618822858789,156.43602253644164,259.7508487236542,56.27745710476924,117.09513619789804,88.0081504939017,123.92938674950972,93.69702544351951,129.6468181260677,492.98441417302047,120.05089078929112,93.794378498829,89.60647712523046,176.2471944342925,138.63742539050642,67.43849017790554,191.76818582629326,304.38207182694197,66.86048535736664,178.78256770322295,94.29119899056377
2021-11-29,130.71864774700404,159.98844500645995,157.42721995439317,257.3489761105286,56.08113126041162,116.28156605534197,87.58450892389321,123.33173771471893,92.79417850453912,131.64531990076463,497.0307792012724,119.30245127161703,92.55480145776686,88.86342480556519,176.5184436492962,140.9860688723755,65.61051623972403,192.41761623457603,307.4346306230815,64.93417730128503,177.29883803593697,92.17173536130336
2021-11-30,130.81635495294884,159.43387878294604,160.00411570787008,259.6655929265594,56.587558277367975,116.87563407106566,88.72340397155807,123.35916307413603,95.59579398503813,129.65309418422328,486.10439329332905,116.72983072730756,90.18285638868981,90.25537283308321,178.99423105177317,144.3392377516326,64.9358290059816,195.64027980199072,308.90072088158064,65.45788136494542,180.00171357751148,91.63917897137762
2021-12-01,135.28065180090005,163.53786006958023,164.82478805932038,268.54118783553145,59.27157511956214,119.74741079977332,92.8822109761293,125.7746595454429,100.30027453606277,134.89477406704466,520.639937549997,117.69366327373889,94.87291642038048,90.78693362015073,181.5833087182076,145.47244108866795,67.22171815961768,198.34823619504056,312.6262120158539,67.71542574526954,187.03015009623874,94.57573164444439
2021-12-02,137.34668378963946,167.65411117690715,164.92322176840196,263.703478996885,59.66879457156288,120.13631298086307,94.1162260779714,128.1632113146325,98.87302604193054,133.38969972163588,534.4641726159534,116.3398534864531,93.84909917333422,90.87317632023839,181.21135649421163,146.56857226931635,67.06620363078366,198.63235307756412,309.4879598565066,67.80733538889551,190.30351009255182,93.62402995670432
2021-12-03,140.36673984740688,169.8173365534214,166.7180244246309,268.08880583861935,61.43426191947331,121.87982683979983,96.23339830060029,129.33224483341507,102.78337944973813,136.4719058017553,543.317643867793,117.45020273731798,96.294097540434,91.08134481655303,179.28148054961403,148.76439180514046,69.02680952972315,205.6348291569514,312.980372705856,68.62357531295662,194.51385921766325,94.31858715560112
2021-12-06,143.32625762901392,172.66319747436347,169.84403554163325,269.0317027761517,63.614304695408,123.48526893245092,97.75484433276493,129.29791665381913,103.97528631800286,137.97756773682457,543.3472333543152,117.71001599789989,96.68985386989698,91.7585966684872,176.46982612901917,149.7740441002287,69.091465467417,206.9269580481877,320.52125022517043,71.18891696236282,198.53630755178074,93.1943604155327
2021-12-07,144.5118783018074,175.3969236488761,168.95997214259486,266.55731406691746,65.04826505846265,123.72024684021774,96.85836089170567,132.8443589267536,102.35492340704084,131.2886194937272,552.9542707624711,118.8771850984163,96.9282244019181,89.62229828365662,176.18660678021612,148.82969815357092,68.27589470665563,210.53496919148313,314.3297577556444,71.25986977235539,202.01373708797237,93.37858138501007
2021-12-08,148.30435891646107,179.8354587886145,173.09865839782577,269.0923631561719,64.77280599600257,127.94081328807934,100.89533660711582,136.4774017067921,104.06547851004665,131.13943980037536,566.964113501325,118.28983257714565,96.24571477129166,90.96505966697589,177.29299834189274,152.0705957439557,69.15692592554996,211.8390021533028,311.3048566702137,71.43802647176162,203.45613032708488,93.09039690832304
2021-12-09,146.0527000048972,178.19529119875773,170.33927868776553,269.85459361851554,63.22027311152118,124.17817524105155,99.9261196215695,136.70346062879221,104.67368088990506,133.04714329557083,559.6096334515762,117.64384573044293,94.41332490029858,88.93153334547493,177.946158291594,150.06968234891065,70.18993374820931,206.44042975911327,312.5427821500928,70.10680598596893,200.7410207627136,93.51285504053763
2021-12-10,142.54462906114028,180.85728099756986,167.44813397521705,267.98253621119744,62.541333577307576,123.12072582610197,97.98931398543371,134.8673483135976,104.25558593329285,129.97717111546197,563.8018529980039,118.82871249312134,94.54425958020997,88.33903416538578,168.65119357589307,149.89446197393306,69.23671785707299,204.08604242869055,301.2967138348361,70.08530156835752,194.77830729325973,92.95793133263393
2021-12-13,146.21401863426632,180.18745953775928,170.84103268973146,265.7540211792162,64.2126160220865,125.66207551111546,99.3027197881193,134.95524283711686,102.7100388994261,130.4063038038703,579.0587644064605,120.39788341206629,93.40597844663024,87.84300829699872,173.577709745679,152.61138522598594,68.73446694927424,200.97748900374674,301.9609515939661,68.92787849780336,196.1614356780382,97.42272590668966
2021-12-14,146.13027022948765,178.5630046613604,167.2542963414269,260.1841615886528,61.89440447575417,122.61269490043462,97.53844919419903,134.3260772318525,99.53626801419415,127.4087291581937,559.2013835250664,118.5457311088783,92.75150319720228,87.02442102564517,167.05441041231296,149.98108613158735,66.74644890698877,200.25442773467526,295.3394314906892,66.06349965566594,191.76091443725454,96.26472194014997
2021-12-15,144.73539890339705,175.78119637401093,166.82057725898795,257.7105616914061,63.001036973215626,120.86137410300002,97.65233921907014,134.34388887073132,100.88336410550717,129.40810474617948,564.726529078651,119.56783215439062,91.60123435264723,85.91877762246062,165.1954631295566,152.03022042068,67.04200362991025,203.53017591984678,300.1231626603459,65.56397994241743,192.31133007595665,96.56633544578602
2021-12-16,146.17683863343362,174.54499415546627,166.26401702890584,253.69668943822404,63.41651206516319,118.09500136195291,97.68802685931793,134.42006123063655,99.62862379316685,128.81843981781728,560.396047399505,119.07475095707733,91.29535103106721,85.69481100308428,164.87873153722487,151.6034450122616,65.69503490392374,202.34631893208532,299.55709258137665,65.42799229199828,194.45934617813552,97.12331525217489
2021-12-17,143.83099549171888,172.54764810721804,164.58647371391575,253.4754432491063,62.94818182282283,118.93114276233676,96.92833955147223,131.2143508657088,97.79515380379725,128.3021535364918,538.7970983330662,115.47474964597134,90.39294612215132,86.05635032864544,166.0111538664063,149.3691969439673,66.08050156473234,200.53311465786126,288.83936066248685,64.76284723521422,190.59521002106294,97.485444271402
2021-12-20,139.13820288359676,170.74519685418397,158.6265728079147,251.52860420268783,63.17211064833794,115.8405201226864,97.26016712338253,132.07868332782056,95.1600295227206,126.19564797843933,539.6648613988235,115.48309660682997,88.51048754681045,85.87925331709101,163.63654083001487,151.73826918228912,66.68717860698095,199.6077631623872,289.031975487126,63.49803357072122,188.60972762721798,99.76573455450715
2021-12-21,140.8027213575529,175.5597145223896,154.03585837730185,251.08060964186143,64.79651201745317,118.48463372163232,99.6924553892235,132.81069270612906,94.83217169062618,125.12713615545407,533.906402545736,117.00147809209392,89.28409944202528,85.88299542749012,164.2422099936497,151.818937883327,67.71919212844018,202.66824463095102,284.29370001759406,63.82484941810461,184.1091799777615,100.06877166651628
2021-12-22,139.52070632318697,175.0830334260491,155.75495633595415,251.95251111438554,64.15290958619462,118.05000703385053,96.61958816732137,131.61009172780834,93.58513689556932,124.5596006046614,528.2153859115537,115.25071931230927,89.47664074064598,87.73926647408213,167.3709295954684,157.92643028463007,69.9557137620519,200.580271751934,284.5510033713445,64.29140056804162,185.46967553026244,100.93883474266255
2021-12-23,140.90638658458028,183.012907069721,158.87805767140486,260.8199310692594,67.02766289800124,121.34739989211742,98.64195007542139,135.8914703691638,93.98397286111076,126.3023321301488,544.1001893251473,115.04897386979259,93.99877713666146,90.70853721102752,171.75394503975815,158.23499701569503,70.65470846815613,205.25626766433413,296.2298872089306,64.17193794411756,193.26293254040755,103.35032681319356
2021-12-24,141.44005831161186,181.01097152341154,160.00491136195262,251.15080056002094,66.42190944521106,121.59651255059616,98.21600087317675,132.26071132396342,95.1490964699078,124.3820890227947,547.0059677889848,115.0506348644004,93.8123141719807,92.09221269525212,171.26395102892138,158.90779463622326,70.4342910600979,206.6752575250889,302.40169669276315,64.15795139874291,195.63510151073737,105.37070709242336
2021-12-27,145.56308991009683,184.14888054737838,165.3562213695398,257.48375126518465,67.80489543857621,124.04224120176661,99.9674232897701,134.68865536190685,96.2607062076724,125.81439802088184,570.5296361024243,117.7944923693366,94.57094031503573,93.24566300788938,177.49119733398533,160.1292088048611,70.04378896330775,205.757510640454,299.633904045871,63.97856500249314,195.67014592897576,109.31839657306334
2021-12-28,141.96601419173822,183.18998881513565,161.02156156118056,256.01727621715014,69.89418567007523,124.89773508780118,99.7183171723794,136.1103426009227,95.62572682728349,124.26515844819195,586.1199122553876,115.75802933825229,94.05401847873846,93.65933328222037,176.04663146441177,162.18467795430652,69.71086604186088,207.77486105095855,302.6410062687298,63.73548916045293,201.1776385715571,108.21054343368763
2021-12-29,149.42620681433928,188.42862752672772,161.78764739855112,268.23912992920987,70.70257648350244,126.61917221835905,102.09680450109042,137.72513069786626,98.94401400557133,126.37323336315198,598.8883428214517,119.35846620795027,96.49395313480358,95.23470333314673,179.66999937662897,165.0284531163496,70.4162786362662,211.21323284140843,309.57026448826065,64.67201931211142,206.18109267189868,108.64732598293054
2021-12-30,146.25863146804278,189.669699088814,162.44189368419825,262.0694768851963,70.68247932084779,124.26658514585392,100.25721504070107,133.4793053008905,99.69166462532522,122.45474921548704,593.0792876769593,116.84699787231598,96.95624943002008,94.10502916712183,178.2928578111261,163.7547033695889,70.25374597963032,209.80831584398317,308.4990589085741,63.72633631907728,200.50733715223473,106.08053418787516
2021-12-31,145.76355397040788,186.91745500152962,159.7172638849987,261.66946809891516,72.26170612621515,124.04528478063087,101.57638959392453,133.2145084354394,101.36869223757535,122.80958150226867,587.6791227364836,117.42976769913896,100.49823216898267,97.48057859577332,180.89210042805087,164.74332410256915,71.20781179476265,212.698329291021,311.4501610669263,64.72275603486429,203.33641353340946,106.53478918391825
2022-01-03,144.9427925163165,183.53509226974523,158.20972805347606,256.9101415159466,70.10563040888934,121.41515245194353,98.47458397321827,128.96935403830255,101.69890964058845,120.00678261499841,571.9196861296765,118.64238431496068,100.32554544747263,95.57817492088444,179.38605069838695,161.79358674347958,69.47509240133452,211.24714958676182,306.02628104714194,63.89361795483579,203.93554374337856,106.50550436459301
2022-01-04,142.155439652323,184.3506021393442,157.5810516526145,256.7774656513065,69.35810873639937,124.92990286207603,96.65763858765506,130.26481474700506,99.58258185888046,120.47055773407968,574.1475821001698,118.00450573901816,98.95800937610346,95.18782446551731,178.59446462724904,164.94300267938635,68.13518022202273,208.17565364496264,304.6513049564117,63.25200294857426,202.29085597105873,107.5550264354731
2022-01-05,133.00598416424052,173.99672766569898,157.99488617901952,250.49394747707146,68.02853292329715,120.00332493080171,93.8261391632498,121.5635595311107,97.04552045469129,114.20289939410526,546.1147896124925,114.9522092197281,96.11826119032263,92.12526117550195,168.43097829754853,159.40819474662734,66.83824221029647,199.5508312934469,300.1019446566796,60.30866099391119,195.37406236208466,106.4350256103269
2022-01-06,137.0327230903142,174.55712692137766,155.51720187965816,245.64241051195552,68.83074181907355,122.38005053127766,95.20181718805003,120.78791472212868,97.75393408254745,113.76881009800604,535.680218593021,115.99664807452555,97.72644034977141,89.99847319142249,164.31336414685123,158.17240834842252,67.27704396831615,194.6051461579434,298.0126084866608,59.305534777062526,195.36450038772932,104.33345525046148
2022-01-07,136.25695476230146,176.1894571954662,152.49892966866946,245.9556579933527,69.84411288178082,120.15513175042945,91.88955142768485,117.09124993349963,99.99944251052771,114.29873024910343,533.4744346706623,118.76188718456012,98.07775622780363,91.230423096721,165.68456062208472,158.4394667577132,68.22388926196797,198.74255943967958,299.2722295789553,59.4688208486516,196.08384624323872,101.74524980192388
2022-01-10,136.7433382840191,174.91516038078822,153.31838739563557,249.47323025023064,69.1386075840976,120.11458550893488,91.40191718761407,115.737348478087,97.62207237580856,114.38188161798446,533.7982820691192,119.41516603547885,96.87553658142285,90.85500799569839,165.62579875490047,160.40296390618792,66.86243881230394,197.81635205566752,297.8365685552253,59.62037064857723,193.06800019060458,101.79955356992954
2022-01-11,134.91151748123684,171.46162247632074,153.94821770065295,245.33054859248708,69.00183130312192,117.26157939524252,89.740202918125,115.1470429690506,97.10590120921964,112.3690923858067,525.7009112507873,116.41427492039399,98.59175083261711,91.48972500616735,166.2012273901239,155.77755752364868,66.04282883018362,196.16577375815737,288.15116583251194,60.21797237342326,196.78425793804976,104.60954920267464
2022-01-12,136.07583842547305,168.88690414807712,150.76835189180534,235.48276668088764,69.33571259891406,115.9129622614056,87.63181000453862,114.21551276031688,96.08961987876695,111.28718593148395,517.23001854916,117.83275567188916,97.19613511350781,92.6003393828424,165.4231569476705,154.6228619708622,65.12815366542861,196.6480952701723,285.1205474098425,58.64432174479567,191.56757838449158,104.00141868145982
2022-01-13,136.7387145907977,167.80149463011224,147.55388474022033,237.9933111071911,69.17829154433579,116.40912766510189,83.6793139152326,113.51750492424658,96.23628660025885,112.65360481892895,498.16336227760496,118.72865840593896,98.57410004529687,88.82707174707312,164.69081698598336,154.3414211534404,64.12559290975963,193.1399004236865,284.26021496776076,57.48825022484706,188.86931341671007,104.1780106869457
2022-01-14,140.53385087908885,170.82300024776993,148.48192725829387,247.0589975865057,70.5028323010751,121.41622647766818,85.42137185244177,115.33614653259716,99.32305893679506,115.17791304493815,500.0689975231432,124.5118175614868,99.76130284819698,91.9682092493678,169.6792302825602,154.42429450165238,64.53681122347423,196.4089625271064,285.8801284174887,60.21005225295779,192.35837489027332,107.80285875829301
2022-01-17,141.83809585928864,175.47498694881966,147.6188395396443,255.07820611642632,69.6042949219614,123.89293587665932,84.66743558586583,116.13954422571385,100.73355623102528,115.31521742738906,502.88439858384214,122.73865621633583,98.93846081188586,93.25922395630047,170.26294010544692,153.5444542755602,66.24237813859648,194.10404151605363,286.3537022279042,60.148566018260844,195.59049255861117,108.58832160248286
2022-01-18,141.45850883510784,172.1551574543556,147.74238651539105,251.98501778407643,68.59604786595024,124.7400661887173,81.3977161137299,112.84216305451856,101.81607261733738,114.8573551805806,494.3800369229782,124.92352234161518,99.51279054186158,93.50094425681972,170.33122700936374,154.30740453684953,66.6853677202951,200.3234480640245,286.65476103539646,59.9465455841067,191.82369929633654,108.4062793882442
2022-01-19,144.6378604919629,177.50593656990117,148.23112825247534,254.05579352520982,70.31069251912446,127.63574513368548,82.85793539115498,117.41202263159293,105.158967356132,115.83605546552653,495.34895369725,126.69799480647734,99.40637809596575,93.00735012577543,177.11391033030066,157.60326311396472,67.937248602263,204.315605027192,289.289871265476,61.68015683678958,195.74014748774655,109.64140773684088
2022-01-20,141.3394147647014,173.90156632071347,146.24841919416278,252.51514181371098,69.74334008790102,125.9446116087061,82.85424856828948,116.74473114684868,105.21319037534329,112.67069973847724,485.1132676528927,127.06699081242711,99.72255209547464,91.41963527946143,177.4885841853525,154.27255889615282,67.95928008456106,202.82696413862894,281.7842246423843,60.85347918773091,200.77815172741282,109.21930599429425
2022-01-21,145.25665281011675,170.15206501591044,150.343648042756,261.9778084802063,72.5730890126879,126.50694694599991,85.48734522300542,117.70529034541538,106.65376661518843,113.74330556138786,484.45743263144544,133.61744584731875,102.58714891716453,95.47091245192036,185.07675165110973,156.277174591358,71.1022138716994,210.03880408429973,285.10744787757847,62.96741721762523,203.34305727666248,114.90988033676336
2022-01-24,149.4063894199606,167.74721021661247,150.182076947161,263.6490029368767,75.74458461365285,125.68958669129097,84.32130605775853,116.52102906229011,109.41909260909914,113.7556056893181,487.4626682370658,136.50464233935102,103.38673075154156,96.7337673129442,188.7758958994569,157.0057047969361,71.64761655996445,212.93624149230914,292.3964385354036,62.85910708771519,196.74257668953194,117.24935221426357
2022-01-25,151.9697940783115,168.5302904121937,153.04084419638764,270.0636077821254,76.6823053090547,132.037110574161,83.69549217506496,118.62218101215333,109.29494858375254,116.41110212368129,479.7529796001543,135.34759730600328,103.5971007186417,98.2350824986183,189.52262909722646,157.5510975764987,72.27949367035808,214.61822244470494,302.95535539920536,64.23077186981345,198.75332213788207,122.28964036392784
2022-01-26,152.33390515747953,169.63937575329294,152.42647141673703,267.50132540836773,77.26484701409599,131.13198444125035,85.96364128819106,120.40759016688588,108.88844535827351,116.79322947015916,486.7858523441889,133.37055700638643,102.66040271927454,98.83749979390016,191.68891382495497,158.80651301382267,72.39790746023166,214.9206258001789,307.8495325396509,65.7279315818185,199.46807613470213,127.53292172389033
2022-01-27,159.02130148491446,180.61201765331265,155.41045840948712,270.5613348756359,78.50407597824044,133.6914447687122,89.45031740080728,125.53559412874718,113.50390981722924,120.79013159972466,504.4515288154886,140.03550443896344,106.07171296575825,102.57018981124286,197.09162157885405,158.8761124344802,72.16044668007748,226.77789281272047,313.15201152291417,66.6926222126768,205.5687804503588,131.63748488064675
2022-01-28,166.21363452872646,182.51814189875643,158.9931923153579,271.30834981726304,79.01118989469788,134.53475112691905,89.70264276089723,128.912184439559,115.17505569378334,125.70442600969695,517.3596575600886,141.87713921541976,109.15152975576825,101.15912329117984,197.31095145433983,160.95433885488998,73.11370190342635,232.46430497153807,320.3878710257803,67.35797115655404,208.60177151913098,133.41307499095382
2022-01-31,163.76024583456365,180.39923598455553,154.04818605161495,261.46839830230493,77.37134920976675,136.01771954539734,87.65346114819869,129.66414877158897,116.83771934480795,124.01470806781941,506.46973450655184,140.52302763125556,107.58938646286202,98.11189608710885,192.72208249951112,159.60661062422253,72.87718329982499,227.3318647361771,314.62383658002665,66.87252429139883,204.75945067631457,130.5144820908429
2022-02-01,167.884985610812,177.19018762814144,155.8677701027333,265.80767822064166,76.48793674798802,134.75015413601395,87.05188023654794,125.31071936111289,113.25215969212616,122.68534198499125,498.7304768381736,143.29268243811185,106.27543129315141,100.13298595086368,189.89732262142064,162.8998918440115,72.79937070004101,227.2830539931989,309.0661174318348,66.87183335573953,208.2010461634233,129.10016161231738
2022-02-02,171.01684845161589,178.46301668681573,158.6800046923366,266.0818798057393,76.25212662404536,134.8461364674373,88.3775961479522,124.65005635601482,115.5680405157257,122.54248386447844,477.0357884672677,144.66537469636424,103.85688549016452,101.05569435631455,191.8392740012203,163.14038559211573,73.12569036290341,230.19461810732753,305.3196549239263,67.42210048148472,210.81868801023037,132.03441168928654
2022-02-03,166.90841272592635,174.06210706339627,157.49245197159667,262.9667192237015,76.58044225987767,132.85123868267112,87.5741056091024,124.11456113657206,113.30054188824553,119.89163816398134,479.4528782755699,141.61240161219078,104.3624384861501,100.67575781665902,184.89332897525313,162.32790876074895,72.75770974382161,228.69249824949276,300.39912885898207,65.60370113043932,212.01583862513186,130.13403284108233
2022-02-04,163.9570006401888,170.44554645360446,154.9988797898898,257.65956686876353,74.75135609676174,133.58923422163258,87.00216766639059,125.81449147542524,111.33173250743322,115.77511640021176,475.80856048936886,144.11027584414566,104.12907661349284,104.50443061198351,184.3417996652097,161.43924310537983,69.66322874552162,227.8276604470945,298.20150924052456,64.5335609684401,209.31723106934203,128.67361894317648
2022-02-07,165.49748150395794,173.42804962199634,153.7871503039918,260.2341831875047,74.81805715522833,135.02664252878725,85.61633159717215,127.94298879453105,112.22347377509607,117.16525632550345,472.78780439669237,146.95502461524407,105.28407610246327,106.56331839494511,187.09182768209848,162.5441824482437,68.34705437269422,233.72649622909893,292.9754847420883,64.16021726870905,210.9471493406182,129.90746538210283
2022-02-08,164.6634666212937,180.72633923188536,154.8140073520097,261.4937868853264,74.56094440496663,136.07101799245703,85.97888330573791,128.1287216094002,112.95958758432155,120.56627133223392,469.25659162603205,148.11789395855422,105.02603682748538,107.80875758549813,186.27355175105998,162.1743432528395,67.34740967965772,235.7678079290878,296.60825246882905,66.416987854037,213.78171775099673,129.97522237160476
2022-02-09,157.23370771889876,181.17529697137854,153.01832098142876,255.04518213251148,72.30070072049584,130.82846527911923,82.88528481992445,127.24208331428629,109.85678432953446,115.10113154371993,475.16551428519097,143.22725347996308,102.42363040568817,108.2115329109576,184.15259371813931,158.30320158193157,65.03155767635015,228.59657623745042,287.75907992053845,65.36689063823728,210.7281534312077,127.61669608304724
2022-02-10,156.59230272428562,183.1195666667722,152.63387147906366,254.3298144799666,72.3856142794476,131.91391262867538,80.77750087191913,128.55228860864074,109.171883859376,114.55601160754662,482.5376896236358,140.6775939746905,103.21844978952926,108.90236374515216,181.3210000266058,159.27828039247157,65.30332533129089,227.96756131163005,291.2933410539226,64.80167100816982,211.24462036037343,127.35563411682882
2022-02-11,155.64189383471734,178.53271794184636,147.44548697178445,255.5657302503495,70.55531771134335,132.0771538537908,80.22580886258217,126.95067707578008,111.46152179633346,114.86428867969043,489.0723969898516,140.29718506974984,102.13987342671805,108.11143929617965,183.8882061192525,160.70361735872498,66.75981377693003,227.13508521919542,285.03404949493034,63.92139758951243,205.6860872745041,127.93246599769819
2022-02-14,156.55755005511756,171.4570099214853,145.19254062111196,260.27917491218966,68.80873722163766,130.2248442726997,76.64170485509044,119.97047592340004,110.23380400905191,112.81302313381691,480.08426544263915,140.140590600139,102.3804668303198,105.39639713460167,182.09213111072208,156.98686794448793,64.92624857664039,227.02908222155304,287.7090618486859,63.12995300546477,203.1456541968997,124.90005007335351
2022-02-15,159.4444917406877,173.98511906356921,143.91631826121503,257.8676024909572,69.66318160979239,132.66619529554575,76.91896467119261,119.9538996261602,112.84076376541759,112.62018929587323,486.1913744001272,139.92112456759835,100.8215823273404,107.99666198702178,181.56572074628386,154.95602268617273,63.60334514510545,222.7465404197411,286.59355727944285,64.98367184299138,200.9996802090098,127.67263487186042
2022-02-16,156.6196878255858,168.79458864390222,141.90023905723143,254.14002703046208,67.5923584055634,134.26795040584764,76.46736523820583,117.60593117763067,112.22390728004967,109.7130307982836,459.2831140126905,145.96308809747308,100.99044175415219,106.91622454350448,175.03224284076668,150.82209739907643,65.10745072073334,227.5043874134004,289.73786189302007,63.82076826661955,204.96434484849777,128.38473859970418
2022-02-17,154.9318997486029,167.7575225696874,141.98620518551007,258.6926124354131,66.75101010456139,135.50298255596482,77.21306720287446,120.45247066454401,114.7612003984186,109.0280511817292,472.3366156554363,144.62175970809963,103.4791173991922,106.91696439362046,176.2417403985847,152.27271287282088,65.8382626477799,231.68514029771734,293.7403974126022,65.09806629412792,207.6832866581687,127.01002877607084
2022-02-18,152.2186846795826,166.88166579256023,142.8929465391212,260.6024660882987,68.05118361413034,138.04180254315332,77.46783972561008,121.19277438973135,114.70967147886859,110.06410367617912,474.43840594935034,145.02963175489234,107.19581073785723,106.42994034763083,180.33674721158405,149.5530586689627,66.88126166915555,237.52038869288677,286.30314941711976,65.47054750139083,210.379054995699,127.95206761542411
2022-02-21,150.637732155082,173.8153220508685,142.51925337367038,263.58643984994126,67.72693851116746,134.16140725877332,76.5516157336423,118.88282099287864,116.75157827094321,109.48378010758147,471.815297531517,143.4303770309232,107.87633285943487,105.81168813042666,183.78505947786735,150.9131292643976,66.63784627673299,241.7224490603846,287.93720751404953,65.81494384690905,206.5794446085745,128.44744418354378
2022-02-22,151.1873588967143,182.34942833415357,144.31664354921153,258.70148660060715,67.15671588422374,139.0236927234568,78.8652887059008,120.35248926402565,118.3053508043241,109.38170821039417,489.5394309789867,141.91604332280943,109.70264167031544,108.40821926060994,184.78090685208784,153.78140422122618,68.7684668847685,243.7234438486418,289.0411040631417,66.02922037703328,205.17872374335272,127.51938298427207
2022-02-23,152.5950372181862,179.07593522272924,144.94003354778954,264.1757779329372,66.41295639822687,139.66948263369534,76.8523706702258,118.31095489100443,119.97194497643041,109.8535891387541,508.9748687332477,143.64678437757968,111.20203720665515,107.27661637034974,185.07111435224297,153.10370049943828,68.06202596541634,247.54192681251354,294.4446236949885,66.80129602829751,203.86180132750445,128.87999333822916
2022-02-24,147.79740052407183,173.92303388897975,141.92198248240345,259.0270587481386,64.84273031096657,135.67214402644777,77.25624397419088,113.92533498574916,115.89772663739026,108.78847876929552,496.6848136364535,143.04163470983963,106.72889518849883,107.36278807881952,184.0358798238571,152.6041557686356,68.45368541768279,242.2609361734054,283.57900994188464,65.19156789943297,197.3006686234482,124.60246508273914
2022-02-25,146.08789631351883,173.23352848083584,143.40434598088635,263.3156400754926,63.4269789425425,135.01665644037317,76.94681627926475,111.71786598308675,115.44258910314684,109.01291459307971,500.5194743546515,143.52334338191298,105.55445043563361,110.84034304272954,186.659860280788,154.17498443960883,69.6367506178173,243.68527999017547,289.39040879045723,65.39127056554362,197.34473697750246,126.06513210510239
2022-02-28,151.97602645296715,180.01767521255817,147.6716185958471,272.2948625120012,65.88777254745122,138.7787495134615,80.66052168268119,115.52594411492838,119.80713285714505,114.40233778306174,519.4828760163198,148.26768317037394,106.97679798062235,115.47246779662464,192.10020512223858,157.3948010554492,72.13200296346744,257.8516186537702,290.2227150180984,65.86603088646144,208.58485739905774,129.30711295071592
2022-03-01,154.99942084003186,187.38688953775562,146.5954776286756,272.6317689251548,65.71840995303327,140.54961144127458,82.26317566497698,118.51612923583401,121.36438334514789,118.96697667075169,516.2337634612379,146.8105569907864,109.62239843888476,115.9958953636075,189.02453486274825,157.2347373008612,72.60268707327381,256.0458096553282,287.1291054926771,65.83810362980232,205.7503382591201,130.8869098959592
2022-03-02,152.7659395708096,182.97198371257358,145.63860281162144,260.77662818096087,63.52065484247487,136.73329898299997,81.66293810825061,116.69592965494498,123.16197258823514,115.37077217936665,497.6383522355985,147.3846855978952,104.75642055833502,114.52510018019686,182.5382971660477,149.02551230565737,70.53006803020209,253.6304888918358,276.1784145420575,64.89765653808685,203.52596663105535,125.38952744718122
2022-03-03,155.827728368471,184.13588243344935,146.20605402705138,257.4876911564407,64.43359273172432,140.4226866384428,82.97489323927361,118.69165934009018,123.14725193856955,114.56528254076346,502.5705599082118,146.84759205844213,106.18176543358963,115.84251456561381,182.90950337186996,151.46583502929394,69.36734966150378,257.1374168246358,272.12457458781273,65.95304056141556,203.03681737278674,121.33851336268526
2022-03-04,157.19738416956127,185.9900126221668,147.19567993477511,252.41122059069514,62.73840698046854,145.36031854140046,83.43038766277762,124.07304027089553,127.91883140181338,119.19511103226431,506.64097866580994,144.6501453311419,105.42348442842236,116.12807390085757,177.89258816368243,151.69326382347157,69.79303735522994,254.50061954202465,269.47491853219054,66.33905765007863,205.77706510218545,120.82883651261265
2022-03-07,158.09420896393593,185.10127562487799,144.82676232195675,259.82045185758267,63.57669373782267,148.28028379422682,83.84731318650235,124.51958566675037,129.68461321739855,116.46568727589113,500.36708434604634,143.48432419793264,105.11654764088395,115.04942944899238,179.54928530666177,152.5047342823446,71.52390479757885,264.9385600034842,264.1974097698239,66.7448277619436,206.5944620338731,121.27518551685635
2022-03-08,155.50946504721904,178.7827092874237,143.34535612414638,255.5835229534284,62.909581818061596,143.20094542000837,82.62312313720514,120.70467283212372,127.85718308462833,116.55384115561912,492.884997957433,142.36660439678568,105.07872701302412,111.17556904451972,181.81574721870717,148.12155404605107,71.56517552891755,264.56387195836834,257.2414063147473,66.91271751480483,205.54409265018796,123.18306063873978
2022-03-09,154.59674274380905,174.43862364912198,143.05108696436375,255.22112317926732,63.328019727491714,140.40933631319848,82.46665725392135,121.95516770426885,129.36581708040853,113.33888789089131,497.6936421884302,142.22736079167677,105.07298780773041,107.53488205842183,186.02818814702627,148.76287008749975,70.11588329693342,266.7726016030353,259.1675266362878,68.32181284827185,204.92362207119277,123.5403513877402
2022-03-10,152.38872097788013,171.66069511818304,141.85937747265717,248.66151915470363,64.38675495593453,144.1131796248557,81.57889299611568,118.96238509505157,129.47803178958713,111.8504124178644,502.2675963427194,139.50784671032818,105.16272063668873,106.93227918728716,182.25271799747887,147.98539099994312,70.52706350494479,265.1690406138809,257.8310776288989,66.92767585248461,207.0330332056273,124.57246987967129
2022-03-11,154.7800493078684,167.79411001422477,142.50308079775496,245.4523142619121,65.81256473953918,143.4546808218131,82.41272979310786,116.62861971816008,125.8657167828515,110.39627725558009,497.98781309002646,137.80756895061,105.88286455015866,106.11146553856963,175.36183354103454,148.3799414514293,69.27416671443132,262.5304307341611,261.99882789942814,68.4044661815335,204.43307082210742,125.08821101624443
2022-03-14,152.05454151391785,162.02410131136907,141.81885716751881,244.98477348297394,64.74032537052126,144.57285238362445,81.13945617269496,114.48178093325048,125.7309559260828,106.53140844902263,497.6001087821035,136.11807141085578,106.79472748963448,107.5009595265958,175.85116614715042,145.60246553352238,67.54302125715664,255.24826087806272,264.07250585475913,67.84017752182567,201.75670928758336,124.06142116404075
2022-03-15,156.0345638352884,166.74964175368908,144.09789185225054,249.36979278114575,65.82037740540642,147.4059676503211,83.53258824867044,117.20972975241011,126.33028266058389,109.05043413998439,505.81447200182936,139.18598987143238,108.0553699168569,110.24691665182065,177.88873173081154,149.06303953583262,67.98342754153042,257.17759153605493,269.34537349624657,68.40941451969607,211.3416622894586,126.77391611864645
2022-03-16,156.04206627331388,170.2686445420318,146.13365068223723,254.233025596679,65.43117748978877,145.77230994594368,83.54999298590907,117.77383390949973,130.71297033339138,113.27108541221868,510.79095971707073,139.30289788456642,107.56376816213533,111.68778179303884,184.13412434105945,153.2859718935121,69.19140677953327,261.69070331114443,272.9462613167255,68.40871141787345,209.37671116944713,126.82296120619289
2022-03-17,154.72269051503852,167.11016437268867,149.15506512833787,253.52688045132425,66.11109773236504,143.34355370602512,85.09993329711423,114.11805795796334,130.95322384421883,110.49902085124236,504.4986842864042,140.49545268926775,108.56394240571936,112.68259355947059,186.0277469299586,152.85598549962526,69.39948439359662,263.24582268181996,275.81991242601083,68.71537865034048,212.75902708000606,127.69409287978795
2022-03-18,152.24218623146558,167.45526804933996,152.27652300803445,255.9287510355097,65.48657941246692,145.06020646351698,84.7823243431562,115.4620803965382,130.42934990676213,111.24444500277286,501.94475593608536,139.8520009604851,106.31904972514361,113.8654265638777,188.53089729942695,154.6789149975917,69.88152419223506,260.9772125939063,281.1658049042896,69.93216316579871,211.0526720374703,129.07290451426798
2022-03-21,152.653022838866,169.99235085853329,150.4865045134548,254.53960455596598,65.22812150638174,142.18719660809543,86.58777651807999,112.63613782092246,131.7130169016358,113.42046280204413,503.5340351397085,139.97428473258918,107.84924994265798,115.10967840016069,194.47443897298672,150.72600128802668,69.68021523337089,266.0202181534865,284.885209055528,71.48328698009864,214.13369187120588,130.21892195923743
2022-03-22,158.5144673536249,173.86912081343758,150.17793149722223,255.7727285232528,65.82659339907799,145.26631425316307,86.7794757827308,117.2027231498187,133.93728625528354,118.58231655267002,512.6256846555564,139.0067458593839,109.74034777329666,115.25820937413764,194.81646164723267,147.76558916406762,70.14538681557798,263.1931901544541,282.07389784352904,70.72658677814182,214.82276551649304,126.7996197786544
2022-03-23,156.45806785144512,175.31315119421595,148.4356969773122,253.6790903916205,67.32066879156298,142.4996809907834,88.46028486185588,117.24739807180062,133.9779374262258,117.5356061223471,523.265703154145,138.31154346528302,108.98366773835919,115.20258689474609,194.0426026792561,143.07246246706308,69.47953125021823,266.16765990019286,275.2488486709901,69.41961514384967,212.94760704248702,125.14938671130392
2022-03-24,154.18988622101415,173.6653552264388,149.8902896890249,258.43233005076274,67.06095688762228,145.29861181919864,87.66409814405966,117.92933545101276,137.07358559499608,117.0510859936506,510.202695968158,138.50918126572583,107.99090618046938,114.73588898183982,199.33984123211079,140.26379255822687,69.79721782953449,262.68074511341354,273.85178802096743,70.19975342043789,214.25532295863425,124.73512849736845
2022-03-25,157.3887593100415,170.47177828943026,153.07955850066296,261.17038385348525,67.94231869840553,145.2633779734863,88.86027385768114,115.66507784658837,135.18239230321694,117.96129684154776,511.0165304779211,137.17626686159872,103.13814720272136,113.13765079122075,194.27787977819918,140.23573451829398,69.08074018702955,258.2619001816212,282.935404014456,70.77363733460281,216.34384427477542,127.93279125969495
2022-03-28,155.8998969085096,173.59690284704845,149.88570463200858,263.48425079541494,66.4108604970532,146.03927644166245,90.28976944768057,116.53913945821952,137.51536214197557,121.77049979271156,510.9588704760163,144.3287832535282,104.50125713028476,115.88279755794703,194.82339858477297,145.1937289528135,70.85279618217632,266.55160897235265,286.362504262352,70.1504781420643,220.3299269202703,125.95891675968745
2022-03-29,161.13077157669187,174.06086539925062,149.65470563924472,262.2775677552471,64.8325670014262,145.91978731740411,90.21387274199135,114.57310656976288,134.73372594454244,120.57307234683816,509.92971215866027,142.81368573695298,102.47420848020363,115.96447802716668,195.88909327516973,145.00932127781462,69.99696735776261,267.96123668289573,285.1595560329701,68.64431333557927,222.81763605998898,126.1690654381309
2022-03-30,157.1391103133155,176.96395422984455,146.11438194537558,261.01818356171145,64.74980692627743,144.63675118541155,87.31156700990815,113.69100360286457,130.09786842771274,119.12631956054953,498.1290473752763,140.8115060318753,103.65171642113162,115.43503323649854,197.05686569347185,145.95344351218515,71.25816002278313,262.82834546336,289.0509106882261,68.59045779897833,220.97917207908722,123.86392614827275
2022-03-31,158.40697040667246,182.1346207872261,149.38423857768174,268.4704106747203,64.54869523549979,146.33511784221378,85.83418139228091,113.32141670569659,133.5262588047895,118.31547964745151,508.3350927901829,144.03803149844697,106.11864894468131,114.127623056587,199.21482071503675,146.37283821918692,72.96882211982597,258.3219128196743,292.856149948101,69.3500778027338,215.58878610438518,123.17001380288552
2022-04-01,155.37594605990967,177.68285262946813,146.54282706587713,258.49457421691136,64.24176172387003,142.2882254046639,83.65339920435092,111.95803216597297,128.11069831437945,115.78896458620423,499.9539010865414,139.7535700093592,104.86897176823577,112.48361704336992,194.5608874138519,142.9046160044753,71.9685208719573,255.807210748367,287.1547743465855,69.02004184690415,212.7866676510291,117.20996638758764
2022-04-04,153.71303878986882,176.87648497356187,146.63523659079016,254.21521498922812,63.220334015306584,139.43793369642157,83.27219128912076,111.86495296178492,125.64418448792019,113.50943599750424,517.1502861332907,137.2586351344714,102.06748680169136,111.82446713164973,190.81548521007466,138.0704597708863,71.30547799851107,248.32342373265874,288.9878439950734,68.39601847096866,208.30997945235774,115.47308404238363
2022-04-05,160.56230570414365,182.1412418892942,149.35584341917513,253.49951510291268,63.79160154477396,142.21418088796025,83.14708509062716,115.280435439027,125.13380999834222,113.87056319189581,519.3817398484713,140.33279267783868,101.98230249646575,110.06209215965175,196.15047471264904,138.73131802919082,70.96405617281911,248.30270838285247,299.2414668839843,68.49066501771622,210.03480664069596,115.99683323334021
2022-04-06,154.16384561912977,181.04921773750561,147.43232467731403,259.2915267574217,62.195177714181895,137.49030894148268,83.47539930470992,114.8902760147628,123.49580422247963,109.65766899524947,522.4536162932955,138.16135350254464,99.85575962641977,110.3650320735218,193.265092728707,134.31018810721443,69.9856455266168,241.81898273519948,280.41206681143285,66.59911699441791,205.2354715854221,112.31664495353564
2022-04-07,155.4372034243963,177.89598857163125,150.51974069672752,256.2204054387319,60.46490800977058,140.19093691348326,82.4507795380283,117.9920551209344,124.60144409116226,111.18881934025174,532.1505634248683,139.4038590824832,100.77081680327147,113.29225030296396,195.12118669541127,133.8691931929969,71.11166814780627,235.91819019793394,288.0687232889114,68.42456851693096,210.1174682363713,115.09081417349714
2022-04-08,152.3427340361562,182.30016948651752,149.3328358707286,257.3703676470747,60.65843050329582,137.16703933419151,80.26502794310282,117.94146486236768,123.73258808036556,110.91459710125106,540.1917003261503,139.78917948375465,101.85589017446944,113.9799137029929,194.5956253905549,131.965890672444,71.35065057929388,236.0711325129539,291.9889230746958,68.22794333814383,208.62255196384072,114.62439775446849
2022-04-11,155.09175734001803,179.15642357324407,149.5470541985393,247.5131351780866,60.910443163689735,135.864679880903,80.41639541648097,114.19462277603668,120.98821467553174,111.8077752831554,535.0936331049751,136.54269283912853,102.90635093602997,116.54898317910515,195.2666299379212,128.40367167220353,72.47999369776522,228.03380669145068,287.8244121668253,67.55910118565542,211.94363101516964,114.97574072666309
2022-04-12,155.4497319614735,175.44338396652174,149.26082247979275,241.149141879878,61.115941323967256,135.1317829570979,77.93999891615641,114.56217962840813,120.53282764813311,111.56709725622771,524.7506372043614,136.20396507705883,102.47266145314126,115.68796026896223,195.04041230837788,130.25966609681714,73.27431407046807,222.81342818486382,289.80366003789277,68.41724082447826,210.16589412606385,115.25876664491874
2022-04-13,154.48577927584245,177.33649538987854,149.09524542770262,246.20375169882274,62.69900351031637,137.38623577526602,80.22082885252891,114.3559601764776,120.80171235323965,111.97248095281398,523.3805703486249,138.1735703839967,100.49083603791951,116.7756122931762,192.08164608589811,129.14497482806138,74.54352536883859,223.55790944094613,293.6351065712364,68.62361260242798,215.08898816415933,115.57478421742563
2022-04-14,146.17617785053025,169.70274540361575,143.68260796035418,236.80500619201,60.74061368235553,132.3184836310852,76.9222560699565,114.68867589804921,117.17610973374951,105.68332560704967,508.09449914777014,132.6563014118572,96.83964860051123,115.32714106783651,186.33067043882934,123.92329389997737,73.32360423434346,222.25905823794858,288.4703584624983,64.5156415125917,206.86748023100165,112.99200054533134
2022-04-15,143.26856637630493,165.25083904057695,147.64611179693776,236.3018124697608,61.17188625097211,131.64947787260746,76.19506049812065,113.50608247057289,113.92744300168985,102.43960741455496,505.90901074641863,132.69424685090206,97.95743192467361,116.30728562742816,182.86642399409465,125.45496872818984,73.97939699045233,223.99957574296067,296.7300597334035,66.33032383680319,208.4656807809673,113.66389224800889
2022-04-18,143.2916029818223,168.35913347732938,147.72476595827519,241.5645857108712,62.134263450154045,131.1051573683052,76.360648468936,116.05162859575128,114.15024984479705,103.14510799046042,510.04935103091856,135.38365271412528,98.78196462694244,118.47452975604781,182.25584520930786,125.56407293815971,74.22446303184383,228.57505884272555,301.06914631728176,67.08413271413887,213.43215076100546,115.83064354551536
2022-04-19,139.90172485445768,162.7420481581252,147.5812988996362,237.69670112935708,61.48125930199898,129.36468025035686,76.20233007499971,115.72423395239544,111.92042651392106,103.65353227333425,486.4557971766854,138.77888341175571,99.50384093475742,118.29235477891821,179.1085322288683,124.29747238529137,74.67430351295918,230.0382750859508,302.8347626860746,66.14447370356501,209.71426088023054,115.81307867462165
2022-04-20,144.36262985311078,164.39563564429852,149.00215524514738,242.37852923041015,63.19822795892043,127.99663548288777,75.37426192596173,115.93057615771464,117.81965123354414,104.02319737938328,488.41627679050634,141.40368149252987,101.92100625246813,119.73374998931534,184.44921327615154,123.44932888683911,74.53592613839868,236.2666883079703,305.87839577132826,65.52942854875556,207.69581405920047,115.52055052049607
2022-04-21,144.25127473735336,166.0296511449886,148.08869890405498,246.93144254693638,65.64419579625044,127.77588635204789,76.28558442097189,117.17751865466282,118.6542777207824,105.45133125753574,493.75799434927774,140.46471904347308,103.97712935256297,120.14689131977897,183.6325489396447,128.08653416228753,74.43771058445402,237.2707423777371,307.2898675293301,65.42963295252271,209.50327706293908,114.10548244598661
2022-04-22,140.5037192495194,169.4959445871453,146.41763940481945,241.53824695167535,64.92783894332673,130.2793414682497,73.78799996819946,114.79897369459789,115.3752127018281,104.25681755224745,486.70390024683803,140.5134846066269,107.65797459302925,118.8940464993579,184.7854489578844,129.72248824483654,73.90588155573778,240.7959616721177,308.1839312239461,66.29154775572329,211.29609642547072,111.45829826853807
2022-04-25,144.7167989109719,172.74477002024912,152.078639558038,252.26953235797376,65.80704326183123,134.10390543588912,76.14060061274742,115.70533507809898,118.69611403082475,110.56919942140556,503.21831010225986,140.57990064258288,110.1904636040426,119.61516297643038,187.42745539581924,129.2846934448707,73.94459509243202,247.3307001486545,313.98074520938866,66.58537335730148,215.62055463374995,112.23471498228139
2022-04-26,146.46068213252153,172.7427075169792,151.03841223858558,249.96603597543807,65.69517239747442,132.53685145025284,77.17040798622925,116.38196380707339,118.30261153797464,110.08892342746736,512.0695940924089,138.99663121140108,108.04301471888952,117.84800820661056,188.30045840541882,125.14368457200044,72.88450647575426,249.07527643031534,311.14046562814985,66.25824800429585,217.6097021772118,112.72628314237863
2022-04-27,147.58075555287064,174.15370253386936,150.10175399614704,248.54525650800335,65.63831651982079,134.46919323868462,78.05641696571313,117.04003669545965,115.87761584235902,109.21798227031208,509.24208764574496,141.27569923436994,107.12857417288373,119.48856291264252,186.15622987329468,123.74851467559142,73.05513685381823,253.718412027005,308.8847147397439,63.38779339512145,211.45132060984105,112.67992085863384
2022-04-28,144.03336790088426,163.53684636370758,146.65039844763777,239.9034173023836,63.026879812876835,129.594036637767,75.24995399380055,115.45573618184336,115.72630202073923,106.13462895158257,493.6522937352405,137.9542189176494,103.49473448416002,115.11185448776078,178.81819636809936,119.30917683246382,73.57984169727584,246.70211658923327,290.46124186567886,61.733156063418335,202.85760792972647,110.83137540697993
2022-04-29,143.98381322894198,162.66620672099157,143.4213494185008,239.5915296790173,63.97881416886396,133.15423591208489,74.97310371522828,115.22534407597897,116.5756576801785,108.24130877116423,487.75008952273976,139.36266608751853,102.1987182722241,115.6606492170044,180.74502018461027,116.7482032753868,72.98697839966695,250.19085520934163,292.2293069842198,62.6813124122042,205.00180994798325,110.24432413442453
2022-05-02,141.39929333827897,166.51332206547423,146.25431016098761,248.86827873867819,65.25983010689346,139.06230422538232,77.58267955277314,116.56853638899584,119.38590329669982,109.66499840672985,500.0572812938788,141.46257142000383,105.05075850965191,118.28680470129473,184.2488662859325,123.14868960764089,74.54765920549238,249.6338766913204,303.7789270312859,65.30826241579217,204.16416895167677,112.03874756732023
2022-05-03,142.77828942622585,168.1935636152924,145.01859412473283,241.31064584957193,67.63348260453174,138.40778574207644,78.26558148311737,117.07401905802719,121.6599912019421,110.68190991730103,504.13055091355227,136.669105533324,104.32902204282027,120.27393103822665,186.6300634176059,121.91815904636913,73.20276709659568,251.51322443339234,292.2921566301375,64.55066129075068,210.65959424105716,115.09804809909761
2022-05-04,139.84464119714914,167.78917150288956,145.28245013973682,240.21407864947474,67.70066580245222,142.3100616610452,78.25290736111215,117.42116801581139,123.96477762856857,109.45656550569979,503.5028550346598,136.01051809093988,105.06776275497397,120.40293220118834,186.7187821703124,121.39424165442415,72.48424814728881,255.38253812621403,292.76069749077595,65.55328004292898,209.16584441044165,114.66854361186088
2022-05-05,140.9687681176595,166.15578217884143,146.58228311308997,241.0235913973888,67.43954531709987,139.8130018587723,78.68993499942417,115.15727364741737,123.16262834792205,109.19223395651005,501.76134227556366,134.9096500212581,103.53531300204381,117.21126202916365,190.4746646699396,120.31017281396178,72.18156278743331,254.29266579503476,296.97887465765,67.30641841207172,209.75603304521786,114.14000919118047
2022-05-06,133.74555443030368,160.0798197886937,140.0675352615476,241.7709971715571,66.98533725307736,135.84164158725417,78.04245187038131,110.44738280043003,118.58030044631182,103.32355135481238,495.13504841219833,131.50498869146253,102.20529320617662,117.4406634481196,191.94379731462908,118.69860727742507,71.65334370200573,247.51850300608353,300.03080206176395,66.25820558377077,207.59272032548296,111.95031527626632
2022-05-09,137.46391597173988,163.55308948199632,141.67618950629077,248.71780719844276,68.32308339757724,136.1096644072385,77.73221098054158,111.98760084844642,121.38173375157002,107.28924800472353,487.7989068117494,133.5006933711182,104.4676792127849,119.69858058028103,197.04242036797723,121.40824040992587,71.65395169691098,247.4118504143968,305.9094296976636,68.22266658684906,211.0168195699921,110.9564194746376
2022-05-10,135.83309816461556,162.75747393319102,142.21671443178454,241.20673021140945,67.06732583876337,134.13920175526778,77.52719000183991,112.4165227874504,117.69441061998151,106.4277936348523,489.80351183864747,128.16228716830832,103.0958155407767,116.05940575026177,192.27580408535863,115.21371958787407,72.27912918653094,243.0812786011554,299.1299572342227,67.72859453547208,205.24275840721407,107.71374863771443
2022-05-11,139.10834646612636,170.73317199974665,145.61065327668624,240.5594472864578,67.37596776957452,141.68583987920567,78.18864045218534,119.68081729433922,120.15335936188397,112.35081188410828,502.81653006707893,132.0741210795537,107.16288846626394,120.62904259529778,193.59174787080218,115.68710612364683,73.52997516419089,242.84227032494388,305.7739327165286,68.14932458190253,212.3286708476019,108.78789855342339
2022-05-12,138.19728843288846,169.2200038362474,145.01493303099832,238.77125823354717,65.22432224919935,139.41227613472847,76.42759151745848,116.29031512873516,120.55997559239289,112.36139923309305,506.96846359416253,131.90466654678625,106.2102119191699,119.71766418423667,184.34579345685336,113.023629540079,73.0859673346468,233.60692082366091,299.84772243018745,67.2827963091153,209.44624580465208,107.15878203859342
2022-05-13,136.41302057156008,172.03535711458738,146.73454200947904,235.39043053283027,67.06906050273027,141.78792674404178,75.57325554431137,115.96382821271892,120.69766298026809,112.63588145469868,515.4455367713422,130.97364072102533,108.81331841045292,122.50397362710657,187.89179000321712,114.09833021668618,74.66818098368094,234.41233599816255,298.13878512735414,68.99437627050493,211.5861240918867,106.87224888751958
2022-05-16,139.11785758614187,170.23881670272885,146.40492652389884,236.85111697025724,65.53698028072847,142.6306967009463,74.1208244824021,117.9685018053732,118.91990563254964,113.54692894038749,493.45816631922247,128.06079945337532,107.83214700024196,118.20718921490756,189.3129115327031,114.30011060089119,73.21399402982209,233.2748998677304,299.935868778331,66.4996326871071,206.57768833574048,105.84208239071025
2022-05-17,141.00362990697062,171.49415106911414,148.0350291539934,232.07538073017466,65.72422214279285,142.00435603399748,75.76473274650021,118.30573995573589,117.75648642783467,115.00725570070519,497.61121378516305,126.57025606680799,107.34230200131886,117.70043341377698,193.0326570473776,114.76048230420503,74.0622821656319,231.70860067689074,301.3705959515068,67.8452592092201,205.3448506421499,106.09737408373448
2022-05-18,137.18232110610094,164.9779342123866,148.6079143673909,225.45432108669203,65.45096079459579,139.26628537788415,74.26102414703809,118.50799905267048,111.40400728985351,112.21216900182723,479.1879218001173,120.82637365426153,103.70547492095758,115.85240572043664,188.25214921363659,114.59935664630741,72.64270353401376,226.88193665166153,294.60454571033097,66.66223523915414,200.85813263650937,103.04935773720372
2022-05-19,137.39146364281567,167.24118967910272,151.14187804072935,225.19925281579057,66.9952727959996,141.4029802138391,75.04013986302661,118.6583191429482,111.60506589819414,112.44336366438347,471.9843796124589,122.23776970893148,106.36570175579205,118.79688572455107,189.72677005023291,117.91263990219984,75.61079627941349,228.5897009427544,300.5242316053993,65.21753588790139,199.30576012807163,104.45464533726116
2022-05-20,139.26012698929105,170.43889044659377,149.3106138997907,219.1799206679662,65.6913470854888,142.59762708205193,74.59157006570393,120.29807728971667,113.17891418905846,112.87132085872567,460.50126622279925,123.95410745308824,104.78394914769521,122.23704787391253,189.97584070663703,116.365567387811,75.23550446605165,218.99577301984283,300.7411692857052,66.96688684085528,190.93912384886414,102.78421376263906
2022-05-23,144.51405043345068,172.4638754832672,153.97848472976557,219.55086727091464,66.0794055675434,144.17494293492777,76.33734226370608,120.16872962992605,115.12723849396662,111.4492251117625,461.1408131091455,122.66309916830521,104.8316641856091,121.55187820726104,193.2051365558677,114.78596591113484,73.21665024883251,214.34795679592463,303.9485919715143,65.93510004836986,191.91337343946657,102.24090976835372
2022-05-24,151.7267511355276,178.83064818914954,154.8350325415846,220.32125146520593,69.86415776727496,143.05932279109896,77.26866100311568,121.6897559582958,116.7039097787221,109.74953358888015,470.39484406613093,122.1400241283711,108.16853630732805,120.14813063134042,196.0650969360967,112.37312783770166,71.60406619811664,213.85509566770332,303.4159849936708,68.06327572422232,193.86140004330036,105.27511653671203
2022-05-25,150.18052089506207,176.82580395351584,149.96234445996328,220.5148853734918,69.84835533905319,144.82623927905166,78.24912426632385,126.37582586590618,118.27421948320516,111.85572906211064,471.4149451340647,119.96782613333104,108.88331274229604,119.48795762962962,198.18145238510007,112.64894136664496,70.45463196978719,216.41229556766658,297.7976484651998,68.41873310613809,197.1777874257688,104.2301176506591
2022-05-26,154.72078212610273,177.69252142263102,152.58465153746863,219.00451581081938,72.6381993149094,142.97867549055556,79.7236214327586,127.53300543457128,122.45143183765295,117.260226722775,485.92730682653024,127.00888047864537,108.18676776715725,118.86114429084849,198.46103893646475,114.49370582753873,70.37488421790447,217.06088151420823,304.92811503822037,68.1234621562054,197.21958585289985,105.09458683594912
2022-05-27,153.37737447906522,176.63038376668095,153.41955429959233,220.92465936709598,73.95858382625775,144.6749193369281,80.74764778039749,129.90284125412646,123.40786735210985,117.53434372227538,476.72959200185386,128.29775675458848,108.17795782933457,119.85984797270011,189.26582854057514,113.98890750790682,69.24244399252292,221.2430197224165,306.70043242142935,68.14118885604734,196.19284860690027,105.37884749436074
2022-05-30,150.27739056765762,180.59773436507774,155.15488115849172,222.07512115219467,71.51108033378023,144.88127298659683,80.12293230911855,130.8964443702382,122.7211927933233,116.0896013881347,472.3551090327054,123.445185735529,105.77107651977448,119.24398476443343,190.30705479059006,111.77186900458578,68.45651935123507,213.55413578703534,310.17205607628364,68.54784855010506,196.53520039659435,104.89029695883394
2022-05-31,150.11104514375035,185.74717131905817,160.4216585179004,222.3256563083716,72.30200650928803,150.376170222815,81.63576942177946,134.1028870423466,122.14913756776632,118.82707851544596,469.18719033751677,122.12842905935385,108.93711667265698,124.07900237248366,193.85641718580806,113.18690277969304,71.5160683825896,216.99424481698853,315.90143200113215,71.59411131886239,199.46253347794564,105.85740381500247
2022-06-01,150.45963697312973,182.90595851910197,162.5018549895465,224.81738466279944,74.08832900611333,152.9852114385399,82.46550855455327,135.2032008964698,122.19705895274528,120.732404270171,465.43651145717564,119.06930824652441,111.94540030774415,126.59762069988288,196.4451958440052,116.47045164348644,71.45983082364953,216.90825232142825,315.4055384929971,72.93295186545595,196.72228137557062,105.71784930949575
2022-06-02,148.10324580574684,175.7854035840022,164.60847704026415,223.36934766382856,73.15387969726953,149.13274255329668,81.33769653950526,131.03190969675626,124.82178446114402,115.94838936919832,461.1610470969356,119.7218299904493,111.07736394375898,127.49121713787892,195.99433250780993,119.95678982079414,70.53752916243795,210.0991164356813,310.81691607460624,73.63850538045078,197.16146136541957,107.32038114065114
2022-06-03,147.21380290586382,175.00329230510837,170.31810752303713,227.11821576238688,75.69935957081505,151.2120083958308,81.26652253312155,129.06392813123873,125.18487725400422,115.83780897410502,460.02018343770663,120.115050264816,108.37085231484664,130.72102004964492,198.2780066329288,118.56535423240136,71.50018134761294,208.75099294745465,315.5434252600791,75.0851914266577,201.65595416798172,107.75043370856817
2022-06-06,144.2094664212836,173.28334409627246,169.00572497804623,223.26972258530319,74.05501020620922,149.51828556248182,79.82329919073862,125.43610250262584,125.3043616875871,117.4459147400556,459.7408603798352,118.26910380539027,107.7944518091636,133.14473175567878,195.08391822542572,119.79920381510267,69.62068604922993,213.07114310894025,312.4741161880136,77.25292516554597,206.40370654090202,107.08649812270802
2022-06-07,142.8572077361099,171.08296357415722,163.41086425812423,219.70830967920097,72.21177720288297,149.75752302706562,80.18609003489946,125.60545531218084,124.58429805875399,114.82616633875419,455.80562582597173,118.70180464791041,105.9591005604095,132.28620545065257,193.83141011490574,122.05538218783195,69.93678885688412,213.26387228586105,301.73143589130973,76.81719513823994,204.2289278158063,105.94198749335533
2022-06-08,138.84529548982297,169.312635735533,158.96301168769864,214.35620590035364,72.81513680445055,145.03784782381123,77.61237279614598,121.65938090158413,118.25233269920315,112.53827428196574,437.85875094245745,116.4687838146237,104.71986997047098,133.7119070873627,186.32239991956283,121.3580995973077,69.56401788128875,207.30652019371198,298.61298983372336,77.30041989545248,198.02303579402704,104.38051757486075
2022-06-09,141.7708246831108,171.34872509155784,161.02303865710948,212.5525080956428,73.37709991188575,145.3838977181484,76.53110456683818,121.37350524591973,119.17305165004247,114.14922870413392,432.3574575246284,115.44298099656085,106.40873554354829,135.4340947567622,188.51378780048304,124.04580119843872,70.49102262792012,207.1065734612467,299.67157055093344,79.63149699156618,206.92200031385264,105.65438386763559
2022-06-10,143.6123155959946,176.50462967160328,164.55706427223137,215.13338364375772,73.52798899021775,143.90416162227348,78.22994612970548,123.14838137557584,119.16432832405953,113.58941374796231,441.66405823940255,113.45829737048109,107.61341730056796,138.07233816517493,190.46276012806777,123.85222283224523,69.65119486814237,210.3440506313847,306.2376605763318,79.49099910765784,209.82280141855037,108.8820594136535
2022-06-13,146.0399277093801,174.77977513572003,162.0876032961898,218.7155659628108,73.40841271616723,143.40672937145544,77.63578632440456,122.48795164600058,121.8972729883346,116.7611592779216,455.4355031549653,115.8202693091124,108.84669225017225,135.72260672209762,190.9240724396518,128.4629303323189,69.5071451557697,216.06085113233075,307.4790771176499,76.65269582813087,212.95325040826194,111.43643095959331
2022-06-14,143.79953555974248,172.83849485434806,162.55522813844894,220.23974428291965,74.88838000781978,146.1687893588112,77.33990562423996,124.52241141768653,124.79644409666936,114.80983868706292,460.9192548306504,115.21549179222451,107.7573167048861,136.71252726234877,187.97559433740608,129.37842940742607,70.07741064194919,219.53262449316003,302.6158302649659,74.90758491914565,213.8850978150207,110.93697063262738
2022-06-15,149.5187618400989,179.11380631808248,165.31230711963164,229.86202453471387,77.43792702842558,151.68301946526933,80.55551558773492,129.9123812773039,126.5768119176171,120.77379421370624,473.3930216027657,119.03618960615229,113.63228623182425,145.17824982372468,189.98823948980782,134.063158812015,72.83323991914001,222.30287435700862,317.5700141319124,77.6773485511732,222.24909632233008,113.31862202666538
2022-06-16,151.60752393544584,179.8932008555298,165.11618059017957,231.8527619131205,77.90926074576433,155.57107437838667,81.23531874799072,129.49873628114483,129.30893965421788,121.46465825908255,485.3488530884742,119.68704606287125,115.3568650072225,143.74677544263335,191.50612222262959,133.40943747073607,71.88997917260683,220.62182481163916,317.9593772212664,79.5435513263449,222.08112592531063,111.76406458605578
2022-06-17,150.8237705225171,179.8559310081078,167.86059897788004,234.64387862238937,78.74609830840349,153.15287644509058,85.20264828704182,132.19179751401683,131.09427182223865,119.80333650279533,494.66041159927573,119.02407574673323,115.2488525677882,140.40696860167438,188.67593590063987,134.6836442512907,73.11723092197458,223.32472795178785,322.82389378485016,79.62359061022987,221.79036590445662,112.46942505782513
2022-06-20,155.11464317873492,181.12746908775935,167.11407519626061,237.01412584226202,79.6789627061001,154.54126039995077,88.07527667031913,135.62049722839174,130.2669270411009,124.05260763145881,481.2798590621046,124.08524909295612,115.93427404793114,141.4478593519646,191.05253900181003,137.07599578660273,73.86689837062252,225.16849066263558,333.72049458086144,81.1158036675549,221.40198610591648,114.87256022939987
2022-06-21,157.31869361071531,181.12085887975448,167.67627735268357,237.714641777001,77.30990899792158,153.6799407944202,89.5067653580981,136.26097611642092,128.54405359310505,126.21045829124799,480.74791459840225,122.64159808342094,120.54607813606806,140.15950912448855,195.06089803941842,136.49144478698614,74.51151163962649,223.62756576573813,330.36585031860113,82.29379350459799,224.52525403263638,117.61330759630863
2022-06-22,160.74437600006937,185.8756167539587,164.25752207166317,235.5219980799318,77.91158205001696,156.2136335095894,91.63832744187464,137.38540544875525,131.54277408494582,128.72109699461888,481.075211288986,123.82210496113241,117.47051885613807,140.54508625854123,200.52750127295118,137.99617697694623,75.26421989088442,220.6144116819235,339.6256977895146,83.9921883072038,221.60645750773378,116.77425052089853
2022-06-23,162.4892177899615,188.62088623296611,166.4419945516451,231.49209000490848,79.13803110993791,163.65115272532694,92.90566644284704,142.3940417157644,135.1657131977777,135.9551514579775,492.80612660673444,128.55715745613384,118.23337786526147,144.34310774897068,203.95408401482064,139.6847813539409,75.53501633950468,225.09339250353992,342.70876415499504,84.42133624433123,229.8225661401309,119.53815993209673
2022-06-24,162.84688971712444,188.85896903531847,168.6360747191409,235.601241091728,79.74501164690456,162.52215686663374,94.80640931173924,143.6651682516423,133.55214139205793,132.57630038492036,499.35284898361965,128.00199114161825,119.95835547974835,143.83637579418286,205.9424073223285,139.9989236047057,78.13360819647178,230.1306229938424,351.9380458632821,85.13759927541675,234.45794014338068,120.67358341224002
2022-06-27,162.27566513264557,186.49356276366166,175.89750416397527,241.5413759086139,81.83424715279193,168.99042779205251,94.39848546576368,145.76697300584866,135.8755068716434,136.66546348623902,504.8514497977091,128.00384592330022,119.94394447995408,148.91040065423087,207.48828209180058,141.41007871190635,80.28638980174958,231.86831983270994,349.1034840766471,84.65313047586643,238.8279332793465,123.75015918049831
2022-06-28,158.57968039534992,182.43491185943023,181.4878954954985,245.51831146468598,82.61229734223187,167.55751209811058,94.2733148361731,146.07186534421893,138.87653659435833,137.710322159019,509.7144899729467,127.42248228603303,121.1269555716733,149.2838527926896,208.64762424064102,140.0717245706624,79.98687989451786,227.64369446856517,348.72720032850935,84.5944427836661,230.28277326696536,123.07175635129191
2022-06-29,158.55366512953552,179.49469137169575,180.49420731701917,244.32888366401446,81.19497598150352,169.7848301085814,92.13475090318884,147.61774209453023,136.72288241066735,134.38700021463356,500.5003555766702,123.57414481850981,120.89170347149285,143.64807428265914,211.97262795335303,136.84251785748214,79.89403417363087,224.6052943457112,346.6060179700521,82.68588953934207,228.8102976272579,121.63354619067289
2022-06-30,153.33588368517195,173.01136454861197,180.8005477464674,240.1778043279125,78.85859030140142,164.32514758067234,88.94191159093764,143.03344698017165,130.76591434233023,129.0528946438648,491.491237426715,121.80520734724026,118.54882273983155,141.19807154320506,209.67448825992494,134.58019001809654,79.14795490169678,222.25872311425118,333.27506463259976,81.10920476709312,219.92867267339045,120.71384152713838
2022-07-01,153.79196335712308,168.34942852799085,185.17661634159845,245.0431112774483,80.9769905044645,168.76585880140874,87.29861313647004,145.02888718892717,133.5552129027766,126.26025012024633,489.15714087609115,122.31203503098257,121.20952382126443,137.48496929146998,217.9884536251381,135.84759821843514,80.99632991615923,224.19424989493464,338.83132886323216,79.06450050310649,220.39909833035486,123.40919050060587
2022-07-04,152.5141724988874,164.7280512657332,183.37734763650622,240.4006161522113,82.0414595637332,170.0257425298657,89.04141546157048,140.16347637257851,133.4578262490377,126.13961804263948,476.7678396141461,121.10128194156697,119.70393830812155,136.92877240579992,219.93873020582788,139.29212910391968,82.65228880348506,219.628205326277,336.099504327306,80.91139930399855,218.63779094405217,123.78078491644041
2022-07-05,146.48522274970867,158.8832762067897,182.5886029161712,242.50110643375768,80.03779106613173,168.06328125416346,88.99427850644607,138.85968208418697,130.75373681336205,123.28485565976226,456.6315483487968,119.09471354991565,117.13722018234876,133.2822003726684,212.57689011610825,134.73612696090558,81.76065133414806,218.12627510116536,327.3908623252969,78.76314818508673,211.56618047659768,123.0367180011629
2022-07-06,147.8170970135673,158.74022291030326,179.53782996080116,239.06485409142928,81.45367817691428,166.85824943517744,88.4310743290632,136.55589273947697,128.2678073583844,121.76857205489817,466.31534556060274,120.3621802421747,116.30204540963717,135.55001049405715,212.4718940396507,137.65051121184243,84.53625411682823,221.6586938683681,328.3053140383137,79.65014704506895,211.93120890829653,119.74326790722306
2022-07-07,144.08913454803204,160.61920453893708,181.22130972297558,238.86350579438476,81.83892469322741,159.6082685046496,87.76752854358594,136.03489054908388,121.52872916545877,120.95548646442451,446.80812936159543,115.90810731225449,117.7487577542736,132.4918340824831,207.9531857514973,138.44197885844994,83.51893815182935,219.40708805315165,324.3822291856622,79.47160937618223,209.695069459337,119.05550881460924
2022-07-08,144.3599507525751,164.7375045188971,179.16237074426257,236.85581496777453,81.67030928743203,161.46585239982048,85.65885759407175,135.30627367784066,115.93702668575453,119.96242009437022,451.7104670822406,113.99158599277797,117.3966732755434,130.6930876967813,203.8571271290937,139.59231678781939,81.73818260985553,219.13322015523232,323.93006871642683,78.00776694696698,208.98192150780832,116.71405423449717
2022-07-11,143.06761943064944,163.47732222567208,183.3468570785807,238.93118080927738,83.38429996350384,162.18636187812055,85.92710870209945,133.9691847966208,117.099954604302,119.09270854583525,439.78909239168235,114.38368227795696,118.97726082764466,128.4140768877891,202.12753187872582,137.80633174135795,83.24725411307242,226.09167329677942,324.61387456586226,79.14936833173057,212.15727741961234,120.21179431458103
2022-07-12,141.02158132001676,162.1598326621775,188.8718527551636,237.26619649306022,81.69565993688153,157.88726771556685,86.51152509248774,130.6940912160446,116.81128721786833,116.97354372313731,428.61573492517255,114.57211328437992,116.9675197993575,128.27933838437488,202.57134743694883,138.06859599674058,82.29383454122228,226.7387744576496,317.70026590717015,75.64764287924088,213.06460937733925,119.6171333422944
2022-07-13,134.0778428745342,159.25489966840593,192.23582109915714,235.13096676952588,80.6874562706473,154.87861867725167,87.56225224058835,129.52058735493176,112.74261300164332,114.8985581691123,423.13944828364674,111.96376204114216,117.48990965681098,125.81790534633188,197.43165117092,137.58092626607947,81.62287012758537,225.1660536741848,311.731536279032,74.41476572167358,215.18330920805187,119.58069142004358
2022-07-14,128.66072607625847,155.38069903675913,188.28346632487902,230.0225805147996,79.08029450927505,150.5765333685544,85.70595309034476,125.37477464046013,109.02135246706911,111.23873462180555,407.3499958786378,112.2249354471972,117.4963807776555,128.28371558714602,198.45979457682748,135.55099421341032,79.6108074018801,225.88956309030976,304.33162396547993,74.49402469359546,210.22951924491684,118.8819124226311
2022-07-15,125.49785860100418,155.07249026370852,185.40562629637827,227.54065572829552,77.6367571123394,148.71437883470028,84.61195172173736,121.77244645450868,105.57709067291617,109.66594660014772,400.5331280510464,109.15020098249519,117.6780543648934,126.06003079886518,195.8840953025167,131.3801709028003,81.10410897193856,231.33101595220836,296.33238844121075,74.94652234277041,206.83542438886963,120.27753011839722
2022-07-18,121.4497810115181,153.8402539836812,186.28493233240283,229.22782209524215,76.56632412301576,147.8669033949696,84.91952741196448,118.86309101791804,105.1353960995518,112.01757388769684,403.2917227456525,110.18353665203193,114.63402027076287,125.06492620127318,202.4353321851322,130.6556843284628,83.00210247845294,230.23732540347513,295.67352124933325,75.85851657334884,207.5775292525061,121.49924718229785
2022-07-19,117.5878092882722,149.764161581959,183.88932602553135,230.63492508175597,75.94532826410529,146.2046002229441,82.8122949185861,113.82645377104382,102.19412882375643,109.95912296129482,399.13406802297635,107.37942028410195,110.04558199113244,124.21739548556222,200.97311616186732,128.85652615392718,82.25505288306668,231.10322556427153,290.4079257075461,74.8268183174146,205.364764636447,118.13154280464799
2022-07-20,120.24798888790188,148.80500478131717,184.17939339753516,233.48476492932815,74.88322999428891,148.93912225556124,84.20713335896048,112.81723622062523,100.26389515572957,112.2167367083254,401.7691700481126,107.35867150576416,112.24428067963119,126.50201624840899,199.2031837027684,128.99312427918798,82.84968458182436,230.87401362920826,283.98409474256016,73.66725261073552,200.50368117028432,118.8369178052902
2022-07-21,122.07644062474725,150.16562857015245,176.55925140708987,225.78146048224787,72.97670489300423,144.49950936588334,80.78235472049177,111.07151970155027,99.6783951413124,112.20093211897566,392.4471837966118,105.43794077738158,111.29277815301845,124.54888694753541,198.743598921133,127.99916140678766,81.2376953228444,221.2553930017776,286.88863590794284,71.89161677594814,198.47390170946662,113.77908752583372
2022-07-22,122.47872251014799,157.11427212248591,174.93445172336627,228.62047368566382,73.56874211519762,143.18264369173215,81.88696533597181,110.96529743378795,101.153427309175,115.47873966380828,392.88319908842686,105.02117860790331,113.07764095243289,127.19106684697051,195.11647656125422,126.80384453461475,82.08220585271222,220.8756569824279,282.60807170397436,72.49368199334359,200.08497126482263,113.23845648165158
2022-07-25,120.04078834510496,155.39664100821574,175.32720938272075,223.82169493250487,73.1844183601006,142.87351989416263,83.36155080237981,110.39387825947088,99.32735077086666,115.01598125240778,389.9756879369603,106.01035875485319,112.63297503516733,122.16418154727916,205.1865720942984,126.88732878914347,82.285281977512,216.0197135277304,276.58397569593774,72.47606246329869,201.02868804864326,114.55971115907701
2022-07-26,114.7823674151809,154.19361911224487,174.49258731560928,220.31008384832919,74.33122736210812,138.60561111245553,83.60284668172139,107.3587848836833,98.89355333273278,116.18268445750604,387.1852562561747,109.04204823201093,116.23920658139396,122.9957380912087,206.52786528280237,128.9914046564958,83.2246217489566,218.13841330883022,274.62124910364656,70.87716147282907,197.27839606837304,119.02579426424664
2022-07-27,117.22194594429412,152.81546276518318,176.76380577873215,221.505792153039,75.1615012260039,138.2255395023696,82.14796197741796,105.80536190965285,97.36112699745453,116.61621347994023,380.03701800079494,107.46727150598309,116.97178929720974,123.28531702182458,207.75695459069834,129.37436809175657,86.7245300677617,219.4844547125476,273.8350068166756,71.28729105308322,201.3097624677399,119.44536990784107
2022-07-28,118.09277305367729,154.87056254855588,182.52640695893518,224.2220987942366,74.69748605664323,139.1920748988631,80.20860085836114,106.94093137593437,100.01133712979471,115.47237065390765,384.3899604441195,109.98181408717016,119.89419140287987,126.71434498058687,203.94316562068386,131.54148636040713,85.51327132385471,218.08891949022623,279.053877287669,72.07055639467036,205.4407454446818,118.8099194925877
2022-07-29,122.4538660137703,156.01465444979965,189.034250185746,227.21340403547342,75.36340243748431,143.78149676907972,82.69727097910662,107.98666883664175,105.30415489016777,121.31906431238839,396.83030203510555,112.68068957072792,122.65535831354129,126.05964844514571,208.80944975845998,134.40321948806007,86.32077844921545,221.0206887786513,274.1659444935123,72.18760931101671,212.19462370966485,124.0436379306183
2022-08-01,123.31324185224602,153.32168481722016,188.88739976685045,224.6169424790878,75.88608242134818,139.65575284745367,81.01520539061049,107.93773685237576,105.15109876159526,120.1461410543314,396.94546092878227,109.87715889254827,118.79636287063312,123.73735366982385,207.01000286606651,132.9459761323798,87.02128170442649,221.1611895260459,273.8753002977929,71.63966389870541,208.63310537474146,121.10011396228998
2022-08-02,120.82653492561671,147.67228564227455,186.72972149280355,220.82485571744007,74.37402451387759,139.36262235838413,76.80414695795521,105.61596394223658,99.92815068564231,118.25349621018711,393.8669161457084,106.11579101629542,114.95784415922515,118.85710461363392,205.71340380307745,130.88812032895382,85.44221876242607,216.85176120882593,266.2836697463743,71.85545842095209,206.66586248941923,117.25689986729458
2022-08-03,121.56427837595682,147.0351058831564,184.8803683236999,224.71176094305065,75.39845918020544,136.79224945274981,75.33868366264599,103.64362911312722,97.24046769200379,119.26276085076849,380.30219420450663,106.64828036774647,115.22817732114387,117.36193554936271,210.1340915665167,126.942876252363,84.65598533485534,213.52478586740125,267.7493461398815,71.66122781215684,199.61728373320997,118.49813800854864
2022-08-04,120.67642384736766,143.86551892934736,185.5575796202306,226.61671224289307,75.48937715272078,135.58637629350898,73.3151011304727,103.90106056355731,94.16480865372283,118.70126343221114,367.18233841295,107.39301747091264,115.9349587997887,118.80263724434585,213.69574721375955,129.57827325610987,83.1385184747288,214.66766658148825,277.3206266838184,72.23538109530372,198.37804247565703,119.09418646044018
2022-08-05,120.60654088844063,143.16771819604733,181.06307307183442,225.34695386706144,74.53059064830737,130.48296688213264,70.62520996162652,100.35058322963846,92.59899312252178,115.87262157291764,354.75058193594805,106.31025564582775,116.74755078594491,118.93883854864215,215.63132598267796,128.46768824359376,84.78751832678003,214.88602802853538,274.2739943921267,72.03242032374658,193.78441683816203,118.04654249299735
2022-08-08,121.12522300456949,150.53532987313457,181.60202081892456,220.92649847309931,76.30134049119388,133.03520802336558,71.59802871807172,100.68665028945998,94.09683348554572,119.70798117252397,358.5145449885315,104.55711309579685,111.34907159748741,120.2861877230762,212.98439357474953,128.7810633419926,84.22991545237979,213.24130240357317,272.98741242166824,71.70370472176208,197.13874427826684,119.71859476090175
2022-08-09,119.06816362367893,149.4993143910197,181.8673875935913,214.48881110544943,76.35809385590264,126.47473795183119,69.73480062326657,99.11321683167155,88.99584179149159,120.91216482576517,358.3600580805954,104.0980230661267,108.1676850944183,118.46777087391132,212.13293062057903,124.6763600624829,82.8146019230294,213.14745317346512,262.7451125000632,71.0505201671727,189.28372939782722,116.33611739784746
2022-08-10,117.63237982685409,149.54962980605583,178.9641414891486,211.56868260382896,77.35875227082897,124.09700161702654,70.34088825188023,98.86195224218413,87.97184573638499,118.77315147762724,352.9731226270364,102.35596486052316,107.31251923158526,118.87026906737962,209.55825627323915,123.4034256531412,82.24194188088222,213.46643986915558,262.9435905038397,69.17055229257068,187.5166725559118,117.82009497731401
2022-08-11,115.59009392731672,146.06526248729253,180.4796635859706,208.4288124531071,77.92143946122246,122.27097278193791,69.63471489922013,96.3635540503019,85.70530198714434,118.02924952046784,351.49369318895106,101.69846766127189,106.26694490383613,114.65753605101914,203.55618509075484,123.00125384252122,78.55993560737097,211.117384545429,257.47072315621625,68.98727028936497,186.131090561924,114.83298518564433
2022-08-12,115.17471832019316,139.22536607505901,179.4416332136701,203.97724838936466,77.51237754078818,121.39954738211173,66.76221595105645,94.52297621219601,84.45390050347982,116.54598359544721,345.548883999336,99.01103345588963,103.70148860371367,111.35735847553727,203.47376218978258,121.7506293354271,77.86165569443452,204.00386827312715,254.36255506305528,69.08332510286913,179.66227496008332,112.97920250576038
2022-08-15,111.1065947040919,136.9848382004315,176.58750706737874,204.16661607452238,76.01984901466909,119.36863867583459,64.55684371815269,90.66895168760182,83.39093230861371,115.7441747884807,339.4204497279256,97.37975066580525,100.27357441373913,111.21039271116044,201.22004121659327,123.11697536709966,75.07728015382271,202.8806857954018,251.0058923998284,67.45471351392464,180.15083918734405,111.57724218632815
2022-08-16,108.21534438940674,134.40717200675866,176.53712240672354,204.98254638280162,75.4478352786991,116.61831939454589,63.85042439128253,90.20967961907105,79.4716628117125,114.04960793381761,331.7191917924409,97.71697211581039,99.76645295741835,110.81254411272867,197.3183320391513,121.69850240363601,75.32597801424427,200.4834653973567,248.41077066376153,65.16920779635286,177.8674374194776,107.0000406833266
2022-08-17,108.88842737701779,131.68233364493932,176.5038493465667,208.31016388646051,74.28556919126589,113.29569930015396,63.43118878635094,87.69033730749062,77.55923221290601,114.5291977977822,336.77426974626525,95.6840594160485,98.08488594763301,109.4393802351107,194.12076831610565,124.38017592803915,74.29007589036071,198.15584892576365,252.7487547264282,65.35535752820974,179.20144983075394,104.92579872120582
2022-08-18,108.64223283475093,132.22206595908855,173.86356855369584,205.93005860668964,73.485550220959,109.04844033269849,61.58124169057913,87.10076702953461,75.00570622774332,112.71639896354866,323.62303239102425,94.9068972320946,96.67128916894767,106.7814010053817,194.94688721562616,125.1095022752349,72.76674028627322,196.3318425348341,251.73071561401932,63.1866325968492,174.02482701404577,106.32468104804528
2022-08-19,106.19807994891646,133.22250554679624,170.89900878525177,202.85284228226323,74.621454285225,106.74437138647524,61.87028864593125,87.48124942146276,78.44068245343998,110.42383420967668,318.77784647056,94.8933551120846,95.18395492040926,104.71760621024866,195.03225296840964,122.95722851795419,70.89231207519498,196.03962802464181,250.163957288397,62.10777002391203,170.65593912079635,103.5490622955227
2022-08-22,105.63232148400198,131.48221625531392,173.4596702603776,203.15152637292385,73.04776486484774,105.48172081188682,61.93894516447496,87.63676942736427,78.49663626893467,110.42602828199547,313.4475904755147,94.51216227951444,97.74038816857998,107.29832806996859,197.87009068397018,124.76795294607997,72.49961808327284,194.52801373750657,252.41217575688685,61.62936349822651,169.30047425328365,105.06317080100176
2022-08-23,109.32366605766107,133.2423656733723,173.47861592163827,202.2292340841367,75.02246345123129,106.76196289272399,63.03795892794753,84.84417851646946,79.3500304681523,110.69757068047696,310.05400194540294,95.53485666159597,100.49062756769281,112.20770186418761,200.57906183663897,124.79486959839274,72.51545685167103,199.626202112547,251.2294003106558,62.92958381545561,171.90784462371386,106.58737749857582
2022-08-24,104.60684668137667,129.23219687999725,172.67014604125683,202.23903117478636,73.8815073225065,103.577446097337,63.23750666373395,82.3408702634171,76.36676058559857,109.54575938605777,305.81536241961254,92.99782710953383,98.79092460761109,110.88533148936116,197.45843726605605,123.34253372128477,70.62982683975754,197.52538638410368,246.39708146857197,61.32522044976752,168.2793932027608,104.46778617319715
2022-08-25,102.40338386905267,123.76532866808219,168.13869519883113,206.04620816426294,71.3781495108718,100.69850863112315,60.978917935740704,80.30022553624593,73.64700791314276,106.5579704174777,294.9299199727764,92.89389061768128,97.23793280611909,107.33820621643395,196.80892606968806,119.54825257687601,67.77597621692367,194.16939503708042,249.22652881715405,58.60486421189572,161.99555670254864,103.87684793803452
2022-08-26,100.86993396634323,123.73032342755532,171.30966523690262,200.84834197555782,71.95264049846999,101.48227872609701,59.31497486408621,80.6073882404958,73.33425682502128,106.11115243554634,294.0827814690222,91.72683267147497,96.62957608598803,106.94255002959169,196.96707398877692,115.73972660965211,68.59304486585592,189.38560249905112,250.46682696664047,58.24642629555236,157.53183316922144,103.94066210863575
2022-08-29,99.55287142499547,120.65942258316275,173.37613893655356,199.19635942158044,72.10107787598137,99.9431382662993,57.082696615446,81.97180316627542,72.57089515132833,106.22780817763207,294.2800341890787,90.26142814035188,95.89988398239392,108.32899701091043,194.47820853867137,116.0341994330228,65.79351684197314,190.50516112896952,241.9118491073366,58.490843018587306,156.4289915800768,102.65349319028564
2022-08-30,98.04694009737871,119.94674147996521,178.98066609784414,202.92920796665754,71.10174926994455,100.06291048634657,56.761195712135525,81.2708071172401,70.91858955549256,106.25719488333122,295.3344543663797,89.06063171716447,98.63668087528066,110.71602538585964,196.01367041936615,113.82707510075605,66.1373584149117,191.15947232123088,243.36928937697473,59.83975330879422,155.7181745592982,105.72512591985421
2022-08-31,101.8653786547273,121.7942481832464,178.70450677792118,204.25662899484274,72.15452069640276,100.13209711911422,56.830589319756875,80.25746819676087,69.0293587390335,106.56500493127724,295.9725596939923,90.23488243327058,98.30478881708135,109.07407769231774,195.44973374929342,116.61421965858956,65.82511617263256,190.90080246593436,243.29849754585805,59.59973064951431,154.8936400922959,104.9016539197881
2022-09-01,106.07914149650193,127.20054635740603,175.48062063569898,208.8237456409491,72.76171537468905,104.07738475780559,57.538655144874326,80.86947788102793,69.18219651358329,108.40765527142055,306.3146413037171,92.13436164272156,98.22301446194481,114.47300078481928,201.5547088552938,120.24723456034476,68.22663437764871,189.48902327440487,244.40786957830755,61.36108442460762,155.6971111920494,106.27404835495929
2022-09-02,104.36443702304008,127.57774906033954,177.30718446751914,212.19882436743197,73.82514605517464,103.59196553961075,57.526993838462005,80.69382890361804,68.23859055242637,105.87878246145296,301.39313642546585,91.63468681794352,97.20441459369681,115.12258792924615,202.31452893728522,120.82280606392254,68.54990807869466,192.78652475525834,244.94482175810214,62.25650547864899,156.8886252325978,108.0181771439597
2022-09-05,107.07220139640657,130.87542616601763,179.5630756230256,214.79167667013644,76.28406348388559,104.62101707522199,60.64321482820111,82.85779456678901,73.27013465746279,107.71462093411883,311.64017192056787,92.96318991778672,97.9703170109485,119.23621308690404,202.77475599544098,121.92774772708593,70.50840319492862,198.7532619469379,245.33699717821753,64.0308601672744,160.57155170385852,108.66733480891003
2022-09-06,107.11797225373223,129.55320696635724,174.46281027155487,215.4182318669323,74.93559668590014,103.40615449774839,58.92443067366507,80.61783934844539,71.47174042895787,104.34418920018443,312.41525862500896,93.37328089841078,97.24363684587301,119.98763302881373,196.0905929164045,118.60864223376248,70.37103470564504,199.14410425668538,244.8877839479463,61.642060959845736,156.97916456968315,108.36114281327625
2022-09-07,113.85789219056933,135.29977915087562,180.4826551546654,218.43740142210152,78.21740101287098,107.35246872572885,61.90227574145485,83.88043344027308,74.64998736402613,108.40766099644965,326.2792138485008,97.53014879455036,98.26705071462507,120.8424046577403,203.02797601839708,124.63931300846033,74.23502636031964,201.36486256419442,251.09629184545943,62.09386266417071,160.53787545559908,113.38480753538362
2022-09-08,114.47620798393113,133.31473177121958,184.8395017702789,218.51485346635596,77.76517811022997,108.00270740407919,63.08351663360202,86.20745357052003,74.8764829795185,110.22355564731714,327.7089797145464,96.65965303701034,97.14613081558063,118.883615372122,201.20119589999106,126.88093397895778,75.04017519692145,197.66521086484937,245.01938962650743,61.07309552470832,159.15202274408978,112.89683480623924
2022-09-09,118.51723264221324,131.30029671706882,186.54831976025727,224.25252740304336,79.8790254808562,108.54886824558056,65.04413599809453,88.5625841499528,75.38105820673016,111.97180638849059,335.07408364607255,97.1735286905413,101.02121653426742,119.11471716433816,205.15678742682985,126.54350293286684,76.24267638922446,197.3624399523467,247.7390178388056,60.5036132683286,163.5160664651018,115.13428784185685
2022-09-12,121.7971017475523,132.7781708417986,189.37386241932685,234.37971021286253,80.37258097861438,111.70529248567773,66.79023724148203,89.42066736292202,75.47877069295288,111.51804546946916,344.7868563321027,101.00847418233336,102.5184040188192,120.97375878955512,211.69815337306014,128.84270356492308,78.52571966290078,200.88008211350493,252.1784265695638,60.68274836909407,163.89417975016352,111.22693020317058
2022-09-13,122.77520372424385,130.75475576026318,190.43581614270002,235.23147062520505,80.63683037559441,113.8309422487974,68.24617754711646,89.29847103274996,75.58515199351322,110.79912260616673,358.39398257315725,104.806417157629,102.76700259984305,119.22695660258309,216.35195493783814,131.22653047793392,80.09334088627801,206.16925668163492,258.8085187856412,60.58946737179895,167.32072626877192,114.3431478815834
2022-09-14,121.03424155172232,133.89995378428412,185.06734902499431,237.3606008576169,77.9475749797047,116.22223681554215,67.09569397705948,89.49168888428459,73.82962818710196,107.79021517513065,360.4711455599502,105.55414952706917,102.28424055785467,119.5641547946751,218.59878357136483,129.00214555081757,77.74881319531698,204.41814336528188,255.5881765372519,60.440496140890474,167.59558347972987,112.22633805053236
2022-09-15,124.05188822601242,134.9665370620835,188.870137894636,241.31249742671582,79.38586926002756,120.7838710456671,68.49561184718715,90.07843704785,73.79847663715674,111.24725155153816,368.15469567881553,109.13239638804049,100.0755166768872,122.25546128023261,219.5144096219074,129.4084876081897,77.5448924351006,208.98543090285236,261.08921309129363,59.939660329796716,169.30649223960913,114.4081322498183
2022-09-16,124.92623949683846,131.94105747257208,189.87811699247843,242.57830523336102,79.95775900993118,124.1662464277727,67.38185484508615,90.90706819120912,73.75694650323524,110.59905388442941,372.52857832496,110.55804272995152,100.781081632431,121.30471600872157,219.54746718635215,131.5276890123515,78.5361538345093,207.78263116173878,259.7925813886666,58.548392716221464,168.55361008865347,111.71946018155141
2022-09-19,129.29848346013526,137.96225150459264,195.27974258360894,248.32853236203627,80.3870807955828,125.50660729648727,70.34436985039441,93.17411233676557,75.27406423721997,114.86352213565965,383.5943707757528,113.09941160606665,103.64816974736422,122.9646328432809,223.1828848121089,134.41964118223308,81.1723692281986,209.1320529482916,267.12008439952706,59.68170832446601,170.46363171121305,113.8910030559095
2022-09-20,122.83228546691912,132.75882732983976,183.2400265543511,242.22127751349066,79.27649390799432,121.07911144732695,68.92124559004866,89.79219859505271,71.49990089267709,111.2075304182857,375.76853913494307,107.74724648672816,100.07901928612495,119.13261403475076,227.81338593850427,131.56879986658453,76.62343371031413,196.63649587609262,263.44360693282243,60.26770156193582,165.31160596637173,110.1816718256095
2022-09-21,118.044356622432,134.7159426534838,182.57515078043227,247.38569144482182,78.81308223212619,121.20135361560153,69.7011083236349,91.1080342545399,71.63442446125386,111.33634374738298,378.446050885605,109.09751699994736,98.69808715517311,117.52290068235824,221.24017460091324,133.61871632751848,76.59533923095903,200.1508322525702,266.574989837246,59.697140595220965,165.9245787363786,110.04360971076021
2022-09-22,122.53863213194883,137.02695039106302,181.23960857300568,250.34985062963966,80.29341716356457,118.71988378061313,70.68425979342801,91.8366737563825,72.55380486641484,112.87495853128227,378.1095048013842,111.67029587374583,98.51878208022505,115.94508674610795,220.57547207357464,134.3817810570099,76.17488706826548,199.94795216150163,265.41292505693974,58.69352314676057,162.62185131884218,106.96756882494873
2022-09-23,118.30066734773018,140.14799934732997,185.6353300574347,248.00099952640784,80.78563968069028,119.15731513536966,70.77488586218686,94.70993699411103,73.2433628207237,114.01612361586905,390.63308768007505,114.57891138720247,97.78004554812912,117.0311311351696,224.14569699385518,134.48069143663741,79.91199368112585,204.00877947266244,267.49327615262416,58.797533103246316,167.90513835337725,107.91939955709628
2022-09-26,117.92209363736933,138.2151687903354,185.67768720160973,246.26868232175627,82.42910107373503,117.77293063182518,70.10388048410483,93.92546421394194,74.44322471694433,115.38631029297999,395.5980351764115,112.4352305634757,97.30221444448843,119.69807995562498,221.61871106336366,135.4125309441652,79.03137690205922,202.06773412711098,275.9477002047033,59.72348546025979,171.36331542408925,109.72329523650967
2022-09-27,116.40849423898773,136.87702055158363,190.38885572247455,241.01902039680908,81.63972850766875,115.35874048362527,70.73972754218285,95.90012555855287,74.28364495110065,115.43882818908217,394.41335095842567,113.0300943916336,98.30694417826967,120.310113875537,223.375645241115,136.9393502149831,76.82279513732436,201.8169021152484,276.7875601545349,60.020356713855485,171.06809451544794,109.84835918158059
2022-09-28,115.5132456083182,131.4767828809976,188.36203597447292,236.3249770136813,82.91055393914648,112.63254749110669,68.5127288765028,94.46816309518306,74.64373022436133,113.54685316627416,383.30513489876495,113.27989461487722,95.17792626999788,119.40268230624733,229.3299359707883,136.4992612202668,76.31405830043192,200.21662955090724,272.2393666849364,59.80899402110448,171.78294764695912,108.39658375278644
2022-09-29,116.23321775884627,127.34735982944007,178.6507540160562,231.7573289575631,82.63433436955995,110.62504384085078,68.37913890627767,92.99455623527919,73.33493135593513,109.35809219015974,372.81940559704145,109.88930443653686,92.28022891115464,115.42693145870439,223.6862897897591,129.92865380858416,74.99281432202362,191.6763491237704,262.408870060478,58.341842168816214,164.53899271026725,102.00270646294109
2022-09-30,115.65662241546184,123.15153255974872,181.8808978034513,230.76460722243368,82.36090171911195,105.60766599607351,67.37320258019031,91.33030536074166,70.65373211102339,107.32053952078577,361.95861070258326,109.07080742478207,91.92879500559846,114.12625770272105,222.75068982864613,128.95949998922018,75.20991603673092,189.35195155801367,256.1694211938706,57.47665668285285,167.42950636005241,103.03731356602083
2022-10-03,117.764752390115,126.80413808604061,184.80884098362748,236.49994480476872,83.23582371226946,108.41861189444606,69.10806714662792,94.32004960973815,73.08536333213466,109.5840199745414,368.25425573254967,111.07214984099241,95.57458262232747,112.87207663438485,221.86040351682405,131.88850592934153,76.63945464511824,192.9310429208667,261.9044796946613,58.52103299625211,168.59947842375794,105.55067047350593
2022-10-04,118.63920724503606,127.67091238748455,185.52444730456742,242.7453013145914,84.94657350724225,109.73024794865908,71.68272133146175,93.9713530994072,72.50418750335992,110.47438985167481,364.58724548639816,111.1642910414049,94.22333449962196,113.97264008662064,216.72384284688425,131.6612975438489,76.67166696611905,191.7946912943969,255.19107311810984,57.010088952736616,166.85344735585568,106.47280344469844
2022-10-05,117.5081945517842,128.8011317514387,181.23542989887446,234.95775437248753,84.96534882951964,109.24138266009457,73.16845421971465,94.6876783021226,74.72034109752087,109.99952311050993,368.7319684218759,111.17351116289687,96.54055899607361,114.06454097105387,221.16414707635784,130.30942610364806,76.49063815954688,192.29459402251572,261.73341122065597,55.35162522864537,166.88313016793012,106.29924174885522
2022-10-06,111.47462169412778,120.66142566571021,176.0777641265922,228.15200116939508,82.56949711162477,106.57118520226382,70.2395298792955,94.66959147730603,72.69367088747207,109.28221907476538,350.5896119907728,107.05546342788473,95.16688722510185,110.87961415856628,212.1105318822532,123.49801851677643,75.45605430464839,189.4583163629058,256.5712230272849,53.5824613541659,160.24871890080016,103.60791445603351
2022-10-07,111.19841688074906,114.72982673979428,175.1584786995274,229.75570805763348,82.31023488086316,104.92750555252715,67.92283724646647,91.35570530770863,68.2983328522947,106.7277314414899,339.41836759392515,104.2876151445822,93.67419091821309,109.27759433152171,205.81347078760345,124.27212196178756,75.12217774719278,189.090834511845,251.69335785370774,53.1690572727299,155.57493015335808,103.04947348104669
2022-10-10,110.02302741509372,113.05368018625963,180.90248723317896,230.78457305924604,84.09166959226243,105.6347806338327,66.89360765503098,89.3887564893399,65.3841938798173,103.65258762307845,336.0419635294001,103.60090340538274,94.00996358240263,105.72531210127174,205.62209087386645,125.68449769243801,72.96698214206516,189.75655286744185,255.43329847812336,54.39983951764766,153.8546698829475,104.04350146815874
2022-10-11,114.42886574899578,115.3408244396438,185.14866478437852,232.68470078748112,85.3604846865536,108.51589232220958,67.21057855798621,90.52332445624107,67.06732968493242,108.2947158122036,328.70849793535984,108.49150089690436,95.2940834081038,109.11179702261472,212.79527121187226,130.83475584959635,73.45134060832324,192.44699873609352,259.4451381346023,55.063298339431384,159.52982399934888,105.75034159424398
2022-10-12,108.96343611313586,112.16759485696312,183.49448609565388,225.97413868863103,83.22066238446426,105.4548584583818,65.89084331219904,89.22289545589479,66.44506722729109,109.09870106908916,320.06419269695243,107.62512290376088,91.21207337049889,106.41560995580396,208.9704089743962,126.70562111241736,71.46356642461389,188.47588518090143,252.85313263295083,56.16483636515993,157.9710836915845,106.91283068218443
2022-10-13,110.46290942604887,112.91636691774472,186.40919926104738,226.80240375737895,84.19341074876094,107.41533053455869,66.98527041835771,90.61992668715197,67.14100646449697,111.81978403571172,322.4003637935517,111.84242402572373,90.3544838469839,109.41269701367986,215.31694227366125,128.0636062966098,72.39140282993598,193.241248816428,260.7126031784501,55.71944172157683,162.43847345150823,108.136666811765
2022-10-14,114.42507701954618,111.32392733453547,192.99930412697307,229.72037725681932,84.33009675013565,107.75540593088584,68.00009101031479,88.47602923484142,67.83372940188424,111.70508991648992,324.91134880931514,113.41583528694103,90.83566165503535,109.10706670640187,221.13811925663074,131.33372095330904,74.1170373112729,197.16741283251434,267.7668333852857,57.6693166436118,160.1378527926114,105.8416299542451
2022-10-17,113.73776527595241,111.98884083087052,192.26702513236506,233.23316199422354,84.90301756269142,108.48672928041127,68.9960510093907,88.94237402434426,68.14325605496677,113.07833798611732,332.2837138289703,118.52633394377234,92.44684053768722,114.38661643585431,229.62899928311725,131.96299382918156,74.27247885897037,199.6036233541618,278.99855574718237,58.44755591641512,158.86978706041182,107.70254862507788
2022-10-18,109.11862726203582,108.67825862134617,190.72803743609748,230.21166732230301,81.41717682004446,104.43123142221397,67.14140791509466,86.0481171905045,65.9978445977464,106.55083715528707,315.9242167728818,115.04036051745396,85.99726371281962,112.81297701227705,220.62461844824344,130.57289702296535,73.20420861964783,193.31166619007337,277.19921492952284,57.733390874552505,154.57029347219617,104.50450907887905
2022-10-19,112.51149220429244,106.45994985213378,193.59736335998394,227.8878318181652,82.49025242734108,107.16004114457294,69.86589437567528,86.09648181709005,66.42434413675052,107.827282460686,315.06712710455906,118.2896972842904,87.07355173844275,114.54986239051631,226.1898339488814,132.367928069446,73.29964542264311,195.75154742345364,277.65277386194333,58.6101594056191,158.74333339838847,104.08044222165996
2022-10-20,109.23611988672432,104.6375393229489,191.0452856305255,216.46068238804168,81.85996828102262,103.39449301401457,68.51921443589399,83.63208007723867,64.60256653480467,108.4169053031798,309.7386594958608,117.76707850038021,85.70437832823907,113.55462473217025,223.61053856918025,130.51497298932497,73.19841030161274,192.689822876867,282.0461627174888,58.400306994374525,153.01818603257064,101.93256560403992
2022-10-21,110.96467303039765,106.46620133091872,188.13588112510124,221.7382307115779,81.67272745523577,103.04112561438248,68.05233232834233,84.8712286944179,64.45087094899436,107.54842164970673,307.5393994614588,115.20500345554703,85.0643787177189,112.02971988528758,223.72527658745636,132.44662284423723,74.18461758611284,197.3174980153785,286.6387186041952,58.23888740529064,153.59866354916798,102.40926239865072
2022-10-24,106.78574248476028,102.44772452402071,184.80065405825687,217.64538473071548,77.42794918027897,100.22070891451875,65.94756076374854,82.79236369554248,63.3315441355365,103.42248881292088,301.89956506760404,110.74039034051508,81.69593956408126,109.90327824452802,216.5032309882866,129.5061672631049,74.51712043129298,193.46779296391497,279.6500341791775,55.99954756390976,145.80190740319955,99.69533179979676
2022-10-25,108.56275082575894,105.7277316459196,191.12549112267635,221.91878249051328,78.64775219955781,99.00196928799706,65.73326902697171,83.01353981724107,62.87170772049702,104.69994305584507,312.7088605012615,114.723596695504,83.07338546297821,112.63920540195646,215.9964998308826,133.7414119833537,73.75502966918273,198.67108321019214,284.6789944696386,56.103961641166066,146.84904582868052,99.3153582374025
2022-10-26,107.05205628371588,104.95085082496978,182.50060959067775,225.21980266944465,77.63478455649916,96.91497663874563,62.580402404940195,82.51573234320428,61.42918719987514,103.89174978040498,310.82675327556143,115.5637675868848,81.21055682171948,110.85735334344118,211.2989310737769,133.84765920730996,73.18664817650986,199.33414643783814,286.25180820707857,53.9378677460486,147.69561739582005,99.47061136154912
2022-10-27,106.72154376089242,105.79134747976302,180.74830365124907,225.92996800776908,77.40024063161478,96.16725190972386,62.492290912736784,85.55254408195108,60.50720515732906,103.30176092373556,306.9493633844321,114.1216537586931,81.87696388636657,111.60093328642044,209.82372901894854,135.1642986332892,73.76269668602625,198.04530937707432,278.78762766073396,54.39181135024338,147.13777018397437,99.10283403058249
2022-10-28,107.36102556253883,105.49642180170517,176.4872718450953,228.3759672412966,77.70063112860552,96.6092037922351,60.04769487705353,85.56705893785703,60.33236154245859,102.60240285159315,311.5928909412323,114.75278351048037,81.98829973299084,112.75888085292618,205.08645906732664,133.3948771226077,73.462431445165,195.16917527416902,281.01088363311266,53.683325972691456,149.23832654259803,97.20402697455208
2022-10-31,111.74102102357445,111.76404222528497,180.01302564931711,237.78119782725304,79.5144846712345,98.82508892576217,59.343434210315145,88.76555785294111,63.06560127910008,108.96985409775259,324.85709289849774,119.4607982655786,83.5603991921343,115.11831750194656,212.05202690501315,131.37228199399465,75.38557220467702,199.06951093011585,294.53431890020147,54.652852711066586,154.18880788157728,101.073384744617
2022-11-01,108.93624754545469,111.26873576540716,178.68364307875396,232.78560927545777,76.87283277901543,98.52328560754273,58.402636704856036,85.24183301652137,60.716933224845036,108.03112192836988,314.5490712961919,120.7012266887,80.92263084110346,113.10184026285093,208.56497169586135,127.54202506522317,71.5327243614094,196.1535953854957,287.0236962757329,53.791355666654475,151.38001248216278,99.70264941256242
2022-11-02,109.77944760272077,110.13223887941102,181.58094156228768,238.67287169857704,77.78685216632442,100.59418939078908,59.219689634153596,84.9715701973509,62.02972936208374,109.59422714749043,321.30732324794917,121.98526965765716,81.67613411748229,115.53393739790172,211.60694377811922,133.2075581291047,73.75906589258656,201.51202227487718,292.28778152373457,53.18631532431537,152.40162334241393,100.64314845858927
2022-11-03,110.51216348357842,110.23471635339853,184.2117289581199,236.86412699385508,77.8613433083507,100.79446988549263,59.37072185748264,86.48239395475673,62.72654525311293,107.33984451917067,321.08125637142336,121.60596648043789,84.0752319789157,114.62737952108274,208.48439614867124,133.90176261085318,74.09503645795118,200.70468338209588,291.2718292182406,53.78911555039748,150.02264962680005,99.8365829164581
2022-11-04,111.30428941773053,108.79179318858141,180.46607924878992,242.13090235593137,78.66973620405093,102.35765227706118,59.49795032796227,88.6210017748846,61.802313197076,108.78339299935678,319.461777167056,120.43864671316297,84.49737713441681,113.7081641124939,206.3881904282206,132.28830839897606,71.45273450922055,201.8250682938489,285.1076226888377,54.97303241931784,148.35277716927254,101.21191157725762
2022-11-07,111.23437115349013,109.23750732237929,172.48425333402386,234.41923845537082,77.67372045755445,101.00347296980206,58.95142423223251,86.91255816641012,62.41809429501063,111.2285439407549,314.35519350045365,118.69143679658197,82.7681622910533,113.47533852697376,204.77120586500175,127.42657552306706,69.27350452252054,194.46898366790631,291.2405206554238,54.32552180212744,144.02687047386405,98.02964177382043
2022-11-08,114.49061856732779,110.43024720580402,175.01122180356035,237.1681560630315,77.3644912546748,101.34736240612577,60.40321084760314,88.756662909388,64.09862755876385,114.42497452807528,326.6277497780799,118.50440395613114,84.3834920878298,115.89244919783766,204.8476690281423,128.60146175964974,69.67282449898534,202.5767127809822,294.32884727872056,55.240111079158204,144.8969917757518,98.31081595865963
2022-11-09,115.07469011299011,109.22197138624887,169.9832228207354,234.1975290819436,75.60913086548565,100.3586457665597,59.057749964420815,88.70849229014833,64.14422092723301,115.58049391513369,323.84931347132533,116.107359787075,81.1283613356108,116.04199476125004,203.45001857438345,126.35673298046055,67.22295396372006,195.80215503209698,287.4698507425773,55.198921494310554,143.27978600779866,94.61193150006577
2022-11-10,114.0049773062403,110.65424721255482,172.82756980587163,239.26721264703676,75.97988327733535,101.54114546689932,58.62486088205162,88.45555472183749,63.952922200922664,115.4779319337838,317.2493493241418,116.32511559076235,83.32088795470754,114.7495910332306,199.2752065528228,124.26053195489321,70.25998179543048,198.19550795611065,287.2507064255335,55.54531400051269,144.2583398859469,94.19978237387988
2022-11-11,111.95979728670675,109.21329818342669,172.7393884573204,234.29909248647223,78.51325319774477,101.97059171952648,57.221042420855476,84.70526376265899,63.00177127246949,115.92777779691275,317.72864324193597,115.4562450733594,82.08538600593795,112.52705536387671,196.96760928943752,121.66960587355574,69.43163295761842,201.00149317633836,282.6189870912687,55.73175841581482,144.92610588673668,92.12732868595761
2022-11-14,110.27420048717428,108.99146399706166,176.34606507902444,235.46520407468867,77.85044386525719,103.13734367785175,56.99639246391556,85.76250595609699,60.85490596337426,115.48301149846472,307.09213787464614,114.61339893568858,80.99667678071633,113.73002418439756,196.90975550555308,119.44563123853364,68.33366150308203,200.1954742658848,277.2471329569717,55.16295706371897,146.4849292906941,90.0860252086043
2022-11-15,114.67850245745542,109.17588723068329,178.46379310545268,237.00745248758827,78.4389010146807,103.10351998246027,56.67620400995662,82.99288899473189,60.471967892447616,114.4251682332193,307.2669501072644,113.92170937786297,81.52116039359012,114.76802630719534,188.05978918841248,118.31069442489112,66.09006950303257,199.91761814807637,274.7155593807908,56.010554360242146,146.4157062298617,88.98201718259757
2022-11-16,114.86740954230672,110.81588592566358,184.86304595420248,242.80610931428475,80.02076444441435,108.29802655331193,56.60439352523727,82.85227873201246,61.1973448246735,117.98722799657837,305.3449658556435,118.24862079505469,80.71214612095864,115.8978702093213,191.35133263223972,118.32846544969684,66.24500729511672,204.63813605541984,283.7075407119366,54.88719004913849,148.74096021080285,89.86856503397101
2022-11-17,112.54678001561474,113.28586997627936,188.38999259386858,242.83741149767147,79.56977206364263,107.21645578956931,54.49130727488108,83.38316011469163,62.02428149403807,118.22393671955854,305.1098335349883,118.68490013327424,79.8154637630862,115.22513266046342,192.51251500059024,120.19868706851362,67.72701621134411,204.28033417824378,280.3531388773674,55.00922941802786,153.6138666490651,88.72918078783565
2022-11-18,114.38326778406505,114.55545393048541,192.0926922507178,246.80254345274514,81.27667906519225,112.8799951164453,55.912264253093646,83.83364358743749,63.56594388635683,121.46578768387421,318.6462031314126,119.64371070130005,80.2060863463688,114.12613597310776,197.50547859852333,127.99039868791245,68.24791987779744,207.9184470752999,281.6655524084979,54.558748670728804,156.46716442938913,89.74538839522769
2022-11-21,113.34158458643076,112.92441489650696,185.45467903503655,241.3365487692334,79.5328301744128,111.82720862341704,55.93907576737929,84.16214900753513,64.48852032574453,118.39131281408672,312.45827453949397,116.91476720907748,77.00481981160141,109.8467624267194,194.81167192460964,126.61631287350096,67.62770117987372,201.4488845531545,276.3634937112708,53.21740635752132,152.35480040019365,86.11368086131345
2022-11-22,111.29266053172552,109.28385403444001,183.34143169867883,243.96954776265378,75.33021285876363,110.71899104137943,56.13022560516756,81.3098656549694,63.838196356422166,115.82815269312948,306.5542524977896,114.93249999077088,74.8667231263848,106.65977351716904,192.59289834945923,129.49193615147763,67.65797246771525,202.30291872602393,276.55667310935996,52.07955236579641,151.36156177319583,86.59134318806397
2022-11-23,113.48480932606755,114.62123016195117,187.5457620175794,245.3388657029437,76.02547264548976,110.28543614629413,58.72120832657615,84.16852561005575,64.6079554308577,120.77722242248691,312.10000033055945,115.37813390453562,76.65879572857746,108.40042920332755,196.4983394449387,127.9899818249981,67.53519606570444,208.9115708431699,286.52448979493494,53.72353408161601,157.59064088049283,88.23662841956607
2022-11-24,112.40345496814824,111.10871200086724,187.85759626313566,239.3543414990547,77.75121232331159,110.83745094684606,56.850228115307985,83.81353025935539,66.41345427123709,120.46566085999342,307.2388231763881,113.03624234502509,75.13714172048824,109.97426250090552,196.04147201171543,127.98900634737049,67.53781645848157,209.82689623197058,283.0117238854019,54.32666538017916,154.77101701591516,87.80844813439089
2022-11-25,115.30625171906902,116.41919714133226,190.04334235512687,242.4304843070782,78.41716063416494,111.82261412995612,56.832904271869985,85.17303255215812,67.74666529984357,122.98967165645419,311.9070909739592,116.02294183038894,76.11178185693134,110.67704247321905,196.03070054328552,126.7090235095314,69.86355951486748,210.2558061161408,282.4945809793084,54.66712292918179,155.91294747154618,91.0668105648863
2022-11-28,117.4376602649413,122.05210821498326,191.9192932520849,242.8857193154739,79.9956946870878,115.66514668548068,58.54749112362283,89.85181925883859,68.67159327794656,123.742993968998,316.13185563235004,118.66203825613623,77.49881519471953,109.41347657643759,189.12364084352302,126.11435282568026,68.55454487276276,207.95417684653682,276.9267244638712,53.15389124336981,160.060235804828,89.81074532595055
2022-11-29,117.27547689397268,124.88580082470419,194.12370911214418,246.3457471144803,81.5576588355951,116.05815994646159,58.21250279751222,91.41188081851422,70.97332124475126,124.43006545490681,323.72127491568716,123.40076176524175,78.739225606846,111.45331898227212,193.00012694285113,127.16772643720972,68.72261976679037,208.47678193402655,283.1007963911879,54.68047626573447,165.1544185694267,90.85918436628123
2022-11-30,119.27382127614953,120.62572924544982,194.36802512078816,244.05552833801886,83.42743382623814,118.0780492797828,58.42319079233325,93.57762432644495,70.89660490608888,125.26250472131883,329.0526507949532,126.06890185508227,81.4566208229724,111.9804458987719,200.07470636414487,129.2011833311757,69.89514963613642,211.0957994690745,286.5825126548729,55.780057065409146,169.59291360367055,90.88194758456032
2022-12-01,120.96040379532661,122.52956548710924,197.40744004031143,241.76378026947737,83.22879185794373,120.88066349424969,60.35263017378566,91.56657583896776,71.1693379333247,125.07543588535711,333.3712335636333,124.08814543224219,82.11560300034603,112.06046146825977,202.8212991637028,130.9621560136162,70.47630576332462,209.6374517586874,286.61178679226424,55.29004520521371,166.29905092213355,92.01208387624361
2022-12-02,120.4069582163536,120.57045190428464,191.1879537836222,236.63483066700982,82.30345890183621,119.73568301449019,60.45964878152125,91.64551850269389,71.12615156390139,123.46391450947444,337.9251040578513,125.31528947672302,82.33918777570973,112.9446236706062,202.0594848363532,130.96821755422766,68.23247507097685,208.29367769193402,293.92699438269136,55.37944111562134,166.77504417169368,93.33432382780072
2022-12-05,120.2572799938226,118.32467624516941,192.61193840129096,234.77195980696044,83.83581137981618,118.62793939006694,59.754521221078775,91.52276567836344,71.59155744294148,120.80472162142539,333.660508154742,126.10118421070399,84.37868278957512,109.19070224744007,204.5772202960442,130.72739703176785,68.04652450355374,207.1432718319833,292.9985865865131,56.15509459479924,166.2883991720068,96.09447974045032
2022-12-06,121.09659603496954,121.5570687415436,197.99095358830442,232.53356628022934,83.61431128343563,120.8806402457103,61.20306782322617,92.03303643925675,71.53182824639349,121.96988149873923,343.6245825921772,127.173285799643,83.4443820933998,110.23130599937372,208.4203240733081,131.50086629657363,69.8673748929755,211.4672088552885,294.3614336589112,56.63429755963672,163.0455940663359,98.59676099358997
2022-12-07,119.27994532376098,121.56881131716072,193.9351874677526,228.274295474378,83.2512508609136,118.92822908147528,61.103627814833835,90.60495286431868,72.76845350346122,122.36735918363883,344.57929616909473,125.56726085621362,86.15891019687473,109.11362962767939,205.52860307539382,132.4546782063437,69.8236528546402,208.11968868622523,302.3286837645597,57.26179335994797,162.51285767257832,101.79745280445191
2022-12-08,124.55876502468854,123.99033134911501,197.689392713373,229.263669901258,84.15623891288864,119.38892838341437,62.98728071657872,89.26522062543846,74.92208443874787,122.04219576953628,348.02012065511,126.28313436537037,86.35940839405784,111.3478538329511,207.9005144769739,132.57495014290743,70.69220984842117,208.05476800357994,302.304292111921,56.555779234132686,163.14952693801771,103.58322745652023
2022-12-09,131.35447581670095,125.0321889264151,195.3854676784188,233.34290042444985,84.65054090356827,123.25762184658124,64.52975711052218,90.61381778613449,76.13275576216907,125.01784253921569,353.80320403576826,128.69994322145251,84.74538908584077,113.46988265554958,202.7912556360696,133.16509080260403,70.40094790952077,203.49840259308553,292.7920423199917,55.67253512896543,163.42886008433388,102.73516433962523
2022-12-12,128.75944883509663,126.14667857415289,190.41752996716207,226.59147925924952,82.86026947367195,124.24683853169056,63.58882356543166,91.44609915761121,75.57673496369206,123.58401281081984,356.4174051397615,131.33968917711496,82.56263246649169,113.32314589291953,199.1288140332568,130.51588013078333,70.68109111607963,198.46299152287816,284.2499868723022,55.3836642686746,165.45687085421463,102.64871616771843
2022-12-13,127.89509962153744,126.43804969329388,187.93190737253443,220.88776463647125,83.54022697843016,121.44808199150351,62.08543744596438,88.95572299503645,73.20163479123255,126.43666736693471,357.62308958549283,127.88169794526706,83.34641442517994,112.36163572036739,196.90955418389868,126.83557145788699,68.9708832193923,195.06519216518154,271.0676554267031,54.06628014484462,162.70657717564222,102.97293983927952
2022-12-14,123.87805868468179,128.58800064256124,184.07859381726533,219.77350160537978,83.46475475203312,121.77006851015778,62.106003748180036,87.43775442769017,72.39380840350638,128.39539142804117,354.89429846155656,126.78856462173853,80.8977080703767,113.02232549465094,190.64699724580495,127.3514181132573,67.38874309600268,196.66844271374868,268.62142479661543,53.234744459782554,165.42012531481603,102.14592343928615
2022-12-15,121.53977847196886,124.14190487861396,186.55039235500635,216.15025440729084,84.21824024237924,122.26002639094006,60.91700221092382,88.15440029217825,71.77056105701746,126.94151283984384,351.4150235836527,122.9932340362588,81.06788656925045,110.99100251243333,188.67171419225008,126.10167026563735,66.17135886561553,191.40063063976862,276.8183887743745,52.986152288603186,169.18555639272066,103.52819315181851
2022-12-16,121.57289444097388,127.32698192876832,188.2281373673844,212.78629182812165,84.37154261501563,123.48977258248928,59.41991633374204,88.26249185888355,72.66599386779109,124.95077066594104,346.4177097319303,124.70937141742932,80.3571215786025,108.97272993380732,190.13716057642523,126.6218729434998,66.03649667303527,193.96822336146016,280.0511824180783,52.73731197772556,173.74053743916662,105.62949098267849
2022-12-19,113.61207055780383,122.6765872826501,180.4016388267121,205.20549134993433,83.77646513041442,116.33045836632733,57.39721107207408,85.30879414666181,69.91271086433628,121.29475231462996,324.11457599248826,120.27534229541197,80.3357009076815,104.46511135322238,190.4754812629702,120.99838786734074,62.97787165126208,186.65789781820774,277.614466420738,51.070633936970665,170.65379327957248,103.27321101528872
2022-12-20,116.05611246817281,121.79280681883809,179.61019736342877,210.51991365249535,84.156800282946,114.85558697308464,56.3121994868242,86.76973611004631,70.75637896801577,120.53002522320162,329.5961715899938,123.13035849091708,82.07210377220225,106.95249087833493,191.6493716311901,120.52162714276601,62.58169376892908,186.56189041769554,272.7688618140861,50.78244096766493,173.90480641074484,100.75441753892707
2022-12-21,114.11839484654779,116.8810932525998,176.19615792145322,206.06744685037793,82.09038863727785,114.72256106275688,54.32838707468548,85.51561177706624,69.41355695640198,119.10292784550403,316.70461774168615,119.93786287220422,80.611918032918,105.88610586325692,192.78212804757266,119.56098206997731,61.88261189795913,186.74548320844508,266.17798701079516,51.047570289871565,173.67329055228376,98.258105579614
2022-12-22,120.96064613976884,120.5757839073925,178.84941027034264,208.53498345323405,83.58043675307962,116.84418509730907,56.549116556260614,87.41230378693437,69.19046129313963,122.17280957918437,323.3872211229676,121.91184193269592,82.8288539953707,108.30304312098067,197.89016842218467,122.986023075659,63.67479452775099,187.49332856877766,280.39722120586737,51.05510881938783,177.19775991513362,98.95288489449737
2022-12-23,121.41204858730082,124.07608631374696,182.74537580833046,208.5869770205361,85.01953119631706,120.31837256361173,58.15495097824908,88.1963977559238,68.4214865556557,123.42921690032142,328.1754262022509,121.13304524482201,83.28393534516968,108.72680485747742,202.86474200346342,126.98536615844588,65.12557855648522,188.21943823697706,286.9515505064462,51.81521120533059,177.89691476774476,102.5688125336674
2022-12-26,122.50092771402146,123.09124080754574,182.7327392469481,209.78139558509113,84.61256778373551,120.73497300068314,58.27296109195974,89.2357039870275,68.25998865851224,122.53823047534664,327.70917170689125,122.25943863947961,80.39675876646245,106.3242946330676,208.43616361819684,126.55650478050102,64.17723538253853,188.87191150767183,280.99237213329457,49.742703539697274,177.42913160289638,100.5771335074488
2022-12-27,123.28292784567076,120.45917495539591,183.10019468065443,211.51958264926398,82.97241986488201,118.49706337996422,57.953247658558425,91.09016378998342,67.00010876818575,124.92886871908202,332.6417452232709,121.98486204442167,78.74116699751626,105.22592896200246,211.98427329152832,129.3950121125428,63.28813904988023,192.41224560473006,284.6401601720125,49.81801993069697,176.00544774923958,99.86261615301429
2022-12-28,128.66430544231193,123.75083943787469,185.93542841478435,218.08439412190162,87.50624840508961,120.1608635833365,60.21716678509899,93.63701986182251,67.25928030076317,125.12987932464202,338.2619698454218,125.33790876040692,81.53259380440635,105.09033226075974,219.28459999395298,132.21125749230552,64.70103271159651,198.3970840188976,298.6792753714382,51.15462238031992,176.2869774097322,101.80680984034316
2022-12-29,132.22744736245966,124.99521453405403,184.09619770144116,222.33011009171847,86.84225583861937,123.53751851424414,62.21751269988128,95.04320700470342,68.73355515353444,127.70502094824722,341.0687261602051,124.07204699047793,82.35096246727,106.30949544478865,226.47361604341455,132.18813800296,66.42551262873674,197.09154512034058,296.63615302743466,51.46731378811698,175.9227658513501,100.81382400449691
2022-12-30,139.4719692431263,125.64491162470674,183.74710810143264,231.91282899433688,87.95662559212045,126.28027004613696,62.62321260221682,97.44277311460131,69.23648885097164,130.2416794920958,346.01523911651753,127.44506714695234,85.07820682587071,109.21686493734435,233.5527360456232,135.1626362062406,67.56817647053371,203.15876079612178,304.22638038696675,52.63213835189657,181.3745113026832,101.64389779341445
2023-01-02,141.90201791654138,127.51610218853044,188.771944798606,237.16404467712027,89.43486632676134,130.98948763903363,61.27316644046113,101.67669058161093,72.14282481855213,128.9775698704022,357.5976809492759,131.70585457646482,87.288690544418,108.58002374320805,240.13069830478628,139.60413960463387,68.1744140761479,208.0695836329097,309.6639925600392,54.255102337839766,184.21255965502584,102.543809278196
2023-01-03,140.0738225273623,126.83090915230147,191.22179510672987,238.0327273772505,87.50659846211798,132.23117518857677,62.46162221776791,101.49469844834104,71.270371802329,126.76286243447007,353.64837602342124,132.24696390899007,86.88377247290951,107.17419783609412,244.17196281298462,140.24876382978695,67.09336292622211,208.96388716331433,311.9769532666949,53.66684941012318,187.6910855621377,102.74395219164903
2023-01-04,140.60490377566873,126.32991882886746,190.57018488753278,241.31520257245182,85.45233515574478,129.36961179287417,63.33164389687724,105.32319577698756,72.42587275723189,130.04357774827486,350.81590229356505,130.69231126678443,87.28765498159785,108.47157094083975,239.7695629319267,139.7791776037118,66.91860368848417,206.37638912646617,309.958974806485,54.22748443568568,188.6713550137622,103.74851182959573
2023-01-05,141.13962262847394,124.20442417693077,190.52562885394082,238.63630615247348,85.04893001191485,129.21613099471398,62.781679231305915,103.72438511732277,73.53808202790972,129.51814879408207,347.327851285464,129.15099275163504,85.22439940960862,108.59216866568337,236.7630648923183,142.16827403115593,67.24549198018698,212.11734852668602,313.1188089272428,53.877317467943044,183.94042066230074,105.46458009174584
2023-01-06,142.0794415090552,123.0508401801576,188.746234308641,238.39229039225225,84.91441391600839,129.8960224938835,61.027332323965666,101.18410611986307,71.12476715751262,126.88406292786328,339.382190559745,123.78972030490795,83.09413965549999,109.2870900111666,234.25559984393183,141.60550690572205,66.10261791651283,202.89156281369839,307.8785078275197,53.90091946326496,177.44831231212908,105.04464173030142
2023-01-09,140.41815300640704,120.03090948070835,191.96720636472807,231.8556127458955,82.47752107886531,127.71466956065223,59.19957784837883,97.09269863490911,68.64250032116962,125.60329543772262,330.13728227223805,124.47159545809251,80.880468258045,108.26369021363337,231.05626993470491,137.7033473457215,63.90773905756362,193.5587466100558,304.2993604707903,53.79052585019521,169.41689894771895,102.35774117899703
2023-01-10,139.27769683638604,122.0297412208006,189.40081255739466,225.79287322482034,81.27045432328121,126.61999063183154,59.471466990161574,96.23001851938149,68.86807957331189,123.37372087287184,326.0633865017674,122.05951839940822,79.23838092002174,109.51083199554155,226.99412179369125,135.99341270823572,64.42322188043491,194.26465554897092,308.7550551934749,53.77110790096988,166.3263322290003,104.73798342269966
2023-01-11,140.2539484579631,123.10807288271535,190.1267462517059,222.80047073676386,83.8536994883645,127.35690569254557,59.9329471142248,99.72844281850925,68.49499040703694,125.23216886589753,323.66998768180247,123.54867947841251,80.06305873773468,111.6182568467041,232.6560764636917,135.77462388438988,66.26798673663863,200.03376857778224,308.86612028679485,54.16289657197755,165.97267020175448,105.0316007246731
2023-01-12,134.84353597528818,120.85792267654193,187.3253924153441,224.0159034711652,81.99043872298846,127.1781416026131,59.32486969309758,100.26860379348324,68.2574395369973,125.81853505145531,318.4936804294611,119.93462346484463,79.37973789891096,109.23435562237842,229.67017927151855,134.56880416770886,66.57195170275693,199.58506318742718,300.13566686733856,52.47209118575576,167.80336926300825,101.06333848966612
2023-01-13,138.17597054392573,120.53003531522944,186.4599698471309,219.94879494540035,81.73374367316103,125.00080281673647,58.460980799805625,101.13891597661993,67.55161954973435,127.61462831782961,318.01669920903896,116.86877839354476,80.37162304503408,106.52972112080026,225.88432511965522,133.31463171783813,67.24149212611249,197.00496590025745,293.84254985195156,52.336191717665514,166.38105018087472,99.84644562873339
2023-01-16,133.69097840335166,123.59752545691697,187.31034210898693,221.18282590912435,81.02004328033343,125.85512545450723,57.57078612269639,96.1906215664338,66.4828343548488,126.1470133458688,314.7358504434963,116.87025670607068,79.83507053047128,105.66416802965823,225.2012555666016,130.3134372190056,65.46859486704176,197.88531344661035,294.7715812288171,53.18345358412215,166.29197420800898,98.3580762079789
2023-01-17,130.52791212368663,122.56232241340457,183.17743670106654,212.0967216516853,78.09727999118148,120.47759781676316,55.26210263078643,94.59570648223522,65.37617487663952,122.06699674888944,306.28988551709216,112.7985986190464,75.96112255630267,106.08146895699142,211.87105079334754,123.64108318813817,65.73507339385988,193.40785532439378,282.924751249319,52.51146962230399,164.15171155132813,94.14185434357161
2023-01-18,129.06107027747058,123.20556361150938,185.99434633429567,203.21381040981967,77.22939512536307,121.07280080750814,53.68234352967242,93.7224591705792,66.26155314114087,120.99488684173927,300.1920594850932,114.035811191435,76.01227332425965,105.3360356531741,209.8196310944411,124.66114178252752,65.63146047997553,194.1215375974512,277.3793945709919,50.68646134505259,164.3318653075413,95.13220540414213
2023-01-19,129.03256290181486,123.63023121414928,190.45666470106633,201.85887330262898,76.64605953218965,118.25878030463022,54.182711248972936,92.71215537791971,66.28011294016943,121.14882453404653,300.2532593961635,113.57274757399337,75.79126545760202,106.95256904458853,214.07809918462414,125.57772597973745,66.73266418053392,196.16320474442918,277.5134904604502,51.676489603781775,160.30056838909255,93.93718540267966
2023-01-20,128.82954096616285,120.09583163292628,190.09311523529573,198.1735899310708,75.52267516720205,117.21151759626933,54.741509727916295,90.38299789773322,65.18151074621969,117.75444528592435,293.44912507609484,110.64700685557885,75.3532645510791,106.62409772845801,214.6315866501793,123.08719096911142,66.61043181845301,194.64209304196436,273.15796615962313,50.22581888140961,158.74459761999367,93.31001669417397
2023-01-23,130.7929137704228,118.6968110018562,189.7833204926358,200.02795081726154,75.34102946543554,119.46344396583831,55.01764667133439,88.08199347743417,66.23154413859578,117.99038033914131,286.52923377959337,110.40761026461794,74.04176175309338,108.00143696786427,215.6680889950053,121.82708281405553,67.52855418681226,196.29628345773696,271.53975888338647,49.36880467117065,156.74895010688584,92.26110691711541
2023-01-24,130.16540414871696,117.76581521080439,194.50722693591715,202.59811291858685,76.65091769861401,118.03351290509909,53.84088063889054,87.37862992269866,66.82185279477436,118.64781904990448,282.52302831980114,110.01531097828365,73.56106631443838,108.79077274905437,218.56915903506834,125.79214918967914,68.2854093468098,199.94041724292507,270.64827358483547,49.8616772199296,158.36509947571363,92.93000072846817
2023-01-25,131.254039170818,119.9662332938608,187.92412158596107,206.0107235786573,74.69448371422538,118.71567159869353,55.84650714786574,87.48000715013836,67.1382611143088,117.92759099092581,284.40725436983786,110.628239580366,72.82526923032945,108.61919649429421,215.39922407871006,125.72835423696775,67.86528962305577,200.37754472010022,267.8677518374924,49.708187973383275,158.4102166728212,93.05215162997492
2023-01-26,130.00681845190692,120.38961360838852,188.1136500542098,209.93751236108295,76.25952190862697,116.54517596701439,56.58285559999375,88.87472883972886,66.063456514116,119.21855174756651,288.86163364960146,109.46074713498851,72.83592212831103,109.32372272042409,217.80952123923024,124.25737648828203,69.29361678421425,195.0176823728333,274.8030135447672,50.30197298742083,157.43960953786254,94.60216712265006
2023-01-27,129.00881760235396,119.46115953245531,183.45419686259422,205.8196413574515,75.47615241138894,113.96308773079485,56.14734790617481,87.01712788140681,66.27170439546654,120.762741281703,284.7092975012677,109.63920021292192,71.71729662674487,106.45724853670886,213.59405754955475,122.8515533904561,66.59269341207079,194.4738293265432,272.6161269533424,50.44455749318567,157.0533305333497,93.62072982788978
2023-01-30,134.28024236399807,119.8464974474303,185.61242227567536,202.84117096861544,74.51871413142868,114.25018357296868,57.14784390104191,86.28119904753656,68.3049732064039,123.55892847213221,290.2864969265755,108.73169032550229,72.33207842304157,101.38664059035447,212.94962623284994,122.29374583997836,64.45085578572078,194.90629546685577,274.2438610013612,48.846675165574275,153.54094228989035,96.15746008934877
2023-01-31,137.35133823106747,121.27001234795037,188.1037823159831,196.03999414849466,74.12419836760984,109.65273162393368,56.109456679048925,86.23937298751221,68.19269410367438,124.36686365180195,291.90329457559415,108.75016317604351,72.38881586276788,101.70677887592872,209.23971241686695,120.66137662019752,64.29685604451602,194.4860021014773,269.0423741433697,49.549439518400824,154.9139348376256,94.74086907640795
2023-02-01,139.60178230542695,123.68464556160018,185.99054440196423,194.7074958438631,75.6488958903878,111.37157563424442,57.10652856577322,87.80903809968608,72.13165346688271,126.22829287014278,292.5497541527032,107.4527024241302,73.08454099917931,99.31386154432286,210.22315861628428,119.10057426092801,62.36911185362209,191.21835031983215,267.4969087338742,50.48231270008048,156.5066246232011,94.124509089242
2023-02-02,137.81688032506946,124.8631525349258,184.03340959476617,199.3682811065801,77.47615307421302,110.92747669978188,58.153827176983235,89.31302629934959,74.31746552271146,125.26939096474459,298.83148619721464,106.62689682272175,74.8184041971732,102.09531565219842,210.94161884946362,122.80428083217937,61.64910725858799,196.6795457387571,275.61683465920527,51.35330790661285,157.95497214768682,95.70133389410195
2023-02-03,138.55474413662625,129.09762795551987,180.7275232908712,202.77887903001206,79.28443318443006,113.13956750072794,59.36027562310748,89.46881854300109,74.36680263245331,127.8780288550292,310.7492105380913,105.02022805226146,76.78417081665735,100.46206732915394,210.04771100429613,122.33647305656699,61.1332203744654,189.30356848448523,270.8997756612176,51.15557142756608,156.93698056386083,95.95953029978936
2023-02-06,137.60217302008107,133.0720493259852,178.76664701050757,202.89089866405385,79.02538177122841,115.26186978196206,61.027862899093435,89.97096635313973,75.25201599343069,130.0994976778062,323.3452313829803,103.22211679385873,78.36940762176367,101.98204857893623,210.03665574075518,123.83595053755349,62.39222637734448,192.7544725158475,282.79617113445886,51.73845104084645,158.98687854428957,96.60846134070239
2023-02-07,138.56228077921386,134.00977184255376,179.66345090092446,202.46597492473222,80.07699972057013,115.55043553541053,61.92769139023653,90.63599851882144,75.21815101981585,134.55027067630826,327.281145946586,104.91269804319016,78.09793618622689,99.60103861697354,208.90185718982886,120.47703484125927,62.60952621325986,198.35696824264338,281.65149132139396,50.46801793793016,164.0114240515647,96.59932455643035
2023-02-08,140.55272387467664,136.39180430949594,182.127997629955,197.2057914507644,78.39505627748434,118.33345900574894,61.63441250072915,90.34848488764733,74.3245873803707,135.1247471775294,329.89085812327284,103.4595762979565,76.88077190358413,100.09815594614246,205.91799092396877,119.25386680494002,60.569517780006315,204.16568207601028,285.95298721314373,50.104095514035585,162.0896447245983,96.63549823807693
2023-02-09,133.76906204149827,133.9507627831296,177.8936999813263,197.75250430236525,78.62027119635681,115.42194399107109,60.60073782975582,91.92962201348932,74.5525799702486,133.25675980801188,339.64353067011297,101.62291386791581,75.95906186429029,99.95240145615546,201.39292654208262,122.5305730736773,60.74812986850478,201.78763454206057,287.4591161768978,50.223966288215024,161.29867524154736,94.90319767823998
2023-02-10,131.14302039508024,137.4508088336766,172.6447808652056,196.76689502497146,77.84562198835751,116.65016567685021,61.16474023354085,89.58653045703868,73.64471561877026,130.6593794336299,341.0515804052461,97.89490693759774,72.42314848682732,97.91370199407454,191.23824974063163,120.91387270221617,58.57948323341409,195.84635292489796,272.35056959361447,50.621588932140675,155.0074813448264,92.78737248923393
2023-02-13,130.94514146380982,134.24489867082806,167.12786025581357,192.51408056630123,75.54845614866993,113.24718705357843,59.863920756817386,86.30065458105015,71.44720368980259,127.67358713404141,330.73440949601564,94.74858881311118,70.32442606137262,96.87453561711165,188.7008336628106,116.04711695186909,57.11407627161029,189.50197080981167,269.4110580374182,49.19563401494673,156.6516550019415,91.13275073825731
2023-02-14,131.8149973463739,136.35384136725375,166.97484698234496,195.38044160284326,77.84224650813836,113.42332274979007,59.126142902413626,88.75347626330021,70.15761522042267,128.69504280890817,328.8936545055368,94.79894236962008,72.13238362892696,97.98868178268164,191.00321527330115,113.28970864834562,58.37805385380132,190.21734430722137,265.3622583390575,51.303915408441924,160.0817494813901,92.77251313435985
2023-02-15,132.52605625260443,138.3649332125779,167.8460437564779,196.92155032143322,77.57193706598193,113.74354761961746,60.87248941559985,90.64317878943434,70.7454428133932,129.07347920964077,333.1760764091241,93.86377726649343,73.37973180442289,100.88670669111359,199.53340657494041,112.78187421201167,60.068102184039184,191.12750662527824,264.7688224953159,51.224884510712876,162.81659264703723,92.90528190419536
2023-02-16,129.67609964734683,135.23869817430827,160.5750293945297,195.82315147090804,77.11681654499174,111.19961259189382,60.62369533428397,91.6692899699246,70.10881709841671,130.3550527536857,341.1165026744568,96.78066182846257,71.56683485758808,98.40205935988227,196.27823188305047,112.05710787680661,61.0843121561694,191.61038435744297,258.1862315708341,50.40236600827499,161.5735830470989,90.19063147395357
2023-02-17,125.30546004422827,132.1081600030481,161.65559293151105,197.12062811793763,77.27211672222447,111.8591087679949,60.837076166943355,91.06683627246687,69.48523451212837,129.4972100015635,337.5606663529742,93.67873327972382,72.82614593604188,99.04431621558345,192.04202827032336,114.28708178497013,60.57818730442087,191.40871183170324,262.56238344611995,50.59722719359093,165.05964569496658,89.76515708022191
2023-02-20,129.5954165558758,129.53139259505724,162.33312349136222,202.08088696280387,78.40704298862082,113.35247552629711,61.49284737972618,90.4252733070471,68.98155219336955,131.608080547166,338.09534646671256,97.50172364119837,74.12353434616686,102.16177045486941,196.68936585615725,115.43034727315951,60.03232614732349,198.771860258288,264.2812693013091,51.337854615842254,168.04550410448113,91.55407836922328
2023-02-21,130.9017104995156,133.0633167561129,165.7345364279863,202.26476991234728,77.99432190135079,113.31105650746602,62.07297862832331,89.68028276527907,69.75787578122454,132.47304345360254,327.19601732066894,96.60966829664632,71.80029896192025,102.85493378016695,201.56997793143,113.33594296712708,59.558623167427704,200.65769554943557,263.63639583332866,51.128057978041355,171.50270581177722,91.96790942115256
2023-02-22,130.76867388444674,130.7722605180504,161.72124167377612,199.0036897207545,76.0625067030137,110.3099480438361,59.21538832640811,85.95748852458904,67.92671314982782,130.73034184649921,319.1937015291912,96.71284834163664,70.21157671132055,100.09987646264061,192.83614565055834,111.67468897170072,58.85851195837795,196.2551092794148,256.4841349678683,51.189940973785134,170.22845972276642,92.17499200936707
2023-02-23,130.94375175760229,128.4943348048347,158.5548188733489,195.31502210446084,75.20991012111617,110.12633218074058,58.30560934519036,85.81346369953467,67.56206836455856,126.75767957947781,309.36945964049454,94.991654806915,68.02831164753105,98.22250007867149,195.10225594384133,110.39442329790491,57.53185645316747,199.72749422905616,250.22459667439009,49.88607207470521,171.36613595988703,92.07146306349945
2023-02-24,132.25365608808647,126.91407019448145,152.6685541729234,193.42615327873122,76.34657000079818,110.02364087858948,59.08093149026575,86.58790300092424,66.28732697219803,126.63162783394968,312.52190325683665,93.75981252057112,67.57940788140756,98.68566829263781,194.64271243048802,111.86539927129135,57.79617836746126,196.63202640654373,247.63506729331058,49.84335652850849,174.27780249515322,91.31062217901491
2023-02-27,128.52406805477236,122.3266583022239,149.59857573751916,192.30470499924462,74.13259324265685,108.98747320606871,58.74164993836868,86.22145466309834,64.50964896072126,122.04937010261693,301.26542684051253,92.96039708697823,66.8779384724532,95.2565303381212,195.32530809582883,107.2954767686455,57.48414464002922,197.1047604646186,242.33463066256522,48.25152503732134,168.599364633245,89.08974891517519
2023-02-28,125.4639038700912,123.45234095800372,152.9039025035646,200.55265207338235,73.58665596993879,109.17812975088168,59.90109201128024,86.5963569368673,64.45507823177877,123.52706130119859,297.84105725159367,95.39053171584325,66.51459072997035,94.3591160689009,195.63496751140713,104.16506917085948,58.32576677612539,194.61769835179507,246.1069314803269,49.03090011908259,170.4842907611219,90.86411196870587
2023-03-01,128.97331363103066,124.24317976518037,155.11015152641377,204.35243608883735,74.53390831618229,112.61165731351058,59.86250872040254,86.36440425154176,63.588937903259364,122.85622984981913,293.63417809897703,96.63142405678592,65.79394677179735,94.73251888589755,197.1471694617816,104.50164404728633,57.70819293874747,197.21283648392512,246.8983010636916,47.05788132105665,168.28647857063388,93.03279781948778
2023-03-02,133.38185189313225,125.57833947353791,157.32973061289954,211.86082708831432,76.36748649066851,115.2462045067649,60.91221321373561,89.67000038749897,65.93202174506571,126.67343357571713,299.94673823371346,97.87415391714141,67.676118674076,94.89197402806637,198.4157719681986,104.22167896084156,59.82840976576459,198.67257882940288,253.72116368562325,47.82626590268035,178.48105661266675,95.34377381539348
2023-03-03,130.93436593509458,123.62482774431035,152.28992865936164,207.83303469206027,74.90062041759634,112.68493128586135,59.886372795053276,88.9337132184483,63.04097811488049,122.52372785055445,304.4361743348828,96.20751612670406,65.658062570223,90.395334546928,194.9024042806462,103.75719452293534,60.883926649322504,199.95106811821282,246.27824717402703,46.421001936506634,170.87542600553556,92.04769044203506
2023-03-06,134.30295308063313,120.55626566760351,151.8588667325442,200.95251125442294,75.11103451736204,109.84337858214151,60.79931114562448,88.3783822534176,61.670429482038834,118.04590131433417,298.4625906824606,96.34572740216784,65.93176389987404,89.52476531262072,197.1249483280025,101.7478349812448,58.07961203836223,200.36780349575864,251.05554393537886,47.22575118734572,167.32140850002378,91.09734261072084
2023-03-07,135.0617331015148,119.7512382905928,150.75713199485256,200.0764056131487,76.87026399276179,110.3130395182235,62.42563490869823,89.69725345447222,63.66373686430565,119.78822054267056,302.2511290026526,97.04698187066772,69.50684383295255,90.48951224850684,192.6756546141824,102.96983855140408,57.75154682564246,205.24498886318767,255.83829823310109,47.51917117572354,166.67725414577606,92.12512342622568
2023-03-08,136.05414807267385,124.90618483040556,148.6508251410791,197.70626247341812,76.13104564953856,110.01992047888079,63.3959083321615,89.32212145283592,65.56703502286526,120.41496894106085,298.4215340443219,95.26000814642398,70.08502102772775,89.86812045878575,190.48477928638957,101.0630070039152,57.2770317662213,201.7806323311487,258.3307336060828,47.6836396170179,165.07905267772225,91.19126699322092
2023-03-09,134.30010063773568,121.52749203885568,147.09602373089027,197.62289521086987,75.40312566465988,111.53289666411146,63.48343468621453,92.21662260369298,65.36455394898807,120.91931629176277,297.88635991393454,96.03187721432741,71.31097323266118,90.82344593536808,184.51087964460518,101.84331160356379,56.49479464006679,201.146950817041,260.6265988343876,46.95454133649721,168.31801172656222,90.84522363148334
2023-03-10,141.3617090106492,126.9920801651093,149.63853028950376,198.99160916248368,77.52615035038383,113.56960160073844,66.70239926906848,94.3657779585992,66.83559283537733,121.71245552649145,308.0617893451716,96.88059871001225,73.67049660740729,94.01612841454899,186.7319345805236,105.82640666845359,57.75621701822093,202.02849604299573,273.301626402268,47.5461305177682,174.08380477414215,93.8284141277663
2023-03-13,140.44176897391182,131.23556566151981,152.54360573442557,201.41852417138045,76.36911694433957,112.81658895106331,68.16874804692404,92.61427227856315,68.02722529053466,120.65706576365807,308.2819080855423,95.32122816035175,74.31598367248449,96.06715022547314,188.52005191118457,107.04939772178697,58.19456357572323,205.12167732257657,276.5145553499983,45.85081347709317,177.405982088966,95.43170673349533
2023-03-14,138.18005295823704,129.2878335744301,150.93350702916527,201.18744513749084,77.29546286999631,114.64663399604267,67.16924556731219,91.47516846642627,66.06939103463067,117.69799763585038,303.04385341372307,96.62884634705695,74.93552722144452,98.46811291503808,184.0564200286059,104.65102509526773,58.92685428806151,208.76979746596157,275.87060404873,42.59853219911875,174.75741137154228,95.53521681191768
2023-03-15,140.88373709441674,130.9013516472497,151.19619590703206,198.90201711857316,75.91860059030238,114.9280138834393,66.77068141435521,90.94290490989567,64.14126820111964,115.78645065085749,305.55800650328393,94.02866473561694,74.45538911906873,98.05401492432316,183.92476876634845,104.5887926650497,58.86927891871153,204.64662481809913,267.2277732014996,41.597637639297716,175.06138078566752,92.82147642708668
2023-03-16,134.10073502454358,125.97140441566928,151.6374809861448,194.35933413788442,73.0092934911558,111.6949580661522,65.8985077329556,86.56478462267302,63.72682664093691,111.1069430881126,298.3803357996185,92.31628006137582,72.92838877337623,96.7734928680128,184.04450648505153,103.31970682884045,57.62287305151387,203.5769168778897,264.82351814018983,40.67708684526757,172.88808255317974,90.65200965244674
2023-03-17,134.5247517688551,126.98084344952738,151.56743398920094,189.83131487171548,73.37655682814851,110.80066549485028,66.32837675913758,85.81201452694201,63.5156735596314,111.04821241768653,299.8483882831467,89.13071696426796,70.47545478334816,96.78189263646297,183.08139734071915,101.0530821710039,57.36217385686523,197.24399161095937,274.5835181557248,41.07103247480843,172.41992424153563,89.84933966594018
2023-03-20,131.94005159030212,123.1202910887003,148.68062543035808,184.4636282614189,73.13589707515854,108.23439698363121,65.55346050878727,84.73818739664334,62.46093003110661,113.43238831721268,297.8235077021538,86.81926987553074,70.46532817801756,96.02360479634038,178.18800077634614,98.21092547667675,57.34917026629454,197.92221043802274,267.39812512752025,41.380205730559275,171.534397144913,90.82987906047519
2023-03-21,136.78778576301164,122.54731487592657,156.01502021759353,184.51779777168807,74.06877497498621,108.63487777935184,65.61850795368348,89.089783161125,62.38893541248043,115.90202218265269,298.7384665450029,89.20885752006087,70.83971413114195,97.68648648441463,181.97395262096924,98.38411948744618,60.494275247043696,202.610900602352,268.9012122911647,41.50504679162347,173.78915702225942,90.39711779650816
2023-03-22,140.05944624887363,127.56283838545704,157.7256970648042,185.33856049755252,75.53796964892103,111.58439380675259,67.91446846683539,89.5005488675937,63.665528547663506,113.2992450171246,300.2256777067187,92.10961431782843,73.40431936393668,98.14145886638823,185.59534910667892,100.72193461675519,62.79058925258275,211.67246366533988,274.55002064484654,42.247086192941836,173.92976715997685,92.5131861125015
2023-03-23,145.41580756116963,132.68720057103502,160.08705967270788,189.03458866649635,77.61625016276027,115.81122465046633,71.60724027449287,94.25224395300707,66.69433510539643,115.67247080099534,306.7547825444183,93.21315178651534,75.52070347702417,97.6413549392245,191.03881910203557,105.61990341596197,65.0071887612464,215.91398948220186,278.2326100893146,43.82648503083259,179.36642114791147,94.51170991528991
2023-03-24,143.87398438967497,133.44463045114324,161.99996650602876,183.8971733509335,75.67152346727904,117.45152112147353,71.9653902790745,92.76502234550635,67.93363514987425,116.03626326248974,317.2231640367576,92.26257378618226,76.27305502937507,94.86825383799793,195.2032062238756,106.83540023082152,66.13810848538463,218.07104239898655,276.37594644721975,42.764338376460415,177.05361485261574,91.38473079487508
2023-03-27,142.72872002811252,132.03041766114558,158.3472994588549,177.04943595275589,75.07223968352032,117.2687084521036,70.69527630667419,91.7015129571954,69.36322684122658,117.75107888025678,310.431959133884,91.1627730740981,77.12529558400635,93.54985991131245,193.076193031185,107.66453118259047,66.41292887984355,218.80785250814884,272.3000160098987,42.734083969955165,179.32180118483205,90.34304594892079
2023-03-28,147.8785524703401,136.932012445052,156.75454922022485,175.53539430217234,73.57992739381379,118.10957792397605,70.05856067723555,91.60462077228905,70.60376430830664,119.29727170367775,304.69884732265086,92.9052099128769,75.52526524901343,91.78598438310412,188.71509767060874,106.143561841779,65.22460160383864,214.9727160182603,260.29885364844273,42.62759043719545,179.1039542131809,92.98333823558738
2023-03-29,145.54985790676915,137.04419165707264,158.78717531996242,175.3047166899253,74.10612191016251,121.73834012684199,69.91984284313875,89.33707805213517,71.81232445636749,120.33485036695942,298.49430575353705,94.08053023064937,74.86578911085071,92.96597839042649,194.90105952939976,106.40678284531857,66.69118720406738,212.35193681712724,254.8499865442803,44.183354645566595,180.6060664593003,94.45118633193839
2023-03-30,148.8070446090094,139.79945301431496,157.96183059734287,181.77679981824897,76.61292269229256,120.61177237933938,70.90420483780369,90.00201032863563,74.14721126535218,119.16772677412415,318.3711277148836,95.17252342424194,76.7599643330236,96.22320344716789,196.7176112739176,107.62543066211143,67.13680466062216,212.552032488634,258.79404724188396,44.72218247149098,181.62109937949765,95.15577408641556
2023-03-31,148.39482256106754,141.8145648415042,159.703072841659,180.24467814666536,77.145898524872,121.51510842396243,72.28507262828677,89.34822283605946,73.91198580782479,118.40539102385785,317.31075638186155,96.44687134814754,78.00594269727038,98.44387658393647,197.84248822918295,106.13082045702396,68.30208837134111,214.61420308793342,261.3399458666375,44.18836728170178,182.5949403629469,94.1480725028802
2023-04-03,147.64563819406473,138.9338991129153,163.15106504405102,180.66016202752775,77.72358949460745,120.50800047346357,70.71796255932468,88.9062334131479,73.7314487388739,119.47347220597582,317.5383305999196,96.0040207786914,76.72925757057827,99.1241614055059,197.07375311248344,108.99613340905911,68.87826974745289,217.75081594811462,262.4068215622626,44.595023290293284,181.69288997656258,93.06633915664284
2023-04-04,144.09587231088054,138.6085372903006,167.75411204433257,182.06388899395532,79.56146196679727,119.98186638675357,70.68528822861731,90.74778550920462,74.90772224822334,120.00950277673176,313.57954574664717,97.7257907154655,79.6630003609694,96.84466056795938,201.8778987914755,108.45324658830096,68.5737963290002,218.75816720410927,258.299225346746,44.59611570131169,177.81655779727453,93.78507283692497
2023-04-05,146.91399310620156,141.4217694154931,174.80006881920744,188.12447724518077,82.82426595468127,121.72098944386556,72.51113449092378,87.9559149903337,77.07362116491247,120.41537868566354,318.7239423593867,101.4768418686413,79.99466268195536,101.06187330635434,208.2214581173991,114.1194387742158,69.51065167639622,218.76097793818624,265.23953290990204,46.20205774869491,184.75963860662876,94.73908671139259
2023-04-06,144.87959735913725,139.35596691340896,175.58427405429737,183.47828710358317,78.95065426444707,121.2774147807951,71.09770966022457,86.36738586551635,76.22263494521643,120.08239138678393,311.66114216137737,101.32997216825814,79.1296361669813,98.13822074907193,205.42844578582998,113.55475711587934,67.44424122649365,217.49244640012338,261.4940739188808,45.58427509949363,185.84578918098572,93.43669961142224
2023-04-07,144.67334388781143,140.09186745250867,179.39564449327648,182.02519380899665,78.23576281406649,123.6874193103633,70.42336162476396,86.58272194167432,75.45171913161207,117.15027655659509,312.87101063532623,103.15233706613103,79.15544188199672,96.08046479744138,207.55732965367193,112.86227135010058,64.87895675168019,217.50194786672955,264.11002241314054,46.44684465818451,191.13207852256528,94.46646336689739
2023-04-10,148.3847464461924,142.94087205590031,180.48925408897492,185.99838709460337,79.82542210808572,126.57916784104452,70.38330002221532,85.75560678816748,75.02956081306121,118.9500877937562,304.5962158016671,99.71186697678283,81.1356374772935,97.59131962069695,211.43849331164427,112.37207262239328,63.967696927403495,217.9554117293314,268.6179850707484,46.57766095193502,195.79818348429478,94.21064051086888
2023-04-11,147.5151735950924,142.20947479681635,177.6944740669691,182.60089368620766,79.78395435235068,127.47143224043532,70.67190764789797,85.01057052737353,74.86519666269515,121.84291713817292,298.3534613310375,101.95101942867593,80.78380550856475,96.75847171476262,213.91178459736042,108.42567294026185,64.91906627043231,222.75778603195184,271.2612094645615,44.837220444439524,196.57618172794656,95.98724945967449
2023-04-12,150.89233050615917,147.12733832548108,181.13374550071293,182.07545360906175,82.28460482986472,130.46142012915004,71.1773671167563,84.2569125380648,76.677932540749,121.50291514648555,302.98446336587233,106.26206730102709,80.30160810434018,99.90597113955972,217.55814511227513,110.25374792680475,66.64771376687737,224.39332381340526,271.539578755824,44.48525112781016,204.02461702501589,97.26751805112323
2023-04-13,148.76967087434767,149.06113849671127,183.3361006385858,182.74654688599867,83.25290750528502,129.0200510495497,72.81213815826362,86.43708801854913,78.13613984691224,121.55580954839374,305.6802349309705,109.53194574895343,82.42612994006026,103.61721034986084,216.80281807796217,109.67134922130519,67.26452764497094,227.38734139636338,272.9369168191547,44.54726439222772,209.86723840194503,97.83928605168146
2023-04-14,145.90227161726338,152.34938809281624,178.05204379877668,179.29160498911173,85.07527490583566,125.11793499548817,71.65507429052772,86.90178390357306,75.24856947792661,118.47479696335446,297.65040617962785,105.4846343858051,83.19746972162307,101.23778596149654,211.22593426868522,107.47856346070684,67.24770707779089,224.5474704288783,265.53895873261763,44.188868760829116,209.86597172080542,96.41680010102459
2023-04-17,146.34320253133967,156.89438914124014,175.59819209659906,176.75806523689874,83.71627541620298,125.38408330318414,72.00202513690418,85.60339849592059,75.7088236938606,120.59692592730937,294.7455751686733,104.40503053010407,83.70457117705934,99.33872503894149,209.7710926621677,108.98855084383335,68.89598941957696,225.4864374625997,263.9346325067077,43.7497152998615,212.86233634199246,97.82293932371671
2023-04-18,144.10422330462112,153.89972214311527,172.82692028489825,177.0049907874422,82.97654587490034,125.13847593717142,71.74750743574414,85.48335128957457,74.88071907081844,121.41133071500843,291.7925185821988,104.01746707095052,83.65246932131377,99.04168430584161,208.6684813688905,108.10269645462523,69.18014501423198,214.7642334894251,263.2927220451848,44.45647590934574,208.18352709677026,95.42792294246871
2023-04-19,143.87668976127975,155.58817773082365,173.49257353857658,182.13126696296322,83.30627776769602,126.86931796207122,72.46173143929626,88.13901624055691,76.58397775406617,121.68191021363512,289.6088480091678,106.97212075107883,84.1573090988994,100.11140155619442,207.43731412549872,110.57901872160782,69.60480258927504,218.05231746502332,266.8853279205525,45.28288789641013,213.51804395517476,96.5915254753699
2023-04-20,140.73527984225774,151.58513139796497,170.16945802080033,180.75456511929744,83.6680443681657,126.01990671924386,69.01244910285564,85.51224960719861,75.79181252659605,121.89185452583993,279.8763841825976,108.27479653186403,81.73790636828025,100.98508751930511,204.26462789567506,112.08000859487896,68.5288794466126,215.18591249548996,264.3434105013922,43.85408221897005,205.85133950588622,96.5099232075947
2023-04-21,140.49779383946824,155.27243962327464,169.72846192405768,184.0761722460571,86.1137479304454,128.87226283619637,71.48275613718778,86.54125605767628,76.5498199292309,123.88203140945026,278.1477930245612,108.9479714790748,82.35376476155975,101.79312464727249,206.95631687363044,110.77974245537436,68.19153496397783,221.47850636409592,259.9872383547218,44.797256973448086,207.2169363414292,97.92508540585503
2023-04-24,144.35144365006255,158.21116116371482,172.6913340972024,186.94767879524971,88.66383957084633,129.78386593618004,71.40355338866352,88.04050952288107,77.96059002083558,122.79132770107074,283.3723525988492,109.02358481466793,84.70083322477377,100.98304606314028,216.5143678309742,112.22761742474934,68.60905510724085,224.76803769959542,267.74212983032544,46.25111775757633,210.6846557554859,97.68192069336635
2023-04-25,144.7777774006186,158.98729208170937,170.683594085405,187.01534037403724,89.95280544734274,130.5624071196777,71.56868939230175,85.9567398062994,78.19240845875017,122.29974121607624,283.2416265261109,109.54352140661962,83.95807485779906,99.39905018163226,209.88372965353733,110.11503720428946,67.85745789303132,222.5241164554823,265.3580473231135,46.26245308756783,211.06001528934968,96.20898583191507
2023-04-26,148.68602185587417,158.6881352070345,168.2588621669384,186.69187807981947,89.8780455440772,130.83260304580372,72.74096874661804,86.05949054772275,79.4474242749691,122.21677276250917,289.0429349132497,110.45644425872018,84.29893170242413,99.60486990514868,215.14750976657808,110.8368255757684,66.33019684962875,221.1714731239214,262.2592949043821,47.243217068158096,213.6832592488478,98.20167789922579
2023-04-27,145.65662271793448,154.91317902382332,165.78978512921438,189.29915948307743,87.75610039055273,130.81183799987411,74.40664668133222,87.5222686768826,82.55174804722185,122.37745397595599,287.7473606940331,107.67988398961853,83.09852052586974,97.08746451839178,207.29372690193796,113.08506785975916,65.80046185276748,227.84025058258507,256.89468975083037,46.527384844643784,209.76668300188706,96.40151590538693
2023-04-28,149.81438781507447,160.4200188536796,170.34793829026697,188.4957546863195,88.02164740835322,133.06652114914365,79.77590933058175,89.94680303598125,84.03533042414769,125.36413908639548,289.02182428276404,109.27565976987648,85.19286730551175,98.10186441201657,206.35765068828692,113.93940176795776,66.2011600690075,225.68176806415016,257.68228868723054,46.06169472199224,208.0611122166342,95.80084554174469
2023-05-01,149.92128651268536,168.033150467434,169.48640410073367,192.83956715698545,89.40532958549424,137.4966395362024,80.51912153179113,89.8701831666453,85.31499007506574,129.21088492672715,304.6377375847125,108.88178238708299,86.07536771834566,98.16123836807475,208.71928024067861,111.98029092345553,68.47265861672419,228.43552723801062,264.40223559890757,46.446696110741186,210.91186216138186,98.55746725616196
2023-05-02,148.6339329392313,167.24438589533096,167.24721198372396,191.08672068093173,91.26040421421696,141.6836036219238,79.34217997131371,90.76001715224145,85.26766468540568,132.75578743533018,307.9497787213563,109.08522432881242,85.284254367081,96.10023531787589,211.6770116988889,112.84133459364573,68.99594474962367,226.83435303180386,264.8675961463489,47.089828029655266,214.38881437682073,97.01046269534166
2023-05-03,146.35979244001973,166.3991044142279,165.34378658299113,187.81091600061342,90.14431642415492,143.989568808043,79.44938877355398,90.23012702599236,84.29125952324674,130.85289737635466,300.37123568839047,106.56257035080665,83.94368507455434,94.03341956528689,208.4182595164894,111.91190102418487,68.47297614066987,223.09024879669983,265.08230250839534,46.61726877677858,213.93074978860832,95.22847434160765
2023-05-04,150.54041580568375,166.5756258325414,166.54983884016127,191.11982467683444,92.0276316351862,146.61444206742925,81.75827887416224,91.37285435129785,84.38512159102403,130.65690218418752,302.1577851833939,109.86331591790264,82.92880391648632,93.69765903295955,208.93194082494625,111.31299365067376,68.64983436637193,231.07866191123273,266.1563605385158,47.31136257456569,210.71594335722185,94.48358879847633
2023-05-05,154.79432512130575,169.9648046542081,169.72005302910222,185.88900610186485,93.41071707075746,147.96985913018335,84.80403268134971,90.67795629916984,85.73346745096345,133.77417507345365,305.9948069596749,110.5180943937323,85.01518635603328,94.74939305841407,208.07608413745731,114.07084281364243,69.7040841302828,234.77118697309749,265.5409204039349,46.05184436384623,210.58377687310667,94.15045616545282
2023-05-08,152.93618469574233,169.88300964462218,171.27856816294332,186.92972696623676,91.5029023652471,146.07423251844168,85.93884581017716,87.55677330284354,86.6492015830872,130.06009470624986,303.6197782047183,110.4332400672514,84.66570015223091,97.2571754547404,206.00005719296584,110.56263296522374,69.59166137727611,232.5384746569353,265.4742197297404,46.34067532123376,209.24461077621177,94.11139247963837
2023-05-09,154.60434048079915,170.9294722963051,173.9062929086348,184.72267720674986,92.23613546030325,148.107895137704,87.55710374395267,92.48728376338826,90.06829444849971,134.3398117206872,311.6285351292563,109.52306513490527,85.17818844981764,98.31540351960659,207.78541976222,111.16476449270743,69.32506377464318,233.98782533097838,263.8808808389542,46.92837716727023,203.51496915828986,96.23002896436506
2023-05-10,151.8608527195623,168.23239263743963,176.65995624910835,182.7099901057403,90.76526311970524,144.99636444850074,87.76139678956415,93.82648013862148,87.91260738343792,132.41224321911227,304.59667352838744,107.68811724139545,86.27236774292203,95.44204081217573,198.22764815326016,110.24708129382856,69.51051574557975,231.17025123845588,261.2891509976147,46.73812529772869,200.75649937814353,95.55686368397394
2023-05-11,150.78484407691317,162.78414681685595,177.77340335816626,182.60879225881976,92.7970899700905,144.25292421121472,87.46927931313694,92.60232852607267,88.36140676932884,128.00396766442506,297.53955829168376,110.50630984298057,86.3017534310717,93.02619877154517,204.70986024207312,113.02330743554964,70.72972212040501,233.08698386232922,269.3264865495027,47.94184791781813,206.5322302388109,97.21074754618382
2023-05-12,147.71582569528317,163.79518539403864,179.66738524006072,181.99282180220536,93.8251671816427,143.34377935580193,88.38639216879909,91.1602869717455,86.72329587227517,127.08634873155145,299.67934872025603,108.7925523795599,87.82229155418341,90.90843207191894,205.1029520702312,111.06532284321814,68.09327595462798,234.8049112196508,268.73693017102033,47.0269768088341,205.45800764681215,98.03712917206897
2023-05-15,146.00467176147163,161.44607138784505,177.34107796528195,179.55625522306693,92.38824045598956,140.35267289072036,87.0412480266489,89.47202757101232,84.45104510290683,127.54963815135706,302.3664716562992,108.35527838068712,87.55700665402439,89.59878197312156,208.2342096711367,113.70909585996657,67.65239218661442,232.02493989858843,268.79469978024315,46.92898056760646,203.2590632328485,98.33615628747555
2023-05-16,152.35614564273297,158.6009414533997,177.14290470068337,182.27965887710482,96.57906232859789,139.92213877928248,85.82294367368071,90.43369655773981,84.26019477015582,129.23193126563797,302.52616147632966,108.22529464723716,91.66264495372468,86.67266784570513,216.43079857114927,116.65082110946767,67.68446293273695,241.24658385852285,266.11957037526406,48.18571781754276,199.45104202266225,97.79232965116628
2023-05-17,149.42909788993072,153.56135837095295,169.3616358020315,181.10785943887302,95.35771596705581,138.06793466077667,84.46654623956236,90.05170195791109,82.62879799440361,128.51193964257206,292.4143095737269,105.61052849841467,92.32813858221374,87.27544920572112,215.323679022604,113.51304202174717,65.79438591747551,242.82448549339227,267.6135632841413,47.49502218325679,204.17146778667967,97.15698845116638
2023-05-18,147.18625938579143,151.44290852765172,170.35471413661105,176.176160909748,92.22434943792872,137.23171433505019,82.64248842883474,92.05021174612435,82.65585501074645,125.12284276911343,291.58160609661627,105.4066758286245,92.01598312147455,85.99075010202621,212.6582275074421,108.11848696083126,66.24638996524946,227.17995263912206,262.3155628697989,45.74615806432923,200.17232838228904,95.79697020029967
2023-05-19,142.32155415136438,150.7067833765815,167.0786694919717,176.25164216527438,93.01787081100011,128.3585986079779,79.15397134507727,87.02219466186892,78.74429589255783,123.37143773774241,280.2973375306415,105.18224726621641,90.67070862042128,83.22874336701062,211.01909639164182,108.41446035635448,65.6368629487055,225.67496338001993,253.5035812428562,45.59251648585974,201.41779203104906,95.04086959365985
2023-05-22,139.15508155109734,150.366252275607,165.9313812158583,175.37617838232833,88.53792075768138,127.54761561942846,78.11378271823884,87.76847391894222,78.1204228399523,124.72306126408019,278.9842751490749,102.83942924829915,89.01565014903208,83.36961257659499,201.23947249741218,107.26225980593944,63.62997393398454,218.04746889949683,251.52527596959735,44.02378250185606,197.94790318853575,92.33263056644745
2023-05-23,136.07047352113537,142.44003808794898,159.56590771872587,165.73257167175655,87.04093115194831,127.13415542311544,76.75361555375085,86.50631173415434,75.08466989237625,122.60612429070336,271.68892559762554,100.25779731102408,87.81200113983012,82.51499659389255,194.04456395601483,101.8908822795606,61.67689589240655,211.25041914339826,245.10624109777615,43.3463312602983,186.07470420280868,88.82888944018269
2023-05-24,135.48740183175988,141.17905040189328,159.07250872812628,162.40768566606496,86.04913630529877,130.44619850617983,78.20587533633285,85.38595385229385,74.21056330436872,120.93426348856129,262.00813223684423,100.6965436694158,90.02077798157441,81.04471139206929,188.2495160955631,99.98580770928756,61.06685171627986,205.29323972708016,239.80816100563914,43.52217868024337,183.86208547361946,89.52967228772516
2023-05-25,133.7837380470497,141.1496932119058,157.15383579513778,160.13274673075546,84.92139404531164,130.94227782035236,77.13848769091035,86.25954878020681,72.5593427779559,115.58907423223448,258.90288923941563,103.66613908716924,90.49750601065541,79.76386582755862,183.65264516875033,102.00238391779246,60.618966825666355,211.02177188127803,242.1553063986773,43.22769384531835,187.3032322977868,88.71663157218536
2023-05-26,132.12870494596237,140.18528741627577,153.55368433095603,152.92793969230087,81.49740230879192,125.71549523713104,73.53656590302589,84.294343479654,72.65128412450886,113.82519160165208,246.84034710641302,100.82737851741194,88.28417180590083,78.87610733387126,183.88206250344095,99.26533056691103,60.98956779092858,214.1007101611989,235.48148295889055,42.25063061569542,182.74994286428716,87.29444225998618
2023-05-29,129.4785732600376,139.5062213467881,153.71329892273442,154.3277072380112,83.86336372858617,123.68391927131654,72.86453994536336,81.51563202910307,71.46010813155357,111.0699109340723,245.32781893592667,100.0889557956555,88.56170761708478,78.2153509731643,183.76156198347724,98.84672655362084,59.80649232278572,207.8506276882324,235.50817662606795,43.12941819680531,188.43487263848615,88.1790554491535
2023-05-30,132.85951788923754,142.74930511044812,156.2192926581951,158.49398908575253,84.70880927853018,126.07970441881612,72.86542525298749,83.58658373940935,71.65270369634422,113.45282642096636,252.19209275181538,102.75918440904232,91.17098443595476,79.36439780727888,187.76537330433152,99.7147165776952,59.10837573392166,213.22249009056148,240.07154165853368,44.556572158211544,191.52001418752943,87.63611337784245
2023-05-31,134.65758509351804,143.34769685214187,152.21180573123507,155.94384873815844,85.25594462253365,123.73660361528475,72.94353707334538,84.13041669174503,73.30146943846115,115.29388404778992,257.71891759195523,103.15257024762084,89.9510497314298,78.57833499973626,184.90269142956137,100.49900201917112,58.45177609355043,211.8131802408587,239.85720655885777,45.62237059011362,193.26305769979047,86.55885777836231
2023-06-01,137.9782890661811,142.12334705449857,150.4603928351286,153.9700891753376,87.28785971895981,127.97790888690666,73.50919761568119,84.73366924313508,74.62543197846789,117.34124441575975,258.5195517355257,102.99631594762609,88.18963932508564,80.2526022053478,180.27756680887077,98.0073661011619,58.963098418923614,208.35406519274284,238.87649641393168,45.76698277465482,196.06118752615686,86.46415720459731
2023-06-02,143.44339802821455,145.80787867649747,158.54285550379907,159.76329294061966,89.24329179688208,131.9681334405579,75.22986375554562,86.63160362212666,75.26914965973626,118.58864062728172,272.58945307625777,103.37633022779204,89.24065442120015,81.88528372873661,183.65926536252306,100.59413437336893,59.8306372824941,214.27771858756117,248.1403232950958,47.631966577788084,199.9081971469312,89.13764736230695
2023-06-05,138.17424394930057,142.91891395750244,154.3823909154123,153.98561212069342,87.53484661554432,126.02216554575367,75.79585122876539,84.74436301188143,75.52752242812862,115.58151238111346,263.03855385709636,103.81870401999507,88.16770959613099,83.10947165385693,180.22565175712754,98.6683179822801,59.93344182350764,214.66827964786705,245.53003154058257,49.378888927990616,196.88899348663423,86.24998407022046
2023-06-06,139.4113246817744,140.54306790056302,156.2133847501666,153.19808600592114,87.93924701155368,125.01133583256185,75.35976382522117,84.70041052839356,74.04902175923945,113.00475369577593,260.72061948110877,105.63407908752205,85.10459065603513,79.6131854350106,177.70432580638865,99.1304580348973,59.282563494476435,208.40627537161075,242.80072480808676,47.52099545873332,196.70536842364845,84.84693136606744
2023-06-07,140.23642050379067,139.80018537524387,158.54405760945426,154.9398867309532,85.54741795774171,124.93376051033474,74.42936474534756,83.40276827312906,74.94078796278998,112.55087189774805,260.6451060181718,104.5112243197454,85.52741084051304,80.376740631561,184.08445782469516,99.01139633838258,57.959930843795945,206.70926572139183,245.69062213026785,46.94247163588549,192.2895985066087,83.84050631388506
2023-06-08,138.63778144879538,137.58476042783684,159.4707773689342,152.97396474224,85.75021499990675,122.17949465010949,71.93593435453043,81.36688691289663,71.85907730976814,113.6692064664426,256.36573008701106,102.63718188946845,84.52972902185589,76.94004413930378,186.95041544835698,100.40513269799575,57.705645415566146,206.4594665507291,239.10364077893973,45.81937584474384,185.86580273626612,83.13487004534055
2023-06-09,140.75646416639194,140.98987541666918,157.68006640520238,159.21773574417966,88.36493033567402,124.35124721382431,73.67887167278406,83.39190178421192,72.92284271377385,117.01985537024179,256.3023697564543,104.69604197830243,87.3155809543359,74.84453806728129,191.2436169821959,102.98971196990128,56.98465979279584,210.04354635084405,239.30469268299976,46.69381659739008,187.8665340529959,83.04653943885984
2023-06-12,142.7859613409182,145.23081676707383,157.67463378251952,161.42078421550207,88.9203973057935,125.13296256523314,76.88830413398968,84.88790414005825,74.09347538547911,119.17573849164447,260.70063702961534,103.26471735333614,91.52134339648877,74.2271021442237,199.01928954750858,105.40943218612992,57.92078379566105,211.96201884731798,252.50550655085522,47.75765617301229,190.54280786589544,83.51882705156913
2023-06-13,139.78518044117212,145.68653266521753,154.97107911873013,162.64960857001836,89.56747383750938,124.14586024535294,77.1369402787103,85.20543947787503,72.08096604449564,121.67813542993902,258.8093221669852,103.57160186463723,91.83183627536454,70.90136903573608,195.46529218313665,105.9211711940347,57.54267736309632,212.57093503041312,251.60698550722876,48.28198498155466,189.79505620412536,84.6797017676828
2023-06-14,136.81020834764308,144.73200579077746,152.5627724342309,160.24189734941402,87.60309447762137,121.75077670381671,76.22803997366357,81.6212929314588,68.76239797494362,120.65570944923508,246.25477366633527,102.09493212505149,90.26906051220142,70.67237357516389,190.71907941536537,107.05105150874178,57.62105625382487,205.33400996701528,248.61547191051173,48.83951802792301,186.0430154604991,83.65052772205014
2023-06-15,140.882975068046,144.6270420793671,148.5862730726231,165.9589229400984,89.69072497111925,124.24584338709502,75.77936680795402,81.26868495927002,70.64602864593371,122.82691457934715,249.6165760219433,104.19435420112057,93.8687301163216,72.65861033866304,192.02697935275816,106.45714091522714,59.12325662811518,206.0300944682968,248.59375506871913,50.645885145776155,191.6140875936645,85.57740255517785
2023-06-16,143.03656695453827,143.94680031935582,145.28914878396557,163.75442109435267,87.7500827431134,128.3498293477979,75.24774405218267,79.88031776667368,72.23038654728998,121.73334661543552,252.42812803954027,103.74319779046765,92.42885931472347,70.54746237724277,187.98314963524163,102.71601425501655,58.247255053454154,205.43898532270464,251.82924116550413,49.0870806953466,188.2053798688706,83.66620832921372
2023-06-19,139.82975368730465,139.0713448135736,142.68997014115956,162.73559113316043,90.27273192546912,127.92940827343973,74.83732063228167,80.9552734330066,72.20450736710711,121.49415074341024,248.21178363990805,103.13370102538804,90.95165835369282,70.17134063023934,186.68559986697727,103.27615102745031,58.42977261190673,205.07100928672742,249.4280949397335,49.56183987802979,187.32029877218022,84.4185198271399
2023-06-20,138.61822780543093,137.60067464313545,139.04993877264653,161.2987187636081,86.51254327534326,125.2165389060237,73.2801791007623,80.7397782704895,68.74506943857288,116.89732705540217,248.8752554607221,97.04698130193985,90.01095392446118,67.85118330080314,181.95252997209653,102.77213993728974,57.36862003133322,204.8574760912064,242.20112501761946,48.17599621391638,185.57584305781631,81.95765900548963
2023-06-21,142.78559681918642,136.6863067149726,139.39025583846492,163.20134100090777,86.85078599230599,127.49912127441807,74.7527838799624,81.38421004999448,69.60831937163056,116.51178006154232,250.19026216711183,95.55905480406686,90.84946059762282,68.16803635156428,179.63668458739963,105.94255096276842,57.59161095824249,207.28840723866264,241.30221561703829,48.24117526612308,187.5842137719643,82.1694696274908
2023-06-22,142.6604944350265,134.89733165492004,136.26034186271087,166.7944185798916,88.10203143869578,129.63233867945246,74.77259555225402,80.31182851104575,69.78635619867927,116.83441622782549,246.47558110151581,93.49448189150523,88.53143217580345,68.8702038069206,175.73210759647918,106.24943170262802,57.27328153441283,209.21291611697916,242.57669561601935,48.094550025643905,187.95499993915146,82.06960074375264
2023-06-23,141.87734398348414,134.83713294936572,132.41629559427435,166.31513536019673,86.67981005712784,128.8161432174736,74.02799213986879,80.35211164836669,67.88898568258584,117.94147075002594,245.84651621940395,92.18617155018318,85.85710780158911,68.83658374872803,172.03281066288042,107.33100486190813,57.29107168250687,212.56778529971348,241.7444944290932,48.536210724405414,187.74229828364724,80.94123507775872
2023-06-26,145.70892916069283,134.0903581785498,132.8187980439019,167.7281999996126,85.49596671345279,130.8508195345262,72.74349565318744,78.65992960926896,67.60701270050029,115.07654582555654,250.15382494945536,92.11112934941909,81.93592849693619,69.22521775331957,173.08691037956626,106.66055251158056,56.27748519425332,212.80095408593368,241.08628233161522,47.9544043233912,185.2623321111156,81.34513641040462
2023-06-27,144.1073905105385,137.3300861413547,135.85017085170554,173.1192716437647,85.23844818194458,132.69314316339646,74.57883763731991,79.3308160294899,69.31553086140318,116.63594836638009,250.26681034225493,92.0943308607773,84.39200727486558,68.9683909264683,171.17493839297296,108.13907124372533,56.8840253490765,211.0053270680291,242.3166182520086,47.90570851667977,185.42774827929713,85.34006256378703
2023-06-28,146.99614506133372,137.74796175799491,136.8882596827393,170.3965602382873,86.48644914956907,132.9536400277225,74.04467229532256,76.5341149056363,68.65514579896066,118.57646619446277,248.94570674974244,91.27672137334088,83.83014056517875,68.5808062627301,168.5285786973676,107.70923381877444,57.9312636168648,214.53140846105882,239.34093963462294,48.66776866651282,186.66175250899775,85.87506958922498
2023-06-29,145.82844572390704,139.21273330531105,135.1744032608443,168.68770698075645,87.36652694919285,131.1317685391896,75.05342856825719,75.72829652781206,69.02668787575416,119.07644234952399,247.1858112758128,91.4582016879842,83.44307755703551,68.94455008045453,167.603033406043,108.14192673748508,58.90510598351771,212.07109284512742,239.28625986688337,49.31781815062464,181.8689527626511,88.7447312955845
2023-06-30,141.31847840761688,139.36317690566327,134.6525532892299,173.30392946821942,89.01365921229178,131.45790578001055,74.4664229051714,77.60014703633416,69.85840885104813,120.46986168705502,252.66560811550576,91.24420614288836,86.13112645900974,69.56325644059332,170.91461941538697,109.39131200478451,58.008282275890764,217.8613375189347,235.92643777370148,49.241143046727245,183.17264374862518,87.29276648040378
2023-07-03,139.05050356452836,137.29904048287702,131.07987523059873,171.204395408414,87.43934655805083,126.7959625670368,73.31262967178718,75.20555814807041,69.90969217006595,118.55023960176764,259.82900603047784,91.39896239101465,84.85970105173755,69.27698353827837,163.21861014664566,109.51843849011098,56.55158821479704,215.3643250455027,230.35261836452077,48.15157210693286,180.70228507850584,86.27537104615091
2023-07-04,135.6682240740647,142.11025650323677,131.5460889059968,172.34128155431242,87.00015120388306,125.14112462435016,73.13426197708147,75.23360205145251,70.89516512371817,122.23243776602753,265.52638883104675,88.98411731354477,84.28017186217161,69.63128447569365,161.5507444187483,109.20421920147113,54.73628029729203,218.3342431180995,223.96229220894068,47.01951259143922,178.06155251283914,86.15579339257879
2023-07-05,134.267901910522,137.95477533047827,129.89262039652183,165.85843227281964,85.27056691505896,121.43771805095665,69.79464638358299,72.7094684326521,66.42397345926625,119.80733326760708,257.14659536025357,86.94362295193531,83.7495255919124,68.75447326907388,157.26457145995025,105.13605948260673,54.78320115686155,209.78110082415654,222.0992114932728,44.99609306313593,177.0849654297697,85.81860619898256
2023-07-06,132.46077746587443,136.79445011365655,127.67499927998097,159.72398143137218,83.0697485368542,122.16792892108052,67.00513784927033,71.41295873945212,65.97512761243779,115.69812075048465,246.59087255287173,83.33173575033561,82.35704235535762,65.88944777969353,152.8397336334806,104.72834064980776,53.505604753131145,202.60270162286648,216.93415669306188,43.93502116244859,173.94189041527005,85.96757341295132
2023-07-07,136.2042534784353,138.1516585772713,132.71634509199663,160.2493065857706,82.18404582168905,129.044446001443,67.42496821627498,71.86414256192454,66.52595011404341,118.44730103890525,255.25873434265617,80.45090365487499,83.92666328451593,65.6814484500313,152.28328367817423,107.81760427749597,53.952957019292306,205.00896255512293,217.0111924132382,44.66503954568007,178.64958970159384,83.21964116795057
2023-07-10,140.74089423763633,140.31114086968486,132.2029092391191,168.07637968337278,82.17095066427466,135.31036734657204,69.58510500091269,75.94657881171429,67.95398307236422,118.47087193925702,261.1899390542417,79.73639515046658,88.42272574356383,67.18278772448484,156.25357190638218,110.58010253913976,54.115440162723125,207.35323153429005,219.3531941351068,46.56659745324194,177.47573118707086,83.42657991634607
2023-07-11,136.34580334092496,133.30752229026655,128.05731152932051,170.1824230618181,81.83581999264645,135.7418365479634,68.61699831469588,75.39282588746384,69.29022821639401,120.23143493878997,262.8576737811164,79.66312486143865,88.76000257136172,67.29057587006317,155.53408081219692,109.58137765184453,54.812465750809764,202.50332518757344,223.57880537784416,46.19002197695235,172.97220686224875,82.41396926797958
2023-07-12,133.12700721171265,130.08098554228712,126.17330026233435,168.29944055640902,81.94752587733046,133.2479089402902,68.12443284129402,74.46094363952068,69.04386418844416,118.3921976637072,255.84609856195317,77.76189353147252,88.14405691226774,67.8967147554883,153.49598740796307,107.34825284610177,54.04862911327868,198.75421663317672,219.95283506445594,44.72363596980475,170.47200602731587,81.87364372553785
2023-07-13,128.6232542863384,124.82444707654295,122.77712742415278,165.68226706569808,79.26671770881006,130.36006633121966,65.94258794578528,71.84564939084837,67.93196410417397,114.56448568899127,247.62868053738768,78.29745930872105,85.81849193361937,68.63714664845322,149.99726234418583,103.88216347348329,52.9194411000722,196.4583617013433,221.9881116445176,44.69678042115124,168.46754316928158,82.39079776396323
2023-07-14,126.6260160045661,122.90904398167943,117.08951234815434,159.48142090046164,77.31124258841237,129.9096671189931,65.99980234241319,69.21281966735792,64.62427202309105,112.95500702026216,249.69621261695528,77.86147281977736,82.95198820698188,70.06099987739779,147.12194494704738,99.9418846214635,53.28152056879086,189.5386420759259,214.81037750748874,44.19290770479296,164.3907478225607,80.60972807403279
2023-07-17,123.44951094770826,124.63565126850877,116.6810160032439,157.81912332937787,76.5023545203703,126.04141092720224,65.43749418894015,70.859132764091,65.59133353731812,113.25376989524656,244.98907296679891,78.88864820055973,84.6535013960753,71.20840415141039,143.8172984809869,98.26288635681263,54.651013728478794,186.26440608232522,215.71151116759387,43.0526536053414,163.36254636107523,81.38693112266094
2023-07-18,121.70129785147621,123.63005165053269,117.52901677873122,159.47523470023907,76.75768887905375,128.3653096766943,63.6655632933292,70.2766364317307,67.17389290008651,115.66147617862318,247.4006634043593,78.70798561608281,85.97093361188462,71.66965881878065,139.44608436458958,99.33243543433674,53.943269836864516,188.39447596070133,209.6709025730285,44.087023680307354,162.17830103161947,80.03593765269535
2023-07-19,120.40598209706293,124.76934324703781,116.72865315959804,153.02831840301116,74.73833681715082,132.31975275514247,62.820518709397696,70.25472207944019,65.78611133174002,112.63976170812077,242.78659690792253,78.24068280422921,84.70152051922135,73.16862641474887,136.4674556557149,96.75439068386416,54.173606444611046,189.54706860970774,207.646794504517,43.34220792941811,156.03892823876143,80.87221395978976
2023-07-20,121.39297540269465,125.25637621400665,120.84376827467362,152.30203932797139,74.85207425404987,131.86361094362437,63.299977576824226,70.5699501440784,66.13580387716199,112.06585198771262,250.31183152098197,78.55458867294932,87.12708240124462,77.40578066025878,136.11531379297983,98.2828054265114,54.65297115449283,197.37270021120452,208.51716855501076,43.97297154920912,158.01524484438033,81.62568010823743
2023-07-21,123.5101456734051,126.93692811112302,120.8918180926977,153.12923043679143,76.18421871582245,134.30088047405533,65.03747784055857,73.17282618540875,66.18448433767658,113.46727220088593,252.26004543192934,77.99340024162004,88.68962056838396,79.04161580736037,135.6909009823075,98.84820729370156,54.78328254969802,194.77514021020778,209.94328786560277,43.63381066101077,159.7296549170182,82.72783151415263
2023-07-24,127.41442014184888,126.49482693657815,120.13491999991288,155.41755259595337,76.42317436664534,137.72914546494215,66.23232694209817,75.99130538837856,66.7653437509712,112.08654503867362,256.35509292711475,78.3085841313474,89.85443330058654,80.2316174639871,135.6884834731812,98.00991473934599,54.94363996425325,188.81470935026223,210.7708519829304,43.59038202842269,162.5593027390634,80.68681557450603
2023-07-25,130.37259537199662,130.01087941424333,120.8043293807727,151.61808030674658,76.65046310149681,140.37537388004526,66.35645513064044,77.16049819690363,65.1158898511244,113.07430396717321,258.3628149840081,79.9929809499863,89.08418287389397,79.94926538008511,135.99062740498096,97.34235242031089,55.56302044420228,183.2617185027887,214.66221533632154,43.603370739246124,165.98097591889191,77.40025289696865
2023-07-26,127.29816844848716,124.87615549811592,118.37893308046779,149.47797510967922,75.2060036245506,136.21723733668915,64.79885260264699,74.45271927747433,63.50268665722109,108.04003546941577,248.17814021038114,78.30358607900047,85.89693175664958,76.75943517830603,132.98177963692058,95.08870300928047,53.781434108786755,177.56799988194493,209.7593633169311,42.97982530991445,161.88078502270238,73.78447991988945
2023-07-27,124.58555647436225,125.12024628243196,119.13249297493434,150.7688663664634,73.91841485587562,135.78780370189287,64.6109058390363,74.55606681789806,63.474502625264435,107.33645799762337,245.96386626474833,79.42688854729674,84.59264353767072,76.38679168760879,134.5625131628149,93.6119296254591,53.04686314304438,179.12207222085775,204.5084714427612,43.30872141447457,160.23026345545526,74.07171399588034
2023-07-28,121.71675172351364,125.8842368411956,115.33445968265377,152.71012079705181,72.78601862947488,139.1138786658421,63.38782582772653,73.58703234340115,64.18701548252413,104.4726333739857,241.98745839562784,78.88497569669863,82.09457849355157,75.89626982005034,132.87958355218782,90.11200490279329,53.06106469090463,173.1778505109565,203.59325780340214,42.77508504208041,156.60687953962184,71.78809396570034
2023-07-31,123.6021850677647,127.903142135428,118.67705326222342,154.01803617007505,72.66130596043968,138.12860390333992,62.49618189209442,73.30081420713823,64.00269392923845,105.95280442718555,240.71437643284852,77.56781921177596,81.95008530430171,77.99776228824172,129.7493840798513,91.28408270764442,52.98108230979985,171.63644074514937,205.77764915842485,43.96275783311582,157.71324273920357,71.81774738424683
2023-08-01,119.16169851832626,125.26932897841475,116.76653598940614,146.23077441011824,73.07345848594633,133.36023787746188,61.16921786783775,72.56405106969092,64.05391558697609,103.14077190460931,228.35803348373162,77.6475096638805,79.17238600154286,77.2364306371383,128.6488393813664,85.46489182706232,50.894944646778804,167.8493240486034,195.05459101192886,42.41424178652582,155.36280197373475,70.63420199194648
2023-08-02,117.06423545135829,123.81030420687132,118.57085290595168,150.16391529512225,72.30770216255743,134.89510818190877,62.1457936542357,73.14468945244424,64.0249579901478,102.94466239861296,236.93275768022883,78.07262890891103,79.9534994662564,77.92357646597951,127.35538216591775,85.78803205676081,50.854137734138654,167.66966472865343,196.4275843726904,42.00270524477568,153.09914422587656,71.45163247494423
2023-08-03,112.654261675724,124.51686347153506,118.79387472828307,150.8609318417328,72.29545014263812,130.64877108204502,61.611276523729025,71.6330927047476,62.29717911137254,102.72818909304188,240.3981446023868,79.35464113657487,80.22157141031633,77.42231361816233,126.54299508896595,84.24078937934956,50.34430848251542,168.95209157208927,200.44684771114197,41.237140975433206,147.55560538987478,70.45542258681189
2023-08-04,118.00266759732807,130.38222358469136,118.61616432448044,150.69899903771085,71.67300835223503,132.97999872336675,63.683462982658135,74.89276084616165,63.78536784340007,105.04818025726235,242.6454881466601,80.11324944638143,81.36828616987255,76.59400079652391,129.73099579237828,84.6581684368261,51.56106431499937,170.82469740894933,203.36622929361872,41.2667579520711,148.41821322877212,71.9263966209037
2023-08-07,117.01803444470372,129.830361828001,120.91913855997358,153.1268081679917,71.51908970585035,130.5560661137558,62.78437816146518,73.5113227563423,63.58093278326373,105.867834748167,245.65957622873754,79.52352976029843,80.64749539348934,76.02077932274454,126.02395821526105,83.10253159659982,51.473602627039305,171.59530423846158,204.99672297135788,40.73501946950896,147.01664711121188,71.55090228400327
2023-08-08,114.87754282058361,127.764916165751,119.87318314797275,149.35107373775543,69.18180544809611,127.80505051800056,62.64728899134103,74.31228103287239,64.29604034234347,108.80463465629109,247.47491600312824,79.4733899281746,80.00799169611996,75.47336070208081,129.6805055690953,83.16924441943436,51.52768096126831,167.93170582743807,205.64523858221816,40.967268916311085,148.7766173250265,71.92853056564938
2023-08-09,114.46887108307402,127.65396005478682,122.01818164518393,151.5866703079767,69.88557850382361,131.37872313100303,60.10921708741353,73.7290153418686,64.25994968721997,107.59454931345057,244.0335513393863,77.33728401970134,79.54468238444089,76.40089412100689,131.16082432062902,82.17882833410766,51.640156481963174,171.16323889974453,200.6071147707557,40.82374425019228,148.94763449783673,71.85871467410416
2023-08-10,112.58445162654164,128.7844140758903,120.19696752734568,155.04043894360228,71.09843384829892,132.66016342118638,59.446144461142566,74.02823511231283,62.847600772392134,106.65706627468354,243.35249120074502,77.1150444573439,80.64869923838198,75.9000474710278,133.45656941910116,85.32330639217764,51.21451849011046,172.92094825876387,197.94374922785573,40.74672170232843,151.92454049412706,72.15679696081115
2023-08-11,113.84407061671152,128.36133146902955,122.55177575954183,157.19099364601993,70.13066440151697,132.35346700430398,57.502267779618265,73.20371307498691,63.07537130422597,106.21931015717885,243.0949360389937,79.44141055824507,82.64403850713589,75.81571484090756,136.211619603423,87.64657296619633,52.16645037824717,175.30601817780368,203.2030127080678,41.59635976738392,150.53777931733885,72.6240077370303
2023-08-14,113.19386479501281,127.29749641453708,123.67623758564105,156.8247757697532,71.91562349969259,131.03805037400502,57.182958884446066,74.60752820274088,61.99837829285021,108.66672161910977,239.52678345003443,79.67405667342923,79.84483580178734,75.39509824876936,132.87282108098708,89.73891285684749,51.003175746985534,172.03521386851133,204.19951768098954,40.96246479589631,151.27900994723964,71.39752030202014
2023-08-15,110.07765595172292,126.87354665819626,124.18381306675413,156.7055165060436,71.95832711137632,126.03911786635999,56.20211850681679,73.60126230713553,62.70778633364613,106.69546163417168,228.97430577108676,77.75272045504889,78.3299150009768,72.27354187522185,133.78422433126036,86.87974751691972,50.88254873502042,167.65840365299755,207.38684160306937,40.42185378011355,149.02803144837375,71.31672724078564
2023-08-16,108.50263585639073,124.8432829589422,122.56928236589356,152.31264367281284,70.91126285481083,125.78817923647037,53.75026654128318,74.16572210536286,62.892845684590654,102.88678150951809,220.1288674575678,77.82588526502914,78.3126963477923,72.10427113271938,129.79686692926282,88.3997201901728,49.71160803657033,166.30113213834701,205.88036733318685,40.915257538952815,147.6525262811251,70.92805211290421
2023-08-17,103.63323128131385,123.64358800854392,119.9081859607562,153.03264803607115,71.03221908750398,124.75271607767117,52.13705283932491,74.31130156224253,62.40657791364578,99.8725184035771,224.1686720446054,77.53891162940039,76.70416859776621,71.24617332271212,126.79453037554627,90.15717183197411,50.49114641901778,168.05838349942664,207.08975899401054,41.659899755399,147.11817132606535,71.3404577127681
2023-08-18,103.237442583023,116.6221865157962,117.67329402397715,151.98163644890602,70.28599441771944,122.58747903592544,51.65486738236092,72.2643842064659,60.061929683770956,100.43606086187627,224.6995402194479,76.11762843254924,75.90850728942426,71.48464473414546,125.30558395925274,89.8847157434383,50.379601557152846,165.6836762534049,206.45859146513578,40.66769205713755,146.52965194544618,70.59465292430686
2023-08-21,102.00606320050333,115.06824509808638,115.72895557997649,147.74412663842918,68.27611216817317,120.41601015960912,50.89215467439208,72.93114098388358,58.80781163436545,96.14965546134313,219.15015683133632,77.2473532039526,74.83283976653767,72.40325161888612,124.47508112596267,90.14800790644813,51.586404346299375,160.46669430048598,208.05008024410898,40.450153986142276,143.70806941143894,70.21074757216516
2023-08-22,102.1448426777766,117.34931467326805,119.76038125278502,150.753008194363,69.67040946228356,121.36083298768625,51.652223965198004,73.40900774056698,58.83774235731823,96.94321029320093,221.3436458202339,77.96381848725773,75.43597041580526,75.00965952340552,124.64900235750406,93.66839770579173,52.27931360804562,164.84416654314614,213.45052971123695,40.7423658987779,145.72359964419348,71.13384293801585
2023-08-23,101.39025363094866,118.00933497643891,120.95361738033786,155.67056510036818,70.08085076098317,121.84489982571405,52.118008313761926,72.56792433186423,57.45607104582194,96.60148103109803,224.7139208197525,79.78603284412476,73.6766917871683,76.12433912565214,121.16689131754737,94.7680257496162,52.8470501328124,161.38401958990607,217.5075696890026,42.00647224006799,146.16956653286053,71.63066208963012
2023-08-24,100.64225477074059,117.60196505327927,123.21613051046299,158.5762545972965,70.7711499657024,122.40922837723066,52.0913838722605,72.6002220372398,57.21564370413687,96.44486358304071,220.2771922852429,80.96640879828708,72.85266990231622,78.36298703590649,122.6909487147227,96.46117709576365,53.5103466678622,163.72210088254062,225.9047191813916,41.917290325958646,145.24768886010153,73.05897601150718
2023-08-25,101.45495036612509,115.33592640370779,123.64742097047821,155.26522854879258,70.45749726648825,119.81081449299819,51.99485226559392,72.31202012682625,56.039407708569875,94.33497647482825,222.62071581680868,79.96683285912117,73.5542343927157,77.28929949728315,125.18556996448905,94.88022583876267,54.39544213814997,163.24157999734578,226.97674082869682,41.053336161685806,146.2753544079119,73.49063513032176
2023-08-28,97.67422048930968,111.03765729803037,124.04891329291748,153.63980292540532,69.74042566785542,116.32912834147379,52.04135607204755,70.83862762474595,55.01567680587077,91.4324941521899,217.5882814885148,78.51714945710211,73.67652947830072,75.69006625946999,126.54846809015748,93.66558822487497,54.97925068051095,167.3415874465192,226.60169610450436,41.717620544789106,147.49035891689556,71.6544753687377
2023-08-29,99.11066179364153,111.9719087205379,124.57125898733656,153.91749821957177,70.0004719970826,114.86169902152082,51.99079181092435,69.5114227503045,54.71966846137068,90.85457434645893,215.4824375518511,77.41406288519312,74.10166459914669,75.45997441822097,126.29157939332224,91.97726744545142,54.82878431652771,170.50670720423005,230.76714766200598,42.023570149212745,147.0599415267709,72.37932314090617
2023-08-30,97.01545271583717,112.37760929307716,125.08098543958019,152.66638338404502,71.28571857389133,114.42355420119965,51.68331358289765,69.00207186185779,53.057015725671626,88.49390174006273,212.18270256879262,76.77121687550942,74.19341709092627,74.12989806722739,125.60302164758117,91.45341954615974,54.517065306203456,169.25143251157706,223.7429876551926,40.2784775223943,143.7889673784611,71.25200878464686
2023-08-31,97.22547090950532,112.0071771929647,124.237136202873,152.82488752403347,69.31746512996493,112.01622480069273,51.23101554722602,67.31087669915075,51.738332081874816,89.59156733607152,208.9766191524352,77.7472070966091,71.1447448544944,72.4097570004818,124.79235446721002,90.38163591297801,52.086988034203486,166.34282800298868,228.7428507801896,39.87417300593025,143.19670186883937,69.5846711691831
2023-09-01,99.17027206817556,114.19420665165298,125.40895974826155,153.4948560903841,67.80168602982872,109.49714262265513,51.4400114785619,68.3896847168451,52.91641854165523,88.72619127466801,205.08923777441905,79.09330646243068,70.51148784698103,70.93718770469206,124.3019030632432,89.99624175522523,53.29134211693014,169.05486791197566,226.89955752369966,40.842665824969274,143.9036825847118,70.92291968911512
2023-09-04,101.43087751112125,115.12192289081666,129.20605160230915,156.20868647524625,69.88529797416791,113.55913062277891,52.59859193493969,69.271834047395,53.613632051445,86.146808584667,206.19393133534302,81.49099987133425,72.68848492119625,71.31369585348644,126.72237421915135,91.24256518914152,54.71263168522253,177.41553786406323,232.97837598623522,41.09889148356064,145.87483241064038,73.57225002749742
2023-09-05,100.33794708281256,114.89057207655024,128.253854095434,152.209033848564,69.29434135514123,111.83187433869294,51.95344569723914,67.91525573167229,52.74866341550742,83.24036784592826,209.9160354412547,80.33797299951812,72.08688311869517,69.90362502575991,126.6554486288281,88.12001021069172,52.37704758618481,174.40635820542502,236.63447077040288,41.16550002238721,141.5706963801572,72.92755023628196
2023-09-06,100.7137496098994,116.04828376663164,124.3143023660547,148.21876845909293,68.71466424744449,109.67274861221664,51.034335276344756,68.09222107062045,51.99125765176207,85.85509685493538,207.93758848775855,79.43133045447256,71.88729143461553,67.81691762323922,127.11517197385679,88.08607985883526,51.723829517467735,173.8616934064457,236.39308967826142,41.754001473519615,145.8590247191203,71.2389574022218
2023-09-07,96.12825770248881,115.51388797064344,122.63954537126799,146.78714265330575,67.35949095895566,108.51888869364873,50.7334245533381,67.39838251151521,50.27834807445374,84.91905635563317,211.0513422541344,78.51351826716909,70.94468120665167,68.37521334115877,123.66612066728312,87.88881360255382,50.52794720599325,174.05825817377982,235.15300820140465,40.86245534210965,143.15939614548617,71.2032669839076
2023-09-08,94.58111363026178,112.04587859172493,120.20607508413678,139.08336075131444,65.02328987347221,106.8684190976401,48.64213551844973,64.10987268895538,49.53761294076264,83.43459157769732,202.31261035166182,76.95990429754997,68.26973841193694,66.72379490381803,120.6509641622233,84.65954676929229,49.98576127182826,172.5952749672533,230.07354459937895,40.22272587685416,136.66522837610478,71.10126101188226
2023-09-11,94.01453364173409,112.38247551567447,121.04623665161317,136.7236369408612,65.71700179700689,105.89721632393412,48.36603876136443,62.54266228042804,49.622956676509,82.8716925295052,203.8022373583019,75.13449836967544,66.7871117602366,66.437128292356,122.45051561287484,86.80408008003171,49.28484621432577,172.61250094524803,229.22916214311553,40.628028739765355,137.98395005492665,69.86325490275375
2023-09-12,93.75776548886012,110.13793662951535,118.9998760778756,137.566308804867,65.4296267157507,106.32386481333718,46.714739156589644,63.38654264770844,49.1844790833216,83.0984143710256,197.02029540163198,77.23841541797094,65.65085652628831,66.30611061307025,124.66839596544436,87.44405639517429,48.426683270780146,175.75513095864093,229.5794172192853,40.422130634725924,134.67288497275302,70.40094893970775
2023-09-13,91.49926474897306,109.41207093682189,119.67144422534459,141.22362406576906,65.12600982539938,108.59269137485614,47.15146752478645,63.47377931086,48.30027000515347,81.65466202792283,197.9200198290015,76.5078506716748,64.94238042253926,66.02296437677849,123.79640675657315,88.35026135216344,47.983889092749386,177.59308442398404,229.86347741719283,39.344029019722214,134.87917184482123,67.47385277061476
2023-09-14,90.87727920228065,105.78435551978917,116.42474530088982,134.2363909642009,63.14089558407596,108.8150768133743,46.310138554243345,63.0615192725625,47.83106073632018,81.04994521651298,199.20850024716884,75.4836906638364,65.15781679808303,62.886686721655046,124.52698222131367,85.70666825631078,46.715349813851255,173.8792682348676,231.44082894904932,38.41227676542358,132.16759345389394,65.80266072861987
2023-09-15,94.05602757064064,110.58811479636404,117.9635834235467,135.4377463124417,62.2067034060241,112.95583342721648,46.76078855388102,63.226257723754465,48.39856796997125,80.78112808037429,192.98816127834473,76.3926487679111,66.69566151605714,63.62991787964876,124.4671249125184,85.84518956640142,46.997927873536376,174.85117525975363,231.79969757545885,38.55996739093336,135.46475944390946,66.4968021935279
2023-09-18,95.63852623344874,112.92434937019436,116.82029130006701,134.68658760780733,61.55094534552522,115.03833493351625,47.60520846663609,62.47620601286177,49.03778500774512,83.02855293036335,193.74741928467728,76.87937405741684,67.53729736020325,62.47525058938242,124.85479819665544,87.58805994216851,46.65783355137806,177.32510186470674,232.085443674029,38.23391179410702,135.17820850961465,66.08251680533364
2023-09-19,94.56085869604418,111.25472419731186,115.15672686932871,133.76131361309152,61.41007499708809,111.64977089649486,47.0253789367771,60.064798571406385,48.536290557944746,82.34304213312946,193.62490064317856,76.26832169301422,67.39971484626564,61.895393187400884,122.0139769003167,85.11302228534764,45.99506793227208,173.46758728274665,228.645952708721,37.55954498073261,134.2889525544915,65.45305154933328
2023-09-20,95.18627609887929,112.09291335627773,116.6876203226186,139.44068736732856,60.85326768736183,112.75904287134354,46.7849124487215,60.78364932702502,48.69411293906116,83.18874394877328,196.8136636217568,76.14850914367227,65.9852342281691,63.57603676797779,124.12330617445753,85.38879579431037,45.643156772681394,174.6897186297001,231.15574864835912,38.21008040398601,136.62746953134797,66.86226076386056
2023-09-21,94.4218399055944,107.96991882013585,116.43075555872255,140.37010806745604,60.693740755931685,111.29276871848809,45.447554088746266,59.70106753664386,46.65374209766152,80.36829894904157,190.4576467279065,74.65898889425898,64.24500727865019,62.52281599406698,123.08231603887846,82.68166319545992,44.8096533993909,170.02028845832237,227.49532871252606,37.82042442388595,135.57630505747971,66.16450262624734
2023-09-22,92.3244600790929,105.98796330082963,117.68205210030429,138.40531311431852,61.326816679778204,111.06719610762104,43.80559774953907,58.31372418418431,47.045434704006226,80.5385845149302,186.10386783195042,73.90082034923041,62.2285252892159,64.23827280711363,123.7800543679761,85.44784540428056,44.92135316667763,171.65361675796962,232.33474052782267,38.95316382928347,137.23452289631803,66.52205135175186
2023-09-25,91.09105737384074,105.26057844230502,120.20796790543044,137.61430516295465,62.34946045829961,110.08327813431711,44.19872059838096,58.3596045456415,47.00515192113491,80.90199868750042,186.1826114898157,75.13442404608296,64.26414177931613,65.84351739209798,125.00743735763854,85.04402570966433,45.20129220362726,166.82028966503594,235.88433168618013,38.36243886666914,139.63804974080315,68.54697111577053
2023-09-26,88.05045244672247,100.69876425865077,117.97137402127883,136.58444008524293,61.99436745742435,108.42049662780329,42.15868105876796,57.26474698193525,44.929301337520194,77.49398484118278,179.07923433075402,75.03945081002588,63.69653633491061,65.04204694492486,121.63855542299127,83.2387686187809,43.5033938178714,167.3963714710602,239.46147859680372,38.030134371463674,138.95489987493644,67.21746050940381
2023-09-27,85.16539881292852,97.52030978812091,114.63699184595826,134.082605312959,60.023816682327194,109.15024410381479,39.956243712018534,56.26078177829844,43.28452131071424,75.7504020630137,174.6806638466869,73.78795936469213,61.40129600847045,63.4801256282899,119.79737344123578,81.84773882311619,42.00772938965341,167.45240883291567,225.55623878106323,37.16360628686487,134.5286248667731,66.12175224019931
2023-09-28,88.28662863678008,97.94673565084031,116.73789471576862,132.87645119061952,60.73823230012493,110.88792477713211,39.86048185689741,56.12674109154844,42.9649320198435,73.95618917381196,169.95693377516753,76.0119739997816,62.987599157741016,65.26104645125695,119.52396740157974,82.57472534724049,43.31323355001416,166.47630871463076,231.79467028068413,37.304936374053206,134.36736146119074,66.92327785783509
2023-09-29,85.89947064333028,95.97162159556034,117.34788870183354,132.35831246295476,61.7390121974369,110.027096602109,39.076650487850166,54.818259388875475,42.4202522251892,69.13897278760446,162.82506672827776,72.9045103531942,62.79501089335707,63.68528708952677,123.04232203082343,80.73370154397824,42.81909125767724,163.30692926627822,226.59684218217487,36.122300833335615,129.87949841049627,63.86512378269874
2023-10-02,88.69573866431783,94.5211324901611,120.76156993252002,136.39913731259338,63.35047420200656,110.80502483153738,38.93865006792324,55.96896653571222,41.96893747306952,69.4904275000831,162.57630516135464,72.4360474541281,63.49305607247377,64.8362790149696,122.12096650518986,81.83135861982217,41.68481887505356,161.87117026632293,226.1918306110245,36.566807641999915,132.4545261798527,64.38804445500317
2023-10-03,89.75882057453036,95.57911977484814,120.70889849726761,136.65399237150206,64.37681880746605,114.47220695989272,40.01611788188176,55.525116620609786,41.68552452106876,69.22856611542409,163.31013111426873,73.0099577270419,65.13138980931646,66.56259995094483,123.65338302582462,82.37073220667126,42.30802131092829,165.61802953832867,229.93389550989062,36.59335374614369,132.52840353982984,63.77893954492251
2023-10-04,91.4399566860163,97.96699285281426,123.71774718759218,134.20752479386223,64.94290211529642,116.10866675072793,40.34081886543599,55.334385183557195,42.98303770765423,69.06194819424185,158.83057724782736,73.23066145920748,65.07628130462346,68.5985702485159,125.31716339925504,82.36659753729482,42.29824882711727,165.55108500067325,238.59981706419208,37.063728381602225,130.4553237843719,63.718683942122205
2023-10-05,88.1948928132629,97.98553954490438,122.23893852455896,136.73706619496457,64.95844471257675,114.26739608752713,38.74687591367414,56.12180928798477,43.06838340174098,68.07134317816434,155.63289486897776,74.99572389076788,64.0450249659737,68.22722552240396,127.07419101751873,84.40397994922205,42.16592362073969,163.7456106953644,238.45308706282242,37.57088881806534,132.9916090519509,62.411751506057875
2023-10-06,88.50960885674417,97.65639795357274,120.76736469400163,140.1269783850959,65.4004533872044,113.5455741318775,38.251101984380966,55.55130580457983,42.383837013989776,66.78660087910502,157.52169376077998,74.57485858264853,63.65327185172748,68.2163003030778,130.17489312594267,86.0427188991216,41.99121147333495,167.0501711526011,239.3043435001851,37.16241444883345,132.4350274816215,63.80840726609988
2023-10-09,90.23152964637238,100.20317087627441,122.45297282375316,142.38900510517527,66.3597751108915,116.58433994635243,39.34583743123282,56.92692010354307,43.3719643041227,69.49302336541713,161.70396790060164,76.28403275671538,65.10111256596515,71.52775549068862,132.5335858646386,89.0015942950254,42.58616301894864,172.1691422739788,247.7115476761531,38.71052751641593,135.13262102997157,64.36256443997402
2023-10-10,92.93259089646388,101.32798252093616,119.03164713164637,142.81645253250747,64.82257147575633,115.82320386281025,39.363017298462964,57.104811600211896,43.304460048516745,68.86158527319597,164.4118738319818,74.99320623116546,65.73974584140446,69.42494518004881,131.63523618449372,86.51531333611092,41.66974867872648,169.29339988313225,252.0188022614947,39.12134477471953,135.8243845495957,63.81493313873877
2023-10-11,95.09867487515034,102.65119090627573,122.00229389221441,144.94079734028227,65.23050026680139,116.50701120011564,39.72277892067448,57.76891107655055,44.384438024387734,70.73019193768185,163.4734727140042,73.00271609530759,64.9761366393187,69.18484304710793,134.0038571421331,86.26118771176183,41.939698129408484,170.80439004500923,249.48331974665743,40.08197095545544,134.82005413998112,65.47754055545052
2023-10-12,93.151436676195,102.56343860873886,125.99196702115775,145.67850430485214,65.42243716925962,114.89767739356854,40.174270798393884,57.99312841720381,44.495980411271574,71.17535392247221,159.1657355851245,72.8113044773067,63.73707227225138,69.13775345309426,132.54593966141707,85.36696875968384,41.05411073460963,173.47250194503326,247.1783057442871,39.662004434199865,137.75135157109358,65.96241807820327
2023-10-13,94.24927946707471,103.62833959616572,124.22898256669977,139.77250584457937,63.80296666167176,110.9153849036928,39.2469188655063,56.41611069923281,43.64781789397801,70.51883757006922,156.39310809557216,70.52986439226446,61.928272319522705,69.03241650885917,134.05862160876652,82.87501069560311,40.2751271367809,167.11736454079076,244.42896088842593,38.426040323180416,132.88428291097338,66.35872939747793
2023-10-16,91.94271722190906,99.37855424776966,121.0533444648301,143.28108284668411,63.48909228490769,106.88104172725772,37.486790481501366,54.851315861143505,41.027793558872936,67.55476514444408,151.08452451143458,69.63621902932135,60.812987424903866,67.21886592431235,134.3674468981667,79.69933941827436,39.46794556442612,163.16641101147087,243.95726146804515,37.55161437806816,131.5511772570013,65.63693693930344
2023-10-17,87.50302071284696,97.70131049638191,117.10988128566686,142.73355189059873,61.94421590988267,103.27942383917222,37.22352533641594,52.78578345396122,40.533715802234944,66.41898695264577,146.46641712823683,66.73509843689882,60.63076240405527,66.27010798073557,129.8142663241677,78.23941641427649,39.21025967840772,159.91268706114428,239.40345504076288,37.32099624732904,131.5761815517004,64.10002129874023
2023-10-18,84.3148641587765,93.78414276029113,112.32168594562378,144.45606905346455,61.46552182170663,99.77547430659733,36.03824703302068,49.75918304061714,39.93350864402478,62.57680491892097,143.11918391555858,63.850430649031004,59.30540814512821,66.4683231129651,123.66473329651836,76.53951016688126,38.96587176583064,158.52356202812217,235.6323328506293,37.01448406668576,127.9799448228252,64.95528374581336
2023-10-19,83.74249858622444,93.74904781408469,111.53439809203665,142.9258480544224,59.55439029321233,98.3861114407531,34.56542518061652,48.65871141264223,39.306049063710326,62.21701641708689,141.27234830945667,60.96095856180252,57.682810801145855,64.54997043230983,117.66916153881347,73.72685397787606,38.229096235576144,158.8849027876794,228.2753129711649,35.68713057442732,124.18594819196481,64.05465155754153
2023-10-20,83.1315336017781,93.36431869030041,113.53183589751465,147.21552592548326,62.07476922597336,98.0571487108738,34.861239403349956,48.280825413103905,38.98224327295707,62.00450527466071,141.84115626740783,61.073755135179326,60.69772897566026,65.07859324487481,120.24070161310807,73.79318967317367,40.086384341530206,162.08968585836763,234.55235734831246,35.90904500190156,127.51213718566868,65.3426516063543
2023-10-23,81.77233180481653,91.71793096675586,114.54087206862356,146.0920560076755,60.0281090801543,97.75374407473306,34.93906094686439,46.27801117932628,39.342135008750326,62.363249551553366,138.09512246508814,59.797000671065824,61.404671255310696,63.4716421478393,118.17598541713869,71.91338375447232,39.923669161359676,164.97975251061456,235.3417022907625,36.3084752037567,126.33119224021485,65.16699826722534
2023-10-24,79.62320019137704,90.11319781066472,112.50749276656222,143.31136153079322,61.0663613670563,98.87017288815906,35.061772666541074,46.72235886926637,39.46621140264243,61.32756375999331,135.4672033058925,59.15201530738025,60.33146945818941,61.57270175370836,117.2436412002085,69.2702970186053,39.434499272015934,160.1559348592782,231.8526428201484,35.89277215362204,123.7256456702686,62.63037832595607
2023-10-25,78.14603775263781,89.95301883182009,110.96493553990949,140.90033355181623,60.5386519975591,96.86175058392774,34.7633472799375,45.78117220911761,40.36845792888791,59.531168815585964,132.86476077368908,58.05120630182196,58.27210244524969,61.389890113857284,114.97114407967413,65.87116516806601,39.2992666450795,156.40848494181566,228.32178961952394,35.7598293705528,121.48827123391656,61.41223778528112
2023-10-26,77.63472631518127,89.62608852507937,117.26904937277621,143.7616282180998,62.571513109052106,97.40759413304342,35.336659727533466,46.1505778036343,40.78928150540549,61.322267014019815,134.9780759649132,59.15130064509865,60.291663730371106,65.45735187434398,119.13234483828384,67.91653366746887,39.66939222840177,162.7966300468796,237.5575169419854,36.999525066744546,125.20011116816207,65.86244605891527
2023-10-27,79.31075070009433,91.29415934627642,119.63162424916136,145.00904643664714,63.19151065671254,100.08956070170576,35.63492067997569,47.07930572512116,41.4683797493961,63.39918862327458,136.2303388923058,58.00767853199822,60.65375189999101,66.54554260198768,122.42773697200157,68.02685827382928,40.41504315151706,167.30486733615513,242.5464321965272,36.95533307220062,125.49904664178113,66.99463367374148
2023-10-30,80.7016621363694,91.2460603833705,121.35907864993658,146.33957860065655,64.4750613199815,99.82182564352357,36.16177104966154,47.29710674050553,42.86877565463902,63.8958445932324,137.95557566198065,59.40775079572509,61.448215976221015,70.22523647993299,127.34768887726047,69.62789704196885,41.44262005563751,164.7238109677258,252.0323241876277,37.97465479545953,128.06335503768517,68.89673385604083
2023-10-31,81.59144972386036,93.16716213888346,123.23743285211471,147.05153544804892,65.31993945134516,102.4228626647086,36.88163311151534,46.836746386761995,43.61391100828288,64.72050052582709,141.2849392958876,59.951122815282844,61.63957103942949,69.39178361968037,128.2868897075508,71.83147677635051,41.92432993406474,165.90280084418015,259.68859520042315,38.92395387183887,128.13959791881547,70.73415021641566
2023-11-01,80.71785114279642,93.29947030315415,121.53826011748588,143.6441491243597,63.88378825382452,104.93960973843834,36.50394587956249,46.687211432335346,41.82012026181616,63.02808721181397,140.66439463301188,57.330011152141765,60.94538681521509,67.28367145580563,124.43772672078495,69.83704471024966,42.06729653194672,163.49692760892069,251.43141668304142,38.617510464710854,127.4944047652035,68.95005147204671
2023-11-02,83.36007413293525,94.21919782965773,120.83629220952585,141.7074056394024,64.0164981302282,106.45566348748008,37.13236392717094,47.64735626674262,43.816801963900964,64.03911746056097,143.65785772472088,56.449777966129965,63.70802020198679,66.75693938288832,124.80111312688662,71.45769446189273,42.723671300846284,169.47402826916928,257.0037510153976,39.030363423462475,131.07759975692807,70.97233598212478
2023-11-03,83.09735756632016,94.09013272985713,120.18644600178727,139.8321039339834,63.117657053082944,108.04751021232543,36.39390573528561,47.012778841998944,44.41308778420232,64.09119478326417,146.2541391517977,56.32824605569212,61.954299267160216,66.31771952042453,124.81206172582321,71.15548404693789,42.10221202014363,167.5028741620718,252.42123676406052,37.96093687680564,127.17403414646547,70.85369927858534
2023-11-06,81.90252349050448,91.72377137080916,118.24223133939032,142.81865537694208,62.39233026732047,108.50512243400418,36.34714755897654,45.8305728816595,45.220041802672284,63.53734371673198,142.71688808840705,55.328926472701255,61.13952825261317,66.39628562311405,121.97095379426331,73.14196554514554,41.08691569848079,167.35587766766866,241.6528542399429,37.50870898057686,126.39403621598902,68.95118894296155
2023-11-07,83.3030363311261,94.31217230965518,119.36421216672724,148.12568868392157,64.4898371735666,111.4852384064913,37.52324667130552,45.8682161573192,47.27253022454535,64.77539126940209,147.80972961573832,56.968664448460686,63.189797534755336,66.57370323875801,122.19635978431305,76.84697573519371,40.90606813309212,167.67793572372895,246.17555668449418,38.223746565069504,127.55606565551494,70.85629159742959
2023-11-08,83.8905153582558,95.32562519848759,119.81356941119827,146.01511197558133,65.50483419569242,114.00114762091731,37.85095353514593,44.81654570690555,47.38886217462047,66.37898019131973,146.2820532410964,58.20279152842828,63.47691676659041,67.30224417127104,122.1633589274446,76.35114046171547,42.245279555328715,171.61209383499394,251.98846113758944,39.17373408546805,129.99787803878678,72.65511815275373
2023-11-09,85.80163794330653,96.1989905367201,118.38937820033863,142.23043718119348,65.2338444737186,117.27621976817562,37.354695408741,45.68789251286653,47.26377628457874,66.27277619619355,144.3968037748115,57.10542429049934,63.61243505373984,67.57146018639699,121.6354591743085,75.18793788853601,41.22631635811568,170.4725154041523,249.3715623351083,39.00140539701139,128.61751762398734,71.78312735417032
2023-11-10,87.81659393909118,96.20574783658068,119.6312763833473,146.40658724011737,65.94415448103801,119.92535269426487,37.350332502755656,45.58562028169024,47.61484110613901,66.72990935613046,148.10481325257774,56.61216299658754,63.67465498589757,68.81679590933406,122.32602643562797,75.35471707370343,41.46893292296784,167.98263487871546,245.62367936360096,38.16226371533675,129.58446661534057,72.93814296013767
2023-11-13,91.37750369793281,98.21700331626575,120.66224939779869,151.05155703627133,65.88294576739374,120.05224240600916,38.0328615393292,46.30632215682567,48.79534148707203,67.2004388722997,151.97725968827012,56.671625990130124,65.45818813455368,68.24345257728282,123.27181780283635,75.70810104809543,42.01011853179541,171.92814466328966,248.8000393328185,38.45451681234684,132.30644336438863,74.55973361212955
2023-11-14,92.87889688384453,96.45619159753689,120.46536714492902,152.4523950572225,65.83394765239998,120.34143971436711,38.788900552599124,47.18902246824722,49.889258188024414,66.9622224947058,150.19562348593652,57.561155126084834,64.96686977162109,67.66048405854578,122.14095157943757,77.31924341985793,42.29624103624261,173.4356533660686,252.8016850555134,38.56968192225756,134.8325027754723,73.4919152197031
2023-11-15,91.44592296588874,95.09064447581889,118.09027020512598,149.9957986131883,66.2548750972908,116.4700576766106,38.38749726952843,45.955572753720546,50.02558407085841,66.14766228888561,143.81940500628286,56.6091339410961,62.120516200198466,67.7199948133554,124.56300285524372,73.88612693484079,40.85674073240936,171.68092112354233,250.6067521741564,37.8449590782351,129.67361322106711,72.92047283454473
2023-11-16,96.33236957069441,96.45474924267485,119.37412342089635,152.98541468071687,66.30299233662502,121.77250029147113,40.22924721994453,48.503054047824556,52.527606450517226,68.62866147671724,147.15798327867293,56.13667339062546,63.01103916346628,68.05809737374709,125.2068977088466,75.89568937729373,42.14716111156388,170.39669066028307,252.95917281206343,38.017232687630695,131.74763241498889,71.24738557063492
2023-11-17,95.7275672859232,94.82074268758689,118.53164654642947,150.81754554721815,66.43654564424062,122.28617297953234,39.233210025658465,48.463124251453124,52.26473415096948,69.90199032704842,142.4940700464766,55.076751876186904,60.95598703024336,65.8990155343542,123.65506019109115,74.78718584020501,41.76748728638133,168.80625056437668,247.9305583698369,37.22768540639205,127.61148454176163,69.27758271281618
2023-11-20,96.8721276443337,95.80948842008026,121.26670860014738,148.5745956507564,66.18605312789015,120.82057900167328,40.14356722436447,48.27335605984689,53.40373398902711,71.45332101552016,143.33943063169284,55.30335201379015,60.97415531959763,65.56700233264817,122.61233151320906,74.53732475382178,42.89872018998142,166.120636038448,248.4676601548187,37.614405416472806,127.08559872830995,69.69045038195208
2023-11-21,97.83235847498986,94.99211227792857,117.52529597624358,147.71854604284803,63.87768124310677,118.14751580845618,40.03374054254292,49.24127247787806,53.85580742852856,70.28562457067638,138.81630586099942,54.36140234110922,60.12759655164138,64.33782279014862,124.09956281551226,73.18074158699916,40.67283312156733,162.17322513616236,245.63954769644943,37.16860843115686,124.49896750321653,68.1023099337033
2023-11-22,95.09416281451276,93.17106025795077,115.61831459820051,146.98298907102136,61.454867792473785,113.14762625643287,38.826017359198744,47.626163476008,52.039175533674104,70.14237687218638,135.7502404212291,54.68705037094708,58.70608811603797,61.688801635874064,119.48285291096664,72.52066003267872,39.02138388279245,159.70376073823732,238.01612190213993,35.77319263505399,123.93782269057657,65.89416300893535
2023-11-23,93.40285965510239,95.31984500172257,116.3553243661245,144.27978984416688,60.43097383478375,108.57038374552069,38.49089718305481,46.58711885305947,51.54720693113678,67.29618128454483,134.0973984441733,55.55926602071628,58.1942452981049,60.384016542697296,118.02058714569412,71.66674259430062,39.93240227253825,157.3843061662338,231.08579688380172,35.44375803092492,122.67719934725757,65.82191580517419
2023-11-24,94.91396804652226,96.7320184877159,114.22102971032166,147.0779446873582,60.198884251461386,112.74923773965563,39.054049780441225,48.84067060459416,51.54847301857251,70.00214850624222,139.22501648743122,56.52420761772146,57.77002011579269,61.4368966809176,118.88235276058003,70.22225627873922,41.243911626303124,158.05869334834884,238.00438118216562,35.743407374939004,125.13429022310956,65.59655904293155
2023-11-27,94.84475108486285,95.86978924344919,109.3062368367845,145.6493513609358,61.01041675078161,110.85463474488762,38.41894423016177,47.8849296632352,51.77005389398144,69.42262740395132,142.59090908048262,57.31512344399526,58.11520063134155,61.899667921120546,117.5401169095998,69.52207870155817,41.80642156739238,160.69417977652378,241.16235437897046,35.59737695514302,124.4306144015575,64.87479142698855
2023-11-28,91.13289334151176,92.40452882746739,106.84451902912477,150.01535955853512,62.3173286058574,108.18840923455552,38.11681448749519,48.63877824087438,51.83200909337455,71.31007652025507,141.866083142029,57.30318251729624,57.731780280354506,62.51703762228509,119.6746798701602,70.09026444390001,41.983936694137256,165.26863730218037,245.26930099161686,35.87921913727058,124.15593975909171,65.25122118755952
2023-11-29,89.43102133308994,91.72331403024793,107.41451544416596,153.99411480223404,61.611423216044365,108.53800894837381,37.87339020209998,48.37972891759859,52.89725896027548,71.26981099537193,139.4974985587276,58.415103068931025,58.788362898039004,61.95784772720986,117.25600872609043,70.6339174606628,42.21814126752574,165.10571979344405,251.2285749799872,35.77835390608983,125.87499578043523,66.7971943712577
2023-11-30,87.25352111460056,90.30498687920438,108.63641128610614,152.22518738138828,62.977769359490814,104.4369332887717,37.08131847532807,47.113015024478464,52.688314843038334,68.19071306206838,137.1523482742429,57.986742501118314,59.92107026236832,60.960453358925136,116.85014783837754,69.25981058841384,42.18231336289253,163.5850889464548,249.56019158158992,34.580455264940845,126.33435502606551,65.46771929940756
2023-12-01,83.65141978000852,88.68534651884517,107.95932876333325,151.76173917261787,61.18889408519965,102.11627170889402,35.53155541232706,46.305192617781564,51.25160317503092,65.56974612572458,135.04861590682256,57.67419452319014,57.895426630700214,58.63950674358382,112.90101737703827,70.05128766163138,40.991418294364195,166.06208581344265,242.994451547753,33.52201215289751,126.54976548043079,65.52550728094856
2023-12-04,83.68943582050656,90.9001594961404,109.11123884046418,152.00315738260252,61.70833887854456,105.01519659904211,35.92417944617231,45.097983898804046,52.14423116352174,67.04663532080775,135.45208373805966,58.18294588782034,58.402648367941836,57.31296431717965,113.1372769648334,70.20428395150836,41.18362701583757,165.9262778526197,247.3032241744366,33.352155064899684,129.06833319573306,66.59396838693566
2023-12-05,88.43481013214443,92.06469448009096,111.49944470730978,152.90882666995972,65.77673970134404,109.19548226991444,37.583568031202674,46.55673694113825,51.33839726171847,68.27979933741773,138.09683746333306,58.81556856333132,59.69442998318112,58.70251779728553,110.74965678404872,71.18816731716657,41.57227191388267,172.13865650603955,253.44431909175762,33.8183800984612,131.67367481347702,66.02257050098552
2023-12-06,87.82118146453116,94.35576037842081,112.886490761417,152.65725504146238,65.72874421299889,110.35956161146437,37.992108355810345,46.872267986881226,50.758731098076574,67.62421809462836,137.51680959035477,59.13282139150845,60.15506554972442,59.051014636809796,111.77465156361909,73.89039284309726,42.448406539951925,176.64171353999305,257.3905624156209,34.13702582486081,133.8637913222162,66.79658789726219
2023-12-07,88.97741943633481,94.80871471563832,110.96622753999397,154.39473332967785,65.1044835909095,109.72716266109488,38.153915647656916,46.092816445322704,51.08918490325025,68.07486963567469,140.1942556797247,59.32732451206158,61.01004128931462,59.56266494427299,112.70477730523749,72.96210421187759,42.805895724030094,180.39772153807124,256.4753361843229,34.37014691140966,135.53404339084057,68.57553787002307
2023-12-08,89.23867068063487,94.39927432305922,109.16238108749477,153.85206863935665,65.53818905197362,110.2661576712879,39.32572215300562,47.10080110087642,52.518010733543726,66.362674474171,144.50135912679565,59.60992831299483,61.4307162509485,60.408556285503,113.02179006966914,71.91357810640837,43.76784729394992,178.45627458135115,253.11992226312776,34.27551834107018,135.20478730768716,68.631659843323
2023-12-11,90.7457670628419,94.12849794344366,107.8976188376015,152.83644050608532,65.10947004275602,110.51727525317115,39.10025020708601,47.80856313542823,52.73232579806241,66.16852642787991,147.34056237020346,60.321601150747696,61.156547535093935,61.9757835532011,116.4544501988865,72.31371310854493,43.4259915135207,179.0372932268173,248.36839225924646,33.800581216046275,131.66441922562962,67.93124121681946
2023-12-12,88.87321300215993,93.63446736709471,107.5554057441699,153.32244405942865,63.82735967831715,109.99361935285857,39.045466734193695,48.387184150843126,53.03050691206826,66.83187284332574,142.2440077508514,58.85251028801756,61.223025283928436,61.62377873790081,114.03788402342518,70.58591276342482,43.314822068154065,171.14463126174536,247.76449733097712,33.3601623802534,128.74667698965948,67.46566565982761
2023-12-13,88.45603093137423,94.3055933248973,107.35698089874641,148.28282980751962,62.224399621071576,107.7648261061429,39.153914568411246,48.59490551759833,54.14276107217726,65.50324713237812,144.3033753330049,56.892676440078255,60.980201319542104,61.5896060117035,113.61479348523561,69.84260241674109,43.208087628037106,167.24922841105555,249.82804356603404,33.34395826565976,128.7837017337634,66.89775075669483
2023-12-14,90.62423857218513,92.39662416825878,104.6519276508169,148.3506431323814,61.69432509415274,108.03678985190012,39.137223487106134,49.05039682707214,53.90050192260236,64.3561727028549,142.67645201065145,56.554589985324185,59.61666495989135,61.33779295973864,113.12798899868015,69.15896347086836,43.190915719051034,162.60807332598876,244.82874214235974,32.65453062230383,129.7194307898743,68.97537443645138
2023-12-15,88.58943337698324,91.5896880226485,102.63256774897832,147.4712002242697,61.68232951432144,104.75148323612143,38.822172115880434,47.13632427950689,53.03908880364659,63.205212510132974,140.22255878213255,55.71471237153421,58.56778475150793,60.46946034508625,112.03979942383448,68.6203981599803,42.826304712248564,159.5553024782954,245.87692370991252,33.06958574952765,125.57041706106133,68.4438641602515
2023-12-18,88.76644996691883,91.86306038531889,102.85905875282322,146.043562862464,62.91255353538134,105.78152312830508,39.44071692029037,47.074362033183895,53.04336812928647,64.03941683510479,141.73967961211855,54.380471417152485,58.37432281073277,60.58373952181973,110.71706023920115,68.48280532652839,42.546322738455494,153.3455748706825,239.19362340965301,33.38067343672555,124.25669821785941,68.28149216252845
2023-12-19,87.59007746166687,91.74253367323303,103.56066660521846,150.8896183982223,62.48411814505123,107.77162470407433,38.69919537736877,47.13933515016288,52.875087347916065,63.42973347691235,140.49846903676325,53.89196585010442,59.18658322373898,59.83958295198655,110.81564396106204,69.12919687382767,43.444865538510456,155.63543226369734,241.11517678401668,33.07324207151151,122.90150737103076,67.13965047749502
2023-12-20,85.37109937255276,92.06968437209979,101.16886976479586,148.92845332629946,61.33560735695658,103.9478572081824,38.660414049741014,46.83471745016666,52.577118430692735,63.05709722186393,136.77895605194567,52.51707825800521,58.73490837701128,60.36213849240375,109.74646001158408,69.10971501114028,42.47607667278858,155.9555084855057,236.37754987183274,32.71576008654657,120.52954101238966,67.067552951362
2023-12-21,87.01862181606498,95.29811090410864,101.76608514518142,150.3181226398549,63.164916746928725,103.99155762121026,38.513053124175116,48.01449850886623,51.28612110275146,62.29182652091863,137.62359134532662,51.83120390110061,59.066056149920584,60.69417005813104,112.40813844354737,70.55242593324265,41.88076320796254,156.08593310193032,236.7350820316324,32.976979260097195,119.86965462471672,68.27529625672223
2023-12-22,86.73458581181683,93.60014668321715,103.07824836736692,152.32271321591682,62.93909805730141,103.28344140465546,37.71439766931755,48.563352051918706,51.65484515668511,61.454570595193104,136.241801461605,51.77541083042512,57.55621546768027,59.64321765662493,109.64561070530571,68.88679631370314,41.09628574334792,156.9693509954096,229.0465231041329,32.929888772413214,119.40878050049278,68.72556580202206
2023-12-25,85.71321904984814,95.03316945514814,104.2058016495884,151.72675866797655,64.01650613539411,102.63954144798709,37.70058658668387,48.111939297590276,52.04388686799764,60.634217328524024,135.95809777238483,51.44747993212747,57.98444909383808,60.19860972991094,108.16455284982902,69.53101206797267,40.32917166904634,162.67741357981643,228.22027381222026,33.562916417445834,120.2290339120305,69.21430906253433
2023-12-26,85.1890267224449,95.0528161462511,102.64754957054471,149.96031915216693,62.294432607229865,101.70154676190268,37.21897562722691,47.28842466443073,51.81480927611069,60.654945376380866,135.95197111706443,50.66924424245521,57.553842004262265,59.59900605697861,107.17415587933662,68.86944476708157,40.49662475119312,157.52558410951795,224.28425688886227,33.2769513753516,115.98373524562379,69.70890621904984
2023-12-27,87.56660618379406,96.69721299919506,99.56493166097479,150.81107820887354,62.70782582593741,101.17371850969575,36.565203825161504,48.06805304150279,51.31011348281571,63.197090420747,137.97022761117518,51.87165025000326,57.77975611462861,60.47695287223535,107.7255332226135,70.1789946168429,39.39847113578798,160.16886847800666,227.27982768239053,33.31507144216551,115.60064297762224,69.63719532539886
2023-12-28,88.047581567128,95.5348169785803,103.65325875877217,152.9023485993391,62.577708931582876,104.34432269005454,37.60289346370175,49.10749631601887,51.687322155123,64.79380126812362,142.51107395738123,50.73006481392787,58.193495474328685,60.97684563769999,108.19734575882767,70.36638498171718,40.24885954650971,160.26872569890412,227.99769880453755,33.59918848113391,115.71339333486662,68.45358478327006
2023-12-29,87.98557276544759,95.80121464975122,99.01700469266304,156.12792322288,63.60930328697884,102.74845388957388,37.49031158433934,50.50716017876647,51.179706121593554,65.58704946242469,142.21250571770045,51.192808732476074,58.41007018535942,60.898861318397344,109.10675647702695,70.04021132095758,39.29118089643805,158.51438039277934,225.19915237667638,32.89050677589718,116.57754792540672,68.47946435683556
2024-01-01,89.75939149191223,97.23029379905935,98.02219706924451,158.21069714542858,64.11654701740467,107.02945541035137,37.93141862971137,51.363491119615695,51.725317960459606,66.24141136284321,143.5332408560737,51.09697267927795,58.836907477335174,61.74984370157617,108.55957802193184,71.11768774856559,39.894769963765064,157.1580297483735,223.53945466113288,33.26445847752984,116.20641283116663,67.723562902826
2024-01-02,88.89933649093216,97.37776765399558,100.4215346392837,161.70811080835747,67.27819619558153,107.21635609164389,38.651232544478056,53.008615320161006,52.02955522725932,67.83989559283992,141.56972733062022,53.51815610088773,60.950572530217336,62.416287806137724,112.04202760773471,73.96019992189939,39.96150356507507,159.0446491688956,233.39579642199791,33.99677096355083,119.52873877359964,69.21725537070122
2024-01-03,90.39236335019767,95.78816611270896,102.50006213220257,165.27158848316597,66.77393151792265,106.96196766311077,39.571946255259554,54.007314053248066,51.33063411515887,68.10421247930023,144.64222265214806,54.65531090720876,61.09277495950632,62.97092011279171,111.4681260281817,76.13025406255295,40.509643132875254,159.21682166269213,232.729651510667,33.728011380647146,124.51473705304379,69.80526899983285
2024-01-04,88.98645925039163,95.0500837138026,102.10335337135402,164.58253815993376,65.21588067939096,107.74132048752321,39.09620214615073,53.25268115073841,50.61609728000508,66.61399542477565,144.34238077996278,55.14887440811833,60.161776580361916,60.95326005416441,109.65252161231017,75.42642890206785,39.58335843357275,157.08726030509777,230.5843046594751,33.57196524804963,121.53945352018282,70.10595153216272
2024-01-05,91.03346293722937,99.02260984821743,105.02198517212858,167.82125726648664,66.71495576707268,112.26751832279163,40.82785083557568,54.263282778977874,52.74933896007719,70.31509997741331,150.5340546389685,57.541133838846875,59.053504937422,62.73717312835415,112.76945528163179,78.28814380366946,39.71979726124365,159.0884183904733,238.94015336497128,33.72089845797378,124.55709559021008,71.51348183655244
2024-01-08,89.74970078831028,98.12434301839284,104.597706861153,164.47005077824733,67.81659708402957,111.21769511213657,41.502595515553764,53.78988020112396,53.57317054712331,68.8697826827457,154.3602812840655,58.40861402225515,58.448801734280195,61.83778697443916,113.83593257836861,76.53286514999462,39.6630024513941,156.85084065663588,238.10073758935906,33.32943593441567,122.7768431809629,73.20268350944852
2024-01-09,88.38464525338154,99.18304123066258,107.13909898337482,162.65928179533594,69.18958441102524,111.42934846783702,40.18389497088343,53.32684863843891,53.3170896249028,68.86904254740244,151.34312864539444,58.31056285326002,58.47348850452639,61.94485205617869,114.29685935628827,77.21245300613431,40.234588796853316,162.55705975733522,243.47283076359133,34.31330330667794,123.18318419714288,72.81527108423963
2024-01-10,90.2267741855317,98.85106690508528,109.25464189581214,163.86106729093544,69.4043204122591,111.91808642686956,40.85485399326032,54.448682308089474,53.51758268446338,70.06548418136077,154.22784774090013,59.54045835348154,59.92484909271242,64.24829765166942,115.20251878156112,79.87799353396692,40.70827941941731,161.51589564357872,243.3710157801728,34.896852674697456,126.09789487471801,72.43467188475867
2024-01-11,87.88249630433087,94.77515873684676,104.65979406722631,161.4861112212648,69.05831060477131,111.5601992207503,39.457594372642305,52.60653489844194,52.351037324451895,69.1498480452781,154.52830419695235,59.65949282615615,59.06888053200321,64.03214829182114,113.19575642751678,79.43723089948605,40.313288593208625,163.50220573476594,242.69476061978781,34.187455956489366,123.78844797283931,71.4377546492873
2024-01-12,85.91668409893364,93.52262427575067,103.69779140613934,158.7586356857294,66.10099325926608,107.26184576310466,38.232280240150956,51.979376757666465,51.6720002901213,67.36872138591565,156.38703493678332,59.960768594942344,59.08218277977749,63.52861742366097,111.91700219183507,78.4455351389216,38.481088771707014,157.919773238922,237.16312854661422,33.6248841169777,121.3889990025125,70.41694911654909
2024-01-15,84.21018725842917,91.31492532069623,102.56438221151387,152.32532182881891,64.22418581519003,105.48902025978002,36.85693000785499,49.23165626654453,49.56167723343378,65.6947742891786,151.70733133234538,58.454937996587084,57.03033187753633,60.7000969545539,109.01446724074549,76.16923613458339,37.89340237637562,152.22599502718145,223.74156938630023,31.476035249204855,117.38948726741062,68.8029243971451
2024-01-16,81.61822379307947,88.09613018350827,102.88452374607702,151.44156554283325,63.72063448166842,102.32063451795422,35.85019804912241,48.67855482205653,49.09277379612292,64.80556438835345,152.6926220543263,57.81075530298499,57.99501867907966,60.752617783603306,108.25315990214462,76.8002169760487,37.448167764180155,151.11081750534788,218.13566976824868,31.84243007212934,117.2825150554457,69.77161109120509
2024-01-17,81.65685873384474,90.42991061682416,102.56466984931222,151.88019178906106,64.59894017938934,107.08880854295519,36.48316590547992,49.6542571967348,48.906269024305765,65.46618367977108,153.22980030432012,59.19667293873907,58.03383752360503,62.13695661754691,106.26494270310991,78.56150245166245,37.07133988917388,153.47821374450797,215.1037040601529,32.22879241675431,115.491637444925,71.0557977091621
2024-01-18,82.83342904375783,92.23389110914762,102.22550487461022,151.12578813303492,64.24192603750645,105.7547396111451,35.944970323817145,50.44526152051849,49.35074571743922,64.06333018373213,152.4735022638873,58.79267913282759,59.39565366675569,62.372968906331394,104.80749696170511,79.54455504907426,37.7994331348296,152.90074722169228,215.95627289791872,32.13233207039139,118.74341956159675,71.34517767064575
2024-01-19,81.85716234457071,92.38651408807621,103.24557741105417,152.65099347352862,63.3431385287811,105.32157265835586,36.3862682728196,51.10440426485976,48.19588812267488,64.11508444067235,152.27832091779072,59.1239026710689,60.01290548470379,60.883708332795756,102.82122027175943,79.95630751745365,37.57106419132226,146.52926965059257,208.67236009836907,32.18620317031033,119.25924621906633,69.31152804812287
2024-01-22,81.58504622920887,92.71988100773312,102.75504346151631,153.31523076258466,62.428244516050746,106.47013999233442,37.15357998538724,50.69702603215871,48.80208412233306,64.27589255020469,156.31882946548959,57.87484544957882,61.46931928741533,60.051042145776236,103.9314015744789,80.20787107535136,37.878375465146476,145.15909634066492,216.8050246433885,32.002470308142,118.68771281415522,72.11949881895379
2024-01-23,80.95737594348618,91.85781099771101,100.59283659913892,152.22645969581043,62.67026065059722,107.87923354349279,36.832020427460144,50.315898379707306,47.92075364753623,65.04857701684625,157.90176396851547,58.80735049544337,61.835061897545934,58.86766527213142,106.08948883456618,80.62774337526562,37.86487359740312,146.7557455963177,218.58366218158966,31.625943634950715,118.43557460396362,70.36779031321637
2024-01-24,79.75427766471854,93.14407413650981,101.74557997094759,154.30856364218818,62.05856589213422,107.39807930361425,36.879579688871374,51.73803402690151,47.16119264687468,64.63348035801899,158.6621006808918,58.03093182787408,61.88497692700161,60.20103017661656,104.1579769063673,80.49820437056458,37.9144218698822,146.22940991375378,213.81776718306924,31.368664584168382,117.34167538673465,71.13725358225287
2024-01-25,78.73443899652773,91.794971403751,105.28178635041792,155.82381961757767,61.3928869455776,105.39701860794702,36.330029381590414,51.559927617544076,47.05299253750756,64.40535107629918,157.17848964786336,58.227943748933896,62.101599915643874,58.918224672303545,104.4790104305071,80.17715029453238,37.180493382588025,152.32764281449835,216.11847965526525,31.54531723278201,117.21487896092269,72.30307141364989
2024-01-26,76.34628168575017,91.31526973412254,102.54985872390829,156.2869769481365,60.469738439717524,104.92991103740906,35.8535867598183,51.418020170188576,45.47149225660543,64.21300909578689,150.12105595732373,57.47676241726018,60.751732706084795,56.87872767611233,101.9262558126732,78.42809347574584,36.56716848705175,149.06473171241896,213.6626248228672,30.725139683637863,114.69761645591419,71.01003263331009
2024-01-29,78.03970924776277,92.49672429949942,103.47680176091457,157.4221140184512,60.34066711516724,107.33119826007494,35.51777446169421,50.10181594169436,44.923815303523135,66.14700012439955,150.78335636440409,57.86168945432448,60.65914125875463,57.504970123723794,102.50442846995817,78.63491904780156,36.99836231023284,148.40884474466577,215.7467968264376,30.724043710279425,114.61916094063332,70.32167502353735
2024-01-30,78.85346008172465,89.55694871778968,104.63030222508458,152.9583575534265,60.69467173596951,105.2825288563534,35.523414090733155,49.60694727776462,43.5715847980048,67.0397673686179,151.4613184897874,58.17160615596645,59.943544522617316,58.078570780747135,100.48963411549354,75.90987360142624,36.05022911252438,146.03114385117155,213.0907997684008,30.456310665783413,113.54748721889374,69.48210159002225
2024-01-31,76.69059549366939,86.52061493529344,104.20911734889413,148.57942627076804,59.23084970433806,104.06956483557158,33.90321217786614,48.43468551345756,43.07735556504726,65.28919400868766,144.6068652754189,56.29656607183756,58.61513697639549,54.79138491154304,95.88098593456397,76.23628236744626,35.41116944624564,145.63047544833339,210.30182404361094,29.875020831543797,110.12295102614117,68.14265557191786
2024-02-01,78.75403543593264,88.40838016854035,106.84294277610802,150.03831743223165,60.72800932027823,105.51972731852084,34.56581473630799,48.88842743436917,43.8667641349956,66.02922923982352,151.09384884939243,56.54326516427218,59.996818830566355,54.98843311419703,97.81002537596461,77.990495782609,35.05822685796932,145.16941634830474,210.4061855839255,29.822769933350937,112.11722529517951,69.60351645374739
2024-02-02,77.35816306495708,87.27185362181613,104.51556021652976,149.2818223636385,61.46689158794172,105.54629056611424,34.92516020028272,47.33967547756865,42.96712433142502,65.68426931084778,152.17671023536477,56.39623813978743,58.33189362403199,53.95043166733378,97.40742393216371,76.9689022979607,34.20496394492224,142.74353666928837,207.16523949526783,28.968923659818266,112.42427360728618,68.2844542412561
2024-02-05,77.81724716633913,89.23676974866788,102.8528297328904,150.18101007575206,62.211803967852894,105.0567127185591,35.04923279980611,47.534063336917335,43.359386768525795,66.5776647902151,150.93093335220573,56.318877299982425,59.69679331327219,54.777882232626816,98.51624364383726,76.70789291199941,35.28110504811904,144.88130642798947,206.88749056468944,29.051057685274305,111.66745797583934,68.65521565556891
2024-02-06,78.62868703240497,88.4365189391624,103.99899344435192,152.90211021070678,61.76628037354342,106.29378454966893,36.260878298937094,47.35315600242362,43.8100365120718,69.04927317156508,153.7143195065884,56.29785475735718,60.139231709680764,55.86827198883884,98.83371674544843,77.92128551086452,35.670670288037016,146.65944579388614,210.62968052099367,29.140955577860932,111.18306288931377,69.65983606288697
2024-02-07,78.87416895254155,89.70880800554092,103.63421436461641,152.73971191999894,60.59794909017193,105.43129995692922,36.2038595547758,47.10785190122028,43.35693914743351,69.47397999868079,153.12420088109633,58.41708601844617,60.25511637794966,53.500217503930266,96.8052372385243,78.34027016258733,35.284053858231104,145.20644617221794,206.70537909458864,28.897924775420854,111.46315690824895,69.98017980100319
2024-02-08,77.03907975670563,89.81411203704556,102.93125870084396,148.7907609886043,58.92311384322416,105.46702616449095,35.76560760041934,46.78638052332737,43.65449546813565,69.70194859457443,150.59343640860152,57.67855176628741,58.69695065135411,53.56497076626159,97.81024330966574,76.38517985437855,34.84983931598341,145.48570246879532,204.61956152989714,28.799204594877693,110.15725249327292,68.04237239769809
2024-02-09,78.23778860623204,92.97561221277375,100.38417759479678,149.9085979959188,58.45803255243919,105.2256017956134,36.839275145805914,47.08149741675724,43.85532978889933,70.84161812000437,147.45701191524537,58.956136838858534,60.48095964448616,54.39810970934665,98.60174939984475,76.28007158297206,34.35144881647952,148.35730762113246,207.69793578946985,29.046268479282194,110.63366305065867,68.473487944794
2024-02-12,79.00559524229753,93.69129636542726,101.47814971047207,148.95677925357606,58.09581732496403,108.94181760495026,37.718998416317554,48.24456154595252,43.52089027634512,72.45776018551979,148.01022122567002,58.205262593110604,60.282786426087405,54.04700322084318,98.64103539891634,76.56846105059788,34.58412034949351,144.48900138306558,213.58916901758664,28.863860130359825,111.71144582949013,65.48626812318405
2024-02-13,76.84164123796057,92.40668880751885,100.68609375781146,151.4780678028053,59.475647268690835,105.78556446331041,36.90414613190194,46.80778167071571,43.65492798195682,71.75251080757148,146.54920345431066,58.31603015090138,59.833588702724576,53.202194730512446,98.2384626632954,75.9643839474871,34.667862876704326,140.5497075591657,213.27519186937786,28.48509020942897,111.4364499778488,66.1930220278892
2024-02-14,75.08867995060112,94.85142082602941,101.92477816075622,148.51306374049773,58.318943814626,103.76235755304235,37.52947657101509,46.72328245517543,43.525735808266376,70.8924281540969,151.41500575920512,57.09918529991067,59.47982375039644,53.04070333261654,96.8218326113844,74.71529024397111,34.25830039593347,140.8596234560714,211.0581018363042,29.00090427021517,109.48857745758706,66.52641167435328
2024-02-15,72.14996677335338,90.73004238032476,100.25069456948414,145.1968275542809,55.119613194042984,104.07788298265642,36.487947192283265,45.32922940994898,43.03479687025392,70.1148095418455,146.95480444903842,54.246254172994256,58.75351563074498,51.177941563204286,96.76874450352703,72.36189553696627,33.317746022355195,135.10909962283773,202.58390269761037,28.353809550988043,106.88285393565933,64.67597795397297
2024-02-16,74.31583375875223,89.6871390274917,104.00234251970558,155.3539531393951,56.34419933773808,105.92085485240658,37.38454575749658,45.41275511421695,44.233845669404346,73.67180085433253,149.44355397507783,55.0847129057692,60.154240691707756,52.07446911848859,96.88086432583806,73.70937849552803,33.8585263979749,141.26121984466215,210.86312882804475,29.657966671674927,110.59197814662696,66.49485292525216
2024-02-19,74.7418767906951,88.05443609490528,101.5269911675196,150.84106464909064,54.04122424300616,106.59280208196341,36.60622229594251,44.81490970193953,44.14120219909682,73.39024260645782,147.52401209833405,55.78379513821149,58.16958905038743,50.390204330015386,96.89101769814317,72.40406874845031,33.17893116016487,137.5490958071746,210.15951397223202,29.459008627979074,109.4045578746219,65.24227274706841
2024-02-20,75.08426866972539,89.25244179547533,102.3450930687909,150.68625720167756,54.3719720642079,103.64592212647442,35.84052980049959,44.71186488006315,43.610272144100776,72.74764955097763,147.221226267461,55.99287665289535,56.71669839952347,49.96517854472875,94.69110817886066,70.92546061189586,32.04171034434155,136.64012343169333,202.95746454384928,29.379458797887924,110.31629484957452,65.19938812327686
2024-02-21,76.45154800320093,89.28431344151414,102.64181780345004,155.26983671619064,53.536442198244416,102.87856784051425,36.773006706676355,45.28843278510039,44.01809357501454,72.27858888595644,144.65140342029412,54.82689273182884,58.14859897435035,50.00962490176307,92.20595565731159,72.33972855280244,32.66797101367973,139.29930005196212,202.36430502355756,29.2910413494787,110.59231256859835,66.63627557450813
2024-02-22,76.309427239008,89.80615372024927,101.91812394670609,155.85951838853302,53.29166765439192,101.22605128990114,35.95439437699115,44.0425356831369,43.19657377516019,70.31541217729135,143.43086316010596,55.485055272911104,57.96260068138503,49.005963619904065,92.6934923627612,72.15956020404187,32.70598274872202,137.34223850994647,204.5422298456008,29.60343537995695,109.33612201351411,66.93733596660185
2024-02-23,76.97151166129213,90.80226223705407,101.62771512701697,159.01455261603056,54.83476583812848,102.00919693777264,36.55867074198585,45.469893226925706,43.45190049694066,71.4654379538061,143.88932128310313,55.743686392727724,59.04918317103052,49.85074867664235,94.763761962926,73.23968786014387,33.37956285866241,142.6437387940058,210.98692542714187,30.156830020618,111.5826075784364,67.54876432673258
2024-02-26,77.2597062186889,92.10297726628099,103.40577594339203,158.5316638203887,53.0993268094167,105.36960963395131,36.36896899157064,45.79692077495767,44.140375457150164,73.21536529967263,148.3691710012699,55.355243974825676,60.01375614915543,49.923502335190555,98.45364500584331,74.31067351516069,33.24029062416811,140.73140528719318,203.04504053198494,30.416476402321212,113.14891949142637,68.20207149376043
2024-02-27,74.88839652921561,91.07858904864537,100.44068972805294,156.71359106952943,50.79709527625937,101.70294312227252,34.87385407409392,44.91227503843053,42.15642208607237,72.40394803586845,142.49330079786694,52.92576219394496,57.41002434253268,48.06747730028892,96.33463789911647,71.59197532458175,31.905754981883863,138.69166504341507,187.86762224857299,29.37351982308615,107.69586855458071,65.41470125912862
2024-02-28,74.68242711217374,92.85696873118076,100.75413766893517,161.48016849122126,51.508654675506605,100.3993648453296,35.88906421179892,45.11504295297764,43.33394088731785,72.29201624402212,143.50510934231306,53.44478987803001,57.45614138277825,49.14437140097267,99.3124321603289,69.31359299288108,32.40180251935149,137.29191136087465,181.25038790087575,29.698986439641644,108.6613735510779,66.29955982045779
2024-02-29,74.89204606979742,94.32434582282946,102.29817755555028,165.54085802896512,51.792468219157946,101.26737787933614,36.19232856996095,44.74377868721979,44.21912380539356,71.65620483942287,146.35200711736945,53.771922650728875,56.39824431685735,48.28155070036659,98.44257340300086,69.26254071693099,33.27857986447818,137.73005200412337,183.78867129793088,30.407349296054925,110.6285012311577,66.6142466263827
2024-03-01,73.81666787701337,96.507634004942,102.8046225023438,164.72377173715748,51.772982503766116,101.12548511949382,35.748771551039745,44.795548281458046,43.74233238664991,73.53831615491436,144.56552034169584,53.748567250193354,55.28115297242879,47.31766915340278,94.91040230651744,69.09356029074287,32.744349105492226,138.85730905173912,183.93180358564263,30.229681178149193,107.27244402646319,66.66136130202955
2024-03-04,72.89021250596004,92.85164952149704,98.80422484766977,166.68583990450833,50.946854800511,96.55706201961877,34.50875754184222,43.4125711064621,43.59906254917175,70.53542923687505,139.70314611693385,54.133422637926245,54.491088789008984,47.12241455408896,93.71737752157462,70.75253795205485,31.863814881669924,138.39713331709973,187.24923349395408,29.83153983277769,105.34592887922675,66.92539306453389
2024-03-05,74.92986266981438,93.48469949819868,100.78823316336972,172.48200587899126,52.16858488967583,97.14082772985148,34.297796530978786,45.362211424058955,43.24172487109475,71.30273861379119,141.63089734253333,55.25985361882061,56.90880563496034,47.74265549682703,94.57574215421656,73.21040815834867,32.1955336214144,141.93859732377632,190.48713790326278,30.615017539745175,107.7504951265332,67.35385587131685
2024-03-06,70.22987953766517,90.07368859551899,95.04153655030919,168.32035896045417,51.139734773761376,94.97691627068238,33.355952990442724,44.38635770884963,41.99620860009881,68.42247460178301,136.32707310309945,53.35323333938782,55.8669844653598,45.57079031107562,93.90181480860456,70.51498981879817,31.5702811739547,139.53898674287262,190.147612928628,29.17777711626143,104.92170465329238,66.44589666766976
2024-03-07,71.0858690304768,94.71324122934756,98.22092421864711,175.3929618351834,51.307017512229045,97.72369778280462,33.381134840447054,44.300236645886784,43.05041611162493,70.28893699612476,137.3588665639977,55.641807509890256,56.754091027844765,46.36210370462336,95.14964074798253,71.48278895792583,32.85118642453966,140.34672939484648,192.32526504765832,29.28115657603482,110.07556963885669,67.5453378729686
2024-03-08,71.20068559056985,94.60297813610505,96.50698057023668,172.79434122020203,49.73423908486753,96.84029407453407,33.58674270890295,43.34772427766994,42.88515048621903,68.97540450108687,133.85386687707938,55.718704389836965,58.251975759540215,46.33100193472076,93.68638064967793,70.46426356337614,33.50215180417148,139.75481727327156,189.02667179397457,28.995502064163386,109.49836691631948,67.42483744412363
2024-03-11,73.45954409937157,97.26408664442609,98.86988179365551,174.4222303818869,51.38763426416381,99.32904864391092,34.657330475301556,45.55251432569489,44.26397662062617,71.24822918695148,136.83668639583965,56.68672521612618,58.339569651640154,47.56074106961318,92.0400826983453,72.64041902070372,34.491125916648535,142.55231665416107,191.05562635454598,29.5261361904699,108.3744528048992,69.50836436051736
2024-03-12,74.66691115050915,98.62845487356232,99.30968741769598,171.5968425923354,50.959534033357684,100.57564697090282,35.00263259216138,45.79153052502381,44.74525402489375,72.34567669074386,144.04268123899146,56.32127923158684,57.65540187817773,47.377307407549125,94.34170392937617,74.39757528332721,35.445515260559574,142.45947775832775,193.01498012905768,29.01485389240716,107.6598346838903,68.23690581213503
2024-03-13,75.39709769725086,98.0064293639255,101.1806238280876,166.4444202247997,51.07667381495353,101.05707627735619,34.31575175315078,46.51497212851207,45.1374492148699,73.574788338713,149.83460916287856,56.9379106845856,58.847082800964216,48.646706623791744,95.71982689537951,73.92912215858547,34.78894363009523,144.1255095221306,192.77942906170733,29.749890699740654,107.51819416535893,68.63708108956028
2024-03-14,73.10492680006875,95.16113655648557,99.733706295744,162.68079599320941,52.40111467933218,100.68110580797918,34.488438956537834,45.87896223460875,44.736697392717744,72.04511790291824,153.79817170580995,56.07580890279715,57.519234077223224,47.439383334695634,95.36559858908187,74.69466132251863,34.88622270836276,140.5435569118261,187.49139034895538,29.90417063632514,109.59141463115103,67.56063435479425
2024-03-15,72.4102770994929,94.01985024349044,101.83436621734054,164.66466236411478,53.36796086403305,102.83945861336912,34.246691369960885,46.07411669242982,43.96110476006415,73.44790664360349,156.50624316409156,57.214585389334076,58.47856991311263,47.782951772322846,94.87398730978813,76.18421763089252,35.80102644123273,146.89191711672981,188.39997956346312,30.470322530356487,113.15578033520893,69.72578203333026
2024-03-18,71.16625504028586,91.87332110600569,103.36243056871015,163.65544181263297,52.931233046213066,102.26486327535866,33.86630456161291,45.39098996102417,42.91752519083479,74.30371619306494,153.0201243389753,56.011515279706764,57.99448511573602,48.9915296402847,93.27696636813786,76.56056797356285,35.415641797104634,146.39284554730932,189.21696833609064,29.468915879980376,111.08091428014492,70.18252358842867
2024-03-19,72.1579685031715,90.94727365488964,105.16047184092602,165.92471580670627,53.203520366481676,103.31679914609315,34.40111352526659,44.9448280368035,43.238394040039104,76.23740670141098,154.0780990996343,55.91257175540259,60.10214959620824,49.23803691727557,95.5832450095659,76.28551553499783,36.038477227700476,145.42270561971435,190.2439276290581,29.246965181378894,114.61062050183978,70.05987562988899
2024-03-20,71.86372162298827,89.80740855465645,102.52147096195705,166.36683326021682,53.522343255848725,99.50920340701154,33.49311706712207,44.2499612029862,42.314267015109564,75.73120809443816,155.81408722659995,54.87210096052949,60.74858713084216,47.51863588563034,95.51522744920442,74.83880139571434,35.831820470035275,139.71525223663784,184.35014814853196,29.078341867798887,112.13205282099773,68.81687684659427
2024-03-21,74.52690071054988,90.89829120804261,102.75905080524973,169.89786819209567,53.526538393199644,100.80850998263965,34.37960154259233,45.19381607525111,43.4915134322653,78.01201387212431,156.02579705769256,55.3278910203774,60.126318647767846,48.32063510709689,98.78350557438996,78.22108288627877,36.73810216885448,145.7277381498128,189.66255437052286,29.777593506253197,113.6350576333907,67.89872355201416
2024-03-22,77.17088574787172,90.93537564414352,108.05222880396622,171.82560841163814,53.77786898592084,101.96121934099831,35.11104068325304,45.96412014164321,43.996629390857734,77.00118502618214,156.27711375574006,57.05383400697695,60.23950243457433,47.80476614682281,98.65583436504394,79.27405858005896,36.87366416180438,147.3133605247253,190.68043222683937,30.67760436501854,116.24461699476021,71.1814684514274
2024-03-25,78.04236432070084,90.88130881773431,106.07452122448343,172.54137620121372,53.87290942531335,98.55911733792313,34.749525612289084,46.029175738431974,44.968087790580505,77.31007078837528,153.9457188365643,56.20922707011054,60.70848762916512,45.86506139600441,97.3317665257635,80.73994601344877,36.883679293435755,145.02108024758377,186.84817856208318,30.935767586528243,115.95272020550519,70.65036127429735
2024-03-26,78.62948781260646,89.64002879998189,104.9598253850765,175.32135823551124,54.58807435550456,99.73555345537252,34.91187533449891,47.12604288167586,45.37398006660425,79.34838459214494,153.34817903817333,56.04107447730084,60.86730313973256,46.672161443668756,98.10205639626301,81.33319503453657,36.84730823945679,146.3130942952825,187.97506003319168,30.723029456806064,116.77626166462298,71.15550416641992
2024-03-27,79.50375045357241,92.14052961025668,106.39830624994292,177.51320053405544,54.97259970782645,100.94143565378216,35.51118891691944,47.52387839050099,46.525772835290226,78.35504521331644,157.91698880194218,57.17566515280312,62.2338259920909,48.417734489599454,101.6772521764573,82.9891075758103,38.15076220694329,153.89665222292933,190.85339058579828,31.949008243106984,118.27358054925796,74.44495187750218
2024-03-28,79.74973901906051,91.83457899931749,104.44807709144192,176.40683289582194,53.939532449567785,97.1021111232906,35.20186937495308,46.70194244191774,45.346896690979065,78.83725801603347,153.72411229623864,56.833557687174824,62.73515361885019,47.837498542465944,99.57594565696226,82.61710090287745,38.10087517033265,154.66694894558182,195.0315122974093,31.46969356931383,117.77983401536264,72.42140933813334
2024-03-29,80.32281395697512,91.8892526651705,104.77918979085926,178.5133984675844,53.61071534327648,97.61281612897271,35.624299207291436,46.15860854024161,45.177770545138536,78.88049121754875,159.0135401994226,56.602566038173045,63.209409403702125,47.492497745961145,99.10168234418693,81.45833837667753,38.80387667804141,152.89034076371433,199.5844377823772,31.954798327197143,118.64395464750622,74.05066744174212
2024-04-01,82.30339069926275,97.75122511349325,109.01542156678926,190.8853170919394,55.2215919966434,103.53672131579359,37.16721701010725,49.98417797077572,46.95662185870874,85.8082522769829,167.02864808274384,59.45210260631848,67.20066655011874,48.71885381766108,104.25788684529073,84.16027486325339,40.35235307957169,158.83537986602806,209.02821917739573,33.41165529669482,121.9870751900085,76.97650023757247
2024-04-02,82.77404140781444,96.10595275947122,103.37906666459398,187.7418529487042,53.06416322166644,101.7811635049929,36.93008750485059,49.53772986474841,46.95737109591013,84.58652033944351,165.12611398899762,58.46756542967039,65.27315531666923,46.87092011181069,102.34947914162922,80.52478627813568,39.18918108583439,151.16701711587436,202.4577582808478,32.2318181475462,116.84720991044011,76.12174921305592
2024-04-03,84.45521014964548,97.70360671152166,105.92939425607155,190.47201236373,53.83193061763092,100.25149252901714,38.32350044966702,51.283547496039766,48.21596791796837,87.79253091730251,171.16845483030963,58.594184129727445,65.88144273304378,46.753701624765284,105.80267566650618,82.68619162640131,39.20513653433365,154.4774284527269,206.644892950092,32.30680886696357,118.456820774587,78.06221969786841
2024-04-04,87.13659898691948,100.31894368413356,108.0597549526909,192.17380288989588,53.98833755463208,101.90044465321824,37.68399251538599,53.59512815976187,48.73833736685832,89.59476976999419,178.12753124676627,58.99593119288489,68.77485641897451,46.241301380351416,110.73303700609667,85.42329732895219,40.19763338832304,159.6166942992131,211.14788911157066,31.858721161302906,120.78521253379624,77.24013892545615
2024-04-05,85.37374351558397,101.08394213371618,107.0713636030645,192.21209853910133,53.66000506200175,101.42433350038009,37.123986485423316,52.526518064336194,48.58755421850318,87.83511541606941,181.12316126389686,57.42741382704639,70.7772148589169,46.17610251251624,110.11375152059229,84.19204943546153,40.35494554577508,158.1794301634176,210.93405921850078,32.07176043472334,121.1580628743246,78.21781144215879
2024-04-08,82.64580579418617,101.32749957778138,108.16735038525617,199.0823432869247,53.93455559948533,101.9173912564888,37.6311030864625,53.013920725497435,49.32054469928793,86.92968919090104,179.1960290049579,57.57934841170024,68.9542130039129,46.465183339890615,110.17142429760324,85.33603232475757,40.47108954268008,156.85429791500795,216.8270302843104,32.33128125381575,123.62047483251449,78.96923507928362
2024-04-09,83.8236348373646,102.16448504379298,108.78231823155913,201.13049705597,55.06756039883999,100.84725586754244,36.48571661486002,52.39272902833366,49.08984090825363,86.63032209232964,182.47145153422738,57.09392028752604,68.50384422402425,46.00504996907211,111.77101474731329,83.98841652951546,41.16412811726774,155.59549100128493,216.19043066081085,33.38273721281754,126.65501009282819,79.58173162813642
2024-04-10,83.64241640051678,102.62388159560281,108.60245196934298,192.12470086785416,53.69455993609496,100.82323412644588,36.46587755495635,51.263514672281,49.18236330713977,86.82652057001208,187.4894620427348,57.075188002286744,67.1768360752566,45.164376683365724,111.83388151412962,83.08833131980268,39.68635818901755,158.09659589668888,210.2653706872807,34.11221963542434,125.64457641857705,77.60300531307641
2024-04-11,79.87474917046127,100.93768316149546,108.71106510001879,183.46572221664204,52.78531982852776,97.39884651191298,36.22832000887354,50.122410599478506,47.998910053887904,86.57714761789995,185.4279462178281,54.787915379686545,67.09637899113304,42.85910607716232,109.32408953335354,79.79916285913504,37.68962786215309,150.9795444665229,204.2375508771313,33.33587700048519,124.1286924088045,77.14795335187048
2024-04-12,81.13453045064368,100.02592086901787,106.51488718827304,186.73460776095388,54.030574272766366,96.21637823260981,37.19717108215905,50.44899628302505,48.16213506915302,85.90534880062194,188.22848719081256,53.739634847301005,67.0048185397765,42.547725980791434,107.64065739427924,81.15139399393006,38.023155549618,153.36541658535162,203.17230833649262,33.95287204795511,124.61477124163699,76.88951162383714
2024-04-15,80.67495803909554,99.2890981490844,110.41800468495154,184.44039369809823,53.097543560892156,91.53531445231565,36.77108655547799,49.71810519145237,48.01780835589214,82.64113683095731,185.52903745652534,52.92831286438218,67.86844885371367,42.58076691247064,104.12214176296196,80.3117282468698,36.635752268713674,149.57485368567382,197.4570083139612,33.37972084939678,123.11194004709712,76.52060199352135
2024-04-16,81.20494823859623,97.58497455058922,110.73515049416439,188.73627491931117,53.059711880039295,92.35947657030447,36.939503314949505,50.312516333629546,48.13290815094039,83.67524269878682,186.66612598949027,53.544071516513306,68.43898246083617,42.013280606423606,102.65998395668412,80.1034298399355,37.5534469546396,149.45515682043575,198.25585097668306,32.45393274187484,123.62722350534779,76.75499750536505
2024-04-17,76.81034559886064,93.65884281384888,108.87892514977987,183.20289450785862,51.02186987151122,88.90857150057953,35.67701259646435,49.01865976804818,45.933491742052844,82.48065699383439,177.38906774864986,50.46069918677575,67.28834997981761,40.40695965149898,99.71451285987027,78.43485332313843,35.95850017441517,145.0279003331666,194.2456844228891,32.2257392680924,118.79538731354518,73.7904097569692
2024-04-18,77.33059180546297,96.72326769838872,106.91076005896596,180.60759424556758,50.108409535543466,91.29611006000638,36.10291693791767,48.25226535738846,46.009830099580654,82.8897221316265,172.00457637402073,50.964502660185886,66.58160217118613,41.12458513901003,98.93984434641385,79.34946871546157,36.914222197679585,148.1863644493983,196.90075832655035,32.417156478691005,116.6602698080397,73.8327272160021
2024-04-19,75.18872878954957,96.8994847626971,104.76978558556215,184.37860136825398,50.10381177571613,92.20854955316129,36.32496519584552,49.38542958839579,45.73175025973621,81.90651008049944,169.844261661342,51.99039086273554,65.1091097393164,40.487814418984726,98.74652445896432,78.84885681157196,37.36467142095275,144.86810534473975,196.00922376161876,32.25126977922015,114.20378039259187,74.63512857978182
2024-04-22,74.12521728721966,96.18998750037365,103.09076330407035,186.6381766720469,50.84488866167414,94.36871136060834,36.26078519442605,48.77476139651702,44.985744905001994,82.33915133330551,169.96445787865838,51.818066961669956,64.80748592025128,41.17069990741477,97.49583640699707,80.15558608594797,37.44054529727863,143.96708023984664,193.29709596456274,32.15389408720703,114.68537737209296,74.16070248472809
2024-04-23,74.51931046927405,95.02492859142092,105.04909391640473,187.86931510424427,52.588211642685465,96.04474744413176,36.45719341124273,49.89630169596905,45.42472015378676,84.29585331387126,169.41941808259392,52.72601585102009,65.98340832568908,40.653304043382846,100.20530236472158,79.37905491836972,37.10805794810006,139.341956917492,196.940740165435,31.702390560820856,114.99510854462135,75.87915817227461
2024-04-24,72.57099297502612,94.65441342871465,106.68090173617628,190.35241796235218,54.13989768744781,94.8838716999703,35.538253817340056,49.88062367037813,45.29906762460646,84.01791691827408,166.8569973066229,50.77008884706414,65.16557274720508,41.10295649496126,100.73223629296682,80.6708673279997,37.40055715154831,141.25719728307732,200.20197589564702,31.7978706309606,115.61644285404005,72.7735531038918
2024-04-25,71.55367198714674,92.1610918666578,107.38333692827318,186.41180721666865,54.630268761732474,92.34064649930654,34.668493062790915,48.626220221856386,44.242373926125616,84.35809720103973,163.6082474351322,50.16065252246489,63.953104810075736,40.63537291545167,100.49230524331459,79.88678394351248,37.03652316031521,142.3535575195585,199.91165344416072,31.01111877070511,115.0278716692411,71.64161421246699
2024-04-26,73.30176340568548,91.82702732778438,107.78774354764066,184.67642498539894,54.95943074416528,90.9026362027772,34.990148706442135,48.82502859991769,44.521937836302484,85.7954789594178,164.73632079867187,49.53367689234524,63.845293935928765,40.8568189527775,101.07940730467543,80.34658899242754,38.18369609947547,143.51482704746257,202.3771479933987,30.282986665947927,117.47130413107962,75.18298383675005
2024-04-29,76.76469920455267,93.06106996419382,110.06702789199598,186.99158523361473,55.62708156982182,89.02139708107333,35.81155007527567,49.1871934649737,44.90625676005587,87.109886866466,165.3370975227689,50.549377384512155,66.05394253763372,41.78100223791346,102.78095934715715,81.63823393009764,38.93044522499938,144.09830023520445,206.15312358689246,31.095067743937772,119.81384822043564,75.94878689627353
2024-04-30,75.66462002775343,92.12350307304786,107.07884484910039,186.51751262039986,56.17684807208821,90.99271679866655,36.90017859458415,48.99255901789362,45.431121648438825,86.69663458596428,169.5274368113262,51.38376826926572,66.0193189994207,41.265609407876546,97.47579313975037,79.77121438441296,37.73023386222151,140.5334911788903,211.11914347152904,30.396334723033096,117.69450709095848,74.66881407512301
2024-05-01,79.14488859796754,95.22934104617595,107.27334302175888,196.69617033557392,58.289040709629866,93.65491111826636,39.20476019470941,50.46673412689925,47.00535118132906,88.94142465564713,177.52963196927786,53.6338573531356,68.38028998058685,41.91785460136475,99.99119130403113,81.02218511870078,39.5785645988688,141.65236632842723,222.8446169278464,31.943426999446704,119.94410841034873,76.56056884885487
2024-05-02,80.44915116468654,96.47465468893185,105.70252637743042,198.79549698854424,58.83859944181888,92.94877152881202,39.282757685091575,51.68828026102177,47.90122135225468,90.33264214802115,184.19304140456705,53.6370668241559,68.15708344560957,42.43008646984923,102.11595588359337,79.60078507024171,39.1361932934899,138.3337737632728,223.0377062546808,32.109204256274964,117.59325368173292,77.23872460184676
2024-05-03,81.06304454388919,94.67102654381705,102.94449376663759,200.01111827204755,58.425819753709234,93.7530231846278,39.571453235832465,50.03362986133939,48.630721271613,92.24193022853535,185.96362268224468,54.23072098951669,67.56036789620538,41.91284872712591,101.51849581653919,80.12827017429191,39.46419690620442,136.7281803160361,220.9490203770364,31.229661720063334,118.45399943357462,76.39785425382121
2024-05-06,82.6507694485245,96.13406730210586,103.89574431018191,203.63065398503113,56.82058502273593,93.95234561065286,40.093967198581396,50.08748900801435,49.29417872235769,91.21268244566089,190.99680220420439,53.63553305507752,67.54697799899344,41.81045948233003,101.64608846428789,76.74673156194785,39.60395613336968,135.72474404572537,222.53367151489675,30.576826388249405,119.02966051961374,77.64047607420879
2024-05-07,81.56277931724381,96.67077303456485,105.06164778669795,205.26485613440806,56.94072190317838,93.9508111936092,40.08405062518606,49.808525068652536,49.91878907034638,91.40565067400924,194.28488494198518,54.6776808925559,68.00895900990119,42.295791307932596,100.13866438038052,76.73396200076196,39.91354570673511,132.8658589779106,225.02862977427756,30.2187347685362,117.6922283586363,77.23169211669106
2024-05-08,81.74705766624423,95.9042671051623,108.09883351191087,206.19575829234313,57.43018421619445,91.75252451476514,38.99779290490247,49.794958098634154,48.641650999251745,91.32908130206465,197.24308530638027,55.45522213614039,68.5931980822518,42.468204884108836,99.50894326716418,76.58166272981028,39.57637562621835,130.24878111934012,225.5910991879632,30.721944873735563,115.24317873250034,78.85443550495084
2024-05-09,83.7300681131228,97.38009043679669,109.7891165813429,207.8561349321459,58.31924837585465,93.61322844236996,40.83666738035626,51.15451569353053,49.415508012333994,92.9179957628361,198.9604259728682,55.83119600560327,70.55953502137756,42.79082327799567,100.5717246833556,77.25187755329243,39.73739310032562,134.40553901691374,229.8742133931734,31.052866039558126,116.9330004391239,80.29475659348057
2024-05-10,83.76299526888097,96.90644039974282,109.47067507724039,208.94122435462378,59.49426100395477,91.01870573865806,39.3940103133482,50.7052624417103,47.421526819521354,91.20652945664419,194.39558309816394,55.91722040607481,69.44457835269213,43.19429899532058,99.14420134362783,77.63765208304814,38.99971894684561,134.35974640132503,224.69044960309293,30.775587859621794,118.39303791502782,79.74534419785873
2024-05-13,84.3335043117532,98.55060039578777,112.08405493027222,206.01893642332115,60.82878878078425,91.04502859789204,39.3503777083407,51.944438993303265,49.18348892487468,92.82738366501583,193.28711429279474,56.17100174642305,70.02255992209714,43.95185703689216,100.89738676072294,79.52008701665932,40.15397485533987,137.01578261170803,231.23716830079627,31.100309442948237,126.21873641485973,81.5710847526739
2024-05-14,86.3568938013783,99.83051699451062,115.24539626532159,212.01114718673188,61.492502532021604,95.51210222563952,40.300589402436565,53.968272093259515,51.571309376060405,95.20480010281611,199.4892788042647,57.51903895850872,70.24073691132521,43.79346807447596,104.15275982116319,80.72581377380604,40.19512225870587,138.3887266746806,234.9817690375875,30.635953630659202,129.00286173973373,82.77305725192748
2024-05-15,89.73914962584469,101.61145102127627,117.82099261231907,217.20021705294045,64.6692045274757,95.50416511947905,41.454762915470475,55.124839518345766,52.664668927910704,97.92694811710257,206.95835737918486,59.14312757690598,72.9653230820249,44.51591889226966,106.69936295492371,81.36120027589511,42.2050702762057,140.80506330486588,238.98166686864653,31.535459842604933,134.08087823931967,83.59085261631311
2024-05-16,92.76094753931595,102.02807830229372,120.84568837441891,220.51923120363236,64.5233484441504,94.64217970499082,41.750483987922884,56.901695095223126,52.14136536863171,99.86316058383947,211.17573716189142,58.51655435688799,73.16136795864738,44.63426343394598,109.13992937104902,84.66484856268062,43.50349570007153,142.10548578607666,240.07464670339846,31.25998631883392,135.81426238305727,83.68768772355779
2024-05-17,92.09737153907177,101.3302585276074,119.58397502589897,218.81660922570939,65.91092011534646,95.37540066175073,42.432792267530374,58.16834514172406,53.36753215339421,102.18142633358761,213.72385054388545,58.69464310183489,72.51057233179017,44.08097462020086,111.4125139472432,84.86514683640667,42.614633492004664,137.6392159174417,248.79203716501004,30.79662519545076,134.7939412241691,85.2264861323455
2024-05-20,93.70705279721851,103.54491631699499,117.09488004346474,215.69115334915477,64.58949490321622,94.41011863035125,43.08265914798473,56.654550983832124,53.711021056960575,100.95742247417954,216.3067590204766,59.025000202526485,71.04514323006792,43.386055186238394,111.75193793457812,85.09014040328066,40.43318037863294,137.5346599170387,251.90603174470164,30.48038219315796,135.26017485525642,85.65930426576719
2024-05-21,94.62193990951872,104.4551225938321,116.29114114978961,216.910770610512,66.61514915934053,94.03583418730821,44.05801548139021,57.65245202239058,55.6497280253068,104.54503736712384,215.76448227748307,58.69716902002025,70.70876796262517,43.203666010835505,111.3634950571072,85.76808020101615,40.040506264959056,136.48901856989318,249.5877049258907,30.798856219703225,135.5395286755687,85.61130102163817
2024-05-22,94.80531883410875,101.64884127027403,119.890913688336,217.3205832723502,67.7966511740813,93.31808877948895,43.24662926403914,55.92133597368225,53.69203634189035,104.07766588171897,212.23942784230056,58.6704594154854,70.88672752115389,43.01517098413605,109.07025886884163,86.06440467817498,39.53297847016268,135.35015182359038,249.6069993945846,30.47278849862922,130.7361765779043,86.1169432985964
2024-05-23,93.3984884057179,104.81707418231107,122.16160756639773,220.6917503607254,68.41111899339919,91.9509486803636,43.264915114862106,56.90367114774505,53.87958155458503,105.13572973168999,218.10756366757505,59.06660078815819,72.30462294679747,44.32821120221552,109.26584505414667,87.6397851845722,41.25440303134434,136.7517554664024,257.3647758580249,30.879359270678123,136.46354509369112,85.32269772135096
2024-05-24,91.42175464894031,102.58932929262092,121.81651686756486,217.01835913490766,68.41819139841623,91.60665070187447,41.79815408043316,55.74252551949209,55.34239776365439,104.60852501662218,210.1040036479037,57.8954569530428,72.63491321002138,44.447430369026485,108.90208618654731,90.82760863231432,42.9235729522454,136.37072731774444,261.3943872989293,31.343382379156495,139.15621371051057,84.60412655346408
2024-05-27,94.11453619576878,104.96481246937054,124.4450856092519,223.06220270559513,68.82083977552485,91.0164581593392,42.50753352620071,56.15613789388785,56.88814431936039,107.61365645334538,214.6726536751716,60.55268546248129,74.3476426784164,44.52748587872354,111.62743599148378,94.80116093761355,42.72653531724532,139.40672777813847,269.85068684388534,33.33234019795111,145.14726847492628,86.77529148751687
2024-05-28,91.82959666762795,105.0941168270103,125.57338211866497,225.5114766643895,69.31365414549256,90.23291425176451,42.18634288958914,54.76047521645428,56.17014346464338,104.87701032867385,211.50840823776662,62.04153587026286,74.64041076315839,45.22152256956686,112.98346581373156,95.07475930495104,42.36423908414615,139.49710180424032,272.81899204856603,33.84403869785455,146.48067617701685,88.19765266662188
2024-05-29,89.27374153199737,105.4980805871199,124.2792286717262,215.16165345271912,68.84318086508165,90.59544477532555,42.46366675034612,53.467569947156186,55.61875437625447,104.84293790282135,211.59906551565106,61.31569768479974,72.8310089099737,45.08482311097351,112.9662068220386,93.2994767629235,41.11045403788998,135.48508266910707,273.8997131689739,33.72281390471936,143.91301594867792,86.3605273706301
2024-05-30,85.75991123852718,103.48217496434977,123.90147792594647,207.51803261013566,67.65636299811882,90.00415063587025,41.6079146626438,51.809291336794914,54.30596870136843,104.25276996295668,208.44203054935443,60.03611266100758,72.57784145962002,44.49446110838469,108.80589854608675,92.34200795569468,40.84015856592567,130.14995285366146,258.7603870842237,32.49371071090285,140.737765124601,85.87074089785703
2024-05-31,81.53742087214741,103.15663437713613,121.87041908102971,211.91483281983307,65.03990750236316,89.45800684316377,39.84992728511545,50.73145316417295,52.10576826767063,107.16277291060261,205.83788019744424,59.22821468914738,71.78438926749796,43.28084903940607,109.36181727681225,92.25735634472713,40.982186385422885,126.43275922900852,259.41037340317297,32.65638055583676,138.68800266079847,86.13985050200093
2024-06-03,80.57348341918832,101.47491433505978,122.47408577517066,215.93887378883656,63.67744758161439,88.0505098637837,38.59473401173023,49.24494910113237,50.38265829612689,106.19409921278265,205.230531354224,59.755164198052846,72.24790699788043,43.84342333118337,113.34293188911137,92.6378628720457,41.760402676672506,128.72559342159477,266.34312378268083,33.05086448806203,137.03502585928746,86.85009840306603
2024-06-04,80.31840193137792,104.41057771115227,122.90179249130928,219.394835909008,64.19060899504323,89.08721546330474,38.77767480770968,49.86794652329727,51.857515370012024,103.81727314946298,208.19334713421065,59.99855784896673,72.30260346167385,42.43887697363684,114.55217727614074,92.7089075200225,41.380267666151475,129.24704335974323,266.15692363940906,32.29987505805337,137.19256481783842,87.90226718440279
2024-06-05,80.11958025758123,105.6202040134433,121.94977223863728,220.67293733370522,63.49150314682154,91.35116491501101,38.14886360261798,48.91637398278511,51.23383110040306,102.31070779143398,203.62516757288466,60.28194509761142,68.53343030126453,41.719376685344855,111.4464437181481,92.29337712459883,39.76529777920509,129.50902216621384,268.02571781424797,31.308912576834597,136.40535554193949,88.03852345865045
2024-06-06,78.17974502330028,107.99369153418918,121.87114620994913,221.5054352289016,64.83625460246108,89.74285041479796,37.936410496574666,49.50472518604764,50.04875722108261,101.66854907203799,200.63007794203918,60.28644051573937,70.55299626037538,43.08608506741531,113.18735472742547,94.11193046488312,40.531035373246446,129.71605073702116,272.7711118358825,31.066393071283784,135.88637552943965,88.95250254718954
2024-06-07,75.58480792991426,107.41933111271507,123.21482865773864,218.66572395831244,64.60293044417871,86.96388404018734,35.80873060644878,47.61832162950886,48.5410920441613,99.93615608844328,196.98878028326519,59.28831794178442,69.07483003594093,42.77699782640063,109.42049097360493,94.05904185971329,39.674739623707744,132.13847487777917,268.5362757630855,30.459533208917662,133.1801006423737,87.22818576611158
2024-06-10,77.25937061057023,108.95702262736982,124.2201536732913,221.5698347508908,66.25882888266963,88.45957297161232,36.03673767098836,48.06110207327989,47.767849150971124,104.67879648432799,200.52525965729103,60.30247172024161,69.57606123968762,41.6315673588958,109.85489400627964,94.9024176312421,39.49002075584166,131.5059859517106,269.182009164011,31.046173747208268,136.75402367646404,88.12237768889908
2024-06-11,76.65561868329237,108.29923064985324,124.23454371871452,218.68966110518951,66.3602593739553,88.23364169258163,35.37766465965308,46.249923854877274,46.52079470983397,106.34157916875027,194.15373915459966,61.1077683501107,67.32616218205428,40.881957761730845,108.7370822615306,96.92524290636312,39.25242587312624,130.24107956602893,263.74864494439765,31.090286308283293,135.10166570085607,87.25493597892466
2024-06-12,77.67402358030076,107.05409447282187,122.5810907798595,215.4555836079227,66.28394683465272,89.59765139384545,35.489981704857506,44.752187732565524,47.04972505693713,104.40420629970541,192.48522678668533,61.05131799684995,66.97885735223578,41.257694594176456,107.52667506733643,95.2416411604207,38.915840445276785,131.64182706216093,265.01267678127215,31.009668140650934,137.41039800229126,88.41303493319884
2024-06-13,78.62059820898352,106.77602601758598,123.06376894801154,215.37446776180016,66.76689421496616,88.79589665889135,35.68086276906256,44.74635410574292,47.355950705261435,105.29845781408815,191.66176567625882,60.97820223101363,65.6235902315516,42.1415001186548,108.65999009938821,95.90363273456822,39.98371183256749,130.3957014374651,267.6190774596719,30.867051800001416,140.28444706311598,86.33264683689005
2024-06-14,78.80176231320132,108.60665454529048,122.63616392832344,218.9199912959288,68.2592427680652,88.8913322210037,35.61765565641295,46.26284826690274,49.583231914551256,107.66688113733471,196.0311024826794,61.287214104283784,66.46019966165903,42.786644648714336,109.3536785369502,98.76179698182092,40.49147935501094,132.30367586898868,269.20576701776423,31.149272304931596,144.30873510302692,87.38908030649444
2024-06-17,78.67737118605933,106.73536808006116,125.82717565705943,222.96036788631517,69.70409949857695,87.80698012393152,36.61388986688974,47.90190135348339,50.690877563563674,110.76436644083398,199.19534752529086,60.65794313372672,67.12786006937698,42.2358265058773,108.49922304206055,99.4028221166878,40.70048898957534,133.5443763093232,262.64469448105126,31.152947029090875,146.03985455071629,88.58256571044872
2024-06-18,79.18774968838049,108.8377778671639,126.54056277453088,228.24031946363058,70.85943763346489,88.79476559449242,36.67831116285203,49.3348566489867,51.79859027324847,115.59112335601476,203.14304730514152,61.82949241430161,66.33482787857086,42.86186879535466,109.37434125139055,101.78592454326483,41.318547991412764,136.87555710845552,274.2606021971567,31.09655524741966,149.94448819486553,90.39134846831664
2024-06-19,82.26148316203384,113.47061161329404,131.3453748943112,238.73186271035897,71.69989146846152,90.9178069148922,38.748765483314045,49.381370705589575,53.313437371828115,119.4153387629952,209.02838409859189,64.7890079324805,68.41048472137346,43.64803372990082,111.28367871005842,104.82766710599556,43.03908736842565,140.46548256285425,281.29571160809616,31.523270951544493,154.82765437926463,93.0063787929102
2024-06-20,84.36008516492979,113.54501158509984,130.85170566550175,232.79588038527632,71.89830084840119,91.54362326164834,38.70298659066868,48.985073424675235,55.01982360775534,120.37831203207303,207.01309939284374,65.08331469578788,68.07898371878656,43.324722362891556,112.76973455197148,100.23968977935598,41.515666494175925,142.20692558699366,279.90661577121256,31.060124529207638,150.79560577460015,92.50573637891705
2024-06-21,86.15866448814535,114.81574698382049,132.19846033139336,237.64953437188512,73.16193971976939,93.83725869087206,39.70885929445905,49.58302015954755,55.42273461212668,120.52567940862386,212.70918224153988,65.84357051391851,69.48288380204501,43.87204563634091,115.47150527769307,100.67832725529932,42.17035637490888,140.6689593917124,281.5836191704925,30.337504072885952,151.7210351391253,94.59441109076117
2024-06-24,87.11630994068705,114.63901576012775,131.99260229631372,242.1500925845632,74.03934442489187,93.62642426832213,39.45582762914404,50.396213182195815,55.80258371483985,121.40041368582273,210.6415187351222,66.95328624321532,69.46814375115639,43.96252854395208,114.68618284963543,100.62348919140061,42.300216801222184,139.54975064617386,281.730524806453,31.00604859118816,148.1547905858502,94.97382485768712
2024-06-25,87.0253097768051,113.02937031420082,130.37440686559367,241.2345039698051,76.45367445763087,90.8194269810026,39.010040592746144,51.681015363665104,54.955867961835246,121.68698662500104,209.66791745729174,65.70581572692207,68.66172405223949,43.346357058330106,115.52660076098344,101.74687394673124,42.18892352016911,137.7960734641767,280.5322708854232,31.100610549755512,149.26726400283638,94.64380125405891
2024-06-26,89.71432106512214,115.78335806416025,131.6236456936372,246.59527184461112,78.23148097795533,91.8792311687208,39.56501019895996,51.331104096554554,55.31857079892379,122.90266296126717,210.67467919096504,66.0932814503333,71.04073667827036,44.090746749647664,121.40466274442163,103.97362122212017,43.63744926428239,139.947085046037,283.6089199175701,31.805806839192005,155.39711246086654,96.29021082216508
2024-06-27,90.28416919150735,116.60767243411284,130.41063097083122,247.9749749065503,79.44882131223109,93.00544115983898,40.124270340387376,52.4450621559217,56.139653078586825,123.94722418470464,214.81847318185496,66.60949195319486,71.19790782877544,44.654464231851044,121.98856601481636,104.11011464106302,43.99059280991487,141.10412568621075,281.1839796854107,32.14803080742562,161.0886228671451,95.43006676983347
2024-06-28,90.6703426414212,120.79448866750828,129.22891490539763,246.80234866327643,78.8451353394297,95.14408364775272,39.9658152834377,53.6019134224954,56.935686107220576,122.65737031162331,222.3480143680278,64.12872465788189,73.09147206162254,44.81626473053157,118.66618245110121,105.54747670226048,43.24774123461986,138.81777787323526,272.41011333085993,31.55038759275593,158.91547728952676,96.06384481185717
2024-07-01,91.44449651788436,118.00126063143516,131.62242799654172,258.3619608518923,77.87606081625525,94.12223790500396,40.724696741794524,54.68485122940513,56.62345624261156,126.35890816506584,222.02250993508784,66.66234414798336,74.65826829117353,46.31646912250232,120.93261318840321,108.05919380481559,44.33145672690641,143.20138295031782,276.57777424666426,31.579028052362915,161.2481931865795,96.48595020332424
2024-07-02,92.8851378961778,119.77888057533595,132.8418818672136,258.99179359833363,79.52557679959806,91.7685878295446,40.44412898343032,54.53768729968718,55.92666661313806,127.51743870648242,224.39143491328434,68.18259079118964,75.1608656504655,45.64776297545211,121.0069805163542,104.36178183348895,44.12349622772003,142.4147697953733,271.7392943357865,31.26820117952119,158.44006782150646,94.47778377337302
2024-07-03,95.15294826221846,120.99987165169074,132.65001644255608,259.61052238934644,79.93862240844632,92.10665645786628,41.861642297492025,55.40081625015438,57.66573213467902,127.16696646077106,226.4197337298548,69.64066803905814,76.78412834471168,45.21210257499708,122.81149727186083,105.86796854064268,44.02954799444889,144.3870661861176,268.3316849258903,31.0990593438951,161.21889314984114,95.32208388027296
2024-07-04,95.91701893640192,122.05896366660507,134.4075649077185,260.457393184556,79.58296479152109,91.334907338459,41.3737451843837,55.262670200139944,57.42073220830429,130.23345723433582,222.90377983604333,70.8202051612331,76.58149309360267,45.13433548076726,124.04318144755928,103.90982250449782,43.56184050635232,141.89782771182277,268.0024494771377,30.71775740978427,164.73208810060243,94.61926384397717
2024-07-05,94.12283536186713,121.28225541050263,130.1623895518205,251.10815756300946,77.32609301965319,89.08883854247702,39.57095081697077,53.55231571123511,55.88527366926659,126.54570861327144,216.2587504695262,67.83310237850507,74.81546181606473,43.83399083200792,120.7262643674802,99.41508472540546,42.75424176257169,135.886896751598,267.08854779570066,29.309938977093815,162.1481835955767,89.24822979326203
2024-07-08,88.00171432464396,118.83332772822357,126.6445254611504,249.68080323925386,75.06758484525653,86.63973615116723,38.22672663039853,51.23675597191848,53.88092164738105,120.40495111891413,211.03564526340014,65.70874652658956,72.70541183077722,44.52026777885404,116.5342449772852,97.12374729910495,41.57799940579328,134.61828837028403,260.42803556999183,28.40804221957131,163.18583711170675,85.71445056635942
2024-07-09,87.39747515805341,120.84041915975918,125.48976265502677,252.95723304767233,76.023127846978,86.99102012102253,37.608877421237295,50.92839587242229,53.75228883566029,122.54579808770843,212.84061668176656,66.11236533095868,72.94634764589391,44.99962708041474,115.43085314035471,96.94193124072376,41.51561393990187,133.47465154238446,263.2798486364789,28.775459324787505,165.35077594434478,84.56745733884007
2024-07-10,90.53435342218553,119.71892006727909,126.06280125444954,253.40533830067108,78.18768254531034,85.26932855125962,37.22475736056819,52.364564385371146,53.60405802149922,121.72612120073029,220.31709045455975,64.99721430494277,74.4009161017927,44.15389814327813,112.6834623775171,97.32966061716758,41.17871780740409,134.63517837545888,271.160591583662,28.841196903381867,169.80435301711367,85.36865671327237
2024-07-11,90.7687628805358,119.75316689229525,126.87835576226486,263.61844329522563,78.53736470569642,82.61843244624,37.286301652211954,50.74382431093884,53.09978659355095,123.2442268553884,220.17330799879053,65.5275685882178,74.89222816246262,45.51607276966295,111.60326728833326,99.45262595584,43.02247845382959,137.3308466657252,273.5611157096547,29.11430827251515,170.691491771083,85.54834007325375
2024-07-12,93.61988115993898,117.10675183887234,122.46649203264992,270.5422498598516,78.74708772549737,83.35306035272366,37.939132309464206,51.08709239601017,55.22579788711833,125.09876813575333,220.45338320635173,65.29432774849155,74.86679048185329,45.068045375205116,114.65532530140376,99.8280558463704,42.345123921284134,138.41457097764905,280.86815073277756,29.630375515254524,169.4194293759742,84.28027746819325
2024-07-15,94.56517495092827,116.63896951680704,127.02622730281406,271.0040259825926,79.18656209696734,84.50240003261169,38.793651855237165,52.622400218465486,56.25390880202543,126.11423536273719,224.2822285083566,65.09640289743716,75.1911955056677,44.988091020371826,111.77390970873196,102.71251609533329,43.99544654004918,141.99505029393657,288.5440928937099,30.187494843275438,172.81070816519,87.90063951596814
2024-07-16,97.49121155121081,120.45905754938276,130.6777384171618,277.72599094928705,81.1099493598385,83.83312070627483,38.58305952661565,54.16387523959511,56.37845478272169,125.11721436814638,219.9691088843958,65.86809560473974,77.04129458931722,46.14941503215498,115.42244501434133,104.10878822281451,44.90172661798826,146.49309713915466,297.2137975564247,30.49592600241375,176.9717583259818,86.95366381643204
2024-07-17,99.26876016076874,118.14574962328425,130.95891188386548,276.0510214385963,80.46334899234496,83.9265308141597,38.40790038136625,55.71009756701732,54.86076715746268,125.77744721958302,218.826094485655,65.84482697373967,77.42136350786387,46.85862853181746,116.28790520331891,105.88756590064521,44.95100658243745,144.2795617066165,297.87683250760233,31.03556257379709,176.22136537129055,85.57626757060436
2024-07-18,99.16584235240337,118.97637111947265,131.62790107564132,278.23988048233446,81.87402756139593,84.29986095550649,39.411764721680704,56.09286078743827,57.13464524164892,130.34991462926155,218.5135769059268,65.15022482144737,79.16385292968434,47.406954423234865,118.95339909685795,106.0618294400583,45.21381911950466,144.66348114998863,301.93548026381967,30.69875389987384,177.5192983597278,84.6346528459766
2024-07-19,99.26956567076496,119.24873848517664,132.36856560607038,270.4412016418781,82.95267944421133,82.9310386240624,38.97940001619436,56.14871790636311,56.74574379928435,130.34461204606484,219.29278152326864,64.02739976901482,78.48758335796649,47.02302827072816,120.40319597642909,104.91170773821905,44.60717638646324,141.609485387883,296.55277099156615,29.899178715314008,174.90034091134925,86.167954294434
2024-07-22,99.73190352672808,118.01972489257544,134.14715146986782,280.3109144936536,83.0697134169914,84.62589231374209,38.860419856142684,57.30934053827489,57.81591479362018,128.6484151163108,219.82502107353062,63.5113348368098,77.30987641251491,46.920427213866645,122.52363398005627,104.89916638579504,45.76331531704846,142.0696444426462,300.11624806422844,30.382142640920833,180.6300820536964,85.99124440861694
2024-07-23,102.122151668576,115.95909647233877,135.6849416431388,288.46802365912623,82.0529807165598,85.22349990022555,38.22497578364566,59.22364351943022,56.094815540726735,125.47376372109956,215.696794534175,62.836115309990994,78.35521135989529,48.45489025838618,125.64216026450673,106.00123911089042,46.03112487081881,141.58843747443737,303.88514822451924,30.46041484070909,182.44510478877748,85.52643938506024
2024-07-24,100.71617053664225,113.32019427752753,132.22231693643434,286.8393767876203,81.46238631232421,86.44475809725233,38.586858006582005,57.4735837323381,55.32555554434272,121.00081264875735,206.25259938432228,64.0243709505879,78.9963532160805,47.317702344003685,126.60726821977532,106.90033842671457,44.05966216081419,141.40962708314188,298.0679478696715,30.20833913545099,188.1438622389519,86.36104853263315
2024-07-25,98.84316957921907,115.33598318195452,133.1179387228581,289.5491053316355,80.74829951916367,87.82480103229697,39.526910870917455,56.12179874359654,55.71160842496994,120.27366683651235,209.43949232011335,65.27470476323982,78.1814002946855,46.491111835070406,126.67778362337481,104.92591571524159,43.859849821570094,140.5446556593794,301.39437105116025,30.316768592186577,188.22686700553632,88.383124441989
2024-07-26,98.43457128396444,114.04762037426272,131.5680745164212,284.56788147000304,82.41577136664583,86.90434848509656,39.69707346927525,55.851304303951764,55.65678369840902,122.24674037554024,209.617630177579,64.60868299974132,77.80418021725328,47.25988629147854,127.96434589540895,106.71852802474088,43.86244776430849,138.1126845838689,305.37595567381686,30.541993015038578,189.45142281144214,86.87270984911396
2024-07-29,97.56844116444799,113.10300584845328,130.52409290168097,286.6256411037717,83.65844273423852,86.07930484463476,39.38399608703601,54.42210662484185,54.02488239732497,122.18511015222857,203.4513064821997,64.81370913936158,79.24429434933336,47.37896374603189,126.48821799419025,103.6228160012821,43.650458109913906,139.1974001211676,302.08670862627474,30.78754487630682,189.15047435682024,86.61969400548173
2024-07-30,95.47789365748295,110.66613093783414,131.20675391035866,285.5852391735502,84.73312420757219,85.1471077703642,38.38570517516107,52.81202193773153,52.55252080788447,120.63005284650377,199.2201130865429,63.54672761337867,80.17139543422581,47.32605145117723,126.41724839161206,101.92094585666857,42.819989583074225,138.38518343222566,291.85919698695636,31.042950359480816,186.7475897529799,85.97723311034994
2024-07-31,94.16033062623677,113.5779180120198,128.9151362989663,277.5816714267881,86.31272221204895,83.60036654517296,39.135757490267906,53.174290783317296,52.790850421178334,119.78611595463117,196.73352567622385,63.53905237560061,79.55926785804252,48.44474709990958,125.5256332128771,103.17997914080497,43.7021305044665,137.320345907267,294.8816268015662,30.798171553706815,187.7162401816076,85.86060564123963
2024-08-01,91.81623296063782,114.40197051212223,125.79946996095995,270.1003972574796,85.30029693209838,82.57454570698145,38.93361532390694,52.71491691254602,50.916990588790036,120.73577364360945,194.53575217838355,63.26434785420154,81.55517457148818,48.99466028999713,124.67150744383119,100.12408825831248,42.46578365838428,138.62288143383563,290.32925890667684,30.475668225512823,183.4073593858504,85.75263441543838
2024-08-02,93.61244380209712,118.51569741132658,127.39343121168547,277.47444395425265,86.49769523009525,83.72426937264271,40.52511413842603,53.946051509406395,51.68081520271752,124.3087301972244,197.7179157422506,64.5502422706653,82.46471520637108,49.10122515802697,130.42011740322647,99.82832448125457,43.28945887001875,140.69514129339242,288.93469117687715,30.751076640982653,182.46844895791023,89.61958876390382
2024-08-05,95.94339806975273,116.54387464714246,129.50824419083324,279.1593813453852,83.6864967942145,82.90005763808382,40.549957880180614,53.66837053195943,51.390512310480304,123.10573885604256,196.0408625843298,64.0698856812262,84.65861880295128,48.29446133747248,128.73183986640151,99.43624783356806,42.21749081386356,141.21061056355484,282.0591728066287,30.16298921747613,179.02588071425623,87.16184260249734
2024-08-06,99.1698262202685,120.30376547121493,131.2045797617056,283.3962174790509,86.26618528167783,86.57825710840517,40.65608581985683,56.83625962914395,51.494049714949185,124.86377758255743,200.62510607842887,65.23009559988537,88.47481064269292,49.78186030573458,131.60548895366225,102.56098141462483,43.09587719363803,141.9856744933583,288.62828238855576,30.664697284808963,179.30661342120086,90.17431181788118
2024-08-07,96.82373600667857,120.16029945896403,133.23667863278317,285.3718625588015,86.87349963650097,84.72787859751587,40.613142251587014,56.35642470477887,51.27093610575087,123.84697556308042,197.75573693106375,65.94903118080326,87.11316511924672,48.79952054165283,130.57968347081638,104.12577183527087,43.30419886821616,138.15176381106087,291.9817615863559,30.634612527163537,178.24202058641484,89.82414991841067
2024-08-08,93.60619674901103,117.82105343323893,130.4607986258548,284.21470650471116,85.56975570680356,84.42050658862425,39.4300168845056,55.60815782048444,51.128620600769096,124.48931302379913,191.83127728223334,64.0880934660863,86.41414794902823,49.217749617876585,129.69217833012587,101.01834770695861,41.92018758506447,136.27554280659385,289.4862965083548,30.054924438106834,172.62040552545042,89.90657985398104
2024-08-09,91.1568562405525,119.99466331635509,128.62693856513502,288.87174292047246,86.03238218149248,82.64767461150673,39.51274661085899,56.91902897830834,50.57317713628163,127.71666177663236,193.2316224423886,65.13405784262805,86.29382909783953,48.93995102457295,132.87586380095405,101.77091783734704,41.61356370367236,136.62627053938422,286.2522402907514,29.98981407629653,175.24706798241542,89.34804040876858
2024-08-12,89.63225386777614,116.4017097447195,124.56420922454346,280.7622243025786,86.68039892077984,80.99762199087199,38.55808210141193,54.73224966240455,48.810338383528894,124.24869471582257,188.94433631145415,62.856304476586736,86.83324070321447,48.43388107302107,131.67954790309113,102.03409713094064,41.71642764118139,134.0685629168951,286.2897050958439,29.954378987872968,174.28775667164882,89.86827444908519
2024-08-13,92.88523779085041,118.29245003553808,125.91709106394275,287.0182913565942,87.31468954922678,82.86360129919109,38.58948615418979,53.42078751194072,49.648373592573634,123.12198707800873,189.40475992147546,64.25765825401571,88.78445525068882,49.771792655239786,128.13090527803448,103.14516490559924,41.972112107523344,137.3958262913246,295.2205821483142,29.665638588930307,176.05435226762359,91.88886088492275
2024-08-14,93.28348644527934,118.97932124643074,123.42952438998357,286.6316288240091,83.04247302073841,83.40993033660517,39.699791091632676,52.826436464885,48.92227334739669,126.48398179638832,194.99757235031603,62.71603394946141,90.76747472422498,49.91268646326207,129.23245356754842,101.35157084045079,42.75614715657318,136.3411451533308,292.94714613354216,29.77183233861187,174.54185778295636,89.45687756992368
2024-08-15,92.15630443130208,121.1260857175173,128.10332035253126,283.24775099572287,83.45293753032186,82.86431859904233,41.12218275854302,53.278665510150226,49.69158130065194,128.60155174189094,195.1244981760121,62.66494921841236,93.0153489015614,50.59397145153986,127.32559163967011,100.23255867620824,42.59095503249708,138.98200336446303,299.8767093838501,30.79173000017533,172.75460168103126,89.82224699008029
2024-08-16,92.90157209717214,120.33278592719162,130.0678416063879,279.80716942529074,84.01364311840908,81.82830446663787,39.849457858329885,52.261391627355366,49.63445726000902,131.8293956064752,193.36584293316037,62.230038940456446,93.28905819107952,49.91632889196068,126.21000762342182,100.05458966476598,42.124545042743165,134.65308713600314,295.7962282321528,30.940188443529554,173.37244572911766,91.22716430992061
2024-08-19,92.6306417943618,120.06152150299252,131.78285215110526,281.5188563204208,85.09309465065338,81.43405375481768,40.64868829264866,51.95123730662564,49.303418514318075,134.06931590775818,197.37124819536467,62.98237499619814,95.94791337809326,51.28494708890663,132.17950246949061,102.88054238053499,43.85478875886547,136.86077428288496,306.13218868595936,32.07810446227849,175.3815003914687,91.695919258939
2024-08-20,90.80797443049268,118.95250367073565,133.39143912549073,282.71542393879974,81.6007298056408,79.60823528257231,41.841852345510034,52.71780178659392,48.718369499106565,130.81614741935653,193.36236818779673,63.10111602705523,98.24124269321922,52.46177008776698,129.1725924487139,102.19658885114356,43.03874649463564,136.35468293873063,297.93147882030775,31.63095539499334,172.2917661849914,91.88866030798727
2024-08-21,90.70954303708612,120.84266901238357,136.85405760316826,283.0156348319694,81.02080024616002,80.48360597194807,42.15577293240873,52.897867852836924,47.067380024888195,131.91666839987732,192.38424276515943,61.890594243364085,96.68348560395216,52.61664656479452,124.0857555490374,101.63570520984638,42.367159356550765,134.0185972239657,294.1349527545024,30.746259333819456,173.84355644915144,88.42475837063047
2024-08-22,93.01398883261179,120.35824507756915,132.82801080908538,286.0251570509015,79.88997671967235,81.32259310804612,42.276541709718835,53.744424565203275,46.883288435863356,132.99479928870105,191.74992248012836,61.49366780761679,98.46418023761996,51.773422233450155,124.95706836473904,101.29437624163387,43.005330010340245,132.44136462849278,293.24805981733823,30.841269980330143,177.85933547418054,87.9334444068857
2024-08-23,90.22903467918466,119.2748283402571,132.30603959536228,284.9699651471951,81.62418991313548,78.04687944230133,43.120951614086124,53.895895776668496,45.96349392220601,131.7730029470098,186.91932115717742,61.5168996997702,101.2051223136503,51.04315666200423,124.08034757261693,99.74500400543832,42.43110525170235,131.05720464710794,287.41910193534454,30.58328627589167,176.70405190916395,87.01384053605399
2024-08-26,87.60041385058344,119.27953248874756,128.76197578732996,281.2210846320493,78.88368713653513,77.3482763010559,41.26334650808553,52.75001408370892,45.21060005825488,129.41874564756023,187.724446177125,59.305083312529135,100.59967334286888,50.54015354125275,120.70708220101801,99.7455669458187,41.184160446000305,127.53774259554264,279.7188541304294,29.167679858412708,173.92336481364674,85.43817893974713
2024-08-27,88.1860947719813,117.76434406861958,132.32571297361628,285.2454955244409,79.55691784235809,77.97885379506091,41.9011742637695,52.321123013090315,45.50447106258373,129.2889232887505,190.72085280133592,60.07580476448912,98.93268347494048,51.04644146877162,120.23953102379188,100.36343382792349,40.999263197341094,128.77537895097328,276.45568336116196,28.406697036812844,169.77176767655772,84.72069930214263
2024-08-28,87.4991454846181,118.61716840909222,131.38034413585672,279.86746989858057,82.26962520057249,80.89271903884928,42.31141932654423,51.06714631915734,45.94624593985413,124.9020525797445,193.08232570609303,56.63393523521918,96.5845528481108,51.00491935758231,118.61915394898563,96.219325370183,40.32704741183214,127.07993220762098,272.023949047282,27.694839904062224,168.70567165685466,84.57018382632124
2024-08-29,88.23090494544142,119.0156915541749,133.86387533860045,285.0047352354693,81.38506936213699,80.8302855869994,43.773372664494765,51.422046136346744,46.30152865649174,125.73066450947286,198.87964252073297,58.373293171262794,96.5458725334174,52.780683679513324,117.38630804055974,95.63952044096405,40.67571639804184,125.3382837214958,274.03447004958036,27.439280201749956,164.6247691935598,82.2370762980385
2024-08-30,86.41666256460711,119.31731076135219,133.76158217507992,283.2946740830209,79.97066289086413,81.10987459747582,43.701124461600756,52.19923348720875,45.4305608825462,125.91332777649197,195.01772631575457,57.96225215507288,94.62348165524341,51.87049808095373,117.43331291623761,94.69588141159356,41.42882479008707,127.11833652960597,276.6143817975261,27.66672022514373,164.61756189246964,83.5599794495374
2024-09-02,86.39018361641658,118.9467205234141,130.54419799452816,277.2204076462136,77.7659636098096,82.49181733793176,44.78934349573329,52.87117603559338,45.02387479787058,126.8553919575447,200.4147951564911,57.48363204086845,93.19426645959496,50.530409324148174,116.4503756516186,93.4572067146497,41.24553908168819,127.62899346749047,274.4691079218264,27.656859654876374,165.3138949645503,81.75711877261286
2024-09-03,88.53692943914487,118.9540132303545,133.76663384343146,284.21564183987846,81.49242967655314,83.6146786018033,46.37978092281625,53.95719528938674,46.98836100544673,125.65639081459454,205.34376361388954,56.50290801234896,95.2595868637453,52.46811826450215,121.58879008535177,96.61572900515812,42.015760853132925,131.61222136632273,291.0012055920188,28.32513722023001,171.07487111289544,83.11365015624364
2024-09-04,89.54057312023178,122.77876221288722,137.19331925965412,291.1346654103309,82.52151155713554,86.86979512816653,46.69584450167677,55.086611686399344,48.04854417591194,130.43597765464008,206.56531713283854,57.455635230503454,95.81782118702684,53.249207135975816,123.9131141023174,96.04199233451425,43.36892215059554,134.20006032889893,291.0692137886632,28.555348232155744,177.19879120773805,84.73294489876118
2024-09-05,88.81755824846853,122.00836648124657,136.40643663573275,286.60737423119383,82.60128476337769,84.94780422071169,45.42770372848632,55.581495423952845,47.73494252075643,126.82733528280592,203.93863875708837,56.83688743499052,94.24379124161,52.840503029941026,121.12734510212775,96.36142413815126,42.88011213426024,129.4600643066431,287.3107342962797,27.9723464204184,167.5422235648182,83.58771389239801
2024-09-06,90.82492166804666,123.48542898709606,137.2242985666521,287.14255960584813,82.07258803916326,87.14500429035024,46.58049053364288,56.12985585387618,46.99151330973506,129.42013377801032,204.1075423085773,57.689416291840026,93.27521295760842,53.59196467496811,122.9840060105407,94.34481340345427,44.47142373569598,130.490037822499,290.4693961974524,28.555891209303066,170.04730752478673,85.11745548101524
2024-09-09,86.9094773412744,121.25840001667157,138.36921951904463,276.82771292168525,80.54654549370467,83.10766211331995,46.01642609068307,55.816602531155866,46.70337572784798,126.6411972950951,195.3130897859817,55.845894791472205,93.78958302730986,53.58403817029685,121.49405799144985,93.44683178835557,43.19300938660985,131.27648855956238,283.64912567950597,28.362469176619058,164.45013432247413,83.75509173290628
2024-09-10,88.56476774379236,120.23913705904299,138.62555981608045,281.0483993540584,82.9593856438361,83.38465977234962,46.6885959069321,57.09322229049666,46.39420868886573,124.65007631014024,195.57365441451364,57.77132580500744,94.08890221834913,55.2240040938295,122.9889332390898,97.3887264499927,45.312169781550274,135.32678634340803,280.1619064982851,27.776296875113157,166.9460947751643,86.18239782745016
2024-09-11,86.64588727593366,121.99105025762279,143.37918231533553,280.0257435378442,84.5182181987579,86.69231135424585,46.57891527587036,56.97754160512196,46.80586862570206,124.10081973600933,199.3627004750369,57.79166181318338,94.6483910120128,54.38324368963433,123.54208155627543,96.62539233111151,45.837930514146876,132.8162900394883,285.7600811110587,27.591432413211994,172.52302669086805,88.50703709508105
2024-09-12,85.355339596837,119.68291707532342,142.69968674461,288.56079621461384,84.90176937481563,85.36209323285823,45.61668396162429,56.019904250115665,46.70945381278291,120.31380786259875,198.34368173696868,58.553410709331786,92.83088405568488,53.59821296073132,124.84679046239698,99.60291645227818,46.9778587664442,132.51090539834865,293.33506730180267,27.64753531763853,173.09438015813743,89.23615613425882
2024-09-13,85.32383100730245,118.11256700453569,144.94563378550285,295.62293699476527,87.0576758068289,84.09044440398634,45.5409693515407,57.30831699244428,47.05195807113324,120.96745420960549,199.24992056445822,59.642238149767394,94.20128308027681,53.69698321739011,128.19642042229503,99.01577831210874,48.40154369651074,132.1179132716934,299.55880841475005,27.868774619185913,174.10083919218764,91.9879442235965
2024-09-16,88.31194267687655,120.89287784487274,144.54452781441933,288.35346518290135,88.0081524288027,86.57916278760786,46.21508578839474,59.012925032488845,46.87201086348861,121.71177945297518,200.40925502780573,60.41360265262223,96.16316752181763,55.51196371411247,133.5145693044094,102.65252395661254,49.33816632554662,132.67036907897045,304.28651097358744,28.40227673652593,176.47114503742233,91.58392935847186
2024-09-17,88.14400576120701,121.15382197195348,143.6303154089931,283.0098573447416,87.32894769112059,86.14008672379138,45.897637014991545,58.26759777896871,46.97806094088169,123.00374893697074,203.9787570822397,58.83918337804195,97.98522847767877,55.47009229164147,130.67996999931782,101.54748406397738,47.694749191239204,128.75993172974924,311.1313405551646,27.958122673084752,177.32018376073864,90.95966340347624
2024-09-18,85.70220739871971,123.98107554453246,143.50579752497086,281.0428000554792,87.99560061570479,85.5148089175257,46.33455734082682,58.47028846841211,47.80008732188741,123.12915317056104,201.7924084293996,59.19509246126646,97.64762026097932,53.98897193525266,131.23447806537027,100.82716329510191,47.97138189729648,127.187506027801,305.34400989677874,28.470191938918486,179.90822260886998,91.00650971548632
2024-09-19,86.72923496018718,123.23829600153184,144.96169897449082,286.85660044603435,89.27601806959572,86.62873165433435,47.31153752277448,59.00734287625153,49.15478161745695,127.43367201477702,201.2415745889491,60.52060207597487,101.47662472150066,54.719822272523714,133.78222019760423,100.36493230162948,47.88012126001921,127.50681799800893,304.30954341941464,28.07092159600332,180.55029246864916,92.66273270904244
2024-09-20,85.72989984945728,120.98685967194547,143.8405066610579,284.2340436264949,87.42186425969027,86.81620740403774,46.98664118332479,59.512489325288605,48.34334960567222,125.19905718091756,198.21170208514678,60.67144772518745,99.7096385473756,53.81711252577601,135.7257634167263,96.83289534236762,47.409460457987564,125.45343269374617,298.4579312745785,27.243314338464675,176.13295993187924,90.6886786667099
2024-09-23,84.57136936937485,120.39946129532181,145.9358628324789,288.7342570169882,86.05755770296619,89.09797570217414,47.48460291645083,60.844188860676745,48.23062458762994,124.2311158111254,199.88706127279335,60.81613408803568,99.8638113179132,53.8438018626009,140.05495585981683,94.98669195304545,47.1096323814535,125.46223082703663,300.5424452518664,27.706834666915697,179.54912784238414,92.72887832084595
2024-09-24,81.81195500190594,121.54887092951014,149.20728505822726,293.27251493804266,85.5303177788414,87.9842031581763,46.78292766267434,59.38448383315946,47.98550508113718,127.10290741522294,196.32616688502523,62.37479479649375,99.15451418430195,52.93532257554948,143.23247977897458,95.34771132128152,48.29897076971915,129.0053912704303,301.63760581380456,28.436153224107215,178.11599922869337,92.06127346287757
2024-09-25,81.88243203865416,123.93483105585494,154.1339829144985,295.2601037621383,87.95987076721394,86.5800516651926,46.1221985769947,59.391149899591966,48.02315729887018,125.12579672114617,201.73529855799205,61.44574409702281,100.55064458198804,53.79318741484767,141.79841680027243,98.65524870130002,48.40330365490639,130.90746236692235,307.5292990073269,28.193121473138874,177.26136676122255,95.44109234928924
2024-09-26,79.71293535710426,121.15125872205091,154.5810608643895,286.2921255960179,87.88689846431318,83.59683029592317,45.08097923387644,58.34040344712535,47.03894293010738,125.17463213455662,204.39055714801907,60.37695482728572,99.93530631447219,54.37178405770354,142.46606053525974,94.95584800508948,48.2446288951004,133.2797968675429,301.68272656466775,28.27537738574385,172.17591748717464,96.64942095082158
2024-09-27,79.11388134279218,118.27610675155672,157.4274009492835,283.80382030557047,88.8363628558689,82.28648722657186,46.283774261201266,59.38332696321562,48.16947997843289,129.1764954661138,202.31867933218658,59.77540729230931,103.30220565146959,54.436089936096366,145.54770092951333,94.68046051201095,47.966511876747525,135.3787066142805,293.62115425691627,28.700819910722355,174.27075728967793,96.19965853512012
