timestamp,price,volume,side
2024-05-06 09:30:00.234634045,100.16,118.0,sell
2024-05-06 09:30:01.739694760,100.1,80.0,sell
2024-05-06 09:30:02.398067607,100.39,107.0,sell
2024-05-06 09:30:02.854538884,100.43,99.0,sell
2024-05-06 09:30:02.939351319,100.55,102.0,buy
2024-05-06 09:30:03.024149465,100.45,127.0,buy
2024-05-06 09:30:03.054068850,100.47,89.0,sell
2024-05-06 09:30:04.059684282,100.34,151.0,buy
2024-05-06 09:30:04.519225359,100.2,176.0,sell
2024-05-06 09:30:05.134850390,100.25,164.0,buy
2024-05-06 09:30:05.145250044,100.24,155.0,sell
2024-05-06 09:30:06.897028781,100.24,85.0,sell
2024-05-06 09:30:07.790243553,100.33,172.0,sell
2024-05-06 09:30:07.909587365,100.22,93.0,buy
2024-05-06 09:30:08.009926860,100.22,155.0,sell
2024-05-06 09:30:08.111232571,100.2,195.0,buy
2024-05-06 09:30:08.292609436,100.27,63.0,sell
2024-05-06 09:30:08.664573351,100.24,93.0,sell
2024-05-06 09:30:08.947341885,100.27,67.0,sell
2024-05-06 09:30:09.119453381,100.28,88.0,buy
2024-05-06 09:30:09.592638818,100.29,79.0,buy
2024-05-06 09:30:09.667756082,100.21,93.0,sell
2024-05-06 09:30:09.840513838,100.15,40.0,buy
2024-05-06 09:30:10.068652447,100.12,86.0,sell
2024-05-06 09:30:10.373119791,100.02,111.0,buy
2024-05-06 09:30:11.142087797,99.89,129.0,sell
2024-05-06 09:30:11.253455728,99.72,186.0,sell
2024-05-06 09:30:11.614470305,99.53,124.0,sell
2024-05-06 09:30:12.063222666,99.49,99.0,buy
2024-05-06 09:30:12.087004591,99.35,111.0,sell
2024-05-06 09:30:12.554671101,99.18,200.0,buy
2024-05-06 09:30:12.648151727,99.27,136.0,sell
2024-05-06 09:30:12.681783693,99.37,123.0,buy
2024-05-06 09:30:14.168627589,99.3,106.0,buy
2024-05-06 09:30:15.853942761,99.25,101.0,buy
2024-05-06 09:30:16.680108547,99.16,78.0,buy
2024-05-06 09:30:16.861752477,99.15,158.0,buy
2024-05-06 09:30:16.913141135,99.18,86.0,sell
2024-05-06 09:30:17.489516516,99.08,69.0,sell
2024-05-06 09:30:17.779561937,99.25,77.0,buy
2024-05-06 09:30:17.844638054,99.19,115.0,buy
2024-05-06 09:30:18.186411669,99.19,224.0,buy
2024-05-06 09:30:18.203908529,99.25,55.0,sell
2024-05-06 09:30:19.404119973,98.99,166.0,sell
2024-05-06 09:30:19.553848861,98.99,47.0,sell
2024-05-06 09:30:20.096976761,99.03,174.0,sell
2024-05-06 09:30:20.283750051,98.98,112.0,sell
2024-05-06 09:30:20.650805499,98.98,101.0,sell
2024-05-06 09:30:21.046417398,98.8,109.0,sell
2024-05-06 09:30:21.148611698,98.95,103.0,sell
2024-05-06 09:30:22.895015265,99.14,73.0,sell
2024-05-06 09:30:23.641137953,98.99,111.0,buy
2024-05-06 09:30:25.043685163,98.95,93.0,buy
2024-05-06 09:30:26.169761162,98.81,77.0,sell
2024-05-06 09:30:26.625288368,98.88,235.0,buy
2024-05-06 09:30:27.900006057,98.85,59.0,buy
2024-05-06 09:30:27.946333787,98.81,168.0,sell
2024-05-06 09:30:28.055401134,98.9,103.0,buy
2024-05-06 09:30:28.078542117,98.83,102.0,buy
2024-05-06 09:30:28.275308160,98.68,81.0,buy
2024-05-06 09:30:28.521373306,98.63,151.0,buy
2024-05-06 09:30:28.679653528,98.51,120.0,buy
2024-05-06 09:30:29.561932460,98.5,68.0,buy
2024-05-06 09:30:29.782545960,98.31,160.0,sell
2024-05-06 09:30:29.947447380,98.57,53.0,sell
2024-05-06 09:30:30.338650922,98.53,86.0,buy
2024-05-06 09:30:30.414599996,98.47,138.0,buy
2024-05-06 09:30:31.224841794,98.41,101.0,sell
2024-05-06 09:30:31.263579728,98.54,132.0,sell
2024-05-06 09:30:33.430652898,98.6,79.0,buy
2024-05-06 09:30:34.170394786,98.71,174.0,buy
2024-05-06 09:30:34.281164506,98.96,64.0,buy
2024-05-06 09:30:34.283933216,98.9,70.0,buy
2024-05-06 09:30:35.128881605,98.9,95.0,buy
2024-05-06 09:30:35.742429559,99.02,53.0,sell
2024-05-06 09:30:36.395261013,98.79,90.0,buy
2024-05-06 09:30:37.132868276,98.92,60.0,sell
2024-05-06 09:30:37.171332909,99.01,96.0,buy
2024-05-06 09:30:37.393279245,99.12,141.0,buy
2024-05-06 09:30:37.454854298,99.07,150.0,buy
2024-05-06 09:30:38.449119083,99.19,65.0,buy
2024-05-06 09:30:38.937269679,99.22,93.0,buy
2024-05-06 09:30:39.138179080,99.2,54.0,buy
2024-05-06 09:30:39.171013113,99.23,79.0,sell
2024-05-06 09:30:39.357257288,99.28,71.0,buy
2024-05-06 09:30:39.553914395,99.24,115.0,sell
2024-05-06 09:30:40.207852287,99.16,135.0,sell
2024-05-06 09:30:40.715296966,99.24,133.0,buy
2024-05-06 09:30:41.806422922,99.28,91.0,sell
2024-05-06 09:30:42.125955988,99.33,66.0,buy
2024-05-06 09:30:42.189642186,99.32,76.0,buy
2024-05-06 09:30:42.814205358,99.4,196.0,buy
2024-05-06 09:30:43.529401734,99.22,91.0,buy
2024-05-06 09:30:43.941345482,99.38,72.0,sell
2024-05-06 09:30:44.678290465,99.5,87.0,sell
2024-05-06 09:30:45.018697831,99.36,127.0,buy
2024-05-06 09:30:45.388537250,99.35,243.0,sell
2024-05-06 09:30:45.667444347,99.28,171.0,buy
2024-05-06 09:30:45.680318234,99.36,94.0,buy
2024-05-06 09:30:45.737401952,99.47,94.0,sell
2024-05-06 09:30:45.753368793,99.43,61.0,sell
2024-05-06 09:30:46.259233568,99.64,95.0,buy
2024-05-06 09:30:46.447931922,99.68,147.0,sell
2024-05-06 09:30:46.803150511,99.73,83.0,buy
2024-05-06 09:30:47.993783276,99.8,62.0,buy
2024-05-06 09:30:48.137152687,99.8,146.0,sell
2024-05-06 09:30:48.401293675,99.88,80.0,sell
2024-05-06 09:30:49.105668249,99.96,95.0,buy
2024-05-06 09:30:49.235570827,100.11,106.0,sell
2024-05-06 09:30:49.275622966,100.15,66.0,buy
2024-05-06 09:30:49.446693118,100.05,140.0,buy
2024-05-06 09:30:49.534597298,99.94,63.0,sell
2024-05-06 09:30:50.862072341,99.96,149.0,buy
2024-05-06 09:30:51.687515881,100.04,154.0,sell
2024-05-06 09:30:52.189262976,99.78,84.0,sell
2024-05-06 09:30:53.215022841,99.67,160.0,sell
2024-05-06 09:30:54.029007312,99.68,114.0,sell
2024-05-06 09:30:54.132255050,99.7,77.0,buy
2024-05-06 09:30:55.247661752,99.55,138.0,buy
2024-05-06 09:30:55.635211703,99.62,187.0,buy
2024-05-06 09:30:56.458885849,99.49,102.0,sell
2024-05-06 09:30:57.591007174,99.43,44.0,buy
2024-05-06 09:30:57.782372532,99.25,79.0,sell
2024-05-06 09:30:57.840668612,99.29,54.0,sell
2024-05-06 09:30:57.970011985,99.29,57.0,buy
2024-05-06 09:30:58.248540831,99.48,123.0,sell
2024-05-06 09:30:59.100455695,99.6,83.0,sell
2024-05-06 09:31:00.086128181,99.71,120.0,sell
2024-05-06 09:31:00.089616385,99.78,173.0,buy
2024-05-06 09:31:00.447054465,99.8,77.0,buy
2024-05-06 09:31:00.717191125,99.77,108.0,buy
2024-05-06 09:31:00.842774795,99.82,59.0,buy
2024-05-06 09:31:00.906614990,99.91,147.0,buy
2024-05-06 09:31:01.112569280,99.8,168.0,buy
2024-05-06 09:31:02.544129842,99.66,110.0,sell
2024-05-06 09:31:02.739321743,99.62,163.0,sell
2024-05-06 09:31:03.105048146,99.77,66.0,sell
2024-05-06 09:31:03.712091634,99.81,146.0,buy
2024-05-06 09:31:03.938078884,99.57,85.0,buy
2024-05-06 09:31:05.721977953,99.5,147.0,sell
2024-05-06 09:31:07.362982885,99.68,90.0,buy
2024-05-06 09:31:07.508013532,99.62,94.0,sell
2024-05-06 09:31:07.851843172,99.74,105.0,sell
2024-05-06 09:31:08.030808402,99.84,130.0,sell
2024-05-06 09:31:08.198433240,99.84,70.0,buy
2024-05-06 09:31:08.217225479,99.81,120.0,buy
2024-05-06 09:31:08.687471515,100.03,121.0,sell
2024-05-06 09:31:09.036731331,99.96,51.0,buy
2024-05-06 09:31:09.063156875,100.04,141.0,sell
2024-05-06 09:31:09.226469835,100.12,60.0,buy
2024-05-06 09:31:10.420900311,100.26,98.0,sell
2024-05-06 09:31:10.557830587,100.2,156.0,sell
2024-05-06 09:31:10.636096017,100.3,102.0,buy
2024-05-06 09:31:10.972232072,100.36,79.0,sell
2024-05-06 09:31:13.094250563,100.2,104.0,sell
2024-05-06 09:31:13.232822970,100.07,94.0,sell
2024-05-06 09:31:13.790400475,100.09,150.0,buy
2024-05-06 09:31:14.507344288,99.97,112.0,sell
2024-05-06 09:31:14.643010875,100.03,156.0,sell
2024-05-06 09:31:15.294385339,100.09,95.0,buy
2024-05-06 09:31:15.523646737,100.11,68.0,sell
2024-05-06 09:31:16.023898612,99.97,83.0,sell
2024-05-06 09:31:16.525817526,99.95,103.0,sell
2024-05-06 09:31:16.909510151,100.08,148.0,buy
2024-05-06 09:31:16.956824730,100.04,76.0,sell
2024-05-06 09:31:17.858647127,100.11,73.0,buy
2024-05-06 09:31:18.052052274,100.15,104.0,sell
2024-05-06 09:31:18.155268328,100.08,72.0,buy
2024-05-06 09:31:18.176083207,100.2,157.0,buy
2024-05-06 09:31:18.622972410,100.25,192.0,buy
2024-05-06 09:31:19.188898277,100.21,142.0,sell
2024-05-06 09:31:19.197261751,100.25,208.0,sell
2024-05-06 09:31:19.556077043,100.08,47.0,buy
2024-05-06 09:31:19.684489116,100.16,128.0,buy
2024-05-06 09:31:20.202551287,100.0,148.0,sell
2024-05-06 09:31:20.298353398,99.75,62.0,buy
2024-05-06 09:31:20.885459662,99.92,70.0,buy
2024-05-06 09:31:21.129939012,99.94,70.0,sell
2024-05-06 09:31:22.510110921,100.1,90.0,buy
2024-05-06 09:31:22.584083128,100.16,89.0,sell
2024-05-06 09:31:22.792649345,100.21,82.0,sell
2024-05-06 09:31:22.852871488,100.29,75.0,sell
2024-05-06 09:31:24.145966686,100.14,78.0,buy
2024-05-06 09:31:25.195133540,100.0,77.0,buy
2024-05-06 09:31:25.344297225,99.9,99.0,sell
2024-05-06 09:31:25.883678595,99.96,145.0,sell
2024-05-06 09:31:26.733420631,99.92,104.0,buy
2024-05-06 09:31:27.138486811,100.02,185.0,sell
2024-05-06 09:31:27.515626516,100.12,79.0,sell
2024-05-06 09:31:27.654065039,100.18,90.0,buy
2024-05-06 09:31:27.702928109,100.26,137.0,buy
2024-05-06 09:31:28.840489722,100.24,113.0,buy
2024-05-06 09:31:29.993876936,100.44,114.0,sell
2024-05-06 09:31:30.495211895,100.25,107.0,sell
2024-05-06 09:31:30.702235150,100.4,141.0,buy
2024-05-06 09:31:30.917018958,100.37,76.0,sell
2024-05-06 09:31:31.564251673,100.2,46.0,sell
2024-05-06 09:31:32.701300348,100.43,163.0,sell
2024-05-06 09:31:33.791866632,100.56,76.0,sell
2024-05-06 09:31:34.548647728,100.55,76.0,buy
2024-05-06 09:31:35.062303075,100.48,99.0,buy
2024-05-06 09:31:35.106248938,100.43,59.0,buy
2024-05-06 09:31:35.194396046,100.18,105.0,buy
2024-05-06 09:31:36.338511296,100.1,141.0,sell
2024-05-06 09:31:36.804758269,99.95,47.0,sell
2024-05-06 09:31:36.809378072,100.01,110.0,buy
2024-05-06 09:31:36.862876523,100.14,128.0,sell
2024-05-06 09:31:37.407457716,100.12,167.0,sell
2024-05-06 09:31:37.409994935,100.1,136.0,sell
2024-05-06 09:31:37.497652843,100.19,61.0,buy
2024-05-06 09:31:37.895501766,100.0,120.0,sell
2024-05-06 09:31:38.484159409,99.98,91.0,sell
2024-05-06 09:31:39.011880150,100.2,146.0,buy
2024-05-06 09:31:39.138855084,100.17,73.0,sell
2024-05-06 09:31:39.761563728,100.19,130.0,sell
2024-05-06 09:31:39.896975608,100.13,113.0,buy
2024-05-06 09:31:40.093793062,100.0,191.0,sell
2024-05-06 09:31:40.779971838,99.88,73.0,sell
2024-05-06 09:31:41.304358745,99.86,57.0,sell
2024-05-06 09:31:42.250336783,99.81,84.0,buy
2024-05-06 09:31:42.786243428,99.7,99.0,sell
2024-05-06 09:31:43.206265581,99.93,54.0,sell
2024-05-06 09:31:43.255444112,99.9,85.0,sell
2024-05-06 09:31:43.484652265,99.98,184.0,sell
2024-05-06 09:31:43.638732339,100.08,160.0,sell
2024-05-06 09:31:43.778582441,100.22,115.0,buy
2024-05-06 09:31:45.584737144,100.11,69.0,sell
2024-05-06 09:31:45.834430893,100.1,91.0,buy
2024-05-06 09:31:46.947458498,99.91,84.0,buy
2024-05-06 09:31:47.446125691,100.05,112.0,sell
2024-05-06 09:31:48.238038318,100.05,133.0,buy
2024-05-06 09:31:48.587255980,100.06,132.0,buy
2024-05-06 09:31:49.017333931,100.04,84.0,sell
2024-05-06 09:31:49.356480648,100.12,144.0,buy
2024-05-06 09:31:49.465088095,100.1,60.0,sell
2024-05-06 09:31:50.105968997,100.0,74.0,buy
2024-05-06 09:31:50.270757681,99.99,84.0,buy
2024-05-06 09:31:50.283065922,100.05,54.0,sell
2024-05-06 09:31:50.801550315,99.93,60.0,buy
2024-05-06 09:31:50.899017100,100.15,121.0,sell
2024-05-06 09:31:52.309558674,100.15,45.0,sell
2024-05-06 09:31:53.848339880,100.22,73.0,sell
2024-05-06 09:31:55.080094822,99.99,107.0,buy
2024-05-06 09:31:55.311238521,99.94,100.0,buy
2024-05-06 09:31:55.319027178,100.0,53.0,buy
2024-05-06 09:31:56.636788907,100.03,132.0,sell
2024-05-06 09:31:56.916258045,99.98,92.0,sell
2024-05-06 09:31:58.616679053,99.91,71.0,sell
2024-05-06 09:32:00.273546792,99.86,87.0,sell
2024-05-06 09:32:01.232240300,99.88,91.0,sell
2024-05-06 09:32:01.406628334,99.82,54.0,buy
2024-05-06 09:32:01.649774300,99.88,123.0,buy
2024-05-06 09:32:02.602137627,99.88,90.0,buy
2024-05-06 09:32:02.792710742,99.88,100.0,buy
2024-05-06 09:32:02.885570050,99.86,85.0,sell
2024-05-06 09:32:03.292438546,99.86,85.0,sell
2024-05-06 09:32:04.668085282,99.78,81.0,sell
2024-05-06 09:32:05.263498081,99.73,51.0,buy
2024-05-06 09:32:05.685554249,99.67,84.0,buy
2024-05-06 09:32:05.736668348,99.55,135.0,buy
2024-05-06 09:32:06.213933705,99.47,87.0,sell
2024-05-06 09:32:08.519218579,99.43,115.0,sell
2024-05-06 09:32:08.594678873,99.31,322.0,buy
2024-05-06 09:32:08.959926535,99.34,176.0,sell
2024-05-06 09:32:10.009230854,99.22,141.0,buy
2024-05-06 09:32:10.684247978,99.52,72.0,sell
2024-05-06 09:32:11.281285191,99.55,128.0,sell
2024-05-06 09:32:11.887428969,99.63,101.0,sell
2024-05-06 09:32:12.110175140,99.75,96.0,buy
2024-05-06 09:32:12.283956182,99.71,86.0,buy
2024-05-06 09:32:13.112643436,99.94,117.0,buy
2024-05-06 09:32:13.943307535,100.11,109.0,sell
2024-05-06 09:32:14.952282559,100.1,118.0,buy
2024-05-06 09:32:16.174590540,100.16,195.0,buy
2024-05-06 09:32:16.532637159,100.0,94.0,buy
2024-05-06 09:32:16.880729347,100.05,39.0,sell
2024-05-06 09:32:17.681204313,99.88,65.0,sell
2024-05-06 09:32:18.206063851,99.73,109.0,buy
2024-05-06 09:32:18.811339175,99.78,100.0,buy
2024-05-06 09:32:19.605648913,99.69,94.0,buy
2024-05-06 09:32:20.709310651,99.69,214.0,buy
2024-05-06 09:32:20.915551854,99.65,124.0,buy
2024-05-06 09:32:21.151020249,99.62,118.0,sell
2024-05-06 09:32:21.200368268,99.79,113.0,sell
2024-05-06 09:32:21.632075282,99.92,115.0,sell
2024-05-06 09:32:21.650377334,99.78,172.0,sell
2024-05-06 09:32:21.963680808,99.66,109.0,buy
2024-05-06 09:32:22.354828101,99.82,107.0,buy
2024-05-06 09:32:22.523643431,99.87,129.0,buy
2024-05-06 09:32:22.970459696,99.87,85.0,buy
2024-05-06 09:32:22.985947227,99.86,95.0,sell
2024-05-06 09:32:23.004978977,99.69,122.0,buy
2024-05-06 09:32:23.869654661,99.62,80.0,buy
2024-05-06 09:32:24.092947173,99.65,53.0,sell
2024-05-06 09:32:24.160891694,99.78,111.0,sell
2024-05-06 09:32:24.530218488,99.79,121.0,buy
2024-05-06 09:32:25.265042457,99.88,194.0,sell
2024-05-06 09:32:25.386601460,99.86,37.0,sell
2024-05-06 09:32:25.874211270,99.96,117.0,sell
2024-05-06 09:32:25.918816784,99.96,87.0,sell
2024-05-06 09:32:25.945349332,99.76,88.0,buy
2024-05-06 09:32:26.324303802,99.7,57.0,buy
2024-05-06 09:32:26.713259024,99.6,60.0,sell
2024-05-06 09:32:27.220527748,99.69,123.0,sell
2024-05-06 09:32:27.868008029,99.45,105.0,sell
2024-05-06 09:32:29.729786534,99.54,90.0,buy
2024-05-06 09:32:30.092932093,99.5,190.0,buy
2024-05-06 09:32:30.287941950,99.35,96.0,buy
2024-05-06 09:32:31.080768940,99.37,122.0,sell
2024-05-06 09:32:31.238694673,99.35,58.0,sell
2024-05-06 09:32:31.527686388,99.4,99.0,buy
2024-05-06 09:32:31.568538973,99.5,132.0,sell
2024-05-06 09:32:31.581377777,99.68,221.0,sell
2024-05-06 09:32:33.225067739,99.89,56.0,sell
2024-05-06 09:32:34.128951560,99.88,98.0,sell
2024-05-06 09:32:34.724272927,99.98,248.0,sell
2024-05-06 09:32:34.987202749,99.79,59.0,buy
2024-05-06 09:32:35.082356017,99.79,113.0,buy
2024-05-06 09:32:35.167416388,99.8,84.0,sell
2024-05-06 09:32:35.311419382,100.03,56.0,buy
2024-05-06 09:32:35.709814706,100.01,106.0,buy
2024-05-06 09:32:36.336739350,99.97,50.0,buy
2024-05-06 09:32:36.876434525,100.09,63.0,sell
2024-05-06 09:32:37.040640656,100.23,159.0,buy
2024-05-06 09:32:38.589692405,100.26,207.0,buy
2024-05-06 09:32:39.259201108,100.33,168.0,sell
2024-05-06 09:32:39.663316348,100.4,75.0,buy
2024-05-06 09:32:40.136331585,100.43,94.0,buy
2024-05-06 09:32:40.408350517,100.43,108.0,buy
2024-05-06 09:32:40.550681163,100.42,33.0,sell
2024-05-06 09:32:40.770688228,100.45,70.0,sell
2024-05-06 09:32:41.479779152,100.55,86.0,buy
2024-05-06 09:32:41.487028192,100.55,78.0,sell
2024-05-06 09:32:41.548718388,100.66,68.0,buy
2024-05-06 09:32:41.572265576,100.67,68.0,buy
2024-05-06 09:32:41.593056302,100.63,196.0,buy
2024-05-06 09:32:42.560157819,100.72,53.0,buy
2024-05-06 09:32:43.168278125,100.89,41.0,sell
2024-05-06 09:32:43.489670422,101.0,162.0,sell
2024-05-06 09:32:43.541148881,100.82,68.0,sell
2024-05-06 09:32:43.879407864,101.0,83.0,sell
2024-05-06 09:32:44.200133030,101.07,107.0,buy
2024-05-06 09:32:44.295230387,101.15,202.0,sell
2024-05-06 09:32:44.579679952,101.08,177.0,sell
2024-05-06 09:32:44.833848260,101.13,164.0,buy
2024-05-06 09:32:45.312209476,100.98,107.0,sell
2024-05-06 09:32:45.816266744,101.08,57.0,sell
2024-05-06 09:32:45.839447906,101.22,94.0,buy
2024-05-06 09:32:46.074139909,101.23,86.0,sell
2024-05-06 09:32:46.565702406,101.17,67.0,sell
2024-05-06 09:32:46.915422132,101.24,83.0,buy
2024-05-06 09:32:47.886096859,101.22,112.0,sell
2024-05-06 09:32:48.423584241,101.41,68.0,buy
2024-05-06 09:32:48.512510675,101.29,53.0,buy
2024-05-06 09:32:48.549101893,101.36,52.0,buy
2024-05-06 09:32:49.063298967,101.17,63.0,sell
2024-05-06 09:32:49.076733503,101.11,75.0,buy
2024-05-06 09:32:49.517407191,101.06,193.0,buy
2024-05-06 09:32:50.926034920,101.08,146.0,sell
2024-05-06 09:32:51.354426143,101.11,93.0,buy
2024-05-06 09:32:51.600076489,101.19,170.0,sell
2024-05-06 09:32:52.115490068,101.2,110.0,buy
2024-05-06 09:32:52.421968055,100.98,127.0,sell
2024-05-06 09:32:52.816375235,101.07,139.0,sell
2024-05-06 09:32:54.235438808,101.11,41.0,sell
2024-05-06 09:32:54.479402572,101.12,66.0,sell
2024-05-06 09:32:56.103948503,101.18,101.0,sell
2024-05-06 09:32:57.282736594,101.12,105.0,buy
2024-05-06 09:32:57.391684725,101.22,85.0,sell
2024-05-06 09:32:57.427626803,101.33,87.0,sell
2024-05-06 09:32:57.480739470,101.21,190.0,sell
2024-05-06 09:32:57.489934414,101.2,77.0,sell
2024-05-06 09:32:57.539536920,101.35,82.0,buy
2024-05-06 09:32:58.113974356,101.23,97.0,sell
2024-05-06 09:32:58.150899170,101.48,129.0,buy
2024-05-06 09:32:58.342977764,101.52,89.0,buy
2024-05-06 09:32:59.274740784,101.65,63.0,sell
2024-05-06 09:32:59.286514286,101.54,72.0,sell
2024-05-06 09:33:00.128779539,101.41,88.0,buy
2024-05-06 09:33:00.294321272,101.41,119.0,sell
2024-05-06 09:33:00.357196332,101.47,104.0,sell
2024-05-06 09:33:00.953774036,101.24,55.0,buy
2024-05-06 09:33:01.449473624,101.28,90.0,buy
2024-05-06 09:33:02.499181532,101.27,146.0,sell
2024-05-06 09:33:03.163328321,101.37,169.0,sell
2024-05-06 09:33:03.976826224,101.51,45.0,buy
2024-05-06 09:33:04.142493155,101.59,181.0,buy
2024-05-06 09:33:04.240159803,101.68,62.0,sell
2024-05-06 09:33:04.934538001,101.87,108.0,sell
2024-05-06 09:33:05.756642593,101.71,130.0,buy
2024-05-06 09:33:08.085145038,101.78,53.0,sell
2024-05-06 09:33:08.351184715,101.87,78.0,buy
2024-05-06 09:33:08.583806671,101.98,166.0,sell
2024-05-06 09:33:09.332783922,102.14,69.0,buy
2024-05-06 09:33:09.541150758,102.09,76.0,sell
2024-05-06 09:33:10.876219720,102.12,111.0,buy
2024-05-06 09:33:11.853639299,102.09,156.0,buy
2024-05-06 09:33:12.133817103,102.17,158.0,sell
2024-05-06 09:33:12.828709462,102.18,89.0,sell
2024-05-06 09:33:13.531025955,102.09,123.0,buy
2024-05-06 09:33:13.585444715,102.01,99.0,sell
2024-05-06 09:33:14.749667555,102.09,70.0,sell
2024-05-06 09:33:15.101521300,102.15,51.0,sell
2024-05-06 09:33:15.977187579,102.2,83.0,sell
2024-05-06 09:33:16.170055292,102.01,73.0,sell
2024-05-06 09:33:17.299450549,101.95,164.0,buy
2024-05-06 09:33:17.545944776,101.83,45.0,sell
2024-05-06 09:33:17.551393179,101.88,100.0,buy
2024-05-06 09:33:18.730346828,101.76,87.0,buy
2024-05-06 09:33:18.778209633,101.67,94.0,sell
2024-05-06 09:33:18.970536450,101.6,86.0,sell
2024-05-06 09:33:20.469022641,101.5,154.0,buy
2024-05-06 09:33:21.972997411,101.45,55.0,buy
2024-05-06 09:33:22.398996057,101.56,50.0,sell
2024-05-06 09:33:22.898611097,101.46,227.0,sell
2024-05-06 09:33:23.196118429,101.57,105.0,sell
2024-05-06 09:33:23.369629818,101.61,108.0,sell
2024-05-06 09:33:23.568872986,101.55,123.0,sell
2024-05-06 09:33:24.127034775,101.74,237.0,buy
2024-05-06 09:33:24.824953712,101.67,211.0,buy
2024-05-06 09:33:25.609051420,101.78,56.0,sell
2024-05-06 09:33:26.388466936,101.68,200.0,sell
2024-05-06 09:33:26.436285410,101.52,180.0,buy
2024-05-06 09:33:26.777310208,101.47,98.0,buy
2024-05-06 09:33:26.806951061,101.54,227.0,buy
2024-05-06 09:33:27.205681719,101.54,70.0,buy
2024-05-06 09:33:27.496959357,101.5,65.0,sell
2024-05-06 09:33:28.590268689,101.54,94.0,buy
2024-05-06 09:33:28.806364498,101.56,171.0,buy
2024-05-06 09:33:28.868617487,101.73,103.0,buy
2024-05-06 09:33:28.945771314,101.83,102.0,buy
2024-05-06 09:33:29.662486588,101.77,67.0,buy
2024-05-06 09:33:30.143939428,101.8,83.0,buy
2024-05-06 09:33:30.197243784,101.85,132.0,buy
2024-05-06 09:33:30.241171545,101.85,216.0,sell
2024-05-06 09:33:30.844775781,101.91,150.0,buy
2024-05-06 09:33:30.882548825,101.94,91.0,sell
2024-05-06 09:33:31.745141752,101.89,95.0,sell
2024-05-06 09:33:32.357641629,102.01,125.0,sell
2024-05-06 09:33:32.400066004,102.02,83.0,sell
2024-05-06 09:33:32.444392938,102.16,180.0,sell
2024-05-06 09:33:34.602122219,102.09,187.0,buy
2024-05-06 09:33:34.836541010,102.21,238.0,buy
2024-05-06 09:33:35.068068641,102.06,105.0,buy
2024-05-06 09:33:35.905856342,102.07,53.0,sell
2024-05-06 09:33:37.376938611,102.16,48.0,sell
2024-05-06 09:33:39.511325581,102.14,87.0,sell
2024-05-06 09:33:40.211275196,102.18,166.0,buy
2024-05-06 09:33:40.447285696,102.27,98.0,sell
2024-05-06 09:33:40.490882693,102.27,201.0,buy
2024-05-06 09:33:41.241503963,102.22,76.0,buy
2024-05-06 09:33:41.650184167,102.22,69.0,buy
2024-05-06 09:33:41.926200729,102.22,168.0,sell
2024-05-06 09:33:43.110319567,102.17,152.0,sell
2024-05-06 09:33:43.169259671,102.12,137.0,buy
2024-05-06 09:33:43.508512226,102.12,119.0,sell
2024-05-06 09:33:43.514221520,102.08,69.0,buy
2024-05-06 09:33:43.830398705,102.07,128.0,sell
2024-05-06 09:33:43.859373921,102.12,307.0,buy
2024-05-06 09:33:43.922619419,102.16,79.0,sell
2024-05-06 09:33:43.985132535,102.23,61.0,buy
2024-05-06 09:33:44.508916728,102.26,137.0,sell
2024-05-06 09:33:45.194215587,102.07,151.0,buy
2024-05-06 09:33:45.631992475,102.27,60.0,sell
2024-05-06 09:33:47.269352580,102.27,94.0,buy
2024-05-06 09:33:47.504250869,102.33,108.0,sell
2024-05-06 09:33:47.672485448,102.39,87.0,sell
2024-05-06 09:33:48.687236717,102.21,130.0,sell
2024-05-06 09:33:48.813777751,102.2,207.0,buy
2024-05-06 09:33:50.465212804,102.26,79.0,sell
2024-05-06 09:33:50.471327276,102.38,165.0,buy
2024-05-06 09:33:52.222590737,102.4,79.0,sell
2024-05-06 09:33:52.244650237,102.45,188.0,buy
2024-05-06 09:33:53.353510851,102.71,84.0,sell
2024-05-06 09:33:53.728582476,102.49,97.0,buy
2024-05-06 09:33:56.206996780,102.41,71.0,buy
2024-05-06 09:33:56.245327468,102.35,48.0,sell
2024-05-06 09:33:56.648882300,102.42,171.0,sell
2024-05-06 09:33:58.390669911,102.53,267.0,buy
2024-05-06 09:33:58.760891877,102.39,135.0,sell
2024-05-06 09:33:59.257206023,102.48,100.0,buy
2024-05-06 09:33:59.852156642,102.61,106.0,buy
2024-05-06 09:34:00.155220519,102.62,103.0,buy
2024-05-06 09:34:00.649057606,102.46,105.0,buy
2024-05-06 09:34:01.087970537,102.43,108.0,buy
2024-05-06 09:34:02.245086922,102.56,119.0,sell
2024-05-06 09:34:02.268342653,102.53,221.0,sell
2024-05-06 09:34:02.433264015,102.51,143.0,buy
2024-05-06 09:34:03.935262018,102.52,75.0,buy
2024-05-06 09:34:05.040099933,102.38,105.0,buy
2024-05-06 09:34:05.344187564,102.22,106.0,buy
2024-05-06 09:34:05.828154078,102.38,116.0,sell
2024-05-06 09:34:05.990590788,102.46,112.0,buy
2024-05-06 09:34:06.094792869,102.56,42.0,buy
2024-05-06 09:34:06.406322168,102.65,93.0,buy
2024-05-06 09:34:06.624298935,102.44,63.0,sell
2024-05-06 09:34:07.062420788,102.32,20.0,sell
2024-05-06 09:34:07.102881931,102.15,168.0,buy
2024-05-06 09:34:08.935361992,102.21,104.0,buy
2024-05-06 09:34:11.077294780,102.17,70.0,sell
2024-05-06 09:34:11.676226721,102.26,104.0,sell
2024-05-06 09:34:12.060265938,102.32,121.0,buy
2024-05-06 09:34:12.245455589,102.37,98.0,buy
2024-05-06 09:34:13.085909172,102.39,88.0,buy
2024-05-06 09:34:13.663073964,102.42,128.0,buy
2024-05-06 09:34:13.751810791,102.42,93.0,sell
2024-05-06 09:34:14.960961337,102.34,101.0,sell
2024-05-06 09:34:15.825458593,102.19,106.0,buy
2024-05-06 09:34:17.321327855,102.08,101.0,sell
2024-05-06 09:34:17.968129857,102.09,84.0,sell
2024-05-06 09:34:18.443331867,102.22,241.0,sell
2024-05-06 09:34:18.714183121,102.24,161.0,sell
2024-05-06 09:34:20.063692301,102.14,111.0,buy
2024-05-06 09:34:21.068888491,102.21,124.0,buy
2024-05-06 09:34:21.092024961,102.27,150.0,buy
2024-05-06 09:34:21.105385369,102.12,65.0,buy
2024-05-06 09:34:21.341559250,102.12,101.0,buy
2024-05-06 09:34:22.173383111,102.21,80.0,buy
2024-05-06 09:34:24.355520846,102.11,64.0,sell
2024-05-06 09:34:24.437025600,101.97,182.0,sell
2024-05-06 09:34:24.887887666,101.9,68.0,buy
2024-05-06 09:34:25.127624515,101.93,131.0,buy
2024-05-06 09:34:26.879478793,102.05,103.0,sell
2024-05-06 09:34:27.802435396,101.96,95.0,buy
2024-05-06 09:34:28.713530420,101.79,101.0,sell
2024-05-06 09:34:29.029738205,101.95,125.0,buy
2024-05-06 09:34:29.297655673,101.94,118.0,buy
2024-05-06 09:34:29.457350119,101.86,72.0,buy
2024-05-06 09:34:29.486363601,101.86,91.0,buy
2024-05-06 09:34:30.486576671,101.99,149.0,buy
2024-05-06 09:34:31.324635391,101.97,126.0,sell
2024-05-06 09:34:35.410858190,101.92,73.0,buy
2024-05-06 09:34:38.258294890,101.81,173.0,sell
2024-05-06 09:34:38.663620687,101.79,80.0,buy
2024-05-06 09:34:39.396262232,101.81,120.0,buy
2024-05-06 09:34:40.844348073,101.75,99.0,sell
2024-05-06 09:34:41.791734080,101.74,113.0,sell
2024-05-06 09:34:41.933810303,101.78,68.0,buy
2024-05-06 09:34:42.233223716,101.96,81.0,buy
2024-05-06 09:34:42.302371889,101.88,81.0,buy
2024-05-06 09:34:43.842483782,102.01,123.0,sell
2024-05-06 09:34:44.308407633,101.88,93.0,sell
2024-05-06 09:34:44.438209496,101.84,125.0,sell
2024-05-06 09:34:44.995124265,101.6,87.0,buy
2024-05-06 09:34:45.476459483,101.59,115.0,sell
2024-05-06 09:34:45.698169714,101.6,109.0,sell
2024-05-06 09:34:45.758439275,101.59,61.0,buy
2024-05-06 09:34:46.315159916,101.64,174.0,sell
2024-05-06 09:34:46.682465128,101.7,150.0,buy
2024-05-06 09:34:47.422368669,101.72,53.0,buy
2024-05-06 09:34:47.789523599,101.69,47.0,buy
2024-05-06 09:34:48.745408655,101.71,116.0,buy
2024-05-06 09:34:49.146785714,101.79,61.0,sell
2024-05-06 09:34:49.558343005,101.71,112.0,buy
2024-05-06 09:34:50.604722326,101.7,118.0,buy
2024-05-06 09:34:50.863045983,101.59,66.0,buy
2024-05-06 09:34:50.934989961,101.44,276.0,buy
2024-05-06 09:34:50.949592472,101.33,55.0,sell
2024-05-06 09:34:51.653121198,101.44,166.0,buy
2024-05-06 09:34:52.137320682,101.54,125.0,sell
2024-05-06 09:34:52.746153356,101.53,146.0,buy
2024-05-06 09:34:52.865894102,101.42,44.0,buy
2024-05-06 09:34:52.939200378,101.44,116.0,buy
2024-05-06 09:34:52.946526116,101.46,69.0,buy
2024-05-06 09:34:53.162369747,101.41,112.0,sell
2024-05-06 09:34:53.608068435,101.3,67.0,buy
2024-05-06 09:34:53.857059368,101.25,140.0,sell
2024-05-06 09:34:54.144719150,101.37,60.0,buy
2024-05-06 09:34:55.317249911,101.3,46.0,buy
2024-05-06 09:34:55.531301219,101.3,166.0,buy
2024-05-06 09:34:55.892063733,101.57,112.0,sell
2024-05-06 09:34:56.657499601,101.47,132.0,buy
2024-05-06 09:34:56.910039667,101.66,202.0,sell
2024-05-06 09:34:57.396584905,101.67,64.0,buy
2024-05-06 09:34:58.388155227,101.62,101.0,buy
2024-05-06 09:34:59.881250434,101.61,135.0,sell
2024-05-06 09:34:59.960791374,101.64,133.0,buy
2024-05-06 09:35:01.266622756,101.78,111.0,sell
2024-05-06 09:35:01.605374146,101.88,85.0,buy
2024-05-06 09:35:01.754741873,101.99,54.0,buy
2024-05-06 09:35:02.062035357,101.95,80.0,buy
2024-05-06 09:35:04.018861906,101.97,115.0,sell
2024-05-06 09:35:04.358107552,102.0,73.0,sell
2024-05-06 09:35:04.557415568,102.03,178.0,buy
2024-05-06 09:35:05.059158705,101.86,108.0,buy
2024-05-06 09:35:05.196472939,101.8,111.0,buy
2024-05-06 09:35:05.235920591,101.75,136.0,buy
2024-05-06 09:35:05.304908201,101.83,72.0,buy
2024-05-06 09:35:05.373417413,101.94,117.0,sell
2024-05-06 09:35:05.455797364,101.91,105.0,sell
2024-05-06 09:35:05.530527396,101.96,110.0,buy
2024-05-06 09:35:06.042569423,102.1,133.0,buy
2024-05-06 09:35:06.142942601,102.18,112.0,sell
2024-05-06 09:35:06.355012259,102.13,91.0,sell
2024-05-06 09:35:07.490499322,102.05,70.0,buy
2024-05-06 09:35:07.811689892,102.0,120.0,buy
2024-05-06 09:35:08.362334434,102.02,64.0,sell
2024-05-06 09:35:08.456898693,101.98,167.0,sell
2024-05-06 09:35:08.563674183,101.85,125.0,buy
2024-05-06 09:35:08.584537790,101.9,204.0,sell
2024-05-06 09:35:08.677061462,102.02,147.0,buy
2024-05-06 09:35:08.840335521,102.14,198.0,buy
2024-05-06 09:35:08.937741430,102.24,162.0,buy
2024-05-06 09:35:08.984184384,102.2,67.0,sell
2024-05-06 09:35:09.048462490,102.2,103.0,buy
2024-05-06 09:35:09.357277162,102.31,77.0,buy
2024-05-06 09:35:09.472823265,102.41,184.0,buy
2024-05-06 09:35:09.699313823,102.49,232.0,sell
2024-05-06 09:35:10.049316415,102.49,100.0,buy
2024-05-06 09:35:10.635545132,102.57,81.0,buy
2024-05-06 09:35:10.655597997,102.75,80.0,sell
2024-05-06 09:35:11.458845119,102.8,129.0,sell
2024-05-06 09:35:11.953141965,103.03,79.0,buy
2024-05-06 09:35:11.995789680,102.96,76.0,sell
2024-05-06 09:35:13.029857029,102.9,81.0,sell
2024-05-06 09:35:14.298203802,102.68,79.0,buy
2024-05-06 09:35:14.329715216,102.66,70.0,sell
2024-05-06 09:35:14.491803638,102.64,104.0,buy
2024-05-06 09:35:15.312271229,102.81,79.0,buy
2024-05-06 09:35:16.001949849,102.72,102.0,sell
2024-05-06 09:35:16.103939665,102.69,196.0,buy
2024-05-06 09:35:16.221389181,102.74,78.0,buy
2024-05-06 09:35:16.452781736,102.68,110.0,buy
2024-05-06 09:35:16.784113018,102.81,53.0,sell
2024-05-06 09:35:17.265613935,102.82,138.0,sell
2024-05-06 09:35:17.495770217,102.85,173.0,buy
2024-05-06 09:35:17.806215771,102.77,107.0,buy
2024-05-06 09:35:18.494330242,102.85,144.0,buy
2024-05-06 09:35:18.513016718,102.92,64.0,buy
2024-05-06 09:35:18.658485029,102.83,103.0,sell
2024-05-06 09:35:19.283230966,102.67,101.0,sell
2024-05-06 09:35:20.411114343,102.54,116.0,buy
2024-05-06 09:35:20.769503899,102.34,135.0,sell
2024-05-06 09:35:21.149268651,102.42,127.0,buy
2024-05-06 09:35:21.205949320,102.35,176.0,buy
2024-05-06 09:35:21.502520943,102.16,119.0,sell
2024-05-06 09:35:21.882824342,101.88,90.0,sell
2024-05-06 09:35:22.021670744,101.92,41.0,buy
2024-05-06 09:35:22.178508050,101.65,119.0,sell
2024-05-06 09:35:22.415340542,101.6,89.0,buy
2024-05-06 09:35:22.425478223,101.44,61.0,sell
2024-05-06 09:35:22.619840603,101.22,101.0,buy
2024-05-06 09:35:22.738619071,101.12,136.0,buy
2024-05-06 09:35:22.936993686,101.1,171.0,buy
2024-05-06 09:35:23.000775238,101.2,107.0,sell
2024-05-06 09:35:24.106815188,101.23,107.0,buy
2024-05-06 09:35:24.557014595,101.39,85.0,buy
2024-05-06 09:35:25.125331073,101.33,120.0,buy
2024-05-06 09:35:25.903685590,101.16,129.0,sell
2024-05-06 09:35:26.248703801,101.32,101.0,buy
2024-05-06 09:35:26.294169848,101.51,100.0,buy
2024-05-06 09:35:26.679299030,101.6,92.0,buy
2024-05-06 09:35:27.121260559,101.55,100.0,sell
2024-05-06 09:35:27.805368883,101.59,51.0,buy
2024-05-06 09:35:28.087886208,101.49,145.0,buy
2024-05-06 09:35:28.156128541,101.61,144.0,buy
2024-05-06 09:35:28.323009631,101.44,86.0,buy
2024-05-06 09:35:28.548567044,101.38,205.0,buy
2024-05-06 09:35:29.067679350,101.34,111.0,buy
2024-05-06 09:35:29.490570211,101.39,68.0,buy
2024-05-06 09:35:29.710673590,101.31,54.0,sell
2024-05-06 09:35:31.863771476,101.43,123.0,sell
2024-05-06 09:35:32.329187981,101.43,101.0,buy
2024-05-06 09:35:32.464585245,101.49,62.0,sell
2024-05-06 09:35:32.518256747,101.59,63.0,sell
2024-05-06 09:35:32.601200894,101.36,88.0,buy
2024-05-06 09:35:32.742354318,101.26,138.0,buy
2024-05-06 09:35:32.829936756,101.1,100.0,buy
2024-05-06 09:35:32.933182629,101.23,127.0,sell
2024-05-06 09:35:33.100985553,101.31,75.0,sell
2024-05-06 09:35:33.196186769,101.45,84.0,buy
2024-05-06 09:35:34.331562494,101.32,183.0,buy
2024-05-06 09:35:34.373380350,101.39,135.0,sell
2024-05-06 09:35:34.745086526,101.2,96.0,buy
2024-05-06 09:35:35.009239304,101.18,52.0,sell
2024-05-06 09:35:37.028560387,101.12,83.0,sell
2024-05-06 09:35:37.087974060,101.2,102.0,sell
2024-05-06 09:35:37.341603056,101.27,243.0,sell
2024-05-06 09:35:39.086132889,101.17,80.0,buy
2024-05-06 09:35:40.089254920,101.17,92.0,buy
2024-05-06 09:35:40.938586437,101.15,116.0,sell
2024-05-06 09:35:41.087723978,101.16,85.0,buy
2024-05-06 09:35:41.181423745,101.11,36.0,sell
2024-05-06 09:35:41.733703544,101.1,133.0,buy
2024-05-06 09:35:43.058896092,101.13,129.0,buy
2024-05-06 09:35:43.465721302,101.1,87.0,sell
2024-05-06 09:35:43.889585083,101.12,45.0,sell
2024-05-06 09:35:44.053822599,101.13,69.0,sell
2024-05-06 09:35:44.787559478,101.13,130.0,sell
2024-05-06 09:35:44.891098469,101.06,94.0,sell
2024-05-06 09:35:45.086642375,100.93,126.0,sell
2024-05-06 09:35:45.363714650,100.85,252.0,sell
2024-05-06 09:35:45.717957132,100.79,165.0,sell
2024-05-06 09:35:45.856763424,100.73,39.0,sell
2024-05-06 09:35:45.917755060,100.72,99.0,sell
2024-05-06 09:35:46.389354888,100.77,72.0,buy
2024-05-06 09:35:46.559636573,100.83,114.0,buy
2024-05-06 09:35:46.994863107,100.91,85.0,sell
2024-05-06 09:35:47.078695483,100.92,161.0,sell
2024-05-06 09:35:47.406756172,100.74,105.0,buy
2024-05-06 09:35:47.787029796,100.99,83.0,sell
2024-05-06 09:35:47.813637122,100.89,73.0,buy
2024-05-06 09:35:48.018828923,100.82,108.0,buy
2024-05-06 09:35:48.091003586,100.83,218.0,buy
2024-05-06 09:35:48.123739715,100.81,75.0,sell
2024-05-06 09:35:50.424340371,100.83,119.0,buy
2024-05-06 09:35:50.618905382,100.83,135.0,buy
2024-05-06 09:35:51.448940689,100.97,227.0,sell
2024-05-06 09:35:51.595885106,101.01,86.0,sell
2024-05-06 09:35:52.167955782,101.04,122.0,buy
2024-05-06 09:35:52.881988893,101.05,244.0,buy
2024-05-06 09:35:53.334712190,101.05,143.0,sell
2024-05-06 09:35:53.653640512,100.81,113.0,buy
2024-05-06 09:35:53.919019419,100.82,106.0,buy
2024-05-06 09:35:54.133541070,100.89,144.0,sell
2024-05-06 09:35:55.459819094,101.0,106.0,sell
2024-05-06 09:35:56.347622630,100.91,91.0,sell
2024-05-06 09:35:58.024210824,100.94,94.0,buy
2024-05-06 09:35:58.090575095,100.85,121.0,sell
2024-05-06 09:35:58.746850777,101.01,167.0,buy
2024-05-06 09:36:00.139914410,100.97,110.0,buy
2024-05-06 09:36:00.239892315,101.0,133.0,buy
2024-05-06 09:36:00.274297473,101.01,101.0,buy
2024-05-06 09:36:00.949994050,100.99,179.0,sell
2024-05-06 09:36:01.377207622,101.18,100.0,sell
2024-05-06 09:36:02.299246193,101.12,113.0,sell
2024-05-06 09:36:02.374525316,100.99,139.0,sell
2024-05-06 09:36:03.167550371,100.85,174.0,buy
2024-05-06 09:36:03.280140258,100.92,77.0,sell
2024-05-06 09:36:03.369497857,101.02,133.0,sell
2024-05-06 09:36:03.459220186,101.14,76.0,sell
2024-05-06 09:36:04.301771827,101.03,101.0,buy
2024-05-06 09:36:04.848878646,101.01,76.0,sell
2024-05-06 09:36:05.219066625,100.79,55.0,sell
2024-05-06 09:36:05.441297325,100.72,168.0,sell
2024-05-06 09:36:06.489898659,100.86,71.0,sell
2024-05-06 09:36:06.739055034,100.87,127.0,sell
2024-05-06 09:36:07.587096365,100.83,104.0,sell
2024-05-06 09:36:07.876233806,100.86,100.0,buy
2024-05-06 09:36:08.112793589,101.07,136.0,sell
2024-05-06 09:36:08.423374119,101.13,116.0,buy
2024-05-06 09:36:08.602696757,101.07,236.0,sell
2024-05-06 09:36:09.291085413,101.06,87.0,sell
2024-05-06 09:36:09.640386821,101.06,170.0,sell
2024-05-06 09:36:09.772508086,101.09,43.0,sell
2024-05-06 09:36:10.921678011,101.05,109.0,sell
2024-05-06 09:36:11.163843882,100.89,117.0,sell
2024-05-06 09:36:11.555985073,100.8,128.0,buy
2024-05-06 09:36:12.740732878,100.89,99.0,sell
2024-05-06 09:36:13.230132530,100.92,71.0,sell
2024-05-06 09:36:13.292289838,101.23,180.0,buy
2024-05-06 09:36:14.697598180,101.27,78.0,buy
2024-05-06 09:36:15.191636644,101.34,207.0,buy
2024-05-06 09:36:15.395549802,101.43,56.0,sell
2024-05-06 09:36:15.470538212,101.53,134.0,buy
2024-05-06 09:36:16.260538910,101.54,118.0,sell
2024-05-06 09:36:16.744426664,101.62,120.0,sell
2024-05-06 09:36:17.125633592,101.51,67.0,buy
2024-05-06 09:36:18.247285258,101.49,80.0,buy
2024-05-06 09:36:19.024280265,101.46,111.0,buy
2024-05-06 09:36:19.106525925,101.5,113.0,buy
2024-05-06 09:36:19.293307201,101.44,169.0,sell
2024-05-06 09:36:19.436142010,101.48,129.0,sell
2024-05-06 09:36:20.117326041,101.34,69.0,buy
2024-05-06 09:36:20.134379811,101.26,63.0,sell
2024-05-06 09:36:20.556236589,101.33,89.0,buy
2024-05-06 09:36:21.274943447,101.4,122.0,sell
2024-05-06 09:36:22.321777119,101.38,91.0,buy
2024-05-06 09:36:22.531114416,101.63,85.0,buy
2024-05-06 09:36:23.392018398,101.49,97.0,buy
2024-05-06 09:36:23.450640340,101.42,208.0,buy
2024-05-06 09:36:24.387512319,101.31,61.0,sell
2024-05-06 09:36:24.455702134,101.41,85.0,sell
2024-05-06 09:36:24.708859450,101.31,88.0,sell
2024-05-06 09:36:25.506862131,101.14,128.0,buy
2024-05-06 09:36:25.588073026,101.06,87.0,sell
2024-05-06 09:36:25.718269538,101.08,69.0,buy
2024-05-06 09:36:26.358791086,101.14,156.0,sell
2024-05-06 09:36:26.995339172,101.17,62.0,sell
2024-05-06 09:36:27.507761276,101.13,163.0,sell
2024-05-06 09:36:28.099762131,101.22,81.0,buy
2024-05-06 09:36:28.490996682,101.14,168.0,sell
2024-05-06 09:36:28.636038531,101.32,48.0,sell
2024-05-06 09:36:28.848130128,101.22,73.0,sell
2024-05-06 09:36:28.948330766,101.29,59.0,sell
2024-05-06 09:36:30.143768835,101.39,97.0,sell
2024-05-06 09:36:30.581573363,101.42,120.0,sell
2024-05-06 09:36:30.837696192,101.31,236.0,sell
2024-05-06 09:36:31.147649946,101.29,56.0,sell
2024-05-06 09:36:32.619061814,101.19,67.0,buy
2024-05-06 09:36:32.702296589,101.04,132.0,buy
2024-05-06 09:36:33.143518894,100.99,247.0,sell
2024-05-06 09:36:33.496016114,100.93,130.0,buy
2024-05-06 09:36:33.968688273,101.12,75.0,sell
2024-05-06 09:36:33.977826363,101.19,69.0,sell
2024-05-06 09:36:35.006173124,101.06,173.0,sell
2024-05-06 09:36:36.351167393,100.95,36.0,sell
2024-05-06 09:36:36.767525125,100.89,96.0,sell
2024-05-06 09:36:37.363960495,100.93,133.0,buy
2024-05-06 09:36:38.642695174,100.96,97.0,sell
2024-05-06 09:36:39.256893900,100.79,93.0,buy
2024-05-06 09:36:39.339649155,100.74,149.0,sell
2024-05-06 09:36:39.769000230,100.73,70.0,buy
2024-05-06 09:36:40.235610659,100.78,207.0,buy
2024-05-06 09:36:40.511547910,100.79,131.0,sell
2024-05-06 09:36:41.178293063,100.74,73.0,sell
2024-05-06 09:36:42.540131505,100.54,105.0,buy
2024-05-06 09:36:43.839069612,100.71,124.0,sell
2024-05-06 09:36:44.138751760,100.53,97.0,sell
2024-05-06 09:36:44.198841112,100.47,143.0,sell
2024-05-06 09:36:46.293428107,100.52,65.0,sell
2024-05-06 09:36:47.206287162,100.32,112.0,buy
2024-05-06 09:36:47.272860142,100.45,77.0,buy
2024-05-06 09:36:48.541014113,100.5,107.0,buy
2024-05-06 09:36:49.560726078,100.54,76.0,sell
2024-05-06 09:36:49.926501771,100.57,38.0,buy
2024-05-06 09:36:50.373858665,100.55,138.0,sell
2024-05-06 09:36:50.628441086,100.54,136.0,sell
2024-05-06 09:36:50.656600161,100.37,208.0,sell
2024-05-06 09:36:50.860732604,100.39,134.0,sell
2024-05-06 09:36:51.672636560,100.26,80.0,sell
2024-05-06 09:36:51.674957952,100.23,126.0,buy
2024-05-06 09:36:51.877814900,100.3,104.0,sell
2024-05-06 09:36:52.131703947,100.23,165.0,buy
2024-05-06 09:36:52.517145459,100.18,95.0,sell
2024-05-06 09:36:53.779108198,100.35,104.0,buy
2024-05-06 09:36:53.991696753,100.47,128.0,buy
2024-05-06 09:36:54.204749996,100.62,60.0,sell
2024-05-06 09:36:54.873504472,100.76,47.0,buy
2024-05-06 09:36:55.174443359,100.56,182.0,sell
2024-05-06 09:36:55.301634596,100.48,142.0,sell
2024-05-06 09:36:55.602775771,100.42,93.0,buy
2024-05-06 09:36:55.678685732,100.53,73.0,buy
2024-05-06 09:36:55.775712983,100.44,46.0,buy
2024-05-06 09:36:56.120657005,100.48,121.0,buy
2024-05-06 09:36:56.392095113,100.46,64.0,sell
2024-05-06 09:36:57.623741481,100.48,80.0,sell
2024-05-06 09:36:57.848758772,100.5,57.0,buy
2024-05-06 09:36:58.283209964,100.36,90.0,buy
2024-05-06 09:36:58.783405350,100.35,63.0,buy
2024-05-06 09:36:58.789995823,100.27,127.0,buy
2024-05-06 09:36:59.334629921,100.25,159.0,sell
2024-05-06 09:36:59.432659241,100.29,199.0,buy
2024-05-06 09:37:01.055658377,100.38,138.0,buy
2024-05-06 09:37:01.136131830,100.49,122.0,buy
2024-05-06 09:37:01.403882387,100.47,206.0,sell
2024-05-06 09:37:01.448489106,100.34,70.0,buy
2024-05-06 09:37:04.332529913,100.37,61.0,buy
2024-05-06 09:37:04.681303346,100.44,73.0,buy
2024-05-06 09:37:05.133713008,100.45,149.0,buy
2024-05-06 09:37:05.168429033,100.37,98.0,sell
2024-05-06 09:37:05.861497161,100.41,132.0,sell
2024-05-06 09:37:05.979298580,100.45,126.0,sell
2024-05-06 09:37:07.120956009,100.47,255.0,buy
2024-05-06 09:37:07.235750423,100.41,135.0,buy
2024-05-06 09:37:07.341535638,100.37,211.0,buy
2024-05-06 09:37:07.360152809,100.58,126.0,buy
2024-05-06 09:37:07.679545705,100.57,76.0,buy
2024-05-06 09:37:08.095567757,100.62,143.0,buy
2024-05-06 09:37:08.129551226,100.58,114.0,sell
2024-05-06 09:37:08.876552524,100.62,75.0,buy
2024-05-06 09:37:09.178469849,100.72,93.0,buy
2024-05-06 09:37:09.550048676,100.71,72.0,sell
2024-05-06 09:37:09.840639412,100.76,183.0,buy
2024-05-06 09:37:10.096688513,100.9,161.0,sell
2024-05-06 09:37:10.506770241,101.05,53.0,buy
2024-05-06 09:37:10.591121745,101.17,63.0,sell
2024-05-06 09:37:10.691524288,101.2,127.0,sell
2024-05-06 09:37:11.680998952,101.1,42.0,buy
2024-05-06 09:37:13.141454807,101.07,71.0,sell
2024-05-06 09:37:13.375105900,101.09,66.0,buy
2024-05-06 09:37:13.532971583,101.34,196.0,sell
2024-05-06 09:37:14.049383216,101.37,65.0,sell
2024-05-06 09:37:14.312128000,101.22,180.0,sell
2024-05-06 09:37:14.324985074,101.04,74.0,sell
2024-05-06 09:37:14.409876876,101.04,71.0,sell
2024-05-06 09:37:15.039218506,101.05,52.0,sell
2024-05-06 09:37:15.577043397,101.03,138.0,sell
2024-05-06 09:37:15.590778326,101.06,110.0,buy
2024-05-06 09:37:15.716274813,101.2,126.0,buy
2024-05-06 09:37:15.847655602,101.1,125.0,sell
2024-05-06 09:37:16.404862964,101.07,202.0,buy
2024-05-06 09:37:16.414816654,100.92,46.0,sell
2024-05-06 09:37:16.469784683,100.85,171.0,buy
2024-05-06 09:37:17.274293897,100.89,89.0,buy
2024-05-06 09:37:17.372632752,100.78,60.0,buy
2024-05-06 09:37:17.901482296,100.76,89.0,buy
2024-05-06 09:37:18.037506607,100.89,69.0,sell
2024-05-06 09:37:18.089876624,100.98,164.0,buy
2024-05-06 09:37:18.229186382,100.95,61.0,buy
2024-05-06 09:37:18.869733789,100.9,198.0,sell
2024-05-06 09:37:19.837651958,100.82,153.0,sell
2024-05-06 09:37:20.724277458,100.89,138.0,buy
2024-05-06 09:37:20.977348702,101.08,78.0,buy
2024-05-06 09:37:21.528787091,101.11,58.0,buy
2024-05-06 09:37:21.643483797,101.13,121.0,sell
2024-05-06 09:37:21.816950591,101.18,91.0,sell
2024-05-06 09:37:22.950249905,101.3,60.0,sell
2024-05-06 09:37:22.956793500,101.21,76.0,buy
2024-05-06 09:37:23.001487069,101.09,179.0,sell
2024-05-06 09:37:23.118012209,100.93,119.0,sell
2024-05-06 09:37:23.131457476,101.01,135.0,buy
2024-05-06 09:37:23.231558979,101.0,147.0,buy
2024-05-06 09:37:23.668943343,100.97,96.0,buy
2024-05-06 09:37:23.942536502,101.15,117.0,buy
2024-05-06 09:37:25.058468013,101.09,71.0,buy
2024-05-06 09:37:25.908815964,101.16,203.0,sell
2024-05-06 09:37:26.117952367,101.18,80.0,sell
2024-05-06 09:37:26.268115492,101.33,69.0,sell
2024-05-06 09:37:26.506885397,101.35,111.0,buy
2024-05-06 09:37:26.953044272,101.34,200.0,sell
2024-05-06 09:37:27.109075127,101.42,76.0,buy
2024-05-06 09:37:27.598356250,101.48,184.0,sell
2024-05-06 09:37:27.861674269,101.42,113.0,sell
2024-05-06 09:37:28.263207953,101.39,90.0,sell
2024-05-06 09:37:28.549670650,101.51,50.0,sell
2024-05-06 09:37:28.724070638,101.45,89.0,sell
2024-05-06 09:37:30.206704248,101.36,106.0,buy
2024-05-06 09:37:30.927831500,101.31,80.0,sell
2024-05-06 09:37:31.003308749,101.52,84.0,sell
2024-05-06 09:37:32.017561213,101.44,152.0,buy
2024-05-06 09:37:32.351721378,101.36,52.0,sell
2024-05-06 09:37:33.476491123,101.43,103.0,sell
2024-05-06 09:37:34.280848350,101.65,108.0,buy
2024-05-06 09:37:34.557726660,101.7,67.0,sell
2024-05-06 09:37:34.569089454,101.76,165.0,sell
2024-05-06 09:37:34.725539728,101.8,70.0,buy
2024-05-06 09:37:35.115583606,101.71,98.0,sell
2024-05-06 09:37:35.617432272,101.72,79.0,buy
2024-05-06 09:37:35.766559612,101.73,93.0,buy
2024-05-06 09:37:35.841596821,101.65,43.0,buy
2024-05-06 09:37:36.742290365,101.75,121.0,sell
2024-05-06 09:37:38.822602447,101.89,134.0,sell
2024-05-06 09:37:39.195549720,101.88,106.0,sell
2024-05-06 09:37:39.289727152,102.11,102.0,sell
2024-05-06 09:37:39.448665388,102.09,48.0,buy
2024-05-06 09:37:39.457946332,102.21,96.0,sell
2024-05-06 09:37:40.686390595,102.26,71.0,sell
2024-05-06 09:37:40.749031117,102.33,151.0,sell
2024-05-06 09:37:41.178651452,102.22,71.0,sell
2024-05-06 09:37:41.338792116,102.29,154.0,buy
2024-05-06 09:37:41.742709874,102.09,68.0,buy
2024-05-06 09:37:42.269654191,101.95,82.0,sell
2024-05-06 09:37:43.154873787,102.2,77.0,buy
2024-05-06 09:37:43.270475051,102.36,101.0,buy
2024-05-06 09:37:43.276003416,102.44,138.0,buy
2024-05-06 09:37:43.349607451,102.34,69.0,buy
2024-05-06 09:37:44.500993215,102.28,107.0,buy
2024-05-06 09:37:45.536293891,102.28,61.0,sell
2024-05-06 09:37:45.991216046,102.25,73.0,sell
2024-05-06 09:37:46.450007906,102.12,63.0,sell
2024-05-06 09:37:46.996875020,102.22,171.0,buy
2024-05-06 09:37:47.093286035,102.32,201.0,buy
2024-05-06 09:37:48.322390815,102.38,102.0,buy
2024-05-06 09:37:48.593695632,102.55,106.0,sell
2024-05-06 09:37:48.835251032,102.64,143.0,sell
2024-05-06 09:37:49.201109498,102.63,67.0,sell
2024-05-06 09:37:49.225161830,102.5,55.0,buy
2024-05-06 09:37:49.316092683,102.5,111.0,buy
2024-05-06 09:37:49.985862228,102.34,161.0,buy
2024-05-06 09:37:50.029076366,102.35,97.0,sell
2024-05-06 09:37:50.491177475,102.37,72.0,buy
2024-05-06 09:37:50.631927492,102.44,66.0,buy
2024-05-06 09:37:50.878498621,102.58,51.0,sell
2024-05-06 09:37:51.048824717,102.67,136.0,sell
2024-05-06 09:37:51.268598956,102.5,170.0,sell
2024-05-06 09:37:51.903380949,102.65,86.0,sell
2024-05-06 09:37:52.079666719,102.7,75.0,sell
2024-05-06 09:37:52.497488484,102.67,58.0,sell
2024-05-06 09:37:52.820668377,102.54,109.0,sell
2024-05-06 09:37:53.365501339,102.48,80.0,buy
2024-05-06 09:37:54.746462163,102.13,97.0,buy
2024-05-06 09:37:55.405914798,102.25,120.0,sell
2024-05-06 09:37:55.526912605,102.2,160.0,sell
2024-05-06 09:37:55.542752444,102.11,90.0,buy
2024-05-06 09:37:55.694837095,102.12,163.0,sell
2024-05-06 09:37:56.146867421,102.11,142.0,sell
2024-05-06 09:37:56.173265060,102.15,52.0,buy
2024-05-06 09:37:56.516218038,102.3,47.0,buy
2024-05-06 09:37:56.970432458,102.35,114.0,buy
2024-05-06 09:37:57.173848397,102.34,59.0,buy
2024-05-06 09:37:57.910673377,102.49,90.0,sell
2024-05-06 09:37:57.967032834,102.37,101.0,buy
2024-05-06 09:37:58.006088087,102.37,149.0,buy
2024-05-06 09:37:58.657411792,102.29,117.0,buy
2024-05-06 09:37:58.999496906,102.45,78.0,sell
2024-05-06 09:37:59.582518233,102.61,112.0,buy
2024-05-06 09:37:59.867830233,102.53,93.0,buy
2024-05-06 09:38:00.009278360,102.52,145.0,buy
2024-05-06 09:38:00.864190209,102.64,84.0,buy
2024-05-06 09:38:01.667450991,102.58,57.0,buy
2024-05-06 09:38:02.260675400,102.52,92.0,sell
2024-05-06 09:38:02.419502209,102.55,96.0,sell
2024-05-06 09:38:02.865582648,102.49,77.0,buy
2024-05-06 09:38:03.089487636,102.5,89.0,buy
2024-05-06 09:38:03.137513003,102.44,45.0,sell
2024-05-06 09:38:04.383862925,102.45,61.0,buy
2024-05-06 09:38:04.457428150,102.35,151.0,buy
2024-05-06 09:38:05.957673476,102.41,100.0,buy
2024-05-06 09:38:06.252973983,102.29,165.0,buy
2024-05-06 09:38:06.355339124,102.27,157.0,sell
2024-05-06 09:38:06.745674047,102.49,27.0,sell
2024-05-06 09:38:07.777244944,102.58,198.0,sell
2024-05-06 09:38:08.436048833,102.71,128.0,buy
2024-05-06 09:38:09.257445745,102.67,68.0,sell
2024-05-06 09:38:09.795064604,102.76,139.0,buy
2024-05-06 09:38:10.384341522,102.76,62.0,buy
2024-05-06 09:38:11.330227516,102.69,118.0,sell
2024-05-06 09:38:11.473847274,102.8,152.0,sell
2024-05-06 09:38:11.809956107,102.72,85.0,sell
2024-05-06 09:38:11.934962671,102.76,77.0,sell
2024-05-06 09:38:14.132741880,102.82,76.0,buy
2024-05-06 09:38:15.574473774,102.9,160.0,buy
2024-05-06 09:38:15.594586324,102.84,83.0,sell
2024-05-06 09:38:16.205952106,102.92,131.0,sell
2024-05-06 09:38:17.502743885,103.03,65.0,buy
2024-05-06 09:38:17.602320297,103.04,69.0,sell
2024-05-06 09:38:18.021921756,102.89,155.0,buy
2024-05-06 09:38:19.257354388,102.89,138.0,buy
2024-05-06 09:38:19.274622150,103.07,54.0,sell
2024-05-06 09:38:19.872327379,103.33,95.0,buy
2024-05-06 09:38:20.048774861,103.27,60.0,buy
2024-05-06 09:38:21.339899197,103.49,67.0,buy
2024-05-06 09:38:23.111134158,103.46,92.0,sell
2024-05-06 09:38:24.554720999,103.48,118.0,buy
2024-05-06 09:38:24.876151701,103.59,142.0,sell
2024-05-06 09:38:25.866557055,103.68,233.0,sell
2024-05-06 09:38:26.797270691,103.71,116.0,sell
2024-05-06 09:38:26.989440952,103.87,98.0,buy
2024-05-06 09:38:27.872239723,104.0,98.0,sell
2024-05-06 09:38:27.891094620,104.01,63.0,sell
2024-05-06 09:38:28.344598940,103.92,61.0,buy
2024-05-06 09:38:28.475287061,103.99,131.0,buy
2024-05-06 09:38:28.539525945,104.05,121.0,buy
2024-05-06 09:38:28.579563616,104.12,95.0,buy
2024-05-06 09:38:29.175402591,104.01,105.0,buy
2024-05-06 09:38:29.383065598,104.04,97.0,buy
2024-05-06 09:38:30.028133816,104.02,159.0,buy
2024-05-06 09:38:30.061928784,104.02,124.0,sell
2024-05-06 09:38:30.251308975,104.09,150.0,buy
2024-05-06 09:38:30.639020732,104.24,137.0,sell
2024-05-06 09:38:31.421069399,104.29,76.0,sell
2024-05-06 09:38:31.612984202,104.07,134.0,sell
2024-05-06 09:38:32.104588745,104.28,107.0,buy
2024-05-06 09:38:33.190269575,104.25,151.0,sell
2024-05-06 09:38:33.668647829,104.16,142.0,sell
2024-05-06 09:38:33.801255651,104.26,84.0,sell
2024-05-06 09:38:33.813607358,104.2,95.0,buy
2024-05-06 09:38:34.834098201,104.19,168.0,sell
2024-05-06 09:38:34.844847633,104.14,109.0,buy
2024-05-06 09:38:35.883376516,104.12,95.0,buy
2024-05-06 09:38:36.259758376,104.14,131.0,buy
2024-05-06 09:38:37.658754298,104.25,95.0,buy
2024-05-06 09:38:38.460440559,104.33,92.0,sell
2024-05-06 09:38:41.551537765,104.19,161.0,buy
2024-05-06 09:38:41.767477073,104.12,123.0,buy
2024-05-06 09:38:42.496239703,104.17,49.0,sell
2024-05-06 09:38:42.753264204,104.24,75.0,sell
2024-05-06 09:38:43.080107856,104.07,128.0,sell
2024-05-06 09:38:43.573874310,103.99,47.0,buy
2024-05-06 09:38:44.608331342,104.12,124.0,buy
2024-05-06 09:38:46.678529861,104.18,139.0,sell
2024-05-06 09:38:47.409628416,104.26,132.0,buy
2024-05-06 09:38:47.680070512,104.17,155.0,buy
2024-05-06 09:38:47.953605300,104.23,129.0,sell
2024-05-06 09:38:48.622514188,104.22,57.0,buy
2024-05-06 09:38:48.758928748,104.26,123.0,sell
2024-05-06 09:38:48.817462083,104.28,99.0,buy
2024-05-06 09:38:49.036421749,104.37,134.0,buy
2024-05-06 09:38:49.205726302,104.27,108.0,buy
2024-05-06 09:38:49.381433647,104.31,100.0,buy
2024-05-06 09:38:49.514464229,104.13,48.0,buy
2024-05-06 09:38:49.535966621,104.26,120.0,sell
2024-05-06 09:38:49.544984422,104.25,94.0,buy
2024-05-06 09:38:51.744973411,104.21,92.0,sell
2024-05-06 09:38:52.024083285,104.18,88.0,sell
2024-05-06 09:38:52.266602649,104.0,84.0,buy
2024-05-06 09:38:52.835768973,104.16,151.0,buy
2024-05-06 09:38:52.958881601,104.2,138.0,buy
2024-05-06 09:38:54.456359728,104.16,128.0,buy
2024-05-06 09:38:55.228056119,104.14,125.0,buy
2024-05-06 09:38:55.274887938,104.25,107.0,sell
2024-05-06 09:38:55.545170325,104.3,115.0,buy
2024-05-06 09:38:56.601641805,104.18,94.0,buy
2024-05-06 09:38:58.049422607,104.23,81.0,sell
2024-05-06 09:38:58.364416328,104.03,76.0,buy
2024-05-06 09:38:58.839613415,104.05,77.0,sell
2024-05-06 09:38:58.930994609,104.11,74.0,sell
2024-05-06 09:39:01.295716952,104.1,86.0,sell
2024-05-06 09:39:01.427486035,104.13,80.0,sell
2024-05-06 09:39:02.857490700,104.0,201.0,buy
2024-05-06 09:39:03.381897230,104.09,123.0,sell
2024-05-06 09:39:03.849808342,104.09,103.0,sell
2024-05-06 09:39:04.209234218,103.89,87.0,sell
2024-05-06 09:39:04.340351732,103.93,48.0,sell
2024-05-06 09:39:04.437464617,104.13,149.0,buy
2024-05-06 09:39:04.562007066,104.09,42.0,sell
2024-05-06 09:39:04.665173798,104.18,98.0,sell
2024-05-06 09:39:05.421294177,104.15,167.0,sell
2024-05-06 09:39:05.636781997,104.16,51.0,buy
2024-05-06 09:39:05.666573502,104.27,173.0,sell
2024-05-06 09:39:07.405115610,104.22,156.0,sell
2024-05-06 09:39:08.481276095,104.23,99.0,sell
2024-05-06 09:39:09.795103372,104.25,89.0,sell
2024-05-06 09:39:12.435128256,104.16,168.0,sell
2024-05-06 09:39:12.530645104,104.12,103.0,sell
2024-05-06 09:39:12.782936032,104.21,100.0,sell
2024-05-06 09:39:13.492837770,104.13,132.0,buy
2024-05-06 09:39:14.088235471,104.07,214.0,buy
2024-05-06 09:39:14.171791913,104.06,129.0,sell
2024-05-06 09:39:15.017748415,104.23,128.0,sell
2024-05-06 09:39:15.144833748,104.3,113.0,buy
2024-05-06 09:39:15.271517625,104.4,94.0,sell
2024-05-06 09:39:15.656504118,104.36,153.0,buy
2024-05-06 09:39:16.105901380,104.26,117.0,buy
2024-05-06 09:39:16.539754302,104.23,62.0,sell
2024-05-06 09:39:16.587727254,104.07,108.0,sell
2024-05-06 09:39:17.637389660,104.07,52.0,sell
2024-05-06 09:39:17.791740408,104.22,68.0,buy
2024-05-06 09:39:17.861092739,104.32,172.0,buy
2024-05-06 09:39:18.959071788,104.33,95.0,sell
2024-05-06 09:39:20.516909965,104.47,164.0,sell
2024-05-06 09:39:21.507623357,104.35,92.0,buy
2024-05-06 09:39:22.336717092,104.35,94.0,sell
2024-05-06 09:39:22.869173342,104.36,161.0,buy
2024-05-06 09:39:23.269380733,104.27,74.0,sell
2024-05-06 09:39:23.314883181,104.4,83.0,sell
2024-05-06 09:39:23.577390431,104.57,88.0,sell
2024-05-06 09:39:23.810546471,104.61,72.0,buy
2024-05-06 09:39:23.960932682,104.72,139.0,sell
2024-05-06 09:39:24.603560472,104.56,84.0,sell
2024-05-06 09:39:24.946026714,104.57,131.0,sell
2024-05-06 09:39:24.988286438,104.64,66.0,sell
2024-05-06 09:39:25.112634569,104.72,104.0,buy
2024-05-06 09:39:25.687469632,104.59,61.0,buy
2024-05-06 09:39:25.727062052,104.78,125.0,sell
2024-05-06 09:39:26.679661364,104.72,67.0,buy
2024-05-06 09:39:27.021404886,104.72,64.0,buy
2024-05-06 09:39:27.348932455,104.55,52.0,sell
2024-05-06 09:39:27.797676493,104.55,108.0,sell
2024-05-06 09:39:28.668250450,104.62,109.0,buy
2024-05-06 09:39:28.881959517,104.72,95.0,buy
2024-05-06 09:39:29.448586466,104.59,86.0,sell
2024-05-06 09:39:29.865633136,104.45,92.0,sell
2024-05-06 09:39:30.020957209,104.33,37.0,sell
2024-05-06 09:39:31.075412927,104.33,189.0,buy
2024-05-06 09:39:31.873737993,104.36,72.0,sell
2024-05-06 09:39:32.410871278,104.45,130.0,buy
2024-05-06 09:39:33.361374137,104.48,86.0,sell
2024-05-06 09:39:34.371184457,104.54,53.0,sell
2024-05-06 09:39:34.987307117,104.56,70.0,buy
2024-05-06 09:39:35.894350542,104.68,51.0,buy
2024-05-06 09:39:36.492140374,104.53,69.0,sell
2024-05-06 09:39:37.062077520,104.55,101.0,sell
2024-05-06 09:39:37.544045730,104.3,136.0,buy
2024-05-06 09:39:38.242655926,104.07,80.0,sell
2024-05-06 09:39:38.329003013,103.93,110.0,sell
2024-05-06 09:39:39.392776172,104.06,115.0,buy
2024-05-06 09:39:40.420027834,104.06,114.0,buy
2024-05-06 09:39:40.434869589,103.92,131.0,sell
2024-05-06 09:39:41.308693277,104.02,56.0,sell
2024-05-06 09:39:41.377675231,104.22,127.0,buy
2024-05-06 09:39:41.581748722,104.13,79.0,sell
2024-05-06 09:39:42.262078124,104.15,207.0,buy
2024-05-06 09:39:42.349707341,104.03,70.0,sell
2024-05-06 09:39:43.201491052,103.98,87.0,sell
2024-05-06 09:39:44.093786201,103.79,237.0,buy
2024-05-06 09:39:44.447883854,103.86,127.0,sell
2024-05-06 09:39:44.451087028,103.84,77.0,sell
2024-05-06 09:39:44.620250699,103.87,120.0,buy
2024-05-06 09:39:45.100015446,103.85,59.0,sell
2024-05-06 09:39:47.086597180,103.85,77.0,sell
2024-05-06 09:39:47.586180055,103.87,166.0,buy
2024-05-06 09:39:47.736599903,104.01,113.0,sell
2024-05-06 09:39:48.239168667,104.11,160.0,sell
2024-05-06 09:39:48.627417171,104.15,50.0,buy
2024-05-06 09:39:49.384129786,103.93,121.0,buy
2024-05-06 09:39:49.440703295,103.89,183.0,sell
2024-05-06 09:39:50.156407535,103.92,98.0,buy
2024-05-06 09:39:50.546050544,104.0,60.0,buy
2024-05-06 09:39:52.194361183,103.84,169.0,buy
2024-05-06 09:39:52.403539228,103.78,71.0,sell
2024-05-06 09:39:52.904221077,103.78,59.0,buy
2024-05-06 09:39:54.248551565,103.73,64.0,buy
2024-05-06 09:39:54.302628064,103.78,195.0,sell
2024-05-06 09:39:55.686755027,103.79,64.0,sell
2024-05-06 09:39:56.268947969,103.84,109.0,buy
2024-05-06 09:39:56.304071794,103.91,241.0,sell
2024-05-06 09:39:56.483098002,103.96,165.0,buy
2024-05-06 09:39:57.098893500,103.75,85.0,sell
2024-05-06 09:39:57.133756462,103.71,146.0,sell
2024-05-06 09:39:57.570097328,103.68,89.0,sell
2024-05-06 09:39:57.782331894,103.81,136.0,buy
2024-05-06 09:39:58.267329989,103.81,111.0,buy
2024-05-06 09:39:58.290740609,103.66,80.0,sell
2024-05-06 09:39:59.316797031,103.75,105.0,sell
2024-05-06 09:40:01.131894219,103.56,53.0,sell
2024-05-06 09:40:02.866812051,103.69,196.0,buy
2024-05-06 09:40:03.559263379,103.83,129.0,buy
2024-05-06 09:40:03.628943979,103.89,116.0,sell
2024-05-06 09:40:04.338896844,103.76,100.0,buy
2024-05-06 09:40:04.351343955,103.71,145.0,buy
2024-05-06 09:40:04.362529929,103.62,142.0,buy
2024-05-06 09:40:04.558022814,103.56,70.0,buy
2024-05-06 09:40:04.893366652,103.6,161.0,buy
2024-05-06 09:40:05.629091113,103.48,77.0,buy
2024-05-06 09:40:06.203983977,103.5,100.0,sell
2024-05-06 09:40:06.499191470,103.49,87.0,buy
2024-05-06 09:40:06.659037052,103.5,73.0,sell
2024-05-06 09:40:09.584801432,103.52,141.0,sell
2024-05-06 09:40:09.862522327,103.57,100.0,buy
2024-05-06 09:40:10.162703352,103.86,80.0,buy
2024-05-06 09:40:10.252041748,103.92,158.0,buy
2024-05-06 09:40:11.043950098,103.8,124.0,buy
2024-05-06 09:40:11.635516217,103.89,202.0,sell
2024-05-06 09:40:11.760240482,103.81,93.0,buy
2024-05-06 09:40:11.803227010,103.88,121.0,buy
2024-05-06 09:40:12.373724921,103.85,78.0,buy
2024-05-06 09:40:12.905122468,103.93,120.0,sell
2024-05-06 09:40:13.064715392,103.76,63.0,buy
2024-05-06 09:40:14.571292596,103.76,96.0,buy
2024-05-06 09:40:14.653174737,103.66,163.0,buy
2024-05-06 09:40:14.936286473,103.68,183.0,buy
2024-05-06 09:40:16.374070690,103.59,149.0,buy
2024-05-06 09:40:16.646199261,103.6,154.0,buy
2024-05-06 09:40:17.154981770,103.29,118.0,buy
2024-05-06 09:40:17.408393922,103.27,146.0,sell
2024-05-06 09:40:17.568644787,103.17,112.0,buy
2024-05-06 09:40:19.635530051,103.22,172.0,buy
2024-05-06 09:40:19.898782339,103.06,61.0,buy
2024-05-06 09:40:21.021408592,103.06,306.0,buy
2024-05-06 09:40:21.152061499,103.16,75.0,buy
2024-05-06 09:40:21.271891539,102.96,103.0,sell
2024-05-06 09:40:21.287706064,102.97,78.0,sell
2024-05-06 09:40:21.815003993,102.74,126.0,buy
2024-05-06 09:40:22.044853520,102.71,123.0,sell
2024-05-06 09:40:23.043722550,102.73,123.0,sell
2024-05-06 09:40:23.364199107,102.68,29.0,buy
2024-05-06 09:40:25.088240278,102.59,44.0,sell
2024-05-06 09:40:25.190846367,102.39,78.0,buy
2024-05-06 09:40:26.205689119,102.54,88.0,sell
2024-05-06 09:40:26.955077772,102.58,129.0,sell
2024-05-06 09:40:27.691923794,102.61,62.0,buy
2024-05-06 09:40:28.623390099,102.45,85.0,sell
2024-05-06 09:40:29.339086155,102.46,57.0,buy
2024-05-06 09:40:29.831130531,102.31,183.0,sell
2024-05-06 09:40:29.901477523,102.1,162.0,sell
2024-05-06 09:40:29.918010980,102.08,87.0,sell
2024-05-06 09:40:31.186202631,102.17,135.0,sell
2024-05-06 09:40:31.665606476,102.25,83.0,buy
2024-05-06 09:40:32.461742745,102.08,53.0,buy
2024-05-06 09:40:32.790171925,101.99,86.0,sell
2024-05-06 09:40:32.852561507,102.08,86.0,sell
2024-05-06 09:40:32.919433382,101.98,74.0,sell
2024-05-06 09:40:33.497922790,101.84,102.0,buy
2024-05-06 09:40:33.779250649,101.94,80.0,sell
2024-05-06 09:40:33.891150487,101.91,119.0,sell
2024-05-06 09:40:34.229388494,101.82,207.0,buy
2024-05-06 09:40:34.262570019,101.71,221.0,sell
2024-05-06 09:40:34.698672735,101.73,107.0,sell
2024-05-06 09:40:34.855339133,101.91,117.0,buy
2024-05-06 09:40:35.653992779,102.03,159.0,sell
2024-05-06 09:40:35.839786977,102.06,134.0,buy
2024-05-06 09:40:36.143473732,101.94,49.0,buy
2024-05-06 09:40:36.149318025,102.1,130.0,buy
2024-05-06 09:40:36.186920636,102.18,104.0,sell
2024-05-06 09:40:36.436116884,102.06,78.0,buy
2024-05-06 09:40:36.763021309,101.99,101.0,buy
2024-05-06 09:40:37.221192361,102.09,72.0,sell
2024-05-06 09:40:37.393609718,102.17,105.0,sell
2024-05-06 09:40:37.987301775,102.04,120.0,sell
2024-05-06 09:40:38.970795527,102.09,113.0,sell
2024-05-06 09:40:39.727520847,102.08,134.0,buy
2024-05-06 09:40:39.747733355,102.1,84.0,sell
2024-05-06 09:40:40.075184276,101.96,61.0,buy
2024-05-06 09:40:40.130611051,101.92,88.0,sell
2024-05-06 09:40:40.269176693,102.01,89.0,sell
2024-05-06 09:40:42.427768020,101.93,107.0,buy
2024-05-06 09:40:42.504632471,101.9,183.0,sell
2024-05-06 09:40:42.850095449,101.91,74.0,sell
2024-05-06 09:40:43.331466667,101.82,135.0,sell
2024-05-06 09:40:43.937578324,101.99,104.0,sell
2024-05-06 09:40:44.347669536,102.04,134.0,sell
2024-05-06 09:40:44.352578984,102.09,185.0,buy
2024-05-06 09:40:44.550183902,102.06,90.0,buy
2024-05-06 09:40:44.914790449,101.85,89.0,sell
2024-05-06 09:40:44.960774907,101.8,194.0,buy
2024-05-06 09:40:45.176648853,101.84,209.0,buy
2024-05-06 09:40:45.193532276,101.81,137.0,buy
2024-05-06 09:40:45.234451121,101.99,140.0,sell
2024-05-06 09:40:45.487306547,101.91,172.0,sell
2024-05-06 09:40:45.558500800,101.99,54.0,sell
2024-05-06 09:40:45.977634502,102.06,128.0,buy
2024-05-06 09:40:46.562363784,102.0,142.0,buy
2024-05-06 09:40:47.368551643,101.94,70.0,sell
2024-05-06 09:40:47.480217330,102.08,154.0,buy
2024-05-06 09:40:47.571867898,102.1,36.0,sell
2024-05-06 09:40:47.627092307,102.07,88.0,buy
2024-05-06 09:40:48.132984364,101.99,74.0,sell
2024-05-06 09:40:48.745881834,102.29,54.0,buy
2024-05-06 09:40:48.761929707,102.41,113.0,buy
2024-05-06 09:40:50.138026734,102.22,94.0,sell
2024-05-06 09:40:50.164711977,102.05,109.0,buy
2024-05-06 09:40:50.554387421,102.03,155.0,buy
2024-05-06 09:40:51.171707423,102.03,120.0,buy
2024-05-06 09:40:52.195559200,102.16,194.0,sell
2024-05-06 09:40:52.821592936,102.16,98.0,sell
2024-05-06 09:40:53.630650872,102.24,117.0,buy
2024-05-06 09:40:53.837992247,102.29,59.0,buy
2024-05-06 09:40:54.681219532,102.49,115.0,sell
2024-05-06 09:40:54.722972756,102.34,132.0,sell
2024-05-06 09:40:55.848997916,102.24,100.0,buy
2024-05-06 09:40:56.245583757,102.21,159.0,sell
2024-05-06 09:40:57.095532562,102.15,96.0,sell
2024-05-06 09:40:57.396563048,102.03,126.0,buy
2024-05-06 09:40:57.912382549,101.88,127.0,buy
2024-05-06 09:40:58.286081456,101.83,44.0,buy
2024-05-06 09:40:58.943700373,101.87,98.0,buy
2024-05-06 09:40:58.986277823,101.86,73.0,sell
2024-05-06 09:40:59.017402839,101.83,73.0,buy
2024-05-06 09:40:59.159316418,101.68,108.0,sell
2024-05-06 09:40:59.246222161,101.64,32.0,sell
2024-05-06 09:41:00.273239940,101.69,75.0,sell
2024-05-06 09:41:00.396967019,101.81,133.0,sell
2024-05-06 09:41:02.259018423,101.46,90.0,sell
2024-05-06 09:41:02.464429985,101.2,100.0,sell
2024-05-06 09:41:02.564948537,101.31,156.0,buy
2024-05-06 09:41:03.344555086,101.18,49.0,sell
2024-05-06 09:41:03.882063189,101.17,148.0,buy
2024-05-06 09:41:04.226835743,101.23,113.0,buy
2024-05-06 09:41:04.632084893,101.24,115.0,buy
2024-05-06 09:41:05.267144363,101.17,104.0,sell
2024-05-06 09:41:05.396824336,101.13,58.0,buy
2024-05-06 09:41:08.201139952,101.24,58.0,buy
2024-05-06 09:41:10.041459941,101.12,67.0,buy
2024-05-06 09:41:10.566836486,101.1,71.0,sell
2024-05-06 09:41:10.678122375,101.06,142.0,buy
2024-05-06 09:41:11.248196272,101.26,107.0,buy
2024-05-06 09:41:11.285664958,101.28,44.0,sell
2024-05-06 09:41:11.301231017,101.2,110.0,buy
2024-05-06 09:41:11.450220393,101.16,102.0,sell
2024-05-06 09:41:11.760748044,101.15,74.0,buy
2024-05-06 09:41:12.774258007,101.18,70.0,buy
2024-05-06 09:41:13.423709496,101.18,75.0,buy
2024-05-06 09:41:14.102478449,101.25,127.0,buy
2024-05-06 09:41:14.379600238,101.35,86.0,sell
2024-05-06 09:41:14.591874505,101.26,99.0,buy
2024-05-06 09:41:14.823717330,101.19,138.0,buy
2024-05-06 09:41:17.020749276,101.16,102.0,buy
2024-05-06 09:41:17.041217147,101.23,88.0,sell
2024-05-06 09:41:18.050038643,101.15,153.0,buy
2024-05-06 09:41:18.482214513,101.1,158.0,buy
2024-05-06 09:41:18.770889054,101.08,129.0,sell
2024-05-06 09:41:19.416849837,101.04,224.0,buy
2024-05-06 09:41:19.750266989,101.02,122.0,sell
2024-05-06 09:41:20.783720160,101.1,80.0,buy
2024-05-06 09:41:21.938534400,100.97,102.0,buy
2024-05-06 09:41:22.212383750,100.99,101.0,sell
2024-05-06 09:41:22.374437704,101.07,119.0,buy
2024-05-06 09:41:22.823111265,101.01,57.0,sell
2024-05-06 09:41:24.040389235,101.03,50.0,sell
2024-05-06 09:41:24.158669684,101.05,109.0,buy
2024-05-06 09:41:24.646380413,101.19,72.0,sell
2024-05-06 09:41:25.145619413,101.35,161.0,buy
2024-05-06 09:41:25.806084421,101.28,91.0,buy
2024-05-06 09:41:25.876617236,101.22,74.0,sell
2024-05-06 09:41:26.505699690,100.98,96.0,sell
2024-05-06 09:41:27.704326293,101.04,73.0,sell
2024-05-06 09:41:27.803358574,101.04,116.0,buy
2024-05-06 09:41:27.938963369,101.07,157.0,buy
2024-05-06 09:41:29.716051889,101.16,71.0,sell
2024-05-06 09:41:29.815873416,101.22,91.0,buy
2024-05-06 09:41:30.779268300,101.15,48.0,sell
2024-05-06 09:41:31.118178771,101.19,114.0,buy
2024-05-06 09:41:31.260177256,101.13,113.0,buy
2024-05-06 09:41:32.283180257,101.06,63.0,sell
2024-05-06 09:41:32.577848920,101.14,89.0,buy
2024-05-06 09:41:32.939463855,101.19,189.0,sell
2024-05-06 09:41:33.162008834,101.2,125.0,sell
2024-05-06 09:41:33.611419506,101.12,144.0,sell
2024-05-06 09:41:33.700698154,101.19,139.0,sell
2024-05-06 09:41:33.948733608,101.25,141.0,sell
2024-05-06 09:41:35.692312628,101.25,115.0,sell
2024-05-06 09:41:35.841605569,101.0,173.0,buy
2024-05-06 09:41:36.376234261,100.87,97.0,sell
2024-05-06 09:41:36.572896363,100.88,128.0,sell
2024-05-06 09:41:37.315342208,100.91,68.0,buy
2024-05-06 09:41:37.385475598,100.94,119.0,buy
2024-05-06 09:41:39.135780825,100.97,408.0,sell
2024-05-06 09:41:39.438156287,101.0,128.0,sell
2024-05-06 09:41:39.572783058,100.96,109.0,sell
2024-05-06 09:41:39.610951920,101.06,181.0,sell
2024-05-06 09:41:39.703970890,101.2,109.0,sell
2024-05-06 09:41:40.070720062,101.24,123.0,buy
2024-05-06 09:41:40.276212602,101.22,88.0,sell
2024-05-06 09:41:41.158917544,101.32,97.0,sell
2024-05-06 09:41:41.440756140,101.19,62.0,buy
2024-05-06 09:41:41.583740758,101.15,174.0,buy
2024-05-06 09:41:42.063790216,101.21,104.0,sell
2024-05-06 09:41:42.677201520,101.12,99.0,buy
2024-05-06 09:41:42.768587494,100.93,81.0,buy
2024-05-06 09:41:42.860320129,100.99,73.0,sell
2024-05-06 09:41:42.879000493,101.21,91.0,sell
2024-05-06 09:41:43.545665553,101.29,68.0,buy
2024-05-06 09:41:44.090696816,101.16,64.0,sell
2024-05-06 09:41:44.412523901,101.21,56.0,buy
2024-05-06 09:41:45.342020146,101.09,63.0,sell
2024-05-06 09:41:46.161119307,101.15,40.0,buy
2024-05-06 09:41:46.601284813,101.12,108.0,sell
2024-05-06 09:41:47.614790127,101.28,74.0,sell
2024-05-06 09:41:47.730026052,101.41,114.0,sell
2024-05-06 09:41:47.789372562,101.33,129.0,sell
2024-05-06 09:41:47.946556465,101.32,89.0,buy
2024-05-06 09:41:47.975947019,101.25,67.0,buy
2024-05-06 09:41:48.354704040,101.41,118.0,buy
2024-05-06 09:41:49.733894643,101.37,81.0,sell
2024-05-06 09:41:49.753963851,101.57,76.0,buy
2024-05-06 09:41:49.819080791,101.64,139.0,buy
2024-05-06 09:41:50.120002415,101.58,50.0,buy
2024-05-06 09:41:51.478106742,101.42,201.0,buy
2024-05-06 09:41:51.668119548,101.29,96.0,sell
2024-05-06 09:41:52.021980800,101.44,99.0,buy
2024-05-06 09:41:52.043211666,101.4,173.0,sell
2024-05-06 09:41:52.123497492,101.6,103.0,sell
2024-05-06 09:41:54.280873034,101.61,56.0,sell
2024-05-06 09:41:55.958775188,102.08,77.0,sell
2024-05-06 09:41:55.961251299,102.18,141.0,buy
2024-05-06 09:41:57.477571699,102.38,155.0,sell
2024-05-06 09:41:57.987176505,102.39,126.0,sell
2024-05-06 09:41:58.999343789,102.28,64.0,sell
2024-05-06 09:41:59.302589924,102.39,121.0,buy
2024-05-06 09:41:59.665007958,102.39,214.0,sell
2024-05-06 09:42:00.000550708,102.49,50.0,buy
2024-05-06 09:42:00.550153326,102.42,92.0,sell
2024-05-06 09:42:00.625362053,102.54,233.0,buy
2024-05-06 09:42:00.640578044,102.56,84.0,sell
2024-05-06 09:42:00.824612088,102.67,61.0,sell
2024-05-06 09:42:01.434461262,102.77,81.0,sell
2024-05-06 09:42:01.547192789,102.75,95.0,sell
2024-05-06 09:42:02.106751993,102.86,75.0,sell
2024-05-06 09:42:03.858567189,102.72,99.0,buy
2024-05-06 09:42:03.907870385,102.9,156.0,buy
2024-05-06 09:42:04.466159927,102.73,99.0,buy
2024-05-06 09:42:04.759428847,102.6,129.0,buy
2024-05-06 09:42:05.772444658,102.45,93.0,sell
2024-05-06 09:42:05.869935208,102.34,72.0,buy
2024-05-06 09:42:06.459780146,102.38,106.0,buy
2024-05-06 09:42:07.370215577,102.3,58.0,buy
2024-05-06 09:42:08.816931771,102.44,93.0,sell
2024-05-06 09:42:09.391749888,102.41,68.0,buy
2024-05-06 09:42:09.735506194,102.44,129.0,buy
2024-05-06 09:42:10.216473622,102.44,53.0,buy
2024-05-06 09:42:11.232390077,102.34,134.0,sell
2024-05-06 09:42:11.655084623,102.28,105.0,sell
2024-05-06 09:42:11.670513782,102.43,63.0,buy
2024-05-06 09:42:13.006966535,102.44,68.0,buy
2024-05-06 09:42:13.591795303,102.18,89.0,buy
2024-05-06 09:42:14.156094075,102.26,85.0,sell
2024-05-06 09:42:14.277560074,102.43,147.0,buy
2024-05-06 09:42:14.815328571,102.3,75.0,sell
2024-05-06 09:42:15.065654354,102.23,169.0,buy
2024-05-06 09:42:15.592329921,102.19,125.0,sell
2024-05-06 09:42:15.648686456,102.3,123.0,buy
2024-05-06 09:42:16.184932615,102.3,111.0,sell
2024-05-06 09:42:19.905794070,102.25,147.0,buy
2024-05-06 09:42:19.930500569,102.34,82.0,buy
2024-05-06 09:42:21.820432126,102.48,123.0,sell
2024-05-06 09:42:22.081634967,102.49,53.0,sell
2024-05-06 09:42:23.104651697,102.45,157.0,buy
2024-05-06 09:42:23.867166726,102.56,81.0,sell
2024-05-06 09:42:24.285694279,102.58,77.0,sell
2024-05-06 09:42:24.956257672,102.87,112.0,buy
2024-05-06 09:42:26.010242222,102.99,103.0,buy
2024-05-06 09:42:26.269117261,103.11,51.0,buy
2024-05-06 09:42:26.467146874,102.93,69.0,sell
2024-05-06 09:42:27.017845032,103.02,76.0,buy
2024-05-06 09:42:27.842573954,102.97,146.0,sell
2024-05-06 09:42:28.560915638,102.95,112.0,sell
2024-05-06 09:42:29.360198377,102.88,75.0,buy
2024-05-06 09:42:29.646179625,102.93,89.0,buy
2024-05-06 09:42:30.497598678,102.99,121.0,sell
2024-05-06 09:42:30.561634159,103.0,142.0,buy
2024-05-06 09:42:30.954801974,102.91,121.0,sell
2024-05-06 09:42:30.957689626,103.0,82.0,buy
2024-05-06 09:42:31.153904222,102.95,104.0,buy
2024-05-06 09:42:31.382121503,102.89,61.0,buy
2024-05-06 09:42:31.634355021,102.99,82.0,buy
2024-05-06 09:42:32.228843272,103.09,132.0,sell
2024-05-06 09:42:32.474810943,103.11,101.0,sell
2024-05-06 09:42:32.772543236,103.08,139.0,buy
2024-05-06 09:42:32.908148560,103.05,77.0,sell
2024-05-06 09:42:33.141753761,103.2,195.0,buy
2024-05-06 09:42:33.270666309,103.27,163.0,sell
2024-05-06 09:42:33.308672853,103.39,80.0,sell
2024-05-06 09:42:33.771147651,103.34,102.0,buy
2024-05-06 09:42:34.322778389,103.33,75.0,buy
2024-05-06 09:42:34.805900254,103.46,45.0,buy
2024-05-06 09:42:35.117239061,103.53,102.0,sell
2024-05-06 09:42:35.356084234,103.44,59.0,sell
2024-05-06 09:42:36.351190595,103.42,167.0,buy
2024-05-06 09:42:36.717219622,103.29,65.0,sell
2024-05-06 09:42:37.043396818,103.24,116.0,buy
2024-05-06 09:42:37.056385095,103.24,95.0,buy
2024-05-06 09:42:37.265089034,103.14,92.0,sell
2024-05-06 09:42:37.504264717,102.95,46.0,buy
2024-05-06 09:42:37.758697475,102.98,155.0,buy
2024-05-06 09:42:38.192653002,103.11,111.0,sell
2024-05-06 09:42:38.574011555,102.97,69.0,sell
2024-05-06 09:42:39.042137234,102.96,103.0,buy
2024-05-06 09:42:39.765973798,102.92,131.0,buy
2024-05-06 09:42:40.604258999,102.9,67.0,sell
2024-05-06 09:42:41.237401371,103.01,117.0,sell
2024-05-06 09:42:42.793800733,103.0,121.0,buy
2024-05-06 09:42:42.803001156,102.8,51.0,buy
2024-05-06 09:42:42.911941111,102.87,197.0,buy
2024-05-06 09:42:42.915736920,102.77,134.0,sell
2024-05-06 09:42:43.437053383,102.78,257.0,buy
2024-05-06 09:42:44.578594388,102.85,88.0,sell
2024-05-06 09:42:44.718109061,102.99,117.0,sell
2024-05-06 09:42:46.026993644,103.07,103.0,buy
2024-05-06 09:42:46.058073595,102.81,72.0,buy
2024-05-06 09:42:47.420438056,102.97,185.0,buy
2024-05-06 09:42:47.637079296,103.01,87.0,sell
2024-05-06 09:42:47.690549527,102.92,78.0,sell
2024-05-06 09:42:48.023190801,102.99,64.0,sell
2024-05-06 09:42:48.171570082,103.0,139.0,buy
2024-05-06 09:42:48.339217579,103.02,103.0,buy
2024-05-06 09:42:48.522789472,103.18,178.0,buy
2024-05-06 09:42:49.335130982,103.27,41.0,sell
2024-05-06 09:42:49.722484551,103.27,65.0,sell
2024-05-06 09:42:49.908964899,103.22,87.0,sell
2024-05-06 09:42:50.380197280,103.21,64.0,buy
2024-05-06 09:42:51.009853142,103.18,92.0,sell
2024-05-06 09:42:51.169009013,103.15,171.0,sell
2024-05-06 09:42:51.435842180,103.2,60.0,buy
2024-05-06 09:42:51.500831660,103.32,98.0,sell
2024-05-06 09:42:51.600758444,103.19,64.0,buy
2024-05-06 09:42:52.172225290,103.27,76.0,buy
2024-05-06 09:42:52.272328571,103.34,187.0,buy
2024-05-06 09:42:52.644720821,103.33,87.0,buy
2024-05-06 09:42:53.262016320,103.15,80.0,buy
2024-05-06 09:42:53.318531762,103.07,99.0,sell
2024-05-06 09:42:53.737401198,103.21,145.0,sell
2024-05-06 09:42:53.885636679,103.13,77.0,sell
2024-05-06 09:42:55.533068164,103.3,158.0,sell
2024-05-06 09:42:55.863452350,103.27,126.0,sell
2024-05-06 09:42:56.683381709,103.27,47.0,buy
2024-05-06 09:42:57.082887334,103.21,116.0,buy
2024-05-06 09:42:57.105078858,103.21,52.0,buy
2024-05-06 09:42:57.606481850,103.17,58.0,buy
2024-05-06 09:42:59.118582110,103.19,80.0,sell
2024-05-06 09:42:59.578746322,103.21,80.0,sell
2024-05-06 09:43:00.433897429,103.18,103.0,buy
2024-05-06 09:43:01.511870693,103.47,73.0,buy
2024-05-06 09:43:01.641307727,103.62,44.0,sell
2024-05-06 09:43:01.760464774,103.53,194.0,buy
2024-05-06 09:43:02.232528306,103.46,102.0,sell
2024-05-06 09:43:02.497217023,103.66,168.0,buy
2024-05-06 09:43:03.413074514,103.51,62.0,buy
2024-05-06 09:43:04.564482691,103.57,73.0,sell
2024-05-06 09:43:04.782512930,103.58,128.0,sell
2024-05-06 09:43:04.917676737,103.7,131.0,buy
2024-05-06 09:43:05.675936385,103.76,139.0,sell
2024-05-06 09:43:05.836594446,103.69,63.0,sell
2024-05-06 09:43:06.701308909,103.77,88.0,sell
2024-05-06 09:43:06.976905560,103.89,102.0,sell
2024-05-06 09:43:07.527538311,104.02,99.0,buy
2024-05-06 09:43:07.577744320,103.74,95.0,buy
2024-05-06 09:43:08.066640354,103.74,103.0,buy
2024-05-06 09:43:08.367168423,103.65,187.0,buy
2024-05-06 09:43:08.808848475,103.62,110.0,sell
2024-05-06 09:43:08.900818433,103.38,100.0,buy
2024-05-06 09:43:09.568379085,103.55,60.0,buy
2024-05-06 09:43:10.561526217,103.28,63.0,sell
2024-05-06 09:43:10.683671380,103.38,111.0,sell
2024-05-06 09:43:10.733976486,103.37,87.0,buy
2024-05-06 09:43:10.745937716,103.42,142.0,buy
2024-05-06 09:43:11.259509060,103.31,89.0,buy
2024-05-06 09:43:11.726601546,103.27,143.0,buy
2024-05-06 09:43:12.122199253,103.13,62.0,sell
2024-05-06 09:43:12.254147585,103.11,93.0,sell
2024-05-06 09:43:12.502038917,103.07,94.0,buy
2024-05-06 09:43:12.953326941,103.23,145.0,sell
2024-05-06 09:43:13.296677798,103.17,61.0,buy
2024-05-06 09:43:15.499244380,103.2,88.0,buy
2024-05-06 09:43:15.572590186,103.15,76.0,sell
2024-05-06 09:43:16.166548968,103.17,55.0,buy
2024-05-06 09:43:16.425573768,103.28,96.0,sell
2024-05-06 09:43:16.705056431,103.26,76.0,buy
2024-05-06 09:43:17.337267861,103.33,53.0,sell
2024-05-06 09:43:17.926804149,103.22,86.0,buy
2024-05-06 09:43:20.296497553,103.21,82.0,sell
2024-05-06 09:43:20.365206615,102.95,80.0,sell
2024-05-06 09:43:20.420175240,102.76,108.0,buy
2024-05-06 09:43:21.064466623,102.71,145.0,buy
2024-05-06 09:43:21.496300248,102.69,117.0,buy
2024-05-06 09:43:21.656513544,102.61,56.0,buy
2024-05-06 09:43:21.697888888,102.62,102.0,buy
2024-05-06 09:43:21.742664324,102.44,69.0,buy
2024-05-06 09:43:22.865723580,102.6,89.0,buy
2024-05-06 09:43:22.972238096,102.7,105.0,buy
2024-05-06 09:43:23.167554592,102.41,132.0,sell
2024-05-06 09:43:23.296070507,102.44,82.0,sell
2024-05-06 09:43:23.515320125,102.59,94.0,sell
2024-05-06 09:43:23.551295805,102.57,115.0,buy
2024-05-06 09:43:23.917301966,102.65,72.0,sell
2024-05-06 09:43:23.952305389,102.65,129.0,buy
2024-05-06 09:43:24.757916410,102.5,36.0,buy
2024-05-06 09:43:24.891015064,102.68,38.0,sell
2024-05-06 09:43:25.279292410,102.61,72.0,sell
2024-05-06 09:43:26.339753818,102.67,176.0,buy
2024-05-06 09:43:26.865919838,102.61,68.0,buy
2024-05-06 09:43:27.246587655,102.6,147.0,sell
2024-05-06 09:43:27.442615676,102.51,150.0,buy
2024-05-06 09:43:27.645099726,102.38,111.0,buy
2024-05-06 09:43:28.198654302,102.5,112.0,buy
2024-05-06 09:43:30.768402639,102.41,97.0,sell
2024-05-06 09:43:31.310519503,102.34,60.0,buy
2024-05-06 09:43:31.718497258,102.45,121.0,buy
2024-05-06 09:43:32.374370020,102.48,70.0,sell
2024-05-06 09:43:32.687306484,102.44,204.0,buy
2024-05-06 09:43:32.718319906,102.37,123.0,buy
2024-05-06 09:43:33.131427036,102.25,100.0,buy
2024-05-06 09:43:34.712028750,102.22,119.0,buy
2024-05-06 09:43:34.808398331,102.36,124.0,sell
2024-05-06 09:43:35.393997710,102.43,144.0,sell
2024-05-06 09:43:35.506153382,102.32,178.0,buy
2024-05-06 09:43:35.889903095,102.33,148.0,buy
2024-05-06 09:43:35.940740337,102.14,113.0,sell
2024-05-06 09:43:36.239996166,102.22,111.0,sell
2024-05-06 09:43:36.945624495,102.36,92.0,sell
2024-05-06 09:43:37.159151376,102.27,118.0,buy
2024-05-06 09:43:37.705832012,102.07,88.0,sell
2024-05-06 09:43:38.499303334,102.19,101.0,sell
2024-05-06 09:43:39.809170680,102.02,130.0,buy
2024-05-06 09:43:39.942876524,102.13,104.0,buy
2024-05-06 09:43:40.197719591,102.2,68.0,buy
2024-05-06 09:43:40.280402263,102.07,61.0,sell
2024-05-06 09:43:42.725729744,102.07,82.0,buy
2024-05-06 09:43:44.034384293,102.14,80.0,buy
2024-05-06 09:43:44.422602092,102.05,75.0,buy
2024-05-06 09:43:45.345287588,102.13,92.0,buy
2024-05-06 09:43:45.713271066,102.12,151.0,buy
2024-05-06 09:43:46.201803490,101.94,85.0,buy
2024-05-06 09:43:46.248477980,101.95,234.0,sell
2024-05-06 09:43:46.952278698,101.88,106.0,buy
2024-05-06 09:43:47.020597365,101.86,122.0,sell
2024-05-06 09:43:47.895141733,101.71,150.0,sell
2024-05-06 09:43:48.656836266,101.71,151.0,buy
2024-05-06 09:43:49.273613801,101.8,91.0,sell
2024-05-06 09:43:49.292028985,101.86,67.0,buy
2024-05-06 09:43:49.472606005,101.77,72.0,buy
2024-05-06 09:43:49.625266074,101.74,92.0,buy
2024-05-06 09:43:49.848516205,101.77,90.0,buy
2024-05-06 09:43:49.894378026,101.81,134.0,buy
2024-05-06 09:43:51.276353676,101.93,128.0,buy
2024-05-06 09:43:51.679850185,101.87,114.0,sell
2024-05-06 09:43:51.862149246,101.86,264.0,buy
2024-05-06 09:43:52.115052962,102.04,120.0,buy
2024-05-06 09:43:52.411434763,102.07,106.0,sell
2024-05-06 09:43:52.870323598,102.05,124.0,sell
2024-05-06 09:43:53.232827724,102.04,83.0,buy
2024-05-06 09:43:54.491906247,101.89,140.0,sell
2024-05-06 09:43:54.835452504,101.98,175.0,buy
2024-05-06 09:43:57.259584137,101.9,89.0,sell
2024-05-06 09:43:58.212916693,101.83,109.0,sell
2024-05-06 09:43:58.329836035,101.89,133.0,buy
2024-05-06 09:43:59.663735765,101.99,70.0,buy
2024-05-06 09:43:59.725592155,101.93,81.0,buy
2024-05-06 09:44:00.575956942,102.05,124.0,sell
2024-05-06 09:44:00.815477752,102.09,94.0,buy
2024-05-06 09:44:01.867239636,102.1,97.0,sell
2024-05-06 09:44:02.879931095,102.1,138.0,buy
2024-05-06 09:44:03.699687424,102.29,94.0,sell
2024-05-06 09:44:04.480083771,102.3,123.0,buy
2024-05-06 09:44:04.661774706,102.27,115.0,buy
2024-05-06 09:44:04.703965371,102.25,72.0,sell
2024-05-06 09:44:04.961867853,102.15,67.0,buy
2024-05-06 09:44:05.057160365,102.19,86.0,buy
2024-05-06 09:44:05.650801940,102.32,108.0,buy
2024-05-06 09:44:05.863202153,102.31,216.0,buy
2024-05-06 09:44:07.719997304,102.3,62.0,sell
2024-05-06 09:44:08.232174862,102.1,83.0,buy
2024-05-06 09:44:09.096512449,102.26,96.0,sell
2024-05-06 09:44:09.167596554,102.27,129.0,buy
2024-05-06 09:44:10.157899825,102.44,62.0,sell
2024-05-06 09:44:11.438300550,102.29,145.0,buy
2024-05-06 09:44:11.772100620,102.19,166.0,buy
2024-05-06 09:44:12.238123895,102.14,124.0,buy
2024-05-06 09:44:12.961804262,101.96,181.0,buy
2024-05-06 09:44:13.057892416,102.08,64.0,sell
2024-05-06 09:44:13.407038690,102.01,72.0,buy
2024-05-06 09:44:13.661338598,101.94,129.0,buy
2024-05-06 09:44:13.740469654,102.12,129.0,sell
2024-05-06 09:44:13.969534395,102.26,79.0,buy
2024-05-06 09:44:14.004838076,102.28,55.0,buy
2024-05-06 09:44:14.017913516,102.17,267.0,buy
2024-05-06 09:44:14.090522532,102.23,103.0,buy
2024-05-06 09:44:15.740499202,102.03,77.0,buy
2024-05-06 09:44:16.139230586,101.88,73.0,sell
2024-05-06 09:44:17.827319502,101.99,210.0,buy
2024-05-06 09:44:18.110574897,101.83,146.0,sell
2024-05-06 09:44:18.297424511,101.82,98.0,sell
2024-05-06 09:44:18.650177999,101.69,135.0,sell
2024-05-06 09:44:18.939651444,101.67,140.0,sell
2024-05-06 09:44:18.995488694,101.65,121.0,buy
2024-05-06 09:44:19.507463297,101.77,96.0,sell
2024-05-06 09:44:19.629160778,101.83,66.0,buy
2024-05-06 09:44:20.112410920,101.82,142.0,sell
2024-05-06 09:44:20.637609339,101.78,244.0,sell
2024-05-06 09:44:20.720061315,101.72,95.0,buy
2024-05-06 09:44:20.751717420,101.93,112.0,buy
2024-05-06 09:44:21.510515166,101.94,141.0,sell
2024-05-06 09:44:21.818423477,101.96,78.0,sell
2024-05-06 09:44:21.848385427,101.84,91.0,sell
2024-05-06 09:44:24.484351416,101.69,139.0,buy
2024-05-06 09:44:24.514109956,101.53,103.0,sell
2024-05-06 09:44:25.107889463,101.56,112.0,buy
2024-05-06 09:44:27.165538502,101.62,78.0,sell
2024-05-06 09:44:27.302217811,101.54,221.0,buy
2024-05-06 09:44:27.378938741,101.58,64.0,buy
2024-05-06 09:44:27.443642944,101.47,110.0,sell
2024-05-06 09:44:27.624325297,101.63,70.0,buy
2024-05-06 09:44:27.677586899,101.65,118.0,buy
2024-05-06 09:44:28.266676634,101.73,65.0,buy
2024-05-06 09:44:28.298834866,101.78,204.0,buy
2024-05-06 09:44:28.654920492,101.76,107.0,buy
2024-05-06 09:44:31.511360434,101.87,55.0,sell
2024-05-06 09:44:32.352284824,101.83,119.0,sell
2024-05-06 09:44:32.829825862,101.9,104.0,buy
2024-05-06 09:44:33.012650279,102.07,75.0,sell
2024-05-06 09:44:33.501594850,102.04,110.0,sell
2024-05-06 09:44:33.875968628,101.93,67.0,sell
2024-05-06 09:44:34.153604209,101.93,88.0,sell
2024-05-06 09:44:34.223643672,101.97,93.0,sell
2024-05-06 09:44:35.312079201,101.86,283.0,sell
2024-05-06 09:44:35.610801966,101.83,112.0,buy
2024-05-06 09:44:35.719024057,101.86,84.0,buy
2024-05-06 09:44:35.948266649,101.88,151.0,sell
2024-05-06 09:44:36.215595116,101.88,99.0,buy
2024-05-06 09:44:37.094383992,101.94,73.0,buy
2024-05-06 09:44:37.755789153,101.76,188.0,sell
2024-05-06 09:44:38.489118316,101.88,119.0,buy
2024-05-06 09:44:38.494664596,101.8,152.0,sell
2024-05-06 09:44:38.763723610,101.88,63.0,buy
2024-05-06 09:44:39.091980970,101.87,65.0,buy
2024-05-06 09:44:39.101670390,102.07,72.0,sell
2024-05-06 09:44:39.252096741,102.14,138.0,sell
2024-05-06 09:44:39.966259083,102.04,129.0,buy
2024-05-06 09:44:40.039992941,101.87,72.0,sell
2024-05-06 09:44:40.423185464,101.64,99.0,buy
2024-05-06 09:44:40.544349842,101.59,85.0,buy
2024-05-06 09:44:40.550447257,101.62,52.0,buy
2024-05-06 09:44:40.688456738,101.53,58.0,sell
2024-05-06 09:44:42.550684250,101.51,128.0,buy
2024-05-06 09:44:43.359260829,101.43,188.0,buy
2024-05-06 09:44:44.963434604,101.76,95.0,sell
2024-05-06 09:44:45.298007416,101.95,161.0,sell
2024-05-06 09:44:45.356126143,101.9,102.0,buy
2024-05-06 09:44:45.753117881,101.84,78.0,buy
2024-05-06 09:44:46.056031697,102.0,136.0,sell
2024-05-06 09:44:46.986127141,101.97,123.0,buy
2024-05-06 09:44:47.037743299,101.95,72.0,buy
2024-05-06 09:44:47.372694167,101.97,97.0,sell
2024-05-06 09:44:47.453982258,101.91,123.0,sell
2024-05-06 09:44:47.650263556,101.73,70.0,sell
2024-05-06 09:44:48.318743495,101.45,105.0,sell
2024-05-06 09:44:48.641892592,101.51,122.0,buy
2024-05-06 09:44:48.877605540,101.53,89.0,sell
2024-05-06 09:44:49.128436310,101.55,152.0,sell
2024-05-06 09:44:49.436017390,101.71,185.0,buy
2024-05-06 09:44:50.204614491,101.65,78.0,buy
2024-05-06 09:44:51.317818749,101.61,70.0,buy
2024-05-06 09:44:52.872097781,101.6,114.0,sell
2024-05-06 09:44:53.645102596,101.61,122.0,buy
2024-05-06 09:44:53.834567909,101.61,144.0,buy
2024-05-06 09:44:54.417159876,101.53,74.0,sell
2024-05-06 09:44:54.704933623,101.53,235.0,buy
2024-05-06 09:44:54.851898143,101.55,58.0,buy
2024-05-06 09:44:55.770920006,101.69,238.0,buy
2024-05-06 09:44:55.790512065,101.73,153.0,sell
2024-05-06 09:44:56.950693111,101.86,109.0,buy
2024-05-06 09:44:57.260156078,101.88,119.0,sell
2024-05-06 09:44:57.767109894,101.83,77.0,sell
2024-05-06 09:44:58.305565512,101.82,77.0,buy
2024-05-06 09:44:59.433023961,101.89,46.0,buy
2024-05-06 09:44:59.939245407,101.7,86.0,sell
2024-05-06 09:45:00.415118339,101.72,183.0,sell
2024-05-06 09:45:00.449606940,101.53,111.0,buy
2024-05-06 09:45:00.814935961,101.62,226.0,buy
2024-05-06 09:45:00.896294847,101.75,136.0,sell
2024-05-06 09:45:01.564920807,101.68,123.0,buy
2024-05-06 09:45:01.923868173,101.9,195.0,sell
2024-05-06 09:45:02.493941346,101.91,55.0,sell
2024-05-06 09:45:02.515224405,101.94,114.0,buy
2024-05-06 09:45:02.559526374,102.02,121.0,sell
2024-05-06 09:45:03.189486564,102.05,83.0,buy
2024-05-06 09:45:03.226893778,102.12,119.0,buy
2024-05-06 09:45:03.263855242,102.09,134.0,buy
2024-05-06 09:45:03.269946432,102.18,144.0,sell
2024-05-06 09:45:04.837459675,102.21,178.0,sell
2024-05-06 09:45:05.506227695,102.17,266.0,sell
2024-05-06 09:45:05.724126514,102.27,75.0,sell
2024-05-06 09:45:05.899995505,102.42,43.0,sell
2024-05-06 09:45:06.115158730,102.53,98.0,buy
2024-05-06 09:45:06.860216830,102.43,62.0,sell
2024-05-06 09:45:07.401641339,102.54,78.0,buy
2024-05-06 09:45:07.504044916,102.53,74.0,sell
2024-05-06 09:45:07.599691357,102.91,76.0,buy
2024-05-06 09:45:07.651481103,103.01,88.0,sell
2024-05-06 09:45:08.191331308,103.04,81.0,buy
2024-05-06 09:45:08.914083207,102.94,115.0,buy
2024-05-06 09:45:09.068057182,103.04,141.0,buy
2024-05-06 09:45:09.078640891,103.2,118.0,buy
2024-05-06 09:45:09.121513345,103.11,173.0,sell
2024-05-06 09:45:10.840340847,103.12,113.0,sell
2024-05-06 09:45:11.015435129,103.13,45.0,buy
2024-05-06 09:45:11.748587151,103.11,58.0,sell
2024-05-06 09:45:12.238553404,103.14,125.0,sell
2024-05-06 09:45:12.479137982,103.16,81.0,buy
2024-05-06 09:45:12.594276991,103.08,114.0,buy
2024-05-06 09:45:12.658982036,103.19,142.0,buy
2024-05-06 09:45:13.136254850,103.26,89.0,sell
2024-05-06 09:45:13.881269129,103.34,81.0,sell
2024-05-06 09:45:14.397546946,103.47,154.0,buy
2024-05-06 09:45:14.775379760,103.35,84.0,sell
2024-05-06 09:45:14.796808053,103.34,57.0,buy
2024-05-06 09:45:16.525513817,103.33,93.0,sell
2024-05-06 09:45:17.327028542,103.25,107.0,buy
2024-05-06 09:45:17.500265007,103.21,64.0,buy
2024-05-06 09:45:19.455535293,103.33,105.0,sell
2024-05-06 09:45:19.916038195,103.31,170.0,sell
2024-05-06 09:45:20.352680946,103.31,158.0,buy
2024-05-06 09:45:21.041989261,103.37,142.0,sell
2024-05-06 09:45:21.877034027,103.57,130.0,buy
2024-05-06 09:45:22.411286973,103.62,53.0,sell
2024-05-06 09:45:22.479824804,103.58,77.0,sell
2024-05-06 09:45:22.686271750,103.69,87.0,sell
2024-05-06 09:45:24.002397503,103.56,89.0,buy
2024-05-06 09:45:24.129595697,103.45,114.0,sell
2024-05-06 09:45:24.362336252,103.29,95.0,buy
2024-05-06 09:45:24.645220865,103.31,83.0,buy
2024-05-06 09:45:24.934599136,103.56,78.0,buy
2024-05-06 09:45:25.409186376,103.57,71.0,sell
2024-05-06 09:45:26.842204068,103.62,63.0,buy
2024-05-06 09:45:26.979878430,103.76,178.0,buy
2024-05-06 09:45:27.044648899,103.63,117.0,buy
2024-05-06 09:45:27.154642225,103.86,152.0,sell
2024-05-06 09:45:28.244493765,103.93,117.0,buy
2024-05-06 09:45:28.763455806,103.92,172.0,sell
2024-05-06 09:45:28.931826695,103.83,189.0,sell
2024-05-06 09:45:29.778092289,103.94,77.0,buy
2024-05-06 09:45:30.766065658,103.94,69.0,sell
2024-05-06 09:45:31.703139722,104.06,110.0,sell
2024-05-06 09:45:32.959339494,104.01,120.0,buy
2024-05-06 09:45:33.104676780,104.02,142.0,buy
2024-05-06 09:45:33.808010891,104.12,144.0,buy
2024-05-06 09:45:34.116603745,104.1,90.0,sell
2024-05-06 09:45:35.039179288,104.16,56.0,sell
2024-05-06 09:45:35.691058689,104.17,101.0,sell
2024-05-06 09:45:36.440113066,104.31,159.0,sell
2024-05-06 09:45:36.973905161,104.33,90.0,sell
2024-05-06 09:45:37.071565260,104.38,77.0,sell
2024-05-06 09:45:37.465323772,104.32,121.0,sell
2024-05-06 09:45:39.554287070,104.39,65.0,sell
2024-05-06 09:45:40.939686764,104.33,264.0,sell
2024-05-06 09:45:40.961753487,104.41,45.0,buy
2024-05-06 09:45:41.051804387,104.32,97.0,buy
2024-05-06 09:45:41.122429958,104.29,106.0,buy
2024-05-06 09:45:41.769706885,104.17,81.0,buy
2024-05-06 09:45:42.620991775,104.21,104.0,sell
2024-05-06 09:45:42.741080279,104.23,105.0,sell
2024-05-06 09:45:43.093541086,104.18,61.0,sell
2024-05-06 09:45:44.012033621,104.18,147.0,buy
2024-05-06 09:45:44.671915431,104.12,165.0,sell
2024-05-06 09:45:45.062617503,104.18,89.0,buy
2024-05-06 09:45:45.508840755,104.23,115.0,sell
2024-05-06 09:45:45.863845580,104.3,77.0,sell
2024-05-06 09:45:46.040435005,104.26,30.0,sell
2024-05-06 09:45:46.456664909,104.31,45.0,buy
2024-05-06 09:45:47.040461725,104.46,81.0,sell
2024-05-06 09:45:48.073518762,104.49,133.0,buy
2024-05-06 09:45:48.579219840,104.52,99.0,buy
2024-05-06 09:45:49.295120029,104.76,47.0,buy
2024-05-06 09:45:49.382339365,104.83,62.0,sell
2024-05-06 09:45:49.691876624,104.6,154.0,sell
2024-05-06 09:45:49.696564340,104.58,69.0,sell
2024-05-06 09:45:49.838196174,104.52,103.0,sell
2024-05-06 09:45:50.486353017,104.39,82.0,buy
2024-05-06 09:45:52.888770737,104.45,120.0,sell
2024-05-06 09:45:52.940994592,104.44,119.0,sell
2024-05-06 09:45:53.197654220,104.48,42.0,sell
2024-05-06 09:45:54.002550630,104.63,82.0,buy
2024-05-06 09:45:54.116651060,104.82,84.0,sell
2024-05-06 09:45:54.521587016,104.82,115.0,sell
2024-05-06 09:45:55.181973858,104.8,130.0,buy
2024-05-06 09:45:55.660511276,104.94,230.0,buy
2024-05-06 09:45:55.764653977,105.12,77.0,buy
2024-05-06 09:45:55.984204662,105.06,87.0,buy
2024-05-06 09:45:56.749961349,105.16,104.0,buy
2024-05-06 09:45:57.153933517,105.21,109.0,sell
2024-05-06 09:45:57.156555185,105.42,57.0,sell
2024-05-06 09:45:57.872181718,105.37,71.0,sell
2024-05-06 09:45:57.890156657,105.36,95.0,sell
2024-05-06 09:45:58.574843388,105.38,70.0,buy
2024-05-06 09:45:58.687967922,105.36,80.0,buy
2024-05-06 09:46:00.273886282,105.14,111.0,sell
2024-05-06 09:46:00.503272352,105.23,72.0,buy
2024-05-06 09:46:00.701226525,105.08,67.0,sell
2024-05-06 09:46:00.781832329,105.26,73.0,buy
2024-05-06 09:46:00.964188922,105.22,35.0,sell
2024-05-06 09:46:02.010556728,105.18,48.0,buy
2024-05-06 09:46:04.814929843,105.3,91.0,buy
2024-05-06 09:46:05.044607727,105.23,102.0,buy
2024-05-06 09:46:05.342264758,105.19,103.0,sell
2024-05-06 09:46:05.982459443,105.22,120.0,sell
2024-05-06 09:46:07.069097283,105.41,105.0,sell
2024-05-06 09:46:07.518622797,105.59,159.0,sell
2024-05-06 09:46:07.767023097,105.67,102.0,buy
2024-05-06 09:46:08.033066318,105.68,66.0,buy
2024-05-06 09:46:08.627802453,105.54,116.0,sell
2024-05-06 09:46:08.629414180,105.53,69.0,buy
2024-05-06 09:46:09.112666139,105.47,110.0,sell
2024-05-06 09:46:09.332300945,105.6,270.0,buy
2024-05-06 09:46:10.122719689,105.64,67.0,buy
2024-05-06 09:46:10.171520944,105.75,169.0,sell
2024-05-06 09:46:10.615132438,105.85,118.0,buy
2024-05-06 09:46:10.943032019,105.88,56.0,buy
2024-05-06 09:46:11.457098017,105.82,208.0,buy
2024-05-06 09:46:11.490624107,105.74,64.0,buy
2024-05-06 09:46:11.924355090,105.88,117.0,sell
2024-05-06 09:46:12.336535251,106.08,80.0,sell
2024-05-06 09:46:12.747776197,106.09,104.0,buy
2024-05-06 09:46:13.210300263,106.05,115.0,sell
2024-05-06 09:46:13.774528792,106.01,108.0,sell
2024-05-06 09:46:14.591878447,105.99,49.0,sell
2024-05-06 09:46:14.749111041,106.08,153.0,buy
2024-05-06 09:46:15.620736885,106.07,70.0,sell
2024-05-06 09:46:15.965569193,106.14,125.0,buy
2024-05-06 09:46:16.005663787,106.23,104.0,sell
2024-05-06 09:46:16.035831300,106.43,133.0,buy
2024-05-06 09:46:16.239243054,106.46,137.0,buy
2024-05-06 09:46:17.007562149,106.57,159.0,buy
2024-05-06 09:46:17.622516841,106.49,95.0,buy
2024-05-06 09:46:18.399553839,106.55,160.0,sell
2024-05-06 09:46:18.763701756,106.52,179.0,buy
2024-05-06 09:46:19.053788712,106.61,64.0,buy
2024-05-06 09:46:19.133551904,106.64,139.0,buy
2024-05-06 09:46:19.332443811,106.6,90.0,sell
2024-05-06 09:46:19.617041520,106.77,199.0,sell
2024-05-06 09:46:19.663428456,106.55,61.0,sell
2024-05-06 09:46:19.788051567,106.72,64.0,buy
2024-05-06 09:46:20.243983457,106.64,61.0,sell
2024-05-06 09:46:20.909248910,106.73,156.0,sell
2024-05-06 09:46:24.111985351,106.66,170.0,buy
2024-05-06 09:46:25.464363153,106.65,179.0,sell
2024-05-06 09:46:25.978764308,106.61,239.0,buy
2024-05-06 09:46:26.252204963,106.64,173.0,buy
2024-05-06 09:46:26.757749361,106.83,128.0,buy
2024-05-06 09:46:27.527825678,106.61,152.0,sell
2024-05-06 09:46:27.590797910,106.6,124.0,buy
2024-05-06 09:46:27.854533686,106.77,81.0,sell
2024-05-06 09:46:28.770206942,106.88,78.0,sell
2024-05-06 09:46:29.012325527,107.08,290.0,sell
2024-05-06 09:46:29.436492375,107.18,197.0,buy
2024-05-06 09:46:29.879578516,107.2,105.0,buy
2024-05-06 09:46:29.981540885,107.08,86.0,buy
2024-05-06 09:46:30.206433933,107.23,139.0,buy
2024-05-06 09:46:30.410050735,107.18,193.0,buy
2024-05-06 09:46:30.423323712,107.14,88.0,sell
2024-05-06 09:46:30.435568308,106.97,93.0,buy
2024-05-06 09:46:31.326563114,107.02,58.0,buy
2024-05-06 09:46:31.486026217,107.1,95.0,sell
2024-05-06 09:46:31.851013514,107.02,41.0,buy
2024-05-06 09:46:32.028441509,107.13,157.0,sell
2024-05-06 09:46:33.440839527,107.17,120.0,sell
2024-05-06 09:46:33.590917136,107.08,82.0,buy
2024-05-06 09:46:33.871675644,107.16,86.0,buy
2024-05-06 09:46:34.902398861,107.14,160.0,sell
2024-05-06 09:46:35.824768796,107.24,111.0,sell
2024-05-06 09:46:35.927728553,107.15,63.0,buy
2024-05-06 09:46:36.739099841,107.14,141.0,buy
2024-05-06 09:46:37.045516915,107.18,35.0,sell
2024-05-06 09:46:37.375343013,107.12,52.0,buy
2024-05-06 09:46:37.446978042,107.31,188.0,buy
2024-05-06 09:46:37.488995863,107.43,68.0,buy
2024-05-06 09:46:38.139860914,107.46,90.0,sell
2024-05-06 09:46:38.482908121,107.38,92.0,buy
2024-05-06 09:46:38.770013373,107.41,236.0,sell
2024-05-06 09:46:39.423770174,107.39,129.0,sell
2024-05-06 09:46:40.148947523,107.39,106.0,sell
2024-05-06 09:46:40.235474739,107.4,95.0,buy
2024-05-06 09:46:40.706567745,107.46,100.0,sell
2024-05-06 09:46:40.779285345,107.32,48.0,sell
2024-05-06 09:46:41.475190289,107.25,67.0,sell
2024-05-06 09:46:42.010137339,107.28,130.0,sell
2024-05-06 09:46:43.578953732,107.22,72.0,buy
2024-05-06 09:46:43.614679186,107.24,98.0,buy
2024-05-06 09:46:43.644052699,107.3,173.0,sell
2024-05-06 09:46:43.809825846,107.39,176.0,sell
2024-05-06 09:46:43.961532212,107.31,183.0,buy
2024-05-06 09:46:44.103363160,107.3,215.0,buy
2024-05-06 09:46:45.286949397,107.18,99.0,sell
2024-05-06 09:46:45.430487991,107.02,83.0,buy
2024-05-06 09:46:45.589180579,107.06,47.0,sell
2024-05-06 09:46:46.301486706,107.2,128.0,sell
2024-05-06 09:46:46.600168755,107.16,43.0,sell
2024-05-06 09:46:47.349811954,107.26,88.0,buy
2024-05-06 09:46:47.383612174,107.25,137.0,sell
2024-05-06 09:46:47.717908920,107.19,75.0,buy
2024-05-06 09:46:47.735004682,107.1,71.0,sell
2024-05-06 09:46:47.767355658,107.0,90.0,buy
2024-05-06 09:46:48.951918217,106.98,87.0,buy
2024-05-06 09:46:49.026891117,107.01,81.0,sell
2024-05-06 09:46:49.406984257,106.82,126.0,sell
2024-05-06 09:46:49.671729968,106.8,45.0,buy
2024-05-06 09:46:49.885081996,106.84,124.0,sell
2024-05-06 09:46:51.035541964,106.75,140.0,buy
2024-05-06 09:46:51.046574489,106.89,56.0,sell
2024-05-06 09:46:51.591583679,106.99,87.0,buy
2024-05-06 09:46:53.245361169,106.88,92.0,buy
2024-05-06 09:46:53.656042599,106.77,117.0,sell
2024-05-06 09:46:55.036945826,106.72,119.0,buy
2024-05-06 09:46:55.063782245,106.77,109.0,sell
2024-05-06 09:46:55.335106671,106.68,107.0,buy
2024-05-06 09:46:55.485765844,106.78,185.0,buy
2024-05-06 09:46:56.141955126,106.76,71.0,sell
2024-05-06 09:46:58.131493215,106.88,112.0,buy
2024-05-06 09:46:58.279706689,106.95,225.0,sell
2024-05-06 09:46:58.810617319,106.93,66.0,buy
2024-05-06 09:46:58.921001527,107.03,241.0,buy
2024-05-06 09:46:59.337585898,107.11,105.0,buy
2024-05-06 09:46:59.649333482,106.88,172.0,sell
2024-05-06 09:47:01.437204047,106.99,98.0,sell
2024-05-06 09:47:01.906123761,107.03,115.0,buy
2024-05-06 09:47:02.121135650,107.14,88.0,buy
2024-05-06 09:47:02.181708871,107.28,100.0,sell
2024-05-06 09:47:02.263702303,107.39,140.0,sell
2024-05-06 09:47:02.391352941,107.47,83.0,sell
2024-05-06 09:47:02.535838834,107.46,201.0,buy
2024-05-06 09:47:03.486456581,107.42,148.0,sell
2024-05-06 09:47:03.898338323,107.43,102.0,sell
2024-05-06 09:47:04.268867646,107.46,70.0,sell
2024-05-06 09:47:04.329820899,107.65,82.0,buy
2024-05-06 09:47:05.313376481,107.49,94.0,buy
2024-05-06 09:47:05.954910287,107.36,123.0,buy
2024-05-06 09:47:05.989943633,107.49,223.0,buy
2024-05-06 09:47:06.605162084,107.53,85.0,buy
2024-05-06 09:47:06.997287234,107.63,89.0,sell
2024-05-06 09:47:07.039916607,107.57,228.0,sell
2024-05-06 09:47:07.346438667,107.52,50.0,sell
2024-05-06 09:47:07.677938076,107.56,82.0,buy
2024-05-06 09:47:07.768563865,107.36,143.0,sell
2024-05-06 09:47:09.225162329,107.38,105.0,buy
2024-05-06 09:47:10.173640233,107.3,255.0,buy
2024-05-06 09:47:10.726492428,107.41,105.0,sell
2024-05-06 09:47:11.036715548,107.5,99.0,sell
2024-05-06 09:47:11.302030384,107.54,112.0,buy
2024-05-06 09:47:11.828334051,107.5,123.0,sell
2024-05-06 09:47:12.222537788,107.33,40.0,buy
2024-05-06 09:47:12.254686053,107.21,125.0,sell
2024-05-06 09:47:12.613921264,107.18,100.0,sell
2024-05-06 09:47:13.434911158,107.05,99.0,sell
2024-05-06 09:47:13.742300906,107.07,103.0,sell
2024-05-06 09:47:13.768978392,107.0,102.0,sell
2024-05-06 09:47:14.540518446,106.92,66.0,sell
2024-05-06 09:47:14.652943313,106.93,73.0,buy
2024-05-06 09:47:14.802564858,107.03,108.0,buy
2024-05-06 09:47:14.892550830,107.24,144.0,buy
2024-05-06 09:47:15.092950135,107.27,75.0,buy
2024-05-06 09:47:15.799786009,107.21,105.0,sell
2024-05-06 09:47:16.166131276,107.21,46.0,buy
2024-05-06 09:47:16.280763193,107.21,85.0,buy
2024-05-06 09:47:17.331934394,107.17,133.0,sell
2024-05-06 09:47:18.390326919,107.14,55.0,buy
2024-05-06 09:47:19.412667009,107.18,92.0,buy
2024-05-06 09:47:19.549094092,107.29,71.0,sell
2024-05-06 09:47:19.849140541,107.25,152.0,sell
2024-05-06 09:47:21.948648403,107.32,53.0,buy
2024-05-06 09:47:22.687880589,107.32,108.0,buy
2024-05-06 09:47:22.701652229,107.38,120.0,buy
2024-05-06 09:47:22.735366022,107.23,164.0,sell
2024-05-06 09:47:23.047112571,107.27,124.0,buy
2024-05-06 09:47:24.246771846,107.38,80.0,buy
2024-05-06 09:47:24.633627139,107.3,208.0,sell
2024-05-06 09:47:24.978018009,107.47,69.0,sell
2024-05-06 09:47:25.033748496,107.45,103.0,buy
2024-05-06 09:47:25.568440467,107.48,105.0,buy
2024-05-06 09:47:26.431716193,107.55,112.0,buy
2024-05-06 09:47:26.671072924,107.61,116.0,sell
2024-05-06 09:47:27.418261883,107.66,133.0,sell
2024-05-06 09:47:29.087044464,107.69,95.0,buy
2024-05-06 09:47:29.200975836,107.64,89.0,sell
2024-05-06 09:47:29.571440874,107.48,169.0,buy
2024-05-06 09:47:29.740674558,107.54,78.0,buy
2024-05-06 09:47:30.527841279,107.45,44.0,sell
2024-05-06 09:47:30.958734700,107.59,97.0,buy
2024-05-06 09:47:31.462091959,107.52,159.0,buy
2024-05-06 09:47:32.261623319,107.69,91.0,sell
2024-05-06 09:47:32.513689417,107.52,77.0,sell
2024-05-06 09:47:33.746771523,107.45,109.0,buy
2024-05-06 09:47:34.127515442,107.53,163.0,buy
2024-05-06 09:47:34.213476247,107.55,129.0,sell
2024-05-06 09:47:34.808674140,107.62,179.0,buy
2024-05-06 09:47:35.596824063,107.65,122.0,sell
2024-05-06 09:47:35.787279835,107.7,88.0,sell
2024-05-06 09:47:36.760362325,107.73,112.0,sell
2024-05-06 09:47:37.943355148,107.81,97.0,buy
2024-05-06 09:47:38.105462128,107.68,53.0,buy
2024-05-06 09:47:40.158310689,107.86,100.0,sell
2024-05-06 09:47:40.234135984,108.09,68.0,buy
2024-05-06 09:47:40.346969142,108.23,108.0,sell
2024-05-06 09:47:40.448777393,108.43,119.0,buy
2024-05-06 09:47:41.570886950,108.34,95.0,buy
2024-05-06 09:47:42.101968144,108.38,101.0,sell
2024-05-06 09:47:42.184466957,108.24,69.0,buy
2024-05-06 09:47:42.474665055,108.46,90.0,sell
2024-05-06 09:47:42.952308222,108.51,177.0,buy
2024-05-06 09:47:42.995885235,108.67,114.0,sell
2024-05-06 09:47:44.066187955,108.48,70.0,buy
2024-05-06 09:47:44.879997897,108.53,100.0,sell
2024-05-06 09:47:45.231805561,108.52,54.0,buy
2024-05-06 09:47:46.939351523,108.61,126.0,buy
2024-05-06 09:47:47.209788636,108.53,144.0,buy
2024-05-06 09:47:49.280831325,108.37,101.0,buy
2024-05-06 09:47:49.832021011,108.37,53.0,buy
2024-05-06 09:47:50.335499865,108.27,119.0,buy
2024-05-06 09:47:50.426233763,108.25,123.0,sell
2024-05-06 09:47:51.494463075,108.26,245.0,sell
2024-05-06 09:47:51.773325341,108.28,86.0,sell
2024-05-06 09:47:51.861833213,108.34,93.0,buy
2024-05-06 09:47:51.868177048,108.38,79.0,sell
2024-05-06 09:47:52.278389768,108.27,95.0,sell
2024-05-06 09:47:52.653142326,108.48,74.0,buy
2024-05-06 09:47:53.288472248,108.16,198.0,sell
2024-05-06 09:47:54.393284051,108.19,87.0,buy
2024-05-06 09:47:54.434652451,108.15,75.0,sell
2024-05-06 09:47:55.092098098,108.19,100.0,sell
2024-05-06 09:47:55.195863595,108.24,141.0,buy
2024-05-06 09:47:56.172451521,108.27,122.0,sell
2024-05-06 09:47:57.027256129,108.27,108.0,sell
2024-05-06 09:47:57.416384046,108.08,122.0,buy
2024-05-06 09:47:58.035740018,108.06,41.0,sell
2024-05-06 09:47:58.224434093,108.14,155.0,sell
2024-05-06 09:47:58.542976236,108.1,114.0,buy
2024-05-06 09:47:59.404943189,108.08,143.0,sell
2024-05-06 09:47:59.712356348,108.03,83.0,sell
2024-05-06 09:47:59.933782746,108.06,116.0,sell
2024-05-06 09:48:00.274602024,108.14,94.0,buy
2024-05-06 09:48:01.155457521,108.1,108.0,buy
2024-05-06 09:48:01.359598091,107.86,150.0,buy
2024-05-06 09:48:01.455034051,107.78,78.0,sell
2024-05-06 09:48:02.077455792,107.79,143.0,sell
2024-05-06 09:48:02.951743178,107.7,72.0,buy
2024-05-06 09:48:03.004777716,107.5,174.0,sell
2024-05-06 09:48:03.141913326,107.56,45.0,buy
2024-05-06 09:48:03.218472593,107.68,82.0,buy
2024-05-06 09:48:03.432283023,107.63,74.0,sell
2024-05-06 09:48:03.731520697,107.5,95.0,sell
2024-05-06 09:48:04.422326045,107.52,61.0,sell
2024-05-06 09:48:04.948879207,107.61,117.0,sell
2024-05-06 09:48:05.433894515,107.79,154.0,sell
2024-05-06 09:48:05.651116201,107.77,146.0,sell
2024-05-06 09:48:06.571951123,107.66,52.0,sell
2024-05-06 09:48:06.890606045,107.75,152.0,buy
2024-05-06 09:48:08.824727254,107.77,115.0,buy
2024-05-06 09:48:09.327482442,107.77,92.0,buy
2024-05-06 09:48:09.394971371,107.94,41.0,sell
2024-05-06 09:48:09.958751343,107.92,135.0,sell
2024-05-06 09:48:10.155349691,107.92,30.0,sell
2024-05-06 09:48:10.735052123,108.05,67.0,buy
2024-05-06 09:48:10.771144576,108.01,78.0,sell
2024-05-06 09:48:10.867258671,107.86,136.0,sell
2024-05-06 09:48:11.835318197,107.89,122.0,buy
2024-05-06 09:48:11.964172468,108.06,79.0,buy
2024-05-06 09:48:12.871301174,108.06,91.0,sell
2024-05-06 09:48:13.035050744,108.22,103.0,buy
2024-05-06 09:48:13.549895128,108.31,103.0,buy
2024-05-06 09:48:14.142226312,108.19,67.0,buy
2024-05-06 09:48:14.501617553,108.17,61.0,buy
2024-05-06 09:48:14.683762828,107.95,37.0,sell
2024-05-06 09:48:14.803300458,107.94,63.0,buy
2024-05-06 09:48:14.820176768,108.13,139.0,buy
2024-05-06 09:48:15.001341074,108.17,152.0,buy
2024-05-06 09:48:15.530790946,108.25,140.0,sell
2024-05-06 09:48:16.923565670,108.12,187.0,sell
2024-05-06 09:48:17.948330303,108.0,125.0,sell
2024-05-06 09:48:18.674685815,108.05,158.0,sell
2024-05-06 09:48:19.451326487,108.0,131.0,buy
2024-05-06 09:48:19.998116329,107.77,175.0,sell
2024-05-06 09:48:20.148862735,107.91,52.0,buy
2024-05-06 09:48:21.337490281,107.99,61.0,buy
2024-05-06 09:48:21.892932390,108.22,72.0,sell
2024-05-06 09:48:22.303923634,108.1,62.0,sell
2024-05-06 09:48:22.362746733,108.13,186.0,sell
2024-05-06 09:48:22.658995595,108.15,94.0,buy
2024-05-06 09:48:22.967420507,108.26,189.0,sell
2024-05-06 09:48:23.967047103,108.4,141.0,buy
2024-05-06 09:48:24.362590552,108.51,154.0,sell
2024-05-06 09:48:24.601931581,108.63,155.0,buy
2024-05-06 09:48:26.483740161,108.78,124.0,buy
2024-05-06 09:48:26.542412061,108.9,146.0,sell
2024-05-06 09:48:26.816977410,108.8,115.0,buy
2024-05-06 09:48:26.838444039,108.89,73.0,sell
2024-05-06 09:48:27.511796514,108.92,71.0,buy
2024-05-06 09:48:28.762781530,108.86,132.0,buy
2024-05-06 09:48:28.927059487,108.88,106.0,sell
2024-05-06 09:48:29.904228135,108.77,50.0,sell
2024-05-06 09:48:30.077037869,108.68,197.0,buy
2024-05-06 09:48:31.285307761,108.62,194.0,buy
2024-05-06 09:48:31.986442207,108.48,65.0,buy
2024-05-06 09:48:32.803581090,108.34,99.0,sell
2024-05-06 09:48:32.812666414,108.34,232.0,buy
2024-05-06 09:48:34.458528900,108.37,144.0,sell
2024-05-06 09:48:35.107068426,108.39,89.0,sell
2024-05-06 09:48:35.288811107,108.2,140.0,sell
2024-05-06 09:48:36.173012292,108.36,58.0,sell
2024-05-06 09:48:36.338321831,108.42,61.0,buy
2024-05-06 09:48:37.369137730,108.54,87.0,sell
2024-05-06 09:48:37.428856401,108.68,59.0,buy
2024-05-06 09:48:38.037024151,108.67,55.0,sell
2024-05-06 09:48:38.426048337,108.63,94.0,sell
2024-05-06 09:48:38.476806997,108.68,104.0,sell
2024-05-06 09:48:38.615272915,108.81,120.0,buy
2024-05-06 09:48:38.621513719,108.55,146.0,sell
2024-05-06 09:48:38.937791908,108.48,106.0,buy
2024-05-06 09:48:39.117033955,108.37,147.0,buy
2024-05-06 09:48:39.573130380,108.43,137.0,buy
2024-05-06 09:48:39.749498740,108.52,77.0,buy
2024-05-06 09:48:39.927778438,108.48,162.0,sell
2024-05-06 09:48:40.607494049,108.39,89.0,sell
2024-05-06 09:48:40.632164196,108.48,73.0,sell
2024-05-06 09:48:41.798145377,108.38,79.0,buy
2024-05-06 09:48:42.754309143,108.41,84.0,buy
2024-05-06 09:48:43.305325233,108.5,95.0,sell
2024-05-06 09:48:43.755068553,108.52,101.0,buy
2024-05-06 09:48:44.869282998,108.57,82.0,sell
2024-05-06 09:48:44.971769186,108.73,88.0,sell
2024-05-06 09:48:45.012900066,108.82,167.0,sell
2024-05-06 09:48:45.149796336,108.74,70.0,sell
2024-05-06 09:48:45.941141454,108.85,137.0,sell
2024-05-06 09:48:45.958784226,108.75,75.0,buy
2024-05-06 09:48:46.395887195,108.73,75.0,sell
2024-05-06 09:48:49.090831250,108.89,116.0,buy
2024-05-06 09:48:50.058748122,108.79,129.0,sell
2024-05-06 09:48:50.427240908,108.84,46.0,buy
2024-05-06 09:48:50.460119024,108.87,37.0,sell
2024-05-06 09:48:51.350153601,108.96,71.0,buy
2024-05-06 09:48:51.807023730,109.01,72.0,buy
2024-05-06 09:48:51.868069693,109.11,106.0,sell
2024-05-06 09:48:51.917348925,108.99,102.0,sell
2024-05-06 09:48:53.119252790,108.82,158.0,buy
2024-05-06 09:48:53.672373846,108.69,106.0,sell
2024-05-06 09:48:54.556259005,108.87,67.0,sell
2024-05-06 09:48:55.612154191,109.05,100.0,sell
2024-05-06 09:48:56.036204359,109.07,282.0,buy
2024-05-06 09:48:56.400535947,109.23,188.0,buy
2024-05-06 09:48:56.681970469,109.29,95.0,buy
2024-05-06 09:48:56.872561579,109.21,91.0,buy
2024-05-06 09:48:57.157668924,109.35,102.0,sell
2024-05-06 09:48:57.901012886,109.31,99.0,buy
2024-05-06 09:48:58.361568340,109.25,201.0,buy
2024-05-06 09:48:59.476808893,109.19,222.0,sell
2024-05-06 09:48:59.769745155,109.25,78.0,sell
2024-05-06 09:49:00.236831969,109.3,150.0,sell
2024-05-06 09:49:00.735728199,109.45,71.0,buy
2024-05-06 09:49:01.183601264,109.41,119.0,sell
2024-05-06 09:49:01.789996670,109.47,233.0,buy
2024-05-06 09:49:01.925529430,109.55,164.0,buy
2024-05-06 09:49:02.284622229,109.49,82.0,sell
2024-05-06 09:49:02.339655125,109.46,76.0,sell
2024-05-06 09:49:02.582324494,109.49,139.0,sell
2024-05-06 09:49:02.916714799,109.44,79.0,buy
2024-05-06 09:49:03.444813514,109.49,102.0,sell
2024-05-06 09:49:04.948018580,109.62,87.0,sell
2024-05-06 09:49:05.406978442,109.45,77.0,buy
2024-05-06 09:49:06.087474855,109.5,56.0,buy
2024-05-06 09:49:06.440354099,109.53,103.0,sell
2024-05-06 09:49:06.943057212,109.25,187.0,buy
2024-05-06 09:49:06.979844001,109.31,137.0,sell
2024-05-06 09:49:07.126621362,109.28,43.0,buy
2024-05-06 09:49:07.351214743,109.32,93.0,sell
2024-05-06 09:49:07.671011652,109.4,144.0,buy
2024-05-06 09:49:07.694373394,109.43,139.0,buy
2024-05-06 09:49:07.769798849,109.5,168.0,sell
2024-05-06 09:49:07.931843476,109.58,140.0,sell
2024-05-06 09:49:09.711342925,109.45,157.0,buy
2024-05-06 09:49:09.912587950,109.64,90.0,sell
2024-05-06 09:49:10.241517601,109.6,63.0,buy
2024-05-06 09:49:10.350656376,109.53,108.0,sell
2024-05-06 09:49:10.822461739,109.49,196.0,buy
2024-05-06 09:49:10.987188453,109.4,70.0,sell
2024-05-06 09:49:11.103149802,109.27,77.0,sell
2024-05-06 09:49:11.466576897,109.29,75.0,buy
2024-05-06 09:49:11.469337403,109.29,135.0,buy
2024-05-06 09:49:11.473184179,109.39,146.0,sell
2024-05-06 09:49:11.596818297,109.49,99.0,sell
2024-05-06 09:49:11.615524580,109.42,84.0,buy
2024-05-06 09:49:11.672683590,109.19,100.0,buy
2024-05-06 09:49:11.879578912,109.45,92.0,sell
2024-05-06 09:49:12.690804216,109.65,68.0,sell
2024-05-06 09:49:13.115177088,109.63,95.0,sell
2024-05-06 09:49:13.474581638,109.71,96.0,sell
2024-05-06 09:49:13.648289767,109.75,60.0,sell
2024-05-06 09:49:14.990605938,109.69,161.0,sell
2024-05-06 09:49:15.243537452,109.66,202.0,sell
2024-05-06 09:49:15.289097957,109.78,128.0,sell
2024-05-06 09:49:15.769044945,109.78,123.0,sell
2024-05-06 09:49:15.829472917,109.78,143.0,buy
2024-05-06 09:49:16.041203306,109.88,95.0,sell
2024-05-06 09:49:16.395244321,109.94,87.0,sell
2024-05-06 09:49:17.431864822,109.84,117.0,sell
2024-05-06 09:49:17.772026284,109.73,96.0,buy
2024-05-06 09:49:18.377791540,109.77,81.0,sell
2024-05-06 09:49:20.845799411,109.61,110.0,sell
2024-05-06 09:49:20.916286994,109.61,75.0,buy
2024-05-06 09:49:21.076893686,109.65,86.0,buy
2024-05-06 09:49:21.327806868,109.56,127.0,sell
2024-05-06 09:49:21.601748961,109.59,52.0,buy
2024-05-06 09:49:21.866431400,109.69,107.0,sell
2024-05-06 09:49:23.057305091,109.69,130.0,sell
2024-05-06 09:49:23.683243899,109.75,85.0,sell
2024-05-06 09:49:24.151369733,109.73,245.0,buy
2024-05-06 09:49:24.336447228,109.62,71.0,sell
2024-05-06 09:49:25.204487725,109.49,68.0,sell
2024-05-06 09:49:26.755706922,109.69,73.0,buy
2024-05-06 09:49:27.616445827,109.56,97.0,buy
2024-05-06 09:49:27.617228993,109.54,104.0,buy
2024-05-06 09:49:28.123081335,109.52,95.0,sell
2024-05-06 09:49:28.149325909,109.67,156.0,buy
2024-05-06 09:49:28.298264321,109.5,141.0,buy
2024-05-06 09:49:28.328949267,109.41,119.0,sell
2024-05-06 09:49:28.791861602,109.35,122.0,sell
2024-05-06 09:49:29.371982984,109.56,63.0,buy
2024-05-06 09:49:29.432777415,109.66,155.0,sell
2024-05-06 09:49:29.674900813,109.62,164.0,buy
2024-05-06 09:49:29.979521256,109.62,76.0,buy
2024-05-06 09:49:30.209787980,109.65,107.0,buy
2024-05-06 09:49:30.274287392,109.54,84.0,buy
2024-05-06 09:49:30.545744724,109.34,135.0,sell
2024-05-06 09:49:31.241253569,109.55,47.0,sell
2024-05-06 09:49:31.278080964,109.7,112.0,sell
2024-05-06 09:49:31.319869612,109.7,90.0,sell
2024-05-06 09:49:31.538944831,109.61,126.0,buy
2024-05-06 09:49:32.960241984,109.61,72.0,sell
2024-05-06 09:49:33.512415303,109.63,72.0,buy
2024-05-06 09:49:34.080058559,109.64,138.0,buy
2024-05-06 09:49:34.304704358,109.63,53.0,buy
2024-05-06 09:49:34.754987847,109.53,144.0,buy
2024-05-06 09:49:34.760079274,109.63,75.0,buy
2024-05-06 09:49:35.265511928,109.33,90.0,sell
2024-05-06 09:49:36.488087359,109.0,131.0,sell
2024-05-06 09:49:36.962201881,109.15,103.0,buy
2024-05-06 09:49:37.996743937,109.21,155.0,sell
2024-05-06 09:49:38.640372334,109.26,68.0,sell
2024-05-06 09:49:38.704606402,109.33,199.0,sell
2024-05-06 09:49:39.868318460,109.4,99.0,buy
2024-05-06 09:49:39.902695541,109.38,75.0,buy
2024-05-06 09:49:40.284445464,109.44,127.0,sell
2024-05-06 09:49:40.361100969,109.37,102.0,buy
2024-05-06 09:49:40.366988806,109.37,102.0,sell
2024-05-06 09:49:40.641109148,109.27,202.0,sell
2024-05-06 09:49:40.815916758,109.25,83.0,sell
2024-05-06 09:49:41.148683245,109.38,110.0,buy
2024-05-06 09:49:41.579111124,109.34,164.0,buy
2024-05-06 09:49:41.601473357,109.47,70.0,sell
2024-05-06 09:49:41.667099379,109.55,80.0,buy
2024-05-06 09:49:42.076049299,109.63,78.0,buy
2024-05-06 09:49:42.286212307,109.57,79.0,sell
2024-05-06 09:49:42.939350726,109.73,74.0,sell
2024-05-06 09:49:43.467546337,109.55,88.0,buy
2024-05-06 09:49:44.401664786,109.67,103.0,buy
2024-05-06 09:49:44.991293218,109.75,85.0,sell
2024-05-06 09:49:45.272292223,109.72,178.0,sell
2024-05-06 09:49:45.831138743,109.9,200.0,sell
2024-05-06 09:49:45.992193503,109.79,67.0,buy
2024-05-06 09:49:46.175061077,109.7,169.0,sell
2024-05-06 09:49:46.952974485,109.76,132.0,buy
2024-05-06 09:49:47.248648550,109.76,112.0,buy
2024-05-06 09:49:48.049334665,109.96,112.0,sell
2024-05-06 09:49:48.913508382,109.95,182.0,buy
2024-05-06 09:49:49.887933798,110.03,142.0,buy
2024-05-06 09:49:51.130198573,110.24,126.0,sell
2024-05-06 09:49:51.412123009,110.19,95.0,sell
2024-05-06 09:49:51.604121721,110.13,80.0,sell
2024-05-06 09:49:52.040496436,110.19,55.0,buy
2024-05-06 09:49:52.272445527,110.29,98.0,buy
2024-05-06 09:49:52.731935408,110.19,98.0,buy
2024-05-06 09:49:53.343319344,110.1,48.0,buy
2024-05-06 09:49:53.926344879,110.09,106.0,buy
2024-05-06 09:49:54.160989131,110.0,73.0,sell
2024-05-06 09:49:54.252266044,110.1,116.0,buy
2024-05-06 09:49:54.533790051,109.9,213.0,sell
2024-05-06 09:49:54.610711999,109.94,99.0,buy
2024-05-06 09:49:55.714790719,109.78,69.0,buy
2024-05-06 09:49:55.927021007,109.65,128.0,sell
2024-05-06 09:49:56.010910759,109.49,82.0,buy
2024-05-06 09:49:56.023799336,109.47,135.0,sell
2024-05-06 09:49:56.542777715,109.47,107.0,sell
2024-05-06 09:49:57.049319406,109.59,63.0,sell
2024-05-06 09:49:57.257535040,109.6,115.0,sell
2024-05-06 09:49:57.294741605,109.43,79.0,sell
2024-05-06 09:49:57.558243579,109.43,69.0,buy
2024-05-06 09:49:57.744658442,109.61,86.0,buy
2024-05-06 09:49:58.309896703,109.51,100.0,buy
2024-05-06 09:49:58.775318826,109.59,89.0,buy
2024-05-06 09:49:59.002064170,109.74,66.0,buy
2024-05-06 09:49:59.124945744,109.75,274.0,sell
2024-05-06 09:50:01.337870899,109.75,98.0,sell
2024-05-06 09:50:01.640440535,109.79,48.0,sell
2024-05-06 09:50:02.223256254,109.79,129.0,sell
2024-05-06 09:50:02.298989295,109.98,81.0,buy
2024-05-06 09:50:02.631356337,110.14,168.0,sell
2024-05-06 09:50:02.645317818,110.13,140.0,sell
2024-05-06 09:50:02.997376502,109.89,43.0,sell
2024-05-06 09:50:04.659736497,109.97,124.0,buy
2024-05-06 09:50:04.902158469,109.9,92.0,sell
2024-05-06 09:50:04.922046830,109.82,234.0,buy
2024-05-06 09:50:04.937769352,109.68,95.0,buy
2024-05-06 09:50:05.183270033,109.74,95.0,buy
2024-05-06 09:50:05.270461570,109.77,53.0,buy
2024-05-06 09:50:05.282276109,109.64,94.0,sell
2024-05-06 09:50:05.988007561,109.64,111.0,sell
2024-05-06 09:50:06.294734913,109.67,83.0,buy
2024-05-06 09:50:06.465448499,109.64,126.0,sell
2024-05-06 09:50:07.617157134,109.51,253.0,sell
2024-05-06 09:50:07.678884846,109.58,82.0,buy
2024-05-06 09:50:09.239746120,109.75,106.0,sell
2024-05-06 09:50:09.428160688,109.78,103.0,sell
2024-05-06 09:50:10.524594255,109.8,53.0,buy
2024-05-06 09:50:10.986431816,110.04,96.0,sell
2024-05-06 09:50:11.862818591,110.08,33.0,buy
2024-05-06 09:50:13.930813389,110.08,154.0,sell
2024-05-06 09:50:14.100936872,110.19,51.0,sell
2024-05-06 09:50:15.724773705,110.18,76.0,sell
2024-05-06 09:50:15.971497370,110.13,62.0,buy
2024-05-06 09:50:16.214980231,110.12,185.0,buy
2024-05-06 09:50:16.423031300,110.14,94.0,buy
2024-05-06 09:50:16.812828049,110.13,114.0,buy
2024-05-06 09:50:16.896531738,110.13,107.0,sell
2024-05-06 09:50:17.299926560,110.18,209.0,sell
2024-05-06 09:50:17.690047454,110.26,76.0,buy
2024-05-06 09:50:18.407583523,110.17,111.0,sell
2024-05-06 09:50:19.304414047,110.14,122.0,sell
2024-05-06 09:50:19.594717512,110.29,45.0,sell
2024-05-06 09:50:19.774724375,110.09,63.0,sell
2024-05-06 09:50:19.924827729,109.91,66.0,buy
2024-05-06 09:50:20.033050642,109.99,134.0,buy
2024-05-06 09:50:20.062738621,110.14,85.0,buy
2024-05-06 09:50:20.272354321,110.14,49.0,buy
2024-05-06 09:50:20.429879374,110.1,81.0,sell
2024-05-06 09:50:22.126752765,110.18,106.0,sell
2024-05-06 09:50:22.534646190,110.18,74.0,buy
2024-05-06 09:50:22.747947438,110.17,93.0,sell
2024-05-06 09:50:23.182254700,110.08,74.0,sell
2024-05-06 09:50:23.257199328,110.2,88.0,buy
2024-05-06 09:50:23.550732166,110.13,65.0,buy
2024-05-06 09:50:24.042795268,110.28,53.0,sell
2024-05-06 09:50:24.378388154,110.17,137.0,buy
2024-05-06 09:50:24.635285501,109.97,242.0,sell
2024-05-06 09:50:27.180806133,109.92,129.0,buy
2024-05-06 09:50:28.242251133,110.14,79.0,buy
2024-05-06 09:50:28.730544875,110.16,61.0,sell
2024-05-06 09:50:29.151806436,110.08,189.0,sell
2024-05-06 09:50:29.636468257,110.19,81.0,sell
2024-05-06 09:50:29.748860773,110.34,127.0,sell
2024-05-06 09:50:30.000238034,110.24,54.0,sell
2024-05-06 09:50:30.020367617,110.14,163.0,buy
2024-05-06 09:50:30.343066432,110.04,84.0,buy
2024-05-06 09:50:30.734629274,109.77,115.0,sell
2024-05-06 09:50:30.863852577,109.83,75.0,buy
2024-05-06 09:50:32.526371563,109.72,60.0,buy
2024-05-06 09:50:33.727323571,109.86,83.0,buy
2024-05-06 09:50:34.367648338,109.9,113.0,buy
2024-05-06 09:50:34.748775470,109.97,123.0,sell
2024-05-06 09:50:35.768767281,109.96,75.0,buy
2024-05-06 09:50:35.838773366,109.95,98.0,sell
2024-05-06 09:50:36.620312511,109.82,156.0,buy
2024-05-06 09:50:36.686975826,109.8,142.0,buy
2024-05-06 09:50:37.477426960,109.84,114.0,sell
2024-05-06 09:50:37.638748410,109.71,65.0,sell
2024-05-06 09:50:38.686902223,109.82,82.0,buy
2024-05-06 09:50:40.128479996,109.69,96.0,buy
2024-05-06 09:50:40.209031708,109.63,81.0,buy
2024-05-06 09:50:40.519608348,109.78,141.0,sell
2024-05-06 09:50:42.500934455,109.89,77.0,sell
2024-05-06 09:50:42.831184851,109.87,71.0,sell
2024-05-06 09:50:43.827074289,109.83,150.0,sell
2024-05-06 09:50:44.271328812,109.78,197.0,buy
2024-05-06 09:50:44.506594623,109.68,165.0,buy
2024-05-06 09:50:44.674879232,109.85,180.0,buy
2024-05-06 09:50:44.788469509,109.81,147.0,buy
2024-05-06 09:50:45.505788023,109.9,88.0,sell
2024-05-06 09:50:45.750108545,110.05,51.0,sell
2024-05-06 09:50:46.108086677,109.97,210.0,buy
2024-05-06 09:50:46.447044050,109.82,82.0,sell
2024-05-06 09:50:46.877565531,110.03,144.0,buy
2024-05-06 09:50:47.880947940,110.05,119.0,buy
2024-05-06 09:50:49.855793335,110.01,93.0,sell
2024-05-06 09:50:50.117566606,110.31,219.0,sell
2024-05-06 09:50:50.996300476,110.22,61.0,buy
2024-05-06 09:50:51.719381675,110.42,236.0,sell
2024-05-06 09:50:52.145487073,110.53,150.0,sell
2024-05-06 09:50:53.707805905,110.5,143.0,sell
2024-05-06 09:50:53.819674341,110.41,60.0,buy
2024-05-06 09:50:53.877528055,110.36,90.0,sell
2024-05-06 09:50:54.839472150,110.16,131.0,sell
2024-05-06 09:50:55.128622881,110.05,67.0,sell
2024-05-06 09:50:56.067179787,110.06,98.0,buy
2024-05-06 09:50:57.185064707,110.09,179.0,sell
2024-05-06 09:50:57.217311351,110.26,95.0,buy
2024-05-06 09:50:58.292092145,110.71,159.0,sell
2024-05-06 09:50:58.589484844,110.58,124.0,buy
2024-05-06 09:50:58.946601298,110.66,58.0,sell
2024-05-06 09:50:59.439143794,110.62,116.0,sell
2024-05-06 09:51:00.743580774,110.7,65.0,sell
2024-05-06 09:51:00.753231359,110.73,48.0,buy
2024-05-06 09:51:01.077168641,110.67,138.0,buy
2024-05-06 09:51:01.659099440,110.68,101.0,sell
2024-05-06 09:51:02.300439649,110.61,92.0,buy
2024-05-06 09:51:02.890132482,110.67,65.0,buy
2024-05-06 09:51:02.962318959,110.51,132.0,sell
2024-05-06 09:51:03.140224895,110.43,67.0,sell
2024-05-06 09:51:03.362365956,110.3,46.0,sell
2024-05-06 09:51:04.178302838,110.42,177.0,sell
2024-05-06 09:51:04.341694412,110.46,98.0,sell
2024-05-06 09:51:04.460001958,110.4,46.0,buy
2024-05-06 09:51:06.038516392,110.38,169.0,sell
2024-05-06 09:51:06.042967791,110.4,148.0,sell
2024-05-06 09:51:09.107379288,110.33,125.0,sell
2024-05-06 09:51:09.672154215,110.19,83.0,sell
2024-05-06 09:51:10.553650724,110.3,113.0,sell
2024-05-06 09:51:10.728159603,110.31,128.0,sell
2024-05-06 09:51:10.735368968,110.18,91.0,sell
2024-05-06 09:51:11.404825407,110.21,78.0,sell
2024-05-06 09:51:12.303144875,110.2,127.0,sell
2024-05-06 09:51:12.977598177,110.27,41.0,sell
2024-05-06 09:51:13.054669518,110.11,102.0,sell
2024-05-06 09:51:13.754719980,110.05,74.0,sell
2024-05-06 09:51:14.487221653,110.05,75.0,sell
2024-05-06 09:51:15.024484777,110.13,103.0,sell
2024-05-06 09:51:15.750949640,110.15,86.0,sell
2024-05-06 09:51:16.686095977,110.29,135.0,buy
2024-05-06 09:51:17.161542389,110.24,110.0,buy
2024-05-06 09:51:17.207931676,110.22,120.0,sell
2024-05-06 09:51:17.542283668,110.22,75.0,buy
2024-05-06 09:51:17.582698566,110.12,142.0,buy
2024-05-06 09:51:17.844437083,110.07,96.0,sell
2024-05-06 09:51:18.105807320,110.2,72.0,buy
2024-05-06 09:51:18.139952010,110.04,93.0,buy
2024-05-06 09:51:18.354437009,110.01,184.0,sell
2024-05-06 09:51:18.413264961,110.01,137.0,buy
2024-05-06 09:51:19.239007816,109.85,127.0,sell
2024-05-06 09:51:20.714272809,109.79,105.0,buy
2024-05-06 09:51:20.751805126,109.86,135.0,sell
2024-05-06 09:51:22.303633243,109.96,72.0,buy
2024-05-06 09:51:22.673309017,109.88,76.0,sell
2024-05-06 09:51:22.851336355,109.94,105.0,buy
2024-05-06 09:51:22.891324668,110.11,170.0,sell
2024-05-06 09:51:23.238522916,109.99,118.0,buy
2024-05-06 09:51:24.029715361,109.95,101.0,sell
2024-05-06 09:51:24.643654290,109.94,112.0,buy
2024-05-06 09:51:24.669419905,109.98,80.0,sell
2024-05-06 09:51:24.707267817,110.15,215.0,sell
2024-05-06 09:51:24.965080783,110.34,174.0,buy
2024-05-06 09:51:25.140065587,110.31,55.0,buy
2024-05-06 09:51:25.272298633,110.23,188.0,sell
2024-05-06 09:51:25.437248722,110.28,55.0,sell
2024-05-06 09:51:26.250751238,110.34,178.0,sell
2024-05-06 09:51:27.574897535,110.36,70.0,sell
2024-05-06 09:51:27.834580777,110.32,101.0,buy
2024-05-06 09:51:29.017401811,110.34,107.0,sell
2024-05-06 09:51:29.211334043,110.62,122.0,buy
2024-05-06 09:51:29.534882985,110.35,77.0,buy
2024-05-06 09:51:29.662993422,110.43,106.0,buy
2024-05-06 09:51:30.174480653,110.56,102.0,buy
2024-05-06 09:51:32.105647637,110.79,73.0,sell
2024-05-06 09:51:32.568178550,110.76,104.0,sell
2024-05-06 09:51:32.789617264,110.98,143.0,buy
2024-05-06 09:51:33.311420073,110.96,71.0,buy
2024-05-06 09:51:33.376998995,110.88,212.0,buy
2024-05-06 09:51:34.474578213,110.92,83.0,buy
2024-05-06 09:51:34.824245304,111.12,92.0,buy
2024-05-06 09:51:35.122573010,111.01,106.0,buy
2024-05-06 09:51:35.563354391,111.22,236.0,sell
2024-05-06 09:51:36.053480917,111.31,69.0,buy
2024-05-06 09:51:36.090721911,111.46,215.0,buy
2024-05-06 09:51:36.664545276,111.42,136.0,sell
2024-05-06 09:51:36.803036159,111.31,121.0,sell
2024-05-06 09:51:37.428835089,111.16,84.0,buy
2024-05-06 09:51:38.293325446,111.02,84.0,sell
2024-05-06 09:51:39.108039919,111.14,74.0,buy
2024-05-06 09:51:39.510080371,111.38,77.0,buy
2024-05-06 09:51:39.877241961,111.33,56.0,sell
2024-05-06 09:51:39.954328278,111.58,247.0,sell
2024-05-06 09:51:40.700925532,111.48,172.0,buy
2024-05-06 09:51:40.859247167,111.53,96.0,buy
2024-05-06 09:51:41.202527052,111.66,121.0,buy
2024-05-06 09:51:41.369756050,111.55,106.0,buy
2024-05-06 09:51:41.441592148,111.41,219.0,sell
2024-05-06 09:51:41.938120935,111.4,112.0,buy
2024-05-06 09:51:41.966052814,111.36,86.0,buy
2024-05-06 09:51:42.656497778,111.28,99.0,buy
2024-05-06 09:51:42.847557745,111.23,187.0,sell
2024-05-06 09:51:42.847625096,111.16,82.0,sell
2024-05-06 09:51:43.205453552,111.07,106.0,sell
2024-05-06 09:51:43.229446048,111.0,94.0,buy
2024-05-06 09:51:43.391045103,110.78,131.0,sell
2024-05-06 09:51:44.004796316,110.74,171.0,sell
2024-05-06 09:51:44.037166718,111.01,105.0,sell
2024-05-06 09:51:44.951394500,111.2,117.0,sell
2024-05-06 09:51:44.953308119,111.27,153.0,sell
2024-05-06 09:51:45.095036206,111.31,144.0,buy
2024-05-06 09:51:45.770314629,111.33,55.0,sell
2024-05-06 09:51:45.960410826,111.35,194.0,sell
2024-05-06 09:51:46.014143518,111.59,95.0,sell
2024-05-06 09:51:46.237469851,111.42,72.0,sell
2024-05-06 09:51:46.395094671,111.45,72.0,sell
2024-05-06 09:51:47.319932739,111.68,126.0,sell
2024-05-06 09:51:47.507896511,111.56,89.0,sell
2024-05-06 09:51:48.285685091,111.63,114.0,buy
2024-05-06 09:51:49.397905545,111.72,63.0,sell
2024-05-06 09:51:49.682324881,111.64,127.0,sell
2024-05-06 09:51:50.885981918,111.76,189.0,buy
2024-05-06 09:51:51.122841623,111.66,228.0,sell
2024-05-06 09:51:52.786050099,111.77,76.0,buy
2024-05-06 09:51:52.832815220,111.69,214.0,buy
2024-05-06 09:51:53.413622042,111.9,137.0,sell
2024-05-06 09:51:53.754047626,111.85,86.0,sell
2024-05-06 09:51:53.999272283,111.95,68.0,buy
2024-05-06 09:51:54.500076616,111.96,162.0,buy
2024-05-06 09:51:55.108533188,112.03,83.0,buy
2024-05-06 09:51:55.110719596,112.06,159.0,buy
2024-05-06 09:51:55.202052258,112.1,107.0,sell
2024-05-06 09:51:55.826269023,112.18,66.0,buy
2024-05-06 09:51:56.375153466,111.92,230.0,buy
2024-05-06 09:51:58.066549936,112.06,128.0,buy
2024-05-06 09:51:58.782274865,112.16,125.0,buy
2024-05-06 09:52:00.287928409,112.1,89.0,buy
2024-05-06 09:52:00.894167011,111.97,93.0,sell
2024-05-06 09:52:01.071115135,111.96,97.0,sell
2024-05-06 09:52:01.126784823,111.9,55.0,buy
2024-05-06 09:52:01.888011112,111.82,145.0,buy
2024-05-06 09:52:02.404633011,111.93,77.0,buy
2024-05-06 09:52:02.429325838,111.94,130.0,buy
2024-05-06 09:52:02.652508818,112.02,141.0,sell
2024-05-06 09:52:04.223464074,111.95,75.0,buy
2024-05-06 09:52:04.570438971,112.03,70.0,buy
2024-05-06 09:52:04.853898159,112.01,62.0,buy
2024-05-06 09:52:05.159865757,111.97,81.0,buy
2024-05-06 09:52:05.277020287,111.99,80.0,sell
2024-05-06 09:52:05.507013013,111.93,122.0,sell
2024-05-06 09:52:05.737882555,111.85,146.0,sell
2024-05-06 09:52:05.764770226,111.72,88.0,sell
2024-05-06 09:52:06.494348211,111.69,103.0,buy
2024-05-06 09:52:06.763707423,111.85,141.0,sell
2024-05-06 09:52:07.627198843,111.92,39.0,sell
2024-05-06 09:52:08.576920187,111.94,73.0,buy
2024-05-06 09:52:08.696045009,112.11,67.0,buy
2024-05-06 09:52:09.231572970,112.15,88.0,buy
2024-05-06 09:52:09.551169399,112.1,197.0,buy
2024-05-06 09:52:10.611954669,112.11,36.0,buy
2024-05-06 09:52:10.733462442,112.01,74.0,buy
2024-05-06 09:52:11.299774332,111.97,120.0,sell
2024-05-06 09:52:11.767704981,112.02,103.0,sell
2024-05-06 09:52:11.942697578,111.94,126.0,sell
2024-05-06 09:52:12.016136699,111.97,103.0,sell
2024-05-06 09:52:12.543395781,111.95,113.0,buy
2024-05-06 09:52:13.214242658,111.98,115.0,buy
2024-05-06 09:52:13.403869003,111.84,177.0,buy
2024-05-06 09:52:13.921452035,111.65,97.0,sell
2024-05-06 09:52:14.172823645,111.65,127.0,sell
2024-05-06 09:52:14.797320731,111.59,156.0,buy
2024-05-06 09:52:14.908402293,111.63,106.0,buy
2024-05-06 09:52:16.013017991,111.69,98.0,sell
2024-05-06 09:52:16.182442237,111.64,228.0,buy
2024-05-06 09:52:16.411705895,111.46,85.0,sell
2024-05-06 09:52:16.441629706,111.38,123.0,buy
2024-05-06 09:52:16.500746895,111.5,63.0,sell
2024-05-06 09:52:16.863439439,111.39,196.0,buy
2024-05-06 09:52:17.019148672,111.53,130.0,buy
2024-05-06 09:52:17.921510926,111.53,79.0,sell
2024-05-06 09:52:17.928912129,111.5,162.0,sell
2024-05-06 09:52:18.167199957,111.52,149.0,sell
2024-05-06 09:52:18.372950762,111.57,136.0,sell
2024-05-06 09:52:18.382709188,111.54,95.0,sell
2024-05-06 09:52:18.449114100,111.42,228.0,sell
2024-05-06 09:52:18.716027053,111.37,143.0,buy
2024-05-06 09:52:19.055515662,111.31,100.0,sell
2024-05-06 09:52:19.314516104,111.28,141.0,sell
2024-05-06 09:52:19.693025923,111.4,66.0,sell
2024-05-06 09:52:20.145122617,111.43,163.0,sell
2024-05-06 09:52:20.150109312,111.46,139.0,sell
2024-05-06 09:52:20.462008647,111.36,128.0,buy
2024-05-06 09:52:22.117219757,111.55,99.0,buy
2024-05-06 09:52:22.483197318,111.87,88.0,sell
2024-05-06 09:52:23.049088925,111.64,45.0,buy
2024-05-06 09:52:23.235973215,111.64,129.0,buy
2024-05-06 09:52:23.979564280,111.44,111.0,buy
2024-05-06 09:52:24.720793993,111.64,155.0,buy
2024-05-06 09:52:25.089130456,111.62,97.0,sell
2024-05-06 09:52:26.954269249,111.59,130.0,sell
2024-05-06 09:52:27.021349452,111.51,99.0,sell
2024-05-06 09:52:27.029895912,111.49,134.0,sell
2024-05-06 09:52:27.765077954,111.43,90.0,sell
2024-05-06 09:52:28.588013608,111.27,94.0,sell
2024-05-06 09:52:28.652048052,111.19,82.0,buy
2024-05-06 09:52:28.806387084,111.14,150.0,buy
2024-05-06 09:52:28.815241200,111.05,111.0,buy
2024-05-06 09:52:28.988821808,110.98,75.0,sell
2024-05-06 09:52:29.730537034,111.21,156.0,sell
2024-05-06 09:52:30.095401672,111.23,99.0,sell
2024-05-06 09:52:30.309330344,111.12,109.0,sell
2024-05-06 09:52:30.541730375,111.13,128.0,buy
2024-05-06 09:52:30.542407646,110.81,100.0,sell
2024-05-06 09:52:30.720602658,110.77,146.0,buy
2024-05-06 09:52:31.240480202,110.44,123.0,sell
2024-05-06 09:52:33.069062929,110.25,81.0,buy
2024-05-06 09:52:34.007920428,110.33,153.0,sell
2024-05-06 09:52:34.019859320,110.41,83.0,buy
2024-05-06 09:52:35.164006194,110.2,82.0,sell
2024-05-06 09:52:35.928392540,110.24,123.0,buy
2024-05-06 09:52:36.686311964,110.32,53.0,sell
2024-05-06 09:52:36.992552690,110.37,72.0,sell
2024-05-06 09:52:37.246306003,110.43,156.0,buy
2024-05-06 09:52:37.426730488,110.5,120.0,sell
2024-05-06 09:52:37.460706584,110.44,190.0,buy
2024-05-06 09:52:37.590244409,110.5,162.0,buy
2024-05-06 09:52:37.731826313,110.38,107.0,sell
2024-05-06 09:52:38.062725254,110.38,93.0,sell
2024-05-06 09:52:38.750787197,110.53,108.0,sell
2024-05-06 09:52:39.071833491,110.5,48.0,sell
2024-05-06 09:52:39.101625936,110.49,131.0,sell
2024-05-06 09:52:40.684172638,110.54,141.0,sell
2024-05-06 09:52:42.114112219,110.39,105.0,buy
2024-05-06 09:52:42.883111837,110.39,65.0,sell
2024-05-06 09:52:45.256934078,110.27,101.0,buy
2024-05-06 09:52:45.650094467,110.29,102.0,buy
2024-05-06 09:52:47.295392507,110.25,81.0,sell
2024-05-06 09:52:47.334700434,110.43,144.0,buy
2024-05-06 09:52:47.562301884,110.57,131.0,sell
2024-05-06 09:52:47.689994048,110.66,51.0,buy
2024-05-06 09:52:47.798968261,110.56,125.0,sell
2024-05-06 09:52:47.874846754,110.52,83.0,buy
2024-05-06 09:52:48.361824741,110.54,94.0,sell
2024-05-06 09:52:49.121901886,110.36,78.0,sell
2024-05-06 09:52:49.553630548,110.39,92.0,buy
2024-05-06 09:52:49.633106555,110.39,62.0,buy
2024-05-06 09:52:50.466438228,110.5,153.0,sell
2024-05-06 09:52:50.971676722,110.72,119.0,sell
2024-05-06 09:52:51.217323620,110.83,197.0,buy
2024-05-06 09:52:51.777952448,110.64,84.0,sell
2024-05-06 09:52:51.928440796,110.79,78.0,sell
2024-05-06 09:52:52.140147563,110.71,73.0,sell
2024-05-06 09:52:53.387540264,110.68,209.0,buy
2024-05-06 09:52:53.559140830,110.72,140.0,sell
2024-05-06 09:52:53.876568899,110.89,110.0,buy
2024-05-06 09:52:54.980848301,110.86,137.0,sell
2024-05-06 09:52:55.595872127,111.0,50.0,sell
2024-05-06 09:52:55.627983133,111.08,54.0,sell
2024-05-06 09:52:55.707658665,110.95,50.0,sell
2024-05-06 09:52:55.711594914,111.0,48.0,sell
2024-05-06 09:52:56.209968267,110.79,76.0,buy
2024-05-06 09:52:56.506776161,110.82,100.0,sell
2024-05-06 09:52:56.578870061,110.83,154.0,sell
2024-05-06 09:52:58.163129233,110.88,74.0,buy
2024-05-06 09:52:58.540278660,111.05,118.0,buy
2024-05-06 09:52:58.678744225,110.96,69.0,buy
2024-05-06 09:52:59.025921751,110.92,145.0,buy
2024-05-06 09:52:59.595046014,111.03,305.0,sell
2024-05-06 09:52:59.634697082,110.96,133.0,sell
2024-05-06 09:52:59.795284670,110.94,249.0,sell
2024-05-06 09:53:00.617727821,111.01,286.0,sell
2024-05-06 09:53:00.925510682,110.9,73.0,buy
2024-05-06 09:53:01.320975746,110.88,88.0,buy
2024-05-06 09:53:01.604511504,110.89,95.0,sell
2024-05-06 09:53:01.626957858,110.86,88.0,buy
2024-05-06 09:53:01.717568807,110.88,87.0,sell
2024-05-06 09:53:02.012450591,110.96,189.0,sell
2024-05-06 09:53:02.129796495,110.84,112.0,buy
2024-05-06 09:53:02.155432105,110.61,173.0,sell
2024-05-06 09:53:03.083260128,110.71,130.0,buy
2024-05-06 09:53:05.070010680,110.52,97.0,sell
2024-05-06 09:53:05.857874148,110.55,70.0,sell
2024-05-06 09:53:06.819212449,110.5,109.0,sell
2024-05-06 09:53:06.957733310,110.53,144.0,sell
2024-05-06 09:53:08.575070488,110.53,114.0,buy
2024-05-06 09:53:08.684724511,110.48,102.0,sell
2024-05-06 09:53:10.197097170,110.5,322.0,sell
2024-05-06 09:53:12.828504136,110.54,187.0,sell
2024-05-06 09:53:13.450420527,110.46,56.0,sell
2024-05-06 09:53:15.435875472,110.51,129.0,buy
2024-05-06 09:53:15.857325653,110.36,105.0,sell
2024-05-06 09:53:16.007568689,110.35,117.0,buy
2024-05-06 09:53:16.294802861,110.13,97.0,sell
2024-05-06 09:53:16.744963493,110.22,184.0,sell
2024-05-06 09:53:16.782908344,110.46,73.0,sell
2024-05-06 09:53:17.269793146,110.35,188.0,buy
2024-05-06 09:53:19.256153250,110.19,75.0,sell
2024-05-06 09:53:19.361580220,110.11,104.0,sell
2024-05-06 09:53:20.148121438,110.07,299.0,buy
2024-05-06 09:53:21.340555058,110.31,101.0,sell
2024-05-06 09:53:22.779099576,110.4,124.0,sell
2024-05-06 09:53:24.390235423,110.42,55.0,sell
2024-05-06 09:53:24.758742784,110.32,161.0,buy
2024-05-06 09:53:26.651612176,110.33,120.0,buy
2024-05-06 09:53:27.359597788,110.26,106.0,sell
2024-05-06 09:53:27.447770375,110.26,77.0,buy
2024-05-06 09:53:27.771761791,110.13,74.0,sell
2024-05-06 09:53:28.405273431,110.23,101.0,sell
2024-05-06 09:53:28.547344481,110.26,146.0,buy
2024-05-06 09:53:29.059025257,110.28,108.0,buy
2024-05-06 09:53:29.608232130,110.16,126.0,sell
2024-05-06 09:53:29.697018402,109.97,77.0,sell
2024-05-06 09:53:30.113321096,109.77,113.0,sell
2024-05-06 09:53:30.851708412,109.79,125.0,buy
2024-05-06 09:53:31.197178884,109.82,56.0,buy
2024-05-06 09:53:31.203267362,109.87,142.0,sell
2024-05-06 09:53:31.207807144,110.14,128.0,buy
2024-05-06 09:53:31.428635240,110.08,95.0,sell
2024-05-06 09:53:32.731793329,110.32,125.0,sell
2024-05-06 09:53:32.861617214,110.3,49.0,buy
2024-05-06 09:53:33.364675277,110.07,105.0,buy
2024-05-06 09:53:33.490238416,109.99,95.0,sell
2024-05-06 09:53:33.684299101,109.8,120.0,buy
2024-05-06 09:53:34.626374952,109.78,138.0,sell
2024-05-06 09:53:35.278937604,109.79,53.0,buy
2024-05-06 09:53:35.329068416,109.92,82.0,sell
2024-05-06 09:53:35.608990591,109.78,56.0,buy
2024-05-06 09:53:35.623792421,109.87,150.0,buy
2024-05-06 09:53:35.951612298,109.92,126.0,buy
2024-05-06 09:53:36.494609432,110.17,132.0,sell
2024-05-06 09:53:36.557676059,110.26,89.0,buy
2024-05-06 09:53:36.728136575,110.24,56.0,sell
2024-05-06 09:53:36.981749817,110.33,110.0,sell
2024-05-06 09:53:38.241691601,110.34,85.0,buy
2024-05-06 09:53:40.741169639,110.36,138.0,buy
2024-05-06 09:53:40.764145170,110.61,84.0,sell
2024-05-06 09:53:41.479807610,110.63,81.0,sell
2024-05-06 09:53:41.712195522,110.64,39.0,buy
2024-05-06 09:53:41.961362661,110.76,103.0,sell
2024-05-06 09:53:42.663113386,110.85,94.0,buy
2024-05-06 09:53:43.916238383,110.74,98.0,sell
2024-05-06 09:53:45.423477776,110.82,215.0,buy
2024-05-06 09:53:45.853814248,110.69,96.0,sell
2024-05-06 09:53:46.074713748,110.65,142.0,buy
2024-05-06 09:53:46.849235903,110.84,176.0,sell
2024-05-06 09:53:46.993744974,111.11,221.0,buy
2024-05-06 09:53:47.408886395,111.19,102.0,buy
2024-05-06 09:53:47.630920601,111.29,68.0,buy
2024-05-06 09:53:48.165395512,111.49,70.0,buy
2024-05-06 09:53:48.302876446,111.46,69.0,buy
2024-05-06 09:53:48.409221230,111.55,125.0,buy
2024-05-06 09:53:49.661199221,111.46,62.0,sell
2024-05-06 09:53:49.714882530,111.31,199.0,sell
2024-05-06 09:53:50.067449810,111.28,203.0,buy
2024-05-06 09:53:50.192227444,111.26,181.0,buy
2024-05-06 09:53:50.212081441,110.99,124.0,sell
2024-05-06 09:53:50.230423194,111.14,71.0,buy
2024-05-06 09:53:50.326743565,111.07,77.0,buy
2024-05-06 09:53:51.334584056,111.07,87.0,buy
2024-05-06 09:53:51.500560409,111.13,125.0,sell
2024-05-06 09:53:53.003039466,111.03,274.0,sell
2024-05-06 09:53:53.438724790,111.03,89.0,sell
2024-05-06 09:53:53.725620095,110.9,165.0,sell
2024-05-06 09:53:54.159476146,110.75,133.0,buy
2024-05-06 09:53:54.523033325,110.66,113.0,sell
2024-05-06 09:53:55.234048510,110.43,95.0,buy
2024-05-06 09:53:55.400036934,110.46,95.0,buy
2024-05-06 09:53:55.617780370,110.47,115.0,buy
2024-05-06 09:53:56.740383484,110.55,133.0,sell
2024-05-06 09:53:58.204014042,110.65,77.0,sell
2024-05-06 09:53:59.319417157,110.63,129.0,sell
2024-05-06 09:53:59.591305104,110.8,172.0,buy
2024-05-06 09:54:00.349200350,110.71,185.0,sell
2024-05-06 09:54:00.672652606,110.57,88.0,buy
2024-05-06 09:54:01.016772081,110.42,77.0,sell
2024-05-06 09:54:01.131277514,110.34,75.0,buy
2024-05-06 09:54:01.578456896,110.36,97.0,buy
2024-05-06 09:54:01.681437835,110.34,109.0,buy
2024-05-06 09:54:01.882845669,110.62,131.0,buy
2024-05-06 09:54:02.848460592,110.44,124.0,sell
2024-05-06 09:54:02.964474422,110.39,103.0,buy
2024-05-06 09:54:03.001382890,110.27,115.0,sell
2024-05-06 09:54:03.037134969,110.18,45.0,sell
2024-05-06 09:54:04.450421116,110.17,124.0,buy
2024-05-06 09:54:04.803963483,110.27,70.0,sell
2024-05-06 09:54:05.067281858,110.34,46.0,buy
2024-05-06 09:54:05.899964879,110.23,132.0,sell
2024-05-06 09:54:06.803378878,110.05,77.0,buy
2024-05-06 09:54:07.005255440,109.97,135.0,sell
2024-05-06 09:54:07.596716829,109.88,77.0,buy
2024-05-06 09:54:08.334001695,109.75,78.0,buy
2024-05-06 09:54:08.865601131,110.02,55.0,buy
2024-05-06 09:54:08.947799757,109.92,133.0,buy
2024-05-06 09:54:09.991065398,109.96,147.0,sell
2024-05-06 09:54:10.378346579,110.02,138.0,sell
2024-05-06 09:54:10.544318530,110.05,120.0,sell
2024-05-06 09:54:10.821209610,110.02,91.0,buy
2024-05-06 09:54:10.840357148,109.91,101.0,sell
2024-05-06 09:54:10.908763706,109.75,88.0,sell
2024-05-06 09:54:11.634013243,109.81,201.0,sell
2024-05-06 09:54:11.634019060,109.8,81.0,sell
2024-05-06 09:54:11.903430885,109.72,32.0,buy
2024-05-06 09:54:12.273037106,109.89,136.0,buy
2024-05-06 09:54:12.301128890,109.85,168.0,buy
2024-05-06 09:54:14.108537658,109.93,82.0,sell
2024-05-06 09:54:14.236710331,110.01,65.0,sell
2024-05-06 09:54:14.418055919,109.87,154.0,sell
2024-05-06 09:54:14.599217431,109.93,147.0,buy
2024-05-06 09:54:14.730170446,110.0,46.0,buy
2024-05-06 09:54:14.730907901,109.95,226.0,sell
2024-05-06 09:54:15.384362687,110.05,129.0,sell
2024-05-06 09:54:17.087651096,110.09,146.0,buy
2024-05-06 09:54:17.214641611,110.24,85.0,buy
2024-05-06 09:54:17.758547808,110.28,115.0,buy
2024-05-06 09:54:18.435744779,110.39,89.0,buy
2024-05-06 09:54:19.379083393,110.57,45.0,sell
2024-05-06 09:54:19.653718682,110.55,215.0,buy
2024-05-06 09:54:19.834154053,110.43,79.0,buy
2024-05-06 09:54:20.030894013,110.47,96.0,sell
2024-05-06 09:54:20.654371281,110.68,68.0,sell
2024-05-06 09:54:21.502903656,110.79,101.0,buy
2024-05-06 09:54:21.603114222,110.75,106.0,buy
2024-05-06 09:54:21.834879342,110.68,61.0,buy
2024-05-06 09:54:22.995968217,110.58,212.0,buy
2024-05-06 09:54:23.817707401,110.54,165.0,sell
2024-05-06 09:54:25.912862170,110.6,59.0,sell
2024-05-06 09:54:26.614578890,110.68,105.0,sell
2024-05-06 09:54:26.864352951,110.51,163.0,buy
2024-05-06 09:54:27.310930463,110.46,99.0,sell
2024-05-06 09:54:27.851829073,110.56,72.0,sell
2024-05-06 09:54:27.892681351,110.44,71.0,sell
2024-05-06 09:54:28.285857794,110.4,44.0,buy
2024-05-06 09:54:28.903625356,110.39,112.0,sell
2024-05-06 09:54:28.995179071,110.49,126.0,sell
2024-05-06 09:54:29.753680724,110.68,71.0,sell
2024-05-06 09:54:30.191942707,110.62,120.0,buy
2024-05-06 09:54:31.712535463,110.48,89.0,buy
2024-05-06 09:54:31.734209668,110.54,129.0,sell
2024-05-06 09:54:31.888373969,110.58,184.0,sell
2024-05-06 09:54:32.348465467,110.44,103.0,buy
2024-05-06 09:54:32.524351751,110.24,74.0,buy
2024-05-06 09:54:33.150975582,110.22,90.0,buy
2024-05-06 09:54:33.862465714,110.3,67.0,sell
2024-05-06 09:54:33.916545687,110.44,31.0,buy
2024-05-06 09:54:34.277169309,110.65,83.0,sell
2024-05-06 09:54:34.632713446,110.76,93.0,sell
2024-05-06 09:54:34.863160685,110.81,236.0,sell
2024-05-06 09:54:36.214131601,110.93,127.0,sell
2024-05-06 09:54:37.092828941,110.92,122.0,buy
2024-05-06 09:54:37.690185812,111.0,50.0,sell
2024-05-06 09:54:38.316638914,111.15,89.0,buy
2024-05-06 09:54:38.626323536,111.25,187.0,sell
2024-05-06 09:54:39.895442574,111.41,50.0,sell
2024-05-06 09:54:40.488501531,111.43,52.0,buy
2024-05-06 09:54:41.141284820,111.39,151.0,sell
2024-05-06 09:54:42.130416955,111.37,113.0,sell
2024-05-06 09:54:42.290568893,111.43,61.0,sell
2024-05-06 09:54:43.113285161,111.41,72.0,buy
2024-05-06 09:54:43.221891127,111.54,158.0,buy
2024-05-06 09:54:43.433712249,111.54,423.0,buy
2024-05-06 09:54:43.638155567,111.69,153.0,buy
2024-05-06 09:54:45.558599378,111.64,85.0,buy
2024-05-06 09:54:46.529439216,111.66,105.0,sell
2024-05-06 09:54:47.133379200,111.62,83.0,buy
2024-05-06 09:54:47.782624911,111.79,90.0,buy
2024-05-06 09:54:48.195476201,111.95,132.0,sell
2024-05-06 09:54:49.665063966,111.89,92.0,buy
2024-05-06 09:54:50.007910237,111.65,101.0,sell
2024-05-06 09:54:50.247345820,111.55,44.0,sell
2024-05-06 09:54:50.336332534,111.68,194.0,buy
2024-05-06 09:54:51.107702893,111.62,88.0,sell
2024-05-06 09:54:51.770667534,111.53,115.0,sell
2024-05-06 09:54:52.013209955,111.5,79.0,buy
2024-05-06 09:54:52.025968056,111.51,102.0,sell
2024-05-06 09:54:52.939135214,111.52,150.0,buy
2024-05-06 09:54:52.944877048,111.49,110.0,sell
2024-05-06 09:54:53.553068089,111.67,184.0,sell
2024-05-06 09:54:55.310650668,111.76,143.0,sell
2024-05-06 09:54:55.598476163,111.81,175.0,buy
2024-05-06 09:54:55.732398504,111.68,71.0,buy
2024-05-06 09:54:56.342569886,111.67,68.0,sell
2024-05-06 09:54:57.192054686,111.64,199.0,sell
2024-05-06 09:54:57.587357868,111.94,56.0,buy
2024-05-06 09:54:59.293516486,111.91,86.0,sell
2024-05-06 09:54:59.320042180,111.89,179.0,buy
2024-05-06 09:54:59.671434515,111.72,102.0,buy
2024-05-06 09:55:00.305164138,111.46,168.0,sell
2024-05-06 09:55:01.297740885,111.42,92.0,buy
2024-05-06 09:55:01.396512665,111.67,101.0,sell
2024-05-06 09:55:02.201240325,111.81,98.0,buy
2024-05-06 09:55:02.603511119,111.82,95.0,sell
2024-05-06 09:55:02.856060216,111.86,138.0,buy
2024-05-06 09:55:02.926677871,111.87,70.0,buy
2024-05-06 09:55:03.929014726,111.83,76.0,sell
2024-05-06 09:55:04.014570958,111.89,71.0,buy
2024-05-06 09:55:04.199949097,111.52,75.0,sell
2024-05-06 09:55:04.371226318,111.52,180.0,buy
2024-05-06 09:55:05.396805119,111.48,52.0,buy
2024-05-06 09:55:05.955248742,111.34,68.0,sell
2024-05-06 09:55:06.751739271,111.44,60.0,sell
2024-05-06 09:55:06.895892337,111.4,149.0,sell
2024-05-06 09:55:07.386139125,111.46,100.0,sell
2024-05-06 09:55:07.810158506,111.35,127.0,sell
2024-05-06 09:55:08.704531643,111.42,177.0,buy
2024-05-06 09:55:09.887225194,111.5,39.0,buy
2024-05-06 09:55:09.893340828,111.54,66.0,buy
2024-05-06 09:55:10.453800329,111.38,62.0,sell
2024-05-06 09:55:10.480414121,111.35,89.0,sell
2024-05-06 09:55:10.878401425,111.37,94.0,sell
2024-05-06 09:55:11.047982260,111.3,151.0,sell
2024-05-06 09:55:11.231183742,111.23,79.0,sell
2024-05-06 09:55:11.448856167,111.25,65.0,buy
2024-05-06 09:55:11.934351670,111.42,99.0,sell
2024-05-06 09:55:12.137621987,111.19,128.0,buy
2024-05-06 09:55:12.797312039,111.04,152.0,sell
2024-05-06 09:55:13.056511978,111.08,151.0,sell
2024-05-06 09:55:13.091912732,110.9,160.0,sell
2024-05-06 09:55:13.857595556,111.01,106.0,buy
2024-05-06 09:55:14.025862502,110.94,122.0,buy
2024-05-06 09:55:14.309354959,111.03,115.0,sell
2024-05-06 09:55:14.887651352,110.97,122.0,sell
2024-05-06 09:55:15.089726456,110.74,72.0,buy
2024-05-06 09:55:15.118851308,110.71,77.0,buy
2024-05-06 09:55:15.352990705,110.58,53.0,buy
2024-05-06 09:55:16.798213829,110.61,93.0,sell
2024-05-06 09:55:17.311454160,110.74,88.0,buy
2024-05-06 09:55:17.868031644,110.63,179.0,buy
2024-05-06 09:55:18.368251322,110.5,86.0,sell
2024-05-06 09:55:18.479193581,110.47,117.0,buy
2024-05-06 09:55:18.750122904,110.33,178.0,sell
2024-05-06 09:55:19.445153223,110.24,167.0,sell
2024-05-06 09:55:19.498596784,110.18,125.0,sell
2024-05-06 09:55:19.661359909,110.14,391.0,buy
2024-05-06 09:55:19.823062280,110.17,35.0,buy
2024-05-06 09:55:20.105895872,110.05,112.0,buy
2024-05-06 09:55:22.071211938,110.09,134.0,buy
2024-05-06 09:55:22.106156368,110.04,133.0,sell
2024-05-06 09:55:22.471789652,110.09,74.0,sell
2024-05-06 09:55:22.570627882,110.13,51.0,buy
2024-05-06 09:55:24.335311675,110.37,130.0,sell
2024-05-06 09:55:24.395437938,110.49,72.0,sell
2024-05-06 09:55:24.653860626,110.46,223.0,sell
2024-05-06 09:55:25.323346567,110.34,89.0,buy
2024-05-06 09:55:25.932981891,110.52,88.0,sell
2024-05-06 09:55:26.207703303,110.46,143.0,buy
2024-05-06 09:55:26.420428167,110.47,188.0,buy
2024-05-06 09:55:26.673855243,110.38,66.0,buy
2024-05-06 09:55:26.827305537,110.41,186.0,sell
2024-05-06 09:55:26.942221559,110.13,176.0,sell
2024-05-06 09:55:27.272116155,110.08,78.0,sell
2024-05-06 09:55:27.428468258,110.23,115.0,sell
2024-05-06 09:55:27.597929040,110.05,97.0,buy
2024-05-06 09:55:28.132585989,110.14,124.0,buy
2024-05-06 09:55:29.862062774,110.28,76.0,sell
2024-05-06 09:55:30.324775438,110.45,185.0,buy
2024-05-06 09:55:30.364827337,110.47,81.0,buy
2024-05-06 09:55:30.404123674,110.59,61.0,sell
2024-05-06 09:55:31.916428503,110.47,92.0,sell
2024-05-06 09:55:32.092834561,110.27,111.0,buy
2024-05-06 09:55:32.141126899,110.23,148.0,buy
2024-05-06 09:55:32.598079423,110.14,84.0,sell
2024-05-06 09:55:33.086695658,110.18,70.0,sell
2024-05-06 09:55:33.609475299,110.35,100.0,buy
2024-05-06 09:55:33.765054397,110.39,66.0,sell
2024-05-06 09:55:33.772667404,110.5,109.0,sell
2024-05-06 09:55:35.449090625,110.48,140.0,buy
2024-05-06 09:55:35.593527379,110.39,111.0,sell
2024-05-06 09:55:36.157073830,110.18,63.0,sell
2024-05-06 09:55:36.770233943,110.14,68.0,buy
2024-05-06 09:55:37.241047722,110.34,95.0,buy
2024-05-06 09:55:37.428690821,110.59,133.0,sell
2024-05-06 09:55:37.586797617,110.37,58.0,sell
2024-05-06 09:55:38.042036798,110.44,120.0,buy
2024-05-06 09:55:39.047351507,110.47,120.0,buy
2024-05-06 09:55:40.513577487,110.44,192.0,sell
2024-05-06 09:55:40.569549560,110.32,82.0,buy
2024-05-06 09:55:40.653657483,110.18,72.0,sell
2024-05-06 09:55:42.101476613,110.26,119.0,buy
2024-05-06 09:55:42.768394420,110.36,92.0,buy
2024-05-06 09:55:43.841158703,110.35,103.0,sell
2024-05-06 09:55:43.954378589,110.42,96.0,sell
2024-05-06 09:55:44.397242222,110.3,67.0,buy
2024-05-06 09:55:45.001131565,110.31,100.0,buy
2024-05-06 09:55:45.571023558,110.38,129.0,buy
2024-05-06 09:55:45.833276014,110.33,61.0,sell
2024-05-06 09:55:45.841033326,110.23,66.0,buy
2024-05-06 09:55:46.278279201,110.03,66.0,buy
2024-05-06 09:55:46.424192217,109.95,90.0,buy
2024-05-06 09:55:46.723341904,110.04,152.0,buy
2024-05-06 09:55:48.303421534,110.02,40.0,buy
2024-05-06 09:55:48.558031089,109.95,95.0,sell
2024-05-06 09:55:49.473702226,109.82,107.0,buy
2024-05-06 09:55:49.578162692,109.64,103.0,buy
2024-05-06 09:55:50.136235999,109.65,61.0,buy
2024-05-06 09:55:52.022517737,109.65,86.0,buy
2024-05-06 09:55:52.076250825,109.47,88.0,sell
2024-05-06 09:55:52.080428198,109.57,111.0,sell
2024-05-06 09:55:52.364640376,109.57,70.0,buy
2024-05-06 09:55:52.413240374,109.63,83.0,sell
2024-05-06 09:55:53.103166651,109.45,66.0,sell
2024-05-06 09:55:54.333070767,109.38,85.0,sell
2024-05-06 09:55:54.617669895,109.23,186.0,buy
2024-05-06 09:55:54.767352686,109.27,53.0,buy
2024-05-06 09:55:55.052289703,109.22,98.0,buy
2024-05-06 09:55:55.694967579,109.14,80.0,buy
2024-05-06 09:55:55.699515278,109.08,92.0,sell
2024-05-06 09:55:56.144648914,108.84,80.0,buy
2024-05-06 09:55:56.619691203,108.86,119.0,buy
2024-05-06 09:55:57.127316324,108.71,126.0,buy
2024-05-06 09:55:57.265866836,108.71,109.0,buy
2024-05-06 09:55:57.891840752,108.71,117.0,sell
2024-05-06 09:55:57.939761230,108.73,117.0,sell
2024-05-06 09:55:58.050877174,108.79,114.0,sell
2024-05-06 09:55:59.100577054,108.81,92.0,sell
2024-05-06 09:55:59.771664409,108.98,106.0,sell
2024-05-06 09:55:59.778584858,108.95,224.0,buy
2024-05-06 09:55:59.921344571,109.02,95.0,buy
2024-05-06 09:56:00.042002459,108.97,142.0,sell
2024-05-06 09:56:00.199910416,108.74,129.0,sell
2024-05-06 09:56:00.342127273,108.83,186.0,sell
2024-05-06 09:56:00.374410558,108.91,94.0,buy
2024-05-06 09:56:00.681523586,108.79,94.0,buy
2024-05-06 09:56:01.341278034,108.64,145.0,sell
2024-05-06 09:56:01.807909667,108.79,43.0,sell
2024-05-06 09:56:02.366611034,108.73,106.0,sell
2024-05-06 09:56:02.408926782,108.55,64.0,buy
2024-05-06 09:56:03.921926761,108.52,85.0,buy
2024-05-06 09:56:04.833526547,108.71,158.0,buy
2024-05-06 09:56:05.651136047,108.64,96.0,buy
2024-05-06 09:56:06.516893073,108.68,123.0,sell
2024-05-06 09:56:07.866268671,108.63,91.0,sell
2024-05-06 09:56:08.259178454,108.41,118.0,sell
2024-05-06 09:56:08.370926522,108.36,58.0,buy
2024-05-06 09:56:08.850504251,108.3,84.0,sell
2024-05-06 09:56:09.529613344,108.46,295.0,buy
2024-05-06 09:56:10.199161110,108.67,89.0,sell
2024-05-06 09:56:10.567657381,108.66,112.0,sell
2024-05-06 09:56:10.603114767,108.56,46.0,sell
2024-05-06 09:56:10.835016563,108.51,82.0,sell
2024-05-06 09:56:12.102695292,108.46,173.0,buy
2024-05-06 09:56:12.541770148,108.31,112.0,buy
2024-05-06 09:56:12.928224717,108.49,166.0,buy
2024-05-06 09:56:13.084795441,108.49,100.0,buy
2024-05-06 09:56:13.314583668,108.54,54.0,sell
2024-05-06 09:56:14.443131898,108.51,242.0,buy
2024-05-06 09:56:14.992132707,108.57,113.0,buy
2024-05-06 09:56:15.766273603,108.68,115.0,sell
2024-05-06 09:56:16.069158177,108.71,94.0,buy
2024-05-06 09:56:16.566618505,108.72,194.0,sell
2024-05-06 09:56:16.709383107,108.95,74.0,sell
2024-05-06 09:56:17.320554747,109.0,84.0,buy
2024-05-06 09:56:17.599514528,109.16,90.0,buy
2024-05-06 09:56:17.891701738,109.01,63.0,sell
2024-05-06 09:56:18.415645628,109.01,214.0,sell
2024-05-06 09:56:19.792278902,108.89,191.0,buy
2024-05-06 09:56:19.825352193,108.86,80.0,buy
2024-05-06 09:56:20.696103776,109.01,157.0,buy
2024-05-06 09:56:20.869030000,109.15,111.0,sell
2024-05-06 09:56:21.162451065,109.23,83.0,buy
2024-05-06 09:56:21.173529561,109.13,92.0,buy
2024-05-06 09:56:21.352614790,109.12,82.0,buy
2024-05-06 09:56:21.701826571,109.14,103.0,buy
2024-05-06 09:56:21.730734397,109.14,105.0,sell
2024-05-06 09:56:22.068482074,109.28,44.0,sell
2024-05-06 09:56:23.377888300,109.38,86.0,buy
2024-05-06 09:56:23.433573803,109.42,50.0,buy
2024-05-06 09:56:24.156470159,109.43,62.0,sell
2024-05-06 09:56:24.420007839,109.4,72.0,buy
2024-05-06 09:56:24.952365094,109.32,186.0,sell
2024-05-06 09:56:25.103077529,109.38,75.0,buy
2024-05-06 09:56:25.189952090,109.11,80.0,buy
2024-05-06 09:56:25.277404225,109.08,125.0,sell
2024-05-06 09:56:25.313954128,109.13,55.0,sell
2024-05-06 09:56:25.416634620,109.24,74.0,buy
2024-05-06 09:56:25.962283252,109.44,124.0,buy
2024-05-06 09:56:27.029509328,109.45,73.0,buy
2024-05-06 09:56:27.870851609,109.31,36.0,buy
2024-05-06 09:56:28.448656165,109.18,142.0,buy
2024-05-06 09:56:28.507165752,109.18,108.0,sell
2024-05-06 09:56:28.677839013,109.27,51.0,sell
2024-05-06 09:56:28.863230927,109.3,89.0,buy
2024-05-06 09:56:29.007043262,109.2,63.0,sell
2024-05-06 09:56:29.368852291,109.1,48.0,buy
2024-05-06 09:56:29.752307082,109.01,76.0,buy
2024-05-06 09:56:29.973023701,108.93,52.0,buy
2024-05-06 09:56:30.191338426,108.94,171.0,sell
2024-05-06 09:56:31.073086551,108.78,124.0,buy
2024-05-06 09:56:31.851729559,108.77,132.0,buy
2024-05-06 09:56:32.035666722,108.68,76.0,buy
2024-05-06 09:56:33.261142247,108.9,174.0,sell
2024-05-06 09:56:34.787982043,108.92,122.0,sell
2024-05-06 09:56:34.985795778,108.78,57.0,sell
2024-05-06 09:56:35.204602682,108.79,192.0,sell
2024-05-06 09:56:35.556842410,108.73,148.0,sell
2024-05-06 09:56:36.972976212,108.61,74.0,buy
2024-05-06 09:56:38.018002768,108.55,91.0,buy
2024-05-06 09:56:38.072111710,108.49,83.0,sell
2024-05-06 09:56:38.321503211,108.55,129.0,sell
2024-05-06 09:56:38.724516926,108.73,111.0,buy
2024-05-06 09:56:39.074232843,108.63,77.0,sell
2024-05-06 09:56:39.181983673,108.76,90.0,sell
2024-05-06 09:56:40.160832041,108.83,65.0,buy
2024-05-06 09:56:40.725791860,108.85,247.0,sell
2024-05-06 09:56:41.635588618,108.72,35.0,buy
2024-05-06 09:56:42.614251122,108.46,179.0,sell
2024-05-06 09:56:43.304120775,108.55,175.0,buy
2024-05-06 09:56:43.593325699,108.76,150.0,buy
2024-05-06 09:56:44.064831428,108.73,71.0,sell
2024-05-06 09:56:44.152225673,108.89,87.0,sell
2024-05-06 09:56:44.712111079,108.79,69.0,buy
2024-05-06 09:56:44.810881424,108.84,161.0,sell
2024-05-06 09:56:45.402884151,108.83,112.0,sell
2024-05-06 09:56:45.533305665,108.79,36.0,sell
2024-05-06 09:56:45.595832978,108.89,111.0,sell
2024-05-06 09:56:45.686165137,108.95,268.0,buy
2024-05-06 09:56:45.687162198,108.84,163.0,buy
2024-05-06 09:56:46.321399404,108.82,91.0,buy
2024-05-06 09:56:46.980532340,108.79,58.0,buy
2024-05-06 09:56:47.342266827,108.73,113.0,buy
2024-05-06 09:56:47.430255370,108.66,90.0,buy
2024-05-06 09:56:47.473881621,108.93,81.0,sell
2024-05-06 09:56:47.483538767,108.94,99.0,sell
2024-05-06 09:56:47.574148755,108.89,80.0,sell
2024-05-06 09:56:48.681690209,108.71,74.0,buy
2024-05-06 09:56:48.819920735,108.87,59.0,buy
2024-05-06 09:56:49.038608673,108.95,72.0,buy
2024-05-06 09:56:49.094267498,109.04,100.0,buy
2024-05-06 09:56:49.220014131,109.0,90.0,buy
2024-05-06 09:56:49.586191631,108.74,66.0,buy
2024-05-06 09:56:50.054122995,108.79,39.0,buy
2024-05-06 09:56:50.194875135,108.82,150.0,sell
2024-05-06 09:56:50.224607992,108.79,68.0,buy
2024-05-06 09:56:50.472603484,108.86,94.0,buy
2024-05-06 09:56:50.606022805,108.56,103.0,buy
2024-05-06 09:56:50.729967620,108.47,102.0,buy
2024-05-06 09:56:52.337693500,108.32,163.0,sell
2024-05-06 09:56:52.816641274,108.39,53.0,sell
2024-05-06 09:56:53.223596850,108.32,119.0,buy
2024-05-06 09:56:53.492331487,108.5,155.0,buy
2024-05-06 09:56:53.772465779,108.39,109.0,sell
2024-05-06 09:56:54.161714843,108.38,83.0,buy
2024-05-06 09:56:54.757786051,108.46,136.0,sell
2024-05-06 09:56:55.363362136,108.37,91.0,sell
2024-05-06 09:56:55.457548394,108.24,75.0,buy
2024-05-06 09:56:55.804234749,108.27,118.0,buy
2024-05-06 09:56:56.069713282,108.42,31.0,sell
2024-05-06 09:56:57.091854609,108.47,128.0,buy
2024-05-06 09:56:57.590901893,108.63,88.0,sell
2024-05-06 09:56:57.971084207,108.58,107.0,sell
2024-05-06 09:56:58.032391035,108.65,117.0,sell
2024-05-06 09:56:58.497633900,108.72,68.0,sell
2024-05-06 09:56:58.559964414,108.75,145.0,sell
2024-05-06 09:56:58.765610371,108.82,126.0,sell
2024-05-06 09:56:58.842676858,108.82,215.0,sell
2024-05-06 09:56:59.431624177,108.87,111.0,sell
2024-05-06 09:56:59.547118873,108.93,90.0,sell
2024-05-06 09:56:59.795793437,108.9,196.0,buy
2024-05-06 09:57:00.925914498,108.87,82.0,sell
2024-05-06 09:57:01.040191317,108.74,152.0,buy
2024-05-06 09:57:01.394631532,108.76,96.0,buy
2024-05-06 09:57:01.666367635,108.59,98.0,buy
2024-05-06 09:57:01.675512782,108.66,91.0,sell
2024-05-06 09:57:02.462447099,108.66,124.0,buy
2024-05-06 09:57:02.498219755,108.69,65.0,buy
2024-05-06 09:57:02.819689262,108.78,177.0,sell
2024-05-06 09:57:03.230950923,108.91,273.0,sell
2024-05-06 09:57:03.725955158,108.91,209.0,sell
2024-05-06 09:57:04.309344456,109.08,119.0,sell
2024-05-06 09:57:04.455371855,109.02,125.0,buy
2024-05-06 09:57:04.460386304,108.98,60.0,sell
2024-05-06 09:57:05.103056667,108.87,115.0,buy
2024-05-06 09:57:05.486622123,108.62,109.0,buy
2024-05-06 09:57:06.390925529,108.63,121.0,sell
2024-05-06 09:57:07.252196256,108.57,88.0,buy
2024-05-06 09:57:08.178990825,108.66,80.0,buy
2024-05-06 09:57:08.510876925,108.89,88.0,buy
2024-05-06 09:57:08.713830825,108.97,114.0,sell
2024-05-06 09:57:09.497878538,109.07,151.0,sell
2024-05-06 09:57:09.797974891,108.94,114.0,buy
2024-05-06 09:57:09.899303679,108.66,73.0,buy
2024-05-06 09:57:10.864724867,108.91,98.0,buy
2024-05-06 09:57:11.935638200,108.92,90.0,sell
2024-05-06 09:57:12.249608038,108.89,73.0,buy
2024-05-06 09:57:12.288967183,108.75,144.0,buy
2024-05-06 09:57:12.534336618,108.49,76.0,buy
2024-05-06 09:57:13.347978876,108.5,82.0,buy
2024-05-06 09:57:14.508221188,108.46,53.0,buy
2024-05-06 09:57:14.621968152,108.54,63.0,sell
2024-05-06 09:57:14.656629050,108.45,50.0,sell
2024-05-06 09:57:15.705841151,108.38,217.0,sell
2024-05-06 09:57:15.952501795,108.46,101.0,buy
2024-05-06 09:57:16.342683955,108.38,131.0,sell
2024-05-06 09:57:18.064723014,108.34,34.0,sell
2024-05-06 09:57:18.099164844,108.26,81.0,buy
2024-05-06 09:57:18.621678815,108.39,32.0,buy
2024-05-06 09:57:18.660176264,108.39,116.0,buy
2024-05-06 09:57:18.895553362,108.19,254.0,buy
2024-05-06 09:57:19.709900796,108.32,188.0,buy
2024-05-06 09:57:19.994015388,108.49,55.0,buy
2024-05-06 09:57:22.929942118,108.46,195.0,buy
2024-05-06 09:57:23.339364541,108.63,90.0,sell
2024-05-06 09:57:23.533051037,108.6,81.0,buy
2024-05-06 09:57:23.657353084,108.66,44.0,sell
2024-05-06 09:57:23.873145114,108.83,65.0,sell
2024-05-06 09:57:24.106177431,108.91,133.0,buy
2024-05-06 09:57:24.141771684,109.15,53.0,sell
2024-05-06 09:57:24.372451591,109.25,87.0,buy
2024-05-06 09:57:24.684484700,109.13,84.0,sell
2024-05-06 09:57:25.325880439,109.26,60.0,buy
2024-05-06 09:57:25.860498673,109.32,108.0,buy
2024-05-06 09:57:26.477312186,109.58,163.0,sell
2024-05-06 09:57:26.481511613,109.37,68.0,buy
2024-05-06 09:57:26.604249268,109.39,205.0,buy
2024-05-06 09:57:27.146137148,109.41,67.0,sell
2024-05-06 09:57:27.476951103,109.46,68.0,sell
2024-05-06 09:57:27.479614924,109.61,148.0,sell
2024-05-06 09:57:28.295698672,109.64,64.0,sell
2024-05-06 09:57:29.036682037,109.63,68.0,sell
2024-05-06 09:57:29.434182477,109.57,121.0,buy
2024-05-06 09:57:29.468569992,109.57,100.0,buy
2024-05-06 09:57:30.195888820,109.57,75.0,buy
2024-05-06 09:57:30.634079702,109.61,58.0,buy
2024-05-06 09:57:31.395618023,109.6,101.0,buy
2024-05-06 09:57:32.092271454,109.49,140.0,sell
2024-05-06 09:57:32.904552488,109.49,141.0,sell
2024-05-06 09:57:33.269466438,109.34,185.0,sell
2024-05-06 09:57:33.345066592,109.3,64.0,buy
2024-05-06 09:57:33.901154734,109.38,133.0,sell
2024-05-06 09:57:34.385570538,109.44,89.0,sell
2024-05-06 09:57:35.063459299,109.42,47.0,sell
2024-05-06 09:57:35.156552410,109.49,64.0,sell
2024-05-06 09:57:35.264993507,109.63,128.0,sell
2024-05-06 09:57:36.370495879,109.71,160.0,sell
2024-05-06 09:57:37.063598659,109.76,123.0,buy
2024-05-06 09:57:38.257825341,109.68,106.0,buy
2024-05-06 09:57:38.968714242,109.63,61.0,buy
2024-05-06 09:57:39.423316325,109.76,198.0,buy
2024-05-06 09:57:39.954166430,109.92,166.0,buy
2024-05-06 09:57:41.053855535,109.77,127.0,sell
2024-05-06 09:57:41.486187303,109.9,177.0,sell
2024-05-06 09:57:41.986555447,110.17,139.0,sell
2024-05-06 09:57:42.071639333,110.16,142.0,sell
2024-05-06 09:57:42.392791486,110.17,86.0,sell
2024-05-06 09:57:43.022881637,110.1,62.0,sell
2024-05-06 09:57:43.180883110,110.02,81.0,buy
2024-05-06 09:57:43.293865737,109.82,143.0,sell
2024-05-06 09:57:43.482178346,109.79,150.0,sell
2024-05-06 09:57:43.620385000,109.81,109.0,buy
2024-05-06 09:57:43.741365138,110.03,137.0,buy
2024-05-06 09:57:44.017928072,110.05,68.0,buy
2024-05-06 09:57:45.210034551,110.11,131.0,buy
2024-05-06 09:57:45.563718101,109.99,69.0,sell
2024-05-06 09:57:45.667796546,109.88,88.0,buy
2024-05-06 09:57:45.707844221,109.76,144.0,sell
2024-05-06 09:57:46.303464894,109.72,102.0,buy
2024-05-06 09:57:46.544744972,109.67,110.0,sell
2024-05-06 09:57:47.407256193,109.82,96.0,buy
2024-05-06 09:57:47.945942083,109.74,81.0,buy
2024-05-06 09:57:48.741351866,109.82,78.0,sell
2024-05-06 09:57:48.900041922,109.84,76.0,sell
2024-05-06 09:57:49.489452676,110.04,125.0,sell
2024-05-06 09:57:49.642757367,109.98,131.0,sell
2024-05-06 09:57:51.041759697,110.19,84.0,buy
2024-05-06 09:57:51.547574790,110.24,103.0,sell
2024-05-06 09:57:51.743734585,110.13,51.0,sell
2024-05-06 09:57:51.900755729,110.0,80.0,sell
2024-05-06 09:57:52.006688538,109.85,118.0,buy
2024-05-06 09:57:52.599822043,109.96,169.0,buy
2024-05-06 09:57:52.723230075,109.99,96.0,buy
2024-05-06 09:57:53.175538723,109.94,106.0,buy
2024-05-06 09:57:53.329232894,110.06,118.0,sell
2024-05-06 09:57:53.871541648,110.1,133.0,sell
2024-05-06 09:57:54.715078506,110.27,74.0,buy
2024-05-06 09:57:55.467674312,110.26,156.0,sell
2024-05-06 09:57:56.183009249,110.04,103.0,sell
2024-05-06 09:57:56.286965815,110.08,110.0,sell
2024-05-06 09:57:56.333234549,110.15,68.0,buy
2024-05-06 09:57:56.933472061,110.11,267.0,sell
2024-05-06 09:57:57.163179773,110.01,183.0,buy
2024-05-06 09:57:57.446301573,109.95,189.0,buy
2024-05-06 09:57:57.462123844,109.99,153.0,sell
2024-05-06 09:57:57.612390289,109.87,189.0,sell
2024-05-06 09:57:57.629518547,109.81,32.0,sell
2024-05-06 09:57:58.686269159,109.73,69.0,sell
2024-05-06 09:57:58.825727250,109.83,162.0,buy
2024-05-06 09:57:59.233200702,109.78,96.0,buy
2024-05-06 09:57:59.253080378,109.88,109.0,buy
2024-05-06 09:57:59.802657683,109.86,75.0,sell
2024-05-06 09:57:59.997719883,109.59,65.0,buy
2024-05-06 09:58:01.138715130,109.55,206.0,sell
2024-05-06 09:58:02.233871242,109.6,48.0,sell
2024-05-06 09:58:02.430607855,109.88,92.0,sell
2024-05-06 09:58:03.586728112,109.91,172.0,buy
2024-05-06 09:58:06.367566730,109.9,229.0,sell
2024-05-06 09:58:07.240240407,109.74,185.0,sell
2024-05-06 09:58:08.171990653,109.59,225.0,sell
2024-05-06 09:58:08.315171283,109.66,86.0,buy
2024-05-06 09:58:08.745011182,109.7,84.0,buy
2024-05-06 09:58:08.779823386,109.74,120.0,sell
2024-05-06 09:58:08.829688217,109.62,102.0,buy
2024-05-06 09:58:12.232563827,109.56,143.0,sell
2024-05-06 09:58:12.430300856,109.54,96.0,sell
2024-05-06 09:58:13.119828990,109.63,113.0,sell
2024-05-06 09:58:13.941494549,109.64,240.0,buy
2024-05-06 09:58:14.917540606,109.65,132.0,buy
2024-05-06 09:58:17.939614199,109.73,94.0,buy
2024-05-06 09:58:18.077818123,109.86,88.0,buy
2024-05-06 09:58:18.098411876,109.78,159.0,sell
2024-05-06 09:58:18.363239029,109.68,291.0,sell
2024-05-06 09:58:18.432916426,109.74,108.0,buy
2024-05-06 09:58:18.444257013,109.77,161.0,buy
2024-05-06 09:58:18.667734134,109.91,154.0,sell
2024-05-06 09:58:19.433367037,109.67,146.0,sell
2024-05-06 09:58:19.850930622,109.44,45.0,sell
2024-05-06 09:58:20.038479562,109.45,118.0,buy
2024-05-06 09:58:20.569632286,109.57,106.0,buy
2024-05-06 09:58:20.701626895,109.72,48.0,buy
2024-05-06 09:58:20.708869825,109.74,150.0,buy
2024-05-06 09:58:21.431580824,109.62,88.0,buy
2024-05-06 09:58:21.920322366,109.52,65.0,buy
2024-05-06 09:58:22.638700839,109.64,34.0,buy
2024-05-06 09:58:22.658559025,109.28,111.0,buy
2024-05-06 09:58:23.565928656,109.32,110.0,sell
2024-05-06 09:58:24.049097636,109.33,98.0,buy
2024-05-06 09:58:24.463461229,109.34,77.0,sell
2024-05-06 09:58:24.953361518,109.25,103.0,buy
2024-05-06 09:58:25.952507076,109.35,96.0,sell
2024-05-06 09:58:26.394584056,109.17,71.0,buy
2024-05-06 09:58:26.829467027,109.02,115.0,buy
2024-05-06 09:58:29.167218132,109.06,83.0,sell
2024-05-06 09:58:29.874010146,109.25,74.0,sell
2024-05-06 09:58:30.165971641,109.46,101.0,sell
2024-05-06 09:58:30.780440909,109.48,134.0,sell
2024-05-06 09:58:31.026958707,109.55,187.0,sell
2024-05-06 09:58:31.156911403,109.5,99.0,sell
2024-05-06 09:58:31.611137019,109.47,113.0,buy
2024-05-06 09:58:32.927947771,109.23,108.0,buy
2024-05-06 09:58:34.251468974,109.07,100.0,buy
2024-05-06 09:58:34.460672176,109.06,85.0,buy
2024-05-06 09:58:34.835718772,108.88,68.0,sell
2024-05-06 09:58:34.954616391,108.6,96.0,buy
2024-05-06 09:58:37.671239487,108.49,112.0,sell
2024-05-06 09:58:39.656010144,108.37,91.0,buy
2024-05-06 09:58:40.180220169,108.35,96.0,buy
2024-05-06 09:58:40.996097870,108.29,104.0,sell
2024-05-06 09:58:41.623906672,108.27,68.0,sell
2024-05-06 09:58:42.073572129,108.4,51.0,buy
2024-05-06 09:58:42.100983992,108.46,174.0,sell
2024-05-06 09:58:42.404252582,108.41,93.0,sell
2024-05-06 09:58:42.965888972,108.56,82.0,sell
2024-05-06 09:58:43.531764060,108.56,80.0,buy
2024-05-06 09:58:43.765266220,108.48,107.0,buy
2024-05-06 09:58:45.186274093,108.39,104.0,buy
2024-05-06 09:58:45.277849262,108.27,147.0,buy
2024-05-06 09:58:45.624782428,108.32,137.0,buy
2024-05-06 09:58:46.211801724,108.23,112.0,sell
2024-05-06 09:58:46.809037113,108.22,125.0,buy
2024-05-06 09:58:47.332007599,108.29,110.0,buy
2024-05-06 09:58:47.492998218,108.45,98.0,sell
2024-05-06 09:58:47.577922000,108.54,88.0,sell
2024-05-06 09:58:48.083140744,108.33,100.0,buy
2024-05-06 09:58:48.540414515,108.25,102.0,buy
2024-05-06 09:58:48.639247462,108.17,119.0,buy
2024-05-06 09:58:49.249873319,108.16,178.0,sell
2024-05-06 09:58:49.553515876,108.01,98.0,buy
2024-05-06 09:58:50.104465607,108.09,180.0,buy
2024-05-06 09:58:51.012595427,108.01,79.0,sell
2024-05-06 09:58:51.105596646,107.81,114.0,buy
2024-05-06 09:58:51.115261898,107.87,75.0,buy
2024-05-06 09:58:51.870290336,107.81,107.0,buy
2024-05-06 09:58:52.340706840,108.01,109.0,sell
2024-05-06 09:58:52.942092886,108.09,179.0,buy
2024-05-06 09:58:53.852650904,108.12,65.0,sell
2024-05-06 09:58:54.664447049,108.05,93.0,sell
2024-05-06 09:58:56.285521154,108.0,156.0,buy
2024-05-06 09:58:56.669386564,108.01,53.0,buy
2024-05-06 09:58:57.004586142,107.97,106.0,buy
2024-05-06 09:58:57.261574099,107.93,54.0,buy
2024-05-06 09:58:57.345009493,107.97,94.0,sell
2024-05-06 09:58:57.770035423,107.78,68.0,sell
2024-05-06 09:58:57.932217113,107.9,282.0,buy
2024-05-06 09:58:59.203320904,107.9,140.0,sell
2024-05-06 09:58:59.640884267,107.69,139.0,buy
2024-05-06 09:59:00.090159014,107.96,123.0,sell
2024-05-06 09:59:00.309353096,108.0,40.0,buy
2024-05-06 09:59:00.336047868,107.86,106.0,buy
2024-05-06 09:59:00.352177129,108.01,281.0,sell
2024-05-06 09:59:00.627424139,108.17,161.0,sell
2024-05-06 09:59:00.671602304,108.11,90.0,buy
2024-05-06 09:59:01.138380462,108.02,118.0,buy
2024-05-06 09:59:02.202582946,107.97,145.0,sell
2024-05-06 09:59:03.275009719,108.01,143.0,buy
2024-05-06 09:59:03.813012708,108.01,117.0,buy
2024-05-06 09:59:03.931654123,108.2,54.0,buy
2024-05-06 09:59:04.925529736,108.19,94.0,buy
2024-05-06 09:59:06.011718123,108.3,121.0,sell
2024-05-06 09:59:06.121202752,108.47,101.0,sell
2024-05-06 09:59:06.789814081,108.43,145.0,buy
2024-05-06 09:59:06.958614201,108.36,89.0,sell
2024-05-06 09:59:07.769977896,108.42,65.0,buy
2024-05-06 09:59:10.715859888,108.55,166.0,sell
2024-05-06 09:59:10.731102897,108.4,115.0,sell
2024-05-06 09:59:11.869395252,108.58,77.0,sell
2024-05-06 09:59:12.356660529,108.65,134.0,sell
2024-05-06 09:59:14.169755960,108.62,96.0,sell
2024-05-06 09:59:14.482509121,108.78,109.0,buy
2024-05-06 09:59:15.422437156,108.93,106.0,buy
2024-05-06 09:59:15.454649923,108.94,152.0,buy
2024-05-06 09:59:15.658843899,108.9,79.0,sell
2024-05-06 09:59:15.693527801,108.78,49.0,buy
2024-05-06 09:59:17.544877729,108.51,109.0,buy
2024-05-06 09:59:18.393941005,108.52,169.0,sell
2024-05-06 09:59:19.351065333,108.39,58.0,sell
2024-05-06 09:59:20.741095467,108.32,97.0,buy
2024-05-06 09:59:20.785567627,108.14,51.0,sell
2024-05-06 09:59:21.029120216,108.01,128.0,buy
2024-05-06 09:59:21.065962264,108.07,105.0,sell
2024-05-06 09:59:21.184325646,107.98,47.0,buy
2024-05-06 09:59:21.314596365,107.99,123.0,sell
2024-05-06 09:59:21.631193956,108.05,93.0,sell
2024-05-06 09:59:21.787565480,108.02,204.0,sell
2024-05-06 09:59:21.840789426,107.77,272.0,buy
2024-05-06 09:59:21.932445102,107.63,66.0,sell
2024-05-06 09:59:22.012104520,107.68,202.0,buy
2024-05-06 09:59:23.819487937,107.6,135.0,buy
2024-05-06 09:59:24.531574338,107.63,80.0,sell
2024-05-06 09:59:26.248870745,107.76,35.0,buy
2024-05-06 09:59:26.538548338,107.79,153.0,buy
2024-05-06 09:59:26.701668654,107.61,105.0,sell
2024-05-06 09:59:27.502138708,107.58,149.0,buy
2024-05-06 09:59:27.699589694,107.53,209.0,buy
2024-05-06 09:59:27.877486912,107.53,86.0,sell
2024-05-06 09:59:28.009799216,107.6,78.0,buy
2024-05-06 09:59:28.079245788,107.48,158.0,buy
2024-05-06 09:59:28.227414204,107.5,114.0,buy
2024-05-06 09:59:28.446914613,107.34,148.0,buy
2024-05-06 09:59:29.007334679,107.35,73.0,buy
2024-05-06 09:59:29.039638523,107.4,96.0,buy
2024-05-06 09:59:29.157820641,107.43,124.0,sell
2024-05-06 09:59:29.985623456,107.49,208.0,sell
2024-05-06 09:59:30.065075558,107.55,197.0,sell
2024-05-06 09:59:30.274841205,107.51,191.0,buy
2024-05-06 09:59:31.274819796,107.45,79.0,sell
2024-05-06 09:59:31.358984929,107.6,168.0,sell
2024-05-06 09:59:31.402165361,107.41,125.0,sell
2024-05-06 09:59:31.733511203,107.34,194.0,sell
2024-05-06 09:59:31.913579891,107.29,76.0,sell
2024-05-06 09:59:32.327958388,107.34,95.0,sell
2024-05-06 09:59:33.142281217,107.28,130.0,buy
2024-05-06 09:59:33.216037548,107.12,57.0,buy
2024-05-06 09:59:33.650620769,107.08,77.0,buy
2024-05-06 09:59:34.002733691,107.07,80.0,sell
2024-05-06 09:59:34.080522164,107.26,104.0,sell
2024-05-06 09:59:34.569603218,107.2,202.0,sell
2024-05-06 09:59:34.729458266,107.14,94.0,sell
2024-05-06 09:59:35.064011820,107.22,105.0,sell
2024-05-06 09:59:35.106939111,107.38,70.0,sell
2024-05-06 09:59:35.414647197,107.24,131.0,sell
2024-05-06 09:59:35.597622879,107.16,71.0,sell
2024-05-06 09:59:36.461680709,107.22,146.0,sell
2024-05-06 09:59:36.491013928,107.25,131.0,buy
2024-05-06 09:59:36.762178330,107.12,88.0,sell
2024-05-06 09:59:37.068821120,107.07,58.0,sell
2024-05-06 09:59:37.714324258,107.08,137.0,sell
2024-05-06 09:59:38.141319868,106.99,67.0,sell
2024-05-06 09:59:38.691445189,107.05,139.0,sell
2024-05-06 09:59:39.441847461,106.93,62.0,buy
2024-05-06 09:59:40.432834211,106.99,108.0,sell
2024-05-06 09:59:40.621182299,107.21,77.0,sell
2024-05-06 09:59:41.007302067,107.25,84.0,buy
2024-05-06 09:59:41.923930658,107.25,58.0,buy
2024-05-06 09:59:44.199798970,107.25,83.0,buy
2024-05-06 09:59:45.301256237,107.29,68.0,buy
2024-05-06 09:59:45.533439819,107.32,65.0,sell
2024-05-06 09:59:45.641999758,107.21,103.0,buy
2024-05-06 09:59:45.978076837,107.13,53.0,buy
2024-05-06 09:59:46.654780306,107.09,94.0,buy
2024-05-06 09:59:46.993977644,107.0,78.0,sell
2024-05-06 09:59:47.324008793,106.94,120.0,buy
2024-05-06 09:59:48.234799948,106.73,123.0,buy
2024-05-06 09:59:48.459041406,106.75,149.0,sell
2024-05-06 09:59:49.441365067,106.72,110.0,buy
2024-05-06 09:59:49.702480948,106.73,68.0,buy
2024-05-06 09:59:49.901402889,106.72,97.0,sell
2024-05-06 09:59:50.203961802,106.71,245.0,buy
2024-05-06 09:59:50.922643976,106.64,62.0,sell
2024-05-06 09:59:50.989982588,106.79,67.0,buy
2024-05-06 09:59:51.099321367,107.05,112.0,sell
2024-05-06 09:59:52.611848624,107.19,101.0,sell
2024-05-06 09:59:52.708332615,107.15,116.0,sell
2024-05-06 09:59:53.127681955,107.07,111.0,buy
2024-05-06 09:59:53.560616794,107.14,183.0,sell
2024-05-06 09:59:53.896921031,107.18,187.0,sell
2024-05-06 09:59:54.414381100,107.21,142.0,sell
2024-05-06 09:59:54.544950979,107.14,112.0,sell
2024-05-06 09:59:54.947171687,107.25,117.0,buy
2024-05-06 09:59:55.179917204,107.27,81.0,buy
2024-05-06 09:59:55.721779919,107.2,80.0,buy
2024-05-06 09:59:55.797903233,107.07,64.0,sell
2024-05-06 09:59:56.220909562,107.05,187.0,sell
2024-05-06 09:59:56.323359035,107.19,88.0,buy
2024-05-06 09:59:56.486669638,107.18,91.0,buy
2024-05-06 09:59:56.610073950,107.24,157.0,buy
2024-05-06 09:59:56.711032774,107.22,107.0,buy
2024-05-06 09:59:57.584552854,107.29,126.0,buy
2024-05-06 09:59:57.752784269,107.26,92.0,sell
2024-05-06 09:59:59.062280729,107.13,167.0,sell
2024-05-06 10:00:00.814336597,107.03,172.0,sell
2024-05-06 10:00:01.237789447,106.94,120.0,sell
2024-05-06 10:00:01.314948783,107.19,87.0,buy
2024-05-06 10:00:01.549589323,107.21,108.0,buy
2024-05-06 10:00:02.348670838,107.23,67.0,buy
2024-05-06 10:00:02.577621994,107.29,121.0,sell
2024-05-06 10:00:02.623141123,107.29,84.0,buy
2024-05-06 10:00:03.029991172,106.99,83.0,sell
2024-05-06 10:00:03.962546248,106.88,102.0,buy
2024-05-06 10:00:04.757183500,106.89,60.0,sell
2024-05-06 10:00:04.853444082,106.75,128.0,buy
2024-05-06 10:00:05.411981849,106.85,76.0,buy
2024-05-06 10:00:05.536535879,106.81,93.0,sell
2024-05-06 10:00:05.659618860,106.81,211.0,sell
2024-05-06 10:00:06.695640442,106.76,93.0,buy
2024-05-06 10:00:06.839260829,106.67,90.0,sell
2024-05-06 10:00:06.992012357,106.7,141.0,sell
2024-05-06 10:00:06.992339159,106.75,78.0,sell
2024-05-06 10:00:08.015029426,106.7,87.0,buy
2024-05-06 10:00:08.801569913,106.5,123.0,sell
2024-05-06 10:00:09.295099469,106.64,82.0,buy
2024-05-06 10:00:09.988778460,106.69,158.0,buy
2024-05-06 10:00:10.071244419,106.77,210.0,buy
2024-05-06 10:00:10.377787666,106.73,89.0,buy
2024-05-06 10:00:10.594117995,106.85,89.0,buy
2024-05-06 10:00:10.643352667,106.7,85.0,buy
2024-05-06 10:00:10.976245621,106.74,93.0,sell
2024-05-06 10:00:12.243754261,106.59,104.0,sell
2024-05-06 10:00:12.264196050,106.52,146.0,buy
2024-05-06 10:00:12.436471077,106.51,103.0,buy
2024-05-06 10:00:12.552778292,106.38,116.0,sell
2024-05-06 10:00:12.688778892,106.37,83.0,buy
2024-05-06 10:00:13.884129533,106.47,69.0,buy
2024-05-06 10:00:14.199750333,106.46,99.0,sell
2024-05-06 10:00:14.513710481,106.47,56.0,buy
2024-05-06 10:00:15.228469354,106.28,131.0,buy
2024-05-06 10:00:15.312378299,106.24,58.0,sell
2024-05-06 10:00:15.646376713,106.24,89.0,buy
2024-05-06 10:00:15.927423202,106.23,59.0,sell
2024-05-06 10:00:16.381721767,106.11,201.0,buy
2024-05-06 10:00:20.243486528,106.13,180.0,buy
2024-05-06 10:00:20.977127890,106.03,53.0,buy
2024-05-06 10:00:21.230765277,106.19,57.0,buy
2024-05-06 10:00:22.109598096,106.13,70.0,buy
2024-05-06 10:00:22.203189792,106.16,165.0,buy
2024-05-06 10:00:22.218658467,106.27,80.0,sell
2024-05-06 10:00:22.333018234,106.13,82.0,buy
2024-05-06 10:00:22.541087838,106.06,128.0,buy
2024-05-06 10:00:22.898355743,106.16,71.0,sell
2024-05-06 10:00:23.375779458,106.3,67.0,buy
2024-05-06 10:00:24.583128733,106.29,126.0,sell
2024-05-06 10:00:24.939654730,106.17,83.0,sell
2024-05-06 10:00:25.287505594,106.19,121.0,buy
2024-05-06 10:00:25.313280158,106.0,86.0,buy
2024-05-06 10:00:25.331047921,106.06,91.0,buy
2024-05-06 10:00:25.731592280,106.15,90.0,sell
2024-05-06 10:00:26.019877928,106.02,73.0,sell
2024-05-06 10:00:26.933613932,106.19,97.0,sell
2024-05-06 10:00:27.021195304,106.36,71.0,sell
2024-05-06 10:00:27.033839676,106.63,84.0,buy
2024-05-06 10:00:27.331885092,106.55,191.0,buy
2024-05-06 10:00:27.467447416,106.51,84.0,buy
2024-05-06 10:00:27.492891143,106.33,94.0,buy
2024-05-06 10:00:28.137653379,106.4,192.0,sell
2024-05-06 10:00:28.196816033,106.44,160.0,sell
2024-05-06 10:00:28.665470444,106.57,67.0,sell
2024-05-06 10:00:28.830452003,106.59,55.0,sell
2024-05-06 10:00:28.925727294,106.66,276.0,buy
2024-05-06 10:00:29.164544850,106.61,132.0,buy
2024-05-06 10:00:29.972891375,106.61,191.0,buy
2024-05-06 10:00:30.221758534,106.55,92.0,buy
2024-05-06 10:00:30.916447387,106.65,57.0,sell
2024-05-06 10:00:30.983491044,106.58,129.0,buy
2024-05-06 10:00:31.724390448,106.6,83.0,sell
2024-05-06 10:00:31.859595381,106.47,106.0,sell
2024-05-06 10:00:32.425255789,106.31,117.0,sell
2024-05-06 10:00:32.842359560,106.18,105.0,sell
2024-05-06 10:00:34.165917437,106.22,82.0,sell
2024-05-06 10:00:34.410875743,106.07,45.0,buy
2024-05-06 10:00:34.445103602,105.94,162.0,sell
2024-05-06 10:00:34.454774266,106.08,45.0,buy
2024-05-06 10:00:35.331597492,106.13,108.0,sell
2024-05-06 10:00:35.703539531,106.1,159.0,buy
2024-05-06 10:00:36.449909601,105.93,133.0,buy
2024-05-06 10:00:36.583474039,105.82,101.0,sell
2024-05-06 10:00:36.795097993,105.59,89.0,sell
2024-05-06 10:00:36.810381142,105.55,61.0,buy
2024-05-06 10:00:38.438829990,105.52,86.0,buy
2024-05-06 10:00:38.989941249,105.48,98.0,sell
2024-05-06 10:00:40.343005432,105.41,124.0,sell
2024-05-06 10:00:40.497285628,105.5,107.0,sell
2024-05-06 10:00:40.969969852,105.45,49.0,sell
2024-05-06 10:00:41.537348670,105.45,64.0,buy
2024-05-06 10:00:41.728381458,105.53,69.0,sell
2024-05-06 10:00:42.670678292,105.53,176.0,sell
2024-05-06 10:00:44.140935535,105.48,136.0,sell
2024-05-06 10:00:45.221717583,105.49,121.0,sell
2024-05-06 10:00:45.893463342,105.44,93.0,buy
2024-05-06 10:00:46.055957829,105.32,134.0,sell
2024-05-06 10:00:46.221333375,105.26,76.0,buy
2024-05-06 10:00:47.874645118,105.24,142.0,sell
2024-05-06 10:00:47.879813991,105.2,89.0,buy
2024-05-06 10:00:48.509292501,105.34,123.0,sell
2024-05-06 10:00:49.121799076,105.36,71.0,buy
2024-05-06 10:00:49.609142541,105.38,47.0,sell
2024-05-06 10:00:51.917199774,105.57,205.0,buy
2024-05-06 10:00:52.104095383,105.3,115.0,buy
2024-05-06 10:00:52.311831790,105.39,76.0,sell
2024-05-06 10:00:52.352946515,105.36,76.0,buy
2024-05-06 10:00:52.645360361,105.36,98.0,sell
2024-05-06 10:00:52.796621874,105.19,104.0,buy
2024-05-06 10:00:53.006951885,105.04,217.0,sell
2024-05-06 10:00:53.906560863,104.96,53.0,sell
2024-05-06 10:00:55.276985855,105.14,180.0,sell
2024-05-06 10:00:55.379719377,105.06,82.0,buy
2024-05-06 10:00:55.612732298,105.29,44.0,sell
2024-05-06 10:00:56.932675069,105.3,95.0,sell
2024-05-06 10:00:56.964575645,105.26,112.0,buy
2024-05-06 10:00:57.013029663,105.13,55.0,sell
2024-05-06 10:00:57.101870426,105.37,127.0,buy
2024-05-06 10:00:57.554067359,105.36,66.0,sell
2024-05-06 10:00:57.635604707,105.17,103.0,sell
2024-05-06 10:00:59.357809282,105.15,61.0,sell
2024-05-06 10:00:59.653749875,105.07,129.0,sell
2024-05-06 10:01:00.001843734,105.04,48.0,sell
2024-05-06 10:01:00.143462129,105.13,82.0,buy
2024-05-06 10:01:00.461807985,105.19,67.0,sell
2024-05-06 10:01:01.004034931,105.11,110.0,buy
2024-05-06 10:01:01.699541945,105.02,113.0,buy
2024-05-06 10:01:02.400485764,104.89,78.0,sell
2024-05-06 10:01:02.831731750,104.92,75.0,sell
2024-05-06 10:01:04.005312642,104.74,144.0,buy
2024-05-06 10:01:04.855562785,104.85,144.0,sell
2024-05-06 10:01:05.563008714,104.76,73.0,buy
2024-05-06 10:01:05.591614374,104.66,85.0,sell
2024-05-06 10:01:05.595065237,104.76,82.0,buy
2024-05-06 10:01:05.714477717,104.76,86.0,sell
2024-05-06 10:01:06.259091340,104.94,188.0,buy
2024-05-06 10:01:06.523923565,105.11,84.0,sell
2024-05-06 10:01:06.781345624,105.12,52.0,buy
2024-05-06 10:01:07.860964280,105.1,78.0,buy
2024-05-06 10:01:08.990549183,105.12,124.0,buy
2024-05-06 10:01:10.189960987,105.08,71.0,sell
2024-05-06 10:01:10.378310955,105.19,100.0,buy
2024-05-06 10:01:10.965608276,105.08,110.0,sell
2024-05-06 10:01:11.124083519,105.2,65.0,buy
2024-05-06 10:01:11.229820616,105.17,102.0,sell
2024-05-06 10:01:11.331878764,105.24,109.0,sell
2024-05-06 10:01:11.541235723,105.21,119.0,sell
2024-05-06 10:01:11.822258008,105.2,118.0,sell
2024-05-06 10:01:12.711035931,105.21,56.0,buy
2024-05-06 10:01:12.774890742,105.13,77.0,buy
2024-05-06 10:01:13.438763577,105.26,194.0,sell
2024-05-06 10:01:13.817825051,105.54,108.0,buy
2024-05-06 10:01:13.987625354,105.46,97.0,sell
2024-05-06 10:01:14.327069598,105.38,70.0,sell
2024-05-06 10:01:14.505365693,105.27,58.0,sell
2024-05-06 10:01:14.958637334,105.35,105.0,buy
2024-05-06 10:01:15.243080076,105.34,125.0,buy
2024-05-06 10:01:15.332886009,105.23,131.0,buy
2024-05-06 10:01:15.394865019,105.15,63.0,sell
2024-05-06 10:01:15.790460817,105.13,82.0,sell
2024-05-06 10:01:16.953966483,105.13,107.0,sell
2024-05-06 10:01:17.164731478,105.03,95.0,sell
2024-05-06 10:01:17.824984989,104.91,66.0,buy
2024-05-06 10:01:18.362425090,104.89,125.0,sell
2024-05-06 10:01:19.703286852,104.82,132.0,sell
2024-05-06 10:01:20.563418567,104.92,65.0,buy
2024-05-06 10:01:20.981471729,104.87,73.0,sell
2024-05-06 10:01:21.516528605,104.91,163.0,sell
2024-05-06 10:01:22.659817879,104.68,84.0,sell
2024-05-06 10:01:22.914829839,104.8,73.0,buy
2024-05-06 10:01:23.112682315,104.72,183.0,buy
2024-05-06 10:01:23.118117290,104.55,83.0,sell
2024-05-06 10:01:23.994053339,104.56,121.0,buy
2024-05-06 10:01:24.801230077,104.43,39.0,sell
2024-05-06 10:01:24.856391212,104.47,118.0,buy
2024-05-06 10:01:25.286414210,104.49,121.0,buy
2024-05-06 10:01:25.598207696,104.48,203.0,sell
2024-05-06 10:01:25.661391451,104.36,112.0,sell
2024-05-06 10:01:27.631814337,104.35,153.0,sell
2024-05-06 10:01:27.752656453,104.31,103.0,sell
2024-05-06 10:01:27.787457006,104.14,49.0,sell
2024-05-06 10:01:28.239202727,103.99,86.0,sell
2024-05-06 10:01:28.910564821,103.99,202.0,buy
2024-05-06 10:01:28.927055522,104.16,90.0,buy
2024-05-06 10:01:29.464578074,104.11,234.0,sell
2024-05-06 10:01:29.844533497,104.03,149.0,buy
2024-05-06 10:01:29.899030946,103.88,95.0,sell
2024-05-06 10:01:29.993718460,103.87,139.0,buy
2024-05-06 10:01:30.413353557,103.91,73.0,sell
2024-05-06 10:01:30.589096070,103.99,71.0,sell
2024-05-06 10:01:31.981959221,104.02,225.0,buy
2024-05-06 10:01:32.835871261,104.02,99.0,sell
2024-05-06 10:01:34.890109430,103.97,82.0,sell
2024-05-06 10:01:35.040439620,104.13,99.0,sell
2024-05-06 10:01:36.789133536,104.18,95.0,sell
2024-05-06 10:01:37.071276510,104.09,69.0,sell
2024-05-06 10:01:37.284762982,103.89,106.0,sell
2024-05-06 10:01:37.310593625,104.0,134.0,buy
2024-05-06 10:01:37.337697793,103.89,105.0,sell
2024-05-06 10:01:37.926543814,103.8,102.0,sell
2024-05-06 10:01:38.232722954,103.91,73.0,sell
2024-05-06 10:01:38.361151738,103.96,312.0,buy
2024-05-06 10:01:38.837072231,103.9,23.0,buy
2024-05-06 10:01:38.982822319,103.88,84.0,sell
2024-05-06 10:01:39.413761182,104.0,111.0,sell
2024-05-06 10:01:39.636286949,104.05,121.0,buy
2024-05-06 10:01:40.503652122,104.02,88.0,buy
2024-05-06 10:01:41.362988866,103.8,143.0,buy
2024-05-06 10:01:41.687410874,103.81,85.0,sell
2024-05-06 10:01:41.903432814,103.88,71.0,sell
2024-05-06 10:01:42.128580216,103.88,115.0,buy
2024-05-06 10:01:42.947793558,103.74,204.0,buy
2024-05-06 10:01:43.146675589,103.66,179.0,sell
2024-05-06 10:01:43.263941777,103.66,59.0,buy
2024-05-06 10:01:43.308187108,103.59,138.0,buy
2024-05-06 10:01:43.622516239,103.58,84.0,buy
2024-05-06 10:01:43.951533782,103.84,64.0,sell
2024-05-06 10:01:44.870672329,103.79,236.0,buy
2024-05-06 10:01:44.995697676,103.88,122.0,sell
2024-05-06 10:01:45.235515630,104.02,98.0,sell
2024-05-06 10:01:46.061703313,103.97,109.0,sell
2024-05-06 10:01:46.929270809,104.08,125.0,buy
2024-05-06 10:01:47.172021217,104.01,90.0,sell
2024-05-06 10:01:47.479303854,104.17,118.0,buy
2024-05-06 10:01:47.659993917,104.19,173.0,sell
2024-05-06 10:01:49.008214429,104.23,91.0,sell
2024-05-06 10:01:49.071361121,104.2,112.0,sell
2024-05-06 10:01:50.428516673,104.35,106.0,sell
2024-05-06 10:01:51.004311940,104.49,88.0,sell
2024-05-06 10:01:51.383498539,104.41,111.0,buy
2024-05-06 10:01:51.400100674,104.44,92.0,buy
2024-05-06 10:01:51.722847307,104.32,45.0,buy
2024-05-06 10:01:51.984758925,104.3,104.0,sell
2024-05-06 10:01:52.072661629,104.26,157.0,buy
2024-05-06 10:01:52.606814148,104.3,146.0,sell
2024-05-06 10:01:54.379652517,104.22,173.0,buy
2024-05-06 10:01:54.792636286,104.35,105.0,sell
2024-05-06 10:01:55.419836674,104.27,107.0,buy
2024-05-06 10:01:55.455289624,104.36,187.0,buy
2024-05-06 10:01:55.725646035,104.44,77.0,buy
2024-05-06 10:01:55.787497947,104.34,113.0,buy
2024-05-06 10:01:56.261899531,104.49,101.0,buy
2024-05-06 10:01:57.656113549,104.48,118.0,sell
2024-05-06 10:01:58.198139551,104.5,73.0,sell
2024-05-06 10:01:58.238095894,104.61,73.0,sell
2024-05-06 10:01:58.457089686,104.63,437.0,buy
2024-05-06 10:01:58.857081166,104.72,40.0,sell
2024-05-06 10:01:59.115174279,104.85,173.0,sell
2024-05-06 10:02:00.011986915,104.85,180.0,sell
2024-05-06 10:02:00.854798255,104.75,82.0,sell
2024-05-06 10:02:01.327955515,104.65,89.0,sell
2024-05-06 10:02:01.561725205,104.58,107.0,buy
2024-05-06 10:02:01.709136540,104.43,109.0,buy
2024-05-06 10:02:01.765091005,104.49,121.0,sell
2024-05-06 10:02:01.984264178,104.55,80.0,buy
2024-05-06 10:02:02.250776377,104.43,173.0,buy
2024-05-06 10:02:02.814009070,104.32,93.0,sell
2024-05-06 10:02:03.350715056,104.47,95.0,sell
2024-05-06 10:02:03.387058546,104.61,70.0,sell
2024-05-06 10:02:03.638536312,104.69,136.0,sell
2024-05-06 10:02:03.738847635,104.64,86.0,sell
2024-05-06 10:02:03.824130720,104.51,149.0,sell
2024-05-06 10:02:04.702236591,104.36,112.0,buy
2024-05-06 10:02:04.723646093,104.38,259.0,sell
2024-05-06 10:02:04.995305759,104.55,58.0,buy
2024-05-06 10:02:05.087389582,104.44,106.0,sell
2024-05-06 10:02:06.144738342,104.31,125.0,sell
2024-05-06 10:02:06.551876825,104.18,25.0,sell
2024-05-06 10:02:06.683456529,104.25,78.0,sell
2024-05-06 10:02:07.032463317,104.37,78.0,buy
2024-05-06 10:02:07.689890099,104.24,69.0,sell
2024-05-06 10:02:09.276339775,104.18,89.0,buy
2024-05-06 10:02:09.400856437,104.13,132.0,sell
2024-05-06 10:02:10.487432734,104.09,120.0,buy
2024-05-06 10:02:11.848792222,104.14,128.0,buy
2024-05-06 10:02:13.089770991,104.15,39.0,buy
2024-05-06 10:02:13.594267888,104.16,147.0,sell
2024-05-06 10:02:14.091151725,104.23,91.0,buy
2024-05-06 10:02:14.349247248,104.36,171.0,buy
2024-05-06 10:02:15.047213341,104.32,82.0,buy
2024-05-06 10:02:15.426103147,104.25,98.0,buy
2024-05-06 10:02:15.991833214,104.19,163.0,sell
2024-05-06 10:02:16.271541784,104.27,92.0,buy
2024-05-06 10:02:16.928987381,104.31,115.0,buy
2024-05-06 10:02:17.798964360,104.16,141.0,buy
2024-05-06 10:02:17.878131887,104.07,42.0,sell
2024-05-06 10:02:18.772802232,103.91,119.0,buy
2024-05-06 10:02:19.161389048,104.11,135.0,sell
2024-05-06 10:02:20.092477576,104.08,93.0,buy
2024-05-06 10:02:20.374680189,104.04,65.0,buy
2024-05-06 10:02:20.612924885,104.05,86.0,buy
2024-05-06 10:02:21.845834274,104.2,104.0,sell
2024-05-06 10:02:21.990455431,104.05,142.0,sell
2024-05-06 10:02:22.920086060,104.15,123.0,sell
2024-05-06 10:02:23.250930251,104.24,92.0,sell
2024-05-06 10:02:23.611801781,104.43,140.0,sell
2024-05-06 10:02:23.796224910,104.26,65.0,sell
2024-05-06 10:02:24.221759961,104.4,146.0,sell
2024-05-06 10:02:24.418437721,104.26,51.0,sell
2024-05-06 10:02:24.438468350,104.22,91.0,sell
2024-05-06 10:02:24.597194507,104.25,183.0,sell
2024-05-06 10:02:24.600394246,104.43,175.0,sell
2024-05-06 10:02:26.516879726,104.59,132.0,sell
2024-05-06 10:02:28.203873352,104.79,81.0,buy
2024-05-06 10:02:28.455265124,104.71,186.0,buy
2024-05-06 10:02:29.106923913,104.77,119.0,buy
2024-05-06 10:02:29.319099656,104.82,91.0,sell
2024-05-06 10:02:29.875090016,104.67,90.0,buy
2024-05-06 10:02:30.693571768,104.86,65.0,buy
2024-05-06 10:02:32.160009145,104.9,50.0,buy
2024-05-06 10:02:32.415598884,104.8,129.0,buy
2024-05-06 10:02:33.180214916,104.92,41.0,sell
2024-05-06 10:02:33.334789304,104.94,242.0,sell
2024-05-06 10:02:35.654271923,105.03,123.0,buy
2024-05-06 10:02:35.667325649,105.02,85.0,sell
2024-05-06 10:02:36.129901596,105.13,87.0,sell
2024-05-06 10:02:36.668580456,105.03,69.0,sell
2024-05-06 10:02:37.251029514,105.26,68.0,sell
2024-05-06 10:02:37.315166465,105.28,175.0,buy
2024-05-06 10:02:38.709767717,105.45,100.0,buy
2024-05-06 10:02:38.809715219,105.33,90.0,sell
2024-05-06 10:02:39.297143321,105.64,75.0,buy
2024-05-06 10:02:39.423092385,105.64,61.0,sell
2024-05-06 10:02:39.606611194,105.53,150.0,sell
2024-05-06 10:02:40.001945492,105.45,290.0,buy
2024-05-06 10:02:40.271895448,105.42,78.0,buy
2024-05-06 10:02:40.359206446,105.51,190.0,buy
2024-05-06 10:02:40.452935651,105.67,122.0,sell
2024-05-06 10:02:40.723702471,105.74,88.0,sell
2024-05-06 10:02:41.431631988,105.69,110.0,sell
2024-05-06 10:02:42.572849951,105.72,123.0,buy
2024-05-06 10:02:42.616789098,105.83,226.0,sell
2024-05-06 10:02:42.866487940,105.82,109.0,buy
2024-05-06 10:02:42.919304641,105.97,130.0,sell
2024-05-06 10:02:42.927670479,105.89,106.0,buy
2024-05-06 10:02:43.469609194,105.99,97.0,buy
2024-05-06 10:02:43.930825776,106.05,129.0,sell
2024-05-06 10:02:44.019802798,106.04,89.0,buy
2024-05-06 10:02:44.152967196,106.05,122.0,sell
2024-05-06 10:02:44.164963849,105.98,116.0,sell
2024-05-06 10:02:45.065708794,105.91,134.0,buy
2024-05-06 10:02:46.903998421,105.84,91.0,sell
2024-05-06 10:02:46.976777006,105.88,218.0,sell
2024-05-06 10:02:47.108418238,106.03,62.0,sell
2024-05-06 10:02:48.122448554,105.95,96.0,sell
2024-05-06 10:02:49.427437279,105.8,114.0,buy
2024-05-06 10:02:49.699479748,105.77,84.0,buy
2024-05-06 10:02:49.725454120,105.68,64.0,buy
2024-05-06 10:02:49.745548464,105.78,70.0,buy
2024-05-06 10:02:50.172147591,105.93,65.0,buy
2024-05-06 10:02:50.421674441,106.0,70.0,sell
2024-05-06 10:02:50.436209902,106.23,124.0,sell
2024-05-06 10:02:50.873847151,106.25,57.0,buy
2024-05-06 10:02:50.879530599,106.27,183.0,sell
2024-05-06 10:02:51.653636060,106.26,117.0,buy
2024-05-06 10:02:51.836589649,106.14,78.0,sell
2024-05-06 10:02:51.857135040,106.15,85.0,sell
2024-05-06 10:02:52.300928641,106.03,151.0,sell
2024-05-06 10:02:52.554415512,106.08,81.0,buy
2024-05-06 10:02:54.375421335,106.23,93.0,buy
2024-05-06 10:02:54.768270449,106.2,58.0,sell
2024-05-06 10:02:54.929227240,106.18,42.0,sell
2024-05-06 10:02:55.547197878,106.21,160.0,buy
2024-05-06 10:02:55.705576216,106.44,98.0,buy
2024-05-06 10:02:56.878548511,106.58,53.0,sell
2024-05-06 10:02:57.113327951,106.53,194.0,sell
2024-05-06 10:02:57.512435779,106.29,134.0,buy
2024-05-06 10:02:57.538384151,106.25,70.0,buy
2024-05-06 10:02:57.816052712,106.03,85.0,sell
2024-05-06 10:02:58.709031497,106.1,95.0,buy
2024-05-06 10:02:59.528075735,106.07,90.0,buy
2024-05-06 10:02:59.655082413,106.08,58.0,buy
2024-05-06 10:02:59.783225198,106.13,126.0,sell
2024-05-06 10:03:00.633194644,106.16,153.0,buy
2024-05-06 10:03:01.965678650,106.22,176.0,buy
2024-05-06 10:03:02.015788262,106.15,92.0,sell
2024-05-06 10:03:02.314760074,106.12,85.0,buy
2024-05-06 10:03:02.520592929,106.08,80.0,sell
2024-05-06 10:03:03.543358285,106.06,127.0,buy
2024-05-06 10:03:03.586968483,105.99,77.0,sell
2024-05-06 10:03:03.705542780,106.09,119.0,sell
2024-05-06 10:03:04.403651169,105.95,82.0,buy
2024-05-06 10:03:04.429979253,106.04,115.0,buy
2024-05-06 10:03:04.769143396,106.02,206.0,buy
2024-05-06 10:03:05.060937473,106.05,241.0,buy
2024-05-06 10:03:05.264471553,105.86,53.0,buy
2024-05-06 10:03:05.515381630,105.82,100.0,buy
2024-05-06 10:03:05.892829721,105.81,130.0,sell
2024-05-06 10:03:05.980820981,105.99,134.0,buy
2024-05-06 10:03:06.405132208,105.97,75.0,sell
2024-05-06 10:03:07.223619836,105.83,160.0,buy
2024-05-06 10:03:07.937513396,105.66,260.0,sell
2024-05-06 10:03:08.021072201,105.52,83.0,buy
2024-05-06 10:03:08.101890373,105.44,107.0,sell
2024-05-06 10:03:08.257996873,105.45,64.0,sell
2024-05-06 10:03:08.481980760,105.34,97.0,sell
2024-05-06 10:03:08.744490012,105.38,68.0,buy
2024-05-06 10:03:09.313734278,105.12,70.0,buy
2024-05-06 10:03:09.342909363,105.08,70.0,buy
2024-05-06 10:03:09.360553397,104.98,76.0,buy
2024-05-06 10:03:09.609270051,105.04,150.0,buy
2024-05-06 10:03:10.206551480,105.01,71.0,sell
2024-05-06 10:03:10.314037087,104.88,151.0,buy
2024-05-06 10:03:10.826956647,104.81,96.0,sell
2024-05-06 10:03:10.977393084,104.8,80.0,buy
2024-05-06 10:03:12.063549312,104.84,72.0,sell
2024-05-06 10:03:13.193743067,104.77,98.0,sell
2024-05-06 10:03:13.370146573,104.68,93.0,sell
2024-05-06 10:03:13.500824899,104.71,193.0,sell
2024-05-06 10:03:13.765747554,104.56,231.0,sell
2024-05-06 10:03:13.903315826,104.59,63.0,buy
2024-05-06 10:03:14.461272131,104.32,82.0,buy
2024-05-06 10:03:15.335808031,104.32,62.0,sell
2024-05-06 10:03:15.894846478,104.34,74.0,buy
2024-05-06 10:03:16.764478701,104.45,54.0,buy
2024-05-06 10:03:17.017391243,104.6,57.0,sell
2024-05-06 10:03:17.102380449,104.5,133.0,buy
2024-05-06 10:03:17.771992234,104.46,91.0,buy
2024-05-06 10:03:17.995506630,104.56,78.0,sell
2024-05-06 10:03:18.551767152,104.72,99.0,sell
2024-05-06 10:03:18.709563775,104.69,101.0,sell
2024-05-06 10:03:18.751923306,104.78,73.0,sell
2024-05-06 10:03:21.203832422,104.95,164.0,buy
2024-05-06 10:03:21.288753205,104.91,130.0,sell
2024-05-06 10:03:23.518034027,104.78,118.0,sell
2024-05-06 10:03:25.410287386,104.64,173.0,buy
2024-05-06 10:03:26.199785640,104.58,107.0,buy
2024-05-06 10:03:26.738342605,104.77,68.0,buy
2024-05-06 10:03:27.169489027,104.8,69.0,sell
2024-05-06 10:03:28.174825810,104.65,73.0,sell
2024-05-06 10:03:28.345676417,104.43,136.0,sell
2024-05-06 10:03:28.660932790,104.47,148.0,sell
2024-05-06 10:03:29.143922774,104.49,241.0,sell
2024-05-06 10:03:29.408749043,104.34,176.0,buy
2024-05-06 10:03:29.687608484,104.1,125.0,sell
2024-05-06 10:03:29.888059751,104.12,238.0,sell
2024-05-06 10:03:30.303382184,104.25,52.0,buy
2024-05-06 10:03:31.253860947,104.27,148.0,sell
2024-05-06 10:03:31.366388873,104.42,62.0,buy
2024-05-06 10:03:32.728730547,104.31,149.0,sell
2024-05-06 10:03:33.312852673,104.18,82.0,sell
2024-05-06 10:03:34.179427830,104.31,71.0,buy
2024-05-06 10:03:34.585607978,104.24,111.0,buy
2024-05-06 10:03:35.341574643,104.36,172.0,buy
2024-05-06 10:03:35.349741173,104.22,123.0,buy
2024-05-06 10:03:36.202661685,104.17,107.0,buy
2024-05-06 10:03:36.223145010,103.99,125.0,buy
2024-05-06 10:03:37.326388878,103.97,70.0,sell
2024-05-06 10:03:39.738222853,104.02,90.0,buy
2024-05-06 10:03:39.912340654,103.97,95.0,buy
2024-05-06 10:03:40.030403479,103.84,130.0,sell
2024-05-06 10:03:40.755262075,103.93,117.0,sell
2024-05-06 10:03:40.901124753,104.25,90.0,buy
2024-05-06 10:03:41.904452255,104.45,114.0,sell
2024-05-06 10:03:41.958714229,104.33,73.0,buy
2024-05-06 10:03:42.026026050,104.18,40.0,sell
2024-05-06 10:03:43.961264010,103.9,117.0,sell
2024-05-06 10:03:44.521445931,103.9,126.0,sell
2024-05-06 10:03:45.459736198,104.22,175.0,buy
2024-05-06 10:03:45.655760981,104.22,97.0,sell
2024-05-06 10:03:46.220013948,104.2,105.0,sell
2024-05-06 10:03:46.671012913,104.26,51.0,buy
2024-05-06 10:03:47.133111516,104.29,131.0,buy
2024-05-06 10:03:47.706801366,104.52,223.0,sell
2024-05-06 10:03:48.135057157,104.46,96.0,buy
2024-05-06 10:03:48.415294808,104.51,108.0,sell
2024-05-06 10:03:48.576723367,104.6,50.0,sell
2024-05-06 10:03:49.308486761,104.43,45.0,sell
2024-05-06 10:03:49.436754483,104.55,75.0,buy
2024-05-06 10:03:50.026157734,104.52,98.0,buy
2024-05-06 10:03:50.159008984,104.43,68.0,buy
2024-05-06 10:03:50.649864031,104.47,63.0,buy
2024-05-06 10:03:51.337201628,104.62,65.0,buy
2024-05-06 10:03:51.460608557,104.51,97.0,buy
2024-05-06 10:03:51.491516100,104.48,96.0,sell
2024-05-06 10:03:51.561707070,104.6,178.0,sell
2024-05-06 10:03:52.027405406,104.59,171.0,sell
2024-05-06 10:03:52.974123483,104.68,69.0,buy
2024-05-06 10:03:52.997143788,104.61,73.0,buy
2024-05-06 10:03:53.659557675,104.62,87.0,buy
2024-05-06 10:03:53.868315371,104.66,120.0,sell
2024-05-06 10:03:54.193865574,104.64,159.0,buy
2024-05-06 10:03:55.515415166,104.72,49.0,buy
2024-05-06 10:03:55.717127391,104.65,52.0,sell
2024-05-06 10:03:56.030186648,104.66,60.0,sell
2024-05-06 10:03:56.037075088,104.54,98.0,buy
2024-05-06 10:03:56.079635518,104.51,41.0,buy
2024-05-06 10:03:56.229237342,104.57,163.0,sell
2024-05-06 10:03:56.243361077,104.62,184.0,sell
2024-05-06 10:03:56.742349225,104.57,135.0,buy
2024-05-06 10:03:57.020259287,104.66,207.0,buy
2024-05-06 10:03:57.417456485,104.74,71.0,buy
2024-05-06 10:03:57.513428651,104.78,102.0,sell
2024-05-06 10:03:57.688868840,104.89,125.0,buy
2024-05-06 10:03:58.233929769,104.74,150.0,sell
2024-05-06 10:03:59.914476812,104.82,129.0,sell
2024-05-06 10:03:59.940342862,105.02,98.0,sell
2024-05-06 10:04:01.045730291,105.0,143.0,sell
2024-05-06 10:04:01.475781436,104.86,69.0,sell
2024-05-06 10:04:01.890745723,104.88,63.0,sell
2024-05-06 10:04:02.237597926,104.73,122.0,buy
2024-05-06 10:04:02.273557618,104.77,99.0,sell
2024-05-06 10:04:02.320645298,104.87,136.0,buy
2024-05-06 10:04:02.779931973,104.8,113.0,buy
2024-05-06 10:04:02.988416413,104.65,57.0,sell
2024-05-06 10:04:04.234491221,104.56,91.0,sell
2024-05-06 10:04:04.495426534,104.68,219.0,buy
2024-05-06 10:04:04.572749452,104.7,114.0,sell
2024-05-06 10:04:05.199889470,104.62,100.0,buy
2024-05-06 10:04:05.373501784,104.43,176.0,buy
2024-05-06 10:04:05.746217327,104.32,65.0,sell
2024-05-06 10:04:06.344604689,104.43,81.0,sell
2024-05-06 10:04:07.497219539,104.47,79.0,buy
2024-05-06 10:04:08.282787952,104.35,80.0,sell
2024-05-06 10:04:08.846851348,104.2,203.0,sell
2024-05-06 10:04:09.415995666,104.38,106.0,buy
2024-05-06 10:04:10.874684028,104.48,177.0,buy
2024-05-06 10:04:11.050047574,104.38,62.0,sell
2024-05-06 10:04:11.050603931,104.15,128.0,buy
2024-05-06 10:04:11.209299838,104.34,206.0,sell
2024-05-06 10:04:11.332180661,104.3,171.0,sell
2024-05-06 10:04:11.874290716,104.37,162.0,sell
2024-05-06 10:04:12.376457855,104.38,123.0,buy
2024-05-06 10:04:12.826496032,104.29,83.0,sell
2024-05-06 10:04:12.834684440,104.26,156.0,buy
2024-05-06 10:04:13.487093343,104.24,86.0,sell
2024-05-06 10:04:13.682527237,104.24,131.0,sell
2024-05-06 10:04:14.229423183,104.45,67.0,sell
2024-05-06 10:04:14.636040349,104.45,74.0,sell
2024-05-06 10:04:14.845871246,104.6,77.0,buy
2024-05-06 10:04:14.918139260,104.53,114.0,buy
2024-05-06 10:04:14.967728480,104.62,80.0,buy
2024-05-06 10:04:15.858192648,104.62,123.0,sell
2024-05-06 10:04:17.111140596,104.55,163.0,buy
2024-05-06 10:04:17.635748960,104.5,134.0,buy
2024-05-06 10:04:17.690340708,104.43,64.0,sell
2024-05-06 10:04:17.947445728,104.56,104.0,buy
2024-05-06 10:04:18.600151792,104.39,117.0,sell
2024-05-06 10:04:19.356808743,104.41,74.0,buy
2024-05-06 10:04:19.419714305,104.5,101.0,buy
2024-05-06 10:04:19.419729665,104.58,110.0,buy
2024-05-06 10:04:20.042365048,104.67,68.0,buy
2024-05-06 10:04:20.262856408,104.76,82.0,buy
2024-05-06 10:04:20.409693960,104.97,62.0,buy
2024-05-06 10:04:20.416184642,104.93,158.0,buy
2024-05-06 10:04:20.804774585,105.03,101.0,sell
2024-05-06 10:04:21.757185151,105.08,77.0,buy
2024-05-06 10:04:23.337861936,105.09,129.0,buy
2024-05-06 10:04:23.754923559,105.36,120.0,buy
2024-05-06 10:04:24.116171729,105.25,108.0,sell
2024-05-06 10:04:24.160618148,105.28,110.0,sell
2024-05-06 10:04:24.558621120,105.28,106.0,buy
2024-05-06 10:04:24.797622149,105.24,70.0,sell
2024-05-06 10:04:25.264767125,105.27,74.0,buy
2024-05-06 10:04:25.510872397,105.49,97.0,sell
2024-05-06 10:04:25.648287650,105.6,125.0,buy
2024-05-06 10:04:25.698178633,105.56,63.0,buy
2024-05-06 10:04:25.887287328,105.61,176.0,buy
2024-05-06 10:04:25.938107071,105.68,97.0,sell
2024-05-06 10:04:26.035444008,105.72,135.0,buy
2024-05-06 10:04:28.219946247,105.78,201.0,buy
2024-05-06 10:04:28.513532875,105.71,92.0,buy
2024-05-06 10:04:28.893039384,105.72,120.0,sell
2024-05-06 10:04:29.927264582,105.89,108.0,sell
2024-05-06 10:04:32.636818346,105.9,116.0,sell
2024-05-06 10:04:33.073810605,105.9,77.0,sell
2024-05-06 10:04:33.910729016,105.94,154.0,sell
2024-05-06 10:04:34.108690177,105.94,142.0,buy
2024-05-06 10:04:34.291147402,106.11,94.0,sell
2024-05-06 10:04:34.548818406,106.12,102.0,buy
2024-05-06 10:04:35.106963107,106.21,162.0,sell
2024-05-06 10:04:35.680116544,106.21,89.0,buy
2024-05-06 10:04:35.869459564,106.16,142.0,sell
2024-05-06 10:04:35.940938794,106.03,87.0,buy
2024-05-06 10:04:36.441313646,106.09,118.0,sell
2024-05-06 10:04:36.509983455,106.15,68.0,sell
2024-05-06 10:04:36.941942320,106.08,59.0,sell
2024-05-06 10:04:37.533084063,106.19,63.0,buy
2024-05-06 10:04:38.136090667,106.21,49.0,sell
2024-05-06 10:04:38.836230742,106.12,51.0,buy
2024-05-06 10:04:39.867461686,105.96,77.0,buy
2024-05-06 10:04:40.213994270,105.88,74.0,sell
2024-05-06 10:04:40.869122605,105.94,116.0,sell
2024-05-06 10:04:41.351827295,105.6,125.0,buy
2024-05-06 10:04:41.455117990,105.54,92.0,sell
2024-05-06 10:04:41.468130683,105.39,74.0,sell
2024-05-06 10:04:41.635546445,105.35,89.0,sell
2024-05-06 10:04:41.928171722,105.3,92.0,sell
2024-05-06 10:04:42.408170195,105.46,71.0,sell
2024-05-06 10:04:43.356594641,105.41,88.0,sell
2024-05-06 10:04:43.465825478,105.4,101.0,sell
2024-05-06 10:04:43.532905438,105.34,113.0,sell
2024-05-06 10:04:45.187852331,105.24,228.0,sell
2024-05-06 10:04:45.245021882,105.38,77.0,buy
2024-05-06 10:04:45.570536323,105.37,109.0,sell
2024-05-06 10:04:46.010954355,105.31,71.0,sell
2024-05-06 10:04:46.400714922,105.43,79.0,sell
2024-05-06 10:04:46.445694867,105.69,49.0,buy
2024-05-06 10:04:46.475053636,105.65,109.0,buy
2024-05-06 10:04:46.530789560,105.48,133.0,sell
2024-05-06 10:04:46.971236495,105.59,209.0,buy
2024-05-06 10:04:47.364246039,105.53,134.0,buy
2024-05-06 10:04:47.497363426,105.42,82.0,sell
2024-05-06 10:04:48.005107098,105.32,74.0,sell
2024-05-06 10:04:48.862693853,105.51,141.0,sell
2024-05-06 10:04:48.883927902,105.44,161.0,buy
2024-05-06 10:04:49.228634925,105.49,52.0,sell
2024-05-06 10:04:49.813115412,105.42,153.0,buy
2024-05-06 10:04:49.958500113,105.48,75.0,buy
2024-05-06 10:04:50.142419272,105.57,95.0,sell
2024-05-06 10:04:50.617909409,105.56,124.0,buy
2024-05-06 10:04:51.758983553,105.53,137.0,buy
2024-05-06 10:04:52.589150302,105.4,85.0,buy
2024-05-06 10:04:53.026640993,105.43,158.0,buy
2024-05-06 10:04:53.681718410,105.51,98.0,buy
2024-05-06 10:04:53.908643783,105.36,64.0,sell
2024-05-06 10:04:54.420812219,105.48,143.0,buy
2024-05-06 10:04:54.734661997,105.49,99.0,sell
2024-05-06 10:04:54.839983092,105.47,101.0,buy
2024-05-06 10:04:55.444875044,105.45,97.0,buy
2024-05-06 10:04:55.851363916,105.42,93.0,buy
2024-05-06 10:04:56.073431736,105.49,82.0,sell
2024-05-06 10:04:57.284900394,105.32,61.0,buy
2024-05-06 10:04:57.295478565,105.41,64.0,sell
2024-05-06 10:04:57.485211448,105.26,81.0,buy
2024-05-06 10:04:57.514493065,105.32,76.0,buy
2024-05-06 10:04:58.241838162,105.34,74.0,buy
2024-05-06 10:04:58.847349383,105.16,91.0,sell
2024-05-06 10:04:59.048598305,105.09,55.0,buy
2024-05-06 10:04:59.611584244,105.09,123.0,buy
2024-05-06 10:04:59.863622822,105.17,195.0,sell
2024-05-06 10:05:00.569436684,105.08,195.0,buy
2024-05-06 10:05:00.872173053,105.06,145.0,sell
2024-05-06 10:05:01.137925139,105.21,72.0,buy
2024-05-06 10:05:02.502535874,105.32,60.0,buy
2024-05-06 10:05:02.646963322,105.13,47.0,buy
2024-05-06 10:05:02.711134242,105.3,94.0,buy
2024-05-06 10:05:03.150322459,105.42,75.0,sell
2024-05-06 10:05:04.892424146,105.45,74.0,sell
2024-05-06 10:05:05.129702506,105.44,105.0,buy
2024-05-06 10:05:05.161724769,105.43,71.0,sell
2024-05-06 10:05:05.368956455,105.3,62.0,buy
2024-05-06 10:05:05.721497165,105.23,121.0,buy
2024-05-06 10:05:05.809819817,105.31,91.0,buy
2024-05-06 10:05:06.346441552,105.32,118.0,buy
2024-05-06 10:05:09.394718326,105.38,138.0,sell
2024-05-06 10:05:09.695220674,105.42,170.0,sell
2024-05-06 10:05:09.914262779,105.37,107.0,buy
2024-05-06 10:05:10.170262741,105.3,85.0,sell
2024-05-06 10:05:10.231429151,105.19,87.0,buy
2024-05-06 10:05:11.305390430,105.16,45.0,buy
2024-05-06 10:05:11.573313155,104.99,78.0,buy
2024-05-06 10:05:11.818232204,105.16,87.0,sell
2024-05-06 10:05:12.357181761,105.1,116.0,buy
2024-05-06 10:05:12.648909867,105.22,136.0,buy
2024-05-06 10:05:13.171303660,105.24,125.0,sell
2024-05-06 10:05:13.203011258,105.33,115.0,buy
2024-05-06 10:05:14.043272413,105.32,94.0,sell
2024-05-06 10:05:15.454195115,105.4,73.0,sell
2024-05-06 10:05:15.977345547,105.14,85.0,sell
2024-05-06 10:05:17.523092042,105.16,80.0,sell
2024-05-06 10:05:17.605194755,105.12,87.0,buy
2024-05-06 10:05:17.929679708,104.99,59.0,sell
2024-05-06 10:05:18.390088607,105.06,125.0,buy
2024-05-06 10:05:18.825910614,105.11,84.0,sell
2024-05-06 10:05:19.082543062,105.09,123.0,sell
2024-05-06 10:05:19.288851680,105.18,100.0,sell
2024-05-06 10:05:19.356660763,105.21,95.0,buy
2024-05-06 10:05:19.605239206,105.33,68.0,sell
2024-05-06 10:05:19.694002232,105.24,102.0,buy
2024-05-06 10:05:20.356819552,105.15,66.0,sell
2024-05-06 10:05:20.473941351,105.09,124.0,buy
2024-05-06 10:05:20.504116499,105.09,53.0,buy
2024-05-06 10:05:20.906006326,105.09,91.0,sell
2024-05-06 10:05:21.358224133,105.1,123.0,buy
2024-05-06 10:05:22.385747151,105.13,113.0,buy
2024-05-06 10:05:22.815916967,105.12,41.0,sell
2024-05-06 10:05:23.027844187,105.06,64.0,sell
2024-05-06 10:05:23.840150120,105.31,57.0,buy
2024-05-06 10:05:24.228717751,105.37,81.0,sell
2024-05-06 10:05:24.270017559,105.54,58.0,sell
2024-05-06 10:05:24.687200795,105.47,164.0,sell
2024-05-06 10:05:25.880284947,105.42,63.0,buy
2024-05-06 10:05:26.132634350,105.51,113.0,buy
2024-05-06 10:05:26.308354259,105.53,206.0,buy
2024-05-06 10:05:26.385786909,105.54,108.0,buy
2024-05-06 10:05:26.467897405,105.63,110.0,sell
2024-05-06 10:05:26.751393920,105.59,104.0,buy
2024-05-06 10:05:27.204168020,105.48,122.0,buy
2024-05-06 10:05:27.246193396,105.31,75.0,buy
2024-05-06 10:05:28.649316526,105.31,80.0,buy
2024-05-06 10:05:29.352837823,105.26,90.0,sell
2024-05-06 10:05:29.794536569,105.43,121.0,sell
2024-05-06 10:05:30.675943805,105.35,99.0,buy
2024-05-06 10:05:30.717736118,105.43,120.0,sell
2024-05-06 10:05:31.041669013,105.45,168.0,buy
2024-05-06 10:05:31.538921012,105.46,77.0,buy
2024-05-06 10:05:32.420953008,105.42,142.0,buy
2024-05-06 10:05:33.185965078,105.48,88.0,buy
2024-05-06 10:05:33.348186000,105.72,93.0,sell
2024-05-06 10:05:34.762280435,105.93,130.0,sell
2024-05-06 10:05:34.828672466,106.14,168.0,buy
2024-05-06 10:05:35.868927997,106.13,127.0,sell
2024-05-06 10:05:37.638128602,106.06,222.0,sell
2024-05-06 10:05:37.735621421,105.95,67.0,sell
2024-05-06 10:05:38.375807338,105.91,141.0,sell
2024-05-06 10:05:38.396367065,105.76,78.0,buy
2024-05-06 10:05:38.656319443,105.85,93.0,sell
2024-05-06 10:05:39.019447379,105.8,149.0,buy
2024-05-06 10:05:39.453966380,105.9,53.0,sell
2024-05-06 10:05:40.827912470,105.97,80.0,sell
2024-05-06 10:05:41.385665597,106.11,99.0,sell
2024-05-06 10:05:41.713859142,105.93,59.0,buy
2024-05-06 10:05:42.543370308,105.95,98.0,sell
2024-05-06 10:05:44.046593248,105.7,62.0,buy
2024-05-06 10:05:44.057749872,105.64,81.0,buy
2024-05-06 10:05:46.081135219,105.77,80.0,sell
2024-05-06 10:05:46.126169864,105.63,131.0,sell
2024-05-06 10:05:46.968214979,105.55,107.0,buy
2024-05-06 10:05:47.132699533,105.57,51.0,sell
2024-05-06 10:05:47.203584816,105.57,137.0,sell
2024-05-06 10:05:47.493365187,105.62,108.0,buy
2024-05-06 10:05:48.009716481,105.6,119.0,sell
2024-05-06 10:05:48.249502588,105.44,68.0,buy
2024-05-06 10:05:48.277557874,105.27,86.0,sell
2024-05-06 10:05:48.735030117,105.24,81.0,buy
2024-05-06 10:05:49.898485794,105.07,248.0,buy
2024-05-06 10:05:50.140103479,105.17,106.0,sell
2024-05-06 10:05:50.261988883,105.18,47.0,buy
2024-05-06 10:05:50.554204645,105.39,282.0,sell
2024-05-06 10:05:50.578990303,105.26,131.0,buy
2024-05-06 10:05:51.437745756,105.48,92.0,buy
2024-05-06 10:05:52.313076048,105.46,70.0,buy
2024-05-06 10:05:52.756442575,105.36,132.0,buy
2024-05-06 10:05:52.974226586,105.33,71.0,sell
2024-05-06 10:05:53.778404246,105.41,135.0,sell
2024-05-06 10:05:54.182893211,105.53,90.0,buy
2024-05-06 10:05:55.057048723,105.76,38.0,buy
2024-05-06 10:05:55.556150097,105.69,129.0,buy
2024-05-06 10:05:56.323328010,105.62,68.0,sell
2024-05-06 10:05:56.779680337,105.65,133.0,buy
2024-05-06 10:05:57.047018461,105.81,146.0,buy
2024-05-06 10:05:58.631417182,105.94,113.0,buy
2024-05-06 10:05:59.020893724,105.79,123.0,buy
2024-05-06 10:05:59.485441809,105.72,69.0,buy
2024-05-06 10:05:59.609985175,105.62,115.0,buy
2024-05-06 10:06:00.101268275,105.71,131.0,buy
2024-05-06 10:06:00.525126173,105.69,89.0,buy
2024-05-06 10:06:00.627310624,105.83,113.0,buy
2024-05-06 10:06:00.658028745,105.93,130.0,buy
2024-05-06 10:06:01.121653171,105.9,109.0,sell
2024-05-06 10:06:01.842963361,105.93,91.0,sell
2024-05-06 10:06:02.213503656,106.0,170.0,buy
2024-05-06 10:06:02.342094720,105.93,65.0,sell
2024-05-06 10:06:02.891183877,106.11,69.0,buy
2024-05-06 10:06:02.932932145,106.24,197.0,sell
2024-05-06 10:06:03.224481315,106.19,49.0,buy
2024-05-06 10:06:03.313666058,106.19,134.0,sell
2024-05-06 10:06:03.415617881,106.22,62.0,buy
2024-05-06 10:06:03.528625433,106.22,203.0,sell
2024-05-06 10:06:03.773081721,106.2,89.0,buy
2024-05-06 10:06:03.799334106,106.29,104.0,sell
2024-05-06 10:06:04.052911492,106.25,72.0,sell
2024-05-06 10:06:04.411331771,106.25,60.0,sell
2024-05-06 10:06:04.741472663,106.25,98.0,buy
2024-05-06 10:06:04.982740862,106.39,96.0,buy
2024-05-06 10:06:05.896371831,106.52,148.0,buy
2024-05-06 10:06:05.974889820,106.69,86.0,sell
2024-05-06 10:06:06.327192856,106.82,76.0,buy
2024-05-06 10:06:06.359217599,106.71,44.0,buy
2024-05-06 10:06:06.396124664,106.76,81.0,sell
2024-05-06 10:06:06.822625202,106.6,147.0,sell
2024-05-06 10:06:07.240001802,106.41,85.0,buy
2024-05-06 10:06:08.292006285,106.34,101.0,sell
2024-05-06 10:06:08.700086103,106.34,130.0,sell
2024-05-06 10:06:10.306918571,106.31,208.0,sell
2024-05-06 10:06:10.331878768,106.3,41.0,buy
2024-05-06 10:06:10.383453407,106.13,175.0,sell
2024-05-06 10:06:10.405986538,106.29,118.0,sell
2024-05-06 10:06:10.508439996,106.29,125.0,sell
2024-05-06 10:06:10.898086856,106.14,91.0,sell
2024-05-06 10:06:11.416712140,106.17,141.0,buy
2024-05-06 10:06:11.440040569,106.3,85.0,sell
2024-05-06 10:06:12.899156719,106.37,97.0,sell
2024-05-06 10:06:13.822260460,106.4,189.0,buy
2024-05-06 10:06:13.998184112,106.39,199.0,sell
2024-05-06 10:06:14.038348732,106.27,90.0,buy
2024-05-06 10:06:14.131445498,106.17,95.0,sell
2024-05-06 10:06:14.199323524,105.97,79.0,buy
2024-05-06 10:06:14.265109482,105.93,103.0,buy
2024-05-06 10:06:14.630598070,106.03,137.0,buy
2024-05-06 10:06:14.771678370,105.96,102.0,buy
2024-05-06 10:06:14.993370683,106.05,126.0,buy
2024-05-06 10:06:17.271814729,106.04,192.0,sell
2024-05-06 10:06:17.848318739,106.1,125.0,buy
2024-05-06 10:06:19.336094059,106.01,73.0,sell
2024-05-06 10:06:19.412994087,106.16,99.0,buy
2024-05-06 10:06:19.653740354,106.26,81.0,buy
2024-05-06 10:06:20.058279599,106.25,141.0,sell
2024-05-06 10:06:20.098211577,106.23,79.0,buy
2024-05-06 10:06:20.100309695,106.34,121.0,buy
2024-05-06 10:06:20.655299522,106.26,70.0,sell
2024-05-06 10:06:21.168658661,106.37,55.0,buy
2024-05-06 10:06:21.433143962,106.23,115.0,sell
2024-05-06 10:06:21.769467415,106.25,95.0,sell
2024-05-06 10:06:22.037917907,106.28,270.0,buy
2024-05-06 10:06:22.050066838,106.4,94.0,sell
2024-05-06 10:06:22.254330439,106.43,71.0,buy
2024-05-06 10:06:22.351779953,106.44,145.0,buy
2024-05-06 10:06:22.403585526,106.57,191.0,buy
2024-05-06 10:06:23.973622861,106.41,86.0,sell
2024-05-06 10:06:24.430968523,106.56,47.0,sell
2024-05-06 10:06:25.083152992,106.49,66.0,sell
2024-05-06 10:06:25.272586789,106.38,129.0,sell
2024-05-06 10:06:25.522321241,106.41,127.0,sell
2024-05-06 10:06:25.657520060,106.33,80.0,sell
2024-05-06 10:06:25.708517415,106.14,133.0,sell
2024-05-06 10:06:25.807152768,106.07,58.0,sell
2024-05-06 10:06:26.605695145,106.11,101.0,buy
2024-05-06 10:06:27.171592237,106.05,164.0,sell
2024-05-06 10:06:27.567445317,106.1,96.0,sell
2024-05-06 10:06:27.889709426,106.23,73.0,sell
2024-05-06 10:06:29.168024300,106.1,103.0,sell
2024-05-06 10:06:29.205782215,106.09,108.0,buy
2024-05-06 10:06:29.370451654,106.03,108.0,sell
2024-05-06 10:06:29.585795309,106.24,210.0,buy
2024-05-06 10:06:30.348403006,106.3,61.0,sell
2024-05-06 10:06:32.795804764,106.38,75.0,buy
2024-05-06 10:06:32.933464510,106.43,56.0,sell
2024-05-06 10:06:33.970422265,106.48,129.0,sell
2024-05-06 10:06:34.858235698,106.51,76.0,sell
2024-05-06 10:06:34.985460838,106.54,55.0,sell
2024-05-06 10:06:35.240317776,106.74,99.0,sell
2024-05-06 10:06:35.503856993,106.83,164.0,buy
2024-05-06 10:06:37.417253922,106.67,129.0,sell
2024-05-06 10:06:37.517023530,106.82,104.0,sell
2024-05-06 10:06:38.319641833,106.83,124.0,sell
2024-05-06 10:06:38.523019338,106.6,83.0,sell
2024-05-06 10:06:39.179300353,106.6,142.0,buy
2024-05-06 10:06:39.451673427,106.64,99.0,buy
2024-05-06 10:06:39.883474851,106.58,57.0,sell
2024-05-06 10:06:40.777194578,106.57,60.0,sell
2024-05-06 10:06:41.592437426,106.45,56.0,buy
2024-05-06 10:06:42.598976707,106.47,63.0,sell
2024-05-06 10:06:42.629710900,106.54,87.0,buy
2024-05-06 10:06:43.218620722,106.6,76.0,sell
2024-05-06 10:06:43.294024828,106.67,58.0,sell
2024-05-06 10:06:43.562796664,106.81,100.0,sell
2024-05-06 10:06:43.960484539,106.85,123.0,sell
2024-05-06 10:06:44.218185483,107.03,85.0,sell
2024-05-06 10:06:44.584765729,106.89,95.0,buy
2024-05-06 10:06:47.416034481,106.73,161.0,buy
2024-05-06 10:06:47.488672998,106.9,136.0,sell
2024-05-06 10:06:48.051340147,106.82,121.0,buy
2024-05-06 10:06:48.303431488,106.89,65.0,buy
2024-05-06 10:06:48.374795290,106.96,66.0,sell
2024-05-06 10:06:48.461220622,106.94,38.0,buy
2024-05-06 10:06:49.951870152,107.01,100.0,sell
2024-05-06 10:06:51.010344240,107.06,106.0,buy
2024-05-06 10:06:52.198147778,107.0,152.0,buy
2024-05-06 10:06:54.583924052,106.82,78.0,buy
2024-05-06 10:06:54.700720145,106.78,110.0,buy
2024-05-06 10:06:54.920313314,106.83,91.0,sell
2024-05-06 10:06:55.473462736,106.77,87.0,buy
2024-05-06 10:06:55.804095692,106.94,94.0,sell
2024-05-06 10:06:56.075072871,106.79,121.0,buy
2024-05-06 10:06:56.296509378,106.72,82.0,buy
2024-05-06 10:06:56.746940353,106.61,132.0,sell
2024-05-06 10:06:57.175472047,106.57,71.0,sell
2024-05-06 10:06:57.263517253,106.44,167.0,buy
2024-05-06 10:06:57.582600445,106.51,53.0,buy
2024-05-06 10:06:57.985726780,106.48,117.0,buy
2024-05-06 10:06:58.408045576,106.48,124.0,buy
2024-05-06 10:06:58.525974591,106.45,77.0,buy
2024-05-06 10:06:59.203898669,106.62,53.0,buy
2024-05-06 10:06:59.216659683,106.78,82.0,buy
2024-05-06 10:06:59.435781837,106.82,136.0,sell
2024-05-06 10:07:00.193329229,106.84,110.0,buy
2024-05-06 10:07:00.608262965,106.86,140.0,sell
2024-05-06 10:07:00.759601556,106.93,77.0,buy
2024-05-06 10:07:01.353246460,106.83,119.0,buy
2024-05-06 10:07:01.772206876,106.99,112.0,buy
2024-05-06 10:07:02.567621957,107.16,71.0,sell
2024-05-06 10:07:03.231682207,107.16,100.0,sell
2024-05-06 10:07:03.702624858,107.18,186.0,buy
2024-05-06 10:07:04.037513726,107.14,208.0,buy
2024-05-06 10:07:04.108976920,106.9,74.0,buy
2024-05-06 10:07:04.260430966,106.88,98.0,buy
2024-05-06 10:07:04.532018840,106.78,67.0,sell
2024-05-06 10:07:04.989289081,106.64,143.0,buy
2024-05-06 10:07:05.349761938,106.72,129.0,buy
2024-05-06 10:07:05.519730221,106.66,91.0,sell
2024-05-06 10:07:05.522972893,106.66,37.0,sell
2024-05-06 10:07:05.865799778,106.45,95.0,buy
2024-05-06 10:07:06.033974092,106.33,124.0,sell
2024-05-06 10:07:06.697248309,106.34,103.0,buy
2024-05-06 10:07:06.709367128,106.35,87.0,buy
2024-05-06 10:07:07.148898094,106.43,79.0,sell
2024-05-06 10:07:08.568042213,106.39,87.0,sell
2024-05-06 10:07:08.663870267,106.2,87.0,buy
2024-05-06 10:07:08.982867953,106.3,159.0,sell
2024-05-06 10:07:09.030805218,106.39,76.0,sell
2024-05-06 10:07:09.522129889,106.37,90.0,buy
2024-05-06 10:07:09.921974842,106.17,69.0,sell
2024-05-06 10:07:10.183563576,106.19,108.0,buy
2024-05-06 10:07:10.551984623,106.26,136.0,buy
2024-05-06 10:07:11.686437255,106.27,136.0,sell
2024-05-06 10:07:11.795698317,106.3,167.0,sell
2024-05-06 10:07:11.807109810,106.37,58.0,sell
2024-05-06 10:07:12.796147893,106.24,75.0,buy
2024-05-06 10:07:13.226477858,106.13,93.0,buy
2024-05-06 10:07:14.333117287,105.97,169.0,sell
2024-05-06 10:07:14.787458689,105.99,110.0,buy
2024-05-06 10:07:15.618248394,106.08,93.0,sell
2024-05-06 10:07:15.899021411,105.88,50.0,buy
2024-05-06 10:07:16.591888533,105.82,160.0,buy
2024-05-06 10:07:17.813050485,105.9,66.0,buy
2024-05-06 10:07:18.237510197,105.96,65.0,buy
2024-05-06 10:07:18.337214646,106.1,281.0,buy
2024-05-06 10:07:18.493747145,106.09,120.0,sell
2024-05-06 10:07:18.604472498,105.96,153.0,sell
2024-05-06 10:07:18.746222597,106.06,42.0,sell
2024-05-06 10:07:18.929163661,105.89,217.0,buy
2024-05-06 10:07:19.334154504,106.02,86.0,buy
2024-05-06 10:07:19.777510311,105.83,59.0,buy
2024-05-06 10:07:20.055508762,106.08,177.0,sell
2024-05-06 10:07:20.533311500,106.08,120.0,sell
2024-05-06 10:07:20.575858976,106.08,141.0,buy
2024-05-06 10:07:20.621800536,105.96,106.0,buy
2024-05-06 10:07:20.716068626,105.74,69.0,sell
2024-05-06 10:07:21.081054607,105.67,144.0,sell
2024-05-06 10:07:21.201450465,105.5,177.0,buy
2024-05-06 10:07:21.367988552,105.44,156.0,sell
2024-05-06 10:07:21.623662129,105.54,107.0,sell
2024-05-06 10:07:22.458962861,105.57,99.0,buy
2024-05-06 10:07:22.465942417,105.64,83.0,buy
2024-05-06 10:07:22.989966866,105.71,187.0,buy
2024-05-06 10:07:23.542598844,105.82,74.0,sell
2024-05-06 10:07:24.343968494,105.83,49.0,buy
2024-05-06 10:07:25.693659476,105.69,176.0,buy
2024-05-06 10:07:25.703831166,105.69,96.0,buy
2024-05-06 10:07:25.787321308,105.79,94.0,sell
2024-05-06 10:07:26.873851578,105.87,150.0,buy
2024-05-06 10:07:27.180574824,105.96,104.0,sell
2024-05-06 10:07:27.596309140,105.88,110.0,buy
2024-05-06 10:07:28.140185677,105.8,125.0,buy
2024-05-06 10:07:28.708446511,105.76,73.0,sell
2024-05-06 10:07:30.050665133,105.71,99.0,buy
2024-05-06 10:07:32.946876480,105.71,86.0,sell
2024-05-06 10:07:33.583640577,105.7,101.0,sell
2024-05-06 10:07:33.752932657,105.56,131.0,buy
2024-05-06 10:07:34.812033830,105.51,137.0,buy
2024-05-06 10:07:34.837270601,105.47,96.0,buy
2024-05-06 10:07:34.968655328,105.57,69.0,buy
2024-05-06 10:07:36.107044403,105.73,67.0,buy
2024-05-06 10:07:36.255030248,105.59,98.0,sell
2024-05-06 10:07:36.379678448,105.69,136.0,sell
2024-05-06 10:07:36.454001133,105.69,89.0,sell
2024-05-06 10:07:37.433895288,105.85,81.0,sell
2024-05-06 10:07:37.780527141,105.88,103.0,buy
2024-05-06 10:07:38.342327913,105.92,161.0,sell
2024-05-06 10:07:38.478932492,105.99,128.0,buy
2024-05-06 10:07:39.188424790,105.95,128.0,buy
2024-05-06 10:07:39.901994520,106.01,104.0,buy
2024-05-06 10:07:40.089412541,105.84,80.0,buy
2024-05-06 10:07:40.353807749,106.22,76.0,sell
2024-05-06 10:07:40.471472927,106.26,74.0,sell
2024-05-06 10:07:42.348150413,106.07,58.0,sell
2024-05-06 10:07:42.866818579,105.94,72.0,sell
2024-05-06 10:07:44.230006227,105.91,140.0,sell
2024-05-06 10:07:44.410767811,105.96,72.0,sell
2024-05-06 10:07:45.172147783,105.94,119.0,sell
2024-05-06 10:07:45.898062913,106.12,141.0,sell
2024-05-06 10:07:46.486331966,106.17,93.0,sell
2024-05-06 10:07:48.171748146,106.03,66.0,sell
2024-05-06 10:07:48.421819042,106.17,54.0,sell
2024-05-06 10:07:48.491862501,106.06,121.0,buy
2024-05-06 10:07:49.048789721,105.99,83.0,buy
2024-05-06 10:07:49.702179864,106.18,72.0,sell
2024-05-06 10:07:50.130084186,106.06,83.0,buy
2024-05-06 10:07:50.245935408,105.97,117.0,sell
2024-05-06 10:07:50.596984914,106.18,125.0,buy
2024-05-06 10:07:50.784106043,106.23,30.0,buy
2024-05-06 10:07:51.062948083,106.13,105.0,sell
2024-05-06 10:07:51.581074776,106.14,56.0,sell
2024-05-06 10:07:52.264741883,106.22,73.0,buy
2024-05-06 10:07:52.396870962,106.32,151.0,buy
2024-05-06 10:07:52.656741386,106.44,90.0,sell
2024-05-06 10:07:52.813522821,106.45,156.0,sell
2024-05-06 10:07:52.924240086,106.36,91.0,buy
2024-05-06 10:07:53.689062058,106.42,165.0,sell
2024-05-06 10:07:54.888900306,106.32,51.0,sell
2024-05-06 10:07:55.120102344,106.59,94.0,sell
2024-05-06 10:07:55.815813939,106.7,97.0,buy
2024-05-06 10:07:56.952304217,106.78,169.0,sell
2024-05-06 10:07:57.888108999,106.66,90.0,sell
2024-05-06 10:07:57.989052899,106.78,110.0,sell
2024-05-06 10:07:59.554163607,106.7,106.0,sell
2024-05-06 10:07:59.790508376,106.77,137.0,sell
2024-05-06 10:07:59.997691172,106.72,117.0,buy
2024-05-06 10:08:00.029923809,106.55,94.0,sell
2024-05-06 10:08:00.362858768,106.52,125.0,buy
2024-05-06 10:08:00.420571835,106.46,110.0,sell
2024-05-06 10:08:00.563440364,106.42,72.0,sell
2024-05-06 10:08:00.754028571,106.32,147.0,sell
2024-05-06 10:08:01.581315053,106.44,155.0,buy
2024-05-06 10:08:02.622994256,106.32,66.0,buy
2024-05-06 10:08:02.803096494,106.31,108.0,buy
2024-05-06 10:08:03.781524840,106.23,149.0,buy
2024-05-06 10:08:04.754788291,106.26,74.0,sell
2024-05-06 10:08:05.478131065,106.27,161.0,sell
2024-05-06 10:08:05.557450249,106.27,151.0,sell
2024-05-06 10:08:06.143562732,106.16,131.0,sell
2024-05-06 10:08:07.593992596,106.23,126.0,buy
2024-05-06 10:08:08.167695076,106.22,108.0,sell
2024-05-06 10:08:08.369141922,106.31,187.0,buy
2024-05-06 10:08:08.716295165,106.29,64.0,buy
2024-05-06 10:08:09.235136142,106.44,87.0,buy
2024-05-06 10:08:09.592393475,106.44,88.0,sell
2024-05-06 10:08:09.656283423,106.44,166.0,buy
2024-05-06 10:08:09.843313190,106.34,110.0,buy
2024-05-06 10:08:10.654058393,106.19,80.0,buy
2024-05-06 10:08:11.642205095,106.3,100.0,sell
2024-05-06 10:08:11.716049250,106.51,111.0,sell
2024-05-06 10:08:13.238371373,106.51,54.0,buy
2024-05-06 10:08:13.437732284,106.49,115.0,buy
2024-05-06 10:08:13.980551302,106.35,99.0,sell
2024-05-06 10:08:14.677362164,106.29,100.0,sell
2024-05-06 10:08:15.512875850,106.23,38.0,sell
2024-05-06 10:08:16.969949248,106.3,195.0,sell
2024-05-06 10:08:17.157601192,106.27,67.0,buy
2024-05-06 10:08:18.135351781,106.38,97.0,sell
2024-05-06 10:08:18.205953241,106.5,71.0,sell
2024-05-06 10:08:18.816412540,106.53,206.0,sell
2024-05-06 10:08:19.493767229,106.63,102.0,sell
2024-05-06 10:08:20.059939530,106.64,130.0,buy
2024-05-06 10:08:20.205326110,106.62,45.0,buy
2024-05-06 10:08:21.237280105,106.85,99.0,buy
2024-05-06 10:08:21.329757694,106.73,81.0,buy
2024-05-06 10:08:21.357321059,106.56,86.0,buy
2024-05-06 10:08:21.989297463,106.58,123.0,buy
2024-05-06 10:08:22.311929239,106.75,129.0,buy
2024-05-06 10:08:23.257491635,106.77,51.0,sell
2024-05-06 10:08:23.499256698,106.68,70.0,buy
2024-05-06 10:08:23.591385566,106.68,85.0,buy
2024-05-06 10:08:24.496679961,106.83,97.0,sell
2024-05-06 10:08:24.894723754,106.81,52.0,sell
2024-05-06 10:08:24.999588091,106.85,95.0,sell
2024-05-06 10:08:25.636757111,106.69,80.0,sell
2024-05-06 10:08:25.994569715,106.47,144.0,buy
2024-05-06 10:08:26.458135584,106.34,197.0,buy
2024-05-06 10:08:26.767061141,106.23,96.0,sell
2024-05-06 10:08:27.649256801,106.41,75.0,buy
2024-05-06 10:08:28.533950743,106.32,116.0,buy
2024-05-06 10:08:29.151835275,106.42,108.0,buy
2024-05-06 10:08:29.207525338,106.31,83.0,sell
2024-05-06 10:08:30.120247156,106.34,176.0,buy
2024-05-06 10:08:30.676115648,106.41,37.0,sell
2024-05-06 10:08:31.273166764,106.18,138.0,sell
2024-05-06 10:08:31.498646107,106.36,63.0,sell
2024-05-06 10:08:32.555785001,106.37,84.0,buy
2024-05-06 10:08:33.201953185,106.34,51.0,sell
2024-05-06 10:08:33.261677534,106.21,135.0,sell
2024-05-06 10:08:33.523614420,106.16,137.0,buy
2024-05-06 10:08:34.611063879,106.2,98.0,buy
2024-05-06 10:08:34.635237278,105.94,204.0,buy
2024-05-06 10:08:36.262704106,106.1,137.0,buy
2024-05-06 10:08:36.831114470,106.08,101.0,sell
2024-05-06 10:08:37.330103502,106.14,156.0,buy
2024-05-06 10:08:37.487842074,106.25,140.0,buy
2024-05-06 10:08:37.630878284,106.28,111.0,buy
2024-05-06 10:08:39.055036562,106.11,114.0,sell
2024-05-06 10:08:39.232141593,106.08,80.0,buy
2024-05-06 10:08:39.979093176,106.12,119.0,sell
2024-05-06 10:08:40.228806758,105.96,55.0,buy
2024-05-06 10:08:40.303784711,105.84,182.0,sell
2024-05-06 10:08:40.309171271,105.8,98.0,sell
2024-05-06 10:08:40.702084753,105.75,99.0,sell
2024-05-06 10:08:42.562348634,105.71,50.0,sell
2024-05-06 10:08:42.792681273,105.73,101.0,buy
2024-05-06 10:08:43.013636133,105.81,92.0,buy
2024-05-06 10:08:43.224503213,105.64,75.0,sell
2024-05-06 10:08:43.592054619,105.67,87.0,buy
2024-05-06 10:08:43.882557865,105.66,106.0,buy
2024-05-06 10:08:44.942334038,105.63,126.0,sell
2024-05-06 10:08:45.294459125,105.49,87.0,sell
2024-05-06 10:08:45.648851368,105.62,172.0,buy
2024-05-06 10:08:45.723316961,105.5,102.0,buy
2024-05-06 10:08:47.752985458,105.73,73.0,buy
2024-05-06 10:08:47.896808422,105.69,72.0,sell
2024-05-06 10:08:47.934905686,105.63,123.0,sell
2024-05-06 10:08:48.478958894,105.36,111.0,buy
2024-05-06 10:08:48.931345513,105.36,107.0,buy
2024-05-06 10:08:49.199541735,105.49,100.0,sell
2024-05-06 10:08:49.473798760,105.47,122.0,sell
2024-05-06 10:08:50.242506062,105.54,67.0,sell
2024-05-06 10:08:50.351405392,105.68,80.0,sell
2024-05-06 10:08:51.209508765,105.63,56.0,sell
2024-05-06 10:08:51.732633186,105.59,119.0,buy
2024-05-06 10:08:52.004109436,105.5,53.0,sell
2024-05-06 10:08:52.310380474,105.39,98.0,buy
2024-05-06 10:08:52.458672737,105.43,86.0,sell
2024-05-06 10:08:53.156066566,105.42,95.0,sell
2024-05-06 10:08:53.515683558,105.34,41.0,buy
2024-05-06 10:08:53.709143535,105.3,133.0,sell
2024-05-06 10:08:54.162375763,105.39,75.0,sell
2024-05-06 10:08:56.890968079,105.32,50.0,sell
2024-05-06 10:08:57.176665012,105.24,87.0,sell
2024-05-06 10:08:58.443869371,105.18,117.0,buy
2024-05-06 10:08:58.655442248,105.29,93.0,sell
2024-05-06 10:08:58.683586019,105.48,208.0,sell
2024-05-06 10:08:58.797816165,105.47,69.0,sell
2024-05-06 10:08:59.069056140,105.42,62.0,buy
2024-05-06 10:08:59.193052854,105.54,90.0,sell
2024-05-06 10:08:59.193166386,105.42,66.0,sell
2024-05-06 10:09:00.425727443,105.32,134.0,sell
2024-05-06 10:09:01.354290726,105.28,139.0,sell
2024-05-06 10:09:02.032255234,105.32,109.0,buy
2024-05-06 10:09:02.124105245,105.33,88.0,sell
2024-05-06 10:09:02.188228550,105.4,140.0,buy
2024-05-06 10:09:02.223227783,105.45,64.0,sell
2024-05-06 10:09:02.866957871,105.48,77.0,buy
2024-05-06 10:09:04.188145008,105.71,89.0,sell
2024-05-06 10:09:04.469674706,105.57,144.0,buy
2024-05-06 10:09:04.533103376,105.57,126.0,sell
2024-05-06 10:09:04.892225955,105.49,122.0,buy
2024-05-06 10:09:05.106719686,105.43,71.0,buy
2024-05-06 10:09:05.341581460,105.42,68.0,sell
2024-05-06 10:09:05.827127367,105.36,32.0,buy
2024-05-06 10:09:06.461326346,105.11,119.0,sell
2024-05-06 10:09:06.519932469,105.11,146.0,buy
2024-05-06 10:09:06.538051971,105.18,50.0,sell
2024-05-06 10:09:09.124361744,105.23,81.0,buy
2024-05-06 10:09:09.256818926,105.29,101.0,buy
2024-05-06 10:09:09.284485716,105.23,147.0,sell
2024-05-06 10:09:09.389769280,105.31,144.0,sell
2024-05-06 10:09:09.409637783,105.42,76.0,buy
2024-05-06 10:09:09.658272492,105.48,69.0,buy
2024-05-06 10:09:10.469032254,105.62,169.0,sell
2024-05-06 10:09:10.677733631,105.77,97.0,sell
2024-05-06 10:09:10.971392084,105.89,70.0,buy
2024-05-06 10:09:11.534260677,105.93,134.0,sell
2024-05-06 10:09:11.889808393,105.93,66.0,sell
2024-05-06 10:09:12.878054829,105.96,81.0,sell
2024-05-06 10:09:13.883145702,105.87,132.0,buy
2024-05-06 10:09:13.888125768,105.78,93.0,buy
2024-05-06 10:09:14.640769022,105.79,69.0,buy
2024-05-06 10:09:14.949541813,105.68,62.0,sell
2024-05-06 10:09:17.197275726,105.43,36.0,buy
2024-05-06 10:09:17.527356424,105.58,97.0,sell
2024-05-06 10:09:19.694773216,105.68,81.0,buy
2024-05-06 10:09:20.397143667,105.71,107.0,sell
2024-05-06 10:09:20.540055490,105.66,101.0,sell
2024-05-06 10:09:20.926578334,105.68,81.0,sell
2024-05-06 10:09:23.349285360,105.43,87.0,sell
2024-05-06 10:09:24.323599407,105.65,52.0,sell
2024-05-06 10:09:24.374818964,105.72,104.0,buy
2024-05-06 10:09:24.987539768,105.67,86.0,buy
2024-05-06 10:09:25.199542417,105.73,69.0,buy
2024-05-06 10:09:25.203045793,105.79,93.0,buy
2024-05-06 10:09:25.461367860,105.87,98.0,sell
2024-05-06 10:09:25.595147099,105.83,123.0,sell
2024-05-06 10:09:26.449415223,105.82,85.0,buy
2024-05-06 10:09:26.655154757,105.79,88.0,sell
2024-05-06 10:09:27.533902461,105.73,95.0,sell
2024-05-06 10:09:27.534201520,105.76,81.0,sell
2024-05-06 10:09:27.718155527,105.79,79.0,buy
2024-05-06 10:09:27.856141126,105.87,71.0,sell
2024-05-06 10:09:27.989145359,105.94,175.0,sell
2024-05-06 10:09:28.024456719,106.02,53.0,sell
2024-05-06 10:09:28.128045237,106.11,46.0,sell
2024-05-06 10:09:28.533503611,106.36,192.0,buy
2024-05-06 10:09:28.705708188,106.33,170.0,sell
2024-05-06 10:09:28.975830927,106.01,88.0,sell
2024-05-06 10:09:29.212328481,106.04,75.0,buy
2024-05-06 10:09:30.255682117,106.11,123.0,buy
2024-05-06 10:09:31.434197472,106.29,95.0,sell
2024-05-06 10:09:31.773777177,106.28,157.0,buy
2024-05-06 10:09:31.974132355,106.17,105.0,sell
2024-05-06 10:09:32.030605128,106.04,96.0,buy
2024-05-06 10:09:33.563713393,106.08,153.0,sell
2024-05-06 10:09:33.594771825,106.13,152.0,buy
2024-05-06 10:09:33.771433734,106.17,40.0,buy
2024-05-06 10:09:33.948391826,106.31,202.0,buy
2024-05-06 10:09:34.141518216,106.08,193.0,sell
2024-05-06 10:09:34.231253136,106.12,83.0,buy
2024-05-06 10:09:34.995554198,106.05,131.0,sell
2024-05-06 10:09:35.060892141,105.83,161.0,buy
2024-05-06 10:09:35.564693256,105.77,105.0,buy
2024-05-06 10:09:35.630799974,105.73,139.0,buy
2024-05-06 10:09:35.667373380,105.65,88.0,sell
2024-05-06 10:09:36.868186763,105.6,131.0,sell
2024-05-06 10:09:36.973626771,105.59,118.0,buy
2024-05-06 10:09:37.834510752,105.55,169.0,buy
2024-05-06 10:09:38.227834210,105.42,140.0,sell
2024-05-06 10:09:38.268361434,105.53,130.0,sell
2024-05-06 10:09:39.823912699,105.63,92.0,sell
2024-05-06 10:09:39.965731940,105.64,224.0,buy
2024-05-06 10:09:40.947523346,105.73,60.0,sell
2024-05-06 10:09:41.039971785,105.76,152.0,sell
2024-05-06 10:09:42.001850543,105.6,93.0,sell
2024-05-06 10:09:42.008509089,105.61,171.0,buy
2024-05-06 10:09:42.367004134,105.48,170.0,sell
2024-05-06 10:09:43.100631801,105.31,109.0,sell
2024-05-06 10:09:44.465745333,105.11,96.0,buy
2024-05-06 10:09:45.665305093,105.13,159.0,sell
2024-05-06 10:09:46.521663361,105.3,70.0,buy
2024-05-06 10:09:47.617146536,105.12,159.0,sell
2024-05-06 10:09:47.728230853,105.25,88.0,buy
2024-05-06 10:09:47.895397124,105.4,146.0,buy
2024-05-06 10:09:48.065916414,105.39,93.0,buy
2024-05-06 10:09:48.302564080,105.26,111.0,sell
2024-05-06 10:09:48.552441537,105.26,80.0,buy
2024-05-06 10:09:48.945682051,105.25,92.0,sell
2024-05-06 10:09:49.032787181,105.31,66.0,buy
2024-05-06 10:09:49.620393473,105.38,78.0,buy
2024-05-06 10:09:49.712094467,105.32,44.0,sell
2024-05-06 10:09:49.897849896,105.22,92.0,buy
2024-05-06 10:09:50.247779857,105.21,157.0,sell
2024-05-06 10:09:51.043678474,105.12,110.0,sell
2024-05-06 10:09:51.716195634,105.03,95.0,sell
2024-05-06 10:09:52.234767560,104.95,59.0,sell
2024-05-06 10:09:52.319434646,104.96,84.0,sell
2024-05-06 10:09:52.715416276,104.84,167.0,buy
2024-05-06 10:09:52.761170559,104.75,146.0,buy
2024-05-06 10:09:52.998066498,104.82,77.0,buy
2024-05-06 10:09:53.264871896,104.81,121.0,buy
2024-05-06 10:09:53.285184695,104.65,103.0,sell
2024-05-06 10:09:53.445279131,104.49,251.0,buy
2024-05-06 10:09:55.003094410,104.5,128.0,sell
2024-05-06 10:09:56.538673821,104.41,140.0,sell
2024-05-06 10:09:56.755858532,104.38,77.0,sell
2024-05-06 10:09:56.777886782,104.55,63.0,sell
2024-05-06 10:09:56.876560690,104.57,47.0,buy
2024-05-06 10:09:57.125530026,104.62,163.0,buy
2024-05-06 10:09:58.601671993,104.52,122.0,buy
2024-05-06 10:09:58.677781054,104.51,138.0,sell
2024-05-06 10:09:59.398718087,104.65,53.0,sell
2024-05-06 10:09:59.456245396,104.54,245.0,sell
2024-05-06 10:10:01.444728264,104.49,160.0,sell
2024-05-06 10:10:01.685051495,104.43,144.0,sell
2024-05-06 10:10:02.431400403,104.41,145.0,buy
2024-05-06 10:10:02.641124930,104.36,124.0,sell
2024-05-06 10:10:03.135110782,104.32,91.0,buy
2024-05-06 10:10:03.241717346,104.39,30.0,buy
2024-05-06 10:10:03.320641695,104.41,120.0,buy
2024-05-06 10:10:04.711469664,104.5,122.0,sell
2024-05-06 10:10:05.959841548,104.35,124.0,sell
2024-05-06 10:10:07.052104553,104.37,53.0,buy
2024-05-06 10:10:07.543097447,104.21,76.0,buy
2024-05-06 10:10:08.368926355,104.24,78.0,sell
2024-05-06 10:10:08.404694194,104.23,93.0,sell
2024-05-06 10:10:08.608519723,104.3,181.0,sell
2024-05-06 10:10:08.796742214,104.3,77.0,buy
2024-05-06 10:10:09.301555962,104.19,122.0,buy
2024-05-06 10:10:09.521551455,104.27,67.0,buy
2024-05-06 10:10:09.601933326,104.23,104.0,sell
2024-05-06 10:10:10.055681925,104.31,126.0,buy
2024-05-06 10:10:10.897719339,104.16,166.0,sell
2024-05-06 10:10:11.138452674,104.21,81.0,sell
2024-05-06 10:10:11.209389270,104.33,117.0,sell
2024-05-06 10:10:11.318895442,104.24,291.0,buy
2024-05-06 10:10:11.454460880,104.46,128.0,buy
2024-05-06 10:10:11.632725209,104.41,64.0,sell
2024-05-06 10:10:12.147448024,104.44,105.0,sell
2024-05-06 10:10:12.606776645,104.64,90.0,sell
2024-05-06 10:10:13.202271802,104.82,105.0,buy
2024-05-06 10:10:13.427373859,104.91,67.0,buy
2024-05-06 10:10:14.296002831,105.14,48.0,buy
2024-05-06 10:10:14.410135944,105.04,75.0,sell
2024-05-06 10:10:14.726670943,105.1,110.0,sell
2024-05-06 10:10:15.533742228,105.17,203.0,buy
2024-05-06 10:10:15.633064443,105.08,182.0,buy
2024-05-06 10:10:15.691254454,105.04,74.0,sell
2024-05-06 10:10:16.766976642,105.03,51.0,sell
2024-05-06 10:10:16.976958746,104.99,132.0,buy
2024-05-06 10:10:17.552759823,104.82,173.0,sell
2024-05-06 10:10:17.565597530,104.85,149.0,buy
2024-05-06 10:10:18.151264653,104.86,141.0,buy
2024-05-06 10:10:18.341237397,105.01,95.0,buy
2024-05-06 10:10:18.369914713,105.06,110.0,sell
2024-05-06 10:10:18.840478991,104.94,167.0,sell
2024-05-06 10:10:18.978226520,105.06,72.0,sell
2024-05-06 10:10:19.222764491,105.15,136.0,buy
2024-05-06 10:10:19.264771054,105.06,108.0,sell
2024-05-06 10:10:19.344364622,104.95,86.0,buy
2024-05-06 10:10:19.521259345,105.02,97.0,buy
2024-05-06 10:10:19.568282560,104.94,71.0,sell
2024-05-06 10:10:20.776866925,104.92,291.0,sell
2024-05-06 10:10:20.779899625,105.01,111.0,sell
2024-05-06 10:10:21.110588453,105.05,93.0,buy
2024-05-06 10:10:21.176353699,105.4,196.0,sell
2024-05-06 10:10:21.360206543,105.6,84.0,sell
2024-05-06 10:10:22.662454229,105.6,119.0,buy
2024-05-06 10:10:22.750640604,105.81,83.0,sell
2024-05-06 10:10:24.438878155,105.87,128.0,buy
2024-05-06 10:10:24.554084595,105.94,81.0,sell
2024-05-06 10:10:25.230642273,105.77,96.0,sell
2024-05-06 10:10:25.626217757,105.74,87.0,buy
2024-05-06 10:10:26.705368052,105.77,102.0,buy
2024-05-06 10:10:27.109078654,105.8,178.0,buy
2024-05-06 10:10:27.491463858,105.93,40.0,buy
2024-05-06 10:10:27.600204912,105.97,173.0,buy
2024-05-06 10:10:27.691103376,105.86,201.0,buy
2024-05-06 10:10:28.932492740,105.9,143.0,sell
2024-05-06 10:10:29.131120835,105.95,148.0,buy
2024-05-06 10:10:29.363793887,106.14,159.0,sell
2024-05-06 10:10:30.076984821,106.05,81.0,buy
2024-05-06 10:10:30.283852035,106.06,115.0,sell
2024-05-06 10:10:31.802780079,105.95,75.0,buy
2024-05-06 10:10:32.472347640,105.91,158.0,sell
2024-05-06 10:10:32.927289841,105.81,73.0,buy
2024-05-06 10:10:33.991165426,105.75,156.0,sell
2024-05-06 10:10:34.016604700,105.91,117.0,buy
2024-05-06 10:10:34.165176507,105.95,123.0,sell
2024-05-06 10:10:34.477954732,105.95,101.0,buy
2024-05-06 10:10:34.606678966,105.85,94.0,sell
2024-05-06 10:10:35.287782736,105.95,125.0,sell
2024-05-06 10:10:36.545721592,105.85,74.0,sell
2024-05-06 10:10:36.821345893,105.75,150.0,sell
2024-05-06 10:10:37.030721837,105.88,96.0,sell
2024-05-06 10:10:38.659929649,105.81,193.0,sell
2024-05-06 10:10:38.954190306,106.16,124.0,buy
2024-05-06 10:10:39.289930511,106.08,135.0,sell
2024-05-06 10:10:39.506592715,106.13,42.0,buy
2024-05-06 10:10:40.708063308,106.23,63.0,sell
2024-05-06 10:10:41.128835261,106.46,93.0,sell
2024-05-06 10:10:41.846944478,106.39,114.0,sell
2024-05-06 10:10:42.682087353,106.47,85.0,sell
2024-05-06 10:10:42.891247831,106.65,106.0,sell
2024-05-06 10:10:43.175558479,106.64,88.0,sell
2024-05-06 10:10:44.119050161,106.55,175.0,buy
2024-05-06 10:10:44.344743445,106.61,158.0,buy
2024-05-06 10:10:45.134525582,106.46,48.0,buy
2024-05-06 10:10:46.549569441,106.55,133.0,sell
2024-05-06 10:10:47.037603574,106.66,111.0,sell
2024-05-06 10:10:47.714279631,106.64,98.0,sell
2024-05-06 10:10:48.531907072,106.55,97.0,buy
2024-05-06 10:10:49.464200069,106.74,116.0,buy
2024-05-06 10:10:49.715507562,106.8,109.0,buy
2024-05-06 10:10:49.741819630,106.74,80.0,sell
2024-05-06 10:10:49.998798451,106.63,130.0,buy
2024-05-06 10:10:50.558853659,106.58,121.0,buy
2024-05-06 10:10:50.858090794,106.56,71.0,sell
2024-05-06 10:10:51.549168564,106.47,68.0,buy
2024-05-06 10:10:51.769960179,106.53,118.0,sell
2024-05-06 10:10:52.273538773,106.37,99.0,sell
2024-05-06 10:10:52.376694161,106.42,177.0,sell
2024-05-06 10:10:53.068581803,106.37,118.0,sell
2024-05-06 10:10:53.463076119,106.28,147.0,sell
2024-05-06 10:10:53.577194613,106.28,70.0,buy
2024-05-06 10:10:53.749787479,106.22,78.0,buy
2024-05-06 10:10:54.440159790,106.1,98.0,buy
2024-05-06 10:10:54.769630489,106.12,66.0,buy
2024-05-06 10:10:54.891323670,106.25,103.0,sell
2024-05-06 10:10:56.601073450,106.0,126.0,buy
2024-05-06 10:10:57.228925881,105.87,162.0,buy
2024-05-06 10:10:58.803773746,105.83,112.0,sell
2024-05-06 10:10:59.082300198,105.88,69.0,buy
2024-05-06 10:10:59.404574278,105.94,90.0,sell
2024-05-06 10:11:00.545746031,105.92,111.0,buy
2024-05-06 10:11:00.918018208,105.86,82.0,buy
2024-05-06 10:11:01.532285727,105.95,49.0,sell
2024-05-06 10:11:01.677577452,106.24,130.0,buy
2024-05-06 10:11:01.973528836,106.27,135.0,buy
2024-05-06 10:11:02.039409525,106.49,110.0,sell
2024-05-06 10:11:02.154732862,106.44,70.0,buy
2024-05-06 10:11:02.155204793,106.27,90.0,buy
2024-05-06 10:11:02.175233151,106.21,268.0,sell
2024-05-06 10:11:04.067572137,106.17,59.0,sell
2024-05-06 10:11:04.206341446,106.3,62.0,sell
2024-05-06 10:11:04.750638827,106.11,171.0,sell
2024-05-06 10:11:05.664124003,106.15,144.0,buy
2024-05-06 10:11:06.064112234,106.18,73.0,sell
2024-05-06 10:11:06.147224835,106.22,57.0,buy
2024-05-06 10:11:06.798415526,106.25,89.0,sell
2024-05-06 10:11:07.256875253,106.33,100.0,sell
2024-05-06 10:11:07.913863200,106.39,83.0,buy
2024-05-06 10:11:08.648150668,106.48,137.0,sell
2024-05-06 10:11:10.500865856,106.3,69.0,sell
2024-05-06 10:11:10.927011502,106.29,135.0,buy
2024-05-06 10:11:11.136014040,106.41,131.0,buy
2024-05-06 10:11:11.658736409,106.33,105.0,sell
2024-05-06 10:11:11.694184129,106.21,171.0,sell
2024-05-06 10:11:12.832629734,106.37,79.0,sell
2024-05-06 10:11:12.896194845,106.37,129.0,sell
2024-05-06 10:11:13.094826392,106.23,83.0,buy
2024-05-06 10:11:13.940544731,106.17,87.0,buy
2024-05-06 10:11:14.395341806,106.33,47.0,sell
2024-05-06 10:11:14.645478817,106.36,73.0,sell
2024-05-06 10:11:14.966169692,106.68,34.0,buy
2024-05-06 10:11:15.930122178,106.9,68.0,sell
2024-05-06 10:11:16.137883223,107.06,194.0,sell
2024-05-06 10:11:17.156648083,107.01,87.0,sell
2024-05-06 10:11:17.202779434,107.06,183.0,buy
2024-05-06 10:11:17.952619457,107.17,87.0,buy
2024-05-06 10:11:18.893070997,107.24,82.0,sell
2024-05-06 10:11:18.993406022,107.19,58.0,sell
2024-05-06 10:11:19.274769549,107.07,178.0,buy
2024-05-06 10:11:19.365230682,107.11,122.0,sell
2024-05-06 10:11:19.978346925,107.18,108.0,sell
2024-05-06 10:11:20.361579946,107.25,67.0,buy
2024-05-06 10:11:20.865952045,107.19,111.0,buy
2024-05-06 10:11:20.975332982,107.3,131.0,sell
2024-05-06 10:11:21.094300348,107.36,114.0,buy
2024-05-06 10:11:21.115491811,107.58,46.0,buy
2024-05-06 10:11:21.309845614,107.52,237.0,buy
2024-05-06 10:11:21.720045816,107.61,174.0,sell
2024-05-06 10:11:22.695780803,107.63,47.0,buy
2024-05-06 10:11:23.245478272,107.69,109.0,buy
2024-05-06 10:11:23.531293898,107.95,65.0,buy
2024-05-06 10:11:25.061377185,107.83,86.0,buy
2024-05-06 10:11:25.696513980,107.67,69.0,sell
2024-05-06 10:11:27.027325413,107.55,79.0,sell
2024-05-06 10:11:27.402277281,107.44,81.0,buy
2024-05-06 10:11:27.552090021,107.55,231.0,sell
2024-05-06 10:11:27.579226615,107.65,80.0,buy
2024-05-06 10:11:28.226695064,107.66,90.0,sell
2024-05-06 10:11:28.291352638,107.65,56.0,sell
2024-05-06 10:11:28.471676284,107.79,216.0,buy
2024-05-06 10:11:28.851823136,107.62,125.0,sell
2024-05-06 10:11:29.267357620,107.36,104.0,buy
2024-05-06 10:11:29.726232514,107.24,106.0,buy
2024-05-06 10:11:29.817146552,107.27,76.0,sell
2024-05-06 10:11:30.055952727,107.42,140.0,sell
2024-05-06 10:11:30.536066496,107.61,296.0,buy
2024-05-06 10:11:32.286335599,107.61,93.0,buy
2024-05-06 10:11:32.936634609,107.48,74.0,sell
2024-05-06 10:11:34.216043130,107.31,114.0,buy
2024-05-06 10:11:34.934231132,106.96,123.0,buy
2024-05-06 10:11:35.382128452,106.81,48.0,sell
2024-05-06 10:11:35.488739524,106.88,103.0,sell
2024-05-06 10:11:36.038074147,106.77,124.0,buy
2024-05-06 10:11:36.526332849,106.71,71.0,buy
2024-05-06 10:11:36.987574244,106.78,65.0,sell
2024-05-06 10:11:37.324036631,106.88,116.0,buy
2024-05-06 10:11:37.700120818,107.03,47.0,sell
2024-05-06 10:11:37.903685960,107.01,122.0,sell
2024-05-06 10:11:38.269955114,106.88,97.0,buy
2024-05-06 10:11:38.380001660,106.74,64.0,sell
2024-05-06 10:11:39.197826893,106.72,55.0,buy
2024-05-06 10:11:39.300587362,106.58,162.0,buy
2024-05-06 10:11:39.344984549,106.72,151.0,sell
2024-05-06 10:11:39.631553218,106.92,87.0,buy
2024-05-06 10:11:40.168475164,106.84,80.0,sell
2024-05-06 10:11:40.456350007,107.0,70.0,sell
2024-05-06 10:11:40.618353031,107.1,125.0,sell
2024-05-06 10:11:41.026769414,107.05,78.0,sell
2024-05-06 10:11:41.239860277,107.07,95.0,sell
2024-05-06 10:11:42.590405194,107.11,105.0,buy
2024-05-06 10:11:43.870081127,107.17,139.0,sell
2024-05-06 10:11:44.219032181,107.29,102.0,buy
2024-05-06 10:11:44.417694344,107.36,100.0,buy
2024-05-06 10:11:45.085746768,107.42,170.0,buy
2024-05-06 10:11:45.104448681,107.52,132.0,buy
2024-05-06 10:11:45.426407243,107.46,97.0,buy
2024-05-06 10:11:45.631387387,107.5,169.0,buy
2024-05-06 10:11:46.897612259,107.51,93.0,buy
2024-05-06 10:11:46.903650082,107.61,135.0,buy
2024-05-06 10:11:47.306041393,107.61,104.0,buy
2024-05-06 10:11:47.980855966,107.62,132.0,buy
2024-05-06 10:11:48.312667619,107.76,111.0,buy
2024-05-06 10:11:48.357303509,107.67,63.0,buy
2024-05-06 10:11:50.153386639,107.73,55.0,buy
2024-05-06 10:11:50.518303042,108.02,162.0,buy
2024-05-06 10:11:50.994503305,107.86,154.0,sell
2024-05-06 10:11:51.129496280,108.14,136.0,buy
2024-05-06 10:11:51.459834423,107.94,108.0,sell
2024-05-06 10:11:51.740148378,107.91,58.0,buy
2024-05-06 10:11:51.779072851,108.11,71.0,sell
2024-05-06 10:11:51.835187294,108.18,65.0,sell
2024-05-06 10:11:52.743641384,108.16,119.0,buy
2024-05-06 10:11:52.880741369,108.15,123.0,sell
2024-05-06 10:11:52.989171952,108.27,58.0,sell
2024-05-06 10:11:53.340681275,108.29,133.0,sell
2024-05-06 10:11:54.072803024,108.47,173.0,sell
2024-05-06 10:11:54.104777181,108.55,56.0,sell
2024-05-06 10:11:54.534741738,108.53,155.0,sell
2024-05-06 10:11:54.598210013,108.59,61.0,sell
2024-05-06 10:11:54.616781196,108.67,164.0,sell
2024-05-06 10:11:54.643874118,108.64,130.0,sell
2024-05-06 10:11:55.542252410,108.77,147.0,sell
2024-05-06 10:11:55.605018423,108.79,105.0,buy
2024-05-06 10:11:55.628119647,108.61,62.0,sell
2024-05-06 10:11:55.916157301,108.71,153.0,sell
2024-05-06 10:11:56.845086014,108.76,198.0,buy
2024-05-06 10:11:56.997268496,108.9,73.0,sell
2024-05-06 10:11:57.271110662,108.8,82.0,buy
2024-05-06 10:11:57.291481313,108.89,134.0,sell
2024-05-06 10:11:57.589562800,108.8,84.0,sell
2024-05-06 10:11:58.020479557,108.94,39.0,sell
2024-05-06 10:11:58.443520420,108.93,128.0,buy
2024-05-06 10:11:58.645573455,109.11,173.0,sell
2024-05-06 10:11:58.835131010,108.98,49.0,sell
2024-05-06 10:11:58.891504664,108.92,39.0,sell
2024-05-06 10:11:59.119987813,108.77,42.0,sell
2024-05-06 10:11:59.172387410,108.67,115.0,sell
2024-05-06 10:11:59.899879502,108.73,247.0,buy
2024-05-06 10:12:01.594627030,108.85,129.0,sell
2024-05-06 10:12:03.349148465,108.89,93.0,buy
2024-05-06 10:12:04.350652116,108.8,64.0,buy
2024-05-06 10:12:04.809788650,108.63,149.0,sell
2024-05-06 10:12:05.413219967,108.91,175.0,buy
2024-05-06 10:12:05.581100274,109.01,103.0,sell
2024-05-06 10:12:06.079268604,109.0,106.0,sell
2024-05-06 10:12:06.383349619,108.97,79.0,sell
2024-05-06 10:12:06.712256375,108.94,107.0,buy
2024-05-06 10:12:07.421203712,108.95,70.0,buy
2024-05-06 10:12:07.586789715,109.1,107.0,buy
2024-05-06 10:12:07.778181567,109.2,77.0,buy
2024-05-06 10:12:09.070932775,109.08,199.0,buy
2024-05-06 10:12:09.099866146,109.18,135.0,buy
2024-05-06 10:12:09.432276538,109.39,122.0,sell
2024-05-06 10:12:10.652056602,109.43,93.0,buy
2024-05-06 10:12:11.123326483,109.4,88.0,sell
2024-05-06 10:12:11.518604044,109.41,139.0,sell
2024-05-06 10:12:11.662274562,109.2,131.0,sell
2024-05-06 10:12:11.872519894,109.29,91.0,sell
2024-05-06 10:12:12.827954990,109.31,182.0,sell
2024-05-06 10:12:13.237557568,109.27,82.0,buy
2024-05-06 10:12:13.599095053,109.41,115.0,buy
2024-05-06 10:12:13.651541873,109.31,129.0,buy
2024-05-06 10:12:13.659620871,109.21,73.0,sell
2024-05-06 10:12:15.317385669,109.19,48.0,sell
2024-05-06 10:12:15.553978947,109.41,190.0,buy
2024-05-06 10:12:16.016156859,109.38,67.0,sell
2024-05-06 10:12:16.057692836,109.29,160.0,buy
2024-05-06 10:12:16.632299882,109.34,106.0,sell
2024-05-06 10:12:17.980608105,109.35,142.0,sell
2024-05-06 10:12:18.409224424,109.3,118.0,sell
2024-05-06 10:12:18.476627854,109.2,104.0,buy
2024-05-06 10:12:18.912431787,109.28,147.0,buy
2024-05-06 10:12:19.639391328,109.27,85.0,buy
2024-05-06 10:12:19.900180051,109.34,65.0,sell
2024-05-06 10:12:20.959636226,109.35,204.0,buy
2024-05-06 10:12:21.482669324,109.52,85.0,sell
2024-05-06 10:12:22.630220495,109.47,111.0,sell
2024-05-06 10:12:23.118646164,109.56,103.0,sell
2024-05-06 10:12:23.189017960,109.52,70.0,sell
2024-05-06 10:12:23.374326453,109.56,170.0,buy
2024-05-06 10:12:23.487021331,109.53,80.0,sell
2024-05-06 10:12:24.684516816,109.52,122.0,sell
2024-05-06 10:12:25.398909163,109.65,76.0,buy
2024-05-06 10:12:25.963030190,109.55,71.0,sell
2024-05-06 10:12:26.142058367,109.5,144.0,buy
2024-05-06 10:12:26.243756263,109.39,168.0,buy
2024-05-06 10:12:26.949975006,109.3,129.0,buy
2024-05-06 10:12:27.271352201,109.06,75.0,sell
2024-05-06 10:12:27.399307974,109.04,79.0,buy
2024-05-06 10:12:27.878674861,109.09,126.0,buy
2024-05-06 10:12:27.899259770,109.13,107.0,buy
2024-05-06 10:12:28.096648671,108.97,100.0,buy
2024-05-06 10:12:28.412728331,109.01,135.0,buy
2024-05-06 10:12:28.492788256,109.09,117.0,sell
2024-05-06 10:12:30.581254030,109.16,110.0,sell
2024-05-06 10:12:30.698544234,109.15,133.0,buy
2024-05-06 10:12:30.768378257,109.11,83.0,sell
2024-05-06 10:12:30.882164225,109.06,68.0,buy
2024-05-06 10:12:31.614965349,109.02,127.0,sell
2024-05-06 10:12:31.892097865,109.04,131.0,buy
2024-05-06 10:12:32.308780810,109.14,83.0,buy
2024-05-06 10:12:32.319397305,109.1,108.0,buy
2024-05-06 10:12:32.336916322,108.96,84.0,buy
2024-05-06 10:12:32.632054197,108.87,107.0,sell
2024-05-06 10:12:33.480247687,109.12,195.0,buy
2024-05-06 10:12:34.562698946,108.99,102.0,sell
2024-05-06 10:12:34.608047974,109.08,87.0,buy
2024-05-06 10:12:34.994536290,109.14,212.0,buy
2024-05-06 10:12:36.216781652,109.13,140.0,buy
2024-05-06 10:12:36.462270891,109.15,72.0,sell
2024-05-06 10:12:37.346973974,109.09,150.0,sell
2024-05-06 10:12:37.418733471,109.28,71.0,sell
2024-05-06 10:12:38.788461257,109.14,121.0,buy
2024-05-06 10:12:39.484463207,109.32,184.0,buy
2024-05-06 10:12:40.902414023,109.32,108.0,sell
2024-05-06 10:12:41.466873333,109.37,108.0,buy
2024-05-06 10:12:41.692683304,109.33,108.0,sell
2024-05-06 10:12:43.084456958,109.22,112.0,buy
2024-05-06 10:12:43.245639804,109.31,72.0,buy
2024-05-06 10:12:43.447502506,109.25,146.0,sell
2024-05-06 10:12:44.050838090,109.2,81.0,sell
2024-05-06 10:12:44.775596404,109.32,110.0,sell
2024-05-06 10:12:46.100983645,109.37,116.0,sell
2024-05-06 10:12:46.215565971,109.47,171.0,sell
2024-05-06 10:12:47.015304899,109.53,73.0,buy
2024-05-06 10:12:47.686053461,109.64,87.0,sell
2024-05-06 10:12:47.719013628,109.43,67.0,sell
2024-05-06 10:12:47.963890841,109.45,73.0,sell
2024-05-06 10:12:48.130067028,109.54,115.0,buy
2024-05-06 10:12:48.311622278,109.31,102.0,sell
2024-05-06 10:12:50.347333315,109.01,149.0,buy
2024-05-06 10:12:50.862031415,109.04,49.0,buy
2024-05-06 10:12:51.494381660,109.3,89.0,buy
2024-05-06 10:12:53.372268296,109.35,77.0,buy
2024-05-06 10:12:53.609034647,109.41,103.0,buy
2024-05-06 10:12:54.418375319,109.52,87.0,buy
2024-05-06 10:12:54.703425188,109.73,74.0,buy
2024-05-06 10:12:55.721745242,109.73,67.0,buy
2024-05-06 10:12:55.821371812,109.77,174.0,buy
2024-05-06 10:12:57.296619133,109.79,186.0,sell
2024-05-06 10:12:57.420063065,109.74,130.0,buy
2024-05-06 10:12:57.617489257,109.72,93.0,sell
2024-05-06 10:12:58.323176861,109.55,119.0,buy
2024-05-06 10:12:58.573412520,109.29,166.0,buy
2024-05-06 10:12:59.041928926,109.25,78.0,sell
2024-05-06 10:12:59.335938423,109.32,53.0,sell
2024-05-06 10:13:00.014053716,109.2,81.0,buy
2024-05-06 10:13:00.143653669,109.27,110.0,sell
2024-05-06 10:13:00.173771823,109.04,93.0,sell
2024-05-06 10:13:00.352058867,108.88,67.0,buy
2024-05-06 10:13:00.673579394,108.79,84.0,sell
2024-05-06 10:13:00.765552864,108.79,136.0,sell
2024-05-06 10:13:00.984648230,108.79,86.0,sell
2024-05-06 10:13:01.240046891,108.9,174.0,buy
2024-05-06 10:13:01.269599196,108.99,93.0,sell
2024-05-06 10:13:01.707302264,109.21,108.0,buy
2024-05-06 10:13:02.785867296,109.17,78.0,sell
2024-05-06 10:13:02.868153057,109.2,69.0,sell
2024-05-06 10:13:03.323565919,109.29,88.0,buy
2024-05-06 10:13:03.869989198,109.36,114.0,sell
2024-05-06 10:13:04.141779563,109.26,198.0,sell
2024-05-06 10:13:04.745598632,109.48,157.0,buy
2024-05-06 10:13:05.010035340,109.37,160.0,buy
2024-05-06 10:13:05.361267856,109.31,167.0,buy
2024-05-06 10:13:05.364957962,109.3,113.0,sell
2024-05-06 10:13:05.953331556,109.13,96.0,sell
2024-05-06 10:13:06.494714824,109.18,63.0,sell
2024-05-06 10:13:06.514293638,108.93,118.0,sell
2024-05-06 10:13:06.743924489,109.18,153.0,buy
2024-05-06 10:13:08.676299599,109.19,91.0,sell
2024-05-06 10:13:08.949298558,109.3,70.0,sell
2024-05-06 10:13:09.297821348,109.07,103.0,sell
2024-05-06 10:13:10.501406292,109.1,141.0,sell
2024-05-06 10:13:11.133023376,109.3,211.0,buy
2024-05-06 10:13:11.569244195,109.41,109.0,sell
2024-05-06 10:13:12.368504757,109.34,116.0,buy
2024-05-06 10:13:13.367403338,109.5,152.0,sell
2024-05-06 10:13:13.672623264,109.52,49.0,sell
2024-05-06 10:13:13.994904987,109.54,87.0,buy
2024-05-06 10:13:14.238826643,109.64,55.0,buy
2024-05-06 10:13:15.940017785,109.65,58.0,buy
2024-05-06 10:13:16.537303444,109.73,42.0,sell
2024-05-06 10:13:16.580748990,109.68,103.0,sell
2024-05-06 10:13:17.574488828,109.56,113.0,buy
2024-05-06 10:13:17.901990757,109.63,80.0,buy
2024-05-06 10:13:17.937606609,109.52,232.0,sell
2024-05-06 10:13:18.336546395,109.34,95.0,buy
2024-05-06 10:13:18.606471352,109.1,49.0,buy
2024-05-06 10:13:19.657312493,109.14,99.0,sell
2024-05-06 10:13:19.771387150,108.97,103.0,buy
2024-05-06 10:13:20.647074010,108.87,77.0,sell
2024-05-06 10:13:21.054944673,109.0,46.0,sell
2024-05-06 10:13:21.083023703,109.06,121.0,buy
2024-05-06 10:13:22.868044214,109.3,104.0,sell
2024-05-06 10:13:23.227394922,109.17,86.0,buy
2024-05-06 10:13:23.399257961,109.3,151.0,sell
2024-05-06 10:13:23.716137827,109.46,148.0,buy
2024-05-06 10:13:24.691601426,109.29,85.0,buy
2024-05-06 10:13:24.873453453,109.22,201.0,sell
2024-05-06 10:13:24.980468800,109.34,67.0,buy
2024-05-06 10:13:25.049566353,109.32,123.0,buy
2024-05-06 10:13:25.226377156,109.39,179.0,sell
2024-05-06 10:13:25.983550323,109.29,45.0,buy
2024-05-06 10:13:26.302526125,109.14,158.0,sell
2024-05-06 10:13:26.431575854,109.03,107.0,buy
2024-05-06 10:13:26.522447715,108.92,99.0,buy
2024-05-06 10:13:26.724727582,109.03,101.0,buy
2024-05-06 10:13:28.130803111,108.93,108.0,sell
2024-05-06 10:13:28.340859071,108.86,118.0,sell
2024-05-06 10:13:30.557480130,108.81,121.0,buy
2024-05-06 10:13:30.889498112,108.94,103.0,buy
2024-05-06 10:13:30.988214036,109.05,217.0,sell
2024-05-06 10:13:32.097060770,109.07,91.0,sell
2024-05-06 10:13:32.405482997,109.01,100.0,buy
2024-05-06 10:13:33.023853847,108.91,102.0,buy
2024-05-06 10:13:35.082504372,108.98,73.0,sell
2024-05-06 10:13:35.108243318,108.97,286.0,sell
2024-05-06 10:13:35.159090584,108.93,83.0,buy
2024-05-06 10:13:35.796389697,108.83,121.0,sell
2024-05-06 10:13:35.961910703,108.84,97.0,buy
2024-05-06 10:13:36.063765879,108.85,90.0,buy
2024-05-06 10:13:36.083844632,108.77,106.0,sell
2024-05-06 10:13:36.094889075,108.89,234.0,buy
2024-05-06 10:13:36.839574714,108.91,115.0,sell
2024-05-06 10:13:36.911760208,109.06,72.0,sell
2024-05-06 10:13:37.227053593,109.0,124.0,sell
2024-05-06 10:13:37.692624850,108.8,72.0,sell
2024-05-06 10:13:37.972240606,108.64,57.0,buy
2024-05-06 10:13:37.985981013,108.56,65.0,buy
2024-05-06 10:13:38.751066849,108.56,97.0,sell
2024-05-06 10:13:38.756351289,108.48,61.0,sell
2024-05-06 10:13:39.473862331,108.31,137.0,buy
2024-05-06 10:13:40.592750449,108.21,75.0,buy
2024-05-06 10:13:40.876307294,108.15,106.0,sell
2024-05-06 10:13:41.259749876,108.02,117.0,buy
2024-05-06 10:13:41.583820906,107.93,99.0,buy
2024-05-06 10:13:41.830320814,108.06,84.0,buy
2024-05-06 10:13:42.922386557,108.06,73.0,sell
2024-05-06 10:13:44.044231119,107.96,30.0,buy
2024-05-06 10:13:44.248829423,107.91,64.0,sell
2024-05-06 10:13:44.726175993,107.77,121.0,buy
2024-05-06 10:13:46.034191177,108.0,124.0,sell
2024-05-06 10:13:47.670046052,108.19,71.0,sell
2024-05-06 10:13:48.025659919,108.39,113.0,buy
2024-05-06 10:13:48.327153042,108.53,105.0,buy
2024-05-06 10:13:48.490499171,108.63,46.0,sell
2024-05-06 10:13:50.086030692,108.78,170.0,buy
2024-05-06 10:13:50.163081043,108.81,75.0,buy
2024-05-06 10:13:50.596628483,109.01,61.0,sell
2024-05-06 10:13:50.762654679,108.98,92.0,buy
2024-05-06 10:13:50.926218499,108.98,50.0,buy
2024-05-06 10:13:51.185789040,108.89,107.0,sell
2024-05-06 10:13:54.545571120,108.93,135.0,buy
2024-05-06 10:13:54.573838469,108.89,65.0,sell
2024-05-06 10:13:55.005855829,108.9,111.0,sell
2024-05-06 10:13:55.048946503,108.94,98.0,buy
2024-05-06 10:13:55.132872377,108.91,89.0,buy
2024-05-06 10:13:55.422391546,108.79,56.0,buy
2024-05-06 10:13:55.779536232,108.59,138.0,buy
2024-05-06 10:13:55.929273504,108.7,76.0,sell
2024-05-06 10:13:56.119506456,108.76,62.0,buy
2024-05-06 10:13:56.164998094,108.58,123.0,sell
2024-05-06 10:13:56.345640717,108.46,145.0,buy
2024-05-06 10:13:58.044618629,108.4,96.0,buy
2024-05-06 10:13:59.492176561,108.4,89.0,buy
2024-05-06 10:13:59.696069177,108.33,104.0,sell
2024-05-06 10:14:00.119048148,108.22,83.0,buy
2024-05-06 10:14:01.320778163,108.28,82.0,sell
2024-05-06 10:14:01.323879674,108.33,126.0,buy
2024-05-06 10:14:02.156047390,108.27,143.0,buy
2024-05-06 10:14:03.637869250,108.29,86.0,buy
2024-05-06 10:14:03.685753546,108.31,113.0,sell
2024-05-06 10:14:03.773792701,108.45,107.0,buy
2024-05-06 10:14:05.392647522,108.56,160.0,sell
2024-05-06 10:14:05.778245283,108.61,94.0,buy
2024-05-06 10:14:05.785394469,108.66,134.0,sell
2024-05-06 10:14:05.934349569,108.76,82.0,sell
2024-05-06 10:14:06.233216867,108.7,108.0,buy
2024-05-06 10:14:06.823522301,108.69,221.0,buy
2024-05-06 10:14:07.484076035,108.4,176.0,buy
2024-05-06 10:14:10.177269369,108.3,58.0,sell
2024-05-06 10:14:10.346764912,108.37,92.0,sell
2024-05-06 10:14:10.733098368,108.35,156.0,buy
2024-05-06 10:14:11.114157910,108.14,82.0,buy
2024-05-06 10:14:11.374297376,108.03,70.0,sell
2024-05-06 10:14:11.466957536,107.86,158.0,sell
2024-05-06 10:14:13.363113189,107.61,76.0,sell
2024-05-06 10:14:14.322854567,107.53,182.0,sell
2024-05-06 10:14:14.667763958,107.41,84.0,sell
2024-05-06 10:14:15.129982650,107.42,120.0,buy
2024-05-06 10:14:15.258889651,107.15,124.0,buy
2024-05-06 10:14:15.651287465,107.03,70.0,buy
2024-05-06 10:14:16.244960256,107.03,223.0,sell
2024-05-06 10:14:16.606935674,107.15,79.0,buy
2024-05-06 10:14:18.923986551,107.17,117.0,sell
2024-05-06 10:14:19.396513859,107.26,134.0,buy
2024-05-06 10:14:19.628304974,107.34,136.0,sell
2024-05-06 10:14:20.367843304,107.36,189.0,buy
2024-05-06 10:14:20.461286793,107.3,154.0,buy
2024-05-06 10:14:20.703959806,107.19,136.0,buy
2024-05-06 10:14:20.917017450,107.1,106.0,sell
2024-05-06 10:14:21.199664598,107.1,158.0,buy
2024-05-06 10:14:21.960789975,107.15,114.0,buy
2024-05-06 10:14:22.291781927,107.05,80.0,buy
2024-05-06 10:14:23.081756556,107.1,76.0,sell
2024-05-06 10:14:23.511344338,107.18,116.0,sell
2024-05-06 10:14:23.720672276,107.06,89.0,buy
2024-05-06 10:14:24.550981945,107.04,73.0,sell
2024-05-06 10:14:24.687076415,107.02,82.0,buy
2024-05-06 10:14:24.814124621,107.08,135.0,buy
2024-05-06 10:14:25.165221534,107.29,45.0,sell
2024-05-06 10:14:25.316348225,107.48,124.0,sell
2024-05-06 10:14:25.320912512,107.43,70.0,buy
2024-05-06 10:14:25.843397366,107.5,77.0,buy
2024-05-06 10:14:26.201189702,107.52,69.0,buy
2024-05-06 10:14:26.496050002,107.61,100.0,buy
2024-05-06 10:14:28.201197037,107.68,100.0,buy
2024-05-06 10:14:28.624578420,107.71,131.0,sell
2024-05-06 10:14:29.620043184,107.67,64.0,sell
2024-05-06 10:14:29.695135101,107.68,131.0,sell
2024-05-06 10:14:30.116198269,107.7,148.0,sell
2024-05-06 10:14:31.128597782,107.79,158.0,sell
2024-05-06 10:14:31.566059134,107.64,100.0,sell
2024-05-06 10:14:32.199008377,107.65,159.0,sell
2024-05-06 10:14:32.431650622,107.78,84.0,sell
2024-05-06 10:14:32.480153665,107.83,171.0,sell
2024-05-06 10:14:32.786306334,107.9,106.0,buy
2024-05-06 10:14:33.037139674,108.05,108.0,sell
2024-05-06 10:14:34.046069050,108.32,86.0,buy
2024-05-06 10:14:34.185922895,108.25,68.0,buy
2024-05-06 10:14:35.887536027,108.15,120.0,buy
2024-05-06 10:14:37.474225850,108.28,221.0,sell
2024-05-06 10:14:37.616490469,108.06,61.0,sell
2024-05-06 10:14:37.830385673,108.04,71.0,buy
2024-05-06 10:14:38.959936550,107.93,49.0,buy
2024-05-06 10:14:40.659868999,107.92,91.0,sell
2024-05-06 10:14:40.952858341,107.86,84.0,sell
2024-05-06 10:14:41.146423242,108.02,179.0,sell
2024-05-06 10:14:41.519796400,108.06,96.0,sell
2024-05-06 10:14:42.101802721,108.01,118.0,buy
2024-05-06 10:14:42.261543580,107.78,96.0,sell
2024-05-06 10:14:42.928343636,107.8,69.0,buy
2024-05-06 10:14:42.954863338,108.01,183.0,sell
2024-05-06 10:14:42.980138804,107.92,77.0,sell
2024-05-06 10:14:43.224253321,108.11,89.0,sell
2024-05-06 10:14:43.442323629,108.09,62.0,sell
2024-05-06 10:14:43.631954264,107.94,97.0,buy
2024-05-06 10:14:43.969627309,107.95,77.0,buy
2024-05-06 10:14:44.162998239,108.08,73.0,buy
2024-05-06 10:14:44.269754478,108.17,98.0,sell
2024-05-06 10:14:44.454902082,108.08,122.0,buy
2024-05-06 10:14:46.297430921,108.04,76.0,buy
2024-05-06 10:14:46.562191757,108.02,140.0,buy
2024-05-06 10:14:46.856326647,107.94,86.0,sell
2024-05-06 10:14:47.285980649,108.06,87.0,buy
2024-05-06 10:14:49.333376033,107.94,138.0,buy
2024-05-06 10:14:49.471649038,107.93,84.0,buy
2024-05-06 10:14:50.043373502,108.02,69.0,buy
2024-05-06 10:14:50.672737075,108.17,111.0,sell
2024-05-06 10:14:51.140122823,108.32,84.0,buy
2024-05-06 10:14:51.186497640,108.48,91.0,sell
2024-05-06 10:14:51.751351441,108.45,56.0,buy
2024-05-06 10:14:51.784471939,108.62,121.0,sell
2024-05-06 10:14:52.237818717,108.57,331.0,sell
2024-05-06 10:14:52.910550761,108.47,55.0,sell
2024-05-06 10:14:53.029026159,108.47,59.0,sell
2024-05-06 10:14:53.950411532,108.38,55.0,sell
2024-05-06 10:14:53.965823543,108.31,109.0,buy
2024-05-06 10:14:54.894173742,108.27,161.0,sell
2024-05-06 10:14:55.202571582,108.18,85.0,sell
2024-05-06 10:14:55.325258455,108.03,52.0,sell
2024-05-06 10:14:55.397065564,108.12,67.0,sell
2024-05-06 10:14:56.929147868,108.06,31.0,sell
2024-05-06 10:14:56.966868384,107.94,101.0,sell
2024-05-06 10:14:57.077873868,107.94,98.0,sell
2024-05-06 10:14:57.291593008,107.94,113.0,sell
2024-05-06 10:14:57.775694129,107.93,56.0,buy
2024-05-06 10:14:58.169204519,107.99,53.0,buy
2024-05-06 10:14:58.236338061,108.16,122.0,sell
2024-05-06 10:14:58.407391691,108.02,138.0,buy
2024-05-06 10:14:58.543789584,107.87,147.0,sell
2024-05-06 10:14:58.663898107,107.8,151.0,buy
2024-05-06 10:14:58.928685196,107.77,140.0,buy
2024-05-06 10:14:59.537436241,108.01,97.0,buy
2024-05-06 10:14:59.660036845,108.1,83.0,sell
2024-05-06 10:14:59.888425688,108.1,101.0,sell
2024-05-06 10:15:00.136326404,107.99,125.0,sell
2024-05-06 10:15:02.010779782,107.97,72.0,sell
2024-05-06 10:15:03.557632706,107.94,103.0,buy
2024-05-06 10:15:04.362695738,107.94,59.0,buy
2024-05-06 10:15:04.501006749,107.72,87.0,sell
2024-05-06 10:15:04.536237999,107.92,83.0,buy
2024-05-06 10:15:04.726798037,107.98,119.0,sell
2024-05-06 10:15:04.881962701,107.95,136.0,buy
2024-05-06 10:15:05.234497487,107.68,69.0,sell
2024-05-06 10:15:05.986423995,107.73,64.0,sell
2024-05-06 10:15:06.963526510,107.74,143.0,buy
2024-05-06 10:15:07.895253349,107.94,62.0,sell
2024-05-06 10:15:08.118143496,108.02,72.0,buy
2024-05-06 10:15:08.699294031,108.23,108.0,sell
2024-05-06 10:15:08.886883868,108.1,31.0,sell
2024-05-06 10:15:08.918303474,108.17,179.0,buy
2024-05-06 10:15:09.522905482,108.09,46.0,buy
2024-05-06 10:15:09.527843562,108.07,81.0,sell
2024-05-06 10:15:09.790967690,108.21,87.0,buy
2024-05-06 10:15:09.990743456,108.28,86.0,sell
2024-05-06 10:15:10.581812484,108.2,71.0,buy
2024-05-06 10:15:11.308554356,108.22,64.0,sell
2024-05-06 10:15:11.489825155,108.15,88.0,sell
2024-05-06 10:15:12.324490813,108.13,110.0,buy
2024-05-06 10:15:12.498501886,108.06,64.0,sell
2024-05-06 10:15:12.794091817,108.01,92.0,sell
2024-05-06 10:15:13.443267493,108.05,135.0,buy
2024-05-06 10:15:14.033591355,108.02,54.0,sell
2024-05-06 10:15:16.219371052,108.02,99.0,buy
2024-05-06 10:15:16.346921074,107.89,68.0,sell
2024-05-06 10:15:16.889746273,107.84,175.0,sell
2024-05-06 10:15:17.360142900,107.72,117.0,sell
2024-05-06 10:15:18.593274391,107.71,107.0,buy
2024-05-06 10:15:18.678290368,107.5,64.0,sell
2024-05-06 10:15:19.375046871,107.62,43.0,sell
2024-05-06 10:15:19.795022712,107.69,89.0,sell
2024-05-06 10:15:19.955584143,107.47,72.0,buy
2024-05-06 10:15:20.277224763,107.57,139.0,sell
2024-05-06 10:15:20.480289876,107.68,101.0,sell
2024-05-06 10:15:20.913223449,107.71,88.0,sell
2024-05-06 10:15:22.012338739,107.69,196.0,buy
2024-05-06 10:15:22.433516269,107.93,167.0,sell
2024-05-06 10:15:22.932975433,107.97,136.0,buy
2024-05-06 10:15:23.298657393,107.94,66.0,buy
2024-05-06 10:15:23.324917841,107.95,67.0,buy
2024-05-06 10:15:23.457459883,108.08,159.0,sell
2024-05-06 10:15:23.796098501,108.08,49.0,buy
2024-05-06 10:15:23.981800866,108.16,113.0,buy
2024-05-06 10:15:24.082102858,108.04,67.0,buy
2024-05-06 10:15:24.432826465,108.11,58.0,buy
2024-05-06 10:15:24.627728011,108.19,66.0,buy
2024-05-06 10:15:24.777003570,108.17,98.0,buy
2024-05-06 10:15:25.088800526,108.12,85.0,buy
2024-05-06 10:15:25.160322636,108.34,99.0,buy
2024-05-06 10:15:26.474104583,108.14,142.0,sell
2024-05-06 10:15:27.485454116,108.08,36.0,sell
2024-05-06 10:15:28.100305594,108.04,175.0,sell
2024-05-06 10:15:28.156449951,107.97,87.0,buy
2024-05-06 10:15:28.904230654,108.17,183.0,sell
2024-05-06 10:15:29.729249495,108.21,120.0,buy
2024-05-06 10:15:30.459251416,108.33,79.0,buy
2024-05-06 10:15:30.519751329,108.4,204.0,sell
2024-05-06 10:15:31.036034347,108.66,57.0,sell
2024-05-06 10:15:31.934897351,108.74,121.0,buy
2024-05-06 10:15:32.365506807,108.83,88.0,sell
2024-05-06 10:15:32.885311710,108.88,64.0,buy
2024-05-06 10:15:33.191891775,108.73,97.0,sell
2024-05-06 10:15:33.568029763,108.86,54.0,sell
2024-05-06 10:15:33.585520585,109.02,50.0,buy
2024-05-06 10:15:34.094908032,108.94,105.0,buy
2024-05-06 10:15:34.137385984,109.04,155.0,buy
2024-05-06 10:15:34.422863674,108.93,61.0,sell
2024-05-06 10:15:34.595982120,108.76,64.0,sell
2024-05-06 10:15:34.990181546,108.83,117.0,buy
2024-05-06 10:15:35.061779856,108.92,136.0,buy
2024-05-06 10:15:35.650029046,108.82,61.0,sell
2024-05-06 10:15:36.442429836,108.88,104.0,buy
2024-05-06 10:15:36.531607222,108.99,116.0,buy
2024-05-06 10:15:36.586689400,109.05,56.0,buy
2024-05-06 10:15:36.665317848,109.06,142.0,sell
2024-05-06 10:15:37.713622124,109.12,174.0,sell
2024-05-06 10:15:38.089210800,109.02,89.0,sell
2024-05-06 10:15:38.404072624,108.96,80.0,sell
2024-05-06 10:15:38.460495643,109.06,187.0,sell
2024-05-06 10:15:38.984772831,109.07,128.0,buy
2024-05-06 10:15:39.997247964,109.12,95.0,buy
2024-05-06 10:15:40.877918975,109.25,75.0,buy
2024-05-06 10:15:41.369741861,109.3,72.0,sell
2024-05-06 10:15:41.408873312,109.3,225.0,sell
2024-05-06 10:15:41.468488682,109.41,198.0,buy
2024-05-06 10:15:41.493771770,109.61,78.0,sell
2024-05-06 10:15:41.642623979,109.35,76.0,buy
2024-05-06 10:15:41.715519362,109.12,89.0,sell
2024-05-06 10:15:41.866104369,109.23,99.0,buy
2024-05-06 10:15:42.109218077,108.99,138.0,sell
2024-05-06 10:15:43.541419088,109.05,110.0,sell
2024-05-06 10:15:44.012705719,108.9,132.0,buy
2024-05-06 10:15:44.913531190,109.02,104.0,sell
2024-05-06 10:15:45.533074772,109.12,77.0,buy
2024-05-06 10:15:45.592749914,109.18,72.0,buy
2024-05-06 10:15:46.258502279,109.2,163.0,sell
2024-05-06 10:15:46.419362290,109.25,117.0,sell
2024-05-06 10:15:46.928950345,109.26,87.0,buy
2024-05-06 10:15:47.137437367,109.21,76.0,sell
2024-05-06 10:15:50.168866788,109.12,170.0,sell
2024-05-06 10:15:50.321824759,109.04,102.0,buy
2024-05-06 10:15:50.485473317,109.21,101.0,sell
2024-05-06 10:15:51.819928367,109.04,59.0,sell
2024-05-06 10:15:51.832404948,109.04,62.0,sell
2024-05-06 10:15:52.428903227,109.01,82.0,buy
2024-05-06 10:15:53.074989107,109.0,88.0,sell
2024-05-06 10:15:53.980089067,108.88,62.0,sell
2024-05-06 10:15:55.813438906,108.92,86.0,buy
2024-05-06 10:15:57.670064308,108.98,160.0,sell
2024-05-06 10:15:57.703816704,109.04,135.0,buy
2024-05-06 10:15:58.566351431,109.15,63.0,sell
2024-05-06 10:15:59.086018565,109.15,61.0,sell
2024-05-06 10:15:59.607147021,109.2,132.0,buy
2024-05-06 10:15:59.675830635,109.17,214.0,sell
2024-05-06 10:16:00.201009149,109.46,201.0,sell
2024-05-06 10:16:02.223288898,109.69,67.0,sell
2024-05-06 10:16:03.437468337,109.73,76.0,buy
2024-05-06 10:16:03.726601991,109.76,81.0,sell
2024-05-06 10:16:03.746985891,109.58,101.0,buy
2024-05-06 10:16:03.971924450,109.78,48.0,buy
2024-05-06 10:16:04.847397285,109.66,109.0,sell
2024-05-06 10:16:05.451888453,109.63,130.0,sell
2024-05-06 10:16:05.759374165,109.78,261.0,sell
2024-05-06 10:16:05.787713066,109.75,43.0,buy
2024-05-06 10:16:06.066055995,109.46,180.0,buy
2024-05-06 10:16:06.382576108,109.48,236.0,buy
2024-05-06 10:16:07.701993516,109.59,90.0,buy
2024-05-06 10:16:08.214329897,109.45,139.0,buy
2024-05-06 10:16:08.401060940,109.57,56.0,sell
2024-05-06 10:16:08.773616305,109.41,50.0,buy
2024-05-06 10:16:08.807785334,109.49,69.0,sell
2024-05-06 10:16:10.605812162,109.47,139.0,buy
2024-05-06 10:16:10.829002513,109.44,100.0,sell
2024-05-06 10:16:11.153919320,109.39,88.0,buy
2024-05-06 10:16:11.373391985,109.33,100.0,buy
2024-05-06 10:16:11.947049188,109.33,98.0,buy
2024-05-06 10:16:12.489747428,109.33,142.0,buy
2024-05-06 10:16:13.117946254,109.22,122.0,sell
2024-05-06 10:16:13.274031481,109.22,144.0,sell
2024-05-06 10:16:13.463687882,109.12,42.0,sell
2024-05-06 10:16:13.530597159,109.08,158.0,sell
2024-05-06 10:16:14.063442227,109.15,86.0,sell
2024-05-06 10:16:14.083747572,108.97,110.0,sell
2024-05-06 10:16:14.539004218,109.05,111.0,sell
2024-05-06 10:16:15.557946325,109.11,108.0,buy
2024-05-06 10:16:16.665380654,109.22,107.0,buy
2024-05-06 10:16:16.963425155,108.99,71.0,sell
2024-05-06 10:16:17.270873907,109.03,139.0,buy
2024-05-06 10:16:17.310920235,108.92,156.0,buy
2024-05-06 10:16:17.866412023,108.87,167.0,sell
2024-05-06 10:16:18.727321923,108.95,80.0,buy
2024-05-06 10:16:18.867612299,108.8,109.0,buy
2024-05-06 10:16:19.141098596,108.82,65.0,sell
2024-05-06 10:16:20.053775348,109.03,131.0,sell
2024-05-06 10:16:21.102050756,109.03,132.0,buy
2024-05-06 10:16:21.241365660,108.89,58.0,buy
2024-05-06 10:16:21.641253949,108.82,89.0,buy
2024-05-06 10:16:21.748155820,108.68,128.0,sell
2024-05-06 10:16:21.801880926,108.67,79.0,sell
2024-05-06 10:16:23.012117814,108.59,70.0,sell
2024-05-06 10:16:23.870928753,108.76,127.0,buy
2024-05-06 10:16:24.584559648,108.83,105.0,buy
2024-05-06 10:16:24.609557410,108.69,112.0,sell
2024-05-06 10:16:25.537638547,108.78,109.0,sell
2024-05-06 10:16:25.825804476,108.76,100.0,buy
2024-05-06 10:16:26.035379986,108.92,71.0,sell
2024-05-06 10:16:26.430733929,109.07,161.0,buy
2024-05-06 10:16:26.478633362,109.11,84.0,buy
2024-05-06 10:16:27.185253543,109.02,110.0,sell
2024-05-06 10:16:27.621911164,109.14,180.0,sell
2024-05-06 10:16:27.725171220,109.08,139.0,buy
2024-05-06 10:16:27.829441690,109.08,114.0,buy
2024-05-06 10:16:27.931264535,109.12,220.0,sell
2024-05-06 10:16:27.960610299,109.05,158.0,sell
2024-05-06 10:16:28.403731723,109.04,252.0,sell
2024-05-06 10:16:29.321111696,109.09,130.0,buy
2024-05-06 10:16:29.329938255,109.19,151.0,sell
2024-05-06 10:16:29.355061305,109.06,149.0,sell
2024-05-06 10:16:29.780278013,109.03,154.0,buy
2024-05-06 10:16:30.636278312,109.11,63.0,buy
2024-05-06 10:16:30.834089335,109.06,192.0,sell
2024-05-06 10:16:31.049184265,108.99,90.0,buy
2024-05-06 10:16:31.502783483,109.09,143.0,sell
2024-05-06 10:16:31.663032755,109.02,87.0,sell
2024-05-06 10:16:31.676517143,109.08,79.0,sell
2024-05-06 10:16:32.340961221,109.08,108.0,sell
2024-05-06 10:16:32.832243150,109.17,140.0,buy
2024-05-06 10:16:33.266894244,109.24,97.0,buy
2024-05-06 10:16:33.943680312,109.19,227.0,sell
2024-05-06 10:16:34.506000621,109.31,95.0,buy
2024-05-06 10:16:34.621262221,109.2,134.0,sell
2024-05-06 10:16:34.838565829,109.11,53.0,sell
2024-05-06 10:16:34.905966294,109.25,48.0,sell
2024-05-06 10:16:34.975515159,109.17,127.0,sell
2024-05-06 10:16:35.539323209,109.08,61.0,sell
2024-05-06 10:16:36.517404850,108.81,217.0,sell
2024-05-06 10:16:38.162222798,108.9,109.0,buy
2024-05-06 10:16:38.657120284,108.93,73.0,sell
2024-05-06 10:16:38.758852835,108.89,156.0,buy
2024-05-06 10:16:38.814682069,108.62,64.0,buy
2024-05-06 10:16:39.652607087,108.6,61.0,buy
2024-05-06 10:16:40.084879173,108.55,82.0,buy
2024-05-06 10:16:40.566419712,108.76,135.0,buy
2024-05-06 10:16:41.326817598,108.65,97.0,buy
2024-05-06 10:16:41.934296099,108.63,113.0,sell
2024-05-06 10:16:42.833562033,108.77,44.0,buy
2024-05-06 10:16:42.862489900,108.77,61.0,buy
2024-05-06 10:16:43.550702781,108.87,125.0,buy
2024-05-06 10:16:44.502113409,108.67,97.0,sell
2024-05-06 10:16:44.670644144,108.58,92.0,sell
2024-05-06 10:16:45.182091368,108.68,97.0,buy
2024-05-06 10:16:45.370648330,108.55,84.0,sell
2024-05-06 10:16:46.955346832,108.49,110.0,sell
2024-05-06 10:16:46.972344285,108.41,147.0,buy
2024-05-06 10:16:47.405848015,108.4,69.0,buy
2024-05-06 10:16:47.496910932,108.49,63.0,buy
2024-05-06 10:16:48.119690778,108.36,199.0,buy
2024-05-06 10:16:48.216416581,108.34,200.0,sell
2024-05-06 10:16:48.350606865,108.15,78.0,buy
2024-05-06 10:16:48.691582718,108.21,64.0,sell
2024-05-06 10:16:49.923164788,108.24,84.0,buy
2024-05-06 10:16:50.042112180,108.33,109.0,buy
2024-05-06 10:16:50.119994850,108.31,205.0,buy
2024-05-06 10:16:50.831425958,108.33,50.0,buy
2024-05-06 10:16:51.178619465,108.33,101.0,sell
2024-05-06 10:16:52.392609233,108.21,54.0,sell
2024-05-06 10:16:52.471881216,108.21,106.0,buy
2024-05-06 10:16:52.991008564,108.16,79.0,buy
2024-05-06 10:16:53.123564025,108.22,72.0,sell
2024-05-06 10:16:53.208816111,108.29,58.0,sell
2024-05-06 10:16:53.783920634,108.25,106.0,sell
2024-05-06 10:16:54.234233445,108.35,59.0,buy
2024-05-06 10:16:54.937129978,108.44,129.0,sell
2024-05-06 10:16:55.122272533,108.47,74.0,buy
2024-05-06 10:16:55.419350476,108.63,121.0,buy
2024-05-06 10:16:55.679343937,108.53,123.0,buy
2024-05-06 10:16:57.749730809,108.7,62.0,buy
2024-05-06 10:16:57.922562250,108.74,111.0,sell
2024-05-06 10:16:58.097211387,108.64,148.0,sell
2024-05-06 10:16:58.316113765,108.8,143.0,buy
2024-05-06 10:16:58.731852033,108.87,119.0,sell
2024-05-06 10:16:58.877243968,108.92,302.0,buy
2024-05-06 10:17:00.111504426,108.97,129.0,buy
2024-05-06 10:17:00.265913405,109.01,150.0,buy
2024-05-06 10:17:01.396710472,108.9,231.0,sell
2024-05-06 10:17:01.451325058,108.77,74.0,buy
2024-05-06 10:17:01.985700420,108.8,146.0,sell
2024-05-06 10:17:03.173200461,108.75,125.0,buy
2024-05-06 10:17:03.265612467,108.61,79.0,buy
2024-05-06 10:17:04.991757185,108.79,122.0,buy
2024-05-06 10:17:05.293303817,108.9,78.0,sell
2024-05-06 10:17:06.750058482,108.99,59.0,buy
2024-05-06 10:17:07.314831468,108.93,86.0,sell
2024-05-06 10:17:07.494303705,109.12,175.0,sell
2024-05-06 10:17:07.598617493,109.17,156.0,buy
2024-05-06 10:17:07.779629998,109.01,121.0,buy
2024-05-06 10:17:07.828446010,108.92,114.0,sell
2024-05-06 10:17:07.906111345,109.09,84.0,sell
2024-05-06 10:17:07.961387463,109.0,79.0,sell
2024-05-06 10:17:08.236295049,108.7,102.0,buy
2024-05-06 10:17:09.030080367,108.74,151.0,buy
2024-05-06 10:17:09.106296851,108.59,51.0,sell
2024-05-06 10:17:09.176112076,108.76,149.0,buy
2024-05-06 10:17:09.691722955,108.78,62.0,buy
2024-05-06 10:17:09.801537187,108.78,87.0,sell
2024-05-06 10:17:09.852891448,108.84,77.0,sell
2024-05-06 10:17:09.944161385,108.96,117.0,sell
2024-05-06 10:17:11.230908338,109.08,125.0,sell
2024-05-06 10:17:12.092411159,109.04,66.0,sell
2024-05-06 10:17:12.310939020,109.09,319.0,buy
2024-05-06 10:17:12.844235386,109.25,162.0,buy
2024-05-06 10:17:13.229547291,109.25,97.0,sell
2024-05-06 10:17:13.794791164,109.44,135.0,buy
2024-05-06 10:17:14.368699498,109.42,71.0,sell
2024-05-06 10:17:14.864117765,109.57,130.0,buy
2024-05-06 10:17:15.018809947,109.58,51.0,buy
2024-05-06 10:17:15.038703722,109.59,74.0,sell
2024-05-06 10:17:15.342708719,109.6,138.0,sell
2024-05-06 10:17:16.450792636,109.63,157.0,buy
2024-05-06 10:17:16.872193430,109.73,118.0,buy
2024-05-06 10:17:17.765254251,109.74,85.0,sell
2024-05-06 10:17:20.156467127,109.76,84.0,buy
2024-05-06 10:17:20.245800969,109.77,144.0,buy
2024-05-06 10:17:20.834267872,109.63,83.0,buy
2024-05-06 10:17:21.395147290,109.8,101.0,sell
2024-05-06 10:17:23.350046216,109.69,130.0,buy
2024-05-06 10:17:25.470335237,109.71,81.0,buy
2024-05-06 10:17:26.050598145,109.62,61.0,buy
2024-05-06 10:17:26.190200394,109.53,175.0,buy
2024-05-06 10:17:26.991321918,109.39,80.0,sell
2024-05-06 10:17:27.047922580,109.46,113.0,buy
2024-05-06 10:17:27.806578305,109.32,126.0,buy
2024-05-06 10:17:29.011641877,109.34,58.0,buy
2024-05-06 10:17:29.252950010,109.29,146.0,buy
2024-05-06 10:17:29.750935392,109.29,86.0,sell
2024-05-06 10:17:30.032120070,109.34,61.0,sell
2024-05-06 10:17:30.320037803,109.38,122.0,buy
2024-05-06 10:17:30.505838476,109.37,130.0,sell
2024-05-06 10:17:31.223853164,109.26,100.0,buy
2024-05-06 10:17:32.599670576,109.23,162.0,buy
2024-05-06 10:17:34.012672577,109.32,113.0,sell
2024-05-06 10:17:34.108725986,109.49,56.0,buy
2024-05-06 10:17:35.147422405,109.58,101.0,sell
2024-05-06 10:17:35.816043933,109.56,89.0,sell
2024-05-06 10:17:35.961780157,109.56,261.0,buy
2024-05-06 10:17:35.996607745,109.64,68.0,buy
2024-05-06 10:17:36.152593261,109.79,86.0,sell
2024-05-06 10:17:37.368987058,109.76,92.0,buy
2024-05-06 10:17:37.870427259,109.48,88.0,sell
2024-05-06 10:17:38.508796975,109.59,60.0,buy
2024-05-06 10:17:38.657429128,109.34,58.0,sell
2024-05-06 10:17:39.292820579,109.26,142.0,buy
2024-05-06 10:17:39.307082823,109.37,226.0,sell
2024-05-06 10:17:39.542341781,109.5,118.0,sell
2024-05-06 10:17:40.035099687,109.5,143.0,buy
2024-05-06 10:17:40.114068270,109.43,58.0,buy
2024-05-06 10:17:40.979881141,109.4,142.0,sell
2024-05-06 10:17:41.113841321,109.4,123.0,sell
2024-05-06 10:17:41.642021781,109.41,136.0,sell
2024-05-06 10:17:41.901784412,109.43,105.0,buy
2024-05-06 10:17:42.355008570,109.33,133.0,buy
2024-05-06 10:17:42.411845252,109.35,51.0,buy
2024-05-06 10:17:42.420373979,109.42,67.0,buy
2024-05-06 10:17:43.621932772,109.58,203.0,buy
2024-05-06 10:17:43.779034790,109.46,116.0,sell
2024-05-06 10:17:44.635537594,109.35,60.0,buy
2024-05-06 10:17:48.305037877,109.35,120.0,sell
2024-05-06 10:17:48.423805725,109.48,101.0,buy
2024-05-06 10:17:48.577864279,109.38,130.0,buy
2024-05-06 10:17:49.121492466,109.55,80.0,sell
2024-05-06 10:17:50.804146571,109.5,119.0,sell
2024-05-06 10:17:52.041511960,109.48,111.0,sell
2024-05-06 10:17:52.390969371,109.31,129.0,buy
2024-05-06 10:17:53.183611075,109.26,129.0,buy
2024-05-06 10:17:53.256555276,109.29,84.0,sell
2024-05-06 10:17:55.152303460,109.29,136.0,sell
2024-05-06 10:17:56.819351887,109.28,68.0,sell
2024-05-06 10:17:56.908753139,109.19,119.0,buy
2024-05-06 10:17:57.086678727,109.39,148.0,buy
2024-05-06 10:17:57.139445102,109.39,171.0,buy
2024-05-06 10:17:57.297978298,109.48,99.0,buy
2024-05-06 10:17:58.144267936,109.26,57.0,buy
2024-05-06 10:17:58.381929297,109.15,106.0,buy
2024-05-06 10:17:58.428204624,109.32,124.0,buy
2024-05-06 10:17:58.637651199,109.29,117.0,sell
2024-05-06 10:18:00.629500245,109.16,76.0,sell
2024-05-06 10:18:01.126198990,109.15,92.0,buy
2024-05-06 10:18:01.395263954,109.09,74.0,sell
2024-05-06 10:18:01.486347846,109.25,83.0,sell
2024-05-06 10:18:03.627051217,109.3,98.0,sell
2024-05-06 10:18:04.486814370,109.12,73.0,buy
2024-05-06 10:18:04.652093362,109.26,246.0,sell
2024-05-06 10:18:04.688415643,109.43,99.0,sell
2024-05-06 10:18:04.717561642,109.47,169.0,sell
2024-05-06 10:18:04.781693232,109.53,93.0,sell
2024-05-06 10:18:05.216359334,109.57,137.0,buy
2024-05-06 10:18:06.537233757,109.58,65.0,buy
2024-05-06 10:18:06.880561335,109.59,98.0,sell
2024-05-06 10:18:07.806142479,109.43,185.0,sell
2024-05-06 10:18:08.101335457,109.38,129.0,sell
2024-05-06 10:18:08.717836417,109.46,130.0,buy
2024-05-06 10:18:09.375983192,109.63,75.0,sell
2024-05-06 10:18:09.471541476,109.59,64.0,sell
2024-05-06 10:18:09.695635977,109.41,137.0,sell
2024-05-06 10:18:10.202728566,109.62,105.0,sell
2024-05-06 10:18:10.239388573,109.55,111.0,buy
2024-05-06 10:18:10.463736847,109.61,95.0,buy
2024-05-06 10:18:10.846380202,109.52,81.0,sell
2024-05-06 10:18:13.635990508,109.61,82.0,buy
2024-05-06 10:18:13.957724988,109.58,82.0,sell
2024-05-06 10:18:14.804289004,109.66,86.0,buy
2024-05-06 10:18:15.087165167,109.69,136.0,sell
2024-05-06 10:18:15.882941381,109.63,169.0,buy
2024-05-06 10:18:16.335387850,109.62,53.0,buy
2024-05-06 10:18:17.423784696,109.52,70.0,buy
2024-05-06 10:18:17.688400478,109.28,95.0,buy
2024-05-06 10:18:18.151955529,109.41,130.0,buy
2024-05-06 10:18:18.649106910,109.51,61.0,buy
2024-05-06 10:18:18.919219488,109.53,78.0,sell
2024-05-06 10:18:18.997144241,109.26,141.0,sell
2024-05-06 10:18:19.046259134,109.46,92.0,sell
2024-05-06 10:18:19.054665176,109.2,122.0,buy
2024-05-06 10:18:20.088557112,109.15,137.0,sell
2024-05-06 10:18:20.223461760,108.97,112.0,sell
2024-05-06 10:18:20.342277476,109.0,47.0,sell
2024-05-06 10:18:21.008247614,109.13,128.0,sell
2024-05-06 10:18:21.201090703,109.18,180.0,sell
2024-05-06 10:18:21.553745821,109.07,79.0,buy
2024-05-06 10:18:21.642419435,109.02,120.0,sell
2024-05-06 10:18:23.248688926,108.84,156.0,buy
2024-05-06 10:18:24.202548235,108.6,82.0,buy
2024-05-06 10:18:25.199325585,108.73,51.0,sell
2024-05-06 10:18:25.460415292,108.61,212.0,sell
2024-05-06 10:18:26.178917024,108.6,89.0,buy
2024-05-06 10:18:26.256587141,108.65,113.0,buy
2024-05-06 10:18:26.260915322,108.59,86.0,buy
2024-05-06 10:18:26.271002866,108.51,53.0,buy
2024-05-06 10:18:26.712674783,108.61,128.0,sell
2024-05-06 10:18:27.016521955,108.52,133.0,sell
2024-05-06 10:18:27.381443460,108.56,101.0,sell
2024-05-06 10:18:27.385189024,108.66,85.0,sell
2024-05-06 10:18:27.659874044,108.57,157.0,sell
2024-05-06 10:18:28.292919016,108.56,87.0,sell
2024-05-06 10:18:28.585239158,108.48,61.0,buy
2024-05-06 10:18:29.244032441,108.54,143.0,buy
2024-05-06 10:18:29.376679043,108.7,94.0,sell
2024-05-06 10:18:30.215382209,108.83,107.0,sell
2024-05-06 10:18:30.659271798,108.91,104.0,buy
2024-05-06 10:18:30.777616173,108.98,85.0,sell
2024-05-06 10:18:30.912681656,108.88,77.0,buy
2024-05-06 10:18:31.407153317,108.76,218.0,buy
2024-05-06 10:18:32.292954102,108.54,138.0,buy
2024-05-06 10:18:32.561562672,108.74,114.0,buy
2024-05-06 10:18:32.710968177,108.52,57.0,sell
2024-05-06 10:18:33.719714889,108.57,75.0,sell
2024-05-06 10:18:34.272938780,108.68,75.0,buy
2024-05-06 10:18:34.570119836,108.78,150.0,sell
2024-05-06 10:18:34.904737707,108.76,89.0,buy
2024-05-06 10:18:35.018976877,108.65,142.0,buy
2024-05-06 10:18:35.511800806,108.69,82.0,sell
2024-05-06 10:18:35.733962908,108.69,127.0,buy
2024-05-06 10:18:38.452198526,108.67,86.0,sell
2024-05-06 10:18:38.779338248,108.94,142.0,buy
2024-05-06 10:18:39.111992989,108.91,37.0,sell
2024-05-06 10:18:39.529177639,108.96,153.0,sell
2024-05-06 10:18:40.772167270,109.07,71.0,buy
2024-05-06 10:18:41.578935671,109.12,148.0,buy
2024-05-06 10:18:41.878882564,109.01,106.0,sell
2024-05-06 10:18:42.513048041,109.07,59.0,sell
2024-05-06 10:18:42.954277193,109.08,156.0,sell
2024-05-06 10:18:43.293275508,109.17,80.0,buy
2024-05-06 10:18:43.400067561,109.13,150.0,buy
2024-05-06 10:18:43.711818667,109.03,69.0,sell
2024-05-06 10:18:43.852879837,108.89,70.0,buy
2024-05-06 10:18:45.084504179,108.94,166.0,sell
2024-05-06 10:18:45.288794266,109.0,92.0,sell
2024-05-06 10:18:46.809829143,108.94,113.0,buy
2024-05-06 10:18:47.190601354,108.92,77.0,buy
2024-05-06 10:18:47.689818857,108.87,100.0,buy
2024-05-06 10:18:48.081289646,108.74,71.0,buy
2024-05-06 10:18:48.150564839,108.75,111.0,sell
2024-05-06 10:18:48.386224061,108.68,130.0,buy
2024-05-06 10:18:48.438430162,108.58,134.0,buy
2024-05-06 10:18:48.926124262,108.64,122.0,sell
2024-05-06 10:18:49.222209166,108.44,69.0,buy
2024-05-06 10:18:49.974714268,108.46,133.0,sell
2024-05-06 10:18:50.099246629,108.18,105.0,sell
2024-05-06 10:18:50.189148628,108.16,193.0,sell
2024-05-06 10:18:50.449866342,108.12,101.0,sell
2024-05-06 10:18:51.755682454,108.13,69.0,buy
2024-05-06 10:18:52.375347429,108.19,58.0,sell
2024-05-06 10:18:52.646783967,108.2,55.0,buy
2024-05-06 10:18:53.010935108,108.21,114.0,sell
2024-05-06 10:18:53.054920851,108.14,74.0,buy
2024-05-06 10:18:55.140832763,108.26,83.0,buy
2024-05-06 10:18:55.689750015,108.28,69.0,sell
2024-05-06 10:18:55.857769029,108.11,88.0,sell
2024-05-06 10:18:56.298482327,108.11,137.0,sell
2024-05-06 10:18:56.356458514,108.15,153.0,sell
2024-05-06 10:18:58.044759713,108.38,135.0,sell
2024-05-06 10:18:58.140815365,108.46,123.0,sell
2024-05-06 10:18:58.662920484,108.55,72.0,sell
2024-05-06 10:18:58.803740309,108.47,115.0,buy
2024-05-06 10:18:59.435887326,108.5,61.0,sell
2024-05-06 10:19:00.185778719,108.55,121.0,buy
2024-05-06 10:19:00.745318472,108.43,106.0,sell
2024-05-06 10:19:01.221924815,108.6,63.0,buy
2024-05-06 10:19:02.336913302,108.49,85.0,sell
2024-05-06 10:19:02.377858311,108.51,98.0,buy
2024-05-06 10:19:02.578780221,108.36,91.0,buy
2024-05-06 10:19:02.721480879,108.51,105.0,sell
2024-05-06 10:19:04.933487285,108.65,73.0,buy
2024-05-06 10:19:05.180135515,108.62,246.0,buy
2024-05-06 10:19:05.839664069,108.52,37.0,buy
2024-05-06 10:19:06.416819331,108.6,45.0,buy
2024-05-06 10:19:06.535999475,108.44,125.0,sell
2024-05-06 10:19:06.672558911,108.39,144.0,buy
2024-05-06 10:19:06.837703800,108.42,117.0,buy
2024-05-06 10:19:07.102476405,108.19,77.0,sell
2024-05-06 10:19:07.235975189,108.12,166.0,buy
2024-05-06 10:19:07.245898759,108.15,144.0,buy
2024-05-06 10:19:08.303507971,108.03,72.0,sell
2024-05-06 10:19:09.988500247,108.01,107.0,sell
2024-05-06 10:19:10.197449073,108.06,104.0,sell
2024-05-06 10:19:10.404076921,108.07,108.0,sell
2024-05-06 10:19:10.407635461,107.95,136.0,buy
2024-05-06 10:19:10.977744456,107.84,62.0,buy
2024-05-06 10:19:11.850487536,107.94,101.0,buy
2024-05-06 10:19:11.929755853,107.96,46.0,sell
2024-05-06 10:19:12.016733985,107.93,192.0,sell
2024-05-06 10:19:12.797256112,108.0,190.0,buy
2024-05-06 10:19:13.276191198,108.0,202.0,sell
2024-05-06 10:19:13.299140166,107.74,170.0,buy
2024-05-06 10:19:13.786294764,107.89,177.0,buy
2024-05-06 10:19:13.971042960,107.77,102.0,buy
2024-05-06 10:19:14.201049931,107.67,57.0,buy
2024-05-06 10:19:14.935304383,107.51,113.0,buy
2024-05-06 10:19:15.768137097,107.66,208.0,sell
2024-05-06 10:19:16.023847186,107.59,58.0,sell
2024-05-06 10:19:17.494023747,107.59,52.0,sell
2024-05-06 10:19:17.754851372,107.7,66.0,buy
2024-05-06 10:19:18.493696754,107.68,115.0,sell
2024-05-06 10:19:18.824402095,107.7,98.0,buy
2024-05-06 10:19:19.963506051,107.62,182.0,sell
2024-05-06 10:19:21.155193494,107.62,107.0,sell
2024-05-06 10:19:21.200931508,107.96,106.0,sell
2024-05-06 10:19:22.579236688,107.9,74.0,buy
2024-05-06 10:19:23.452251799,107.88,138.0,buy
2024-05-06 10:19:24.235706201,107.89,74.0,buy
2024-05-06 10:19:24.347847889,108.05,152.0,buy
2024-05-06 10:19:25.165531506,108.09,94.0,sell
2024-05-06 10:19:26.114534143,108.07,131.0,sell
2024-05-06 10:19:26.285181299,108.01,111.0,sell
2024-05-06 10:19:27.806174949,107.97,131.0,sell
2024-05-06 10:19:27.831747994,107.98,133.0,sell
2024-05-06 10:19:27.912954082,107.92,65.0,buy
2024-05-06 10:19:28.298596167,107.97,275.0,sell
2024-05-06 10:19:28.727362411,107.93,161.0,sell
2024-05-06 10:19:29.245392586,107.86,139.0,sell
2024-05-06 10:19:29.253949963,107.56,87.0,sell
2024-05-06 10:19:30.867993707,107.57,54.0,buy
2024-05-06 10:19:30.890800065,107.56,56.0,buy
2024-05-06 10:19:30.967994891,107.61,70.0,buy
2024-05-06 10:19:30.975051715,107.6,37.0,buy
2024-05-06 10:19:31.393397046,107.6,104.0,sell
2024-05-06 10:19:32.739487075,107.42,139.0,buy
2024-05-06 10:19:33.287715132,107.45,141.0,sell
2024-05-06 10:19:34.152551237,107.64,87.0,buy
2024-05-06 10:19:34.159236331,107.7,146.0,buy
2024-05-06 10:19:34.549696080,107.75,124.0,buy
2024-05-06 10:19:34.857384663,107.54,204.0,sell
2024-05-06 10:19:35.202927261,107.51,114.0,sell
2024-05-06 10:19:35.240403910,107.38,77.0,sell
2024-05-06 10:19:35.817099780,107.39,126.0,buy
2024-05-06 10:19:36.166904201,107.46,86.0,sell
2024-05-06 10:19:36.891305886,107.46,73.0,sell
2024-05-06 10:19:37.223382323,107.41,67.0,sell
2024-05-06 10:19:37.304278177,107.41,108.0,buy
2024-05-06 10:19:37.826705354,107.25,101.0,buy
2024-05-06 10:19:37.921309781,107.27,86.0,buy
2024-05-06 10:19:38.950715932,107.33,115.0,sell
2024-05-06 10:19:39.425531427,107.35,89.0,buy
2024-05-06 10:19:39.511046529,107.24,104.0,buy
2024-05-06 10:19:41.150599118,107.2,67.0,buy
2024-05-06 10:19:41.515883954,107.05,61.0,buy
2024-05-06 10:19:41.553730043,107.16,106.0,buy
2024-05-06 10:19:42.046594534,107.38,129.0,buy
2024-05-06 10:19:42.192572736,107.27,55.0,sell
2024-05-06 10:19:43.006611646,107.41,113.0,buy
2024-05-06 10:19:43.857997372,107.3,134.0,buy
2024-05-06 10:19:45.788361929,107.4,70.0,buy
2024-05-06 10:19:46.136808554,107.37,160.0,buy
2024-05-06 10:19:46.440253738,107.31,79.0,buy
2024-05-06 10:19:47.140400901,107.51,228.0,buy
2024-05-06 10:19:47.211453872,107.57,84.0,buy
2024-05-06 10:19:47.607292206,107.58,105.0,buy
2024-05-06 10:19:48.002394008,107.54,91.0,sell
2024-05-06 10:19:48.049259939,107.42,39.0,buy
2024-05-06 10:19:48.319888682,107.38,106.0,sell
2024-05-06 10:19:49.279519670,107.4,69.0,buy
2024-05-06 10:19:50.249024355,107.45,83.0,sell
2024-05-06 10:19:50.301281272,107.45,131.0,buy
2024-05-06 10:19:50.348832858,107.64,148.0,sell
2024-05-06 10:19:50.501209998,107.63,104.0,sell
2024-05-06 10:19:51.539995894,107.53,90.0,sell
2024-05-06 10:19:51.608996627,107.5,86.0,sell
2024-05-06 10:19:52.245473755,107.63,139.0,buy
2024-05-06 10:19:52.298801999,107.53,84.0,buy
2024-05-06 10:19:52.786739908,107.49,81.0,sell
2024-05-06 10:19:53.006820438,107.47,107.0,sell
2024-05-06 10:19:53.784565173,107.44,70.0,buy
2024-05-06 10:19:53.917649712,107.39,37.0,buy
2024-05-06 10:19:54.427367992,107.35,100.0,sell
2024-05-06 10:19:54.561754015,107.2,136.0,sell
2024-05-06 10:19:55.187042191,107.19,88.0,sell
2024-05-06 10:19:56.221502866,107.15,89.0,buy
2024-05-06 10:19:56.289299223,107.09,70.0,buy
2024-05-06 10:19:57.296484636,107.0,76.0,buy
2024-05-06 10:19:57.746662884,107.1,142.0,buy
2024-05-06 10:19:57.814636032,107.07,179.0,sell
2024-05-06 10:19:58.093543860,106.97,119.0,sell
2024-05-06 10:19:58.181232895,107.06,67.0,sell
2024-05-06 10:19:58.783799449,107.16,93.0,sell
2024-05-06 10:19:59.495005116,107.11,97.0,buy
2024-05-06 10:19:59.550916078,107.21,114.0,buy
2024-05-06 10:19:59.903667530,107.35,50.0,buy
2024-05-06 10:20:00.746354921,107.41,64.0,sell
2024-05-06 10:20:02.122066406,107.42,93.0,sell
2024-05-06 10:20:02.482343957,107.26,112.0,sell
2024-05-06 10:20:03.983010156,107.26,46.0,sell
2024-05-06 10:20:04.366610470,107.26,197.0,buy
2024-05-06 10:20:04.617205315,107.25,53.0,buy
2024-05-06 10:20:05.559811327,107.46,84.0,buy
2024-05-06 10:20:05.899416414,107.33,86.0,sell
2024-05-06 10:20:06.218653601,107.48,96.0,buy
2024-05-06 10:20:06.555632334,107.31,80.0,sell
2024-05-06 10:20:07.493588898,107.27,70.0,sell
2024-05-06 10:20:08.385310595,107.22,98.0,buy
2024-05-06 10:20:08.643665372,107.37,61.0,buy
2024-05-06 10:20:08.846372821,107.4,135.0,sell
2024-05-06 10:20:09.184938899,107.6,64.0,sell
2024-05-06 10:20:09.610158221,107.64,190.0,buy
2024-05-06 10:20:09.746283899,107.61,98.0,buy
2024-05-06 10:20:10.536114447,107.68,119.0,sell
2024-05-06 10:20:10.869350292,107.67,51.0,buy
2024-05-06 10:20:11.072617293,107.74,162.0,sell
2024-05-06 10:20:11.129101423,107.84,150.0,sell
2024-05-06 10:20:11.265560660,107.67,108.0,buy
2024-05-06 10:20:12.756289696,107.49,35.0,buy
2024-05-06 10:20:12.938283135,107.4,72.0,sell
2024-05-06 10:20:13.030761221,107.3,131.0,sell
2024-05-06 10:20:13.339477635,107.18,62.0,buy
2024-05-06 10:20:13.522903585,107.28,56.0,buy
2024-05-06 10:20:13.540799694,107.09,149.0,buy
2024-05-06 10:20:13.735948959,107.06,118.0,buy
2024-05-06 10:20:14.128699313,107.3,44.0,sell
2024-05-06 10:20:14.529859426,107.23,107.0,buy
2024-05-06 10:20:14.750321836,107.22,68.0,buy
2024-05-06 10:20:15.046794290,107.26,131.0,sell
2024-05-06 10:20:16.730452019,107.29,55.0,sell
2024-05-06 10:20:16.967336154,107.15,164.0,sell
2024-05-06 10:20:17.116692035,107.21,82.0,buy
2024-05-06 10:20:17.256196625,107.1,82.0,buy
2024-05-06 10:20:17.562224165,107.1,135.0,buy
2024-05-06 10:20:18.274783651,106.97,57.0,sell
2024-05-06 10:20:18.390112119,107.04,94.0,sell
2024-05-06 10:20:19.007837192,106.99,55.0,sell
2024-05-06 10:20:19.018525536,107.12,89.0,buy
2024-05-06 10:20:19.289970122,106.87,104.0,buy
2024-05-06 10:20:20.037723633,106.87,183.0,buy
2024-05-06 10:20:20.244522393,106.95,134.0,sell
2024-05-06 10:20:20.659277513,107.02,119.0,sell
2024-05-06 10:20:20.773971034,107.07,181.0,sell
2024-05-06 10:20:21.451359949,107.1,46.0,sell
2024-05-06 10:20:21.478207565,107.09,64.0,sell
2024-05-06 10:20:22.435315697,107.03,75.0,buy
2024-05-06 10:20:22.545761483,107.04,69.0,sell
2024-05-06 10:20:23.583080160,107.07,108.0,buy
2024-05-06 10:20:23.800420983,106.98,141.0,sell
2024-05-06 10:20:24.441719030,106.84,95.0,buy
2024-05-06 10:20:24.633980961,106.65,63.0,sell
2024-05-06 10:20:25.815741596,106.47,98.0,buy
2024-05-06 10:20:25.883443669,106.46,157.0,buy
2024-05-06 10:20:25.981767384,106.4,48.0,sell
2024-05-06 10:20:26.321419232,106.26,152.0,sell
2024-05-06 10:20:26.364164648,106.4,107.0,sell
2024-05-06 10:20:26.473230330,106.36,59.0,buy
2024-05-06 10:20:27.912350589,106.5,140.0,sell
2024-05-06 10:20:29.787508091,106.42,106.0,buy
2024-05-06 10:20:30.023518386,106.54,68.0,buy
2024-05-06 10:20:31.307354052,106.54,113.0,buy
2024-05-06 10:20:31.700890355,106.64,63.0,buy
2024-05-06 10:20:31.858069365,106.75,109.0,sell
2024-05-06 10:20:32.464069704,106.73,69.0,buy
2024-05-06 10:20:33.001862147,106.67,120.0,sell
2024-05-06 10:20:35.262521170,106.59,109.0,buy
2024-05-06 10:20:35.416495729,106.8,104.0,buy
2024-05-06 10:20:35.973957278,106.91,93.0,sell
2024-05-06 10:20:36.000670196,106.97,127.0,buy
2024-05-06 10:20:36.060989647,106.97,82.0,buy
2024-05-06 10:20:36.062952682,107.01,111.0,sell
2024-05-06 10:20:39.825554401,106.84,107.0,buy
2024-05-06 10:20:40.635990158,106.81,322.0,sell
2024-05-06 10:20:41.408571937,106.7,136.0,sell
2024-05-06 10:20:41.764967444,106.75,52.0,buy
2024-05-06 10:20:41.943352834,106.62,112.0,sell
2024-05-06 10:20:42.025356550,106.77,87.0,sell
2024-05-06 10:20:42.192865514,106.72,74.0,buy
2024-05-06 10:20:42.428644911,106.69,54.0,buy
2024-05-06 10:20:43.134574286,106.75,191.0,sell
2024-05-06 10:20:43.522471195,106.82,73.0,sell
2024-05-06 10:20:43.562796272,106.95,138.0,sell
2024-05-06 10:20:43.571893028,106.9,89.0,sell
2024-05-06 10:20:43.625870623,106.99,76.0,sell
2024-05-06 10:20:43.890109811,106.89,97.0,buy
2024-05-06 10:20:45.243082897,106.76,80.0,sell
2024-05-06 10:20:45.750313809,106.92,81.0,buy
2024-05-06 10:20:46.559618480,106.72,102.0,sell
2024-05-06 10:20:46.873649067,106.76,104.0,buy
2024-05-06 10:20:47.098095943,106.9,65.0,sell
2024-05-06 10:20:47.155464990,106.8,72.0,buy
2024-05-06 10:20:48.198931848,106.66,210.0,sell
2024-05-06 10:20:48.963229677,106.56,99.0,buy
2024-05-06 10:20:49.055262074,106.65,78.0,buy
2024-05-06 10:20:49.414249053,106.75,92.0,sell
2024-05-06 10:20:49.748354213,106.83,70.0,buy
2024-05-06 10:20:50.238890925,106.94,114.0,sell
2024-05-06 10:20:51.700010042,106.83,87.0,buy
2024-05-06 10:20:52.133488307,106.89,87.0,sell
2024-05-06 10:20:52.521988917,106.84,117.0,sell
2024-05-06 10:20:52.547805558,106.76,96.0,sell
2024-05-06 10:20:52.580292186,106.73,91.0,sell
2024-05-06 10:20:52.684017595,106.83,90.0,buy
2024-05-06 10:20:52.700522417,106.94,161.0,sell
2024-05-06 10:20:53.380549054,107.02,81.0,buy
2024-05-06 10:20:54.023014512,106.9,101.0,buy
2024-05-06 10:20:54.096138312,106.76,87.0,buy
2024-05-06 10:20:55.000323346,106.78,193.0,buy
2024-05-06 10:20:55.084406081,106.74,90.0,sell
2024-05-06 10:20:55.263583964,106.75,150.0,sell
2024-05-06 10:20:55.406743398,106.75,93.0,sell
2024-05-06 10:20:55.639595519,106.69,110.0,sell
2024-05-06 10:20:55.786555440,106.55,117.0,sell
2024-05-06 10:20:56.122200270,106.48,110.0,buy
2024-05-06 10:20:56.383824741,106.35,149.0,buy
2024-05-06 10:20:58.538937918,106.37,112.0,sell
2024-05-06 10:20:58.567713466,106.22,80.0,sell
2024-05-06 10:20:58.644394764,106.35,144.0,sell
2024-05-06 10:20:58.671530941,106.37,124.0,sell
2024-05-06 10:20:59.163068420,106.31,189.0,sell
2024-05-06 10:20:59.191094022,106.26,79.0,buy
2024-05-06 10:21:00.096380911,106.3,104.0,buy
2024-05-06 10:21:00.455037973,106.33,126.0,buy
2024-05-06 10:21:00.829375978,106.39,82.0,sell
2024-05-06 10:21:01.241681486,106.41,45.0,sell
2024-05-06 10:21:01.335336700,106.34,56.0,sell
2024-05-06 10:21:01.445466995,106.38,267.0,sell
2024-05-06 10:21:01.637429375,106.34,64.0,sell
2024-05-06 10:21:02.087510641,106.29,95.0,sell
2024-05-06 10:21:02.205446355,106.4,75.0,sell
2024-05-06 10:21:02.267283127,106.41,140.0,sell
2024-05-06 10:21:04.022513988,106.3,140.0,buy
2024-05-06 10:21:04.033627495,106.18,100.0,sell
2024-05-06 10:21:04.845135853,105.98,214.0,sell
2024-05-06 10:21:05.620803262,106.07,112.0,buy
2024-05-06 10:21:05.797154764,106.14,77.0,sell
2024-05-06 10:21:05.870029987,106.13,100.0,buy
2024-05-06 10:21:05.948724657,106.0,201.0,sell
2024-05-06 10:21:06.546448642,106.15,119.0,buy
2024-05-06 10:21:07.061187583,106.16,103.0,sell
2024-05-06 10:21:07.824530884,106.25,58.0,sell
2024-05-06 10:21:09.210674647,106.12,168.0,buy
2024-05-06 10:21:09.799384493,106.2,107.0,buy
2024-05-06 10:21:09.884097940,106.31,69.0,sell
2024-05-06 10:21:10.023586388,106.31,99.0,sell
2024-05-06 10:21:10.946779959,106.33,185.0,buy
2024-05-06 10:21:11.064202126,106.51,119.0,sell
2024-05-06 10:21:11.101845399,106.56,100.0,sell
2024-05-06 10:21:11.709328663,106.61,112.0,buy
2024-05-06 10:21:11.966851216,106.71,99.0,buy
2024-05-06 10:21:13.229965930,106.55,181.0,buy
2024-05-06 10:21:13.755241512,106.54,117.0,sell
2024-05-06 10:21:13.802627112,106.36,69.0,sell
2024-05-06 10:21:15.279505630,106.5,242.0,sell
2024-05-06 10:21:15.429084304,106.53,103.0,buy
2024-05-06 10:21:15.634734723,106.52,104.0,sell
2024-05-06 10:21:15.892034770,106.44,82.0,buy
2024-05-06 10:21:15.918326199,106.61,219.0,buy
2024-05-06 10:21:16.261427297,106.68,168.0,sell
2024-05-06 10:21:16.327233054,106.85,123.0,buy
2024-05-06 10:21:16.583455126,106.84,54.0,buy
2024-05-06 10:21:16.799392873,106.93,261.0,buy
2024-05-06 10:21:17.540443389,106.96,102.0,buy
2024-05-06 10:21:18.353152122,106.94,129.0,sell
2024-05-06 10:21:18.436423206,107.24,128.0,sell
2024-05-06 10:21:18.664711248,107.3,106.0,sell
2024-05-06 10:21:18.898397324,107.22,180.0,sell
2024-05-06 10:21:18.980487150,107.17,77.0,sell
2024-05-06 10:21:19.781354740,107.15,96.0,sell
2024-05-06 10:21:20.395535866,107.23,175.0,sell
2024-05-06 10:21:20.501132107,107.48,113.0,buy
2024-05-06 10:21:20.729554923,107.6,79.0,sell
2024-05-06 10:21:20.785470640,107.4,79.0,sell
2024-05-06 10:21:21.280179114,107.43,144.0,sell
2024-05-06 10:21:21.344875911,107.4,175.0,buy
2024-05-06 10:21:23.476879275,107.22,167.0,buy
2024-05-06 10:21:24.235495719,107.08,76.0,buy
2024-05-06 10:21:24.482839451,106.93,97.0,sell
2024-05-06 10:21:24.914883047,106.86,164.0,buy
2024-05-06 10:21:26.126366514,106.91,150.0,buy
2024-05-06 10:21:26.530195991,106.94,91.0,sell
2024-05-06 10:21:26.626078082,106.9,76.0,sell
2024-05-06 10:21:26.864051393,106.92,110.0,buy
2024-05-06 10:21:27.790267697,107.05,115.0,buy
2024-05-06 10:21:28.306979240,107.05,113.0,buy
2024-05-06 10:21:28.832926209,107.18,123.0,sell
2024-05-06 10:21:29.840958628,107.23,135.0,buy
2024-05-06 10:21:30.962989650,107.18,83.0,buy
2024-05-06 10:21:32.224559223,107.11,85.0,sell
2024-05-06 10:21:32.274386079,107.09,191.0,buy
2024-05-06 10:21:32.667155493,107.11,68.0,sell
2024-05-06 10:21:33.341673127,107.23,73.0,buy
2024-05-06 10:21:34.048869543,107.16,128.0,sell
2024-05-06 10:21:34.515481439,107.23,57.0,buy
2024-05-06 10:21:34.606714625,107.32,44.0,sell
2024-05-06 10:21:35.405026197,107.43,199.0,sell
2024-05-06 10:21:36.041707884,107.36,137.0,buy
2024-05-06 10:21:36.086744517,107.46,79.0,buy
2024-05-06 10:21:36.398377705,107.42,120.0,buy
2024-05-06 10:21:36.493944277,107.38,82.0,sell
2024-05-06 10:21:36.699794314,107.22,155.0,buy
2024-05-06 10:21:36.708917590,107.34,104.0,buy
2024-05-06 10:21:36.964605368,107.29,149.0,sell
2024-05-06 10:21:37.363722480,107.09,112.0,buy
2024-05-06 10:21:37.846965575,107.21,104.0,buy
2024-05-06 10:21:38.391529794,107.24,188.0,buy
2024-05-06 10:21:39.296363159,107.5,78.0,sell
2024-05-06 10:21:39.417693872,107.5,132.0,buy
2024-05-06 10:21:39.481884396,107.62,49.0,sell
2024-05-06 10:21:40.435594730,107.78,119.0,sell
2024-05-06 10:21:40.520759296,107.87,172.0,sell
2024-05-06 10:21:42.360423528,107.7,85.0,sell
2024-05-06 10:21:43.284709816,107.7,107.0,buy
2024-05-06 10:21:43.632160781,107.61,124.0,sell
2024-05-06 10:21:45.625033901,107.66,123.0,buy
2024-05-06 10:21:45.676258906,107.83,146.0,sell
2024-05-06 10:21:45.856791017,107.82,78.0,buy
2024-05-06 10:21:46.365156612,107.7,73.0,buy
2024-05-06 10:21:46.580553354,107.62,64.0,buy
2024-05-06 10:21:47.898691817,107.49,50.0,buy
2024-05-06 10:21:47.932631110,107.4,89.0,sell
2024-05-06 10:21:48.331231865,107.22,196.0,buy
2024-05-06 10:21:48.778088466,107.07,62.0,sell
2024-05-06 10:21:49.306912117,107.16,149.0,buy
2024-05-06 10:21:49.454544977,107.19,93.0,buy
2024-05-06 10:21:49.681268838,107.1,197.0,buy
2024-05-06 10:21:50.609195577,107.11,65.0,sell
2024-05-06 10:21:50.717616532,106.93,89.0,buy
2024-05-06 10:21:51.594466575,107.03,91.0,buy
2024-05-06 10:21:52.007983519,107.03,157.0,buy
2024-05-06 10:21:52.726119909,107.04,45.0,buy
2024-05-06 10:21:53.351315691,107.18,82.0,buy
2024-05-06 10:21:53.467604330,107.15,119.0,sell
2024-05-06 10:21:53.888210729,107.04,59.0,sell
2024-05-06 10:21:54.899639841,107.06,136.0,buy
2024-05-06 10:21:55.182559103,107.07,136.0,buy
2024-05-06 10:21:56.882020641,107.09,109.0,buy
2024-05-06 10:21:57.182956935,107.01,106.0,buy
2024-05-06 10:21:57.259990565,106.93,29.0,sell
2024-05-06 10:21:57.506675563,106.72,85.0,buy
2024-05-06 10:21:59.021862334,106.58,137.0,sell
2024-05-06 10:21:59.214488359,106.44,105.0,sell
2024-05-06 10:22:00.227336993,106.54,84.0,sell
2024-05-06 10:22:01.292707281,106.71,206.0,sell
2024-05-06 10:22:01.508242239,106.75,95.0,buy
2024-05-06 10:22:01.551706653,106.76,105.0,sell
2024-05-06 10:22:02.196395587,106.8,142.0,buy
2024-05-06 10:22:02.383024500,106.68,120.0,sell
2024-05-06 10:22:03.146777489,106.81,178.0,buy
2024-05-06 10:22:03.439062774,107.03,80.0,sell
2024-05-06 10:22:03.771116003,106.83,139.0,buy
2024-05-06 10:22:04.523450953,106.85,63.0,sell
2024-05-06 10:22:04.764378409,106.77,175.0,sell
2024-05-06 10:22:05.057087755,106.85,110.0,buy
2024-05-06 10:22:05.293042853,107.02,99.0,sell
2024-05-06 10:22:05.521954323,107.06,79.0,sell
2024-05-06 10:22:05.895171951,107.15,137.0,sell
2024-05-06 10:22:06.722388138,107.1,134.0,buy
2024-05-06 10:22:06.946915095,107.19,123.0,buy
2024-05-06 10:22:07.318351443,107.12,114.0,buy
2024-05-06 10:22:07.873785979,107.03,156.0,buy
2024-05-06 10:22:08.030757558,107.13,44.0,buy
2024-05-06 10:22:08.193292270,107.05,132.0,sell
2024-05-06 10:22:09.547916181,106.92,128.0,sell
2024-05-06 10:22:10.190750934,106.97,167.0,buy
2024-05-06 10:22:10.621163190,107.09,107.0,buy
2024-05-06 10:22:11.142827750,107.08,164.0,sell
2024-05-06 10:22:11.157696372,107.21,113.0,buy
2024-05-06 10:22:11.638998497,107.31,73.0,sell
2024-05-06 10:22:11.995172542,107.39,97.0,sell
2024-05-06 10:22:12.389725976,107.42,132.0,sell
2024-05-06 10:22:12.612419594,107.36,131.0,sell
2024-05-06 10:22:12.654912072,107.3,51.0,sell
2024-05-06 10:22:12.762338104,107.2,229.0,sell
2024-05-06 10:22:14.267707389,107.28,51.0,buy
2024-05-06 10:22:14.530422907,107.22,59.0,buy
2024-05-06 10:22:14.844742696,107.16,138.0,buy
2024-05-06 10:22:14.871817586,107.14,132.0,buy
2024-05-06 10:22:14.890962599,107.27,54.0,sell
2024-05-06 10:22:15.522437469,107.13,125.0,sell
2024-05-06 10:22:15.908635125,107.14,123.0,sell
2024-05-06 10:22:16.263991385,107.1,70.0,buy
2024-05-06 10:22:16.403269657,107.09,115.0,sell
2024-05-06 10:22:17.086027001,107.06,64.0,buy
2024-05-06 10:22:17.178130616,107.22,102.0,buy
2024-05-06 10:22:17.283450851,107.21,144.0,sell
2024-05-06 10:22:17.592203774,107.3,100.0,sell
2024-05-06 10:22:17.760835953,107.16,131.0,sell
2024-05-06 10:22:17.902988497,107.06,100.0,sell
2024-05-06 10:22:18.421142065,106.82,47.0,buy
2024-05-06 10:22:18.947443265,106.83,64.0,buy
2024-05-06 10:22:19.817550017,106.74,119.0,sell
2024-05-06 10:22:20.087942124,106.71,172.0,buy
2024-05-06 10:22:20.125888878,106.72,74.0,sell
2024-05-06 10:22:20.285761801,106.79,147.0,buy
2024-05-06 10:22:22.241909902,106.84,128.0,buy
2024-05-06 10:22:22.695400224,106.82,120.0,sell
2024-05-06 10:22:23.313884305,106.91,43.0,buy
2024-05-06 10:22:23.317576821,106.86,70.0,buy
2024-05-06 10:22:23.682695864,106.81,95.0,buy
2024-05-06 10:22:23.701821358,106.79,117.0,buy
2024-05-06 10:22:24.122912091,106.91,273.0,buy
2024-05-06 10:22:25.390617585,106.89,36.0,buy
2024-05-06 10:22:27.118219454,106.97,163.0,buy
2024-05-06 10:22:27.507084944,107.1,139.0,buy
2024-05-06 10:22:27.813518553,107.05,115.0,sell
2024-05-06 10:22:29.263885026,107.06,106.0,sell
2024-05-06 10:22:29.823715916,106.98,104.0,buy
2024-05-06 10:22:29.857266432,106.74,76.0,sell
2024-05-06 10:22:30.170689268,106.79,25.0,buy
2024-05-06 10:22:30.308068914,106.82,52.0,sell
2024-05-06 10:22:30.625323482,106.95,74.0,sell
2024-05-06 10:22:30.929235537,106.8,164.0,sell
2024-05-06 10:22:31.365545699,106.73,50.0,buy
2024-05-06 10:22:31.586172540,106.98,107.0,sell
2024-05-06 10:22:31.675897651,106.86,74.0,buy
2024-05-06 10:22:32.026204579,106.91,81.0,sell
2024-05-06 10:22:32.912780075,106.84,103.0,buy
2024-05-06 10:22:33.458120332,106.7,60.0,sell
2024-05-06 10:22:33.664643115,106.69,94.0,buy
2024-05-06 10:22:35.035366645,106.8,64.0,buy
2024-05-06 10:22:36.251756653,106.93,77.0,buy
2024-05-06 10:22:36.369205584,107.11,127.0,buy
2024-05-06 10:22:36.389313332,107.2,148.0,buy
2024-05-06 10:22:37.065373258,107.12,52.0,sell
2024-05-06 10:22:37.944371980,106.97,204.0,sell
2024-05-06 10:22:39.663269977,106.82,149.0,sell
2024-05-06 10:22:40.766164322,106.86,113.0,buy
2024-05-06 10:22:41.224978596,106.95,191.0,buy
2024-05-06 10:22:41.602545571,107.03,122.0,buy
2024-05-06 10:22:41.616663551,106.99,128.0,buy
2024-05-06 10:22:41.758280506,107.01,93.0,buy
2024-05-06 10:22:42.066016992,106.98,160.0,sell
2024-05-06 10:22:42.561125448,106.86,148.0,buy
2024-05-06 10:22:42.968502520,106.57,86.0,sell
2024-05-06 10:22:43.647134426,106.65,88.0,buy
2024-05-06 10:22:43.811224633,106.78,58.0,buy
2024-05-06 10:22:44.227374786,106.86,86.0,buy
2024-05-06 10:22:44.273510420,106.69,103.0,buy
2024-05-06 10:22:44.540442857,106.69,104.0,buy
2024-05-06 10:22:45.233911807,106.75,120.0,sell
2024-05-06 10:22:45.825018855,106.71,136.0,sell
2024-05-06 10:22:48.160820087,106.69,139.0,buy
2024-05-06 10:22:48.323609765,106.65,235.0,sell
2024-05-06 10:22:48.668375926,106.47,119.0,buy
2024-05-06 10:22:48.868264394,106.55,199.0,buy
2024-05-06 10:22:49.158712427,106.69,93.0,sell
2024-05-06 10:22:50.130993410,106.66,97.0,buy
2024-05-06 10:22:50.707330868,106.7,53.0,sell
2024-05-06 10:22:51.777739153,106.74,90.0,buy
2024-05-06 10:22:51.891510202,106.83,88.0,sell
2024-05-06 10:22:52.924718047,106.68,86.0,sell
2024-05-06 10:22:52.955529315,106.91,99.0,sell
2024-05-06 10:22:54.052840061,106.69,102.0,buy
2024-05-06 10:22:54.252388112,106.77,102.0,sell
2024-05-06 10:22:54.441255425,106.75,85.0,sell
2024-05-06 10:22:54.800066125,106.78,44.0,sell
2024-05-06 10:22:56.212556384,106.72,121.0,buy
2024-05-06 10:22:56.237036690,106.85,123.0,sell
2024-05-06 10:22:56.454147235,107.0,162.0,buy
2024-05-06 10:22:57.425108251,107.07,225.0,buy
2024-05-06 10:22:57.677243891,107.13,103.0,sell
2024-05-06 10:22:57.788289005,106.97,82.0,buy
2024-05-06 10:22:58.064802683,107.04,68.0,buy
2024-05-06 10:22:58.308318579,107.16,117.0,buy
2024-05-06 10:22:59.543324848,107.22,80.0,buy
2024-05-06 10:23:00.260929303,107.24,185.0,buy
2024-05-06 10:23:00.612644798,107.43,109.0,buy
2024-05-06 10:23:02.839752820,107.64,98.0,buy
2024-05-06 10:23:03.152756528,107.74,83.0,buy
2024-05-06 10:23:03.182757783,107.58,97.0,buy
2024-05-06 10:23:03.334849400,107.53,99.0,sell
2024-05-06 10:23:03.621262400,107.49,58.0,sell
2024-05-06 10:23:03.706598808,107.55,74.0,buy
2024-05-06 10:23:05.180690499,107.43,95.0,sell
2024-05-06 10:23:05.908724763,107.37,91.0,sell
2024-05-06 10:23:06.064908359,107.38,100.0,sell
2024-05-06 10:23:06.511689521,107.32,194.0,buy
2024-05-06 10:23:07.150766859,107.41,96.0,sell
2024-05-06 10:23:08.568245186,107.3,141.0,buy
2024-05-06 10:23:09.635237765,107.25,97.0,sell
2024-05-06 10:23:09.997239170,107.21,88.0,buy
2024-05-06 10:23:10.742295248,106.99,74.0,sell
2024-05-06 10:23:11.155228703,106.96,90.0,sell
2024-05-06 10:23:11.557495936,106.85,121.0,buy
2024-05-06 10:23:11.618433988,106.99,99.0,sell
2024-05-06 10:23:11.685850198,106.83,79.0,sell
2024-05-06 10:23:12.062865582,106.8,132.0,sell
2024-05-06 10:23:12.219441798,106.75,181.0,sell
2024-05-06 10:23:12.230072463,106.7,110.0,buy
2024-05-06 10:23:12.871651188,106.63,85.0,sell
2024-05-06 10:23:12.888164189,106.54,59.0,sell
2024-05-06 10:23:13.340440191,106.6,189.0,sell
2024-05-06 10:23:13.727829042,106.65,139.0,buy
2024-05-06 10:23:15.461733115,106.47,101.0,buy
2024-05-06 10:23:15.792763945,106.39,85.0,sell
2024-05-06 10:23:15.825620983,106.19,68.0,buy
2024-05-06 10:23:16.226753878,106.37,78.0,sell
2024-05-06 10:23:17.146481931,106.29,189.0,sell
2024-05-06 10:23:20.026544751,106.18,92.0,sell
2024-05-06 10:23:20.307905330,105.89,190.0,sell
2024-05-06 10:23:20.500956282,106.01,188.0,buy
2024-05-06 10:23:21.686673646,106.03,180.0,sell
2024-05-06 10:23:21.792801497,105.94,50.0,sell
2024-05-06 10:23:22.270614812,105.83,80.0,buy
2024-05-06 10:23:22.530812466,105.61,116.0,buy
2024-05-06 10:23:22.551787513,105.63,80.0,sell
2024-05-06 10:23:22.765097521,105.67,49.0,sell
2024-05-06 10:23:22.919195392,105.71,157.0,buy
2024-05-06 10:23:23.498521709,105.75,177.0,sell
2024-05-06 10:23:24.984436795,105.76,94.0,sell
2024-05-06 10:23:25.140456411,105.81,94.0,buy
2024-05-06 10:23:25.974694708,105.74,110.0,sell
2024-05-06 10:23:26.003170299,105.95,44.0,buy
2024-05-06 10:23:26.389396474,105.83,195.0,buy
2024-05-06 10:23:26.425977641,105.81,75.0,buy
2024-05-06 10:23:27.785277904,105.52,76.0,sell
2024-05-06 10:23:28.512246149,105.45,52.0,buy
2024-05-06 10:23:29.048645197,105.43,89.0,sell
2024-05-06 10:23:29.916986555,105.36,131.0,sell
2024-05-06 10:23:30.438366963,105.38,79.0,sell
2024-05-06 10:23:32.174354984,105.62,138.0,sell
2024-05-06 10:23:32.800163206,105.84,52.0,sell
2024-05-06 10:23:34.093026016,105.73,90.0,sell
2024-05-06 10:23:34.457031882,105.58,85.0,buy
2024-05-06 10:23:34.519283395,105.86,82.0,sell
2024-05-06 10:23:34.894859843,105.97,40.0,buy
2024-05-06 10:23:34.962696873,105.92,102.0,buy
2024-05-06 10:23:35.411546046,105.89,175.0,sell
2024-05-06 10:23:35.740912218,105.91,114.0,sell
2024-05-06 10:23:36.228104448,105.9,177.0,sell
2024-05-06 10:23:36.233153344,105.97,48.0,sell
2024-05-06 10:23:36.341510781,106.0,153.0,sell
2024-05-06 10:23:36.679489107,105.8,144.0,sell
2024-05-06 10:23:38.182416389,105.91,86.0,sell
2024-05-06 10:23:38.424353310,105.82,266.0,buy
2024-05-06 10:23:38.700500162,105.72,99.0,sell
2024-05-06 10:23:39.327600319,105.75,72.0,buy
2024-05-06 10:23:39.790509251,105.81,91.0,buy
2024-05-06 10:23:39.968080275,105.81,132.0,buy
2024-05-06 10:23:40.232588986,105.74,160.0,buy
2024-05-06 10:23:40.355347347,105.79,130.0,buy
2024-05-06 10:23:42.046360399,106.02,77.0,buy
2024-05-06 10:23:42.116356153,105.88,199.0,sell
2024-05-06 10:23:42.348833778,105.77,95.0,sell
2024-05-06 10:23:42.361923109,105.75,68.0,sell
2024-05-06 10:23:42.487295792,105.83,129.0,sell
2024-05-06 10:23:43.245431575,106.0,152.0,sell
2024-05-06 10:23:43.357738411,105.98,50.0,buy
2024-05-06 10:23:43.399463675,105.92,60.0,buy
2024-05-06 10:23:43.721121673,106.09,94.0,sell
2024-05-06 10:23:43.726131303,105.98,45.0,sell
2024-05-06 10:23:43.770419142,105.94,106.0,buy
2024-05-06 10:23:44.594575745,105.9,62.0,buy
2024-05-06 10:23:45.332626957,105.98,58.0,sell
2024-05-06 10:23:46.565996226,105.94,63.0,sell
2024-05-06 10:23:47.529838869,105.86,241.0,buy
2024-05-06 10:23:48.104542612,105.8,127.0,sell
2024-05-06 10:23:48.131418589,105.84,84.0,buy
2024-05-06 10:23:48.894998867,105.86,155.0,sell
2024-05-06 10:23:49.828814446,105.79,95.0,buy
2024-05-06 10:23:50.631244016,105.62,104.0,buy
2024-05-06 10:23:50.986369359,105.57,36.0,buy
2024-05-06 10:23:51.118939612,105.56,81.0,buy
2024-05-06 10:23:52.052170265,105.39,87.0,buy
2024-05-06 10:23:52.701610282,105.38,72.0,buy
2024-05-06 10:23:54.677022719,105.46,83.0,buy
2024-05-06 10:23:54.761642034,105.47,54.0,buy
2024-05-06 10:23:54.889517106,105.41,92.0,buy
2024-05-06 10:23:55.008517640,105.28,132.0,buy
2024-05-06 10:23:55.794925444,105.27,208.0,sell
2024-05-06 10:23:55.898380519,105.36,114.0,sell
2024-05-06 10:23:55.932873292,105.35,111.0,buy
2024-05-06 10:23:59.204709518,105.38,118.0,buy
2024-05-06 10:23:59.217274693,105.5,105.0,buy
2024-05-06 10:24:00.118919719,105.48,63.0,buy
2024-05-06 10:24:00.346273794,105.62,135.0,buy
2024-05-06 10:24:01.267638496,105.55,82.0,sell
2024-05-06 10:24:01.672052762,105.62,150.0,sell
2024-05-06 10:24:02.831568711,105.54,90.0,sell
2024-05-06 10:24:04.134719469,105.51,51.0,sell
2024-05-06 10:24:04.139289381,105.58,90.0,sell
2024-05-06 10:24:04.178492999,105.7,55.0,buy
2024-05-06 10:24:04.322573245,105.7,101.0,buy
2024-05-06 10:24:04.875868384,105.67,65.0,sell
2024-05-06 10:24:05.971713230,105.72,123.0,sell
2024-05-06 10:24:06.279752554,105.7,116.0,buy
2024-05-06 10:24:06.746691185,105.68,153.0,buy
2024-05-06 10:24:06.851126541,105.82,142.0,sell
2024-05-06 10:24:07.668419367,105.85,86.0,sell
2024-05-06 10:24:09.379039489,106.0,107.0,buy
2024-05-06 10:24:09.535436146,105.91,109.0,buy
2024-05-06 10:24:09.876862276,106.01,99.0,sell
2024-05-06 10:24:09.921888151,105.97,153.0,sell
2024-05-06 10:24:10.331398317,105.93,111.0,buy
2024-05-06 10:24:10.680763125,105.98,175.0,buy
2024-05-06 10:24:10.758760597,106.01,45.0,sell
2024-05-06 10:24:11.050518090,106.04,71.0,sell
2024-05-06 10:24:11.253829468,106.06,141.0,buy
2024-05-06 10:24:11.622724864,106.22,75.0,buy
2024-05-06 10:24:12.063252221,106.17,71.0,buy
2024-05-06 10:24:12.067518157,106.05,92.0,buy
2024-05-06 10:24:12.783176537,105.98,176.0,sell
2024-05-06 10:24:13.407337968,106.18,42.0,buy
2024-05-06 10:24:13.635417038,106.14,252.0,buy
2024-05-06 10:24:13.662611307,106.26,108.0,sell
2024-05-06 10:24:14.365722187,106.42,60.0,buy
2024-05-06 10:24:15.918218606,106.51,78.0,sell
2024-05-06 10:24:16.055536773,106.65,52.0,buy
2024-05-06 10:24:16.250966381,106.75,172.0,buy
2024-05-06 10:24:16.352522205,106.72,153.0,buy
2024-05-06 10:24:16.782638257,106.67,103.0,sell
2024-05-06 10:24:16.866753742,106.52,117.0,sell
2024-05-06 10:24:17.086932618,106.49,76.0,buy
2024-05-06 10:24:17.683965331,106.41,126.0,sell
2024-05-06 10:24:18.094587423,106.52,100.0,buy
2024-05-06 10:24:18.338844422,106.6,108.0,sell
2024-05-06 10:24:18.611423230,106.61,107.0,sell
2024-05-06 10:24:19.024318008,106.58,104.0,buy
2024-05-06 10:24:19.027259005,106.61,127.0,sell
2024-05-06 10:24:19.068140610,106.59,136.0,sell
2024-05-06 10:24:20.133541999,106.52,91.0,buy
2024-05-06 10:24:20.174081407,106.62,134.0,buy
2024-05-06 10:24:20.787537694,106.73,119.0,sell
2024-05-06 10:24:22.050640599,106.78,52.0,sell
2024-05-06 10:24:22.208464413,106.67,168.0,buy
2024-05-06 10:24:22.439872324,106.69,158.0,buy
2024-05-06 10:24:22.860604750,106.8,85.0,sell
2024-05-06 10:24:23.927908416,106.46,96.0,sell
2024-05-06 10:24:25.350751309,106.6,112.0,sell
2024-05-06 10:24:26.023448930,106.61,54.0,buy
2024-05-06 10:24:26.068750437,106.34,152.0,sell
2024-05-06 10:24:26.621801806,106.38,37.0,sell
2024-05-06 10:24:26.885875635,106.48,123.0,buy
2024-05-06 10:24:27.203976529,106.44,123.0,sell
2024-05-06 10:24:27.229175162,106.41,131.0,sell
2024-05-06 10:24:27.335191749,106.49,117.0,buy
2024-05-06 10:24:28.116739996,106.31,97.0,sell
2024-05-06 10:24:28.419270451,106.37,104.0,sell
2024-05-06 10:24:28.598796650,106.58,60.0,sell
2024-05-06 10:24:28.841066290,106.86,114.0,sell
2024-05-06 10:24:29.804510690,106.87,74.0,sell
2024-05-06 10:24:30.495659903,106.85,85.0,buy
2024-05-06 10:24:30.654603684,106.79,187.0,sell
2024-05-06 10:24:30.717102972,106.78,135.0,sell
2024-05-06 10:24:30.862277934,106.82,82.0,sell
2024-05-06 10:24:32.129892569,106.8,54.0,sell
2024-05-06 10:24:32.565537913,106.73,105.0,buy
2024-05-06 10:24:32.946765331,106.71,105.0,buy
2024-05-06 10:24:33.400422897,106.77,138.0,sell
2024-05-06 10:24:33.628298351,106.76,50.0,sell
2024-05-06 10:24:34.451108228,106.75,90.0,sell
2024-05-06 10:24:34.821527764,106.74,79.0,sell
2024-05-06 10:24:34.883600073,106.77,130.0,sell
2024-05-06 10:24:34.952694110,106.82,126.0,sell
2024-05-06 10:24:35.337556136,106.68,138.0,buy
2024-05-06 10:24:36.716467027,106.66,100.0,sell
2024-05-06 10:24:36.900806177,106.7,68.0,buy
2024-05-06 10:24:37.919154963,106.59,49.0,sell
2024-05-06 10:24:38.641319255,106.71,81.0,sell
2024-05-06 10:24:38.783704042,106.83,199.0,sell
2024-05-06 10:24:38.802212802,106.92,154.0,sell
2024-05-06 10:24:38.855920373,106.93,180.0,buy
2024-05-06 10:24:39.507805772,107.01,64.0,sell
2024-05-06 10:24:39.619171176,107.02,99.0,sell
2024-05-06 10:24:39.851198592,106.96,84.0,buy
2024-05-06 10:24:40.199474242,106.81,168.0,buy
2024-05-06 10:24:40.845818273,106.96,89.0,sell
2024-05-06 10:24:40.905903779,106.84,160.0,buy
2024-05-06 10:24:41.166650275,106.77,54.0,buy
2024-05-06 10:24:41.498515255,106.92,108.0,buy
2024-05-06 10:24:41.887679442,106.97,104.0,buy
2024-05-06 10:24:42.740545494,106.98,51.0,buy
2024-05-06 10:24:42.834722267,106.87,78.0,buy
2024-05-06 10:24:43.659413485,106.9,59.0,buy
2024-05-06 10:24:44.249669290,107.0,138.0,sell
2024-05-06 10:24:44.655489190,107.05,93.0,buy
2024-05-06 10:24:45.256689328,107.06,113.0,buy
2024-05-06 10:24:45.522218578,106.95,145.0,sell
2024-05-06 10:24:45.596699253,107.04,125.0,buy
2024-05-06 10:24:46.144655083,107.11,142.0,sell
2024-05-06 10:24:46.516530499,107.12,88.0,buy
2024-05-06 10:24:47.026488544,107.12,125.0,buy
2024-05-06 10:24:47.232732484,107.06,90.0,buy
2024-05-06 10:24:48.419593565,106.92,65.0,buy
2024-05-06 10:24:48.862195392,106.94,70.0,buy
2024-05-06 10:24:48.906830984,106.85,104.0,sell
2024-05-06 10:24:49.205571326,106.97,110.0,sell
2024-05-06 10:24:49.911595006,106.81,143.0,sell
2024-05-06 10:24:50.701861274,106.81,143.0,sell
2024-05-06 10:24:51.043060900,106.75,151.0,sell
2024-05-06 10:24:52.168757763,106.59,112.0,sell
2024-05-06 10:24:52.324518720,106.65,67.0,sell
2024-05-06 10:24:52.588842719,106.75,81.0,sell
2024-05-06 10:24:53.733168579,106.82,122.0,sell
2024-05-06 10:24:54.866086509,106.92,99.0,buy
2024-05-06 10:24:55.444810490,106.88,93.0,sell
2024-05-06 10:24:56.424239207,106.88,88.0,sell
2024-05-06 10:24:56.470720971,106.76,83.0,sell
2024-05-06 10:24:57.471942615,106.62,59.0,buy
2024-05-06 10:24:57.665229877,106.82,105.0,buy
2024-05-06 10:24:57.763439010,106.82,90.0,buy
2024-05-06 10:24:57.900243023,106.98,60.0,sell
2024-05-06 10:24:58.170858385,106.94,75.0,sell
2024-05-06 10:24:58.315494723,106.9,85.0,buy
2024-05-06 10:24:58.508743480,106.98,284.0,buy
2024-05-06 10:24:58.581243930,106.96,183.0,sell
2024-05-06 10:24:58.756857951,106.95,122.0,sell
2024-05-06 10:24:59.181505662,106.88,70.0,sell
2024-05-06 10:24:59.473072752,106.77,85.0,sell
2024-05-06 10:24:59.685946529,106.84,136.0,sell
2024-05-06 10:25:00.372047846,106.91,73.0,sell
2024-05-06 10:25:01.491899809,107.0,156.0,buy
2024-05-06 10:25:02.198813217,106.99,69.0,sell
2024-05-06 10:25:02.400547295,106.92,104.0,sell
2024-05-06 10:25:03.082700568,107.01,103.0,buy
2024-05-06 10:25:03.165126205,106.99,199.0,sell
2024-05-06 10:25:03.234940024,106.98,44.0,sell
2024-05-06 10:25:03.446978929,107.15,103.0,sell
2024-05-06 10:25:04.271334402,107.3,91.0,sell
2024-05-06 10:25:04.412746844,107.35,118.0,sell
2024-05-06 10:25:04.445418084,107.34,80.0,sell
2024-05-06 10:25:04.516032575,107.43,70.0,sell
2024-05-06 10:25:05.494626720,107.5,354.0,sell
2024-05-06 10:25:05.996891722,107.61,137.0,buy
2024-05-06 10:25:06.142871434,107.45,116.0,buy
2024-05-06 10:25:06.548044431,107.51,97.0,sell
2024-05-06 10:25:06.922987461,107.61,136.0,buy
2024-05-06 10:25:07.455725144,107.32,163.0,sell
2024-05-06 10:25:07.588481663,107.47,89.0,sell
2024-05-06 10:25:08.587515629,107.64,67.0,sell
2024-05-06 10:25:08.772590116,107.68,82.0,buy
2024-05-06 10:25:09.364890371,107.88,129.0,buy
2024-05-06 10:25:09.373018403,107.8,75.0,buy
2024-05-06 10:25:09.606149426,107.8,134.0,buy
2024-05-06 10:25:09.822857861,108.0,69.0,buy
2024-05-06 10:25:10.214924096,107.99,96.0,sell
2024-05-06 10:25:10.252682719,108.08,78.0,buy
2024-05-06 10:25:11.033319486,108.09,142.0,sell
2024-05-06 10:25:11.156129622,108.08,107.0,sell
2024-05-06 10:25:11.721239640,108.23,164.0,sell
2024-05-06 10:25:12.534054088,108.22,159.0,sell
2024-05-06 10:25:12.946681833,108.05,103.0,sell
2024-05-06 10:25:13.621920022,108.06,137.0,sell
2024-05-06 10:25:14.164068118,107.95,74.0,buy
2024-05-06 10:25:14.383731463,108.02,94.0,sell
2024-05-06 10:25:15.211102209,108.18,102.0,sell
2024-05-06 10:25:15.385669198,108.07,224.0,sell
2024-05-06 10:25:15.809066595,108.11,71.0,buy
2024-05-06 10:25:16.493092952,108.15,126.0,sell
2024-05-06 10:25:16.731269552,108.11,105.0,sell
2024-05-06 10:25:16.911587805,107.97,107.0,buy
2024-05-06 10:25:17.219075695,108.21,72.0,buy
2024-05-06 10:25:18.070849711,108.05,85.0,buy
2024-05-06 10:25:19.399921207,108.06,139.0,buy
2024-05-06 10:25:19.793741808,107.91,80.0,sell
2024-05-06 10:25:20.335307485,107.96,101.0,buy
2024-05-06 10:25:21.503242052,107.97,118.0,sell
2024-05-06 10:25:21.555115656,107.92,119.0,buy
2024-05-06 10:25:21.687149589,108.06,153.0,buy
2024-05-06 10:25:22.304193814,108.15,170.0,sell
2024-05-06 10:25:23.172104022,108.08,73.0,sell
2024-05-06 10:25:24.144660855,108.29,81.0,buy
2024-05-06 10:25:24.412824183,108.32,120.0,buy
2024-05-06 10:25:24.459616963,108.33,212.0,sell
2024-05-06 10:25:24.747549300,108.13,72.0,sell
2024-05-06 10:25:24.878708917,107.83,31.0,buy
2024-05-06 10:25:25.050797356,107.63,131.0,sell
2024-05-06 10:25:25.790589273,107.61,142.0,sell
2024-05-06 10:25:25.829855036,107.57,67.0,buy
2024-05-06 10:25:26.708769526,107.42,158.0,sell
2024-05-06 10:25:26.987788493,107.53,135.0,sell
2024-05-06 10:25:27.441037822,107.58,123.0,sell
2024-05-06 10:25:27.488002116,107.6,139.0,buy
2024-05-06 10:25:27.693763132,107.63,41.0,buy
2024-05-06 10:25:27.740754169,107.52,97.0,buy
2024-05-06 10:25:29.369870840,107.6,223.0,buy
2024-05-06 10:25:30.193081693,107.55,129.0,buy
2024-05-06 10:25:30.500834836,107.63,84.0,buy
2024-05-06 10:25:30.627380191,107.79,72.0,buy
2024-05-06 10:25:31.982319416,108.05,132.0,buy
2024-05-06 10:25:32.193571590,107.94,122.0,buy
2024-05-06 10:25:32.281334599,107.88,45.0,sell
2024-05-06 10:25:32.695433764,107.92,154.0,sell
2024-05-06 10:25:34.134622832,107.7,95.0,sell
2024-05-06 10:25:34.136541654,107.5,67.0,buy
2024-05-06 10:25:34.272527940,107.43,68.0,buy
2024-05-06 10:25:35.666461486,107.41,84.0,sell
2024-05-06 10:25:35.760280900,107.29,84.0,buy
2024-05-06 10:25:35.820373301,107.33,150.0,sell
2024-05-06 10:25:36.242576076,107.38,222.0,buy
2024-05-06 10:25:37.232261335,107.33,90.0,sell
2024-05-06 10:25:37.556453242,107.35,180.0,buy
2024-05-06 10:25:40.163832744,107.3,101.0,sell
2024-05-06 10:25:40.732257338,107.38,86.0,buy
2024-05-06 10:25:40.770738308,107.31,179.0,sell
2024-05-06 10:25:43.239811795,107.24,119.0,sell
2024-05-06 10:25:43.501846798,107.53,88.0,sell
2024-05-06 10:25:43.671266089,107.54,241.0,buy
2024-05-06 10:25:44.079352136,107.66,188.0,buy
2024-05-06 10:25:44.260775965,107.67,60.0,buy
2024-05-06 10:25:44.305988659,107.87,76.0,sell
2024-05-06 10:25:44.306703341,108.09,95.0,sell
2024-05-06 10:25:44.605243215,108.04,67.0,sell
2024-05-06 10:25:45.511826978,107.81,63.0,sell
2024-05-06 10:25:45.936511364,107.79,176.0,buy
2024-05-06 10:25:49.506543557,107.69,79.0,buy
2024-05-06 10:25:49.675572956,107.6,106.0,sell
2024-05-06 10:25:49.840141107,107.79,98.0,buy
2024-05-06 10:25:49.927168692,107.69,147.0,sell
2024-05-06 10:25:50.016770057,107.7,66.0,buy
2024-05-06 10:25:50.184636929,107.71,96.0,buy
2024-05-06 10:25:50.971768957,107.74,49.0,sell
2024-05-06 10:25:52.152707209,107.82,116.0,sell
2024-05-06 10:25:53.998893377,107.93,111.0,sell
2024-05-06 10:25:54.131064762,107.56,103.0,buy
2024-05-06 10:25:55.196632413,107.34,161.0,sell
2024-05-06 10:25:55.395570716,107.38,65.0,buy
2024-05-06 10:25:55.455435988,107.49,86.0,sell
2024-05-06 10:25:56.475642279,107.55,75.0,sell
2024-05-06 10:25:56.981088108,107.57,114.0,sell
2024-05-06 10:25:57.071088771,107.58,170.0,buy
2024-05-06 10:25:57.352000232,107.42,71.0,sell
2024-05-06 10:25:57.521317906,107.47,92.0,buy
2024-05-06 10:25:58.188728128,107.56,144.0,sell
2024-05-06 10:25:58.490761978,107.59,107.0,sell
2024-05-06 10:26:00.758581479,107.62,88.0,sell
2024-05-06 10:26:00.786731743,107.71,99.0,sell
2024-05-06 10:26:01.005996059,107.74,54.0,sell
2024-05-06 10:26:01.334789723,107.64,95.0,sell
2024-05-06 10:26:01.684506728,107.66,105.0,buy
2024-05-06 10:26:01.874358497,107.62,131.0,buy
2024-05-06 10:26:02.527620187,107.76,193.0,buy
2024-05-06 10:26:03.566330274,107.59,97.0,sell
2024-05-06 10:26:04.962475456,107.67,96.0,sell
2024-05-06 10:26:05.780092801,107.7,76.0,sell
2024-05-06 10:26:06.730590534,107.87,94.0,buy
2024-05-06 10:26:07.130450639,107.95,199.0,buy
2024-05-06 10:26:08.004479544,108.16,74.0,buy
2024-05-06 10:26:08.185326093,108.11,43.0,sell
2024-05-06 10:26:08.439472811,108.13,66.0,buy
2024-05-06 10:26:08.630039345,108.0,101.0,buy
2024-05-06 10:26:08.945019759,108.09,51.0,sell
2024-05-06 10:26:09.113161617,108.08,72.0,buy
2024-05-06 10:26:10.743159537,108.27,188.0,sell
2024-05-06 10:26:10.930756963,107.98,171.0,sell
2024-05-06 10:26:10.982352032,107.93,77.0,sell
2024-05-06 10:26:11.356488744,108.0,86.0,sell
2024-05-06 10:26:11.385885778,107.89,215.0,buy
2024-05-06 10:26:11.444457929,108.02,94.0,buy
2024-05-06 10:26:11.568297345,108.03,115.0,sell
2024-05-06 10:26:11.880434736,108.1,76.0,sell
2024-05-06 10:26:12.164354054,108.22,105.0,sell
2024-05-06 10:26:12.968303258,108.23,181.0,sell
2024-05-06 10:26:13.640830820,108.09,92.0,buy
2024-05-06 10:26:13.918671098,108.19,165.0,buy
2024-05-06 10:26:14.121681885,108.09,107.0,buy
2024-05-06 10:26:14.311923361,108.05,88.0,sell
2024-05-06 10:26:15.055522633,107.95,82.0,buy
2024-05-06 10:26:15.082261211,107.88,98.0,sell
2024-05-06 10:26:15.088713489,108.06,131.0,buy
2024-05-06 10:26:15.882415691,107.99,131.0,buy
2024-05-06 10:26:16.206642557,108.01,73.0,sell
2024-05-06 10:26:16.276780248,108.09,75.0,sell
2024-05-06 10:26:16.411090000,108.34,155.0,sell
2024-05-06 10:26:17.758933123,108.61,100.0,buy
2024-05-06 10:26:18.740217608,108.7,103.0,sell
2024-05-06 10:26:19.358784320,108.65,128.0,buy
2024-05-06 10:26:19.687891790,108.77,43.0,sell
2024-05-06 10:26:20.055213601,108.67,173.0,buy
2024-05-06 10:26:21.904568110,108.63,160.0,sell
2024-05-06 10:26:23.591901007,108.56,100.0,sell
2024-05-06 10:26:23.713108184,108.62,55.0,buy
2024-05-06 10:26:24.546389023,108.67,84.0,sell
2024-05-06 10:26:24.656240428,108.68,144.0,buy
2024-05-06 10:26:24.776345533,108.62,284.0,buy
2024-05-06 10:26:25.339995006,108.54,65.0,buy
2024-05-06 10:26:25.599592866,108.67,114.0,buy
2024-05-06 10:26:26.940377877,108.61,143.0,sell
2024-05-06 10:26:26.986989411,108.75,59.0,sell
2024-05-06 10:26:27.345223560,108.73,88.0,buy
2024-05-06 10:26:28.598931796,108.56,88.0,sell
2024-05-06 10:26:29.771227672,108.55,82.0,sell
2024-05-06 10:26:29.856342677,108.7,66.0,buy
2024-05-06 10:26:30.084699011,108.6,73.0,buy
2024-05-06 10:26:30.567336306,108.67,79.0,sell
2024-05-06 10:26:30.654152941,108.57,77.0,buy
2024-05-06 10:26:32.375509188,108.82,117.0,sell
2024-05-06 10:26:33.606588832,108.85,75.0,buy
2024-05-06 10:26:33.697919747,108.76,154.0,sell
2024-05-06 10:26:33.762493376,108.62,116.0,buy
2024-05-06 10:26:33.807132247,108.55,57.0,buy
2024-05-06 10:26:35.008023809,108.57,75.0,buy
2024-05-06 10:26:35.115626264,108.56,193.0,buy
2024-05-06 10:26:35.384797417,108.38,113.0,sell
2024-05-06 10:26:35.682672794,108.31,177.0,sell
2024-05-06 10:26:36.139583490,108.36,73.0,buy
2024-05-06 10:26:36.176802689,108.35,81.0,buy
2024-05-06 10:26:36.305384695,108.31,98.0,sell
2024-05-06 10:26:37.645775298,108.45,100.0,sell
2024-05-06 10:26:38.840992475,108.27,119.0,buy
2024-05-06 10:26:39.600998269,108.28,70.0,sell
2024-05-06 10:26:39.610794229,108.26,197.0,buy
2024-05-06 10:26:39.808804233,108.25,79.0,sell
2024-05-06 10:26:40.303179485,108.23,114.0,buy
2024-05-06 10:26:40.464102495,108.33,59.0,buy
2024-05-06 10:26:41.665784417,108.58,30.0,buy
2024-05-06 10:26:42.168194404,108.68,87.0,buy
2024-05-06 10:26:42.205505919,108.65,45.0,sell
2024-05-06 10:26:43.403984514,108.65,141.0,buy
2024-05-06 10:26:44.986257154,108.6,81.0,buy
2024-05-06 10:26:45.026706251,108.41,66.0,sell
2024-05-06 10:26:45.406734757,108.32,51.0,sell
2024-05-06 10:26:45.587481081,108.31,276.0,sell
2024-05-06 10:26:45.836961786,108.35,151.0,buy
2024-05-06 10:26:45.935974628,108.37,88.0,buy
2024-05-06 10:26:46.367435047,108.4,104.0,buy
2024-05-06 10:26:47.952232143,108.31,139.0,buy
2024-05-06 10:26:48.301887813,108.47,158.0,buy
2024-05-06 10:26:48.345165144,108.37,171.0,sell
2024-05-06 10:26:48.828958912,108.45,165.0,sell
2024-05-06 10:26:49.036885597,108.34,87.0,sell
2024-05-06 10:26:50.005596896,108.37,112.0,buy
2024-05-06 10:26:50.290776927,108.36,161.0,buy
2024-05-06 10:26:50.397893367,108.57,52.0,buy
2024-05-06 10:26:50.503936831,108.54,41.0,sell
2024-05-06 10:26:51.236095445,108.39,73.0,sell
2024-05-06 10:26:51.390437722,108.41,105.0,buy
2024-05-06 10:26:52.119297231,108.23,91.0,buy
2024-05-06 10:26:52.234562182,108.1,185.0,sell
2024-05-06 10:26:52.428634940,108.26,55.0,sell
2024-05-06 10:26:52.741834527,108.2,157.0,sell
2024-05-06 10:26:54.175907471,108.19,52.0,buy
2024-05-06 10:26:55.518060329,108.39,90.0,buy
2024-05-06 10:26:55.633945580,108.43,53.0,sell
2024-05-06 10:26:55.855699690,108.53,56.0,buy
2024-05-06 10:26:55.936605978,108.64,148.0,sell
2024-05-06 10:26:56.293265697,108.82,179.0,buy
2024-05-06 10:26:56.601898457,108.9,99.0,sell
2024-05-06 10:26:57.757006335,108.86,70.0,sell
2024-05-06 10:26:59.086674768,108.87,89.0,sell
2024-05-06 10:26:59.328577905,108.96,54.0,buy
2024-05-06 10:26:59.666956958,108.94,52.0,sell
2024-05-06 10:27:00.799776253,108.92,98.0,sell
2024-05-06 10:27:01.621552395,108.72,101.0,sell
2024-05-06 10:27:01.623383901,108.72,92.0,sell
2024-05-06 10:27:01.816258941,108.59,67.0,sell
2024-05-06 10:27:02.090154392,108.65,101.0,sell
2024-05-06 10:27:02.220652576,108.72,154.0,buy
2024-05-06 10:27:02.331956684,108.89,89.0,buy
2024-05-06 10:27:02.351215108,108.91,110.0,sell
2024-05-06 10:27:02.866742947,108.96,216.0,sell
2024-05-06 10:27:03.018994519,109.05,101.0,sell
2024-05-06 10:27:03.045878052,108.97,80.0,buy
2024-05-06 10:27:03.177196754,108.77,98.0,sell
2024-05-06 10:27:03.986723635,108.8,52.0,buy
2024-05-06 10:27:04.940272371,109.0,61.0,sell
2024-05-06 10:27:05.270192644,109.07,129.0,buy
2024-05-06 10:27:05.539180302,109.13,77.0,sell
2024-05-06 10:27:07.444222575,108.96,233.0,buy
2024-05-06 10:27:07.556147387,108.95,81.0,sell
2024-05-06 10:27:07.677412063,108.97,117.0,sell
2024-05-06 10:27:07.849973863,108.96,76.0,buy
2024-05-06 10:27:07.944802452,108.93,156.0,sell
2024-05-06 10:27:08.183309000,108.94,125.0,buy
2024-05-06 10:27:09.391938012,108.93,155.0,sell
2024-05-06 10:27:09.869645929,108.85,74.0,buy
2024-05-06 10:27:10.135114645,108.84,101.0,buy
2024-05-06 10:27:11.497286719,109.13,72.0,buy
2024-05-06 10:27:11.522125720,109.2,158.0,buy
2024-05-06 10:27:11.640161713,109.1,119.0,sell
2024-05-06 10:27:12.057388767,109.17,74.0,sell
2024-05-06 10:27:12.535362947,109.2,125.0,sell
2024-05-06 10:27:12.555543533,109.29,104.0,buy
2024-05-06 10:27:12.813495077,109.24,122.0,sell
2024-05-06 10:27:13.337198976,109.14,50.0,buy
2024-05-06 10:27:13.935979919,109.27,178.0,buy
2024-05-06 10:27:14.444228726,109.36,85.0,sell
2024-05-06 10:27:14.637474273,109.34,160.0,sell
2024-05-06 10:27:14.686567497,109.26,115.0,sell
2024-05-06 10:27:14.965100409,109.35,59.0,buy
2024-05-06 10:27:15.034016114,109.4,101.0,buy
2024-05-06 10:27:16.508666258,109.39,116.0,sell
2024-05-06 10:27:16.831007522,109.47,65.0,buy
2024-05-06 10:27:17.021827500,109.39,60.0,buy
2024-05-06 10:27:17.748694729,109.31,55.0,buy
2024-05-06 10:27:18.093221109,109.22,129.0,buy
2024-05-06 10:27:18.278777605,109.35,66.0,buy
2024-05-06 10:27:19.114348479,109.43,77.0,sell
2024-05-06 10:27:20.123623878,109.45,207.0,sell
2024-05-06 10:27:20.682533919,109.5,117.0,buy
2024-05-06 10:27:20.706585441,109.42,237.0,sell
2024-05-06 10:27:21.124312934,109.46,130.0,buy
2024-05-06 10:27:21.844783067,109.48,144.0,buy
2024-05-06 10:27:21.918165502,109.42,167.0,sell
2024-05-06 10:27:22.047985480,109.24,142.0,sell
2024-05-06 10:27:23.118623123,109.26,358.0,sell
2024-05-06 10:27:23.128786584,109.24,58.0,buy
2024-05-06 10:27:23.827418007,109.33,70.0,buy
2024-05-06 10:27:24.148429585,109.4,58.0,buy
2024-05-06 10:27:24.444422262,109.3,73.0,buy
2024-05-06 10:27:24.447983178,109.32,96.0,buy
2024-05-06 10:27:25.303713600,109.29,83.0,buy
2024-05-06 10:27:25.526720372,109.13,78.0,sell
2024-05-06 10:27:25.915817669,108.99,76.0,buy
2024-05-06 10:27:26.481334823,108.86,153.0,buy
2024-05-06 10:27:27.087723173,108.77,129.0,sell
2024-05-06 10:27:28.649279442,108.61,69.0,sell
2024-05-06 10:27:29.028218252,108.83,84.0,sell
2024-05-06 10:27:29.283397411,108.98,50.0,buy
2024-05-06 10:27:30.819743235,109.04,104.0,buy
2024-05-06 10:27:31.333508364,109.03,58.0,sell
2024-05-06 10:27:31.510526405,108.93,127.0,sell
2024-05-06 10:27:31.578129514,108.96,128.0,sell
2024-05-06 10:27:32.502467474,109.03,94.0,sell
2024-05-06 10:27:32.727318314,109.08,84.0,buy
2024-05-06 10:27:33.267414388,109.32,72.0,sell
2024-05-06 10:27:33.585624326,109.31,105.0,buy
2024-05-06 10:27:33.696527661,109.27,107.0,sell
2024-05-06 10:27:34.156785745,109.44,98.0,buy
2024-05-06 10:27:34.188086914,109.4,100.0,sell
2024-05-06 10:27:34.454743932,109.19,144.0,sell
2024-05-06 10:27:34.850250678,109.29,66.0,buy
2024-05-06 10:27:35.136642837,109.41,131.0,buy
2024-05-06 10:27:35.827141396,109.37,73.0,buy
2024-05-06 10:27:36.707053689,109.22,98.0,sell
2024-05-06 10:27:37.444601338,109.04,151.0,buy
2024-05-06 10:27:37.464394461,109.2,56.0,buy
2024-05-06 10:27:37.572310118,109.04,104.0,buy
2024-05-06 10:27:37.956900554,108.98,74.0,buy
2024-05-06 10:27:39.322217509,108.96,87.0,sell
2024-05-06 10:27:40.222991444,108.98,151.0,sell
2024-05-06 10:27:41.147265917,109.15,126.0,buy
2024-05-06 10:27:41.327900223,109.07,107.0,sell
2024-05-06 10:27:41.608475616,109.17,83.0,buy
2024-05-06 10:27:41.926581184,109.16,119.0,sell
2024-05-06 10:27:42.012195787,109.11,41.0,buy
2024-05-06 10:27:42.027976276,109.38,136.0,sell
2024-05-06 10:27:43.495792754,109.4,64.0,buy
2024-05-06 10:27:43.633480203,109.51,120.0,sell
2024-05-06 10:27:43.770665011,109.5,87.0,sell
2024-05-06 10:27:43.814195639,109.59,80.0,sell
2024-05-06 10:27:45.133278766,109.63,76.0,buy
2024-05-06 10:27:45.566716189,109.53,118.0,buy
2024-05-06 10:27:46.116577928,109.3,164.0,sell
2024-05-06 10:27:47.329388872,109.2,83.0,sell
2024-05-06 10:27:47.541422529,109.24,89.0,sell
2024-05-06 10:27:48.027201790,109.21,47.0,sell
2024-05-06 10:27:48.046987894,109.13,140.0,buy
2024-05-06 10:27:48.150360102,109.05,109.0,buy
2024-05-06 10:27:49.040016147,108.9,85.0,buy
2024-05-06 10:27:49.767877717,108.97,195.0,sell
2024-05-06 10:27:49.983763798,109.09,172.0,buy
2024-05-06 10:27:50.220216217,109.05,79.0,buy
2024-05-06 10:27:50.601523192,108.99,90.0,sell
2024-05-06 10:27:50.601643709,109.16,77.0,sell
2024-05-06 10:27:50.739681445,109.22,63.0,buy
2024-05-06 10:27:50.856424754,109.01,95.0,sell
2024-05-06 10:27:51.000587858,109.06,90.0,sell
2024-05-06 10:27:51.820293803,109.18,95.0,sell
2024-05-06 10:27:51.984319400,109.0,101.0,buy
2024-05-06 10:27:52.090619886,108.96,124.0,sell
2024-05-06 10:27:52.441475218,109.09,196.0,sell
2024-05-06 10:27:53.445110218,108.93,74.0,sell
2024-05-06 10:27:53.583217393,108.83,137.0,buy
2024-05-06 10:27:53.624113309,108.91,84.0,sell
2024-05-06 10:27:53.844455920,109.01,82.0,sell
2024-05-06 10:27:54.532928669,109.15,125.0,sell
2024-05-06 10:27:54.932950378,109.06,139.0,sell
2024-05-06 10:27:55.781520696,109.21,88.0,sell
2024-05-06 10:27:57.385886269,109.15,58.0,sell
2024-05-06 10:27:58.172589902,109.11,123.0,sell
2024-05-06 10:27:58.635511860,109.16,144.0,sell
2024-05-06 10:27:58.975470983,109.07,119.0,buy
2024-05-06 10:27:58.995917964,108.98,169.0,sell
2024-05-06 10:28:01.073665700,108.94,75.0,sell
2024-05-06 10:28:01.315498868,109.1,116.0,sell
2024-05-06 10:28:01.398070768,109.34,79.0,buy
2024-05-06 10:28:01.947440200,109.4,64.0,sell
2024-05-06 10:28:02.114679115,109.4,192.0,sell
2024-05-06 10:28:02.555356051,109.41,223.0,buy
2024-05-06 10:28:02.997228990,109.49,76.0,sell
2024-05-06 10:28:03.292280501,109.63,52.0,buy
2024-05-06 10:28:04.196586690,109.8,176.0,buy
2024-05-06 10:28:04.350506674,109.71,113.0,sell
2024-05-06 10:28:04.648183618,109.63,44.0,sell
2024-05-06 10:28:05.033945729,109.62,186.0,sell
2024-05-06 10:28:05.578709649,109.73,97.0,sell
2024-05-06 10:28:06.344882928,109.79,66.0,buy
2024-05-06 10:28:06.595987093,109.74,116.0,sell
2024-05-06 10:28:07.115282586,109.81,225.0,buy
2024-05-06 10:28:07.196901564,109.68,76.0,buy
2024-05-06 10:28:08.545813651,109.71,155.0,sell
2024-05-06 10:28:08.787304436,109.69,193.0,sell
2024-05-06 10:28:09.441085625,109.69,63.0,sell
2024-05-06 10:28:09.451361030,109.78,74.0,buy
2024-05-06 10:28:09.566185326,109.72,66.0,buy
2024-05-06 10:28:09.900005502,109.57,160.0,sell
2024-05-06 10:28:10.952908395,109.51,92.0,sell
2024-05-06 10:28:11.327508128,109.53,69.0,buy
2024-05-06 10:28:12.656213874,109.52,105.0,buy
2024-05-06 10:28:12.986841364,109.38,109.0,buy
2024-05-06 10:28:13.323954126,109.37,137.0,buy
2024-05-06 10:28:13.387726962,109.48,73.0,buy
2024-05-06 10:28:14.199131021,109.46,47.0,sell
2024-05-06 10:28:14.340953080,109.44,93.0,sell
2024-05-06 10:28:15.490311818,109.34,72.0,sell
2024-05-06 10:28:16.698884720,109.35,46.0,sell
2024-05-06 10:28:18.133964433,109.38,178.0,buy
2024-05-06 10:28:18.501189171,109.25,90.0,buy
2024-05-06 10:28:19.066385847,109.28,63.0,sell
2024-05-06 10:28:19.820088040,109.18,70.0,buy
2024-05-06 10:28:19.890302528,108.94,70.0,buy
2024-05-06 10:28:20.349645822,108.85,108.0,buy
2024-05-06 10:28:20.367095761,108.82,163.0,buy
2024-05-06 10:28:20.711241339,108.62,39.0,buy
2024-05-06 10:28:20.795357586,108.75,144.0,buy
2024-05-06 10:28:20.896368511,108.6,136.0,sell
2024-05-06 10:28:21.123471107,108.45,147.0,buy
2024-05-06 10:28:21.406673015,108.18,177.0,sell
2024-05-06 10:28:21.894656793,108.07,94.0,buy
2024-05-06 10:28:21.933328696,107.99,152.0,sell
2024-05-06 10:28:22.283607744,108.05,135.0,sell
2024-05-06 10:28:22.384436470,108.18,55.0,buy
2024-05-06 10:28:22.811065300,108.17,131.0,sell
2024-05-06 10:28:23.318299151,108.25,113.0,buy
2024-05-06 10:28:23.725063860,108.27,97.0,buy
2024-05-06 10:28:24.395333517,108.39,128.0,sell
2024-05-06 10:28:24.599775925,108.24,51.0,buy
2024-05-06 10:28:25.324087649,108.21,202.0,sell
2024-05-06 10:28:25.607580284,108.19,55.0,sell
2024-05-06 10:28:25.938583350,108.15,106.0,buy
2024-05-06 10:28:26.460790490,108.12,274.0,sell
2024-05-06 10:28:26.470054985,108.21,166.0,buy
2024-05-06 10:28:27.000704886,108.35,49.0,buy
2024-05-06 10:28:27.482638711,108.31,72.0,sell
2024-05-06 10:28:27.668059779,108.37,68.0,sell
2024-05-06 10:28:27.712909610,108.39,87.0,buy
2024-05-06 10:28:27.760579197,108.4,104.0,sell
2024-05-06 10:28:29.044009143,108.28,97.0,sell
2024-05-06 10:28:29.628439598,108.25,128.0,buy
2024-05-06 10:28:29.696408234,108.16,132.0,buy
2024-05-06 10:28:29.916998292,108.3,117.0,sell
2024-05-06 10:28:30.365834600,108.16,98.0,buy
2024-05-06 10:28:31.268474950,108.23,57.0,buy
2024-05-06 10:28:31.290796326,108.11,132.0,sell
2024-05-06 10:28:31.425804596,108.07,136.0,buy
2024-05-06 10:28:32.528302399,107.85,104.0,sell
2024-05-06 10:28:32.532906305,107.95,97.0,sell
2024-05-06 10:28:32.645353286,108.03,60.0,sell
2024-05-06 10:28:34.242739808,108.02,215.0,sell
2024-05-06 10:28:34.717924552,107.88,91.0,buy
2024-05-06 10:28:34.869607677,107.76,71.0,sell
2024-05-06 10:28:34.904277944,107.73,98.0,buy
2024-05-06 10:28:34.918576117,107.78,103.0,sell
2024-05-06 10:28:35.058926089,107.72,124.0,buy
2024-05-06 10:28:36.125287419,107.65,124.0,sell
2024-05-06 10:28:36.394140646,107.55,84.0,buy
2024-05-06 10:28:37.031219141,107.51,113.0,sell
2024-05-06 10:28:38.283478205,107.58,105.0,buy
2024-05-06 10:28:38.545636702,107.54,167.0,buy
2024-05-06 10:28:38.651786340,107.66,40.0,buy
2024-05-06 10:28:39.015777750,107.47,99.0,buy
2024-05-06 10:28:40.209216129,107.43,107.0,buy
2024-05-06 10:28:41.024992490,107.54,93.0,buy
2024-05-06 10:28:41.059040828,107.53,64.0,sell
2024-05-06 10:28:41.648799312,107.48,95.0,buy
2024-05-06 10:28:42.072995652,107.49,100.0,sell
2024-05-06 10:28:43.263069962,107.61,106.0,sell
2024-05-06 10:28:43.328398535,107.73,93.0,sell
2024-05-06 10:28:43.710222107,107.79,157.0,sell
2024-05-06 10:28:44.768120095,107.85,58.0,buy
2024-05-06 10:28:45.031956625,107.92,141.0,sell
2024-05-06 10:28:45.360841738,107.81,126.0,sell
2024-05-06 10:28:45.397374822,107.93,225.0,sell
2024-05-06 10:28:45.560339376,108.03,78.0,buy
2024-05-06 10:28:45.756495358,108.12,83.0,buy
2024-05-06 10:28:47.207820816,108.04,105.0,sell
2024-05-06 10:28:47.373928623,108.17,159.0,sell
2024-05-06 10:28:47.682826725,108.27,89.0,buy
2024-05-06 10:28:48.239138353,108.1,198.0,buy
2024-05-06 10:28:48.327616365,108.17,49.0,sell
2024-05-06 10:28:48.660812895,108.27,263.0,buy
2024-05-06 10:28:49.331548044,108.44,87.0,buy
2024-05-06 10:28:50.339707103,108.5,63.0,sell
2024-05-06 10:28:50.831803588,108.42,152.0,sell
2024-05-06 10:28:51.384702885,108.37,88.0,sell
2024-05-06 10:28:51.452202533,108.48,186.0,buy
2024-05-06 10:28:52.909522950,108.58,96.0,sell
2024-05-06 10:28:52.980635531,108.6,119.0,buy
2024-05-06 10:28:53.725736691,108.47,64.0,buy
2024-05-06 10:28:53.879554145,108.7,62.0,buy
2024-05-06 10:28:55.235531631,108.64,52.0,buy
2024-05-06 10:28:55.871942223,108.69,157.0,sell
2024-05-06 10:28:56.572775605,108.76,93.0,buy
2024-05-06 10:28:56.696403554,108.41,91.0,buy
2024-05-06 10:28:56.989034461,108.21,110.0,sell
2024-05-06 10:28:57.469957346,108.22,99.0,sell
2024-05-06 10:28:58.204737982,108.33,68.0,buy
2024-05-06 10:28:58.259622746,108.33,99.0,sell
2024-05-06 10:28:59.899537356,108.25,67.0,buy
2024-05-06 10:29:01.004178867,108.48,92.0,buy
2024-05-06 10:29:01.161773058,108.51,132.0,buy
2024-05-06 10:29:02.026899010,108.48,78.0,sell
2024-05-06 10:29:02.392140725,108.66,105.0,sell
2024-05-06 10:29:02.701909267,108.66,97.0,buy
2024-05-06 10:29:02.890664596,108.73,55.0,buy
2024-05-06 10:29:03.325569291,108.57,137.0,sell
2024-05-06 10:29:03.980030656,108.75,79.0,sell
2024-05-06 10:29:04.244638250,108.91,101.0,sell
2024-05-06 10:29:04.740710354,109.01,88.0,sell
2024-05-06 10:29:05.341552934,109.01,56.0,buy
2024-05-06 10:29:05.962428030,108.96,74.0,buy
2024-05-06 10:29:05.989110538,108.86,138.0,sell
2024-05-06 10:29:06.971267082,108.94,84.0,buy
2024-05-06 10:29:07.277745461,108.79,127.0,buy
2024-05-06 10:29:07.429933166,108.86,123.0,buy
2024-05-06 10:29:07.568313798,109.0,77.0,buy
2024-05-06 10:29:07.898183650,108.99,105.0,buy
2024-05-06 10:29:08.987622534,109.03,178.0,buy
2024-05-06 10:29:09.225309612,108.86,121.0,buy
2024-05-06 10:29:09.917908587,109.01,79.0,sell
2024-05-06 10:29:09.968824589,108.99,69.0,buy
2024-05-06 10:29:10.292010494,109.03,224.0,sell
2024-05-06 10:29:12.686926157,109.21,179.0,sell
2024-05-06 10:29:13.422716794,109.15,179.0,sell
2024-05-06 10:29:13.540912559,109.35,90.0,sell
2024-05-06 10:29:13.888929705,109.37,110.0,buy
2024-05-06 10:29:14.021971387,109.36,247.0,sell
2024-05-06 10:29:14.285415801,109.43,96.0,sell
2024-05-06 10:29:15.042670667,109.41,103.0,sell
2024-05-06 10:29:15.780178409,109.34,58.0,sell
2024-05-06 10:29:15.909628789,109.17,91.0,buy
2024-05-06 10:29:17.186585595,109.22,110.0,buy
2024-05-06 10:29:17.635526435,109.29,203.0,sell
2024-05-06 10:29:17.874483283,109.33,86.0,buy
2024-05-06 10:29:18.222996211,109.35,108.0,buy
2024-05-06 10:29:18.687521170,109.36,237.0,buy
2024-05-06 10:29:19.097887066,109.65,69.0,sell
2024-05-06 10:29:19.431047232,109.66,101.0,buy
2024-05-06 10:29:19.782578120,109.56,192.0,sell
2024-05-06 10:29:19.879620502,109.53,118.0,sell
2024-05-06 10:29:20.717230183,109.46,104.0,sell
2024-05-06 10:29:21.107411640,109.64,86.0,buy
2024-05-06 10:29:21.177663669,109.54,47.0,buy
2024-05-06 10:29:21.904216551,109.3,80.0,sell
2024-05-06 10:29:23.251615588,109.2,42.0,buy
2024-05-06 10:29:24.723250962,109.15,182.0,sell
2024-05-06 10:29:24.953489722,109.15,167.0,buy
2024-05-06 10:29:25.026301468,108.95,143.0,buy
2024-05-06 10:29:25.391621773,108.92,97.0,buy
2024-05-06 10:29:25.451356693,109.05,57.0,buy
2024-05-06 10:29:26.810311656,108.9,84.0,sell
2024-05-06 10:29:26.911724603,108.79,87.0,sell
2024-05-06 10:29:27.057412954,108.64,107.0,buy
2024-05-06 10:29:27.318387019,108.59,146.0,sell
2024-05-06 10:29:27.559963445,108.53,90.0,buy
2024-05-06 10:29:28.351514556,108.38,99.0,buy
2024-05-06 10:29:28.656208853,108.11,138.0,sell
2024-05-06 10:29:28.749836663,108.0,107.0,sell
2024-05-06 10:29:28.905284648,107.92,118.0,buy
2024-05-06 10:29:29.261055700,107.87,136.0,sell
2024-05-06 10:29:29.340819708,108.1,56.0,sell
2024-05-06 10:29:29.813751158,108.3,54.0,sell
2024-05-06 10:29:30.230815493,108.3,97.0,sell
2024-05-06 10:29:30.857926563,108.32,120.0,sell
2024-05-06 10:29:32.245860533,108.12,193.0,sell
2024-05-06 10:29:33.462518231,108.3,58.0,sell
2024-05-06 10:29:34.922604505,108.26,109.0,sell
2024-05-06 10:29:35.062934959,108.34,120.0,sell
2024-05-06 10:29:35.133466405,108.24,77.0,sell
2024-05-06 10:29:35.313432741,108.08,76.0,buy
2024-05-06 10:29:36.440735955,108.39,59.0,sell
2024-05-06 10:29:38.229467156,108.42,41.0,sell
2024-05-06 10:29:39.210118489,108.23,112.0,sell
2024-05-06 10:29:39.268395353,108.19,56.0,sell
2024-05-06 10:29:40.741181145,107.96,120.0,sell
2024-05-06 10:29:41.016447996,107.96,75.0,buy
2024-05-06 10:29:41.021124948,107.8,86.0,sell
2024-05-06 10:29:41.313176045,107.77,135.0,sell
2024-05-06 10:29:41.336758102,107.78,108.0,sell
2024-05-06 10:29:41.729255497,107.7,88.0,sell
2024-05-06 10:29:41.935918983,107.61,72.0,buy
2024-05-06 10:29:42.256609169,107.53,90.0,buy
2024-05-06 10:29:42.731494615,107.66,102.0,sell
2024-05-06 10:29:43.747014992,107.55,160.0,buy
2024-05-06 10:29:44.289224108,107.88,278.0,buy
2024-05-06 10:29:44.573847881,107.84,152.0,sell
2024-05-06 10:29:45.429660320,107.91,110.0,sell
2024-05-06 10:29:46.609672821,107.92,63.0,sell
2024-05-06 10:29:46.673453143,107.76,72.0,sell
2024-05-06 10:29:47.053025035,107.51,118.0,buy
2024-05-06 10:29:47.220420232,107.69,118.0,sell
2024-05-06 10:29:47.244522529,107.71,127.0,sell
2024-05-06 10:29:47.796656699,107.85,88.0,buy
2024-05-06 10:29:48.789707996,107.79,76.0,sell
2024-05-06 10:29:48.878615452,107.62,135.0,sell
2024-05-06 10:29:49.715373475,107.65,143.0,buy
2024-05-06 10:29:50.675382669,107.6,67.0,sell
2024-05-06 10:29:51.904069906,107.41,85.0,buy
2024-05-06 10:29:52.058206272,107.42,134.0,buy
2024-05-06 10:29:53.229665423,107.3,258.0,buy
2024-05-06 10:29:53.422984221,107.42,76.0,sell
2024-05-06 10:29:53.824842634,107.31,106.0,sell
2024-05-06 10:29:53.850756442,107.25,85.0,sell
2024-05-06 10:29:53.873192937,107.26,38.0,sell
2024-05-06 10:29:54.510342670,107.28,180.0,sell
2024-05-06 10:29:54.804267984,107.43,101.0,buy
2024-05-06 10:29:54.952321634,107.46,44.0,buy
2024-05-06 10:29:55.057937459,107.47,84.0,sell
2024-05-06 10:29:55.612198308,107.62,71.0,buy
2024-05-06 10:29:55.612399120,107.45,98.0,sell
2024-05-06 10:29:56.432067267,107.46,36.0,sell
2024-05-06 10:29:56.473350415,107.51,118.0,sell
2024-05-06 10:29:56.579631292,107.48,115.0,buy
2024-05-06 10:29:56.823704009,107.5,143.0,buy
2024-05-06 10:29:57.155361071,107.65,71.0,buy
2024-05-06 10:29:57.374609766,107.69,157.0,sell
2024-05-06 10:29:57.567964932,107.49,64.0,buy
2024-05-06 10:29:59.228917962,107.51,151.0,sell
2024-05-06 10:29:59.741942415,107.57,125.0,sell
2024-05-06 10:29:59.753798351,107.49,197.0,sell
2024-05-06 10:30:00.035012140,107.61,247.0,sell
2024-05-06 10:30:01.074767711,107.6,85.0,sell
2024-05-06 10:30:01.254146399,107.65,297.0,sell
2024-05-06 10:30:01.303811514,107.8,77.0,sell
2024-05-06 10:30:02.014015905,107.76,66.0,buy
2024-05-06 10:30:02.479735644,107.89,45.0,buy
2024-05-06 10:30:02.902084192,107.79,84.0,sell
2024-05-06 10:30:02.929616792,107.79,147.0,sell
2024-05-06 10:30:03.005318443,107.76,58.0,buy
2024-05-06 10:30:03.492476228,107.67,63.0,buy
2024-05-06 10:30:03.608961972,107.67,70.0,sell
2024-05-06 10:30:03.959622298,107.51,36.0,buy
2024-05-06 10:30:04.353221230,107.66,99.0,sell
2024-05-06 10:30:04.519914762,107.45,154.0,sell
2024-05-06 10:30:06.002275381,107.35,80.0,sell
2024-05-06 10:30:06.926326358,107.3,124.0,sell
2024-05-06 10:30:07.567065669,107.07,206.0,sell
2024-05-06 10:30:07.607667370,107.08,83.0,buy
2024-05-06 10:30:07.663764845,106.98,78.0,buy
2024-05-06 10:30:08.003171394,107.14,120.0,sell
2024-05-06 10:30:08.090772881,107.17,74.0,buy
2024-05-06 10:30:10.005199251,107.18,46.0,sell
2024-05-06 10:30:10.091495907,107.24,116.0,sell
2024-05-06 10:30:10.425691812,107.39,129.0,sell
2024-05-06 10:30:10.652065349,107.29,55.0,sell
2024-05-06 10:30:11.162039506,107.29,162.0,sell
2024-05-06 10:30:11.231117058,107.29,147.0,sell
2024-05-06 10:30:11.512454162,107.37,94.0,sell
2024-05-06 10:30:11.673042590,107.44,150.0,sell
2024-05-06 10:30:12.766562758,107.39,70.0,sell
2024-05-06 10:30:12.787278907,107.22,99.0,sell
2024-05-06 10:30:14.012401066,107.44,74.0,buy
2024-05-06 10:30:14.907264250,107.29,142.0,sell
2024-05-06 10:30:15.083869523,107.38,95.0,buy
2024-05-06 10:30:15.862507326,107.39,89.0,sell
2024-05-06 10:30:15.878362868,107.32,38.0,sell
2024-05-06 10:30:17.581953749,107.43,122.0,sell
2024-05-06 10:30:17.955855698,107.38,51.0,buy
2024-05-06 10:30:18.136542270,107.43,145.0,sell
2024-05-06 10:30:18.361708040,107.55,103.0,sell
2024-05-06 10:30:18.396064506,107.8,113.0,sell
2024-05-06 10:30:20.667139385,107.74,171.0,sell
2024-05-06 10:30:20.687181740,107.72,115.0,buy
2024-05-06 10:30:21.219152584,107.58,74.0,sell
2024-05-06 10:30:21.511510610,107.59,223.0,buy
2024-05-06 10:30:22.998654718,107.64,79.0,buy
2024-05-06 10:30:23.139836001,107.73,72.0,buy
2024-05-06 10:30:23.519572261,107.82,67.0,sell
2024-05-06 10:30:23.848806230,107.86,131.0,sell
2024-05-06 10:30:24.455593009,107.74,235.0,sell
2024-05-06 10:30:24.490809730,107.83,45.0,buy
2024-05-06 10:30:24.598514703,107.7,154.0,sell
2024-05-06 10:30:24.719273375,107.6,104.0,buy
2024-05-06 10:30:25.389266546,107.82,126.0,sell
2024-05-06 10:30:25.494095675,107.76,99.0,buy
2024-05-06 10:30:25.920157476,107.77,159.0,sell
2024-05-06 10:30:26.041348580,107.73,164.0,buy
2024-05-06 10:30:27.030242344,107.56,61.0,sell
2024-05-06 10:30:28.455499785,107.69,86.0,sell
2024-05-06 10:30:28.820917014,107.5,103.0,sell
2024-05-06 10:30:29.038087699,107.5,108.0,buy
2024-05-06 10:30:29.171411967,107.47,109.0,sell
2024-05-06 10:30:29.196943365,107.57,104.0,buy
2024-05-06 10:30:29.353272446,107.68,136.0,buy
2024-05-06 10:30:29.884271537,107.99,62.0,buy
2024-05-06 10:30:30.265645509,107.96,77.0,buy
2024-05-06 10:30:31.707215996,107.8,107.0,buy
2024-05-06 10:30:31.959536112,107.81,125.0,sell
2024-05-06 10:30:32.551397953,107.61,79.0,buy
2024-05-06 10:30:32.887406697,107.77,67.0,sell
2024-05-06 10:30:33.246717368,107.84,106.0,sell
2024-05-06 10:30:33.402550617,107.76,137.0,buy
2024-05-06 10:30:33.705990203,107.56,208.0,buy
2024-05-06 10:30:34.024170451,107.69,93.0,buy
2024-05-06 10:30:34.637352127,107.7,110.0,buy
2024-05-06 10:30:36.049419460,107.58,132.0,buy
2024-05-06 10:30:36.249151990,107.44,55.0,buy
2024-05-06 10:30:36.270710380,107.42,118.0,buy
2024-05-06 10:30:36.613592755,107.2,104.0,buy
2024-05-06 10:30:37.006730092,107.33,47.0,buy
2024-05-06 10:30:37.098956336,107.39,89.0,sell
2024-05-06 10:30:37.813483381,107.41,76.0,sell
2024-05-06 10:30:39.910978435,107.61,169.0,sell
2024-05-06 10:30:41.368282437,107.45,39.0,sell
2024-05-06 10:30:41.478048750,107.55,70.0,buy
2024-05-06 10:30:42.519224596,107.66,98.0,sell
2024-05-06 10:30:43.128757049,107.67,155.0,buy
2024-05-06 10:30:43.431184711,107.62,70.0,buy
2024-05-06 10:30:43.820113672,107.61,105.0,sell
2024-05-06 10:30:44.767342687,107.57,92.0,sell
2024-05-06 10:30:45.094435688,107.67,51.0,sell
2024-05-06 10:30:45.328005450,107.53,114.0,sell
2024-05-06 10:30:45.667871723,107.65,90.0,sell
2024-05-06 10:30:46.100587131,107.68,68.0,sell
2024-05-06 10:30:46.205378622,107.77,76.0,sell
2024-05-06 10:30:47.361230544,107.8,31.0,buy
2024-05-06 10:30:47.921946307,107.98,62.0,buy
2024-05-06 10:30:48.423509529,107.91,134.0,sell
2024-05-06 10:30:48.475909991,107.97,49.0,sell
2024-05-06 10:30:48.939300192,107.97,147.0,sell
2024-05-06 10:30:49.003763006,108.12,120.0,buy
2024-05-06 10:30:49.044746526,108.11,135.0,buy
2024-05-06 10:30:49.419405222,108.4,167.0,buy
2024-05-06 10:30:49.677144717,108.52,68.0,sell
2024-05-06 10:30:50.121494988,108.6,105.0,sell
2024-05-06 10:30:50.168223130,108.69,77.0,sell
2024-05-06 10:30:50.450145669,108.7,53.0,buy
2024-05-06 10:30:50.546202368,108.69,94.0,sell
2024-05-06 10:30:52.721469683,108.81,106.0,sell
2024-05-06 10:30:53.133268730,108.73,82.0,buy
2024-05-06 10:30:53.714743122,108.73,77.0,buy
2024-05-06 10:30:53.911574350,108.81,172.0,sell
2024-05-06 10:30:53.961340292,108.67,96.0,sell
2024-05-06 10:30:55.823507870,108.45,68.0,buy
2024-05-06 10:30:55.992125459,108.34,140.0,sell
2024-05-06 10:30:56.267782790,108.36,80.0,sell
2024-05-06 10:30:56.792499492,108.23,136.0,buy
2024-05-06 10:30:56.805003188,108.28,44.0,buy
2024-05-06 10:30:57.636051180,108.16,87.0,buy
2024-05-06 10:30:58.020609981,108.04,132.0,sell
2024-05-06 10:30:58.183625480,108.18,101.0,sell
2024-05-06 10:30:58.215419226,108.31,198.0,buy
2024-05-06 10:30:58.304085288,108.3,82.0,sell
2024-05-06 10:30:59.431144011,108.27,188.0,buy
2024-05-06 10:31:00.010363732,108.24,60.0,sell
2024-05-06 10:31:00.154139253,108.3,119.0,buy
2024-05-06 10:31:00.188064996,108.22,69.0,buy
2024-05-06 10:31:00.774649912,108.12,186.0,sell
2024-05-06 10:31:01.199442497,108.16,115.0,buy
2024-05-06 10:31:01.458635835,108.35,68.0,buy
2024-05-06 10:31:01.684608822,108.46,84.0,buy
2024-05-06 10:31:01.806801530,108.24,130.0,sell
2024-05-06 10:31:02.360544183,108.28,83.0,sell
2024-05-06 10:31:04.125082761,108.13,115.0,sell
2024-05-06 10:31:04.221702378,108.11,128.0,sell
2024-05-06 10:31:04.676256447,108.24,110.0,buy
2024-05-06 10:31:04.952240921,108.45,59.0,buy
2024-05-06 10:31:05.248158194,108.54,144.0,buy
2024-05-06 10:31:05.394771756,108.53,150.0,sell
2024-05-06 10:31:06.266641915,108.55,84.0,buy
2024-05-06 10:31:06.598684327,108.43,110.0,sell
2024-05-06 10:31:06.990664508,108.47,106.0,buy
2024-05-06 10:31:07.172414249,108.45,110.0,sell
2024-05-06 10:31:07.272743659,108.66,139.0,sell
2024-05-06 10:31:07.317656993,108.6,94.0,sell
2024-05-06 10:31:07.943747059,108.76,155.0,sell
2024-05-06 10:31:08.052970783,108.89,100.0,buy
2024-05-06 10:31:08.638683827,108.93,74.0,buy
2024-05-06 10:31:08.886140646,108.93,143.0,buy
2024-05-06 10:31:09.154875024,108.95,70.0,buy
2024-05-06 10:31:09.471538814,109.0,170.0,buy
2024-05-06 10:31:09.700741199,109.0,138.0,sell
2024-05-06 10:31:09.753766007,108.97,112.0,buy
2024-05-06 10:31:09.939031115,109.05,82.0,sell
2024-05-06 10:31:10.483958034,109.23,72.0,buy
2024-05-06 10:31:11.031942528,109.11,135.0,sell
2024-05-06 10:31:11.200535790,109.17,130.0,buy
2024-05-06 10:31:11.508723893,109.1,129.0,buy
2024-05-06 10:31:11.616216868,109.01,67.0,sell
2024-05-06 10:31:11.734313585,108.89,66.0,buy
2024-05-06 10:31:11.745971998,108.72,82.0,sell
2024-05-06 10:31:12.881256314,108.64,149.0,sell
2024-05-06 10:31:12.999564937,108.52,67.0,sell
2024-05-06 10:31:13.128648500,108.36,146.0,buy
2024-05-06 10:31:13.292623827,108.21,92.0,buy
2024-05-06 10:31:13.360767461,108.21,137.0,sell
2024-05-06 10:31:13.870570358,108.13,168.0,sell
2024-05-06 10:31:13.909628407,108.06,109.0,sell
2024-05-06 10:31:13.981680480,108.08,197.0,sell
2024-05-06 10:31:14.499156704,108.16,120.0,sell
2024-05-06 10:31:14.706657386,108.28,149.0,sell
2024-05-06 10:31:15.322068794,108.25,149.0,buy
2024-05-06 10:31:15.729641175,108.21,113.0,sell
2024-05-06 10:31:15.877512526,108.03,138.0,buy
2024-05-06 10:31:16.403607776,107.96,105.0,sell
2024-05-06 10:31:16.465411705,107.88,115.0,sell
2024-05-06 10:31:16.849789487,107.82,83.0,buy
2024-05-06 10:31:17.137158862,107.96,369.0,buy
2024-05-06 10:31:17.293059901,108.05,73.0,buy
2024-05-06 10:31:17.756236745,107.95,96.0,sell
2024-05-06 10:31:18.781502851,107.9,89.0,buy
2024-05-06 10:31:22.189866233,107.85,111.0,sell
2024-05-06 10:31:22.657810453,107.98,112.0,buy
2024-05-06 10:31:22.917160287,107.84,139.0,buy
2024-05-06 10:31:23.044740042,107.93,90.0,sell
2024-05-06 10:31:23.193334327,108.0,120.0,sell
2024-05-06 10:31:23.519773775,107.95,137.0,buy
2024-05-06 10:31:23.748635605,107.93,155.0,buy
2024-05-06 10:31:24.974262401,108.16,83.0,sell
2024-05-06 10:31:25.203929154,108.1,98.0,buy
2024-05-06 10:31:25.437688187,108.1,162.0,buy
2024-05-06 10:31:25.679564657,108.2,91.0,sell
2024-05-06 10:31:26.585403552,108.3,101.0,buy
2024-05-06 10:31:27.111442057,108.23,91.0,buy
2024-05-06 10:31:27.587619778,108.38,286.0,sell
2024-05-06 10:31:27.790959968,108.49,97.0,buy
2024-05-06 10:31:28.642571083,108.44,145.0,sell
2024-05-06 10:31:28.662130650,108.28,124.0,sell
2024-05-06 10:31:29.685316551,108.27,234.0,sell
2024-05-06 10:31:30.044805418,108.14,147.0,sell
2024-05-06 10:31:30.298762215,108.16,76.0,buy
2024-05-06 10:31:30.642511080,108.18,56.0,buy
2024-05-06 10:31:31.192941783,108.19,135.0,buy
2024-05-06 10:31:31.199365586,108.15,76.0,buy
2024-05-06 10:31:32.225480590,108.19,88.0,buy
2024-05-06 10:31:32.521443774,108.3,150.0,sell
2024-05-06 10:31:32.731453925,108.4,61.0,sell
2024-05-06 10:31:32.805846389,108.18,110.0,sell
2024-05-06 10:31:33.095278520,108.18,47.0,buy
2024-05-06 10:31:33.438188337,108.26,76.0,buy
2024-05-06 10:31:33.696649334,108.38,107.0,sell
2024-05-06 10:31:34.264277243,108.47,89.0,sell
2024-05-06 10:31:34.537414298,108.6,173.0,sell
2024-05-06 10:31:36.164893544,108.48,107.0,sell
2024-05-06 10:31:36.622136622,108.61,98.0,buy
2024-05-06 10:31:37.445908878,108.44,156.0,buy
2024-05-06 10:31:37.503814063,108.57,122.0,buy
2024-05-06 10:31:37.756974700,108.69,190.0,buy
2024-05-06 10:31:37.962350002,108.66,47.0,sell
2024-05-06 10:31:38.383733525,108.71,69.0,sell
2024-05-06 10:31:39.370782710,108.6,52.0,sell
2024-05-06 10:31:39.411571187,108.65,108.0,sell
2024-05-06 10:31:39.449242753,108.52,119.0,sell
2024-05-06 10:31:40.398862896,108.51,55.0,buy
2024-05-06 10:31:40.518531176,108.32,88.0,sell
2024-05-06 10:31:41.070977040,108.44,90.0,buy
2024-05-06 10:31:41.462379667,108.31,391.0,sell
2024-05-06 10:31:42.356941924,108.24,736.0,sell
2024-05-06 10:31:42.423758428,107.95,520.0,sell
2024-05-06 10:31:42.493264745,107.91,240.0,sell
2024-05-06 10:31:42.900152531,107.86,245.0,sell
2024-05-06 10:31:44.363056547,107.71,457.0,sell
2024-05-06 10:31:44.631126347,107.58,178.0,sell
2024-05-06 10:31:44.829088307,107.53,175.0,sell
2024-05-06 10:31:45.295666033,107.41,786.0,sell
2024-05-06 10:31:46.628510653,107.41,402.0,sell
2024-05-06 10:31:47.535291870,107.37,255.0,sell
2024-05-06 10:31:50.235313089,106.97,311.0,sell
2024-05-06 10:31:50.246726665,106.96,1093.0,sell
2024-05-06 10:31:50.306601856,106.99,108.0,buy
2024-05-06 10:31:50.776724237,106.91,402.0,sell
2024-05-06 10:31:51.635727240,106.85,942.0,sell
2024-05-06 10:31:51.803634506,106.48,501.0,sell
2024-05-06 10:31:51.940334177,106.29,361.0,sell
2024-05-06 10:31:52.713508928,106.08,437.0,sell
2024-05-06 10:31:52.742525779,105.76,138.0,sell
2024-05-06 10:31:52.973053786,105.61,178.0,sell
2024-05-06 10:31:53.325470610,105.47,703.0,sell
2024-05-06 10:31:53.736357264,105.37,839.0,sell
2024-05-06 10:31:54.388465954,105.3,267.0,sell
2024-05-06 10:31:54.607598855,105.23,154.0,sell
2024-05-06 10:31:55.081856491,105.22,221.0,buy
2024-05-06 10:31:55.522047391,105.08,418.0,sell
2024-05-06 10:31:55.918659454,105.0,348.0,sell
2024-05-06 10:31:56.430156769,104.95,98.0,sell
2024-05-06 10:31:56.580337272,104.93,215.0,sell
2024-05-06 10:31:56.624560978,104.77,381.0,sell
2024-05-06 10:31:56.688064012,104.64,284.0,sell
2024-05-06 10:31:56.815240779,104.55,144.0,sell
2024-05-06 10:31:57.162012344,104.53,401.0,sell
2024-05-06 10:31:58.079688589,104.37,105.0,sell
2024-05-06 10:31:58.683835221,104.34,316.0,buy
2024-05-06 10:31:59.461880022,104.32,507.0,sell
2024-05-06 10:31:59.678022524,104.29,242.0,sell
2024-05-06 10:31:59.937328572,104.24,458.0,sell
2024-05-06 10:32:00.187503817,104.07,328.0,sell
2024-05-06 10:32:00.294021958,104.06,242.0,sell
2024-05-06 10:32:00.325607238,103.89,303.0,sell
2024-05-06 10:32:00.772524734,103.72,255.0,sell
2024-05-06 10:32:03.037402284,103.57,906.0,sell
2024-05-06 10:32:03.128660895,103.4,192.0,sell
2024-05-06 10:32:03.152565748,103.17,228.0,sell
2024-05-06 10:32:03.908566386,102.99,282.0,sell
2024-05-06 10:32:04.054134405,102.73,141.0,sell
2024-05-06 10:32:04.939066291,102.47,79.0,sell
2024-05-06 10:32:05.547657233,102.35,246.0,sell
2024-05-06 10:32:07.004029144,102.18,297.0,sell
2024-05-06 10:32:07.266937219,102.02,114.0,sell
2024-05-06 10:32:07.809247297,101.89,529.0,sell
2024-05-06 10:32:08.121855863,101.83,271.0,sell
2024-05-06 10:32:08.619778170,101.55,468.0,sell
2024-05-06 10:32:08.918332172,101.54,521.0,sell
2024-05-06 10:32:09.022849108,101.46,117.0,sell
2024-05-06 10:32:09.377383148,101.27,246.0,sell
2024-05-06 10:32:09.753390535,101.25,576.0,sell
2024-05-06 10:32:10.585347743,101.06,175.0,sell
2024-05-06 10:32:11.250343900,100.99,121.0,sell
2024-05-06 10:32:11.795355972,100.96,113.0,sell
2024-05-06 10:32:11.855529373,100.85,333.0,sell
2024-05-06 10:32:12.493113943,100.82,771.0,sell
2024-05-06 10:32:12.839992783,100.8,565.0,sell
2024-05-06 10:32:13.962620606,100.82,337.0,buy
2024-05-06 10:32:15.224678916,100.68,529.0,sell
2024-05-06 10:32:15.253046951,100.66,418.0,sell
2024-05-06 10:32:16.112231461,100.64,597.0,buy
2024-05-06 10:32:16.131444618,100.5,330.0,sell
2024-05-06 10:32:16.360221050,100.34,436.0,sell
2024-05-06 10:32:16.750991689,100.35,313.0,buy
2024-05-06 10:32:16.831135223,100.28,163.0,buy
2024-05-06 10:32:17.516963851,100.0,199.0,sell
2024-05-06 10:32:17.521158751,99.98,267.0,sell
2024-05-06 10:32:17.613480306,99.74,338.0,sell
2024-05-06 10:32:18.048180098,99.66,187.0,sell
2024-05-06 10:32:18.674739847,99.59,62.0,sell
2024-05-06 10:32:19.917051808,99.47,342.0,sell
2024-05-06 10:32:20.528284262,99.29,861.0,sell
2024-05-06 10:32:21.085318732,99.17,272.0,sell
2024-05-06 10:32:21.336037932,98.9,794.0,sell
2024-05-06 10:32:21.336680557,98.87,555.0,buy
2024-05-06 10:32:21.400687739,98.83,274.0,sell
2024-05-06 10:32:21.783067921,98.62,268.0,sell
2024-05-06 10:32:22.345232834,98.5,513.0,sell
2024-05-06 10:32:22.615401491,98.4,58.0,sell
2024-05-06 10:32:23.271327164,98.39,373.0,sell
2024-05-06 10:32:23.640255415,98.23,480.0,sell
2024-05-06 10:32:23.678791084,98.2,239.0,sell
2024-05-06 10:32:23.785397751,98.18,437.0,sell
2024-05-06 10:32:24.701682930,98.17,344.0,sell
2024-05-06 10:32:25.347016404,98.13,1249.0,sell
2024-05-06 10:32:26.472781756,98.08,318.0,sell
2024-05-06 10:32:26.535312437,98.07,279.0,sell
2024-05-06 10:32:28.849149933,97.71,687.0,sell
2024-05-06 10:32:28.966635743,97.58,284.0,sell
2024-05-06 10:32:28.972560648,97.26,475.0,sell
2024-05-06 10:32:31.953113497,97.0,736.0,sell
2024-05-06 10:32:32.118111841,96.87,305.0,sell
2024-05-06 10:32:32.669451292,96.9,377.0,buy
2024-05-06 10:32:32.766657864,96.81,276.0,sell
2024-05-06 10:32:33.200680284,96.6,212.0,sell
2024-05-06 10:32:34.372566082,96.3,381.0,sell
2024-05-06 10:32:34.565530552,96.3,168.0,sell
2024-05-06 10:32:35.120246824,96.27,408.0,sell
2024-05-06 10:32:35.224314931,96.16,289.0,sell
2024-05-06 10:32:35.714456830,96.13,628.0,sell
2024-05-06 10:32:35.919532630,95.91,400.0,sell
2024-05-06 10:32:36.038159103,95.87,365.0,sell
2024-05-06 10:32:36.226002111,95.66,751.0,sell
2024-05-06 10:32:36.324521413,95.64,473.0,sell
2024-05-06 10:32:37.485487475,95.52,1341.0,sell
2024-05-06 10:32:37.738561504,95.48,188.0,sell
2024-05-06 10:32:37.879265274,95.49,231.0,buy
2024-05-06 10:32:38.176738448,95.43,642.0,sell
2024-05-06 10:32:38.369964084,95.39,410.0,sell
2024-05-06 10:32:39.052072528,94.88,348.0,sell
2024-05-06 10:32:40.826108285,94.85,264.0,sell
2024-05-06 10:32:41.114264945,94.84,1270.0,sell
2024-05-06 10:32:42.101025776,94.65,82.0,sell
2024-05-06 10:32:42.518223424,94.51,224.0,sell
2024-05-06 10:32:42.603757381,94.45,238.0,buy
2024-05-06 10:32:43.190354305,94.44,177.0,sell
2024-05-06 10:32:43.550546178,94.27,360.0,sell
2024-05-06 10:32:44.076324453,94.2,488.0,sell
2024-05-06 10:32:45.178543073,94.2,729.0,sell
2024-05-06 10:32:45.468840481,94.16,190.0,sell
2024-05-06 10:32:46.626056088,94.09,436.0,sell
2024-05-06 10:32:47.320543091,94.08,125.0,sell
2024-05-06 10:32:47.655849515,93.95,528.0,sell
2024-05-06 10:32:48.118038860,93.81,881.0,sell
2024-05-06 10:32:48.314990808,93.77,655.0,sell
2024-05-06 10:32:50.370145462,93.56,150.0,sell
2024-05-06 10:32:50.920479406,93.52,376.0,sell
2024-05-06 10:32:50.942897998,93.3,274.0,sell
2024-05-06 10:32:51.140622149,93.08,250.0,sell
2024-05-06 10:32:51.628794390,93.11,371.0,buy
2024-05-06 10:32:51.657785502,93.1,695.0,buy
2024-05-06 10:32:51.669872523,92.93,502.0,sell
2024-05-06 10:32:51.968813060,92.7,254.0,sell
2024-05-06 10:32:52.171063481,92.35,501.0,sell
2024-05-06 10:32:52.459455932,92.26,192.0,sell
2024-05-06 10:32:52.611831602,92.16,201.0,sell
2024-05-06 10:32:52.701824394,92.07,502.0,sell
2024-05-06 10:32:53.286036108,91.76,356.0,sell
2024-05-06 10:32:53.647397349,91.72,288.0,sell
2024-05-06 10:32:53.759065516,91.53,140.0,sell
2024-05-06 10:32:53.951594955,91.39,259.0,sell
2024-05-06 10:32:54.399603656,91.22,159.0,sell
2024-05-06 10:32:54.437089015,91.14,117.0,sell
2024-05-06 10:32:54.516852490,91.06,192.0,buy
2024-05-06 10:32:54.554885837,90.78,342.0,sell
2024-05-06 10:32:55.391387178,90.55,501.0,sell
2024-05-06 10:32:56.089376193,90.48,475.0,sell
2024-05-06 10:32:56.789193531,90.22,184.0,sell
2024-05-06 10:32:57.419157168,90.25,345.0,buy
2024-05-06 10:32:57.972558170,89.97,253.0,sell
2024-05-06 10:32:58.296637348,89.8,143.0,sell
2024-05-06 10:32:58.810637142,89.67,277.0,sell
2024-05-06 10:32:58.830195510,89.46,329.0,sell
2024-05-06 10:32:59.315918117,89.31,543.0,sell
2024-05-06 10:33:00.068181704,89.26,262.0,sell
2024-05-06 10:33:00.415113783,89.28,166.0,buy
2024-05-06 10:33:00.636318386,89.34,356.0,buy
2024-05-06 10:33:00.798786616,89.29,724.0,sell
2024-05-06 10:33:01.313519201,89.0,210.0,sell
2024-05-06 10:33:01.903649290,88.97,248.0,sell
2024-05-06 10:33:02.927495162,88.83,934.0,sell
2024-05-06 10:33:03.137024262,88.68,90.0,sell
2024-05-06 10:33:03.871367508,88.65,294.0,sell
2024-05-06 10:33:04.283400872,88.58,437.0,sell
2024-05-06 10:33:05.355493274,88.55,168.0,sell
2024-05-06 10:33:05.730682423,88.47,152.0,sell
2024-05-06 10:33:06.095204157,88.4,331.0,sell
2024-05-06 10:33:06.526433522,88.31,298.0,sell
2024-05-06 10:33:07.218213285,87.91,142.0,sell
2024-05-06 10:33:08.890014600,87.88,179.0,sell
2024-05-06 10:33:08.928219408,87.72,167.0,sell
2024-05-06 10:33:08.955677016,87.61,145.0,sell
2024-05-06 10:33:10.342374239,87.49,454.0,sell
2024-05-06 10:33:10.719753235,87.27,945.0,sell
2024-05-06 10:33:11.196883268,87.04,470.0,sell
2024-05-06 10:33:11.526182336,86.81,443.0,sell
2024-05-06 10:33:11.575351314,86.65,263.0,sell
2024-05-06 10:33:12.306052931,86.64,158.0,buy
2024-05-06 10:33:12.993679986,86.68,434.0,buy
2024-05-06 10:33:13.180447643,86.49,347.0,sell
2024-05-06 10:33:13.363261699,86.34,349.0,sell
2024-05-06 10:33:14.272851845,86.23,1155.0,sell
2024-05-06 10:33:14.310406143,86.21,511.0,buy
2024-05-06 10:33:15.375164032,86.09,684.0,sell
2024-05-06 10:33:15.523466035,85.87,395.0,sell
2024-05-06 10:33:15.972918345,85.7,522.0,sell
2024-05-06 10:33:17.347308969,85.45,854.0,sell
2024-05-06 10:33:17.914101091,85.12,256.0,sell
2024-05-06 10:33:18.181685705,85.0,749.0,sell
2024-05-06 10:33:18.766526483,84.87,132.0,sell
2024-05-06 10:33:18.977308208,84.83,141.0,sell
2024-05-06 10:33:19.139659979,84.84,165.0,buy
2024-05-06 10:33:21.994049136,84.56,300.0,sell
2024-05-06 10:33:22.688779282,84.48,230.0,sell
2024-05-06 10:33:23.206203784,84.29,592.0,sell
2024-05-06 10:33:23.425680845,83.9,309.0,sell
2024-05-06 10:33:23.450886018,83.89,232.0,sell
2024-05-06 10:33:23.466660701,83.75,507.0,sell
2024-05-06 10:33:23.870582107,83.55,132.0,sell
2024-05-06 10:33:24.588393156,83.47,219.0,sell
2024-05-06 10:33:24.973816929,83.45,301.0,buy
2024-05-06 10:33:25.892567049,83.29,320.0,sell
2024-05-06 10:33:25.909566034,83.25,295.0,sell
2024-05-06 10:33:26.138012669,83.26,191.0,buy
2024-05-06 10:33:26.273307423,83.24,121.0,sell
2024-05-06 10:33:26.569752929,83.16,143.0,sell
2024-05-06 10:33:26.607317541,83.01,371.0,sell
2024-05-06 10:33:28.148307420,82.75,119.0,sell
2024-05-06 10:33:28.274629262,82.74,345.0,sell
2024-05-06 10:33:29.552129311,82.6,350.0,sell
2024-05-06 10:33:29.829599191,82.57,836.0,sell
2024-05-06 10:33:31.947235380,82.51,971.0,sell
2024-05-06 10:33:32.351019000,82.51,101.0,sell
2024-05-06 10:33:33.686633722,82.44,737.0,sell
2024-05-06 10:33:33.689315395,82.41,269.0,sell
2024-05-06 10:33:34.378952537,82.46,336.0,buy
2024-05-06 10:33:35.545735854,82.51,206.0,buy
2024-05-06 10:33:35.620984865,82.48,163.0,sell
2024-05-06 10:33:35.671517437,82.23,861.0,sell
2024-05-06 10:33:35.947838548,81.99,248.0,sell
2024-05-06 10:33:37.304462185,81.94,791.0,sell
2024-05-06 10:33:37.695327420,81.92,376.0,buy
2024-05-06 10:33:38.070140118,81.9,110.0,buy
2024-05-06 10:33:38.146206712,81.8,205.0,sell
2024-05-06 10:33:38.146601623,81.82,181.0,buy
2024-05-06 10:33:38.977336023,81.47,245.0,sell
2024-05-06 10:33:39.023160477,81.21,279.0,sell
2024-05-06 10:33:39.525516326,81.17,174.0,buy
2024-05-06 10:33:40.755817263,81.02,196.0,sell
2024-05-06 10:33:40.872825937,81.01,295.0,sell
2024-05-06 10:33:41.420045695,80.87,131.0,sell
2024-05-06 10:33:41.461029704,80.83,788.0,sell
2024-05-06 10:33:41.923891172,80.82,749.0,buy
2024-05-06 10:33:42.013413670,80.67,871.0,sell
2024-05-06 10:33:42.679228812,80.65,711.0,sell
2024-05-06 10:33:42.858446554,80.61,131.0,sell
2024-05-06 10:33:43.169689347,80.58,229.0,sell
2024-05-06 10:33:43.627123397,80.3,235.0,sell
2024-05-06 10:33:43.721055890,80.2,221.0,sell
2024-05-06 10:33:44.397752327,79.93,525.0,sell
2024-05-06 10:33:44.577979322,79.69,249.0,sell
2024-05-06 10:33:45.120884406,79.45,404.0,sell
2024-05-06 10:33:45.207040149,79.24,99.0,sell
2024-05-06 10:33:45.789604786,79.18,206.0,sell
2024-05-06 10:33:45.858195565,79.11,294.0,sell
2024-05-06 10:33:46.135198277,79.16,172.0,buy
2024-05-06 10:33:46.277180157,79.22,249.0,buy
2024-05-06 10:33:46.967088350,79.16,174.0,sell
2024-05-06 10:33:47.119017793,79.17,281.0,buy
2024-05-06 10:33:48.186356699,79.01,321.0,sell
2024-05-06 10:33:49.298337062,78.87,188.0,sell
2024-05-06 10:33:49.407689592,78.88,175.0,buy
2024-05-06 10:33:49.883449034,78.68,110.0,sell
2024-05-06 10:33:49.929351900,78.56,358.0,sell
2024-05-06 10:33:50.177761569,78.49,109.0,sell
2024-05-06 10:33:50.802458920,78.45,372.0,sell
2024-05-06 10:33:51.341016302,78.44,366.0,buy
2024-05-06 10:33:51.831031981,78.33,294.0,sell
2024-05-06 10:33:51.997051624,78.26,189.0,sell
2024-05-06 10:33:52.234479273,78.24,240.0,sell
2024-05-06 10:33:52.288798963,78.07,526.0,sell
2024-05-06 10:33:52.923539875,78.07,380.0,buy
2024-05-06 10:33:53.274017463,78.01,1050.0,sell
2024-05-06 10:33:53.890830938,77.99,412.0,sell
2024-05-06 10:33:54.033968153,77.81,596.0,sell
2024-05-06 10:33:54.230073493,77.83,236.0,buy
2024-05-06 10:33:54.433467988,77.71,384.0,sell
2024-05-06 10:33:54.446507760,77.65,137.0,sell
2024-05-06 10:33:54.655059956,77.72,326.0,buy
2024-05-06 10:33:55.468109358,77.63,293.0,sell
2024-05-06 10:33:56.606073616,77.56,465.0,sell
2024-05-06 10:33:56.971205718,77.51,287.0,sell
2024-05-06 10:33:57.275150943,77.2,347.0,sell
2024-05-06 10:33:57.290805789,77.11,617.0,sell
2024-05-06 10:33:58.347633240,77.03,165.0,sell
2024-05-06 10:33:58.354181033,76.91,321.0,sell
2024-05-06 10:33:59.802125229,76.85,357.0,sell
2024-05-06 10:34:00.138029711,76.87,558.0,buy
2024-05-06 10:34:00.347255111,76.75,267.0,sell
2024-05-06 10:34:01.637205221,76.54,175.0,sell
2024-05-06 10:34:01.649551911,76.49,636.0,sell
2024-05-06 10:34:02.085001382,76.31,717.0,sell
2024-05-06 10:34:02.483070551,76.17,329.0,sell
2024-05-06 10:34:02.606865780,76.03,759.0,sell
2024-05-06 10:34:02.886950253,75.79,645.0,sell
2024-05-06 10:34:03.415106115,75.77,426.0,sell
2024-05-06 10:34:04.064488201,75.77,273.0,buy
2024-05-06 10:34:04.064846760,75.74,505.0,buy
2024-05-06 10:34:05.445995134,75.73,235.0,sell
2024-05-06 10:34:05.535872784,75.61,563.0,sell
2024-05-06 10:34:05.668885546,75.34,455.0,sell
2024-05-06 10:34:05.821790540,75.24,270.0,sell
2024-05-06 10:34:05.841067479,75.22,222.0,sell
2024-05-06 10:34:05.906721340,75.21,236.0,sell
2024-05-06 10:34:08.053726396,75.19,200.0,sell
2024-05-06 10:34:08.243052844,75.18,239.0,sell
2024-05-06 10:34:08.304306797,75.18,203.0,sell
2024-05-06 10:34:08.360886254,75.12,629.0,sell
2024-05-06 10:34:08.996405677,74.99,1042.0,sell
2024-05-06 10:34:09.960431288,74.99,272.0,sell
2024-05-06 10:34:10.108928806,74.96,215.0,sell
2024-05-06 10:34:10.119494412,74.84,1379.0,sell
2024-05-06 10:34:10.245709806,74.66,283.0,sell
2024-05-06 10:34:10.274797579,74.54,158.0,sell
2024-05-06 10:34:10.329367479,74.51,202.0,sell
2024-05-06 10:34:10.611751603,74.24,1228.0,sell
2024-05-06 10:34:10.742380982,74.04,651.0,sell
2024-05-06 10:34:11.105160261,73.87,132.0,sell
2024-05-06 10:34:11.251335908,73.82,114.0,sell
2024-05-06 10:34:12.662538944,73.79,302.0,sell
2024-05-06 10:34:13.844471238,73.71,537.0,sell
2024-05-06 10:34:14.262756166,73.54,287.0,sell
2024-05-06 10:34:14.481562329,73.53,443.0,sell
2024-05-06 10:34:14.721505991,73.33,685.0,sell
2024-05-06 10:34:14.986894563,73.15,561.0,sell
2024-05-06 10:34:15.637098461,73.1,644.0,sell
2024-05-06 10:34:15.937509182,72.85,136.0,sell
2024-05-06 10:34:16.909021154,72.78,301.0,sell
2024-05-06 10:34:18.351069968,72.56,494.0,sell
2024-05-06 10:34:18.555765987,72.24,221.0,sell
2024-05-06 10:34:18.967046070,72.07,403.0,sell
2024-05-06 10:34:19.016987475,72.03,439.0,sell
2024-05-06 10:34:19.128852491,71.96,469.0,sell
2024-05-06 10:34:19.395614613,71.65,661.0,sell
2024-05-06 10:34:19.511078193,71.51,100.0,sell
2024-05-06 10:34:20.557080217,71.27,146.0,sell
2024-05-06 10:34:20.643237864,71.21,593.0,sell
2024-05-06 10:34:20.947329232,71.06,740.0,sell
2024-05-06 10:34:21.412649888,71.02,782.0,sell
2024-05-06 10:34:22.001256756,70.88,343.0,sell
2024-05-06 10:34:22.242756102,70.83,779.0,sell
2024-05-06 10:34:23.259413348,70.73,363.0,sell
2024-05-06 10:34:23.679447718,70.7,361.0,sell
2024-05-06 10:34:23.968917677,70.6,673.0,sell
2024-05-06 10:34:24.003721690,70.54,885.0,sell
2024-05-06 10:34:24.316175824,70.37,531.0,sell
2024-05-06 10:34:25.175623229,70.36,508.0,sell
2024-05-06 10:34:25.652283476,70.15,395.0,sell
2024-05-06 10:34:26.544662853,70.04,1056.0,sell
2024-05-06 10:34:26.885283690,70.01,206.0,sell
2024-05-06 10:34:26.948327108,69.91,205.0,sell
2024-05-06 10:34:26.955193970,69.81,73.0,sell
2024-05-06 10:34:27.135836423,69.73,90.0,sell
2024-05-06 10:34:27.734484778,69.53,465.0,sell
2024-05-06 10:34:28.515427854,69.42,505.0,sell
2024-05-06 10:34:28.690740803,69.34,298.0,sell
2024-05-06 10:34:29.032987094,69.09,453.0,sell
2024-05-06 10:34:29.306316186,69.05,237.0,buy
2024-05-06 10:34:29.570575791,69.02,424.0,sell
2024-05-06 10:34:29.702134729,68.88,356.0,sell
2024-05-06 10:34:29.775440790,68.86,184.0,sell
2024-05-06 10:34:29.884947186,68.91,168.0,buy
2024-05-06 10:34:29.913408259,68.91,164.0,sell
2024-05-06 10:34:30.023813111,68.67,297.0,sell
2024-05-06 10:34:30.028434855,68.63,267.0,buy
2024-05-06 10:34:30.521869786,68.62,269.0,sell
2024-05-06 10:34:30.712042962,68.44,245.0,sell
2024-05-06 10:34:32.520689218,68.41,184.0,sell
2024-05-06 10:34:32.628349490,68.35,137.0,sell
2024-05-06 10:34:32.840542408,68.39,228.0,buy
2024-05-06 10:34:33.062002203,68.32,144.0,sell
2024-05-06 10:34:33.066245909,68.24,212.0,sell
2024-05-06 10:34:33.980067601,68.15,600.0,sell
2024-05-06 10:34:33.996326335,67.97,241.0,sell
2024-05-06 10:34:35.404532566,67.94,800.0,sell
2024-05-06 10:34:36.517688928,67.85,306.0,sell
2024-05-06 10:34:36.901109381,67.75,473.0,sell
2024-05-06 10:34:37.293297364,67.54,185.0,sell
2024-05-06 10:34:37.823634798,67.59,185.0,buy
2024-05-06 10:34:38.068370764,67.55,126.0,sell
2024-05-06 10:34:38.589329323,67.53,448.0,buy
2024-05-06 10:34:38.612230045,67.4,237.0,sell
2024-05-06 10:34:38.640011573,67.3,456.0,sell
2024-05-06 10:34:38.945546770,67.24,118.0,sell
2024-05-06 10:34:39.344381129,67.17,351.0,sell
2024-05-06 10:34:40.438195889,67.15,152.0,sell
2024-05-06 10:34:40.493472116,67.09,262.0,sell
2024-05-06 10:34:41.358281321,66.83,755.0,sell
2024-05-06 10:34:41.476172449,66.76,364.0,sell
2024-05-06 10:34:41.726679117,66.61,242.0,sell
2024-05-06 10:34:41.917018368,66.6,420.0,sell
2024-05-06 10:34:42.172560591,66.52,1120.0,sell
2024-05-06 10:34:42.254111610,66.52,82.0,sell
2024-05-06 10:34:42.604268081,66.49,219.0,sell
2024-05-06 10:34:43.413110468,66.47,217.0,sell
2024-05-06 10:34:43.704391247,66.48,398.0,buy
2024-05-06 10:34:44.041665431,66.47,765.0,sell
2024-05-06 10:34:44.986134158,66.32,1373.0,sell
2024-05-06 10:34:45.598320758,66.15,464.0,sell
2024-05-06 10:34:45.935438732,66.18,282.0,buy
2024-05-06 10:34:46.084436703,66.17,266.0,sell
2024-05-06 10:34:47.165529888,66.07,148.0,sell
2024-05-06 10:34:47.595745554,65.88,218.0,sell
2024-05-06 10:34:47.720712423,65.87,402.0,buy
2024-05-06 10:34:47.877465249,65.84,209.0,sell
2024-05-06 10:34:48.690078928,65.69,359.0,sell
2024-05-06 10:34:48.712653747,65.64,166.0,sell
2024-05-06 10:34:51.132605759,65.5,284.0,sell
2024-05-06 10:34:51.202438949,65.39,278.0,sell
2024-05-06 10:34:51.997424574,65.28,399.0,sell
2024-05-06 10:34:52.248502330,65.1,409.0,sell
2024-05-06 10:34:52.587352070,65.09,181.0,buy
2024-05-06 10:34:53.650201952,65.07,338.0,sell
2024-05-06 10:34:53.916491540,65.05,198.0,sell
2024-05-06 10:34:54.302039148,65.0,125.0,sell
2024-05-06 10:34:54.327317333,64.79,329.0,sell
2024-05-06 10:34:54.328492449,64.72,453.0,sell
2024-05-06 10:34:54.468878697,64.68,173.0,sell
2024-05-06 10:34:55.039507753,64.57,151.0,sell
2024-05-06 10:34:55.104143645,64.51,308.0,sell
2024-05-06 10:34:55.164528492,64.55,243.0,buy
2024-05-06 10:34:55.429159601,64.38,125.0,sell
2024-05-06 10:34:55.950990227,64.34,453.0,sell
2024-05-06 10:34:56.573512629,64.27,389.0,sell
2024-05-06 10:34:56.671794279,64.3,321.0,buy
2024-05-06 10:34:56.713261300,64.27,450.0,sell
2024-05-06 10:34:58.123286271,64.13,170.0,sell
2024-05-06 10:34:58.274289278,64.05,613.0,sell
2024-05-06 10:34:59.234130579,64.1,335.0,buy
2024-05-06 10:35:00.229814595,63.99,308.0,sell
2024-05-06 10:35:00.970166770,64.01,211.0,buy
2024-05-06 10:35:01.062629406,63.98,137.0,sell
2024-05-06 10:35:01.925057882,63.74,143.0,sell
2024-05-06 10:35:02.658269297,63.65,289.0,sell
2024-05-06 10:35:03.112335089,63.62,410.0,buy
2024-05-06 10:35:03.317977621,63.51,256.0,sell
2024-05-06 10:35:03.470228049,63.38,237.0,sell
2024-05-06 10:35:03.535219305,63.34,148.0,sell
2024-05-06 10:35:03.891646419,63.31,124.0,sell
2024-05-06 10:35:04.331699206,63.31,665.0,sell
2024-05-06 10:35:04.554326610,63.33,337.0,buy
2024-05-06 10:35:04.876847204,63.32,542.0,buy
2024-05-06 10:35:05.102743992,63.28,612.0,sell
2024-05-06 10:35:05.614968873,63.27,227.0,sell
2024-05-06 10:35:06.772597435,63.05,352.0,sell
2024-05-06 10:35:06.862113080,62.98,254.0,sell
2024-05-06 10:35:07.102268410,63.01,384.0,buy
2024-05-06 10:35:07.178185113,63.01,164.0,buy
2024-05-06 10:35:07.668524772,62.92,216.0,sell
2024-05-06 10:35:08.321104146,62.94,768.0,buy
2024-05-06 10:35:09.664586672,62.91,345.0,sell
2024-05-06 10:35:09.828055934,62.79,377.0,sell
2024-05-06 10:35:11.328038603,62.76,347.0,sell
2024-05-06 10:35:11.360714787,62.53,370.0,sell
2024-05-06 10:35:11.822641747,62.48,443.0,sell
2024-05-06 10:35:11.852056621,62.52,256.0,buy
2024-05-06 10:35:12.973150694,62.46,106.0,sell
2024-05-06 10:35:13.350458897,62.44,438.0,sell
2024-05-06 10:35:13.903803835,62.44,196.0,buy
2024-05-06 10:35:14.794433012,62.32,558.0,sell
2024-05-06 10:35:14.875875230,62.26,170.0,sell
2024-05-06 10:35:14.895553203,62.25,414.0,sell
2024-05-06 10:35:15.951044678,62.25,736.0,sell
2024-05-06 10:35:16.140164162,62.14,375.0,sell
2024-05-06 10:35:16.209208705,62.0,294.0,sell
2024-05-06 10:35:16.525198281,62.0,126.0,sell
2024-05-06 10:35:16.981230713,61.84,235.0,sell
2024-05-06 10:35:16.996960878,61.79,218.0,sell
2024-05-06 10:35:17.157680736,61.81,239.0,buy
2024-05-06 10:35:17.174355660,61.81,152.0,sell
2024-05-06 10:35:17.447008460,61.84,346.0,buy
2024-05-06 10:35:18.574382481,61.82,327.0,sell
2024-05-06 10:35:20.601533367,61.8,1188.0,sell
2024-05-06 10:35:21.108275095,61.72,320.0,sell
2024-05-06 10:35:21.196427557,61.58,254.0,sell
2024-05-06 10:35:22.377857330,61.56,567.0,sell
2024-05-06 10:35:22.740948597,61.63,611.0,buy
2024-05-06 10:35:22.824418418,61.53,601.0,sell
2024-05-06 10:35:24.098192588,61.45,219.0,sell
2024-05-06 10:35:24.806505564,61.27,358.0,sell
2024-05-06 10:35:25.464340151,61.21,271.0,sell
2024-05-06 10:35:26.081866741,61.09,390.0,sell
2024-05-06 10:35:26.193650950,61.07,314.0,buy
2024-05-06 10:35:26.312149669,60.99,186.0,sell
2024-05-06 10:35:26.894995484,60.97,80.0,sell
2024-05-06 10:35:27.019048471,60.8,353.0,sell
2024-05-06 10:35:27.307773138,60.79,349.0,sell
2024-05-06 10:35:28.069407433,60.77,223.0,sell
2024-05-06 10:35:28.835535969,60.69,485.0,sell
2024-05-06 10:35:29.137428545,60.58,388.0,sell
2024-05-06 10:35:29.922993936,60.37,930.0,sell
2024-05-06 10:35:30.834996224,60.35,334.0,sell
2024-05-06 10:35:31.366776763,60.34,303.0,sell
2024-05-06 10:35:31.496438014,60.34,303.0,sell
2024-05-06 10:35:31.656548760,60.31,316.0,sell
2024-05-06 10:35:31.845601048,60.17,204.0,sell
2024-05-06 10:35:31.907705176,60.11,317.0,sell
2024-05-06 10:35:32.067229369,59.91,125.0,sell
2024-05-06 10:35:32.184786340,59.86,160.0,buy
2024-05-06 10:35:32.488572778,59.74,202.0,sell
2024-05-06 10:35:33.683939779,59.75,623.0,buy
2024-05-06 10:35:33.739115318,59.57,321.0,sell
2024-05-06 10:35:34.376076821,59.57,362.0,sell
2024-05-06 10:35:34.957305153,59.55,254.0,sell
2024-05-06 10:35:35.007632179,59.42,142.0,sell
2024-05-06 10:35:36.286838197,59.29,298.0,sell
2024-05-06 10:35:36.707049871,59.13,285.0,sell
2024-05-06 10:35:36.933112491,59.03,239.0,sell
2024-05-06 10:35:37.639510892,59.02,114.0,sell
2024-05-06 10:35:37.788286504,58.83,253.0,sell
2024-05-06 10:35:38.379571313,58.69,247.0,sell
2024-05-06 10:35:38.399831921,58.66,588.0,sell
2024-05-06 10:35:39.314276184,58.61,200.0,sell
2024-05-06 10:35:39.611534577,58.64,390.0,buy
2024-05-06 10:35:40.117787995,58.53,428.0,sell
2024-05-06 10:35:40.242812779,58.47,280.0,sell
2024-05-06 10:35:40.807978376,58.35,174.0,sell
2024-05-06 10:35:41.547710400,58.32,427.0,sell
2024-05-06 10:35:41.868190071,58.35,372.0,buy
2024-05-06 10:35:42.349000104,58.27,506.0,sell
2024-05-06 10:35:42.653702772,58.24,476.0,sell
2024-05-06 10:35:43.776292038,58.22,556.0,sell
2024-05-06 10:35:44.120739336,58.2,320.0,sell
2024-05-06 10:35:45.042714474,58.16,238.0,sell
2024-05-06 10:35:45.850825053,58.05,178.0,sell
2024-05-06 10:35:46.115069422,58.07,481.0,buy
2024-05-06 10:35:46.245806672,58.03,449.0,sell
2024-05-06 10:35:46.506313792,57.97,291.0,sell
2024-05-06 10:35:47.381288815,57.97,65.0,buy
2024-05-06 10:35:47.510436240,57.97,258.0,sell
2024-05-06 10:35:47.882063510,57.87,93.0,sell
2024-05-06 10:35:48.702261483,57.86,127.0,sell
2024-05-06 10:35:48.920335103,57.77,478.0,sell
2024-05-06 10:35:49.434239124,57.68,378.0,sell
2024-05-06 10:35:49.575176325,57.63,479.0,sell
2024-05-06 10:35:49.633038591,57.61,137.0,buy
2024-05-06 10:35:50.423911602,57.59,438.0,buy
2024-05-06 10:35:50.476019201,57.58,293.0,sell
2024-05-06 10:35:50.634321631,57.58,383.0,sell
2024-05-06 10:35:51.600209859,57.5,95.0,sell
2024-05-06 10:35:51.812892733,57.46,315.0,sell
2024-05-06 10:35:53.619692452,57.42,140.0,sell
2024-05-06 10:35:55.569106048,57.43,566.0,buy
2024-05-06 10:35:55.725282005,57.39,89.0,sell
2024-05-06 10:35:55.746202753,57.22,264.0,sell
2024-05-06 10:35:56.356699987,57.2,489.0,sell
2024-05-06 10:35:56.656516113,57.15,513.0,sell
2024-05-06 10:35:56.709614792,56.98,358.0,sell
2024-05-06 10:35:57.324299107,56.96,236.0,sell
2024-05-06 10:35:57.340134701,57.0,429.0,buy
2024-05-06 10:35:58.361002190,56.94,286.0,sell
2024-05-06 10:35:58.435630835,56.87,244.0,sell
2024-05-06 10:35:58.503719353,56.78,192.0,sell
2024-05-06 10:35:58.600312919,56.7,225.0,sell
2024-05-06 10:36:00.213091447,56.64,264.0,sell
2024-05-06 10:36:00.803821120,56.44,173.0,sell
2024-05-06 10:36:01.611980726,56.43,210.0,buy
2024-05-06 10:36:01.865426567,56.41,364.0,sell
2024-05-06 10:36:02.070398674,56.36,120.0,sell
2024-05-06 10:36:02.204001260,56.2,120.0,sell
2024-05-06 10:36:02.531587987,56.1,208.0,sell
2024-05-06 10:36:02.932877901,56.06,253.0,sell
2024-05-06 10:36:03.432408246,56.04,186.0,sell
2024-05-06 10:36:03.581017616,55.94,106.0,sell
2024-05-06 10:36:05.065602524,55.8,349.0,sell
2024-05-06 10:36:05.158621853,55.71,236.0,sell
2024-05-06 10:36:06.844244697,55.64,342.0,sell
2024-05-06 10:36:06.851728487,55.61,233.0,sell
2024-05-06 10:36:07.179775290,55.59,203.0,sell
2024-05-06 10:36:07.382533723,55.56,181.0,sell
2024-05-06 10:36:07.680655961,55.52,271.0,sell
2024-05-06 10:36:08.103414361,55.44,118.0,sell
2024-05-06 10:36:08.389400785,55.42,674.0,sell
2024-05-06 10:36:08.657341621,55.29,326.0,sell
2024-05-06 10:36:09.317077251,55.2,409.0,sell
2024-05-06 10:36:09.896061422,55.18,336.0,buy
2024-05-06 10:36:10.791755037,55.11,964.0,sell
2024-05-06 10:36:10.935568729,55.05,162.0,sell
2024-05-06 10:36:11.405768889,55.05,183.0,sell
2024-05-06 10:36:11.845742005,55.02,766.0,sell
2024-05-06 10:36:12.076551691,54.99,118.0,sell
2024-05-06 10:36:12.409373676,55.0,133.0,buy
2024-05-06 10:36:12.597653739,54.88,442.0,sell
2024-05-06 10:36:12.674138659,54.8,516.0,sell
2024-05-06 10:36:12.794411462,54.78,199.0,sell
2024-05-06 10:36:12.850164278,54.63,477.0,sell
2024-05-06 10:36:13.424700783,54.6,278.0,sell
2024-05-06 10:36:13.965176455,54.55,418.0,sell
2024-05-06 10:36:15.469143376,54.58,205.0,buy
2024-05-06 10:36:16.123214861,54.54,635.0,sell
2024-05-06 10:36:16.149939426,54.58,375.0,buy
2024-05-06 10:36:17.228079872,54.52,295.0,sell
2024-05-06 10:36:18.220782916,54.48,451.0,buy
2024-05-06 10:36:18.513665559,54.45,250.0,sell
2024-05-06 10:36:18.954444841,54.47,315.0,buy
2024-05-06 10:36:20.820930161,54.45,463.0,sell
2024-05-06 10:36:21.200898933,54.43,563.0,sell
2024-05-06 10:36:22.379534836,54.46,613.0,buy
2024-05-06 10:36:22.422879873,54.41,842.0,sell
2024-05-06 10:36:22.528890112,54.39,342.0,sell
2024-05-06 10:36:22.819473871,54.36,291.0,sell
2024-05-06 10:36:23.258919334,54.21,713.0,sell
2024-05-06 10:36:24.105948641,54.2,359.0,sell
2024-05-06 10:36:26.328415464,54.11,474.0,sell
2024-05-06 10:36:26.574623114,54.03,508.0,sell
2024-05-06 10:36:26.598911417,53.99,145.0,sell
2024-05-06 10:36:27.406567742,53.92,257.0,sell
2024-05-06 10:36:27.870219213,53.85,347.0,sell
2024-05-06 10:36:27.980881104,53.82,296.0,sell
2024-05-06 10:36:28.322309713,53.79,168.0,sell
2024-05-06 10:36:29.000309173,53.71,534.0,sell
2024-05-06 10:36:29.736043149,53.73,224.0,buy
2024-05-06 10:36:30.082235297,53.73,95.0,sell
2024-05-06 10:36:30.264311376,53.68,85.0,sell
2024-05-06 10:36:32.084214746,53.61,507.0,sell
2024-05-06 10:36:32.628589209,53.66,213.0,buy
2024-05-06 10:36:32.890914179,53.54,213.0,sell
2024-05-06 10:36:33.055487999,53.52,648.0,sell
2024-05-06 10:36:33.712201404,53.42,322.0,sell
2024-05-06 10:36:33.850858371,53.38,100.0,sell
2024-05-06 10:36:33.945054337,53.38,266.0,sell
2024-05-06 10:36:34.322388946,53.32,155.0,sell
2024-05-06 10:36:34.493625223,53.28,310.0,sell
2024-05-06 10:36:34.989274010,53.19,247.0,sell
2024-05-06 10:36:35.052020858,53.18,91.0,sell
2024-05-06 10:36:35.584040941,53.21,1362.0,buy
2024-05-06 10:36:35.750587486,53.16,608.0,buy
2024-05-06 10:36:35.750708968,53.11,183.0,sell
2024-05-06 10:36:35.818582209,53.01,206.0,sell
2024-05-06 10:36:37.174727131,52.96,269.0,sell
2024-05-06 10:36:38.184765216,52.92,499.0,sell
2024-05-06 10:36:38.317796635,52.89,245.0,sell
2024-05-06 10:36:39.071173909,52.94,444.0,buy
2024-05-06 10:36:39.540150234,52.84,728.0,sell
2024-05-06 10:36:41.308739745,52.76,249.0,sell
2024-05-06 10:36:41.542627330,52.65,83.0,sell
2024-05-06 10:36:42.114631903,52.58,293.0,sell
2024-05-06 10:36:42.147453854,52.55,163.0,sell
2024-05-06 10:36:42.399749194,52.43,231.0,sell
2024-05-06 10:36:44.059341273,52.4,389.0,buy
2024-05-06 10:36:44.446499147,52.29,251.0,sell
2024-05-06 10:36:44.616253220,52.21,96.0,sell
2024-05-06 10:36:44.680323886,52.24,135.0,buy
2024-05-06 10:36:45.288225709,52.16,500.0,sell
2024-05-06 10:36:45.805841740,52.11,108.0,sell
2024-05-06 10:36:46.039995245,52.03,438.0,sell
2024-05-06 10:36:47.547364643,51.99,322.0,sell
2024-05-06 10:36:47.558591146,51.9,374.0,sell
2024-05-06 10:36:47.739595612,51.8,666.0,sell
2024-05-06 10:36:49.009189306,51.73,154.0,sell
2024-05-06 10:36:49.202708842,51.58,176.0,sell
2024-05-06 10:36:49.348054028,51.52,380.0,sell
2024-05-06 10:36:49.730075397,51.49,163.0,sell
2024-05-06 10:36:50.598148146,51.47,291.0,sell
2024-05-06 10:36:50.652579667,51.42,314.0,sell
2024-05-06 10:36:52.085113370,51.22,381.0,sell
2024-05-06 10:36:52.877663810,51.03,288.0,sell
2024-05-06 10:36:52.977652212,50.82,159.0,sell
2024-05-06 10:36:53.600063433,50.76,448.0,sell
2024-05-06 10:36:53.843096381,50.6,524.0,sell
2024-05-06 10:36:54.100425091,50.5,383.0,sell
2024-05-06 10:36:54.865022916,50.43,341.0,sell
2024-05-06 10:36:56.510542022,50.4,64.0,buy
2024-05-06 10:36:56.578254829,50.24,575.0,sell
2024-05-06 10:36:56.851162020,50.28,403.0,buy
2024-05-06 10:36:57.179031467,50.13,174.0,sell
2024-05-06 10:36:57.415083838,50.07,112.0,sell
2024-05-06 10:36:57.640725120,50.0,300.0,sell
2024-05-06 10:36:57.667567231,49.99,303.0,sell
2024-05-06 10:36:58.246014236,49.89,479.0,sell
2024-05-06 10:36:58.532554871,49.88,335.0,sell
2024-05-06 10:36:58.640883316,49.87,150.0,sell
2024-05-06 10:36:59.487384124,49.77,240.0,sell
2024-05-06 10:37:00.298546288,49.65,100.0,sell
2024-05-06 10:37:00.631693401,49.65,58.0,buy
2024-05-06 10:37:00.808925425,49.5,790.0,sell
2024-05-06 10:37:01.317109050,49.43,356.0,sell
2024-05-06 10:37:01.487054582,49.42,271.0,buy
2024-05-06 10:37:01.621653517,49.23,203.0,sell
2024-05-06 10:37:02.277274149,49.23,136.0,sell
2024-05-06 10:37:02.297854571,49.23,222.0,sell
2024-05-06 10:37:02.347636838,49.2,249.0,sell
2024-05-06 10:37:02.351042497,49.09,305.0,sell
2024-05-06 10:37:02.434036253,49.1,415.0,buy
2024-05-06 10:37:02.469778888,49.06,552.0,sell
2024-05-06 10:37:05.206396223,49.09,340.0,buy
2024-05-06 10:37:05.376804029,49.07,196.0,sell
2024-05-06 10:37:05.457633098,49.0,201.0,sell
2024-05-06 10:37:05.595507384,48.98,228.0,sell
2024-05-06 10:37:06.970925473,48.92,170.0,sell
2024-05-06 10:37:07.338076988,48.83,280.0,sell
2024-05-06 10:37:07.564998917,48.8,134.0,sell
2024-05-06 10:37:08.598326566,48.79,202.0,sell
2024-05-06 10:37:08.849581936,48.66,226.0,sell
2024-05-06 10:37:09.053572499,48.65,154.0,sell
2024-05-06 10:37:09.169716694,48.6,215.0,sell
2024-05-06 10:37:09.406960989,48.53,436.0,sell
2024-05-06 10:37:09.597360181,48.4,312.0,sell
2024-05-06 10:37:10.162882405,48.4,492.0,sell
2024-05-06 10:37:10.333833776,48.36,114.0,sell
2024-05-06 10:37:10.764261489,48.27,90.0,sell
2024-05-06 10:37:10.798343185,48.17,137.0,sell
2024-05-06 10:37:10.904500110,48.18,303.0,buy
2024-05-06 10:37:11.166122380,47.94,191.0,sell
2024-05-06 10:37:12.548030072,47.94,231.0,buy
2024-05-06 10:37:12.784836729,47.92,453.0,buy
2024-05-06 10:37:13.330269100,47.9,277.0,sell
2024-05-06 10:37:13.477513172,47.81,207.0,sell
2024-05-06 10:37:13.545442264,47.81,395.0,buy
2024-05-06 10:37:13.575602167,47.75,74.0,sell
2024-05-06 10:37:13.757821453,47.65,175.0,sell
2024-05-06 10:37:13.843607836,47.52,186.0,sell
2024-05-06 10:37:13.939194413,47.46,343.0,sell
2024-05-06 10:37:14.654336991,47.36,129.0,sell
2024-05-06 10:37:14.662319408,47.26,156.0,sell
2024-05-06 10:37:15.070327362,47.21,810.0,sell
2024-05-06 10:37:15.308911081,47.16,521.0,sell
2024-05-06 10:37:15.662077952,47.09,295.0,sell
2024-05-06 10:37:16.075794795,47.08,273.0,sell
2024-05-06 10:37:16.263772969,46.99,401.0,sell
2024-05-06 10:37:16.438628919,47.04,126.0,buy
2024-05-06 10:37:17.099635323,46.92,896.0,sell
2024-05-06 10:37:18.124681511,46.84,334.0,sell
2024-05-06 10:37:18.231638172,46.73,121.0,sell
2024-05-06 10:37:18.282997266,46.67,406.0,sell
2024-05-06 10:37:19.423388551,46.63,254.0,sell
2024-05-06 10:37:19.638699603,46.59,81.0,sell
2024-05-06 10:37:20.039419365,46.36,143.0,sell
2024-05-06 10:37:20.262206125,46.37,155.0,buy
2024-05-06 10:37:20.329430510,46.33,225.0,sell
2024-05-06 10:37:20.774415166,46.33,171.0,buy
2024-05-06 10:37:21.146783690,46.31,207.0,buy
2024-05-06 10:37:21.260229950,46.27,310.0,sell
2024-05-06 10:37:21.560850475,46.26,305.0,sell
2024-05-06 10:37:22.357995842,46.23,119.0,sell
2024-05-06 10:37:22.804314809,46.23,311.0,buy
2024-05-06 10:37:22.855285398,46.15,158.0,sell
2024-05-06 10:37:23.252345728,46.11,361.0,sell
2024-05-06 10:37:23.858916918,46.11,233.0,buy
2024-05-06 10:37:24.645719263,46.1,731.0,sell
2024-05-06 10:37:25.141654358,46.05,1128.0,sell
2024-05-06 10:37:25.224479899,45.88,277.0,sell
2024-05-06 10:37:25.843715902,45.86,233.0,sell
2024-05-06 10:37:26.409296833,45.87,472.0,buy
2024-05-06 10:37:26.421661917,45.8,264.0,sell
2024-05-06 10:37:26.686961561,45.72,419.0,sell
2024-05-06 10:37:26.889406882,45.67,487.0,sell
2024-05-06 10:37:27.442848175,45.63,219.0,sell
2024-05-06 10:37:27.564607927,45.61,646.0,sell
2024-05-06 10:37:28.011471440,45.6,157.0,sell
2024-05-06 10:37:29.233580112,45.58,176.0,sell
2024-05-06 10:37:30.032834964,45.54,294.0,sell
2024-05-06 10:37:31.304894168,45.55,447.0,buy
2024-05-06 10:37:33.224884125,45.53,752.0,sell
2024-05-06 10:37:33.230247855,45.52,385.0,sell
2024-05-06 10:37:33.717659884,45.35,420.0,sell
2024-05-06 10:37:33.983888333,45.35,67.0,sell
2024-05-06 10:37:34.966425354,45.37,413.0,buy
2024-05-06 10:37:35.111477657,45.3,156.0,sell
2024-05-06 10:37:37.093912439,45.29,315.0,sell
2024-05-06 10:37:37.569493259,45.25,266.0,sell
2024-05-06 10:37:38.358311263,45.11,301.0,sell
2024-05-06 10:37:38.403054602,45.04,482.0,sell
2024-05-06 10:37:38.504392996,44.97,368.0,sell
2024-05-06 10:37:39.214636504,45.02,227.0,buy
2024-05-06 10:37:39.225752418,45.0,53.0,sell
2024-05-06 10:37:40.074553720,44.98,107.0,sell
2024-05-06 10:37:40.081577330,44.98,286.0,sell
2024-05-06 10:37:40.616763011,44.91,861.0,sell
2024-05-06 10:37:40.843902109,44.88,593.0,sell
2024-05-06 10:37:41.316626539,44.64,100.0,sell
2024-05-06 10:37:41.912041987,44.64,406.0,sell
2024-05-06 10:37:42.121678400,44.54,595.0,sell
2024-05-06 10:37:42.178801925,44.5,447.0,sell
2024-05-06 10:37:42.214896914,44.47,268.0,sell
2024-05-06 10:37:42.659400120,44.44,290.0,sell
2024-05-06 10:37:43.027067835,44.43,405.0,sell
2024-05-06 10:37:43.704855386,44.41,227.0,sell
2024-05-06 10:37:44.061260515,44.34,234.0,sell
2024-05-06 10:37:44.335737000,44.24,385.0,sell
2024-05-06 10:37:44.589558330,44.2,564.0,sell
2024-05-06 10:37:44.602959786,44.19,263.0,sell
2024-05-06 10:37:44.807363030,44.18,393.0,sell
2024-05-06 10:37:46.672633879,44.14,166.0,sell
2024-05-06 10:37:47.706610081,44.13,50.0,buy
2024-05-06 10:37:47.906384951,44.16,277.0,buy
2024-05-06 10:37:48.349502682,44.07,226.0,sell
2024-05-06 10:37:49.289132059,43.98,190.0,sell
2024-05-06 10:37:49.580180404,43.97,485.0,sell
2024-05-06 10:37:49.589240936,43.86,144.0,sell
2024-05-06 10:37:49.627957161,43.84,369.0,sell
2024-05-06 10:37:49.985033002,43.69,148.0,sell
2024-05-06 10:37:51.729054445,43.66,93.0,sell
2024-05-06 10:37:52.319849601,43.6,620.0,sell
2024-05-06 10:37:52.356627766,43.57,396.0,sell
2024-05-06 10:37:52.461593916,43.51,332.0,sell
2024-05-06 10:37:53.199316605,43.46,369.0,sell
2024-05-06 10:37:54.120126952,43.42,477.0,sell
2024-05-06 10:37:54.600894691,43.41,175.0,sell
2024-05-06 10:37:55.117901658,43.29,619.0,sell
2024-05-06 10:37:55.132275011,43.21,407.0,sell
2024-05-06 10:37:56.013949245,43.1,390.0,sell
2024-05-06 10:37:56.790183245,43.06,807.0,sell
2024-05-06 10:37:56.940084286,42.98,118.0,sell
2024-05-06 10:37:57.556745137,42.98,155.0,sell
2024-05-06 10:37:57.677688318,42.84,380.0,sell
2024-05-06 10:37:57.698271304,42.74,288.0,sell
2024-05-06 10:37:57.810553924,42.73,135.0,sell
2024-05-06 10:37:57.908944041,42.69,78.0,sell
2024-05-06 10:37:58.114998604,42.63,268.0,sell
2024-05-06 10:37:58.386027334,42.48,342.0,sell
2024-05-06 10:37:58.741213570,42.43,142.0,sell
2024-05-06 10:37:59.065065232,42.38,55.0,sell
2024-05-06 10:37:59.222882877,42.33,64.0,sell
2024-05-06 10:37:59.237685173,42.21,216.0,sell
2024-05-06 10:37:59.702248582,42.08,474.0,sell
2024-05-06 10:37:59.954127934,42.05,358.0,sell
2024-05-06 10:38:00.131517845,42.04,258.0,buy
2024-05-06 10:38:01.139999326,41.99,211.0,sell
2024-05-06 10:38:01.826675182,42.0,379.0,buy
2024-05-06 10:38:02.801814439,41.98,313.0,buy
2024-05-06 10:38:03.143395829,41.97,247.0,sell
2024-05-06 10:38:03.213562352,41.85,698.0,sell
2024-05-06 10:38:03.809290478,41.84,218.0,sell
2024-05-06 10:38:03.924672850,41.83,566.0,sell
2024-05-06 10:38:04.215681223,41.77,378.0,sell
2024-05-06 10:38:04.249286020,41.66,648.0,sell
2024-05-06 10:38:05.121652600,41.53,812.0,sell
2024-05-06 10:38:05.188956094,41.52,530.0,sell
2024-05-06 10:38:06.355981111,41.5,896.0,sell
2024-05-06 10:38:07.354379830,41.49,293.0,sell
2024-05-06 10:38:07.666734308,41.33,516.0,sell
2024-05-06 10:38:08.348742892,41.25,141.0,sell
2024-05-06 10:38:08.831805272,41.24,136.0,sell
2024-05-06 10:38:09.644273069,41.18,135.0,sell
2024-05-06 10:38:09.926918462,41.18,158.0,buy
2024-05-06 10:38:10.697360828,41.11,88.0,sell
2024-05-06 10:38:11.007733919,41.12,503.0,buy
2024-05-06 10:38:12.422552987,41.06,473.0,sell
2024-05-06 10:38:12.755681090,41.03,277.0,sell
2024-05-06 10:38:13.066205313,41.06,703.0,buy
2024-05-06 10:38:13.834931086,41.06,289.0,sell
2024-05-06 10:38:14.696732096,41.06,530.0,sell
2024-05-06 10:38:15.100998895,41.05,631.0,sell
2024-05-06 10:38:15.200101095,41.01,260.0,sell
2024-05-06 10:38:15.515429814,40.96,294.0,sell
2024-05-06 10:38:17.237573647,40.98,165.0,buy
2024-05-06 10:38:17.936729169,40.9,239.0,sell
2024-05-06 10:38:18.770163655,40.9,161.0,sell
2024-05-06 10:38:18.786851827,40.84,96.0,sell
2024-05-06 10:38:19.102275655,40.84,272.0,buy
2024-05-06 10:38:19.622382916,40.71,443.0,sell
2024-05-06 10:38:20.508457475,40.73,169.0,buy
2024-05-06 10:38:20.533721981,40.68,1045.0,sell
2024-05-06 10:38:21.490478408,40.63,551.0,sell
2024-05-06 10:38:21.887958668,40.56,584.0,sell
2024-05-06 10:38:21.997854487,40.52,448.0,sell
2024-05-06 10:38:22.188671567,40.37,471.0,sell
2024-05-06 10:38:22.354265366,40.35,483.0,sell
2024-05-06 10:38:22.732691360,40.34,298.0,sell
2024-05-06 10:38:22.759225995,40.29,386.0,sell
2024-05-06 10:38:22.845532113,40.27,477.0,sell
2024-05-06 10:38:23.683035377,40.23,528.0,sell
2024-05-06 10:38:23.754165202,40.23,121.0,buy
2024-05-06 10:38:23.887057831,40.15,747.0,sell
2024-05-06 10:38:24.189049947,40.07,108.0,sell
2024-05-06 10:38:24.553044418,40.08,494.0,buy
2024-05-06 10:38:25.274181580,40.07,148.0,sell
2024-05-06 10:38:25.570680876,40.04,147.0,sell
2024-05-06 10:38:26.350682523,39.9,352.0,sell
2024-05-06 10:38:26.832303345,39.88,296.0,buy
2024-05-06 10:38:26.892314720,39.86,114.0,sell
2024-05-06 10:38:26.977312500,39.78,386.0,sell
2024-05-06 10:38:27.264580278,39.77,289.0,buy
2024-05-06 10:38:27.517407614,39.68,259.0,sell
2024-05-06 10:38:28.197807224,39.63,57.0,sell
2024-05-06 10:38:28.632435826,39.62,748.0,sell
2024-05-06 10:38:28.878056062,39.61,556.0,sell
2024-05-06 10:38:28.971679063,39.63,413.0,buy
2024-05-06 10:38:29.100311823,39.65,483.0,buy
2024-05-06 10:38:29.528734659,39.58,359.0,sell
2024-05-06 10:38:29.804071557,39.56,145.0,sell
2024-05-06 10:38:30.165800023,39.56,155.0,sell
2024-05-06 10:38:30.259373071,39.51,555.0,sell
2024-05-06 10:38:30.803070175,39.45,607.0,sell
2024-05-06 10:38:31.760165068,39.34,139.0,sell
2024-05-06 10:38:31.909327324,39.33,302.0,sell
2024-05-06 10:38:32.247486344,39.18,132.0,sell
2024-05-06 10:38:34.102585471,39.18,194.0,sell
2024-05-06 10:38:34.305249336,39.17,457.0,sell
2024-05-06 10:38:34.757240661,39.09,345.0,sell
2024-05-06 10:38:34.804503540,39.02,508.0,sell
2024-05-06 10:38:35.270224763,38.96,103.0,sell
2024-05-06 10:38:35.317177822,38.96,718.0,sell
2024-05-06 10:38:36.917148866,38.92,107.0,sell
2024-05-06 10:38:37.545945816,38.86,536.0,sell
2024-05-06 10:38:38.321907319,38.8,225.0,sell
2024-05-06 10:38:38.930781548,38.79,741.0,sell
2024-05-06 10:38:39.376250273,38.76,437.0,sell
2024-05-06 10:38:39.675089489,38.75,225.0,sell
2024-05-06 10:38:40.652370049,38.73,493.0,sell
2024-05-06 10:38:42.223740430,38.63,75.0,sell
2024-05-06 10:38:42.569351121,38.49,802.0,sell
2024-05-06 10:38:43.910067787,38.42,475.0,sell
2024-05-06 10:38:44.347801647,38.38,913.0,sell
2024-05-06 10:38:44.734312801,38.26,349.0,sell
2024-05-06 10:38:45.037323211,38.27,165.0,buy
2024-05-06 10:38:45.154733797,38.24,75.0,sell
2024-05-06 10:38:45.156597095,38.23,463.0,buy
2024-05-06 10:38:45.294807440,38.24,129.0,buy
2024-05-06 10:38:45.651199986,38.17,373.0,sell
2024-05-06 10:38:45.890185591,38.13,399.0,sell
2024-05-06 10:38:46.187728919,38.08,192.0,sell
2024-05-06 10:38:48.160214344,38.07,135.0,sell
2024-05-06 10:38:48.375815362,38.04,713.0,sell
2024-05-06 10:38:48.676722302,37.94,418.0,sell
2024-05-06 10:38:48.748377860,37.91,218.0,buy
2024-05-06 10:38:48.772950784,37.77,393.0,sell
2024-05-06 10:38:49.519689084,37.76,138.0,sell
2024-05-06 10:38:49.942469140,37.66,144.0,sell
2024-05-06 10:38:50.657497824,37.64,421.0,sell
2024-05-06 10:38:50.738676589,37.63,561.0,buy
2024-05-06 10:38:51.162792637,37.63,413.0,buy
2024-05-06 10:38:51.309067905,37.62,399.0,sell
2024-05-06 10:38:51.438493308,37.49,177.0,sell
2024-05-06 10:38:51.444289785,37.47,242.0,buy
2024-05-06 10:38:51.514116675,37.37,180.0,sell
2024-05-06 10:38:51.699118443,37.24,361.0,sell
2024-05-06 10:38:51.761264835,37.21,650.0,sell
2024-05-06 10:38:53.890583499,37.12,199.0,sell
2024-05-06 10:38:54.075125486,37.16,155.0,buy
2024-05-06 10:38:54.144942730,37.13,514.0,sell
2024-05-06 10:38:54.255941280,37.12,341.0,sell
2024-05-06 10:38:54.698947215,37.1,90.0,sell
2024-05-06 10:38:54.732040366,37.07,107.0,sell
2024-05-06 10:38:55.723866578,37.03,111.0,sell
2024-05-06 10:38:57.352410931,37.02,472.0,sell
2024-05-06 10:38:57.494088269,36.91,174.0,sell
2024-05-06 10:38:57.793093385,36.9,249.0,sell
2024-05-06 10:38:57.804284932,36.89,246.0,sell
2024-05-06 10:38:58.316097953,36.92,213.0,buy
2024-05-06 10:38:58.583252612,36.92,191.0,buy
2024-05-06 10:38:58.740648031,36.83,1263.0,sell
2024-05-06 10:38:58.856511366,36.81,388.0,buy
2024-05-06 10:38:59.387202968,36.78,523.0,sell
2024-05-06 10:38:59.656315965,36.72,97.0,sell
2024-05-06 10:38:59.755333727,36.7,133.0,sell
2024-05-06 10:39:00.339490313,36.57,547.0,sell
2024-05-06 10:39:00.755778028,36.55,173.0,buy
2024-05-06 10:39:01.734114147,36.53,155.0,sell
2024-05-06 10:39:01.796598737,36.47,235.0,sell
2024-05-06 10:39:02.566710008,36.46,217.0,sell
2024-05-06 10:39:03.126398381,36.41,279.0,sell
2024-05-06 10:39:03.187488377,36.34,93.0,sell
2024-05-06 10:39:03.780916329,36.28,279.0,sell
2024-05-06 10:39:04.072208996,36.26,240.0,sell
2024-05-06 10:39:05.522281749,36.11,356.0,sell
2024-05-06 10:39:05.598630905,36.06,223.0,sell
2024-05-06 10:39:06.113407361,36.0,162.0,sell
2024-05-06 10:39:06.354024628,35.96,314.0,sell
2024-05-06 10:39:07.925151847,35.94,210.0,sell
2024-05-06 10:39:08.125371896,35.93,471.0,sell
2024-05-06 10:39:09.762908637,35.85,230.0,sell
2024-05-06 10:39:10.921686185,35.81,726.0,sell
2024-05-06 10:39:11.079304117,35.75,635.0,sell
2024-05-06 10:39:11.892956854,35.67,247.0,sell
2024-05-06 10:39:14.606509929,35.67,172.0,sell
2024-05-06 10:39:14.752129459,35.66,230.0,sell
2024-05-06 10:39:15.039169428,35.61,165.0,sell
2024-05-06 10:39:15.406342318,35.6,295.0,buy
2024-05-06 10:39:15.581072219,35.54,129.0,sell
2024-05-06 10:39:15.588763492,35.41,530.0,sell
2024-05-06 10:39:15.713077028,35.39,104.0,sell
2024-05-06 10:39:15.878675932,35.33,321.0,sell
2024-05-06 10:39:16.171809573,35.26,305.0,sell
2024-05-06 10:39:16.265638947,35.24,325.0,buy
2024-05-06 10:39:17.298425452,35.23,141.0,sell
2024-05-06 10:39:17.908664814,35.2,203.0,sell
2024-05-06 10:39:17.953189983,35.14,213.0,sell
2024-05-06 10:39:18.478233136,35.05,251.0,sell
2024-05-06 10:39:19.008395213,35.03,346.0,sell
2024-05-06 10:39:20.572697710,34.97,251.0,sell
2024-05-06 10:39:20.574210432,34.96,339.0,sell
2024-05-06 10:39:20.716674998,34.93,479.0,sell
2024-05-06 10:39:22.030773611,34.83,351.0,sell
2024-05-06 10:39:23.375883040,34.79,371.0,sell
2024-05-06 10:39:24.013414154,34.79,194.0,sell
2024-05-06 10:39:24.739125767,34.79,290.0,buy
2024-05-06 10:39:24.787096583,34.75,375.0,sell
2024-05-06 10:39:25.147742185,34.72,324.0,sell
2024-05-06 10:39:25.279453542,34.64,265.0,sell
2024-05-06 10:39:25.379422273,34.64,170.0,sell
2024-05-06 10:39:26.210586670,34.6,308.0,sell
2024-05-06 10:39:26.283121600,34.52,397.0,sell
2024-05-06 10:39:26.599290311,34.52,227.0,sell
2024-05-06 10:39:27.994285863,34.4,233.0,sell
2024-05-06 10:39:28.097080170,34.38,518.0,sell
2024-05-06 10:39:30.005287144,34.37,100.0,sell
2024-05-06 10:39:32.587878925,34.37,296.0,sell
2024-05-06 10:39:32.993413337,34.33,1323.0,sell
2024-05-06 10:39:33.086664122,34.22,277.0,sell
2024-05-06 10:39:33.276639481,34.25,587.0,buy
2024-05-06 10:39:33.552891279,34.2,287.0,sell
2024-05-06 10:39:33.737933667,34.13,315.0,sell
2024-05-06 10:39:33.902627270,34.02,485.0,sell
2024-05-06 10:39:35.694521523,33.97,184.0,sell
2024-05-06 10:39:35.777764226,33.94,414.0,sell
2024-05-06 10:39:36.438631975,33.84,193.0,sell
2024-05-06 10:39:36.438837162,33.87,78.0,buy
2024-05-06 10:39:36.892233490,33.87,423.0,sell
2024-05-06 10:39:38.130363583,33.83,291.0,sell
2024-05-06 10:39:38.300155986,33.86,534.0,buy
2024-05-06 10:39:38.402762358,33.81,288.0,sell
2024-05-06 10:39:38.930078904,33.73,196.0,sell
2024-05-06 10:39:39.553521505,33.69,229.0,sell
2024-05-06 10:39:40.135946462,33.55,454.0,sell
2024-05-06 10:39:40.328275660,33.5,434.0,sell
2024-05-06 10:39:40.473587124,33.49,129.0,sell
2024-05-06 10:39:42.034448070,33.44,147.0,sell
2024-05-06 10:39:43.318371649,33.39,414.0,sell
2024-05-06 10:39:43.623986252,33.37,204.0,buy
2024-05-06 10:39:44.560017422,33.36,310.0,buy
2024-05-06 10:39:44.861052649,33.28,113.0,sell
2024-05-06 10:39:45.137214261,33.26,498.0,buy
2024-05-06 10:39:45.222467841,33.26,185.0,sell
2024-05-06 10:39:45.500384615,33.28,1029.0,buy
2024-05-06 10:39:45.885849188,33.28,343.0,sell
2024-05-06 10:39:45.897229896,33.23,205.0,sell
2024-05-06 10:39:46.190825022,33.13,166.0,sell
2024-05-06 10:39:46.950980742,33.1,287.0,sell
2024-05-06 10:39:47.520769852,33.08,389.0,sell
2024-05-06 10:39:48.024913914,33.12,173.0,buy
2024-05-06 10:39:49.226422957,33.11,273.0,sell
2024-05-06 10:39:49.235521241,33.06,407.0,sell
2024-05-06 10:39:49.642667707,33.06,364.0,sell
2024-05-06 10:39:50.416718828,33.03,1345.0,sell
2024-05-06 10:39:50.806436837,33.02,308.0,sell
2024-05-06 10:39:51.002140690,32.96,86.0,sell
2024-05-06 10:39:51.075376969,32.98,590.0,buy
2024-05-06 10:39:52.168058396,32.94,398.0,sell
2024-05-06 10:39:52.486217288,32.9,322.0,sell
2024-05-06 10:39:53.538556747,32.8,326.0,sell
2024-05-06 10:39:53.979322835,32.79,489.0,sell
2024-05-06 10:39:54.540046528,32.79,484.0,sell
2024-05-06 10:39:55.355533492,32.8,281.0,buy
2024-05-06 10:39:55.893698016,32.79,435.0,sell
2024-05-06 10:39:56.147492484,32.76,859.0,sell
2024-05-06 10:39:56.507888777,32.73,191.0,sell
2024-05-06 10:39:57.320280110,32.63,337.0,sell
2024-05-06 10:39:57.554203326,32.62,159.0,sell
2024-05-06 10:39:57.799814064,32.58,412.0,sell
2024-05-06 10:39:57.850105656,32.51,468.0,sell
2024-05-06 10:39:59.080219125,32.54,450.0,buy
2024-05-06 10:39:59.127944193,32.52,284.0,sell
2024-05-06 10:39:59.650303460,32.53,141.0,buy
2024-05-06 10:39:59.916834372,32.51,473.0,sell
2024-05-06 10:40:00.176952076,32.42,544.0,sell
2024-05-06 10:40:00.745969452,32.43,562.0,buy
2024-05-06 10:40:00.780694725,32.41,244.0,sell
2024-05-06 10:40:01.231033580,32.4,129.0,sell
2024-05-06 10:40:01.970308116,32.25,534.0,sell
2024-05-06 10:40:02.851057382,32.19,329.0,sell
2024-05-06 10:40:02.944541785,32.1,153.0,sell
2024-05-06 10:40:04.083093303,32.1,488.0,sell
2024-05-06 10:40:04.616862502,32.08,392.0,buy
2024-05-06 10:40:05.684782957,31.99,240.0,sell
2024-05-06 10:40:06.016849761,31.97,517.0,sell
2024-05-06 10:40:06.407329213,31.88,501.0,sell
2024-05-06 10:40:07.664218609,31.86,258.0,sell
2024-05-06 10:40:08.815059076,31.84,145.0,sell
2024-05-06 10:40:09.112308433,31.76,443.0,sell
2024-05-06 10:40:09.272695327,31.76,368.0,sell
2024-05-06 10:40:09.522448982,31.75,310.0,sell
2024-05-06 10:40:09.767767975,31.72,272.0,sell
2024-05-06 10:40:09.936811557,31.69,496.0,sell
2024-05-06 10:40:10.093195001,31.6,265.0,sell
2024-05-06 10:40:11.080062116,31.56,837.0,sell
2024-05-06 10:40:11.116273232,31.55,163.0,buy
2024-05-06 10:40:11.682271708,31.47,230.0,sell
2024-05-06 10:40:11.777138216,31.4,272.0,sell
2024-05-06 10:40:11.988321199,31.41,381.0,buy
2024-05-06 10:40:12.020080338,31.36,391.0,sell
2024-05-06 10:40:12.177417654,31.33,201.0,sell
2024-05-06 10:40:12.908834913,31.34,175.0,buy
2024-05-06 10:40:13.990313121,31.32,180.0,sell
2024-05-06 10:40:14.115523704,31.23,153.0,sell
2024-05-06 10:40:14.426912649,31.22,222.0,sell
2024-05-06 10:40:14.744657584,31.22,215.0,buy
2024-05-06 10:40:15.778711810,31.23,182.0,buy
2024-05-06 10:40:16.498135619,31.23,554.0,buy
2024-05-06 10:40:16.857960483,31.19,92.0,sell
2024-05-06 10:40:17.413425201,31.19,158.0,sell
2024-05-06 10:40:18.353245535,31.18,274.0,sell
2024-05-06 10:40:18.358037905,31.16,202.0,sell
2024-05-06 10:40:18.615864895,31.16,447.0,buy
2024-05-06 10:40:19.804751851,31.2,834.0,buy
2024-05-06 10:40:20.478891020,31.14,356.0,sell
2024-05-06 10:40:20.870253444,31.12,341.0,sell
2024-05-06 10:40:21.247386716,31.02,342.0,sell
2024-05-06 10:40:21.461065800,30.97,671.0,sell
2024-05-06 10:40:21.828592904,30.98,372.0,buy
2024-05-06 10:40:22.361254005,30.93,763.0,sell
2024-05-06 10:40:22.632208407,30.94,686.0,buy
2024-05-06 10:40:23.258357950,30.94,190.0,sell
2024-05-06 10:40:24.245834673,30.93,190.0,sell
2024-05-06 10:40:24.329857553,30.84,379.0,sell
2024-05-06 10:40:24.630184419,30.83,199.0,buy
2024-05-06 10:40:24.892325711,30.75,329.0,sell
2024-05-06 10:40:25.473844805,30.7,546.0,sell
2024-05-06 10:40:25.617597493,30.69,305.0,sell
2024-05-06 10:40:26.128771731,30.67,252.0,sell
2024-05-06 10:40:27.178549946,30.65,176.0,sell
2024-05-06 10:40:27.449305433,30.6,532.0,sell
2024-05-06 10:40:28.658953097,30.58,413.0,sell
2024-05-06 10:40:31.151710260,30.55,637.0,sell
2024-05-06 10:40:31.207786496,30.52,422.0,sell
2024-05-06 10:40:31.340455409,30.52,316.0,sell
2024-05-06 10:40:32.842133555,30.5,200.0,buy
2024-05-06 10:40:34.431092713,30.48,233.0,sell
2024-05-06 10:40:34.482500854,30.46,386.0,sell
2024-05-06 10:40:34.490056912,30.4,218.0,sell
2024-05-06 10:40:34.577888810,30.27,405.0,sell
2024-05-06 10:40:37.340219751,30.25,297.0,sell
2024-05-06 10:40:37.439444986,30.23,200.0,sell
2024-05-06 10:40:37.788572696,30.24,382.0,buy
2024-05-06 10:40:38.731886067,30.24,329.0,buy
2024-05-06 10:40:38.742192366,30.21,344.0,sell
2024-05-06 10:40:39.205980683,30.2,496.0,sell
2024-05-06 10:40:39.368171311,30.13,599.0,sell
2024-05-06 10:40:40.359637048,30.12,106.0,sell
2024-05-06 10:40:40.526298453,30.04,475.0,sell
2024-05-06 10:40:41.106684427,29.98,613.0,sell
2024-05-06 10:40:41.667450349,29.97,254.0,sell
2024-05-06 10:40:41.792639349,29.94,196.0,sell
2024-05-06 10:40:41.810348907,29.94,249.0,sell
2024-05-06 10:40:42.073529728,29.94,328.0,sell
2024-05-06 10:40:42.244207002,29.95,732.0,buy
2024-05-06 10:40:43.071889684,29.91,385.0,sell
2024-05-06 10:40:43.877519941,29.91,192.0,sell
2024-05-06 10:40:44.182864977,29.87,367.0,sell
2024-05-06 10:40:44.649217617,29.85,726.0,sell
2024-05-06 10:40:45.112715930,29.83,180.0,sell
2024-05-06 10:40:45.990405057,29.83,874.0,sell
2024-05-06 10:40:46.267099776,29.79,267.0,sell
2024-05-06 10:40:46.428199738,29.72,515.0,sell
2024-05-06 10:40:46.582165882,29.69,405.0,sell
2024-05-06 10:40:46.966308486,29.65,1632.0,sell
2024-05-06 10:40:47.264453224,29.65,687.0,sell
2024-05-06 10:40:47.554470314,29.58,367.0,sell
2024-05-06 10:40:47.602250957,29.52,432.0,sell
2024-05-06 10:40:48.236246670,29.41,399.0,sell
2024-05-06 10:40:48.356478440,29.41,397.0,sell
2024-05-06 10:40:48.466149851,29.37,113.0,sell
2024-05-06 10:40:48.732309263,29.26,588.0,sell
2024-05-06 10:40:48.861551087,29.24,211.0,sell
2024-05-06 10:40:49.299915773,29.18,281.0,sell
2024-05-06 10:40:49.532096233,29.12,306.0,sell
2024-05-06 10:40:49.830026369,29.09,123.0,sell
2024-05-06 10:40:50.215223368,29.07,561.0,sell
2024-05-06 10:40:50.329009742,29.07,179.0,buy
2024-05-06 10:40:50.413664013,28.99,412.0,sell
2024-05-06 10:40:51.475556808,28.98,465.0,sell
2024-05-06 10:40:51.759893389,28.97,454.0,sell
2024-05-06 10:40:52.025487161,28.96,227.0,sell
2024-05-06 10:40:52.043618026,28.96,324.0,sell
2024-05-06 10:40:52.388172004,28.9,132.0,sell
2024-05-06 10:40:52.792080474,28.88,489.0,buy
2024-05-06 10:40:53.201255290,28.88,152.0,buy
2024-05-06 10:40:53.815099818,28.84,345.0,sell
2024-05-06 10:40:53.912792174,28.82,67.0,sell
2024-05-06 10:40:54.058117500,28.82,248.0,sell
2024-05-06 10:40:54.890409085,28.79,1231.0,sell
2024-05-06 10:40:56.360752957,28.78,156.0,sell
2024-05-06 10:40:56.433805294,28.72,292.0,sell
2024-05-06 10:40:56.778033947,28.7,1145.0,sell
2024-05-06 10:40:56.898545322,28.63,509.0,sell
2024-05-06 10:40:56.929521945,28.62,198.0,sell
2024-05-06 10:40:57.126416221,28.59,628.0,sell
2024-05-06 10:40:57.203976244,28.56,347.0,sell
2024-05-06 10:40:57.822798045,28.54,180.0,sell
2024-05-06 10:40:58.204288334,28.52,410.0,sell
2024-05-06 10:40:58.281934107,28.47,622.0,sell
2024-05-06 10:40:58.286576385,28.42,126.0,sell
2024-05-06 10:40:59.112115488,28.38,467.0,sell
2024-05-06 10:40:59.209025841,28.34,98.0,sell
2024-05-06 10:40:59.675003028,28.33,447.0,sell
2024-05-06 10:40:59.880434287,28.3,218.0,sell
2024-05-06 10:41:00.320758477,28.27,224.0,sell
2024-05-06 10:41:00.510404026,28.26,121.0,sell
2024-05-06 10:41:00.555880626,28.25,957.0,buy
2024-05-06 10:41:00.682005922,28.14,598.0,sell
2024-05-06 10:41:00.786169456,28.06,245.0,sell
2024-05-06 10:41:01.065494517,28.04,527.0,sell
2024-05-06 10:41:01.602381848,28.0,172.0,sell
2024-05-06 10:41:01.755512703,28.0,674.0,sell
2024-05-06 10:41:01.761584387,27.97,505.0,sell
2024-05-06 10:41:02.127463286,27.99,242.0,buy
2024-05-06 10:41:02.592860347,27.99,382.0,buy
2024-05-06 10:41:04.239532005,27.99,378.0,buy
2024-05-06 10:41:04.684686119,27.96,619.0,sell
2024-05-06 10:41:05.003232668,27.96,276.0,sell
2024-05-06 10:41:05.429188811,27.93,318.0,sell
2024-05-06 10:41:06.744043796,27.91,673.0,sell
2024-05-06 10:41:07.625274668,27.9,418.0,sell
2024-05-06 10:41:07.820300964,27.9,176.0,buy
2024-05-06 10:41:07.955716303,27.85,337.0,sell
2024-05-06 10:41:08.108051491,27.76,155.0,sell
2024-05-06 10:41:08.459065782,27.72,382.0,sell
2024-05-06 10:41:09.140451293,27.71,75.0,sell
2024-05-06 10:41:09.490254499,27.69,80.0,sell
2024-05-06 10:41:09.525356512,27.67,109.0,sell
2024-05-06 10:41:10.168274696,27.67,267.0,buy
2024-05-06 10:41:10.988146274,27.56,178.0,sell
2024-05-06 10:41:11.159037937,27.54,296.0,sell
2024-05-06 10:41:11.704547143,27.53,164.0,sell
2024-05-06 10:41:11.982625944,27.46,185.0,sell
2024-05-06 10:41:13.082276411,27.41,1983.0,sell
2024-05-06 10:41:14.015169628,27.4,358.0,sell
2024-05-06 10:41:14.387844808,27.37,115.0,sell
2024-05-06 10:41:14.975870514,27.29,422.0,sell
2024-05-06 10:41:16.050157873,27.27,482.0,sell
2024-05-06 10:41:16.392466713,27.24,591.0,sell
2024-05-06 10:41:16.580359729,27.21,1027.0,sell
2024-05-06 10:41:17.280893479,27.23,173.0,buy
2024-05-06 10:41:17.405166632,27.17,291.0,sell
2024-05-06 10:41:17.651112263,27.16,239.0,sell
2024-05-06 10:41:18.655053265,27.09,227.0,sell
2024-05-06 10:41:19.299496167,27.02,705.0,sell
2024-05-06 10:41:19.558094945,27.01,188.0,sell
2024-05-06 10:41:19.678968015,26.93,225.0,sell
2024-05-06 10:41:19.898971751,26.84,163.0,sell
2024-05-06 10:41:20.066082041,26.84,190.0,sell
2024-05-06 10:41:20.162928599,26.86,245.0,buy
2024-05-06 10:41:20.842916308,26.85,323.0,sell
2024-05-06 10:41:20.988139176,26.84,140.0,buy
2024-05-06 10:41:21.290860712,26.76,270.0,sell
2024-05-06 10:41:21.534626444,26.73,460.0,sell
2024-05-06 10:41:23.545472244,26.67,416.0,sell
2024-05-06 10:41:23.793516490,26.67,679.0,sell
2024-05-06 10:41:23.835197774,26.61,1046.0,sell
2024-05-06 10:41:23.882257383,26.58,191.0,sell
2024-05-06 10:41:24.328976460,26.54,336.0,sell
2024-05-06 10:41:24.786326898,26.5,90.0,sell
2024-05-06 10:41:25.057621793,26.47,637.0,sell
2024-05-06 10:41:25.340301147,26.42,104.0,sell
2024-05-06 10:41:25.368021871,26.35,747.0,sell
2024-05-06 10:41:25.731421953,26.38,337.0,buy
2024-05-06 10:41:26.082757624,26.4,336.0,buy
2024-05-06 10:41:26.163752052,26.36,329.0,sell
2024-05-06 10:41:26.218569865,26.35,347.0,sell
2024-05-06 10:41:26.284520506,26.27,185.0,sell
2024-05-06 10:41:26.337772339,26.26,170.0,sell
2024-05-06 10:41:26.808202640,26.26,345.0,sell
2024-05-06 10:41:26.917580892,26.18,201.0,sell
2024-05-06 10:41:27.062376274,26.18,264.0,buy
2024-05-06 10:41:27.157697601,26.15,154.0,sell
2024-05-06 10:41:28.740783604,26.14,309.0,sell
2024-05-06 10:41:29.704977017,26.14,353.0,sell
2024-05-06 10:41:29.835980825,26.05,212.0,sell
2024-05-06 10:41:30.034406700,26.02,146.0,sell
2024-05-06 10:41:30.152200050,26.01,368.0,sell
2024-05-06 10:41:30.490714894,26.01,200.0,sell
2024-05-06 10:41:30.500617579,25.92,416.0,sell
2024-05-06 10:41:31.057025940,25.84,806.0,sell
2024-05-06 10:41:31.427311137,25.79,158.0,sell
2024-05-06 10:41:32.571844222,25.77,178.0,sell
2024-05-06 10:41:32.661642469,25.76,280.0,sell
2024-05-06 10:41:33.476741546,25.68,252.0,sell
2024-05-06 10:41:34.261756439,25.62,664.0,sell
2024-05-06 10:41:34.329770085,25.61,367.0,sell
2024-05-06 10:41:34.583983690,25.59,296.0,sell
2024-05-06 10:41:34.677240440,25.5,196.0,sell
2024-05-06 10:41:34.824238422,25.49,94.0,sell
2024-05-06 10:41:34.976989155,25.53,204.0,buy
2024-05-06 10:41:35.383220793,25.5,324.0,sell
2024-05-06 10:41:35.648234301,25.5,106.0,sell
2024-05-06 10:41:37.123927467,25.5,197.0,buy
2024-05-06 10:41:37.191476715,25.45,521.0,sell
2024-05-06 10:41:39.010420380,25.42,173.0,sell
2024-05-06 10:41:39.141517636,25.39,390.0,sell
2024-05-06 10:41:39.882642670,25.38,530.0,sell
2024-05-06 10:41:40.089620642,25.35,105.0,sell
2024-05-06 10:41:40.166826813,25.32,225.0,sell
2024-05-06 10:41:41.142400883,25.31,616.0,sell
2024-05-06 10:41:41.327107969,25.3,377.0,sell
2024-05-06 10:41:41.864832397,25.27,241.0,sell
2024-05-06 10:41:42.282699189,25.2,411.0,sell
2024-05-06 10:41:42.601797972,25.18,549.0,sell
2024-05-06 10:41:42.944208415,25.17,291.0,buy
2024-05-06 10:41:43.603036631,25.14,134.0,sell
2024-05-06 10:41:43.648969792,25.09,433.0,sell
2024-05-06 10:41:44.200552103,25.09,412.0,sell
2024-05-06 10:41:45.331331749,25.04,220.0,sell
2024-05-06 10:41:45.361094342,24.99,601.0,sell
2024-05-06 10:41:45.436885780,24.88,120.0,sell
2024-05-06 10:41:46.067390104,24.9,234.0,buy
2024-05-06 10:41:46.354878124,24.89,488.0,sell
2024-05-06 10:41:46.613256899,24.85,313.0,sell
2024-05-06 10:41:46.686907863,24.83,1078.0,sell
2024-05-06 10:41:47.040297745,24.79,336.0,sell
2024-05-06 10:41:47.107947257,24.73,227.0,sell
2024-05-06 10:41:47.431671444,24.72,126.0,sell
2024-05-06 10:41:48.152818800,24.72,136.0,buy
2024-05-06 10:41:48.302199988,24.71,137.0,sell
2024-05-06 10:41:48.629919725,24.69,102.0,sell
2024-05-06 10:41:51.045075678,24.66,209.0,sell
2024-05-06 10:41:51.625293605,24.6,236.0,sell
2024-05-06 10:41:52.545842326,24.55,336.0,sell
2024-05-06 10:41:52.813783808,24.56,246.0,buy
2024-05-06 10:41:53.543993117,24.55,326.0,sell
2024-05-06 10:41:53.564669379,24.54,202.0,sell
2024-05-06 10:41:53.630242888,24.54,1328.0,sell
2024-05-06 10:41:53.743737476,24.46,319.0,sell
2024-05-06 10:41:54.000779544,24.46,496.0,sell
2024-05-06 10:41:54.935353250,24.44,281.0,sell
2024-05-06 10:41:55.147880658,24.43,260.0,sell
2024-05-06 10:41:55.679437395,24.38,326.0,sell
2024-05-06 10:41:56.297193718,24.33,652.0,sell
2024-05-06 10:41:56.738358654,24.3,137.0,sell
2024-05-06 10:41:56.959352122,24.27,564.0,sell
2024-05-06 10:41:57.389606728,24.27,622.0,sell
2024-05-06 10:41:57.599083761,24.21,376.0,sell
2024-05-06 10:41:57.642884303,24.18,296.0,sell
2024-05-06 10:42:00.109997768,24.16,192.0,sell
2024-05-06 10:42:00.178012139,24.13,349.0,sell
2024-05-06 10:42:00.215561654,24.04,702.0,sell
2024-05-06 10:42:01.269608718,24.04,206.0,sell
2024-05-06 10:42:01.449258383,24.0,358.0,sell
2024-05-06 10:42:01.974593874,23.98,217.0,sell
2024-05-06 10:42:02.174091214,23.95,286.0,sell
2024-05-06 10:42:02.422432823,23.94,1074.0,sell
2024-05-06 10:42:02.574415096,23.9,215.0,sell
2024-05-06 10:42:02.784484217,23.88,163.0,sell
2024-05-06 10:42:03.048894501,23.88,381.0,sell
2024-05-06 10:42:03.686120872,23.85,137.0,sell
2024-05-06 10:42:04.044365823,23.8,133.0,sell
2024-05-06 10:42:05.481700620,23.79,118.0,sell
2024-05-06 10:42:05.503091949,23.74,282.0,sell
2024-05-06 10:42:05.852743315,23.73,284.0,buy
2024-05-06 10:42:06.291548577,23.71,139.0,sell
2024-05-06 10:42:07.555645580,23.68,216.0,sell
2024-05-06 10:42:07.580849541,23.66,431.0,sell
2024-05-06 10:42:08.006920510,23.64,153.0,sell
2024-05-06 10:42:08.967729074,23.53,362.0,sell
2024-05-06 10:42:09.106217351,23.5,330.0,sell
2024-05-06 10:42:10.151134424,23.47,506.0,sell
2024-05-06 10:42:10.160747959,23.45,855.0,sell
2024-05-06 10:42:10.819981017,23.43,312.0,sell
2024-05-06 10:42:12.172357996,23.41,400.0,sell
2024-05-06 10:42:12.707658631,23.39,221.0,sell
2024-05-06 10:42:12.996701883,23.35,87.0,sell
2024-05-06 10:42:13.019661561,23.32,249.0,sell
2024-05-06 10:42:14.283237723,23.28,143.0,sell
2024-05-06 10:42:14.600956393,23.25,199.0,sell
2024-05-06 10:42:14.615669121,23.21,195.0,sell
2024-05-06 10:42:15.200972101,23.2,241.0,sell
2024-05-06 10:42:15.529705053,23.18,150.0,sell
2024-05-06 10:42:15.596096785,23.17,527.0,sell
2024-05-06 10:42:15.716668964,23.1,449.0,sell
2024-05-06 10:42:15.750001050,23.08,524.0,sell
2024-05-06 10:42:16.177003665,23.06,829.0,sell
2024-05-06 10:42:16.663473202,23.02,628.0,sell
2024-05-06 10:42:17.015822320,23.02,107.0,buy
2024-05-06 10:42:17.865236012,23.04,377.0,buy
2024-05-06 10:42:18.851908418,23.0,118.0,sell
2024-05-06 10:42:19.329975953,22.97,427.0,sell
2024-05-06 10:42:19.336395224,22.97,302.0,sell
2024-05-06 10:42:19.930493602,22.95,240.0,buy
2024-05-06 10:42:20.201135345,22.95,376.0,sell
2024-05-06 10:42:20.617981165,22.94,338.0,sell
2024-05-06 10:42:21.141580524,22.89,575.0,sell
2024-05-06 10:42:21.357154026,22.86,111.0,sell
2024-05-06 10:42:22.602205119,22.82,126.0,sell
2024-05-06 10:42:22.674125793,22.85,272.0,buy
2024-05-06 10:42:23.230752985,22.77,102.0,sell
2024-05-06 10:42:23.232937541,22.73,410.0,sell
2024-05-06 10:42:24.525750552,22.68,180.0,sell
2024-05-06 10:42:24.585426260,22.65,750.0,sell
2024-05-06 10:42:24.635272471,22.63,194.0,sell
2024-05-06 10:42:24.837760809,22.64,533.0,buy
2024-05-06 10:42:25.071616966,22.58,213.0,sell
2024-05-06 10:42:25.192207132,22.58,202.0,sell
2024-05-06 10:42:25.632092112,22.57,294.0,sell
2024-05-06 10:42:25.924610026,22.53,291.0,sell
2024-05-06 10:42:25.941996641,22.51,278.0,sell
2024-05-06 10:42:26.134572111,22.47,196.0,sell
2024-05-06 10:42:26.966078260,22.39,75.0,sell
2024-05-06 10:42:27.551188587,22.41,561.0,buy
2024-05-06 10:42:28.196445921,22.38,364.0,sell
2024-05-06 10:42:28.795303672,22.36,263.0,sell
2024-05-06 10:42:28.981541099,22.33,162.0,sell
2024-05-06 10:42:29.034034681,22.34,231.0,buy
2024-05-06 10:42:29.193082768,22.33,204.0,sell
2024-05-06 10:42:30.084339838,22.31,450.0,sell
2024-05-06 10:42:32.052262030,22.33,401.0,buy
2024-05-06 10:42:32.392720187,22.33,135.0,buy
2024-05-06 10:42:32.397594042,22.32,181.0,sell
2024-05-06 10:42:32.473031541,22.29,214.0,sell
2024-05-06 10:42:32.667394961,22.28,348.0,buy
2024-05-06 10:42:33.099463966,22.25,178.0,sell
2024-05-06 10:42:33.138495359,22.22,743.0,sell
2024-05-06 10:42:34.573991428,22.19,283.0,sell
2024-05-06 10:42:34.801122457,22.11,74.0,sell
2024-05-06 10:42:36.019662177,22.11,137.0,sell
2024-05-06 10:42:36.777913367,22.11,673.0,buy
2024-05-06 10:42:37.482055091,22.14,199.0,buy
2024-05-06 10:42:37.948671283,22.11,290.0,sell
2024-05-06 10:42:38.441470007,22.09,374.0,sell
2024-05-06 10:42:38.949530010,22.06,405.0,sell
2024-05-06 10:42:39.444931269,22.0,210.0,sell
2024-05-06 10:42:39.848344852,21.96,228.0,sell
2024-05-06 10:42:41.997703247,21.95,723.0,sell
2024-05-06 10:42:42.656629793,21.9,190.0,sell
2024-05-06 10:42:43.406801356,21.81,173.0,sell
2024-05-06 10:42:44.436475012,21.78,367.0,sell
2024-05-06 10:42:44.557918450,21.76,515.0,sell
2024-05-06 10:42:44.601681019,21.74,299.0,sell
2024-05-06 10:42:44.931435139,21.71,223.0,sell
2024-05-06 10:42:45.292291494,21.72,142.0,buy
2024-05-06 10:42:46.175869158,21.68,213.0,sell
2024-05-06 10:42:46.469168066,21.64,275.0,sell
2024-05-06 10:42:46.892145976,21.62,199.0,sell
2024-05-06 10:42:47.266550915,21.59,234.0,sell
2024-05-06 10:42:47.286026737,21.55,442.0,sell
2024-05-06 10:42:47.763561874,21.5,596.0,sell
2024-05-06 10:42:48.643818121,21.47,650.0,sell
2024-05-06 10:42:48.729509255,21.47,771.0,sell
2024-05-06 10:42:49.180619021,21.42,149.0,sell
2024-05-06 10:42:49.630840686,21.4,196.0,sell
2024-05-06 10:42:49.720514655,21.36,442.0,sell
2024-05-06 10:42:49.786403164,21.28,338.0,sell
2024-05-06 10:42:51.743714930,21.26,241.0,sell
2024-05-06 10:42:51.993920922,21.19,192.0,sell
2024-05-06 10:42:52.122931898,21.12,416.0,sell
2024-05-06 10:42:52.216895243,21.09,490.0,sell
2024-05-06 10:42:52.767605929,21.08,207.0,sell
2024-05-06 10:42:53.237699547,21.06,203.0,sell
2024-05-06 10:42:53.753483175,21.06,570.0,sell
2024-05-06 10:42:53.799544124,21.04,373.0,sell
2024-05-06 10:42:54.919511662,21.04,341.0,buy
2024-05-06 10:42:55.166058870,21.0,98.0,sell
2024-05-06 10:42:55.354038290,20.95,340.0,sell
2024-05-06 10:42:55.664322680,20.87,367.0,sell
2024-05-06 10:42:55.911524996,20.81,289.0,sell
2024-05-06 10:42:56.907522471,20.8,180.0,sell
2024-05-06 10:42:58.231901411,20.79,309.0,sell
2024-05-06 10:42:58.412711570,20.74,183.0,sell
2024-05-06 10:42:59.410025821,20.73,276.0,sell
2024-05-06 10:43:00.170563384,20.74,116.0,buy
2024-05-06 10:43:01.505996031,20.75,454.0,buy
2024-05-06 10:43:01.647011938,20.77,190.0,buy
2024-05-06 10:43:02.077155205,20.74,243.0,sell
2024-05-06 10:43:02.237633036,20.73,237.0,sell
2024-05-06 10:43:03.106537189,20.71,376.0,sell
2024-05-06 10:43:03.109206396,20.64,514.0,sell
2024-05-06 10:43:03.525203204,20.64,192.0,sell
2024-05-06 10:43:03.732357829,20.62,150.0,sell
2024-05-06 10:43:03.927166288,20.6,341.0,sell
2024-05-06 10:43:04.444853112,20.57,278.0,sell
2024-05-06 10:43:05.398385916,20.55,156.0,sell
2024-05-06 10:43:05.868159699,20.51,199.0,sell
2024-05-06 10:43:06.827409754,20.5,642.0,sell
2024-05-06 10:43:06.981078146,20.47,465.0,sell
2024-05-06 10:43:07.347544101,20.44,579.0,sell
2024-05-06 10:43:07.646950602,20.43,308.0,sell
2024-05-06 10:43:07.652807218,20.38,1025.0,sell
2024-05-06 10:43:08.059687990,20.37,437.0,sell
2024-05-06 10:43:08.601339514,20.36,297.0,sell
2024-05-06 10:43:09.049478680,20.33,380.0,sell
2024-05-06 10:43:09.715912161,20.31,657.0,sell
2024-05-06 10:43:10.139457218,20.31,735.0,buy
2024-05-06 10:43:10.173998435,20.25,458.0,sell
2024-05-06 10:43:10.235899600,20.23,258.0,sell
2024-05-06 10:43:10.689657495,20.22,342.0,sell
2024-05-06 10:43:10.850434957,20.2,106.0,sell
2024-05-06 10:43:10.891932934,20.2,264.0,sell
2024-05-06 10:43:11.172644043,20.12,62.0,sell
2024-05-06 10:43:11.576723995,20.1,481.0,sell
2024-05-06 10:43:11.776027823,20.04,558.0,sell
2024-05-06 10:43:12.413285730,20.06,645.0,buy
2024-05-06 10:43:12.929375928,20.03,438.0,sell
2024-05-06 10:43:13.131722401,20.02,186.0,sell
2024-05-06 10:43:13.834710859,20.0,538.0,sell
2024-05-06 10:43:14.357761163,20.01,415.0,buy
2024-05-06 10:43:14.865051231,20.0,222.0,sell
2024-05-06 10:43:15.268128215,19.98,290.0,sell
2024-05-06 10:43:15.273855728,19.93,228.0,sell
2024-05-06 10:43:15.870054397,19.92,261.0,sell
2024-05-06 10:43:16.105890340,19.91,238.0,buy
2024-05-06 10:43:17.534830418,19.85,600.0,sell
2024-05-06 10:43:18.386662878,19.86,92.0,buy
2024-05-06 10:43:18.829658191,19.84,896.0,sell
2024-05-06 10:43:18.974956002,19.85,550.0,buy
2024-05-06 10:43:19.088856563,19.82,253.0,sell
2024-05-06 10:43:19.296905914,19.77,222.0,sell
2024-05-06 10:43:19.620579936,19.78,177.0,buy
2024-05-06 10:43:19.796114927,19.77,531.0,sell
2024-05-06 10:43:20.157845441,19.77,441.0,sell
2024-05-06 10:43:20.248229079,19.75,193.0,sell
2024-05-06 10:43:22.150100745,19.75,887.0,buy
2024-05-06 10:43:22.207203030,19.75,621.0,sell
2024-05-06 10:43:23.550916247,19.74,270.0,sell
2024-05-06 10:43:24.775172816,19.74,564.0,sell
2024-05-06 10:43:25.147772652,19.68,403.0,sell
2024-05-06 10:43:25.793101628,19.68,159.0,sell
2024-05-06 10:43:26.079494961,19.63,183.0,sell
2024-05-06 10:43:26.576667826,19.61,149.0,sell
2024-05-06 10:43:26.784862055,19.56,185.0,sell
2024-05-06 10:43:26.964028084,19.56,241.0,sell
2024-05-06 10:43:27.395675399,19.55,689.0,sell
2024-05-06 10:43:27.740382153,19.55,342.0,sell
2024-05-06 10:43:28.173580800,19.55,567.0,sell
2024-05-06 10:43:28.342479764,19.51,258.0,sell
2024-05-06 10:43:28.571088885,19.51,326.0,sell
2024-05-06 10:43:28.614902647,19.49,831.0,sell
2024-05-06 10:43:28.641748823,19.48,310.0,sell
2024-05-06 10:43:28.787899940,19.44,249.0,sell
2024-05-06 10:43:28.826473774,19.42,146.0,sell
2024-05-06 10:43:28.881255502,19.43,135.0,buy
2024-05-06 10:43:29.719387440,19.45,472.0,buy
2024-05-06 10:43:29.739212165,19.43,373.0,sell
2024-05-06 10:43:30.277064693,19.38,176.0,sell
2024-05-06 10:43:30.436175025,19.37,1003.0,sell
2024-05-06 10:43:31.462265990,19.34,516.0,sell
2024-05-06 10:43:31.794052688,19.33,208.0,sell
2024-05-06 10:43:31.976389296,19.33,764.0,sell
2024-05-06 10:43:32.340920470,19.31,294.0,sell
2024-05-06 10:43:32.581519917,19.3,541.0,sell
2024-05-06 10:43:32.996921812,19.26,271.0,sell
2024-05-06 10:43:33.057741782,19.23,457.0,sell
2024-05-06 10:43:35.960732913,19.22,185.0,sell
2024-05-06 10:43:36.237909138,19.19,624.0,sell
2024-05-06 10:43:36.451941399,19.2,191.0,buy
2024-05-06 10:43:37.071240515,19.15,460.0,sell
2024-05-06 10:43:37.297439796,19.14,285.0,sell
2024-05-06 10:43:38.193142477,19.1,476.0,sell
2024-05-06 10:43:38.495958606,19.06,1170.0,sell
2024-05-06 10:43:39.131653518,19.04,481.0,sell
2024-05-06 10:43:39.188491692,19.04,1101.0,sell
2024-05-06 10:43:40.124280146,19.03,280.0,sell
2024-05-06 10:43:40.789649403,18.96,320.0,sell
2024-05-06 10:43:40.908598321,18.94,526.0,sell
2024-05-06 10:43:40.987092511,18.91,430.0,sell
2024-05-06 10:43:41.177204943,18.9,412.0,sell
2024-05-06 10:43:43.043528376,18.84,182.0,sell
2024-05-06 10:43:43.191944664,18.79,291.0,sell
2024-05-06 10:43:43.496464614,18.78,240.0,sell
2024-05-06 10:43:43.511704644,18.76,756.0,sell
2024-05-06 10:43:43.764812385,18.76,448.0,sell
2024-05-06 10:43:44.188334683,18.75,489.0,sell
2024-05-06 10:43:45.718465947,18.74,341.0,sell
2024-05-06 10:43:46.082062089,18.74,294.0,sell
2024-05-06 10:43:46.936987782,18.71,410.0,sell
2024-05-06 10:43:47.333060264,18.67,245.0,sell
2024-05-06 10:43:47.353880290,18.67,266.0,sell
2024-05-06 10:43:47.543054550,18.65,844.0,sell
2024-05-06 10:43:47.971534503,18.63,254.0,sell
2024-05-06 10:43:49.475375861,18.62,673.0,buy
2024-05-06 10:43:50.455336038,18.58,264.0,sell
2024-05-06 10:43:50.584951775,18.58,385.0,sell
2024-05-06 10:43:50.709252864,18.53,169.0,sell
2024-05-06 10:43:50.821558282,18.51,385.0,sell
2024-05-06 10:43:52.100289833,18.49,762.0,sell
2024-05-06 10:43:53.057816933,18.46,393.0,sell
2024-05-06 10:43:53.803385399,18.45,378.0,sell
2024-05-06 10:43:54.052780498,18.41,207.0,sell
2024-05-06 10:43:54.403754096,18.38,194.0,sell
2024-05-06 10:43:54.715874214,18.37,387.0,buy
2024-05-06 10:43:54.861985803,18.33,233.0,sell
2024-05-06 10:43:55.213612891,18.27,134.0,sell
2024-05-06 10:43:55.229098513,18.22,491.0,sell
2024-05-06 10:43:55.299771075,18.2,158.0,sell
2024-05-06 10:43:56.388142149,18.17,484.0,sell
2024-05-06 10:43:57.084660201,18.13,185.0,sell
2024-05-06 10:43:57.359502690,18.11,244.0,sell
2024-05-06 10:43:57.723527681,18.12,318.0,buy
2024-05-06 10:43:57.954544527,18.1,843.0,sell
2024-05-06 10:43:58.629583349,18.08,239.0,sell
2024-05-06 10:43:59.396255258,18.07,132.0,sell
2024-05-06 10:44:00.116704856,18.07,273.0,sell
2024-05-06 10:44:00.757873376,18.03,508.0,sell
2024-05-06 10:44:00.872268318,17.96,679.0,sell
2024-05-06 10:44:01.078490506,17.94,180.0,sell
2024-05-06 10:44:01.395783847,17.91,2147.0,sell
2024-05-06 10:44:01.596614766,17.86,279.0,sell
2024-05-06 10:44:02.299741274,17.85,199.0,sell
2024-05-06 10:44:02.499497846,17.82,193.0,sell
2024-05-06 10:44:02.573882489,17.81,62.0,sell
2024-05-06 10:44:02.828496316,17.8,556.0,sell
2024-05-06 10:44:04.782373202,17.79,428.0,sell
2024-05-06 10:44:04.910388304,17.79,125.0,sell
2024-05-06 10:44:05.383967773,17.79,446.0,sell
2024-05-06 10:44:05.667641995,17.8,248.0,buy
2024-05-06 10:44:05.704478488,17.81,185.0,buy
2024-05-06 10:44:06.039073328,17.77,623.0,sell
2024-05-06 10:44:06.644680019,17.76,357.0,sell
2024-05-06 10:44:07.004651496,17.75,427.0,sell
2024-05-06 10:44:08.032928487,17.74,191.0,sell
2024-05-06 10:44:08.203425621,17.73,723.0,sell
2024-05-06 10:44:08.248524302,17.69,499.0,sell
2024-05-06 10:44:09.627398883,17.67,272.0,sell
2024-05-06 10:44:09.864964338,17.65,463.0,sell
2024-05-06 10:44:10.294453723,17.62,189.0,sell
2024-05-06 10:44:11.079569838,17.6,273.0,sell
2024-05-06 10:44:11.275582993,17.59,208.0,buy
2024-05-06 10:44:11.905263277,17.59,354.0,buy
2024-05-06 10:44:11.978018332,17.58,176.0,sell
2024-05-06 10:44:12.150175407,17.59,281.0,buy
2024-05-06 10:44:12.228333122,17.58,363.0,sell
2024-05-06 10:44:13.061947569,17.58,298.0,sell
2024-05-06 10:44:13.187879367,17.57,288.0,sell
2024-05-06 10:44:13.819747062,17.55,380.0,sell
2024-05-06 10:44:15.254723462,17.5,180.0,sell
2024-05-06 10:44:15.629870363,17.48,774.0,sell
2024-05-06 10:44:16.018166490,17.48,286.0,buy
2024-05-06 10:44:16.327217484,17.47,715.0,sell
2024-05-06 10:44:16.524398579,17.44,302.0,sell
2024-05-06 10:44:16.847201315,17.39,283.0,sell
2024-05-06 10:44:17.308868471,17.39,237.0,sell
2024-05-06 10:44:19.442916542,17.38,195.0,sell
2024-05-06 10:44:20.831331870,17.37,401.0,buy
2024-05-06 10:44:21.822137171,17.36,228.0,sell
2024-05-06 10:44:22.921838054,17.37,576.0,buy
2024-05-06 10:44:23.237252224,17.34,1134.0,sell
2024-05-06 10:44:23.772912767,17.34,270.0,sell
2024-05-06 10:44:24.900128061,17.33,144.0,buy
2024-05-06 10:44:25.149700750,17.32,220.0,sell
2024-05-06 10:44:26.781669752,17.29,143.0,sell
2024-05-06 10:44:27.050413768,17.27,381.0,sell
2024-05-06 10:44:27.509914300,17.24,243.0,sell
2024-05-06 10:44:28.128514890,17.22,760.0,sell
2024-05-06 10:44:29.632336485,17.21,110.0,sell
2024-05-06 10:44:29.772601191,17.19,120.0,sell
2024-05-06 10:44:30.458069595,17.18,483.0,sell
2024-05-06 10:44:30.825904474,17.17,249.0,sell
2024-05-06 10:44:30.982272562,17.17,238.0,buy
2024-05-06 10:44:31.731683566,17.17,96.0,buy
2024-05-06 10:44:32.133412732,17.16,130.0,sell
2024-05-06 10:44:32.674251707,17.11,224.0,sell
2024-05-06 10:44:32.869220649,17.07,658.0,sell
2024-05-06 10:44:33.197410339,17.08,356.0,buy
2024-05-06 10:44:33.677733167,17.07,347.0,sell
2024-05-06 10:44:33.937255163,17.04,1201.0,sell
2024-05-06 10:44:34.047810809,17.04,373.0,buy
2024-05-06 10:44:35.678187241,17.04,248.0,buy
2024-05-06 10:44:36.036361922,17.03,779.0,buy
2024-05-06 10:44:36.698341749,17.01,443.0,sell
2024-05-06 10:44:36.963046361,16.98,296.0,sell
2024-05-06 10:44:37.182400995,16.98,547.0,sell
2024-05-06 10:44:37.443819986,16.97,187.0,sell
2024-05-06 10:44:37.706956010,16.93,295.0,sell
2024-05-06 10:44:38.099784779,16.92,311.0,sell
2024-05-06 10:44:38.491835069,16.9,103.0,sell
2024-05-06 10:44:38.835570545,16.83,509.0,sell
2024-05-06 10:44:38.907959622,16.82,393.0,sell
2024-05-06 10:44:39.250624012,16.8,208.0,sell
2024-05-06 10:44:39.343249274,16.76,135.0,sell
2024-05-06 10:44:39.410664413,16.75,257.0,sell
2024-05-06 10:44:40.759558808,16.75,254.0,sell
2024-05-06 10:44:41.223930294,16.73,346.0,sell
2024-05-06 10:44:41.762585772,16.7,844.0,sell
2024-05-06 10:44:42.019495548,16.68,138.0,sell
2024-05-06 10:44:43.217838456,16.68,126.0,sell
2024-05-06 10:44:43.725797990,16.68,821.0,buy
2024-05-06 10:44:44.458834592,16.68,119.0,sell
2024-05-06 10:44:44.688712724,16.65,324.0,sell
2024-05-06 10:44:46.298299169,16.65,443.0,buy
2024-05-06 10:44:47.156981389,16.61,285.0,sell
2024-05-06 10:44:48.118879253,16.6,390.0,sell
2024-05-06 10:44:48.213367640,16.6,259.0,buy
2024-05-06 10:44:48.371383179,16.59,780.0,sell
2024-05-06 10:44:48.539557921,16.52,389.0,sell
2024-05-06 10:44:48.697536437,16.52,882.0,sell
2024-05-06 10:44:49.664456646,16.51,334.0,sell
2024-05-06 10:44:49.680658739,16.5,88.0,sell
2024-05-06 10:44:49.720234452,16.49,516.0,buy
2024-05-06 10:44:49.880278458,16.5,504.0,buy
2024-05-06 10:44:49.991770849,16.46,688.0,sell
2024-05-06 10:44:50.123662233,16.44,257.0,sell
2024-05-06 10:44:50.923265423,16.43,143.0,sell
2024-05-06 10:44:51.337321331,16.42,401.0,buy
2024-05-06 10:44:51.340215019,16.41,212.0,sell
2024-05-06 10:44:51.620680765,16.41,938.0,sell
2024-05-06 10:44:51.882707906,16.38,488.0,sell
2024-05-06 10:44:51.943196185,16.37,266.0,sell
2024-05-06 10:44:52.506920924,16.32,393.0,sell
2024-05-06 10:44:53.112414915,16.32,388.0,buy
2024-05-06 10:44:53.750495336,16.28,219.0,sell
2024-05-06 10:44:54.402338402,16.26,344.0,sell
2024-05-06 10:44:54.402364816,16.22,241.0,sell
2024-05-06 10:44:55.941061670,16.16,578.0,sell
2024-05-06 10:44:56.782627489,16.15,242.0,sell
2024-05-06 10:44:57.954235712,16.16,309.0,buy
2024-05-06 10:44:57.962119183,16.1,299.0,sell
2024-05-06 10:44:59.320100865,16.1,174.0,sell
2024-05-06 10:45:00.149910275,16.09,240.0,sell
2024-05-06 10:45:01.057585484,16.06,366.0,sell
2024-05-06 10:45:01.106550349,16.06,109.0,sell
2024-05-06 10:45:01.777742734,16.06,342.0,sell
2024-05-06 10:45:03.386140350,16.03,198.0,sell
2024-05-06 10:45:03.953592849,16.02,193.0,sell
2024-05-06 10:45:04.376231107,15.97,690.0,sell
2024-05-06 10:45:05.832199517,15.94,379.0,sell
2024-05-06 10:45:06.124738096,15.93,491.0,sell
2024-05-06 10:45:06.582001199,15.92,235.0,sell
2024-05-06 10:45:06.905455899,15.91,161.0,sell
2024-05-06 10:45:08.255840942,15.92,484.0,buy
2024-05-06 10:45:08.295408396,15.9,105.0,sell
2024-05-06 10:45:08.643102943,15.88,176.0,sell
2024-05-06 10:45:09.223803020,15.84,184.0,sell
2024-05-06 10:45:10.008687003,15.8,215.0,sell
2024-05-06 10:45:10.446043891,15.8,300.0,sell
2024-05-06 10:45:11.644040026,15.79,177.0,sell
2024-05-06 10:45:13.067622432,15.77,351.0,sell
2024-05-06 10:45:13.100862888,15.75,324.0,sell
2024-05-06 10:45:13.358255062,15.68,124.0,sell
2024-05-06 10:45:13.370124345,15.68,497.0,sell
2024-05-06 10:45:13.569927987,15.65,149.0,sell
2024-05-06 10:45:13.954799807,15.65,509.0,buy
2024-05-06 10:45:15.163208511,15.64,176.0,sell
2024-05-06 10:45:16.100412844,15.6,143.0,sell
2024-05-06 10:45:16.168609000,15.61,384.0,buy
2024-05-06 10:45:16.217432159,15.61,183.0,buy
2024-05-06 10:45:16.662338527,15.61,610.0,buy
2024-05-06 10:45:17.042108073,15.59,379.0,sell
2024-05-06 10:45:17.196988514,15.56,350.0,sell
2024-05-06 10:45:18.345553934,15.51,307.0,sell
2024-05-06 10:45:19.656717826,15.5,341.0,sell
2024-05-06 10:45:19.914311586,15.48,477.0,sell
2024-05-06 10:45:21.019326197,15.43,351.0,sell
2024-05-06 10:45:21.261538875,15.43,549.0,buy
2024-05-06 10:45:21.928991391,15.4,88.0,sell
2024-05-06 10:45:22.252068055,15.38,110.0,sell
2024-05-06 10:45:22.317454602,15.35,1332.0,sell
2024-05-06 10:45:23.632542455,15.34,792.0,sell
2024-05-06 10:45:23.935199070,15.31,225.0,sell
2024-05-06 10:45:24.598244883,15.29,525.0,sell
2024-05-06 10:45:24.827024625,15.28,352.0,sell
2024-05-06 10:45:24.836555324,15.26,371.0,sell
2024-05-06 10:45:24.889530312,15.26,299.0,buy
2024-05-06 10:45:25.232337603,15.25,601.0,sell
2024-05-06 10:45:25.817871608,15.24,241.0,sell
2024-05-06 10:45:26.021656764,15.23,179.0,sell
2024-05-06 10:45:26.616179910,15.21,515.0,sell
2024-05-06 10:45:27.215897450,15.19,386.0,sell
2024-05-06 10:45:27.824487110,15.16,150.0,sell
2024-05-06 10:45:28.163637925,15.17,432.0,buy
2024-05-06 10:45:29.395520679,15.17,309.0,sell
2024-05-06 10:45:29.731405848,15.12,233.0,sell
2024-05-06 10:45:30.030565492,15.1,160.0,sell
2024-05-06 10:45:30.141750429,15.08,327.0,sell
2024-05-06 10:45:30.325585939,15.08,371.0,buy
2024-05-06 10:45:30.347214298,15.05,382.0,sell
2024-05-06 10:45:30.849140829,14.99,343.0,sell
2024-05-06 10:45:30.992006646,14.99,214.0,buy
2024-05-06 10:45:31.173321001,14.98,283.0,sell
2024-05-06 10:45:31.909932828,14.96,544.0,sell
2024-05-06 10:45:32.108102156,14.95,461.0,sell
2024-05-06 10:45:32.246767336,14.95,237.0,sell
2024-05-06 10:45:32.339364826,14.94,840.0,sell
2024-05-06 10:45:33.084877701,14.93,256.0,sell
2024-05-06 10:45:33.154339946,14.92,345.0,sell
2024-05-06 10:45:33.456682655,14.89,275.0,sell
2024-05-06 10:45:33.810234836,14.85,346.0,sell
2024-05-06 10:45:34.391634132,14.85,371.0,sell
2024-05-06 10:45:34.893217212,14.8,100.0,sell
2024-05-06 10:45:35.725482930,14.77,455.0,sell
2024-05-06 10:45:35.748374776,14.76,138.0,sell
2024-05-06 10:45:35.924176351,14.72,360.0,sell
2024-05-06 10:45:36.088521531,14.73,512.0,buy
2024-05-06 10:45:36.167443471,14.72,713.0,sell
2024-05-06 10:45:36.338110266,14.7,143.0,sell
2024-05-06 10:45:36.523472073,14.68,282.0,sell
2024-05-06 10:45:36.892423506,14.65,362.0,sell
2024-05-06 10:45:37.437305995,14.64,317.0,sell
2024-05-06 10:45:37.677212195,14.64,333.0,sell
2024-05-06 10:45:38.312749911,14.6,255.0,sell
2024-05-06 10:45:38.517610993,14.6,236.0,sell
2024-05-06 10:45:38.689055960,14.59,325.0,sell
2024-05-06 10:45:39.078613391,14.6,141.0,buy
2024-05-06 10:45:39.090614451,14.6,193.0,sell
2024-05-06 10:45:39.132190661,14.56,352.0,sell
2024-05-06 10:45:39.402806913,14.56,249.0,sell
2024-05-06 10:45:40.834393814,14.56,162.0,sell
2024-05-06 10:45:41.473583573,14.53,241.0,sell
2024-05-06 10:45:41.519710613,14.52,215.0,sell
2024-05-06 10:45:42.456145529,14.49,423.0,sell
2024-05-06 10:45:43.115091132,14.47,211.0,sell
2024-05-06 10:45:43.587110372,14.44,125.0,sell
2024-05-06 10:45:44.445324028,14.39,470.0,sell
2024-05-06 10:45:44.704173497,14.33,383.0,sell
2024-05-06 10:45:44.829367316,14.3,352.0,sell
2024-05-06 10:45:45.188111217,14.3,266.0,sell
2024-05-06 10:45:45.586079780,14.28,515.0,sell
2024-05-06 10:45:45.972528315,14.28,271.0,buy
2024-05-06 10:45:46.388817764,14.28,267.0,buy
2024-05-06 10:45:47.873897966,14.28,207.0,sell
2024-05-06 10:45:49.036546618,14.27,628.0,sell
2024-05-06 10:45:50.079143793,14.24,175.0,sell
2024-05-06 10:45:50.887417382,14.21,699.0,sell
2024-05-06 10:45:52.323538888,14.2,168.0,sell
2024-05-06 10:45:52.375383535,14.19,306.0,sell
2024-05-06 10:45:52.529409782,14.18,640.0,sell
2024-05-06 10:45:52.871063603,14.16,479.0,sell
2024-05-06 10:45:53.808203327,14.15,180.0,sell
2024-05-06 10:45:54.159969498,14.13,456.0,sell
2024-05-06 10:45:54.849201526,14.12,590.0,sell
2024-05-06 10:45:54.924008630,14.11,136.0,sell
2024-05-06 10:45:55.069461470,14.11,422.0,sell
2024-05-06 10:45:55.727428060,14.11,220.0,buy
2024-05-06 10:45:55.817430587,14.09,859.0,sell
2024-05-06 10:45:56.033866161,14.08,225.0,sell
2024-05-06 10:45:56.187717578,14.06,247.0,sell
2024-05-06 10:45:56.403002658,14.05,443.0,sell
2024-05-06 10:45:57.019058583,14.05,323.0,sell
2024-05-06 10:45:57.248370639,14.03,241.0,sell
2024-05-06 10:45:57.653507093,14.04,592.0,buy
2024-05-06 10:45:57.706149507,14.0,227.0,sell
2024-05-06 10:45:58.523572736,13.98,802.0,sell
2024-05-06 10:45:58.754502081,13.97,463.0,sell
2024-05-06 10:45:59.277323458,13.96,229.0,sell
2024-05-06 10:45:59.923524418,13.96,79.0,sell
2024-05-06 10:46:00.041171024,13.97,144.0,buy
2024-05-06 10:46:01.121171484,13.96,219.0,sell
2024-05-06 10:46:01.600019926,13.95,463.0,buy
2024-05-06 10:46:01.879962337,13.93,241.0,sell
2024-05-06 10:46:01.980613731,13.92,143.0,sell
2024-05-06 10:46:03.406870911,13.92,190.0,sell
2024-05-06 10:46:04.110258656,13.89,546.0,sell
2024-05-06 10:46:04.226871107,13.88,113.0,buy
2024-05-06 10:46:04.432897568,13.87,200.0,sell
2024-05-06 10:46:05.262406690,13.88,1236.0,buy
2024-05-06 10:46:05.857240601,13.85,255.0,sell
2024-05-06 10:46:06.582996982,13.83,263.0,sell
2024-05-06 10:46:06.873979794,13.83,531.0,buy
2024-05-06 10:46:07.504209508,13.81,85.0,sell
2024-05-06 10:46:07.748491900,13.79,398.0,sell
2024-05-06 10:46:07.867153021,13.78,523.0,sell
2024-05-06 10:46:08.367909923,13.78,266.0,buy
2024-05-06 10:46:10.233050848,13.77,150.0,sell
2024-05-06 10:46:10.419018365,13.77,177.0,sell
2024-05-06 10:46:10.728010012,13.76,440.0,sell
2024-05-06 10:46:11.288441064,13.76,1119.0,sell
2024-05-06 10:46:11.678345408,13.76,261.0,sell
2024-05-06 10:46:12.605464411,13.75,898.0,sell
2024-05-06 10:46:13.322666473,13.75,374.0,sell
2024-05-06 10:46:13.352699252,13.75,247.0,sell
2024-05-06 10:46:16.578255103,13.73,168.0,sell
2024-05-06 10:46:17.276230427,13.71,268.0,sell
2024-05-06 10:46:18.273425295,13.69,649.0,sell
2024-05-06 10:46:18.800050309,13.7,101.0,buy
2024-05-06 10:46:19.770012308,13.67,144.0,sell
2024-05-06 10:46:19.829619761,13.65,558.0,sell
2024-05-06 10:46:20.043274114,13.62,192.0,sell
2024-05-06 10:46:21.088711212,13.61,310.0,sell
2024-05-06 10:46:21.201318566,13.58,491.0,sell
2024-05-06 10:46:21.242054901,13.57,670.0,sell
2024-05-06 10:46:22.017920000,13.53,137.0,sell
2024-05-06 10:46:22.920300276,13.52,503.0,sell
2024-05-06 10:46:23.009058169,13.49,168.0,sell
2024-05-06 10:46:23.972318776,13.47,404.0,sell
2024-05-06 10:46:24.552724024,13.46,172.0,sell
2024-05-06 10:46:24.919794748,13.45,621.0,sell
2024-05-06 10:46:25.806509572,13.43,419.0,sell
2024-05-06 10:46:26.078226379,13.42,218.0,sell
2024-05-06 10:46:26.186058398,13.42,503.0,buy
2024-05-06 10:46:26.353691754,13.42,201.0,sell
2024-05-06 10:46:26.705456214,13.41,256.0,sell
2024-05-06 10:46:27.084385251,13.37,276.0,sell
2024-05-06 10:46:27.903254633,13.35,265.0,sell
2024-05-06 10:46:28.686809695,13.33,232.0,sell
2024-05-06 10:46:29.122189486,13.32,239.0,sell
2024-05-06 10:46:29.881041736,13.32,833.0,sell
2024-05-06 10:46:29.987498179,13.29,387.0,sell
2024-05-06 10:46:30.013178789,13.26,247.0,sell
2024-05-06 10:46:31.047464498,13.23,198.0,sell
2024-05-06 10:46:31.086745085,13.22,1480.0,sell
2024-05-06 10:46:31.228383267,13.2,496.0,sell
2024-05-06 10:46:31.822628160,13.17,235.0,sell
2024-05-06 10:46:32.085976900,13.17,144.0,sell
2024-05-06 10:46:33.130981370,13.17,166.0,sell
2024-05-06 10:46:33.307877917,13.16,303.0,sell
2024-05-06 10:46:33.313849104,13.14,92.0,sell
2024-05-06 10:46:33.492655110,13.14,264.0,sell
2024-05-06 10:46:33.924119021,13.13,88.0,sell
2024-05-06 10:46:34.159872100,13.08,145.0,sell
2024-05-06 10:46:34.542594234,13.07,395.0,sell
2024-05-06 10:46:35.588748695,13.06,278.0,sell
2024-05-06 10:46:36.806721541,13.06,508.0,sell
2024-05-06 10:46:36.961326999,13.05,268.0,sell
2024-05-06 10:46:37.271405927,13.05,588.0,sell
2024-05-06 10:46:37.669709584,13.02,321.0,sell
2024-05-06 10:46:39.158778143,13.02,465.0,sell
2024-05-06 10:46:42.450643658,13.01,343.0,sell
2024-05-06 10:46:42.584849627,13.0,663.0,sell
2024-05-06 10:46:43.233954505,12.99,102.0,sell
2024-05-06 10:46:43.471387068,12.96,179.0,sell
2024-05-06 10:46:43.475457692,12.93,211.0,sell
2024-05-06 10:46:43.480105488,12.93,160.0,sell
2024-05-06 10:46:43.788722914,12.89,293.0,sell
2024-05-06 10:46:44.123765412,12.89,246.0,sell
2024-05-06 10:46:44.135179557,12.88,299.0,sell
2024-05-06 10:46:44.715839667,12.88,662.0,sell
2024-05-06 10:46:44.889912087,12.86,386.0,sell
2024-05-06 10:46:45.300280903,12.84,329.0,sell
2024-05-06 10:46:45.479275287,12.84,157.0,sell
2024-05-06 10:46:45.570716733,12.83,402.0,sell
2024-05-06 10:46:45.832143686,12.83,265.0,buy
2024-05-06 10:46:45.964304462,12.83,171.0,buy
2024-05-06 10:46:46.346949441,12.83,289.0,sell
2024-05-06 10:46:46.457789584,12.78,825.0,sell
2024-05-06 10:46:46.812840613,12.79,240.0,buy
2024-05-06 10:46:46.898459329,12.78,408.0,sell
2024-05-06 10:46:47.454269659,12.75,183.0,sell
2024-05-06 10:46:48.155354889,12.75,619.0,buy
2024-05-06 10:46:48.213843326,12.73,171.0,sell
2024-05-06 10:46:48.529213552,12.7,167.0,sell
2024-05-06 10:46:48.565967775,12.7,176.0,sell
2024-05-06 10:46:49.021846344,12.69,208.0,sell
2024-05-06 10:46:49.175383658,12.69,225.0,sell
2024-05-06 10:46:49.550374142,12.7,868.0,buy
2024-05-06 10:46:49.914720918,12.7,388.0,buy
2024-05-06 10:46:51.205568564,12.7,350.0,buy
2024-05-06 10:46:51.603804807,12.67,173.0,sell
2024-05-06 10:46:52.041137512,12.67,573.0,sell
2024-05-06 10:46:52.297929830,12.65,255.0,sell
2024-05-06 10:46:53.786675687,12.63,235.0,sell
2024-05-06 10:46:54.537384451,12.62,375.0,sell
2024-05-06 10:46:54.705404320,12.62,189.0,sell
2024-05-06 10:46:55.635026157,12.59,591.0,sell
2024-05-06 10:46:55.918192117,12.59,222.0,buy
2024-05-06 10:46:56.800265660,12.58,414.0,sell
2024-05-06 10:46:57.665752342,12.56,327.0,sell
2024-05-06 10:46:57.770415928,12.54,478.0,sell
2024-05-06 10:46:58.374307842,12.52,216.0,sell
2024-05-06 10:46:58.546005997,12.52,117.0,sell
2024-05-06 10:46:58.722555719,12.51,524.0,sell
2024-05-06 10:46:58.898291455,12.52,84.0,buy
2024-05-06 10:46:59.544817792,12.49,201.0,sell
2024-05-06 10:46:59.675387227,12.46,311.0,sell
2024-05-06 10:46:59.675840350,12.45,259.0,sell
2024-05-06 10:47:00.303889104,12.44,137.0,buy
2024-05-06 10:47:00.397768104,12.43,1355.0,sell
2024-05-06 10:47:00.452944804,12.39,401.0,sell
2024-05-06 10:47:00.588531760,12.38,408.0,sell
2024-05-06 10:47:00.827469443,12.37,332.0,sell
2024-05-06 10:47:01.150511866,12.35,225.0,sell
2024-05-06 10:47:01.173308776,12.34,243.0,sell
2024-05-06 10:47:02.936235757,12.34,264.0,sell
2024-05-06 10:47:03.565737300,12.33,378.0,sell
2024-05-06 10:47:03.760922651,12.33,407.0,buy
2024-05-06 10:47:03.952796908,12.31,99.0,sell
2024-05-06 10:47:04.250392206,12.28,206.0,sell
2024-05-06 10:47:04.742469357,12.26,169.0,sell
2024-05-06 10:47:04.821599871,12.27,417.0,buy
2024-05-06 10:47:04.926300213,12.27,233.0,sell
2024-05-06 10:47:05.907341361,12.26,364.0,sell
2024-05-06 10:47:06.055369833,12.24,692.0,sell
2024-05-06 10:47:06.294545014,12.23,379.0,sell
2024-05-06 10:47:07.319571249,12.23,162.0,sell
2024-05-06 10:47:07.863626803,12.2,268.0,sell
2024-05-06 10:47:08.072683088,12.19,297.0,sell
2024-05-06 10:47:08.648214445,12.19,546.0,sell
2024-05-06 10:47:08.658154199,12.17,162.0,sell
2024-05-06 10:47:09.323380965,12.17,224.0,sell
2024-05-06 10:47:09.657136316,12.16,270.0,sell
2024-05-06 10:47:10.495946909,12.17,254.0,buy
2024-05-06 10:47:12.042483338,12.14,779.0,sell
2024-05-06 10:47:13.342901748,12.11,342.0,sell
2024-05-06 10:47:14.542808042,12.1,307.0,sell
2024-05-06 10:47:14.901702144,12.09,373.0,sell
2024-05-06 10:47:15.124956735,12.08,269.0,sell
2024-05-06 10:47:15.437734016,12.09,215.0,buy
2024-05-06 10:47:16.023157798,12.08,671.0,sell
2024-05-06 10:47:17.100230759,12.07,202.0,sell
2024-05-06 10:47:17.216188152,12.05,299.0,sell
2024-05-06 10:47:18.467885353,12.05,490.0,buy
2024-05-06 10:47:19.312072431,12.04,446.0,sell
2024-05-06 10:47:21.240272340,12.04,625.0,sell
2024-05-06 10:47:22.301454266,12.03,273.0,sell
2024-05-06 10:47:22.465662780,12.02,273.0,sell
2024-05-06 10:47:22.521662875,12.02,241.0,buy
2024-05-06 10:47:22.581190400,12.01,155.0,sell
2024-05-06 10:47:22.753297789,12.0,340.0,buy
2024-05-06 10:47:23.229494785,12.0,212.0,sell
2024-05-06 10:47:24.045132922,12.0,143.0,sell
2024-05-06 10:47:25.192690984,12.0,420.0,buy
2024-05-06 10:47:25.681446213,11.97,163.0,sell
2024-05-06 10:47:25.684269828,11.97,253.0,sell
2024-05-06 10:47:25.787361902,11.95,159.0,sell
2024-05-06 10:47:25.839890074,11.95,330.0,sell
2024-05-06 10:47:26.065637641,11.95,453.0,buy
2024-05-06 10:47:26.413564053,11.95,353.0,sell
2024-05-06 10:47:26.435747553,11.95,754.0,sell
2024-05-06 10:47:26.649969591,11.95,421.0,buy
2024-05-06 10:47:26.748695112,11.94,309.0,sell
2024-05-06 10:47:27.269438119,11.94,804.0,buy
2024-05-06 10:47:27.581502818,11.92,104.0,sell
2024-05-06 10:47:27.923415844,11.9,228.0,sell
2024-05-06 10:47:28.202454644,11.89,243.0,sell
2024-05-06 10:47:29.764461500,11.86,778.0,sell
2024-05-06 10:47:29.885328599,11.86,384.0,sell
2024-05-06 10:47:30.248850475,11.86,363.0,buy
2024-05-06 10:47:30.914786459,11.83,157.0,sell
2024-05-06 10:47:31.321703638,11.8,357.0,sell
2024-05-06 10:47:32.644388443,11.79,253.0,sell
2024-05-06 10:47:32.881770599,11.78,357.0,sell
2024-05-06 10:47:33.193278830,11.76,451.0,sell
2024-05-06 10:47:33.239622913,11.75,204.0,sell
2024-05-06 10:47:33.709145636,11.74,333.0,sell
2024-05-06 10:47:33.879133196,11.71,181.0,sell
2024-05-06 10:47:33.966493876,11.7,1238.0,sell
2024-05-06 10:47:34.359708008,11.69,358.0,sell
2024-05-06 10:47:34.739683088,11.68,256.0,sell
2024-05-06 10:47:34.779135238,11.66,102.0,sell
2024-05-06 10:47:35.378156207,11.65,224.0,sell
2024-05-06 10:47:35.866936429,11.62,324.0,sell
2024-05-06 10:47:35.971690696,11.62,306.0,buy
2024-05-06 10:47:36.288596968,11.62,244.0,sell
2024-05-06 10:47:36.925656775,11.61,309.0,sell
2024-05-06 10:47:37.302568151,11.6,188.0,sell
2024-05-06 10:47:37.554235920,11.58,329.0,sell
2024-05-06 10:47:37.748789578,11.55,592.0,sell
2024-05-06 10:47:38.220099061,11.55,631.0,sell
2024-05-06 10:47:39.619431533,11.53,121.0,sell
2024-05-06 10:47:40.176413557,11.53,235.0,buy
2024-05-06 10:47:40.215256997,11.53,269.0,buy
2024-05-06 10:47:40.523984703,11.52,304.0,sell
2024-05-06 10:47:41.631382316,11.52,422.0,sell
2024-05-06 10:47:41.680995570,11.48,244.0,sell
2024-05-06 10:47:43.930307802,11.47,231.0,sell
2024-05-06 10:47:45.418953418,11.46,184.0,sell
2024-05-06 10:47:45.459707319,11.44,308.0,sell
2024-05-06 10:47:46.814332683,11.43,333.0,sell
2024-05-06 10:47:47.039929580,11.4,161.0,sell
2024-05-06 10:47:47.971157369,11.39,421.0,sell
2024-05-06 10:47:48.242129221,11.37,186.0,sell
2024-05-06 10:47:48.532802546,11.36,141.0,sell
2024-05-06 10:47:49.035695720,11.34,398.0,sell
2024-05-06 10:47:49.780363215,11.3,302.0,sell
2024-05-06 10:47:49.797549814,11.29,176.0,sell
2024-05-06 10:47:50.247212538,11.28,331.0,sell
2024-05-06 10:47:50.350560440,11.26,128.0,sell
2024-05-06 10:47:50.562845810,11.26,286.0,sell
2024-05-06 10:47:50.776677140,11.26,475.0,sell
2024-05-06 10:47:51.093230590,11.22,600.0,sell
2024-05-06 10:47:51.296565816,11.22,329.0,sell
2024-05-06 10:47:51.353352400,11.21,370.0,sell
2024-05-06 10:47:51.432047123,11.2,431.0,sell
2024-05-06 10:47:51.449052032,11.19,88.0,sell
2024-05-06 10:47:51.766726210,11.19,213.0,sell
2024-05-06 10:47:53.311173235,11.18,307.0,sell
2024-05-06 10:47:53.372638680,11.16,116.0,sell
2024-05-06 10:47:54.834479323,11.16,395.0,sell
2024-05-06 10:47:55.495410085,11.15,608.0,sell
2024-05-06 10:47:56.002773837,11.14,367.0,sell
2024-05-06 10:47:56.520983938,11.1,112.0,sell
2024-05-06 10:47:57.397429257,11.07,536.0,sell
2024-05-06 10:47:57.453968739,11.04,210.0,sell
2024-05-06 10:47:57.805319401,11.03,195.0,sell
2024-05-06 10:47:58.402481054,11.02,642.0,buy
2024-05-06 10:47:58.844417565,11.01,156.0,sell
2024-05-06 10:47:59.738637271,11.0,321.0,sell
2024-05-06 10:47:59.776145461,10.98,103.0,sell
2024-05-06 10:48:00.362868941,10.96,642.0,sell
2024-05-06 10:48:00.744683518,10.93,309.0,sell
2024-05-06 10:48:00.983025153,10.92,359.0,sell
2024-05-06 10:48:01.190991239,10.93,323.0,buy
2024-05-06 10:48:01.675880023,10.92,132.0,sell
2024-05-06 10:48:02.784062505,10.91,218.0,buy
2024-05-06 10:48:03.126826571,10.89,298.0,sell
2024-05-06 10:48:03.997520888,10.86,92.0,sell
2024-05-06 10:48:04.254733922,10.84,147.0,sell
2024-05-06 10:48:04.308746210,10.81,326.0,sell
2024-05-06 10:48:04.340485477,10.81,504.0,sell
2024-05-06 10:48:04.366834919,10.79,291.0,sell
2024-05-06 10:48:04.605973916,10.76,160.0,sell
2024-05-06 10:48:04.811643392,10.76,207.0,sell
2024-05-06 10:48:05.444455848,10.75,171.0,sell
2024-05-06 10:48:06.123448293,10.73,501.0,sell
2024-05-06 10:48:06.149544599,10.74,433.0,buy
2024-05-06 10:48:06.274495838,10.72,269.0,sell
2024-05-06 10:48:06.434778840,10.7,519.0,sell
2024-05-06 10:48:06.831386353,10.7,581.0,buy
2024-05-06 10:48:06.909429844,10.7,373.0,sell
2024-05-06 10:48:06.981331092,10.69,554.0,sell
2024-05-06 10:48:08.420651512,10.68,662.0,sell
2024-05-06 10:48:09.235989711,10.68,213.0,sell
2024-05-06 10:48:09.335614670,10.65,329.0,sell
2024-05-06 10:48:09.596530832,10.66,397.0,buy
2024-05-06 10:48:09.816265715,10.66,219.0,sell
2024-05-06 10:48:10.598985975,10.66,273.0,buy
2024-05-06 10:48:10.955878228,10.68,124.0,buy
2024-05-06 10:48:11.024275003,10.64,90.0,sell
2024-05-06 10:48:11.695877235,10.63,329.0,sell
2024-05-06 10:48:11.948703397,10.63,887.0,sell
2024-05-06 10:48:12.101235701,10.62,371.0,buy
2024-05-06 10:48:12.336636573,10.6,1556.0,sell
2024-05-06 10:48:12.680971744,10.56,415.0,sell
2024-05-06 10:48:12.891095294,10.54,549.0,sell
2024-05-06 10:48:13.029569090,10.54,838.0,sell
2024-05-06 10:48:13.283735148,10.52,290.0,sell
2024-05-06 10:48:13.293414695,10.52,807.0,sell
2024-05-06 10:48:14.033712482,10.51,249.0,sell
2024-05-06 10:48:14.127446808,10.5,248.0,sell
2024-05-06 10:48:14.149895605,10.48,183.0,sell
2024-05-06 10:48:14.680118632,10.48,83.0,sell
2024-05-06 10:48:15.423587484,10.47,347.0,sell
2024-05-06 10:48:16.264132674,10.47,794.0,sell
2024-05-06 10:48:16.604257216,10.47,460.0,sell
2024-05-06 10:48:16.719195415,10.43,252.0,sell
2024-05-06 10:48:17.387429072,10.41,353.0,sell
2024-05-06 10:48:17.988937498,10.39,91.0,sell
2024-05-06 10:48:18.130298517,10.38,489.0,sell
2024-05-06 10:48:19.298926932,10.36,307.0,sell
2024-05-06 10:48:19.354041695,10.34,410.0,sell
2024-05-06 10:48:21.382226303,10.34,487.0,buy
2024-05-06 10:48:22.366168555,10.33,209.0,sell
2024-05-06 10:48:22.948382200,10.32,158.0,sell
2024-05-06 10:48:24.344777002,10.31,290.0,sell
2024-05-06 10:48:24.985404054,10.31,241.0,sell
2024-05-06 10:48:25.091046746,10.29,476.0,sell
2024-05-06 10:48:25.382884832,10.27,251.0,sell
2024-05-06 10:48:25.419978910,10.27,180.0,sell
2024-05-06 10:48:25.666846348,10.25,376.0,sell
2024-05-06 10:48:26.343475445,10.26,416.0,buy
2024-05-06 10:48:26.587716786,10.24,374.0,sell
2024-05-06 10:48:26.788175151,10.21,199.0,sell
2024-05-06 10:48:27.240548614,10.19,356.0,sell
2024-05-06 10:48:28.269210702,10.19,241.0,buy
2024-05-06 10:48:28.293586960,10.19,817.0,sell
2024-05-06 10:48:28.537036080,10.18,188.0,sell
2024-05-06 10:48:28.623166691,10.18,510.0,sell
2024-05-06 10:48:29.217469518,10.17,384.0,sell
2024-05-06 10:48:29.273340245,10.17,446.0,sell
2024-05-06 10:48:29.819865773,10.16,202.0,sell
2024-05-06 10:48:29.988428608,10.12,604.0,sell
2024-05-06 10:48:30.099323850,10.1,214.0,sell
2024-05-06 10:48:31.476521920,10.09,205.0,sell
2024-05-06 10:48:31.485871073,10.07,134.0,sell
2024-05-06 10:48:31.773799670,10.06,512.0,buy
2024-05-06 10:48:31.784731812,10.02,223.0,sell
2024-05-06 10:48:32.115161891,10.01,255.0,sell
2024-05-06 10:48:32.462783957,10.0,191.0,sell
2024-05-06 10:48:32.656839100,10.0,238.0,sell
2024-05-06 10:48:32.727714081,10.0,721.0,sell
2024-05-06 10:48:32.963827160,10.0,299.0,sell
2024-05-06 10:48:33.521598978,10.01,201.0,buy
2024-05-06 10:48:34.284137730,10.01,340.0,buy
2024-05-06 10:48:34.662448173,10.0,407.0,sell
2024-05-06 10:48:35.108045316,10.0,603.0,sell
2024-05-06 10:48:35.220002472,10.0,277.0,sell
2024-05-06 10:48:35.389371105,10.01,113.0,buy
2024-05-06 10:48:35.477677413,10.01,464.0,sell
2024-05-06 10:48:35.621048903,10.0,241.0,sell
2024-05-06 10:48:35.748421988,10.0,73.0,sell
2024-05-06 10:48:36.114832724,10.0,623.0,buy
2024-05-06 10:48:36.528387779,10.0,385.0,sell
2024-05-06 10:48:37.978121061,10.0,118.0,sell
2024-05-06 10:48:38.086932127,10.0,569.0,sell
2024-05-06 10:48:38.600090559,10.01,171.0,buy
2024-05-06 10:48:39.449934010,10.0,247.0,sell
2024-05-06 10:48:39.860698752,10.0,297.0,sell
2024-05-06 10:48:40.007886733,10.0,210.0,sell
2024-05-06 10:48:40.160165384,10.0,685.0,sell
2024-05-06 10:48:40.180187498,10.0,157.0,sell
2024-05-06 10:48:40.362428904,10.0,193.0,sell
2024-05-06 10:48:41.044898275,10.0,225.0,sell
2024-05-06 10:48:41.069240182,10.0,98.0,sell
2024-05-06 10:48:41.193019324,10.0,191.0,sell
2024-05-06 10:48:41.805502642,10.0,164.0,sell
2024-05-06 10:48:42.568629398,10.0,499.0,sell
2024-05-06 10:48:42.872406344,10.0,316.0,sell
2024-05-06 10:48:43.471193567,10.0,648.0,sell
2024-05-06 10:48:43.716665989,10.0,426.0,sell
2024-05-06 10:48:43.803791046,10.0,1227.0,sell
2024-05-06 10:48:44.057664142,10.0,319.0,sell
2024-05-06 10:48:44.491376118,10.0,189.0,sell
2024-05-06 10:48:45.970144486,10.01,525.0,buy
2024-05-06 10:48:46.005758752,10.0,338.0,sell
2024-05-06 10:48:46.359781654,10.0,220.0,sell
2024-05-06 10:48:46.559214951,10.01,403.0,buy
2024-05-06 10:48:46.914170095,10.01,426.0,buy
2024-05-06 10:48:46.926303863,10.01,220.0,buy
2024-05-06 10:48:47.114032810,10.0,345.0,sell
2024-05-06 10:48:47.971065901,10.0,465.0,sell
2024-05-06 10:48:48.374718748,10.0,315.0,sell
2024-05-06 10:48:48.674167068,10.0,272.0,sell
2024-05-06 10:48:48.842270754,10.0,259.0,sell
2024-05-06 10:48:49.019211979,10.0,382.0,buy
2024-05-06 10:48:49.260737313,10.0,423.0,sell
2024-05-06 10:48:50.163374637,10.0,250.0,sell
2024-05-06 10:48:51.872239383,10.0,298.0,sell
2024-05-06 10:48:52.160949517,10.0,200.0,sell
2024-05-06 10:48:52.410853487,10.0,327.0,sell
2024-05-06 10:48:53.348046264,10.0,441.0,sell
2024-05-06 10:48:53.626398435,10.0,202.0,sell
2024-05-06 10:48:54.027899740,10.0,399.0,sell
2024-05-06 10:48:54.159193967,10.01,124.0,buy
2024-05-06 10:48:54.839512217,10.0,258.0,sell
2024-05-06 10:48:55.219143228,10.0,307.0,sell
2024-05-06 10:48:56.046974608,10.0,270.0,sell
2024-05-06 10:48:56.805706549,10.01,317.0,buy
2024-05-06 10:48:56.926745366,10.0,538.0,sell
2024-05-06 10:48:57.555494662,10.0,396.0,sell
2024-05-06 10:48:58.360349656,10.0,236.0,sell
2024-05-06 10:48:58.572755615,10.0,286.0,sell
2024-05-06 10:48:58.667494635,10.0,170.0,sell
2024-05-06 10:48:58.668812448,10.0,754.0,sell
2024-05-06 10:48:58.968553126,10.0,575.0,sell
2024-05-06 10:48:59.185819427,10.0,541.0,sell
2024-05-06 10:48:59.590558625,10.0,1449.0,sell
2024-05-06 10:48:59.694711399,10.0,485.0,sell
2024-05-06 10:49:00.676574779,10.0,576.0,sell
2024-05-06 10:49:00.825612875,10.0,273.0,sell
2024-05-06 10:49:00.953982177,10.0,619.0,sell
2024-05-06 10:49:01.281632476,10.0,163.0,sell
2024-05-06 10:49:01.627058408,10.01,346.0,buy
2024-05-06 10:49:01.748148477,10.01,331.0,sell
2024-05-06 10:49:01.906779947,10.0,579.0,sell
2024-05-06 10:49:01.999767201,10.0,621.0,sell
2024-05-06 10:49:02.633507890,10.0,472.0,sell
2024-05-06 10:49:03.368539459,10.0,276.0,sell
2024-05-06 10:49:03.678793207,10.01,585.0,buy
2024-05-06 10:49:04.304827102,10.0,287.0,sell
2024-05-06 10:49:04.970607841,10.0,725.0,sell
2024-05-06 10:49:05.045017689,10.0,296.0,buy
2024-05-06 10:49:06.738339957,10.0,190.0,sell
2024-05-06 10:49:07.598613939,10.0,562.0,sell
2024-05-06 10:49:07.712995759,10.0,183.0,sell
2024-05-06 10:49:07.815994600,10.0,228.0,sell
2024-05-06 10:49:07.883138236,10.0,175.0,sell
2024-05-06 10:49:07.957607872,10.0,168.0,buy
2024-05-06 10:49:08.647092101,10.0,565.0,sell
2024-05-06 10:49:08.964205171,10.01,172.0,buy
2024-05-06 10:49:09.727982481,10.0,446.0,sell
2024-05-06 10:49:10.413694999,10.0,305.0,sell
2024-05-06 10:49:10.877639760,10.0,694.0,sell
2024-05-06 10:49:11.457405017,10.0,265.0,sell
2024-05-06 10:49:11.466668157,10.0,154.0,sell
2024-05-06 10:49:11.653489810,10.0,358.0,sell
2024-05-06 10:49:12.161299795,10.0,639.0,sell
2024-05-06 10:49:12.165994241,10.0,268.0,sell
2024-05-06 10:49:12.182760711,10.0,773.0,sell
2024-05-06 10:49:13.137653919,10.0,224.0,sell
2024-05-06 10:49:13.713699792,10.0,394.0,buy
2024-05-06 10:49:13.867893764,10.0,1056.0,sell
2024-05-06 10:49:14.450210262,10.0,206.0,sell
2024-05-06 10:49:15.236417831,10.0,318.0,sell
2024-05-06 10:49:15.419632068,10.0,515.0,sell
2024-05-06 10:49:15.437983447,10.0,235.0,sell
2024-05-06 10:49:16.787869165,10.0,346.0,sell
2024-05-06 10:49:16.999566486,10.01,169.0,buy
2024-05-06 10:49:17.055860753,10.0,81.0,sell
2024-05-06 10:49:17.394356814,10.0,375.0,buy
2024-05-06 10:49:18.125874966,10.0,336.0,sell
2024-05-06 10:49:18.251162733,10.0,261.0,sell
2024-05-06 10:49:18.408168947,10.0,625.0,sell
2024-05-06 10:49:18.547176743,10.0,281.0,sell
2024-05-06 10:49:20.941305931,10.0,198.0,sell
2024-05-06 10:49:21.051257668,10.01,222.0,buy
2024-05-06 10:49:21.479703118,10.0,220.0,buy
2024-05-06 10:49:22.776604098,10.0,155.0,sell
2024-05-06 10:49:22.856041340,10.0,159.0,sell
2024-05-06 10:49:24.623763533,10.0,262.0,sell
2024-05-06 10:49:26.097017819,10.0,186.0,sell
2024-05-06 10:49:27.176571923,10.0,356.0,sell
2024-05-06 10:49:27.297325313,10.0,239.0,sell
2024-05-06 10:49:27.799961505,10.0,417.0,sell
2024-05-06 10:49:28.515380376,10.0,381.0,sell
2024-05-06 10:49:30.650727782,10.0,334.0,sell
2024-05-06 10:49:30.750211746,10.0,214.0,sell
2024-05-06 10:49:31.476484172,10.0,277.0,sell
2024-05-06 10:49:31.683334513,10.0,185.0,sell
2024-05-06 10:49:31.779900280,10.0,656.0,sell
2024-05-06 10:49:32.053452297,10.0,314.0,sell
2024-05-06 10:49:32.842993739,10.0,946.0,sell
2024-05-06 10:49:33.155597655,10.0,420.0,sell
2024-05-06 10:49:33.541176990,10.0,482.0,sell
2024-05-06 10:49:36.206536343,10.0,192.0,sell
2024-05-06 10:49:36.461207455,10.0,567.0,buy
2024-05-06 10:49:36.938984159,10.0,237.0,sell
2024-05-06 10:49:37.166241620,10.0,560.0,sell
2024-05-06 10:49:37.415678327,10.0,1229.0,sell
2024-05-06 10:49:38.010451599,10.0,246.0,sell
2024-05-06 10:49:39.399851393,10.0,127.0,sell
2024-05-06 10:49:39.790686461,10.0,141.0,sell
2024-05-06 10:49:40.522058074,10.0,403.0,sell
2024-05-06 10:49:40.568777647,10.0,219.0,buy
2024-05-06 10:49:40.687372287,10.0,393.0,sell
2024-05-06 10:49:41.036082075,10.0,468.0,sell
2024-05-06 10:49:41.046189410,10.0,196.0,sell
2024-05-06 10:49:41.191937397,10.0,392.0,sell
2024-05-06 10:49:41.556222297,10.0,196.0,sell
2024-05-06 10:49:41.563759420,10.0,531.0,sell
2024-05-06 10:49:41.717393256,10.0,174.0,sell
2024-05-06 10:49:42.078198292,10.0,382.0,sell
2024-05-06 10:49:42.503858719,10.0,394.0,sell
2024-05-06 10:49:43.804028870,10.0,174.0,sell
2024-05-06 10:49:44.322334646,10.0,447.0,sell
2024-05-06 10:49:44.590180603,10.0,429.0,sell
2024-05-06 10:49:45.922325342,10.0,243.0,sell
2024-05-06 10:49:46.690611910,10.0,244.0,sell
2024-05-06 10:49:46.802189262,10.0,160.0,sell
2024-05-06 10:49:46.872304645,10.0,199.0,sell
2024-05-06 10:49:47.435519926,10.0,188.0,sell
2024-05-06 10:49:47.845877453,10.0,721.0,sell
2024-05-06 10:49:48.625424821,10.0,287.0,sell
2024-05-06 10:49:49.296668929,10.0,301.0,buy
2024-05-06 10:49:49.787365680,10.0,153.0,sell
2024-05-06 10:49:51.935553397,10.0,217.0,sell
2024-05-06 10:49:52.316898210,10.01,221.0,buy
2024-05-06 10:49:52.376912976,10.0,1834.0,sell
2024-05-06 10:49:53.257839257,10.0,391.0,sell
2024-05-06 10:49:53.402917397,10.0,267.0,sell
2024-05-06 10:49:54.153887073,10.0,328.0,buy
2024-05-06 10:49:55.728411510,10.0,367.0,sell
2024-05-06 10:49:56.325085425,10.0,212.0,sell
2024-05-06 10:49:56.778292955,10.0,463.0,sell
2024-05-06 10:49:57.086743722,10.0,114.0,sell
2024-05-06 10:49:57.313344406,10.0,713.0,sell
2024-05-06 10:49:57.531052569,10.0,574.0,sell
2024-05-06 10:49:58.036865496,10.0,207.0,sell
2024-05-06 10:49:58.732565416,10.0,393.0,sell
2024-05-06 10:49:59.299970831,10.0,126.0,sell
2024-05-06 10:49:59.410549906,10.0,166.0,sell
2024-05-06 10:49:59.751146543,10.0,217.0,sell
2024-05-06 10:50:00.535390679,10.0,486.0,sell
2024-05-06 10:50:00.858240188,10.0,814.0,sell
2024-05-06 10:50:01.242847641,10.0,299.0,sell
2024-05-06 10:50:01.980161415,10.0,225.0,sell
2024-05-06 10:50:02.521430461,10.0,721.0,sell
2024-05-06 10:50:02.784691988,10.0,444.0,sell
2024-05-06 10:50:03.913558617,10.0,527.0,sell
2024-05-06 10:50:04.002265667,10.0,156.0,sell
2024-05-06 10:50:06.705935578,10.0,211.0,buy
2024-05-06 10:50:06.769200744,10.0,69.0,sell
2024-05-06 10:50:06.776732168,10.0,358.0,sell
2024-05-06 10:50:07.880455546,10.0,705.0,sell
2024-05-06 10:50:08.020943523,10.0,518.0,sell
2024-05-06 10:50:08.675054247,10.0,116.0,sell
2024-05-06 10:50:09.508099054,10.0,218.0,sell
2024-05-06 10:50:10.487548493,10.0,378.0,sell
2024-05-06 10:50:12.876967282,10.0,298.0,sell
2024-05-06 10:50:13.051065426,10.0,194.0,sell
2024-05-06 10:50:13.670422336,10.0,692.0,sell
2024-05-06 10:50:13.731732112,10.0,306.0,sell
2024-05-06 10:50:13.992851778,10.0,313.0,sell
2024-05-06 10:50:14.934696052,10.0,641.0,sell
2024-05-06 10:50:15.163858534,10.0,414.0,sell
2024-05-06 10:50:15.610995211,10.0,333.0,sell
2024-05-06 10:50:15.961356556,10.0,343.0,sell
2024-05-06 10:50:16.480517285,10.0,673.0,buy
2024-05-06 10:50:18.284524555,10.0,498.0,sell
2024-05-06 10:50:18.313199049,10.0,190.0,sell
2024-05-06 10:50:18.739811850,10.0,81.0,sell
2024-05-06 10:50:19.733804072,10.0,413.0,sell
2024-05-06 10:50:20.062098607,10.0,503.0,sell
2024-05-06 10:50:20.102989609,10.0,835.0,sell
2024-05-06 10:50:20.514093161,10.0,297.0,sell
2024-05-06 10:50:20.715882025,10.0,253.0,sell
2024-05-06 10:50:20.800056905,10.0,116.0,sell
2024-05-06 10:50:21.745408922,10.0,164.0,sell
2024-05-06 10:50:22.114062451,10.0,388.0,sell
2024-05-06 10:50:23.467660826,10.0,534.0,sell
2024-05-06 10:50:24.287651926,10.0,628.0,sell
2024-05-06 10:50:24.878059755,10.0,545.0,sell
2024-05-06 10:50:24.880578842,10.0,519.0,sell
2024-05-06 10:50:25.159732688,10.0,300.0,sell
2024-05-06 10:50:25.269735853,10.0,324.0,sell
2024-05-06 10:50:26.478161264,10.0,308.0,sell
2024-05-06 10:50:26.574095143,10.0,255.0,sell
2024-05-06 10:50:26.742573356,10.0,348.0,sell
2024-05-06 10:50:27.106273720,10.0,166.0,sell
2024-05-06 10:50:27.259104163,10.0,344.0,sell
2024-05-06 10:50:27.376879690,10.0,118.0,sell
2024-05-06 10:50:27.833900477,10.0,137.0,sell
2024-05-06 10:50:27.880467989,10.0,592.0,sell
2024-05-06 10:50:27.910432043,10.0,129.0,sell
2024-05-06 10:50:28.143234936,10.0,877.0,sell
2024-05-06 10:50:28.780905710,10.0,130.0,sell
2024-05-06 10:50:29.185529130,10.0,291.0,sell
2024-05-06 10:50:29.460378601,10.0,184.0,sell
2024-05-06 10:50:29.877447839,10.0,560.0,sell
2024-05-06 10:50:30.104868605,10.0,157.0,sell
2024-05-06 10:50:31.480449258,10.0,973.0,sell
2024-05-06 10:50:31.508684114,10.0,202.0,sell
2024-05-06 10:50:32.068180618,10.0,245.0,sell
2024-05-06 10:50:33.177682628,10.0,431.0,sell
2024-05-06 10:50:33.992208914,10.0,254.0,sell
2024-05-06 10:50:34.093904521,10.0,100.0,sell
2024-05-06 10:50:34.269340676,10.0,603.0,sell
2024-05-06 10:50:34.900579571,10.0,293.0,sell
2024-05-06 10:50:34.944596735,10.0,201.0,sell
2024-05-06 10:50:35.779885709,10.0,217.0,sell
2024-05-06 10:50:36.414420462,10.0,461.0,sell
2024-05-06 10:50:37.068359225,10.0,278.0,sell
2024-05-06 10:50:37.121173595,10.0,93.0,sell
2024-05-06 10:50:37.753673313,10.0,450.0,sell
2024-05-06 10:50:38.323106356,10.0,321.0,sell
2024-05-06 10:50:39.211805374,10.0,188.0,buy
2024-05-06 10:50:39.233048290,10.0,313.0,sell
2024-05-06 10:50:39.244739244,10.0,521.0,buy
2024-05-06 10:50:39.478149275,10.0,356.0,sell
2024-05-06 10:50:39.558696473,10.0,204.0,sell
2024-05-06 10:50:39.967354290,10.0,149.0,sell
2024-05-06 10:50:41.213917872,10.0,293.0,buy
2024-05-06 10:50:41.462280400,10.0,361.0,sell
2024-05-06 10:50:42.394285433,10.0,306.0,sell
2024-05-06 10:50:42.394405885,10.0,111.0,sell
2024-05-06 10:50:42.486676681,10.0,445.0,sell
2024-05-06 10:50:42.502124652,10.0,146.0,sell
2024-05-06 10:50:42.700982642,10.0,107.0,sell
2024-05-06 10:50:43.894997468,10.0,313.0,sell
2024-05-06 10:50:43.945987322,10.0,335.0,sell
2024-05-06 10:50:44.412209798,10.0,221.0,sell
2024-05-06 10:50:44.712490096,10.0,68.0,sell
2024-05-06 10:50:46.106590779,10.0,110.0,sell
2024-05-06 10:50:46.171940848,10.0,115.0,sell
2024-05-06 10:50:46.291087115,10.0,80.0,sell
2024-05-06 10:50:46.306080676,10.0,260.0,sell
2024-05-06 10:50:46.590604079,10.0,148.0,buy
2024-05-06 10:50:46.753353442,10.0,311.0,sell
2024-05-06 10:50:47.773102195,10.0,407.0,sell
2024-05-06 10:50:48.237462037,10.0,229.0,sell
2024-05-06 10:50:48.713538542,10.0,120.0,sell
2024-05-06 10:50:49.093086633,10.0,509.0,sell
2024-05-06 10:50:49.141259677,10.0,533.0,sell
2024-05-06 10:50:49.435670092,10.0,550.0,buy
2024-05-06 10:50:53.241338151,10.0,136.0,sell
2024-05-06 10:50:54.142938358,10.0,257.0,sell
2024-05-06 10:50:55.262551307,10.0,288.0,sell
2024-05-06 10:50:56.128993923,10.0,222.0,sell
2024-05-06 10:50:56.183366872,10.0,183.0,sell
2024-05-06 10:50:56.312395016,10.0,487.0,sell
2024-05-06 10:50:56.313958283,10.0,389.0,sell
2024-05-06 10:50:56.494809294,10.0,286.0,sell
2024-05-06 10:50:56.552294456,10.0,338.0,buy
2024-05-06 10:50:56.872375792,10.0,418.0,buy
2024-05-06 10:50:57.437624660,10.0,232.0,sell
2024-05-06 10:50:58.475370516,10.0,189.0,sell
2024-05-06 10:50:59.166954473,10.0,187.0,buy
2024-05-06 10:51:00.562009911,10.0,235.0,sell
2024-05-06 10:51:00.589712511,10.0,278.0,buy
2024-05-06 10:51:00.595839820,10.0,283.0,buy
2024-05-06 10:51:01.137216347,10.0,774.0,buy
2024-05-06 10:51:01.308005660,10.0,620.0,sell
2024-05-06 10:51:01.454186172,10.0,179.0,sell
2024-05-06 10:51:01.655087400,10.0,203.0,buy
2024-05-06 10:51:01.812303105,10.0,741.0,sell
2024-05-06 10:51:02.170445922,10.0,287.0,buy
2024-05-06 10:51:02.460487730,10.0,399.0,sell
2024-05-06 10:51:02.819646949,10.0,237.0,sell
2024-05-06 10:51:03.378106792,10.0,116.0,sell
2024-05-06 10:51:03.622908425,10.0,483.0,buy
2024-05-06 10:51:03.767622014,10.0,876.0,sell
2024-05-06 10:51:03.858503193,10.0,430.0,sell
2024-05-06 10:51:04.073490291,10.0,341.0,buy
2024-05-06 10:51:04.750513231,10.0,1017.0,sell
2024-05-06 10:51:05.457253336,10.0,356.0,sell
2024-05-06 10:51:06.006917688,10.01,324.0,buy
2024-05-06 10:51:06.140222635,10.0,305.0,buy
2024-05-06 10:51:06.583693278,10.0,283.0,sell
2024-05-06 10:51:07.006480889,10.0,527.0,sell
2024-05-06 10:51:07.337563156,10.0,179.0,sell
2024-05-06 10:51:07.736793656,10.0,223.0,sell
2024-05-06 10:51:08.075224544,10.0,236.0,sell
2024-05-06 10:51:08.491954002,10.0,342.0,sell
2024-05-06 10:51:09.120475480,10.0,147.0,sell
2024-05-06 10:51:09.178533552,10.0,285.0,sell
2024-05-06 10:51:09.870932797,10.0,281.0,sell
2024-05-06 10:51:09.943958171,10.0,267.0,sell
2024-05-06 10:51:09.978433892,10.0,61.0,sell
2024-05-06 10:51:11.844947508,10.0,329.0,buy
2024-05-06 10:51:13.418129388,10.0,701.0,sell
2024-05-06 10:51:13.449299348,10.0,215.0,sell
2024-05-06 10:51:13.742121926,10.0,254.0,sell
2024-05-06 10:51:13.845169858,10.0,794.0,buy
2024-05-06 10:51:14.177299011,10.0,264.0,sell
2024-05-06 10:51:15.063799007,10.0,469.0,sell
2024-05-06 10:51:16.567820626,10.0,302.0,sell
2024-05-06 10:51:17.070726873,10.0,361.0,sell
2024-05-06 10:51:17.289131753,10.0,81.0,sell
2024-05-06 10:51:17.751451453,10.0,268.0,buy
2024-05-06 10:51:17.938435622,10.0,290.0,sell
2024-05-06 10:51:19.141429612,10.0,617.0,sell
2024-05-06 10:51:20.163082646,10.0,469.0,sell
2024-05-06 10:51:20.571567575,10.0,316.0,sell
2024-05-06 10:51:20.767939939,10.0,148.0,buy
2024-05-06 10:51:20.941577906,10.0,114.0,sell
2024-05-06 10:51:20.958572474,10.0,150.0,sell
2024-05-06 10:51:21.804495653,10.0,349.0,sell
2024-05-06 10:51:22.103762651,10.0,210.0,sell
2024-05-06 10:51:22.300382420,10.0,38.0,sell
2024-05-06 10:51:22.618870160,10.0,297.0,sell
2024-05-06 10:51:23.472776024,10.0,926.0,sell
2024-05-06 10:51:23.539321316,10.0,297.0,sell
2024-05-06 10:51:24.514075582,10.0,545.0,sell
2024-05-06 10:51:25.653064923,10.0,316.0,sell
2024-05-06 10:51:27.119048652,10.0,382.0,sell
2024-05-06 10:51:27.372372494,10.0,261.0,sell
2024-05-06 10:51:27.494773451,10.0,572.0,sell
2024-05-06 10:51:27.728689101,10.0,154.0,sell
2024-05-06 10:51:27.931105827,10.0,602.0,sell
2024-05-06 10:51:28.027991604,10.0,346.0,sell
2024-05-06 10:51:28.495303828,10.0,173.0,sell
2024-05-06 10:51:28.819031553,10.0,312.0,buy
2024-05-06 10:51:29.822874835,10.0,700.0,sell
2024-05-06 10:51:29.839193036,10.0,253.0,sell
2024-05-06 10:51:30.355419849,10.0,606.0,sell
2024-05-06 10:51:31.075159578,10.0,313.0,sell
2024-05-06 10:51:31.787649251,10.0,566.0,sell
2024-05-06 10:51:32.873752189,10.0,665.0,sell
2024-05-06 10:51:33.526632678,10.0,989.0,sell
2024-05-06 10:51:34.840859978,10.0,557.0,sell
2024-05-06 10:51:35.043085240,10.0,170.0,sell
2024-05-06 10:51:35.392878591,10.0,241.0,sell
2024-05-06 10:51:35.399968452,10.0,591.0,sell
2024-05-06 10:51:35.403459405,10.0,192.0,sell
2024-05-06 10:51:35.540761137,10.0,277.0,sell
2024-05-06 10:51:35.593890039,10.0,881.0,sell
2024-05-06 10:51:35.744585422,10.0,558.0,sell
2024-05-06 10:51:35.842011265,10.0,430.0,sell
2024-05-06 10:51:35.856478576,10.0,513.0,sell
2024-05-06 10:51:37.056600395,10.0,116.0,sell
2024-05-06 10:51:37.060728959,10.01,250.0,buy
2024-05-06 10:51:37.726787648,10.01,337.0,buy
2024-05-06 10:51:37.809312175,10.02,494.0,buy
2024-05-06 10:51:39.025827782,10.01,269.0,sell
2024-05-06 10:51:40.142338359,10.01,261.0,sell
2024-05-06 10:51:40.672853780,10.01,95.0,sell
2024-05-06 10:51:41.230581678,10.0,338.0,sell
2024-05-06 10:51:41.233258401,10.0,109.0,sell
2024-05-06 10:51:43.328848035,10.0,383.0,buy
2024-05-06 10:51:44.380029571,10.0,192.0,sell
2024-05-06 10:51:45.507433127,10.0,200.0,sell
2024-05-06 10:51:46.045728217,10.0,241.0,sell
2024-05-06 10:51:46.257125614,10.0,473.0,sell
2024-05-06 10:51:47.377629132,10.0,351.0,buy
2024-05-06 10:51:47.549943689,10.0,354.0,sell
2024-05-06 10:51:47.963524798,10.0,255.0,sell
2024-05-06 10:51:48.016055618,10.0,388.0,sell
2024-05-06 10:51:49.291294503,10.0,236.0,sell
2024-05-06 10:51:49.367154089,10.0,502.0,sell
2024-05-06 10:51:49.494533641,10.0,171.0,sell
2024-05-06 10:51:49.902908125,10.0,148.0,sell
2024-05-06 10:51:50.625066936,10.0,390.0,sell
2024-05-06 10:51:51.108006132,10.0,422.0,sell
2024-05-06 10:51:51.240076095,10.0,343.0,buy
2024-05-06 10:51:51.240547839,10.0,238.0,sell
2024-05-06 10:51:51.948204689,10.0,536.0,sell
2024-05-06 10:51:54.055016296,10.0,138.0,sell
2024-05-06 10:51:54.885153321,10.0,212.0,sell
2024-05-06 10:51:55.193437740,10.0,308.0,buy
2024-05-06 10:51:56.363930571,10.01,567.0,buy
2024-05-06 10:51:56.627617868,10.01,265.0,sell
2024-05-06 10:51:56.999768725,10.0,230.0,sell
2024-05-06 10:51:57.323979709,10.0,207.0,sell
2024-05-06 10:51:57.620742746,10.0,226.0,sell
2024-05-06 10:51:58.366994296,10.0,305.0,sell
2024-05-06 10:51:58.741080017,10.0,726.0,sell
2024-05-06 10:51:58.931503185,10.0,376.0,sell
2024-05-06 10:51:59.080812796,10.0,598.0,sell
2024-05-06 10:51:59.100051895,10.0,124.0,sell
2024-05-06 10:51:59.537620485,10.0,554.0,buy
2024-05-06 10:51:59.668277813,10.0,192.0,sell
2024-05-06 10:51:59.748440788,10.0,293.0,sell
2024-05-06 10:52:00.278853384,10.0,663.0,sell
2024-05-06 10:52:00.850463570,10.0,298.0,sell
2024-05-06 10:52:01.547939216,10.0,222.0,buy
2024-05-06 10:52:01.898102558,10.0,141.0,sell
2024-05-06 10:52:03.020518289,10.0,147.0,sell
2024-05-06 10:52:04.397639344,10.0,226.0,sell
2024-05-06 10:52:05.221133797,10.0,233.0,sell
2024-05-06 10:52:05.725876411,10.0,982.0,sell
2024-05-06 10:52:05.906878796,10.0,514.0,buy
2024-05-06 10:52:07.942532430,10.0,951.0,sell
2024-05-06 10:52:08.102728850,10.0,316.0,sell
2024-05-06 10:52:08.215963965,10.0,670.0,sell
2024-05-06 10:52:08.507800237,10.0,285.0,sell
2024-05-06 10:52:08.537060210,10.0,422.0,sell
2024-05-06 10:52:10.456782670,10.0,241.0,sell
2024-05-06 10:52:10.900675072,10.0,429.0,sell
2024-05-06 10:52:11.307713757,10.0,222.0,sell
2024-05-06 10:52:11.840974551,10.0,823.0,sell
2024-05-06 10:52:12.184580612,10.0,810.0,buy
2024-05-06 10:52:12.200875018,10.0,294.0,sell
2024-05-06 10:52:12.674651294,10.0,326.0,sell
2024-05-06 10:52:13.304348029,10.0,626.0,sell
2024-05-06 10:52:13.573916908,10.0,404.0,buy
2024-05-06 10:52:14.281872369,10.0,1102.0,buy
2024-05-06 10:52:14.410611325,10.0,629.0,sell
2024-05-06 10:52:14.535661002,10.0,74.0,sell
2024-05-06 10:52:14.623681853,10.0,251.0,sell
2024-05-06 10:52:14.856285237,10.0,231.0,sell
2024-05-06 10:52:15.794983249,10.0,708.0,sell
2024-05-06 10:52:16.674858082,10.0,268.0,sell
2024-05-06 10:52:16.916158773,10.0,192.0,sell
2024-05-06 10:52:17.360884274,10.0,154.0,sell
2024-05-06 10:52:17.998826949,10.0,186.0,sell
2024-05-06 10:52:18.136839933,10.0,71.0,sell
2024-05-06 10:52:18.228886147,10.0,182.0,sell
2024-05-06 10:52:20.018378641,10.0,367.0,sell
2024-05-06 10:52:20.498966878,10.0,226.0,sell
2024-05-06 10:52:22.491686536,10.0,232.0,sell
2024-05-06 10:52:22.697747132,10.0,710.0,buy
2024-05-06 10:52:23.304812072,10.0,629.0,sell
2024-05-06 10:52:23.430714541,10.0,427.0,sell
2024-05-06 10:52:23.582078672,10.0,226.0,sell
2024-05-06 10:52:23.940698333,10.0,509.0,sell
2024-05-06 10:52:24.133248862,10.0,100.0,sell
2024-05-06 10:52:24.224982907,10.0,199.0,sell
2024-05-06 10:52:24.377485673,10.0,350.0,sell
2024-05-06 10:52:24.395687181,10.0,229.0,sell
2024-05-06 10:52:25.005101183,10.0,300.0,sell
2024-05-06 10:52:25.343852932,10.0,654.0,sell
2024-05-06 10:52:25.393345079,10.0,339.0,sell
2024-05-06 10:52:25.487531388,10.0,235.0,sell
2024-05-06 10:52:25.541621709,10.0,349.0,sell
2024-05-06 10:52:26.015761191,10.0,806.0,sell
2024-05-06 10:52:26.065235286,10.0,457.0,sell
2024-05-06 10:52:26.767021335,10.0,302.0,sell
2024-05-06 10:52:26.777383429,10.0,279.0,sell
2024-05-06 10:52:26.920808497,10.0,434.0,sell
2024-05-06 10:52:28.027485519,10.0,351.0,sell
2024-05-06 10:52:28.661352565,10.0,172.0,sell
2024-05-06 10:52:28.699236342,10.0,398.0,sell
2024-05-06 10:52:29.559773450,10.0,180.0,sell
2024-05-06 10:52:29.899430225,10.0,124.0,sell
2024-05-06 10:52:30.837380345,10.0,798.0,sell
2024-05-06 10:52:31.296451285,10.0,960.0,sell
2024-05-06 10:52:31.869040774,10.0,330.0,sell
2024-05-06 10:52:34.387137370,10.0,603.0,sell
2024-05-06 10:52:34.519338645,10.01,226.0,buy
2024-05-06 10:52:35.008349344,10.0,291.0,sell
2024-05-06 10:52:35.316740085,10.01,101.0,buy
2024-05-06 10:52:35.336865723,10.0,900.0,sell
2024-05-06 10:52:35.344153904,10.0,345.0,sell
2024-05-06 10:52:35.407632474,10.0,183.0,buy
2024-05-06 10:52:35.931247703,10.0,267.0,sell
2024-05-06 10:52:36.349944837,10.0,593.0,buy
2024-05-06 10:52:36.753023904,10.0,865.0,sell
2024-05-06 10:52:36.769211519,10.0,150.0,buy
2024-05-06 10:52:37.085993537,10.0,171.0,buy
2024-05-06 10:52:38.378618873,10.0,229.0,sell
2024-05-06 10:52:38.632028926,10.0,883.0,buy
2024-05-06 10:52:39.122340190,10.0,120.0,sell
2024-05-06 10:52:39.878992125,10.0,256.0,sell
2024-05-06 10:52:40.645057626,10.0,96.0,sell
2024-05-06 10:52:41.011292861,10.0,1378.0,sell
2024-05-06 10:52:41.987087794,10.0,770.0,sell
2024-05-06 10:52:42.235366817,10.01,211.0,buy
2024-05-06 10:52:43.333099347,10.0,751.0,sell
2024-05-06 10:52:43.470467244,10.0,565.0,sell
2024-05-06 10:52:43.634869582,10.0,304.0,sell
2024-05-06 10:52:43.662161367,10.0,276.0,buy
2024-05-06 10:52:44.455955148,10.0,173.0,sell
2024-05-06 10:52:44.725786569,10.0,417.0,sell
2024-05-06 10:52:44.855895652,10.0,125.0,buy
2024-05-06 10:52:44.987741906,10.0,262.0,sell
2024-05-06 10:52:46.146083617,10.01,264.0,buy
2024-05-06 10:52:47.043716222,10.0,424.0,sell
2024-05-06 10:52:47.446908748,10.0,226.0,sell
2024-05-06 10:52:47.925609404,10.0,160.0,sell
2024-05-06 10:52:48.247146010,10.01,244.0,buy
2024-05-06 10:52:48.495662059,10.0,319.0,buy
2024-05-06 10:52:49.731027153,10.0,473.0,sell
2024-05-06 10:52:49.798143088,10.0,207.0,sell
2024-05-06 10:52:50.069169491,10.0,236.0,buy
2024-05-06 10:52:50.280395203,10.0,164.0,sell
2024-05-06 10:52:50.625122925,10.0,415.0,buy
2024-05-06 10:52:50.931028080,10.0,121.0,sell
2024-05-06 10:52:51.296857266,10.0,174.0,sell
2024-05-06 10:52:51.372221606,10.0,467.0,sell
2024-05-06 10:52:51.732112484,10.0,341.0,sell
2024-05-06 10:52:51.870924770,10.0,467.0,sell
2024-05-06 10:52:51.972798306,10.0,241.0,sell
2024-05-06 10:52:52.006314035,10.0,187.0,buy
2024-05-06 10:52:52.725429142,10.0,203.0,sell
2024-05-06 10:52:53.004249693,10.0,147.0,sell
2024-05-06 10:52:53.496860714,10.0,449.0,sell
2024-05-06 10:52:54.147090348,10.0,342.0,sell
2024-05-06 10:52:54.715740917,10.01,40.0,buy
2024-05-06 10:52:55.033652653,10.02,600.0,buy
2024-05-06 10:52:55.279081257,10.01,194.0,sell
2024-05-06 10:52:55.514851590,10.0,77.0,sell
2024-05-06 10:52:56.025744992,10.0,914.0,sell
2024-05-06 10:52:56.367139849,10.0,53.0,sell
2024-05-06 10:52:57.312815669,10.0,271.0,sell
2024-05-06 10:52:58.351345796,10.0,96.0,sell
2024-05-06 10:52:58.444848277,10.0,111.0,sell
2024-05-06 10:52:58.518074765,10.0,292.0,sell
2024-05-06 10:52:59.015742987,10.0,359.0,sell
2024-05-06 10:52:59.194956761,10.0,520.0,sell
2024-05-06 10:52:59.204329421,10.0,434.0,sell
2024-05-06 10:53:00.301834947,10.0,353.0,sell
2024-05-06 10:53:00.430508880,10.0,479.0,sell
2024-05-06 10:53:01.755026918,10.0,112.0,sell
2024-05-06 10:53:02.386949279,10.0,442.0,sell
2024-05-06 10:53:03.106066348,10.0,183.0,buy
2024-05-06 10:53:03.218552394,10.0,323.0,sell
2024-05-06 10:53:03.351965875,10.0,554.0,sell
2024-05-06 10:53:03.720272786,10.0,536.0,sell
2024-05-06 10:53:03.814704149,10.0,349.0,sell
2024-05-06 10:53:03.996936533,10.0,436.0,sell
2024-05-06 10:53:04.190844283,10.0,361.0,sell
2024-05-06 10:53:04.277800747,10.0,161.0,buy
2024-05-06 10:53:04.392622332,10.0,972.0,buy
2024-05-06 10:53:05.169510045,10.0,331.0,sell
2024-05-06 10:53:05.260988437,10.0,270.0,buy
2024-05-06 10:53:05.275423514,10.0,306.0,sell
2024-05-06 10:53:05.771678710,10.0,252.0,sell
2024-05-06 10:53:07.636177879,10.0,866.0,buy
2024-05-06 10:53:07.837323315,10.0,320.0,sell
2024-05-06 10:53:07.900476779,10.0,927.0,buy
2024-05-06 10:53:08.322912395,10.0,231.0,sell
2024-05-06 10:53:09.507030304,10.0,983.0,sell
2024-05-06 10:53:10.273411769,10.0,48.0,sell
2024-05-06 10:53:10.760525142,10.0,327.0,sell
2024-05-06 10:53:10.949734603,10.0,445.0,sell
2024-05-06 10:53:11.340046852,10.0,140.0,sell
2024-05-06 10:53:11.387886639,10.0,114.0,sell
2024-05-06 10:53:11.955958715,10.0,225.0,sell
2024-05-06 10:53:12.601625416,10.0,256.0,sell
2024-05-06 10:53:14.278280985,10.0,294.0,sell
2024-05-06 10:53:14.429102089,10.0,153.0,sell
2024-05-06 10:53:14.438416521,10.0,459.0,sell
2024-05-06 10:53:14.832814541,10.0,406.0,sell
2024-05-06 10:53:15.446248502,10.0,187.0,sell
2024-05-06 10:53:16.227543500,10.0,169.0,sell
2024-05-06 10:53:16.335217342,10.0,606.0,sell
2024-05-06 10:53:16.486955664,10.0,764.0,sell
2024-05-06 10:53:16.846281424,10.0,399.0,sell
2024-05-06 10:53:17.046968774,10.0,87.0,buy
2024-05-06 10:53:18.031855284,10.0,626.0,sell
2024-05-06 10:53:18.352854380,10.0,132.0,sell
2024-05-06 10:53:19.156521054,10.0,164.0,sell
2024-05-06 10:53:19.591009693,10.0,214.0,sell
2024-05-06 10:53:20.332610913,10.0,324.0,sell
2024-05-06 10:53:20.534848452,10.0,306.0,sell
2024-05-06 10:53:21.425010865,10.0,339.0,sell
2024-05-06 10:53:21.585507809,10.0,615.0,buy
2024-05-06 10:53:21.980445681,10.01,375.0,buy
2024-05-06 10:53:22.100849449,10.0,412.0,sell
2024-05-06 10:53:22.423529658,10.0,1184.0,sell
2024-05-06 10:53:22.615020938,10.0,183.0,sell
2024-05-06 10:53:22.770123469,10.0,413.0,buy
2024-05-06 10:53:24.475520380,10.0,213.0,sell
2024-05-06 10:53:24.562741186,10.0,177.0,buy
2024-05-06 10:53:25.336738205,10.0,412.0,sell
2024-05-06 10:53:27.409503225,10.0,909.0,sell
2024-05-06 10:53:27.419554318,10.0,109.0,sell
2024-05-06 10:53:28.019922365,10.0,228.0,sell
2024-05-06 10:53:28.165708383,10.0,240.0,sell
2024-05-06 10:53:28.186373520,10.0,367.0,sell
2024-05-06 10:53:28.444200132,10.0,171.0,sell
2024-05-06 10:53:29.812562412,10.0,159.0,sell
2024-05-06 10:53:29.818479838,10.0,206.0,sell
2024-05-06 10:53:30.261707098,10.0,100.0,sell
2024-05-06 10:53:30.609679121,10.0,473.0,sell
2024-05-06 10:53:31.642977968,10.0,131.0,sell
2024-05-06 10:53:31.686848361,10.0,249.0,sell
2024-05-06 10:53:32.258955628,10.0,329.0,sell
2024-05-06 10:53:32.828844202,10.0,481.0,sell
2024-05-06 10:53:33.381783540,10.0,247.0,sell
2024-05-06 10:53:34.808331599,10.0,332.0,sell
2024-05-06 10:53:35.674381690,10.0,196.0,buy
2024-05-06 10:53:35.695821206,10.0,90.0,sell
2024-05-06 10:53:36.014282944,10.01,161.0,buy
2024-05-06 10:53:36.267992873,10.0,310.0,sell
2024-05-06 10:53:36.453631407,10.0,603.0,sell
2024-05-06 10:53:36.753766591,10.0,486.0,buy
2024-05-06 10:53:36.996178391,10.0,356.0,sell
2024-05-06 10:53:37.279289334,10.0,491.0,sell
2024-05-06 10:53:39.217179850,10.0,569.0,sell
2024-05-06 10:53:39.263584641,10.0,961.0,buy
2024-05-06 10:53:40.540589996,10.0,500.0,sell
2024-05-06 10:53:40.867780891,10.0,334.0,sell
2024-05-06 10:53:41.356521317,10.0,308.0,sell
2024-05-06 10:53:42.243038165,10.0,332.0,sell
2024-05-06 10:53:42.466543589,10.0,947.0,sell
2024-05-06 10:53:42.747973280,10.0,635.0,sell
2024-05-06 10:53:43.011381750,10.0,933.0,sell
2024-05-06 10:53:43.246168429,10.0,484.0,sell
2024-05-06 10:53:44.544843334,10.0,466.0,sell
2024-05-06 10:53:45.427684241,10.0,210.0,sell
2024-05-06 10:53:45.485389661,10.0,193.0,buy
2024-05-06 10:53:45.542603382,10.0,102.0,buy
2024-05-06 10:53:45.821797479,10.0,463.0,sell
2024-05-06 10:53:45.873732391,10.0,239.0,buy
2024-05-06 10:53:46.356332530,10.0,158.0,buy
2024-05-06 10:53:46.433894878,10.01,189.0,buy
2024-05-06 10:53:46.803357747,10.0,163.0,sell
2024-05-06 10:53:46.806980815,10.0,411.0,buy
2024-05-06 10:53:46.997315613,10.0,374.0,sell
2024-05-06 10:53:47.562662416,10.0,367.0,sell
2024-05-06 10:53:47.893524407,10.0,256.0,sell
2024-05-06 10:53:49.808043323,10.0,529.0,sell
2024-05-06 10:53:50.844192068,10.0,572.0,sell
2024-05-06 10:53:51.066610192,10.0,521.0,sell
2024-05-06 10:53:51.089886960,10.0,267.0,sell
2024-05-06 10:53:52.024076456,10.0,285.0,sell
2024-05-06 10:53:53.234953997,10.0,124.0,sell
2024-05-06 10:53:54.094099015,10.0,205.0,buy
2024-05-06 10:53:54.162553240,10.0,656.0,sell
2024-05-06 10:53:57.249078686,10.01,194.0,buy
2024-05-06 10:53:57.398675539,10.0,200.0,sell
2024-05-06 10:53:58.042724102,10.0,467.0,sell
2024-05-06 10:53:59.235897034,10.0,402.0,sell
2024-05-06 10:53:59.370286053,10.0,173.0,sell
2024-05-06 10:54:00.564676571,10.0,422.0,sell
2024-05-06 10:54:00.749832885,10.0,344.0,sell
2024-05-06 10:54:02.623367383,10.0,250.0,sell
2024-05-06 10:54:02.788495197,10.01,101.0,buy
2024-05-06 10:54:04.321957099,10.0,366.0,sell
2024-05-06 10:54:04.349472841,10.0,134.0,sell
2024-05-06 10:54:04.967156440,10.0,131.0,sell
2024-05-06 10:54:05.346918678,10.01,383.0,buy
2024-05-06 10:54:05.671844795,10.0,527.0,sell
2024-05-06 10:54:05.798320453,10.0,161.0,sell
2024-05-06 10:54:06.409721248,10.01,443.0,buy
2024-05-06 10:54:06.515581700,10.0,564.0,sell
2024-05-06 10:54:06.918003111,10.0,163.0,sell
2024-05-06 10:54:07.064012417,10.0,289.0,sell
2024-05-06 10:54:08.621511143,10.0,135.0,sell
2024-05-06 10:54:08.636035674,10.0,313.0,buy
2024-05-06 10:54:08.747437654,10.0,495.0,sell
2024-05-06 10:54:08.886178528,10.0,461.0,sell
2024-05-06 10:54:09.153454148,10.0,275.0,sell
2024-05-06 10:54:09.285912565,10.0,125.0,sell
2024-05-06 10:54:09.623909232,10.0,644.0,sell
2024-05-06 10:54:10.653593504,10.0,182.0,sell
2024-05-06 10:54:11.276101022,10.0,656.0,sell
2024-05-06 10:54:11.709806047,10.0,105.0,sell
2024-05-06 10:54:11.756413982,10.0,211.0,sell
2024-05-06 10:54:12.348486176,10.0,269.0,sell
2024-05-06 10:54:12.439495548,10.0,283.0,sell
2024-05-06 10:54:13.211244296,10.0,146.0,sell
2024-05-06 10:54:13.355123173,10.0,217.0,sell
2024-05-06 10:54:13.624949012,10.0,271.0,sell
2024-05-06 10:54:13.840702295,10.0,462.0,sell
2024-05-06 10:54:14.819540547,10.0,387.0,sell
2024-05-06 10:54:14.887189571,10.01,709.0,buy
2024-05-06 10:54:15.304135989,10.01,750.0,buy
2024-05-06 10:54:15.380747483,10.0,454.0,sell
2024-05-06 10:54:15.990791523,10.0,359.0,sell
2024-05-06 10:54:17.168142085,10.0,81.0,sell
2024-05-06 10:54:17.453259771,10.0,213.0,sell
2024-05-06 10:54:17.788065204,10.0,308.0,sell
2024-05-06 10:54:19.099617683,10.0,560.0,sell
2024-05-06 10:54:19.467636035,10.0,291.0,sell
2024-05-06 10:54:19.801959365,10.0,392.0,sell
2024-05-06 10:54:20.233724432,10.0,299.0,sell
2024-05-06 10:54:20.818075103,10.0,444.0,sell
2024-05-06 10:54:20.874594157,10.01,474.0,buy
2024-05-06 10:54:21.735087725,10.01,466.0,buy
2024-05-06 10:54:22.020999626,10.01,580.0,buy
2024-05-06 10:54:22.058549209,10.0,155.0,sell
2024-05-06 10:54:22.829865821,10.0,283.0,sell
2024-05-06 10:54:23.066430051,10.0,222.0,sell
2024-05-06 10:54:23.119314515,10.0,631.0,sell
2024-05-06 10:54:23.621573720,10.0,277.0,sell
2024-05-06 10:54:24.682253094,10.0,189.0,sell
2024-05-06 10:54:25.775782103,10.0,588.0,sell
2024-05-06 10:54:27.356834645,10.0,314.0,sell
2024-05-06 10:54:28.368196884,10.0,133.0,sell
2024-05-06 10:54:28.369268491,10.0,398.0,sell
2024-05-06 10:54:28.608480918,10.0,102.0,sell
2024-05-06 10:54:29.461848045,10.0,325.0,sell
2024-05-06 10:54:29.689900778,10.0,604.0,sell
2024-05-06 10:54:30.149985534,10.0,1074.0,sell
2024-05-06 10:54:30.616090098,10.0,103.0,sell
2024-05-06 10:54:30.843175163,10.0,509.0,sell
2024-05-06 10:54:32.017353191,10.0,184.0,sell
2024-05-06 10:54:32.367165594,10.0,528.0,sell
2024-05-06 10:54:32.679708224,10.0,459.0,sell
2024-05-06 10:54:35.678197215,10.0,198.0,sell
2024-05-06 10:54:36.018313052,10.0,209.0,sell
2024-05-06 10:54:36.116562799,10.0,208.0,sell
2024-05-06 10:54:36.476379658,10.0,436.0,sell
2024-05-06 10:54:37.317428950,10.0,372.0,sell
2024-05-06 10:54:38.067407634,10.0,920.0,sell
2024-05-06 10:54:38.844366109,10.0,263.0,sell
2024-05-06 10:54:39.459907576,10.0,131.0,sell
2024-05-06 10:54:39.606568434,10.0,148.0,sell
2024-05-06 10:54:40.597123983,10.0,516.0,sell
2024-05-06 10:54:41.716663779,10.0,238.0,sell
2024-05-06 10:54:41.824594282,10.0,327.0,sell
2024-05-06 10:54:41.894487244,10.0,268.0,sell
2024-05-06 10:54:43.751175143,10.0,450.0,sell
2024-05-06 10:54:44.764880465,10.0,331.0,sell
2024-05-06 10:54:45.883448398,10.0,202.0,buy
2024-05-06 10:54:46.970880354,10.0,132.0,sell
2024-05-06 10:54:47.360981623,10.0,475.0,buy
2024-05-06 10:54:47.880778553,10.0,172.0,sell
2024-05-06 10:54:48.274906381,10.0,360.0,sell
2024-05-06 10:54:48.301188352,10.0,332.0,sell
2024-05-06 10:54:48.985421635,10.0,116.0,buy
2024-05-06 10:54:49.337355893,10.0,509.0,sell
2024-05-06 10:54:49.859004870,10.0,482.0,sell
2024-05-06 10:54:50.208225258,10.0,185.0,sell
2024-05-06 10:54:50.546676502,10.0,159.0,sell
2024-05-06 10:54:50.640920231,10.0,815.0,sell
2024-05-06 10:54:50.804279808,10.0,255.0,sell
2024-05-06 10:54:50.890774046,10.0,118.0,sell
2024-05-06 10:54:50.999644566,10.0,239.0,sell
2024-05-06 10:54:52.805185067,10.0,284.0,sell
2024-05-06 10:54:52.888279333,10.0,487.0,sell
2024-05-06 10:54:53.045135246,10.0,61.0,sell
2024-05-06 10:54:53.491653918,10.0,291.0,sell
2024-05-06 10:54:53.962687184,10.0,96.0,sell
2024-05-06 10:54:54.046289854,10.0,292.0,buy
2024-05-06 10:54:54.835544019,10.0,182.0,sell
2024-05-06 10:54:55.604574653,10.0,474.0,sell
2024-05-06 10:54:55.740031515,10.0,446.0,sell
2024-05-06 10:54:55.910338327,10.0,296.0,sell
2024-05-06 10:54:57.300550924,10.0,242.0,buy
2024-05-06 10:54:58.173957683,10.0,235.0,sell
2024-05-06 10:54:58.772285889,10.0,337.0,sell
2024-05-06 10:54:58.815191876,10.0,236.0,sell
2024-05-06 10:54:59.086061217,10.0,153.0,buy
2024-05-06 10:54:59.495758795,10.0,1187.0,sell
2024-05-06 10:54:59.599523888,10.0,747.0,buy
2024-05-06 10:54:59.896832784,10.0,225.0,sell
2024-05-06 10:55:00.356262144,10.0,319.0,sell
2024-05-06 10:55:00.554547049,10.0,165.0,buy
2024-05-06 10:55:01.313762855,10.0,546.0,buy
2024-05-06 10:55:02.231460507,10.0,370.0,sell
2024-05-06 10:55:02.426952838,10.0,895.0,sell
2024-05-06 10:55:03.339064689,10.0,618.0,sell
2024-05-06 10:55:03.393735887,10.0,119.0,sell
2024-05-06 10:55:04.302979942,10.0,299.0,sell
2024-05-06 10:55:04.385859931,10.0,945.0,sell
2024-05-06 10:55:04.429144115,10.0,226.0,sell
2024-05-06 10:55:04.942441679,10.0,236.0,sell
2024-05-06 10:55:05.261711867,10.0,554.0,sell
2024-05-06 10:55:06.454101008,10.0,413.0,sell
2024-05-06 10:55:06.679742348,10.0,884.0,sell
2024-05-06 10:55:06.848986065,10.0,179.0,sell
2024-05-06 10:55:07.196295102,10.0,532.0,sell
2024-05-06 10:55:07.500648659,10.0,403.0,sell
2024-05-06 10:55:07.711772265,10.0,223.0,sell
2024-05-06 10:55:08.303434818,10.0,598.0,sell
2024-05-06 10:55:09.016080982,10.0,405.0,sell
2024-05-06 10:55:09.974687804,10.0,206.0,sell
2024-05-06 10:55:11.777998569,10.0,144.0,buy
2024-05-06 10:55:11.933068891,10.0,141.0,sell
2024-05-06 10:55:12.562624020,10.0,225.0,sell
2024-05-06 10:55:12.813274778,10.01,104.0,buy
2024-05-06 10:55:13.378453163,10.0,69.0,sell
2024-05-06 10:55:13.701567490,10.01,178.0,buy
2024-05-06 10:55:16.241006043,10.01,981.0,buy
2024-05-06 10:55:16.893643744,10.01,128.0,sell
2024-05-06 10:55:18.417064962,10.0,827.0,sell
2024-05-06 10:55:19.317877599,10.0,395.0,sell
2024-05-06 10:55:20.483889757,10.0,190.0,sell
2024-05-06 10:55:21.326022206,10.0,167.0,sell
2024-05-06 10:55:21.633337298,10.0,660.0,sell
2024-05-06 10:55:21.778372060,10.0,379.0,buy
2024-05-06 10:55:22.009643962,10.0,484.0,sell
2024-05-06 10:55:22.019865857,10.0,237.0,sell
2024-05-06 10:55:22.391027393,10.0,177.0,sell
2024-05-06 10:55:22.742684539,10.0,995.0,sell
2024-05-06 10:55:23.115168493,10.0,377.0,sell
2024-05-06 10:55:24.940598704,10.0,63.0,sell
2024-05-06 10:55:26.152715268,10.0,584.0,sell
2024-05-06 10:55:26.240912513,10.0,245.0,sell
2024-05-06 10:55:26.471044141,10.0,117.0,sell
2024-05-06 10:55:26.746829913,10.01,201.0,buy
2024-05-06 10:55:26.970389980,10.01,86.0,sell
2024-05-06 10:55:27.771362913,10.01,206.0,buy
2024-05-06 10:55:28.142571196,10.02,320.0,buy
2024-05-06 10:55:28.567003860,10.0,194.0,sell
2024-05-06 10:55:29.525711327,10.0,300.0,sell
2024-05-06 10:55:30.345474750,10.0,270.0,sell
2024-05-06 10:55:30.416378392,10.0,215.0,sell
2024-05-06 10:55:31.042110819,10.0,1081.0,sell
2024-05-06 10:55:31.327961697,10.0,285.0,sell
2024-05-06 10:55:31.502491492,10.0,336.0,buy
2024-05-06 10:55:31.528148045,10.01,352.0,buy
2024-05-06 10:55:31.862131058,10.0,601.0,sell
2024-05-06 10:55:32.081722166,10.0,234.0,sell
2024-05-06 10:55:32.226572914,10.0,184.0,buy
2024-05-06 10:55:32.819756806,10.0,189.0,sell
2024-05-06 10:55:33.553477318,10.0,246.0,sell
2024-05-06 10:55:33.693856710,10.0,456.0,sell
2024-05-06 10:55:33.719212619,10.0,107.0,sell
2024-05-06 10:55:34.663632138,10.0,540.0,sell
2024-05-06 10:55:34.668636974,10.0,155.0,sell
2024-05-06 10:55:36.051840857,10.0,360.0,buy
2024-05-06 10:55:36.545760908,10.0,67.0,sell
2024-05-06 10:55:36.739951815,10.0,407.0,sell
2024-05-06 10:55:36.881450288,10.0,118.0,sell
2024-05-06 10:55:36.885973518,10.0,213.0,sell
2024-05-06 10:55:37.020221451,10.0,232.0,sell
2024-05-06 10:55:37.094313882,10.0,269.0,sell
2024-05-06 10:55:37.567903100,10.0,243.0,sell
2024-05-06 10:55:37.658991237,10.0,174.0,sell
2024-05-06 10:55:38.035047030,10.0,715.0,sell
2024-05-06 10:55:38.480988088,10.0,170.0,sell
2024-05-06 10:55:38.657928726,10.0,578.0,sell
2024-05-06 10:55:38.675775968,10.0,224.0,buy
2024-05-06 10:55:38.694758737,10.01,105.0,buy
2024-05-06 10:55:38.708109058,10.01,89.0,buy
2024-05-06 10:55:39.379965377,10.01,99.0,buy
2024-05-06 10:55:39.571335303,10.01,266.0,sell
2024-05-06 10:55:40.366889237,10.01,111.0,sell
2024-05-06 10:55:40.649471032,10.01,187.0,buy
2024-05-06 10:55:40.951122534,10.02,277.0,buy
2024-05-06 10:55:41.310747596,10.03,82.0,buy
2024-05-06 10:55:41.934938932,10.04,46.0,buy
2024-05-06 10:55:42.094699303,10.05,86.0,buy
2024-05-06 10:55:42.159518706,10.05,119.0,buy
2024-05-06 10:55:42.565548635,10.06,267.0,buy
2024-05-06 10:55:42.763536985,10.07,272.0,buy
2024-05-06 10:55:43.055675583,10.07,182.0,buy
2024-05-06 10:55:43.576243716,10.1,163.0,buy
2024-05-06 10:55:43.916977286,10.1,150.0,buy
2024-05-06 10:55:44.401136298,10.1,197.0,buy
2024-05-06 10:55:44.793986882,10.11,299.0,buy
2024-05-06 10:55:45.467132267,10.12,439.0,buy
2024-05-06 10:55:46.079112241,10.13,314.0,buy
2024-05-06 10:55:46.461100852,10.13,225.0,buy
2024-05-06 10:55:47.029106894,10.13,57.0,sell
2024-05-06 10:55:48.063099016,10.12,153.0,sell
2024-05-06 10:55:48.346154814,10.14,141.0,buy
2024-05-06 10:55:48.612318273,10.14,240.0,buy
2024-05-06 10:55:49.334800664,10.15,116.0,buy
2024-05-06 10:55:49.771600511,10.16,88.0,buy
2024-05-06 10:55:49.808427430,10.18,209.0,buy
2024-05-06 10:55:50.921758316,10.18,96.0,buy
2024-05-06 10:55:50.937391744,10.18,134.0,buy
2024-05-06 10:55:51.627341880,10.19,172.0,buy
2024-05-06 10:55:52.338394145,10.19,172.0,buy
2024-05-06 10:55:53.868381141,10.2,77.0,buy
2024-05-06 10:55:53.896208541,10.2,264.0,buy
2024-05-06 10:55:54.350440339,10.2,157.0,buy
2024-05-06 10:55:54.629609141,10.21,164.0,buy
2024-05-06 10:55:54.830320502,10.21,225.0,sell
2024-05-06 10:55:54.877650906,10.22,133.0,buy
2024-05-06 10:55:55.291166360,10.22,165.0,buy
2024-05-06 10:55:55.617208064,10.21,172.0,sell
2024-05-06 10:55:55.672425000,10.21,228.0,buy
2024-05-06 10:55:56.146431176,10.21,147.0,sell
2024-05-06 10:55:56.816047107,10.22,104.0,buy
2024-05-06 10:55:57.545003089,10.21,104.0,sell
2024-05-06 10:55:58.723910300,10.22,181.0,buy
2024-05-06 10:55:58.987278348,10.23,144.0,buy
2024-05-06 10:56:00.516856921,10.23,251.0,sell
2024-05-06 10:56:01.519690094,10.23,180.0,buy
2024-05-06 10:56:01.695534913,10.23,128.0,sell
2024-05-06 10:56:01.782285025,10.23,121.0,buy
2024-05-06 10:56:02.068094516,10.24,158.0,buy
2024-05-06 10:56:02.325092093,10.24,117.0,sell
2024-05-06 10:56:02.753772107,10.26,249.0,buy
2024-05-06 10:56:03.191569958,10.25,172.0,sell
2024-05-06 10:56:03.884691108,10.26,162.0,buy
2024-05-06 10:56:04.241253767,10.26,105.0,buy
2024-05-06 10:56:04.296620474,10.25,93.0,sell
2024-05-06 10:56:05.273611468,10.24,84.0,sell
2024-05-06 10:56:05.458972746,10.25,206.0,buy
2024-05-06 10:56:07.234357580,10.24,232.0,sell
2024-05-06 10:56:07.297059895,10.26,90.0,buy
2024-05-06 10:56:08.885101847,10.28,97.0,buy
2024-05-06 10:56:08.932813434,10.29,110.0,buy
2024-05-06 10:56:09.064169086,10.3,181.0,buy
2024-05-06 10:56:09.088018935,10.3,170.0,buy
2024-05-06 10:56:09.698600707,10.32,82.0,buy
2024-05-06 10:56:10.648157481,10.32,86.0,buy
2024-05-06 10:56:10.932800879,10.32,132.0,sell
2024-05-06 10:56:12.251984188,10.33,156.0,buy
2024-05-06 10:56:12.698148102,10.33,131.0,buy
2024-05-06 10:56:13.195283882,10.33,163.0,sell
2024-05-06 10:56:14.128803058,10.34,167.0,buy
2024-05-06 10:56:14.304860170,10.35,82.0,buy
2024-05-06 10:56:14.523543767,10.36,85.0,buy
2024-05-06 10:56:15.705518332,10.36,251.0,buy
2024-05-06 10:56:16.861651717,10.38,143.0,buy
2024-05-06 10:56:18.736662816,10.38,850.0,buy
2024-05-06 10:56:19.897232480,10.38,126.0,sell
2024-05-06 10:56:19.965355466,10.38,104.0,buy
2024-05-06 10:56:20.833208443,10.38,492.0,sell
2024-05-06 10:56:21.096887949,10.39,126.0,buy
2024-05-06 10:56:23.441237545,10.42,77.0,buy
2024-05-06 10:56:23.760833178,10.42,140.0,buy
2024-05-06 10:56:24.164367611,10.44,287.0,buy
2024-05-06 10:56:24.541639509,10.45,186.0,buy
2024-05-06 10:56:24.735749611,10.45,153.0,sell
2024-05-06 10:56:24.774742322,10.45,139.0,buy
2024-05-06 10:56:25.904750541,10.46,118.0,buy
2024-05-06 10:56:26.716204181,10.47,106.0,buy
2024-05-06 10:56:26.791340574,10.48,85.0,buy
2024-05-06 10:56:27.541113027,10.49,211.0,buy
2024-05-06 10:56:28.032657817,10.49,138.0,sell
2024-05-06 10:56:28.295749111,10.5,92.0,buy
2024-05-06 10:56:28.442278126,10.48,80.0,sell
2024-05-06 10:56:29.424366861,10.51,201.0,buy
2024-05-06 10:56:30.026667127,10.52,184.0,buy
2024-05-06 10:56:30.423416048,10.55,201.0,buy
2024-05-06 10:56:30.893667462,10.54,98.0,sell
2024-05-06 10:56:30.941408960,10.54,410.0,buy
2024-05-06 10:56:31.262559726,10.55,253.0,buy
2024-05-06 10:56:31.370209606,10.56,124.0,buy
2024-05-06 10:56:31.487048830,10.56,157.0,buy
2024-05-06 10:56:32.028374939,10.56,103.0,sell
2024-05-06 10:56:33.239375523,10.57,108.0,buy
2024-05-06 10:56:33.497928685,10.57,274.0,buy
2024-05-06 10:56:33.614367367,10.58,178.0,buy
2024-05-06 10:56:34.137491536,10.59,157.0,buy
2024-05-06 10:56:35.162188485,10.59,80.0,buy
2024-05-06 10:56:35.851984523,10.59,262.0,sell
2024-05-06 10:56:36.867337758,10.58,153.0,sell
2024-05-06 10:56:37.251871185,10.58,98.0,sell
2024-05-06 10:56:37.948785006,10.58,82.0,sell
2024-05-06 10:56:38.024233987,10.57,234.0,sell
2024-05-06 10:56:38.238299984,10.57,85.0,sell
2024-05-06 10:56:38.485078744,10.58,104.0,buy
2024-05-06 10:56:38.843077630,10.58,173.0,buy
2024-05-06 10:56:40.166153368,10.59,168.0,buy
2024-05-06 10:56:41.203068268,10.6,179.0,buy
2024-05-06 10:56:41.275306947,10.6,215.0,buy
2024-05-06 10:56:41.370155080,10.62,62.0,buy
2024-05-06 10:56:41.591458700,10.62,76.0,sell
2024-05-06 10:56:41.763227978,10.64,170.0,buy
2024-05-06 10:56:42.240186575,10.64,296.0,buy
2024-05-06 10:56:43.405555663,10.64,162.0,buy
2024-05-06 10:56:45.044491089,10.64,156.0,sell
2024-05-06 10:56:45.574575902,10.65,133.0,buy
2024-05-06 10:56:46.485146977,10.66,191.0,buy
2024-05-06 10:56:46.857580103,10.66,273.0,buy
2024-05-06 10:56:46.974383495,10.67,123.0,buy
2024-05-06 10:56:47.346275852,10.67,73.0,buy
2024-05-06 10:56:47.751209170,10.68,74.0,buy
2024-05-06 10:56:48.429494557,10.69,131.0,buy
2024-05-06 10:56:48.553650235,10.7,67.0,buy
2024-05-06 10:56:48.783328794,10.7,203.0,sell
2024-05-06 10:56:49.009628747,10.71,203.0,buy
2024-05-06 10:56:50.612110224,10.72,224.0,buy
2024-05-06 10:56:50.905554222,10.73,196.0,buy
2024-05-06 10:56:51.608994563,10.73,154.0,sell
2024-05-06 10:56:52.303767146,10.74,85.0,buy
2024-05-06 10:56:52.458079866,10.75,202.0,buy
2024-05-06 10:56:52.882243699,10.75,231.0,sell
2024-05-06 10:56:54.005832579,10.76,55.0,buy
2024-05-06 10:56:54.328199427,10.75,64.0,sell
2024-05-06 10:56:55.779479865,10.76,151.0,buy
2024-05-06 10:56:55.900170688,10.77,71.0,buy
2024-05-06 10:56:55.938697128,10.77,88.0,buy
2024-05-06 10:56:57.048987160,10.77,150.0,sell
2024-05-06 10:56:57.989876946,10.78,283.0,buy
2024-05-06 10:57:00.442330994,10.79,79.0,buy
2024-05-06 10:57:01.011101358,10.8,357.0,buy
2024-05-06 10:57:02.390940976,10.79,105.0,sell
2024-05-06 10:57:03.268025514,10.79,316.0,sell
2024-05-06 10:57:04.198343472,10.79,99.0,sell
2024-05-06 10:57:04.619331329,10.79,160.0,buy
2024-05-06 10:57:04.860259809,10.81,119.0,buy
2024-05-06 10:57:06.223555875,10.81,166.0,buy
2024-05-06 10:57:06.506475963,10.82,307.0,buy
2024-05-06 10:57:06.893458706,10.83,160.0,buy
2024-05-06 10:57:07.188857178,10.84,91.0,buy
2024-05-06 10:57:07.604853011,10.86,123.0,buy
2024-05-06 10:57:07.922768864,10.88,445.0,buy
2024-05-06 10:57:07.947346948,10.88,123.0,buy
2024-05-06 10:57:09.016086495,10.9,134.0,buy
2024-05-06 10:57:09.309934266,10.9,217.0,sell
2024-05-06 10:57:09.754446749,10.9,296.0,buy
2024-05-06 10:57:09.829386209,10.91,119.0,buy
2024-05-06 10:57:09.831083009,10.91,171.0,buy
2024-05-06 10:57:09.971793926,10.93,121.0,buy
2024-05-06 10:57:10.581482739,10.93,207.0,buy
2024-05-06 10:57:10.633715713,10.93,281.0,buy
2024-05-06 10:57:11.831545522,10.94,99.0,buy
2024-05-06 10:57:11.952595678,10.94,222.0,buy
2024-05-06 10:57:12.067046736,10.95,120.0,buy
2024-05-06 10:57:12.167192542,10.94,232.0,sell
2024-05-06 10:57:12.174232731,10.97,159.0,buy
2024-05-06 10:57:12.913011134,10.99,302.0,buy
2024-05-06 10:57:13.952870049,10.99,232.0,buy
2024-05-06 10:57:14.429039802,10.99,116.0,sell
2024-05-06 10:57:14.533290428,11.0,194.0,buy
2024-05-06 10:57:14.701221238,10.99,46.0,sell
2024-05-06 10:57:15.024283095,11.0,71.0,buy
2024-05-06 10:57:16.567614591,11.01,80.0,buy
2024-05-06 10:57:16.709692986,11.01,185.0,sell
2024-05-06 10:57:17.367416944,11.01,68.0,buy
2024-05-06 10:57:17.656833777,11.01,135.0,buy
2024-05-06 10:57:17.833636000,11.02,97.0,buy
2024-05-06 10:57:18.137961758,11.02,106.0,sell
2024-05-06 10:57:18.174896299,11.05,194.0,buy
2024-05-06 10:57:18.976344404,11.05,152.0,buy
2024-05-06 10:57:19.115739880,11.07,144.0,buy
2024-05-06 10:57:19.761981848,11.09,213.0,buy
2024-05-06 10:57:19.797380010,11.09,179.0,buy
2024-05-06 10:57:21.349022674,11.09,148.0,sell
2024-05-06 10:57:21.456247764,11.09,108.0,buy
2024-05-06 10:57:22.527937411,11.1,60.0,buy
2024-05-06 10:57:23.356918642,11.1,163.0,buy
2024-05-06 10:57:25.075744420,11.12,151.0,buy
2024-05-06 10:57:25.400683546,11.13,52.0,buy
2024-05-06 10:57:26.050553462,11.13,245.0,buy
2024-05-06 10:57:26.282135524,11.15,165.0,buy
2024-05-06 10:57:26.384031673,11.14,188.0,sell
2024-05-06 10:57:26.676694859,11.15,256.0,buy
2024-05-06 10:57:26.767305350,11.16,68.0,buy
2024-05-06 10:57:28.777238171,11.16,229.0,buy
2024-05-06 10:57:28.827837483,11.16,145.0,buy
2024-05-06 10:57:29.272676152,11.16,123.0,sell
2024-05-06 10:57:29.765046405,11.18,122.0,buy
2024-05-06 10:57:30.151227692,11.2,478.0,buy
2024-05-06 10:57:30.693857438,11.19,204.0,sell
2024-05-06 10:57:30.755608805,11.2,439.0,buy
2024-05-06 10:57:31.160470118,11.21,307.0,buy
2024-05-06 10:57:31.329756137,11.21,111.0,sell
2024-05-06 10:57:32.737930847,11.21,248.0,buy
2024-05-06 10:57:33.455823705,11.21,48.0,sell
2024-05-06 10:57:35.252871723,11.22,123.0,buy
2024-05-06 10:57:35.272011458,11.23,152.0,buy
2024-05-06 10:57:35.439840964,11.23,345.0,sell
2024-05-06 10:57:35.548560010,11.25,228.0,buy
2024-05-06 10:57:35.554168643,11.25,139.0,buy
2024-05-06 10:57:35.692919497,11.27,304.0,buy
2024-05-06 10:57:36.260727761,11.28,592.0,buy
2024-05-06 10:57:36.392117736,11.29,150.0,buy
2024-05-06 10:57:36.747776821,11.3,204.0,buy
2024-05-06 10:57:37.841593696,11.32,121.0,buy
2024-05-06 10:57:38.433283386,11.33,105.0,buy
2024-05-06 10:57:38.684240337,11.34,388.0,buy
2024-05-06 10:57:38.917221392,11.34,102.0,sell
2024-05-06 10:57:39.221381649,11.33,178.0,sell
2024-05-06 10:57:39.318806365,11.33,241.0,buy
2024-05-06 10:57:39.821368386,11.35,89.0,buy
2024-05-06 10:57:40.047766899,11.34,99.0,sell
2024-05-06 10:57:41.004274216,11.36,133.0,buy
2024-05-06 10:57:41.710701528,11.37,63.0,buy
2024-05-06 10:57:42.182164133,11.39,67.0,buy
2024-05-06 10:57:42.408601497,11.38,175.0,sell
2024-05-06 10:57:42.526419521,11.36,879.0,sell
2024-05-06 10:57:43.274813232,11.38,101.0,buy
2024-05-06 10:57:43.607977353,11.4,302.0,buy
2024-05-06 10:57:43.735262238,11.4,73.0,sell
2024-05-06 10:57:43.843827207,11.41,163.0,buy
2024-05-06 10:57:43.934229105,11.42,143.0,buy
2024-05-06 10:57:44.684882415,11.42,166.0,sell
2024-05-06 10:57:44.814907558,11.44,257.0,buy
2024-05-06 10:57:45.188859489,11.44,139.0,buy
2024-05-06 10:57:45.489185752,11.45,85.0,buy
2024-05-06 10:57:45.922473035,11.45,362.0,buy
2024-05-06 10:57:46.970888570,11.45,560.0,sell
2024-05-06 10:57:47.982409307,11.48,155.0,buy
2024-05-06 10:57:48.282307013,11.49,145.0,buy
2024-05-06 10:57:48.290049780,11.49,209.0,buy
2024-05-06 10:57:48.567999461,11.49,251.0,buy
2024-05-06 10:57:49.033947312,11.5,76.0,buy
2024-05-06 10:57:49.441903972,11.52,173.0,buy
2024-05-06 10:57:49.968727409,11.53,140.0,buy
2024-05-06 10:57:50.052390130,11.53,169.0,sell
2024-05-06 10:57:50.572375674,11.53,79.0,buy
2024-05-06 10:57:50.673220604,11.53,94.0,buy
2024-05-06 10:57:51.367416846,11.53,150.0,sell
2024-05-06 10:57:51.574483843,11.55,274.0,buy
2024-05-06 10:57:52.193240766,11.54,160.0,sell
2024-05-06 10:57:52.217765304,11.54,62.0,buy
2024-05-06 10:57:52.479771419,11.55,75.0,buy
2024-05-06 10:57:53.090219896,11.56,158.0,buy
2024-05-06 10:57:53.218874264,11.56,75.0,sell
2024-05-06 10:57:54.011947514,11.58,127.0,buy
2024-05-06 10:57:54.510128456,11.58,121.0,buy
2024-05-06 10:57:54.952962873,11.58,212.0,sell
2024-05-06 10:57:55.171091699,11.59,130.0,buy
2024-05-06 10:57:55.500417689,11.61,85.0,buy
2024-05-06 10:57:55.955260612,11.62,194.0,buy
2024-05-06 10:57:56.275027909,11.61,138.0,sell
2024-05-06 10:57:56.874211057,11.62,287.0,buy
2024-05-06 10:57:57.158524002,11.65,59.0,buy
2024-05-06 10:57:57.271518539,11.66,146.0,buy
2024-05-06 10:57:57.391875661,11.68,191.0,buy
2024-05-06 10:57:57.394785999,11.7,130.0,buy
2024-05-06 10:57:57.573808022,11.71,65.0,buy
2024-05-06 10:57:58.264795155,11.71,256.0,sell
2024-05-06 10:57:59.055129792,11.7,232.0,sell
2024-05-06 10:57:59.168246164,11.69,147.0,sell
2024-05-06 10:58:00.765874606,11.71,496.0,buy
2024-05-06 10:58:01.114856782,11.72,117.0,buy
2024-05-06 10:58:02.359186116,11.71,130.0,sell
2024-05-06 10:58:02.972577068,11.72,282.0,buy
2024-05-06 10:58:03.613424297,11.72,166.0,sell
2024-05-06 10:58:03.657863741,11.72,93.0,sell
2024-05-06 10:58:03.782088733,11.71,103.0,sell
2024-05-06 10:58:03.786515690,11.71,225.0,sell
2024-05-06 10:58:04.416130980,11.71,86.0,buy
2024-05-06 10:58:04.627262398,11.72,160.0,buy
2024-05-06 10:58:05.399678929,11.72,174.0,sell
2024-05-06 10:58:05.606631406,11.73,150.0,buy
2024-05-06 10:58:06.462183348,11.75,147.0,buy
2024-05-06 10:58:06.532215838,11.76,252.0,buy
2024-05-06 10:58:06.627416790,11.76,237.0,buy
2024-05-06 10:58:06.835838998,11.77,216.0,buy
2024-05-06 10:58:07.098375136,11.77,265.0,buy
2024-05-06 10:58:07.312769751,11.78,95.0,buy
2024-05-06 10:58:08.033984234,11.78,152.0,buy
2024-05-06 10:58:08.084973683,11.8,140.0,buy
2024-05-06 10:58:08.301302187,11.81,178.0,buy
2024-05-06 10:58:09.209041464,11.82,146.0,buy
2024-05-06 10:58:09.243607767,11.83,144.0,buy
2024-05-06 10:58:10.670233979,11.84,309.0,buy
2024-05-06 10:58:12.816028761,11.84,189.0,buy
2024-05-06 10:58:12.862398002,11.85,182.0,buy
2024-05-06 10:58:13.034540102,11.85,355.0,buy
2024-05-06 10:58:13.267466762,11.86,143.0,buy
2024-05-06 10:58:14.016395731,11.87,284.0,buy
2024-05-06 10:58:14.469475360,11.87,77.0,buy
2024-05-06 10:58:14.986401523,11.88,93.0,buy
2024-05-06 10:58:15.694798560,11.89,96.0,buy
2024-05-06 10:58:15.757568267,11.89,115.0,buy
2024-05-06 10:58:16.653076510,11.91,204.0,buy
2024-05-06 10:58:17.264518091,11.91,276.0,buy
2024-05-06 10:58:17.695113736,11.93,100.0,buy
2024-05-06 10:58:18.797549614,11.95,491.0,buy
2024-05-06 10:58:19.400046867,11.97,66.0,buy
2024-05-06 10:58:19.512682250,11.98,115.0,buy
2024-05-06 10:58:19.793518409,11.98,193.0,buy
2024-05-06 10:58:20.134170074,11.99,112.0,buy
2024-05-06 10:58:20.162570409,12.03,227.0,buy
2024-05-06 10:58:21.709105310,12.03,122.0,buy
2024-05-06 10:58:21.777919345,12.03,293.0,sell
2024-05-06 10:58:22.375692329,12.04,87.0,buy
2024-05-06 10:58:22.728536107,12.05,178.0,buy
2024-05-06 10:58:22.741519346,12.05,140.0,sell
2024-05-06 10:58:24.034972263,12.07,366.0,buy
2024-05-06 10:58:24.989692748,12.08,78.0,buy
2024-05-06 10:58:25.361132466,12.11,102.0,buy
2024-05-06 10:58:25.491128525,12.11,96.0,buy
2024-05-06 10:58:25.555968159,12.13,196.0,buy
2024-05-06 10:58:25.781769134,12.11,73.0,sell
2024-05-06 10:58:25.929242184,12.14,146.0,buy
2024-05-06 10:58:26.282552151,12.15,95.0,buy
2024-05-06 10:58:27.979305111,12.15,303.0,sell
2024-05-06 10:58:28.407083455,12.15,113.0,buy
2024-05-06 10:58:29.510407627,12.15,123.0,sell
2024-05-06 10:58:30.036575751,12.14,74.0,sell
2024-05-06 10:58:30.358989102,12.16,124.0,buy
2024-05-06 10:58:31.323148466,12.17,95.0,buy
2024-05-06 10:58:31.641879941,12.17,233.0,buy
2024-05-06 10:58:32.656741732,12.2,98.0,buy
2024-05-06 10:58:32.829098523,12.19,118.0,sell
2024-05-06 10:58:32.898047880,12.2,161.0,buy
2024-05-06 10:58:33.864644186,12.22,100.0,buy
2024-05-06 10:58:34.307300901,12.22,176.0,sell
2024-05-06 10:58:35.406829821,12.21,204.0,sell
2024-05-06 10:58:36.795748715,12.21,272.0,buy
2024-05-06 10:58:36.823308697,12.24,377.0,buy
2024-05-06 10:58:37.170852530,12.25,237.0,buy
2024-05-06 10:58:37.405825985,12.26,160.0,buy
2024-05-06 10:58:37.897386453,12.25,192.0,sell
2024-05-06 10:58:38.686334751,12.25,144.0,buy
2024-05-06 10:58:38.850996825,12.25,85.0,buy
2024-05-06 10:58:39.257862074,12.27,143.0,buy
2024-05-06 10:58:39.874611940,12.29,301.0,buy
2024-05-06 10:58:39.946796080,12.28,335.0,sell
2024-05-06 10:58:40.787980270,12.29,132.0,buy
2024-05-06 10:58:41.253821560,12.29,355.0,buy
2024-05-06 10:58:42.747083333,12.31,571.0,buy
2024-05-06 10:58:42.954484303,12.31,143.0,buy
2024-05-06 10:58:43.011710689,12.33,99.0,buy
2024-05-06 10:58:43.364828116,12.33,214.0,sell
2024-05-06 10:58:43.409686964,12.32,202.0,sell
2024-05-06 10:58:45.155136260,12.33,131.0,buy
2024-05-06 10:58:45.174862808,12.34,99.0,buy
2024-05-06 10:58:45.875067364,12.36,82.0,buy
2024-05-06 10:58:46.247395400,12.35,149.0,sell
2024-05-06 10:58:46.477319607,12.34,187.0,sell
2024-05-06 10:58:46.511374540,12.35,263.0,buy
2024-05-06 10:58:46.998025929,12.36,202.0,buy
2024-05-06 10:58:47.438029836,12.36,143.0,buy
2024-05-06 10:58:47.602895630,12.35,253.0,sell
2024-05-06 10:58:48.808101629,12.37,177.0,buy
2024-05-06 10:58:48.989383473,12.37,245.0,buy
2024-05-06 10:58:49.288052409,12.37,227.0,buy
2024-05-06 10:58:49.680423246,12.38,78.0,buy
2024-05-06 10:58:49.733232342,12.4,239.0,buy
2024-05-06 10:58:51.078546657,12.39,125.0,sell
2024-05-06 10:58:51.313177531,12.39,126.0,buy
2024-05-06 10:58:51.355292001,12.41,135.0,buy
2024-05-06 10:58:51.600224727,12.42,141.0,buy
2024-05-06 10:58:52.058623341,12.42,179.0,buy
2024-05-06 10:58:52.419039463,12.43,69.0,buy
2024-05-06 10:58:53.012010915,12.44,192.0,buy
2024-05-06 10:58:53.040552211,12.44,259.0,buy
2024-05-06 10:58:53.207967430,12.46,197.0,buy
2024-05-06 10:58:54.063233913,12.46,178.0,buy
2024-05-06 10:58:54.104866942,12.47,98.0,buy
2024-05-06 10:58:55.072056231,12.47,103.0,buy
2024-05-06 10:58:55.120254466,12.47,128.0,buy
2024-05-06 10:58:56.019508204,12.49,63.0,buy
2024-05-06 10:58:56.243268073,12.51,152.0,buy
2024-05-06 10:58:56.716912527,12.53,87.0,buy
2024-05-06 10:58:56.799873186,12.55,65.0,buy
2024-05-06 10:58:56.834102936,12.57,113.0,buy
2024-05-06 10:58:56.955736656,12.57,100.0,buy
2024-05-06 10:58:57.024135771,12.57,82.0,buy
2024-05-06 10:58:57.211414062,12.55,171.0,sell
2024-05-06 10:58:57.572581832,12.56,163.0,buy
2024-05-06 10:58:58.016870326,12.57,96.0,buy
2024-05-06 10:58:58.796880269,12.56,133.0,sell
2024-05-06 10:58:59.330785884,12.55,283.0,sell
2024-05-06 10:58:59.800000791,12.55,67.0,sell
2024-05-06 10:59:00.065329640,12.56,256.0,buy
2024-05-06 10:59:00.386374611,12.56,42.0,sell
2024-05-06 10:59:00.654036947,12.56,248.0,sell
2024-05-06 10:59:01.577142758,12.56,175.0,buy
2024-05-06 10:59:01.707825433,12.57,181.0,buy
2024-05-06 10:59:01.710694113,12.57,182.0,buy
2024-05-06 10:59:02.237494307,12.6,63.0,buy
2024-05-06 10:59:02.350607320,12.6,152.0,buy
2024-05-06 10:59:03.454768398,12.61,177.0,buy
2024-05-06 10:59:04.434430409,12.63,79.0,buy
2024-05-06 10:59:04.474345767,12.63,129.0,buy
2024-05-06 10:59:04.530587795,12.64,99.0,buy
2024-05-06 10:59:04.872356142,12.65,168.0,buy
2024-05-06 10:59:05.342164818,12.65,236.0,sell
2024-05-06 10:59:05.502893418,12.66,449.0,buy
2024-05-06 10:59:06.133690345,12.65,132.0,sell
2024-05-06 10:59:06.585520784,12.68,136.0,buy
2024-05-06 10:59:06.781911806,12.69,175.0,buy
2024-05-06 10:59:06.794761253,12.69,169.0,buy
2024-05-06 10:59:07.488209087,12.69,114.0,sell
2024-05-06 10:59:07.609087991,12.69,248.0,buy
2024-05-06 10:59:08.508400714,12.69,123.0,buy
2024-05-06 10:59:08.781014589,12.72,450.0,buy
2024-05-06 10:59:09.211297688,12.73,74.0,buy
2024-05-06 10:59:10.242879976,12.73,413.0,buy
2024-05-06 10:59:11.239046064,12.74,195.0,buy
2024-05-06 10:59:11.471271263,12.76,56.0,buy
2024-05-06 10:59:11.588429691,12.77,227.0,buy
2024-05-06 10:59:12.334581852,12.81,100.0,buy
2024-05-06 10:59:12.618350571,12.81,142.0,buy
2024-05-06 10:59:12.724973168,12.82,395.0,buy
2024-05-06 10:59:13.898896958,12.84,89.0,buy
2024-05-06 10:59:14.009285257,12.85,172.0,buy
2024-05-06 10:59:14.022358265,12.88,183.0,buy
2024-05-06 10:59:14.032602483,12.88,317.0,buy
2024-05-06 10:59:14.519450337,12.87,131.0,sell
2024-05-06 10:59:15.061324580,12.89,93.0,buy
2024-05-06 10:59:15.247611850,12.91,320.0,buy
2024-05-06 10:59:15.440451171,12.92,106.0,buy
2024-05-06 10:59:15.647825642,12.92,249.0,buy
2024-05-06 10:59:16.217790574,12.94,144.0,buy
2024-05-06 10:59:16.247736596,12.94,73.0,sell
2024-05-06 10:59:17.571094354,12.95,127.0,buy
2024-05-06 10:59:17.696943705,12.96,294.0,buy
2024-05-06 10:59:21.710032823,12.96,120.0,sell
2024-05-06 10:59:21.804115740,12.96,166.0,buy
2024-05-06 10:59:22.542326942,12.97,89.0,buy
2024-05-06 10:59:22.668749949,12.98,149.0,buy
2024-05-06 10:59:22.710901184,12.98,117.0,sell
2024-05-06 10:59:23.750355323,12.99,226.0,buy
2024-05-06 10:59:24.728971735,13.03,128.0,buy
2024-05-06 10:59:24.987368762,13.04,34.0,buy
2024-05-06 10:59:25.593364769,13.04,76.0,buy
2024-05-06 10:59:26.000531945,13.05,132.0,buy
2024-05-06 10:59:26.959044040,13.05,142.0,buy
2024-05-06 10:59:27.148253116,13.05,95.0,sell
2024-05-06 10:59:27.519077829,13.05,99.0,buy
2024-05-06 10:59:27.851233674,13.05,116.0,sell
2024-05-06 10:59:28.069638677,13.05,91.0,buy
2024-05-06 10:59:29.179934197,13.07,289.0,buy
2024-05-06 10:59:29.270621954,13.08,274.0,buy
2024-05-06 10:59:29.351592467,13.08,215.0,sell
2024-05-06 10:59:29.781677096,13.1,180.0,buy
2024-05-06 10:59:30.317410484,13.1,376.0,sell
2024-05-06 10:59:30.425630552,13.12,138.0,buy
2024-05-06 10:59:30.673367127,13.14,49.0,buy
2024-05-06 10:59:32.138000959,13.15,63.0,buy
2024-05-06 10:59:32.279592014,13.16,80.0,buy
2024-05-06 10:59:32.831445690,13.16,226.0,buy
2024-05-06 10:59:33.505269892,13.18,183.0,buy
2024-05-06 10:59:33.802490098,13.22,75.0,buy
2024-05-06 10:59:35.188992396,13.21,131.0,sell
2024-05-06 10:59:35.856140850,13.2,86.0,sell
2024-05-06 10:59:36.162315918,13.22,84.0,buy
2024-05-06 10:59:36.583528529,13.24,197.0,buy
2024-05-06 10:59:37.173353120,13.23,174.0,sell
2024-05-06 10:59:37.621830291,13.23,222.0,sell
2024-05-06 10:59:38.676564563,13.24,151.0,buy
2024-05-06 10:59:38.897283271,13.24,143.0,sell
2024-05-06 10:59:39.075539135,13.29,75.0,buy
2024-05-06 10:59:39.195835902,13.29,137.0,sell
2024-05-06 10:59:39.215093526,13.28,424.0,sell
2024-05-06 10:59:39.237076766,13.28,179.0,buy
2024-05-06 10:59:40.257399506,13.28,124.0,sell
2024-05-06 10:59:40.824612222,13.29,100.0,buy
2024-05-06 10:59:41.364800630,13.28,196.0,sell
2024-05-06 10:59:41.841592946,13.29,125.0,buy
2024-05-06 10:59:42.787556839,13.3,173.0,buy
2024-05-06 10:59:43.114776798,13.3,101.0,buy
2024-05-06 10:59:44.136469824,13.3,354.0,buy
2024-05-06 10:59:44.359179990,13.33,385.0,buy
2024-05-06 10:59:45.665828516,13.33,142.0,sell
2024-05-06 10:59:46.265581546,13.33,143.0,buy
2024-05-06 10:59:46.414230382,13.33,169.0,buy
2024-05-06 10:59:46.829384297,13.33,216.0,buy
2024-05-06 10:59:47.210130029,13.34,196.0,buy
2024-05-06 10:59:47.284321349,13.32,236.0,sell
2024-05-06 10:59:47.731638449,13.32,94.0,sell
2024-05-06 10:59:47.920650215,13.34,172.0,buy
2024-05-06 10:59:47.947534586,13.34,203.0,sell
2024-05-06 10:59:49.432139719,13.34,194.0,sell
2024-05-06 10:59:49.945039597,13.34,153.0,buy
2024-05-06 10:59:50.992495622,13.34,151.0,buy
2024-05-06 10:59:51.556087938,13.36,138.0,buy
2024-05-06 10:59:51.776880535,13.37,133.0,buy
2024-05-06 10:59:52.136305961,13.39,71.0,buy
2024-05-06 10:59:52.699421193,13.4,97.0,buy
2024-05-06 10:59:54.312023161,13.42,162.0,buy
2024-05-06 10:59:54.458316507,13.43,273.0,buy
2024-05-06 10:59:55.497945521,13.43,94.0,buy
2024-05-06 10:59:56.786968629,13.45,198.0,buy
2024-05-06 10:59:57.341929906,13.45,332.0,buy
2024-05-06 10:59:58.680690118,13.46,113.0,buy
2024-05-06 10:59:58.934338204,13.49,156.0,buy
2024-05-06 11:00:00.463314158,13.52,168.0,buy
2024-05-06 11:00:01.069960335,13.51,162.0,sell
2024-05-06 11:00:01.091417096,13.54,45.0,buy
2024-05-06 11:00:02.278311756,13.56,251.0,buy
2024-05-06 11:00:02.609594371,13.57,153.0,buy
2024-05-06 11:00:02.917990296,13.56,275.0,sell
2024-05-06 11:00:03.335883522,13.57,118.0,buy
2024-05-06 11:00:03.416781087,13.59,314.0,buy
2024-05-06 11:00:03.733434095,13.59,111.0,sell
2024-05-06 11:00:04.622738899,13.62,256.0,buy
2024-05-06 11:00:04.630540681,13.63,140.0,buy
2024-05-06 11:00:04.789898111,13.64,79.0,buy
2024-05-06 11:00:04.791126913,13.63,173.0,sell
2024-05-06 11:00:05.059806956,13.64,331.0,buy
2024-05-06 11:00:05.711363881,13.63,128.0,sell
2024-05-06 11:00:06.513021799,13.65,202.0,buy
2024-05-06 11:00:07.964960930,13.64,183.0,sell
2024-05-06 11:00:08.433851703,13.66,116.0,buy
2024-05-06 11:00:08.580786871,13.7,88.0,buy
2024-05-06 11:00:09.870272139,13.71,144.0,buy
2024-05-06 11:00:10.616801745,13.71,232.0,buy
2024-05-06 11:00:11.043962879,13.71,320.0,buy
2024-05-06 11:00:11.638735267,13.74,321.0,buy
2024-05-06 11:00:12.929331864,13.75,143.0,buy
2024-05-06 11:00:13.552413809,13.77,267.0,buy
2024-05-06 11:00:13.782143126,13.78,118.0,buy
2024-05-06 11:00:14.406328793,13.77,95.0,sell
2024-05-06 11:00:14.426884688,13.78,201.0,buy
2024-05-06 11:00:14.671103383,13.78,128.0,sell
2024-05-06 11:00:14.931813350,13.79,92.0,buy
2024-05-06 11:00:15.023077079,13.79,133.0,sell
2024-05-06 11:00:15.034755141,13.78,86.0,sell
2024-05-06 11:00:15.106333200,13.76,98.0,sell
2024-05-06 11:00:15.637890375,13.78,561.0,buy
2024-05-06 11:00:16.448364366,13.8,334.0,buy
2024-05-06 11:00:18.668340258,13.82,63.0,buy
2024-05-06 11:00:18.880942207,13.83,116.0,buy
2024-05-06 11:00:19.338312202,13.83,104.0,buy
2024-05-06 11:00:20.721774335,13.83,97.0,buy
2024-05-06 11:00:20.813160232,13.85,108.0,buy
2024-05-06 11:00:21.445456338,13.85,30.0,buy
2024-05-06 11:00:22.148661472,13.87,109.0,buy
2024-05-06 11:00:22.195254236,13.88,92.0,buy
2024-05-06 11:00:23.182792784,13.9,133.0,buy
2024-05-06 11:00:24.021397069,13.94,50.0,buy
2024-05-06 11:00:24.038383884,13.94,75.0,sell
2024-05-06 11:00:24.086135411,13.96,175.0,buy
2024-05-06 11:00:24.111322740,13.96,112.0,buy
2024-05-06 11:00:24.315114063,13.98,287.0,buy
2024-05-06 11:00:24.671064013,13.99,289.0,buy
2024-05-06 11:00:25.051079147,13.98,158.0,sell
2024-05-06 11:00:25.206838958,13.98,138.0,buy
2024-05-06 11:00:26.419763003,13.99,483.0,buy
2024-05-06 11:00:26.649403892,13.98,127.0,sell
2024-05-06 11:00:26.672713984,13.98,175.0,sell
2024-05-06 11:00:26.851213705,14.0,84.0,buy
2024-05-06 11:00:27.229906629,14.02,313.0,buy
2024-05-06 11:00:27.492218336,14.02,195.0,buy
2024-05-06 11:00:27.652212522,14.04,107.0,buy
2024-05-06 11:00:27.722604623,14.04,269.0,buy
2024-05-06 11:00:28.577688374,14.04,269.0,buy
2024-05-06 11:00:31.356911915,14.08,257.0,buy
2024-05-06 11:00:31.556809123,14.11,226.0,buy
2024-05-06 11:00:31.797136029,14.11,295.0,sell
2024-05-06 11:00:32.278352483,14.1,135.0,sell
2024-05-06 11:00:32.912059957,14.1,123.0,sell
2024-05-06 11:00:33.160874445,14.1,97.0,buy
2024-05-06 11:00:34.337442813,14.1,277.0,buy
2024-05-06 11:00:34.747937622,14.14,311.0,buy
2024-05-06 11:00:35.047210863,14.14,76.0,sell
2024-05-06 11:00:35.567391166,14.13,183.0,sell
2024-05-06 11:00:37.094112626,14.13,125.0,buy
2024-05-06 11:00:37.885394502,14.13,273.0,buy
2024-05-06 11:00:37.905812338,14.15,108.0,buy
2024-05-06 11:00:38.107777914,14.15,168.0,buy
2024-05-06 11:00:38.425731168,14.15,140.0,buy
2024-05-06 11:00:38.614547375,14.17,138.0,buy
2024-05-06 11:00:39.216846477,14.18,57.0,buy
2024-05-06 11:00:40.091970485,14.18,96.0,buy
2024-05-06 11:00:40.749134287,14.19,115.0,buy
2024-05-06 11:00:43.019447939,14.19,147.0,buy
2024-05-06 11:00:43.178551328,14.21,134.0,buy
2024-05-06 11:00:44.218230081,14.21,273.0,sell
2024-05-06 11:00:44.945779417,14.2,139.0,sell
2024-05-06 11:00:45.170628027,14.21,163.0,buy
2024-05-06 11:00:45.832991671,14.21,89.0,buy
2024-05-06 11:00:45.887941492,14.23,257.0,buy
2024-05-06 11:00:46.666680933,14.23,77.0,buy
2024-05-06 11:00:47.046677757,14.22,170.0,sell
2024-05-06 11:00:47.219538316,14.22,249.0,buy
2024-05-06 11:00:47.752771542,14.25,110.0,buy
2024-05-06 11:00:48.265852242,14.26,313.0,buy
2024-05-06 11:00:48.383388339,14.27,272.0,buy
2024-05-06 11:00:48.398822838,14.29,137.0,buy
2024-05-06 11:00:48.683070145,14.3,202.0,buy
2024-05-06 11:00:49.104487909,14.31,298.0,buy
2024-05-06 11:00:50.150671380,14.31,148.0,sell
2024-05-06 11:00:51.467723757,14.33,160.0,buy
2024-05-06 11:00:51.843965617,14.35,58.0,buy
2024-05-06 11:00:52.544778225,14.35,163.0,buy
2024-05-06 11:00:52.834065781,14.37,131.0,buy
2024-05-06 11:00:53.519438038,14.38,154.0,buy
2024-05-06 11:00:53.634019809,14.4,185.0,buy
2024-05-06 11:00:53.865883281,14.4,277.0,buy
2024-05-06 11:00:54.368755825,14.42,99.0,buy
2024-05-06 11:00:54.377918247,14.44,139.0,buy
2024-05-06 11:00:55.018815714,14.46,171.0,buy
2024-05-06 11:00:55.921345987,14.45,160.0,sell
2024-05-06 11:00:56.176044027,14.46,272.0,buy
2024-05-06 11:00:56.473095488,14.48,97.0,buy
2024-05-06 11:00:57.425947893,14.49,144.0,buy
2024-05-06 11:00:58.173232197,14.49,184.0,buy
2024-05-06 11:00:58.343175870,14.52,222.0,buy
2024-05-06 11:00:58.538939299,14.52,99.0,buy
2024-05-06 11:00:59.106906744,14.51,187.0,sell
2024-05-06 11:00:59.521044488,14.52,307.0,buy
2024-05-06 11:00:59.609550072,14.52,102.0,sell
2024-05-06 11:00:59.795031124,14.54,199.0,buy
2024-05-06 11:01:00.946240062,14.55,127.0,buy
2024-05-06 11:01:01.528895731,14.56,180.0,buy
2024-05-06 11:01:03.662328321,14.56,126.0,sell
2024-05-06 11:01:04.390713623,14.56,252.0,buy
2024-05-06 11:01:05.814149394,14.56,740.0,buy
2024-05-06 11:01:05.935942801,14.57,258.0,buy
2024-05-06 11:01:06.674019240,14.57,158.0,sell
2024-05-06 11:01:06.684231586,14.59,234.0,buy
2024-05-06 11:01:07.239715774,14.59,136.0,sell
2024-05-06 11:01:07.556478272,14.58,118.0,sell
2024-05-06 11:01:07.769383669,14.58,178.0,buy
2024-05-06 11:01:08.761101661,14.59,200.0,buy
2024-05-06 11:01:09.724093586,14.6,191.0,buy
2024-05-06 11:01:09.735370661,14.6,510.0,buy
2024-05-06 11:01:10.205540874,14.6,177.0,sell
2024-05-06 11:01:10.434841100,14.61,115.0,buy
2024-05-06 11:01:10.703478094,14.62,114.0,buy
2024-05-06 11:01:11.595495006,14.63,197.0,buy
2024-05-06 11:01:11.780910753,14.64,235.0,buy
2024-05-06 11:01:13.213691105,14.64,124.0,sell
2024-05-06 11:01:13.312693348,14.63,263.0,sell
2024-05-06 11:01:13.856117857,14.63,120.0,sell
2024-05-06 11:01:14.413648881,14.63,147.0,buy
2024-05-06 11:01:14.558955504,14.63,232.0,buy
2024-05-06 11:01:14.755292098,14.65,188.0,buy
2024-05-06 11:01:15.655586745,14.65,187.0,sell
2024-05-06 11:01:16.372920087,14.66,102.0,buy
2024-05-06 11:01:16.572484609,14.7,170.0,buy
2024-05-06 11:01:16.954222810,14.71,264.0,buy
2024-05-06 11:01:16.986055086,14.72,110.0,buy
2024-05-06 11:01:17.103123137,14.73,126.0,buy
2024-05-06 11:01:17.435714620,14.75,149.0,buy
2024-05-06 11:01:17.480662606,14.78,416.0,buy
2024-05-06 11:01:18.407476920,14.78,184.0,buy
2024-05-06 11:01:19.040412035,14.8,96.0,buy
2024-05-06 11:01:20.478353683,14.82,157.0,buy
2024-05-06 11:01:21.069568461,14.82,83.0,buy
2024-05-06 11:01:22.479629826,14.84,71.0,buy
2024-05-06 11:01:22.883922934,14.83,154.0,sell
2024-05-06 11:01:23.342341638,14.83,106.0,buy
2024-05-06 11:01:25.227843318,14.84,223.0,buy
2024-05-06 11:01:25.741634869,14.86,251.0,buy
2024-05-06 11:01:25.757270086,14.89,139.0,buy
2024-05-06 11:01:26.400590131,14.9,146.0,buy
2024-05-06 11:01:27.580002231,14.91,288.0,buy
2024-05-06 11:01:28.373792131,14.94,306.0,buy
2024-05-06 11:01:28.812126787,14.94,261.0,buy
2024-05-06 11:01:29.368437030,14.95,132.0,buy
2024-05-06 11:01:31.680704736,14.94,183.0,sell
2024-05-06 11:01:31.728223993,14.94,145.0,buy
2024-05-06 11:01:32.278398133,14.98,148.0,buy
2024-05-06 11:01:32.445015262,14.99,249.0,buy
2024-05-06 11:01:32.955966452,15.0,116.0,buy
2024-05-06 11:01:33.423733269,15.03,68.0,buy
2024-05-06 11:01:33.507030310,15.06,267.0,buy
2024-05-06 11:01:33.622836621,15.07,107.0,buy
2024-05-06 11:01:34.108777426,15.06,126.0,sell
2024-05-06 11:01:34.177392222,15.07,142.0,buy
2024-05-06 11:01:34.331457671,15.08,116.0,buy
2024-05-06 11:01:35.233107212,15.1,179.0,buy
2024-05-06 11:01:35.431180175,15.12,165.0,buy
2024-05-06 11:01:35.765954252,15.14,223.0,buy
2024-05-06 11:01:37.182253867,15.11,210.0,sell
2024-05-06 11:01:37.311088426,15.14,159.0,buy
2024-05-06 11:01:37.557930138,15.14,221.0,buy
2024-05-06 11:01:38.024213594,15.14,208.0,sell
2024-05-06 11:01:38.728154300,15.16,121.0,buy
2024-05-06 11:01:39.887782885,15.19,158.0,buy
2024-05-06 11:01:41.123124946,15.19,115.0,buy
2024-05-06 11:01:41.872610342,15.22,146.0,buy
2024-05-06 11:01:42.002210025,15.25,718.0,buy
2024-05-06 11:01:42.014771159,15.25,170.0,buy
2024-05-06 11:01:42.256841853,15.26,237.0,buy
2024-05-06 11:01:42.333154604,15.25,204.0,sell
2024-05-06 11:01:42.952760587,15.25,71.0,buy
2024-05-06 11:01:43.493830816,15.28,128.0,buy
2024-05-06 11:01:43.516314666,15.29,99.0,buy
2024-05-06 11:01:44.422072680,15.33,362.0,buy
2024-05-06 11:01:44.565076595,15.33,126.0,buy
2024-05-06 11:01:44.848093455,15.33,126.0,buy
2024-05-06 11:01:45.399303824,15.34,109.0,buy
2024-05-06 11:01:45.679853707,15.34,163.0,buy
2024-05-06 11:01:45.970914103,15.34,79.0,sell
2024-05-06 11:01:46.004854417,15.37,129.0,buy
2024-05-06 11:01:46.261471636,15.38,165.0,buy
2024-05-06 11:01:46.985232992,15.38,479.0,sell
2024-05-06 11:01:48.218823358,15.39,406.0,buy
2024-05-06 11:01:48.485612223,15.42,96.0,buy
2024-05-06 11:01:48.761076636,15.42,180.0,buy
2024-05-06 11:01:49.367460832,15.45,166.0,buy
2024-05-06 11:01:50.797816837,15.47,47.0,buy
2024-05-06 11:01:50.953163196,15.46,209.0,sell
2024-05-06 11:01:51.243201216,15.49,77.0,buy
2024-05-06 11:01:52.037953284,15.5,257.0,buy
2024-05-06 11:01:52.508364848,15.51,215.0,buy
2024-05-06 11:01:52.566961271,15.52,147.0,buy
2024-05-06 11:01:53.061032886,15.54,148.0,buy
2024-05-06 11:01:53.164388959,15.56,198.0,buy
2024-05-06 11:01:53.521284292,15.59,143.0,buy
2024-05-06 11:01:53.897842523,15.61,120.0,buy
2024-05-06 11:01:54.942400062,15.64,245.0,buy
2024-05-06 11:01:55.252807995,15.67,202.0,buy
2024-05-06 11:01:55.416672971,15.66,45.0,sell
2024-05-06 11:01:55.547983246,15.68,149.0,buy
2024-05-06 11:01:56.584720443,15.69,120.0,buy
2024-05-06 11:01:56.678494552,15.68,303.0,sell
2024-05-06 11:01:56.955943012,15.71,323.0,buy
2024-05-06 11:01:57.059561575,15.72,259.0,buy
2024-05-06 11:01:57.801634347,15.75,256.0,buy
2024-05-06 11:01:58.123215726,15.76,86.0,buy
2024-05-06 11:01:58.339487721,15.76,149.0,sell
2024-05-06 11:01:58.563491105,15.76,163.0,buy
2024-05-06 11:01:59.519486803,15.75,99.0,sell
2024-05-06 11:01:59.922951617,15.75,153.0,buy
2024-05-06 11:02:00.555641469,15.76,242.0,buy
2024-05-06 11:02:01.692341621,15.77,140.0,buy
2024-05-06 11:02:02.852419276,15.78,154.0,buy
2024-05-06 11:02:03.051546650,15.77,219.0,sell
2024-05-06 11:02:04.574546677,15.76,129.0,sell
2024-05-06 11:02:04.587141935,15.79,445.0,buy
2024-05-06 11:02:04.823614359,15.81,267.0,buy
2024-05-06 11:02:05.954330452,15.83,53.0,buy
2024-05-06 11:02:06.114871899,15.87,129.0,buy
2024-05-06 11:02:06.274342321,15.87,97.0,buy
2024-05-06 11:02:06.454556370,15.89,163.0,buy
2024-05-06 11:02:06.928335350,15.91,90.0,buy
2024-05-06 11:02:07.216758216,15.92,126.0,buy
2024-05-06 11:02:07.865414546,15.93,27.0,buy
2024-05-06 11:02:08.991886679,15.94,230.0,buy
2024-05-06 11:02:09.552621511,15.95,257.0,buy
2024-05-06 11:02:09.666992810,15.94,190.0,sell
2024-05-06 11:02:11.016155894,15.96,103.0,buy
2024-05-06 11:02:11.169753419,15.97,301.0,buy
2024-05-06 11:02:11.250950708,15.95,140.0,sell
2024-05-06 11:02:11.298088070,15.93,96.0,sell
2024-05-06 11:02:11.712438367,15.93,123.0,sell
2024-05-06 11:02:11.772823499,15.91,121.0,sell
2024-05-06 11:02:11.847523754,15.94,133.0,buy
2024-05-06 11:02:12.025882999,15.93,143.0,sell
2024-05-06 11:02:12.191284275,15.93,136.0,sell
2024-05-06 11:02:12.654757313,15.93,318.0,buy
2024-05-06 11:02:13.503196402,15.95,73.0,buy
2024-05-06 11:02:14.219574299,15.95,164.0,buy
2024-05-06 11:02:14.371808356,15.95,150.0,sell
2024-05-06 11:02:14.512532791,15.95,233.0,buy
2024-05-06 11:02:16.200173795,15.96,145.0,buy
2024-05-06 11:02:16.204308968,15.96,105.0,buy
2024-05-06 11:02:17.263277643,15.95,133.0,sell
2024-05-06 11:02:17.374679773,15.93,146.0,sell
2024-05-06 11:02:18.846100970,15.94,356.0,buy
2024-05-06 11:02:19.055609697,15.93,268.0,sell
2024-05-06 11:02:19.345833128,15.93,199.0,buy
2024-05-06 11:02:19.959830331,15.94,325.0,buy
2024-05-06 11:02:20.402794820,15.96,252.0,buy
2024-05-06 11:02:20.594113153,15.97,253.0,buy
2024-05-06 11:02:20.997641796,15.95,246.0,sell
2024-05-06 11:02:21.653619218,15.97,173.0,buy
2024-05-06 11:02:21.675247814,15.98,65.0,buy
2024-05-06 11:02:21.680879059,15.97,583.0,sell
2024-05-06 11:02:21.987185454,16.0,147.0,buy
2024-05-06 11:02:22.057873130,16.0,141.0,sell
2024-05-06 11:02:22.603707791,16.0,113.0,buy
2024-05-06 11:02:22.724140405,16.01,250.0,buy
2024-05-06 11:02:23.007707110,16.02,86.0,buy
2024-05-06 11:02:23.117825336,16.03,126.0,buy
2024-05-06 11:02:23.515397112,16.06,142.0,buy
2024-05-06 11:02:23.577076459,16.07,143.0,buy
2024-05-06 11:02:23.588765459,16.09,116.0,buy
2024-05-06 11:02:23.615008060,16.1,94.0,buy
2024-05-06 11:02:25.157382070,16.09,57.0,sell
2024-05-06 11:02:25.234124481,16.09,151.0,sell
2024-05-06 11:02:25.850444818,16.07,102.0,sell
2024-05-06 11:02:25.885616461,16.08,151.0,buy
2024-05-06 11:02:25.942850926,16.09,130.0,buy
2024-05-06 11:02:26.298380501,16.08,240.0,sell
2024-05-06 11:02:26.611004155,16.09,306.0,buy
2024-05-06 11:02:28.124928514,16.09,220.0,sell
2024-05-06 11:02:29.573645913,16.1,127.0,buy
2024-05-06 11:02:30.329821120,16.09,178.0,sell
2024-05-06 11:02:30.790600701,16.08,167.0,sell
2024-05-06 11:02:31.094049038,16.09,79.0,buy
2024-05-06 11:02:31.314215948,16.12,252.0,buy
2024-05-06 11:02:32.783774228,16.15,86.0,buy
2024-05-06 11:02:33.245568893,16.17,104.0,buy
2024-05-06 11:02:33.678216261,16.19,190.0,buy
2024-05-06 11:02:33.810134664,16.2,124.0,buy
2024-05-06 11:02:33.834046334,16.2,144.0,sell
2024-05-06 11:02:35.285974688,16.21,137.0,buy
2024-05-06 11:02:35.474220591,16.21,220.0,sell
2024-05-06 11:02:35.766446827,16.21,77.0,sell
2024-05-06 11:02:35.827327264,16.21,229.0,buy
2024-05-06 11:02:36.734097740,16.23,53.0,buy
2024-05-06 11:02:36.748108126,16.28,178.0,buy
2024-05-06 11:02:37.645964048,16.3,220.0,buy
2024-05-06 11:02:37.721541225,16.31,420.0,buy
2024-05-06 11:02:38.809799960,16.32,141.0,buy
2024-05-06 11:02:39.464045756,16.35,134.0,buy
2024-05-06 11:02:39.554010124,16.37,157.0,buy
2024-05-06 11:02:39.971155855,16.36,159.0,sell
2024-05-06 11:02:40.158616276,16.37,187.0,buy
2024-05-06 11:02:40.256765525,16.43,101.0,buy
2024-05-06 11:02:41.236909735,16.42,115.0,sell
2024-05-06 11:02:41.495266837,16.43,204.0,buy
2024-05-06 11:02:41.749467548,16.43,133.0,sell
2024-05-06 11:02:41.842564074,16.43,368.0,buy
2024-05-06 11:02:42.084060426,16.45,153.0,buy
2024-05-06 11:02:43.110428475,16.45,101.0,buy
2024-05-06 11:02:43.336022326,16.44,121.0,sell
2024-05-06 11:02:44.850186862,16.45,146.0,buy
2024-05-06 11:02:46.312440868,16.44,283.0,sell
2024-05-06 11:02:46.390708513,16.42,125.0,sell
2024-05-06 11:02:46.488297185,16.42,202.0,buy
2024-05-06 11:02:47.480996250,16.44,209.0,buy
2024-05-06 11:02:47.730412596,16.43,120.0,sell
2024-05-06 11:02:47.732604384,16.44,164.0,buy
2024-05-06 11:02:47.892618746,16.43,248.0,sell
2024-05-06 11:02:48.347809103,16.44,216.0,buy
2024-05-06 11:02:49.150696333,16.44,55.0,buy
2024-05-06 11:02:49.222278650,16.46,122.0,buy
2024-05-06 11:02:49.280849788,16.48,291.0,buy
2024-05-06 11:02:50.556967301,16.48,78.0,buy
2024-05-06 11:02:51.252416507,16.47,180.0,sell
2024-05-06 11:02:51.697946860,16.49,278.0,buy
2024-05-06 11:02:52.431020115,16.52,322.0,buy
2024-05-06 11:02:52.711075637,16.54,54.0,buy
2024-05-06 11:02:53.421426928,16.57,121.0,buy
2024-05-06 11:02:53.653877654,16.59,144.0,buy
2024-05-06 11:02:53.793797158,16.57,398.0,sell
2024-05-06 11:02:54.446640150,16.58,68.0,buy
2024-05-06 11:02:54.718721311,16.6,346.0,buy
2024-05-06 11:02:56.710403063,16.61,92.0,buy
2024-05-06 11:02:56.925398664,16.61,143.0,buy
2024-05-06 11:02:58.199177632,16.62,154.0,buy
2024-05-06 11:02:59.550429552,16.64,175.0,buy
2024-05-06 11:02:59.688868507,16.64,146.0,sell
2024-05-06 11:03:00.489160077,16.65,141.0,buy
2024-05-06 11:03:00.772923770,16.65,161.0,buy
2024-05-06 11:03:02.020552148,16.66,513.0,buy
2024-05-06 11:03:02.319583636,16.69,50.0,buy
2024-05-06 11:03:03.001466103,16.73,90.0,buy
2024-05-06 11:03:03.316052459,16.74,138.0,buy
2024-05-06 11:03:03.445308795,16.75,188.0,buy
2024-05-06 11:03:03.556474567,16.75,127.0,sell
2024-05-06 11:03:03.833542278,16.75,62.0,sell
2024-05-06 11:03:04.537801337,16.76,179.0,buy
2024-05-06 11:03:05.002326589,16.78,301.0,buy
2024-05-06 11:03:05.585712131,16.8,114.0,buy
2024-05-06 11:03:05.751582301,16.81,224.0,buy
2024-05-06 11:03:06.079927584,16.85,138.0,buy
2024-05-06 11:03:06.102633038,16.85,71.0,buy
2024-05-06 11:03:06.953224410,16.85,128.0,buy
2024-05-06 11:03:09.250446480,16.85,131.0,sell
2024-05-06 11:03:09.511624959,16.84,372.0,sell
2024-05-06 11:03:09.517137058,16.83,70.0,sell
2024-05-06 11:03:09.610176946,16.85,195.0,buy
2024-05-06 11:03:10.138710928,16.86,98.0,buy
2024-05-06 11:03:10.612188122,16.86,198.0,buy
2024-05-06 11:03:11.387453669,16.86,232.0,sell
2024-05-06 11:03:11.533890773,16.87,97.0,buy
2024-05-06 11:03:12.255073278,16.88,181.0,buy
2024-05-06 11:03:12.837423718,16.91,93.0,buy
2024-05-06 11:03:13.032328735,16.92,76.0,buy
2024-05-06 11:03:13.426594381,16.92,310.0,sell
2024-05-06 11:03:13.506252770,16.93,121.0,buy
2024-05-06 11:03:13.807508089,16.95,134.0,buy
2024-05-06 11:03:14.872653828,16.94,515.0,sell
2024-05-06 11:03:15.146045523,16.94,136.0,sell
2024-05-06 11:03:16.060984043,16.96,111.0,buy
2024-05-06 11:03:16.507092180,16.97,236.0,buy
2024-05-06 11:03:16.613612505,16.95,159.0,sell
2024-05-06 11:03:17.048681484,16.99,174.0,buy
2024-05-06 11:03:17.401274492,17.0,163.0,buy
2024-05-06 11:03:17.655556363,17.01,52.0,buy
2024-05-06 11:03:17.719263116,17.0,130.0,sell
2024-05-06 11:03:17.988797365,17.05,245.0,buy
2024-05-06 11:03:18.026570070,17.08,217.0,buy
2024-05-06 11:03:18.078566935,17.07,108.0,sell
2024-05-06 11:03:18.347422626,17.07,141.0,buy
2024-05-06 11:03:18.529618865,17.08,130.0,buy
2024-05-06 11:03:19.828394520,17.1,377.0,buy
2024-05-06 11:03:20.063961298,17.1,203.0,buy
2024-05-06 11:03:20.773077024,17.13,724.0,buy
2024-05-06 11:03:21.150851712,17.13,139.0,sell
2024-05-06 11:03:21.759694355,17.13,158.0,sell
2024-05-06 11:03:21.910325275,17.14,191.0,buy
2024-05-06 11:03:23.333162880,17.14,84.0,sell
2024-05-06 11:03:23.710768326,17.16,179.0,buy
2024-05-06 11:03:24.600656320,17.16,107.0,buy
2024-05-06 11:03:24.827757440,17.17,115.0,buy
2024-05-06 11:03:24.880555128,17.18,177.0,buy
2024-05-06 11:03:25.440542014,17.24,116.0,buy
2024-05-06 11:03:25.444436970,17.24,152.0,sell
2024-05-06 11:03:25.766894581,17.24,137.0,sell
2024-05-06 11:03:25.873987665,17.23,162.0,sell
2024-05-06 11:03:26.367579705,17.25,73.0,buy
2024-05-06 11:03:28.309294397,17.26,167.0,buy
2024-05-06 11:03:28.621480943,17.25,95.0,sell
2024-05-06 11:03:29.471978719,17.26,286.0,buy
2024-05-06 11:03:29.826397726,17.28,125.0,buy
2024-05-06 11:03:30.168828558,17.28,318.0,sell
2024-05-06 11:03:31.501492715,17.27,245.0,sell
2024-05-06 11:03:32.604975053,17.3,43.0,buy
2024-05-06 11:03:33.375398700,17.32,190.0,buy
2024-05-06 11:03:33.551068837,17.34,165.0,buy
2024-05-06 11:03:33.944807015,17.34,163.0,buy
2024-05-06 11:03:34.071542183,17.36,116.0,buy
2024-05-06 11:03:34.364960770,17.36,353.0,buy
2024-05-06 11:03:34.695991528,17.36,128.0,buy
2024-05-06 11:03:35.586817015,17.37,129.0,buy
2024-05-06 11:03:36.718635595,17.41,210.0,buy
2024-05-06 11:03:36.986382683,17.4,58.0,sell
2024-05-06 11:03:36.995314205,17.42,364.0,buy
2024-05-06 11:03:37.984746252,17.41,18.0,sell
2024-05-06 11:03:38.080495224,17.39,158.0,sell
2024-05-06 11:03:38.566769658,17.4,147.0,buy
2024-05-06 11:03:38.579413639,17.41,81.0,buy
2024-05-06 11:03:38.834415350,17.41,83.0,buy
2024-05-06 11:03:40.967348549,17.41,321.0,sell
2024-05-06 11:03:41.020414290,17.42,180.0,buy
2024-05-06 11:03:41.295971808,17.44,219.0,buy
2024-05-06 11:03:41.479442649,17.43,201.0,sell
2024-05-06 11:03:42.656845866,17.46,138.0,buy
2024-05-06 11:03:43.674424653,17.45,126.0,sell
2024-05-06 11:03:43.810131390,17.48,213.0,buy
2024-05-06 11:03:43.852468148,17.47,121.0,sell
2024-05-06 11:03:44.345742127,17.48,223.0,buy
2024-05-06 11:03:44.550756413,17.48,435.0,buy
2024-05-06 11:03:45.108255909,17.51,205.0,buy
2024-05-06 11:03:45.124579367,17.5,149.0,sell
2024-05-06 11:03:45.196167810,17.53,140.0,buy
2024-05-06 11:03:45.775942036,17.53,209.0,sell
2024-05-06 11:03:45.895305873,17.52,124.0,sell
2024-05-06 11:03:46.869820241,17.53,212.0,buy
2024-05-06 11:03:46.900008977,17.54,130.0,buy
2024-05-06 11:03:47.021351847,17.54,222.0,buy
2024-05-06 11:03:50.292994217,17.53,396.0,sell
2024-05-06 11:03:50.576759319,17.55,103.0,buy
2024-05-06 11:03:51.183713087,17.57,63.0,buy
2024-05-06 11:03:51.284565009,17.57,131.0,buy
2024-05-06 11:03:51.755201019,17.56,34.0,sell
2024-05-06 11:03:52.402708198,17.56,50.0,buy
2024-05-06 11:03:52.591494546,17.58,294.0,buy
2024-05-06 11:03:53.474239656,17.57,171.0,sell
2024-05-06 11:03:53.936675349,17.56,58.0,sell
2024-05-06 11:03:54.183105182,17.57,126.0,buy
2024-05-06 11:03:54.590923511,17.58,274.0,buy
2024-05-06 11:03:55.020832455,17.59,156.0,buy
2024-05-06 11:03:55.111314869,17.59,209.0,sell
2024-05-06 11:03:55.369009857,17.59,229.0,buy
2024-05-06 11:03:55.579373287,17.64,156.0,buy
2024-05-06 11:03:55.835538934,17.65,114.0,buy
2024-05-06 11:03:56.551416208,17.66,136.0,buy
2024-05-06 11:03:56.880826195,17.67,235.0,buy
2024-05-06 11:03:58.290173129,17.73,272.0,buy
2024-05-06 11:03:58.464014033,17.73,218.0,sell
2024-05-06 11:03:58.732687460,17.73,145.0,buy
2024-05-06 11:03:59.505817643,17.74,42.0,buy
2024-05-06 11:03:59.900673769,17.74,193.0,buy
2024-05-06 11:04:00.296636414,17.75,152.0,buy
2024-05-06 11:04:00.324044139,17.75,265.0,sell
2024-05-06 11:04:00.578291363,17.75,253.0,buy
2024-05-06 11:04:00.736149545,17.76,63.0,buy
2024-05-06 11:04:04.394103666,17.77,104.0,buy
2024-05-06 11:04:04.578444948,17.76,111.0,sell
2024-05-06 11:04:05.657672321,17.78,265.0,buy
2024-05-06 11:04:06.221539035,17.77,170.0,sell
2024-05-06 11:04:06.429991489,17.79,305.0,buy
2024-05-06 11:04:06.822112434,17.77,138.0,sell
2024-05-06 11:04:07.740080602,17.78,51.0,buy
2024-05-06 11:04:08.814447680,17.79,260.0,buy
2024-05-06 11:04:08.901858878,17.81,220.0,buy
2024-05-06 11:04:09.109293326,17.85,99.0,buy
2024-05-06 11:04:09.313445278,17.84,374.0,sell
2024-05-06 11:04:09.334922409,17.86,145.0,buy
2024-05-06 11:04:09.790869813,17.87,117.0,buy
2024-05-06 11:04:10.755760459,17.87,73.0,buy
2024-05-06 11:04:10.996049642,17.91,121.0,buy
2024-05-06 11:04:11.669655596,17.9,119.0,sell
2024-05-06 11:04:12.163683800,17.94,150.0,buy
2024-05-06 11:04:12.399204873,17.93,394.0,sell
2024-05-06 11:04:12.475232860,17.92,167.0,sell
2024-05-06 11:04:13.093005624,17.93,99.0,buy
2024-05-06 11:04:14.057019219,17.94,115.0,buy
2024-05-06 11:04:14.635968719,17.95,112.0,buy
2024-05-06 11:04:14.644988836,17.95,101.0,buy
2024-05-06 11:04:14.766810517,17.97,344.0,buy
2024-05-06 11:04:14.802816364,17.95,185.0,sell
2024-05-06 11:04:15.225250554,17.96,99.0,buy
2024-05-06 11:04:15.931523890,17.95,113.0,sell
2024-05-06 11:04:15.990116290,17.95,274.0,buy
2024-05-06 11:04:16.901239507,17.95,95.0,buy
2024-05-06 11:04:17.306652218,17.95,206.0,buy
2024-05-06 11:04:17.892193731,17.97,328.0,buy
2024-05-06 11:04:19.669400331,17.98,138.0,buy
2024-05-06 11:04:19.713095685,17.98,117.0,buy
2024-05-06 11:04:20.870546111,17.99,223.0,buy
2024-05-06 11:04:20.937942317,17.98,176.0,sell
2024-05-06 11:04:21.187521630,17.98,159.0,buy
2024-05-06 11:04:22.140900423,17.98,138.0,sell
2024-05-06 11:04:23.324484827,17.97,100.0,sell
2024-05-06 11:04:23.677471037,17.98,55.0,buy
2024-05-06 11:04:24.128300978,17.99,217.0,buy
2024-05-06 11:04:24.744054065,18.02,65.0,buy
2024-05-06 11:04:25.638212771,18.02,381.0,buy
2024-05-06 11:04:25.702988814,18.02,271.0,buy
2024-05-06 11:04:26.533536840,18.04,177.0,buy
2024-05-06 11:04:26.861728650,18.07,195.0,buy
2024-05-06 11:04:27.161214222,18.07,68.0,buy
2024-05-06 11:04:27.436951018,18.09,126.0,buy
2024-05-06 11:04:27.792822104,18.08,92.0,sell
2024-05-06 11:04:29.243492938,18.07,217.0,sell
2024-05-06 11:04:29.640754951,18.1,108.0,buy
2024-05-06 11:04:31.171451071,18.09,241.0,sell
2024-05-06 11:04:31.270853480,18.11,332.0,buy
2024-05-06 11:04:31.914777086,18.11,139.0,buy
2024-05-06 11:04:32.751071221,18.15,202.0,buy
2024-05-06 11:04:33.319429011,18.18,157.0,buy
2024-05-06 11:04:33.786302974,18.2,91.0,buy
2024-05-06 11:04:34.202292450,18.21,100.0,buy
2024-05-06 11:04:35.188683123,18.21,77.0,sell
2024-05-06 11:04:36.050677267,18.23,114.0,buy
2024-05-06 11:04:36.115896057,18.24,250.0,buy
2024-05-06 11:04:37.059770264,18.25,135.0,buy
2024-05-06 11:04:37.327046562,18.26,308.0,buy
2024-05-06 11:04:37.473358245,18.27,80.0,buy
2024-05-06 11:04:38.492579328,18.31,122.0,buy
2024-05-06 11:04:38.775418089,18.33,209.0,buy
2024-05-06 11:04:39.601498660,18.33,262.0,buy
2024-05-06 11:04:39.754356249,18.36,80.0,buy
2024-05-06 11:04:39.756324780,18.37,127.0,buy
2024-05-06 11:04:40.098378058,18.4,158.0,buy
2024-05-06 11:04:40.151185141,18.44,176.0,buy
2024-05-06 11:04:40.853161734,18.43,110.0,sell
2024-05-06 11:04:41.014695570,18.45,247.0,buy
2024-05-06 11:04:41.307870501,18.46,178.0,buy
2024-05-06 11:04:41.353398582,18.49,135.0,buy
2024-05-06 11:04:41.522296612,18.48,236.0,sell
2024-05-06 11:04:42.282758918,18.51,69.0,buy
2024-05-06 11:04:42.364953322,18.52,93.0,buy
2024-05-06 11:04:42.885822992,18.53,317.0,buy
2024-05-06 11:04:44.132852309,18.53,370.0,buy
2024-05-06 11:04:44.702314453,18.55,96.0,buy
2024-05-06 11:04:45.535375967,18.54,212.0,sell
2024-05-06 11:04:45.593065473,18.57,262.0,buy
2024-05-06 11:04:45.737394631,18.56,534.0,sell
2024-05-06 11:04:46.862100962,18.61,241.0,buy
2024-05-06 11:04:47.489919333,18.62,257.0,buy
2024-05-06 11:04:48.000125654,18.6,120.0,sell
2024-05-06 11:04:48.545100716,18.6,332.0,sell
2024-05-06 11:04:48.812489611,18.62,121.0,buy
2024-05-06 11:04:48.835279504,18.61,48.0,sell
2024-05-06 11:04:49.602541074,18.63,151.0,buy
2024-05-06 11:04:50.170251679,18.62,104.0,sell
2024-05-06 11:04:50.490343560,18.64,281.0,buy
2024-05-06 11:04:51.640435626,18.65,221.0,buy
2024-05-06 11:04:51.845292435,18.67,153.0,buy
2024-05-06 11:04:52.019590372,18.72,160.0,buy
2024-05-06 11:04:53.050573241,18.73,173.0,buy
2024-05-06 11:04:53.847817485,18.73,220.0,sell
2024-05-06 11:04:54.209599865,18.72,288.0,sell
2024-05-06 11:04:54.279653341,18.72,135.0,buy
2024-05-06 11:04:54.400734647,18.73,169.0,buy
2024-05-06 11:04:54.934622949,18.73,291.0,buy
2024-05-06 11:04:55.177722983,18.76,118.0,buy
2024-05-06 11:04:56.083112151,18.78,85.0,buy
2024-05-06 11:04:57.580528583,18.79,115.0,buy
2024-05-06 11:04:58.399542258,18.81,217.0,buy
2024-05-06 11:04:58.636584569,18.8,85.0,sell
2024-05-06 11:04:59.413790635,18.83,184.0,buy
2024-05-06 11:04:59.630292304,18.84,233.0,buy
2024-05-06 11:04:59.721713203,18.83,162.0,sell
2024-05-06 11:04:59.738694948,18.85,255.0,buy
2024-05-06 11:04:59.982344487,18.88,100.0,buy
2024-05-06 11:05:01.151757989,18.89,162.0,buy
2024-05-06 11:05:01.288310138,18.91,167.0,buy
2024-05-06 11:05:01.403969303,18.9,223.0,sell
2024-05-06 11:05:03.154270225,18.9,113.0,sell
2024-05-06 11:05:03.166931238,18.91,75.0,buy
2024-05-06 11:05:03.937312135,18.89,143.0,sell
2024-05-06 11:05:04.131151712,18.9,111.0,buy
2024-05-06 11:05:04.150256062,18.91,120.0,buy
2024-05-06 11:05:05.399571502,18.9,124.0,sell
2024-05-06 11:05:05.474775043,18.91,164.0,buy
2024-05-06 11:05:05.876009791,18.91,245.0,buy
2024-05-06 11:05:06.036149758,18.94,107.0,buy
2024-05-06 11:05:06.069857246,18.95,203.0,buy
2024-05-06 11:05:06.095463098,18.94,88.0,sell
2024-05-06 11:05:06.156861533,18.97,167.0,buy
2024-05-06 11:05:06.193882374,19.0,190.0,buy
2024-05-06 11:05:06.908604646,19.0,89.0,buy
2024-05-06 11:05:07.240948849,19.0,175.0,buy
2024-05-06 11:05:07.450902363,19.03,185.0,buy
2024-05-06 11:05:07.721861813,19.02,123.0,sell
2024-05-06 11:05:09.044024553,19.04,127.0,buy
2024-05-06 11:05:10.252191637,19.06,280.0,buy
2024-05-06 11:05:10.881012905,19.07,110.0,buy
2024-05-06 11:05:11.961045416,19.08,162.0,buy
2024-05-06 11:05:12.153617920,19.08,117.0,buy
2024-05-06 11:05:12.393531239,19.1,138.0,buy
2024-05-06 11:05:12.869117512,19.11,49.0,buy
2024-05-06 11:05:13.357703416,19.13,196.0,buy
2024-05-06 11:05:13.686303787,19.13,167.0,sell
2024-05-06 11:05:13.942265107,19.13,182.0,buy
2024-05-06 11:05:16.083095611,19.14,58.0,buy
2024-05-06 11:05:16.943625791,19.16,205.0,buy
2024-05-06 11:05:17.229073041,19.18,122.0,buy
2024-05-06 11:05:17.878750743,19.16,159.0,sell
2024-05-06 11:05:18.035805995,19.17,114.0,buy
2024-05-06 11:05:18.088580332,19.19,161.0,buy
2024-05-06 11:05:18.305845316,19.19,224.0,sell
2024-05-06 11:05:18.563741618,19.21,228.0,buy
2024-05-06 11:05:18.572079313,19.22,344.0,buy
2024-05-06 11:05:19.415217198,19.22,124.0,sell
2024-05-06 11:05:19.637730992,19.23,167.0,buy
2024-05-06 11:05:20.071979340,19.24,158.0,buy
2024-05-06 11:05:20.110399985,19.22,125.0,sell
2024-05-06 11:05:20.206584010,19.21,116.0,sell
2024-05-06 11:05:21.308831243,19.22,387.0,buy
2024-05-06 11:05:21.777955682,19.21,219.0,sell
2024-05-06 11:05:23.278670419,19.22,101.0,buy
2024-05-06 11:05:26.620990040,19.22,119.0,buy
2024-05-06 11:05:26.853486235,19.24,290.0,buy
2024-05-06 11:05:27.030969483,19.23,212.0,sell
2024-05-06 11:05:28.008188884,19.23,63.0,sell
2024-05-06 11:05:31.297928236,19.25,138.0,buy
2024-05-06 11:05:31.794569789,19.24,145.0,sell
2024-05-06 11:05:32.587285782,19.24,141.0,buy
2024-05-06 11:05:33.348333337,19.24,175.0,sell
2024-05-06 11:05:33.567849227,19.26,105.0,buy
2024-05-06 11:05:33.994824642,19.26,120.0,buy
2024-05-06 11:05:34.889875887,19.25,163.0,sell
2024-05-06 11:05:35.472434460,19.26,102.0,buy
2024-05-06 11:05:35.483129950,19.28,104.0,buy
2024-05-06 11:05:35.688398174,19.28,479.0,sell
2024-05-06 11:05:35.766418563,19.29,178.0,buy
2024-05-06 11:05:35.899034687,19.3,90.0,buy
2024-05-06 11:05:37.078556738,19.3,170.0,sell
2024-05-06 11:05:37.097352269,19.33,147.0,buy
2024-05-06 11:05:37.221455216,19.35,224.0,buy
2024-05-06 11:05:37.406675091,19.37,98.0,buy
2024-05-06 11:05:37.886383917,19.37,138.0,sell
2024-05-06 11:05:38.268277859,19.38,129.0,buy
2024-05-06 11:05:38.391400463,19.39,112.0,buy
2024-05-06 11:05:38.481107996,19.41,195.0,buy
2024-05-06 11:05:38.616224287,19.41,77.0,buy
2024-05-06 11:05:38.965333925,19.4,110.0,sell
2024-05-06 11:05:39.123496652,19.44,70.0,buy
2024-05-06 11:05:40.597944866,19.42,102.0,sell
2024-05-06 11:05:40.909629715,19.44,241.0,buy
2024-05-06 11:05:40.939927410,19.42,255.0,sell
2024-05-06 11:05:41.593237404,19.42,101.0,sell
2024-05-06 11:05:41.792615204,19.42,196.0,sell
2024-05-06 11:05:42.322535463,19.44,183.0,buy
2024-05-06 11:05:42.486505889,19.43,169.0,sell
2024-05-06 11:05:42.909356489,19.42,178.0,sell
2024-05-06 11:05:43.648895866,19.45,80.0,buy
2024-05-06 11:05:44.964501157,19.48,116.0,buy
2024-05-06 11:05:45.115815868,19.5,306.0,buy
2024-05-06 11:05:45.319692443,19.54,86.0,buy
2024-05-06 11:05:45.631751590,19.54,269.0,sell
2024-05-06 11:05:46.941598464,19.52,198.0,sell
2024-05-06 11:05:48.099873828,19.52,324.0,buy
2024-05-06 11:05:48.146962293,19.5,126.0,sell
2024-05-06 11:05:48.217703654,19.51,169.0,buy
2024-05-06 11:05:48.559806469,19.52,101.0,buy
2024-05-06 11:05:48.616177690,19.51,162.0,sell
2024-05-06 11:05:48.828181324,19.55,151.0,buy
2024-05-06 11:05:48.908491912,19.6,57.0,buy
2024-05-06 11:05:49.413848053,19.58,116.0,sell
2024-05-06 11:05:50.906693796,19.59,183.0,buy
2024-05-06 11:05:53.768753274,19.59,113.0,sell
2024-05-06 11:05:54.003948031,19.61,191.0,buy
2024-05-06 11:05:54.460860715,19.62,224.0,buy
2024-05-06 11:05:55.430761922,19.65,356.0,buy
2024-05-06 11:05:55.493238679,19.67,234.0,buy
2024-05-06 11:05:56.078128100,19.66,172.0,sell
2024-05-06 11:05:56.340965482,19.68,231.0,buy
2024-05-06 11:05:56.456393440,19.69,134.0,buy
2024-05-06 11:05:56.714106216,19.72,163.0,buy
2024-05-06 11:05:56.753606330,19.72,150.0,buy
2024-05-06 11:05:57.347995984,19.73,243.0,buy
2024-05-06 11:05:57.493668818,19.75,212.0,buy
2024-05-06 11:05:57.680220280,19.79,270.0,buy
2024-05-06 11:05:57.744751718,19.83,460.0,buy
2024-05-06 11:05:58.744731018,19.83,251.0,buy
2024-05-06 11:05:59.084791493,19.86,94.0,buy
2024-05-06 11:05:59.509279151,19.87,112.0,buy
2024-05-06 11:05:59.930604950,19.89,195.0,buy
2024-05-06 11:06:00.194839389,19.9,94.0,buy
2024-05-06 11:06:00.301764025,19.89,130.0,sell
2024-05-06 11:06:00.985270251,19.94,152.0,buy
2024-05-06 11:06:01.053212339,19.94,170.0,sell
2024-05-06 11:06:01.108049347,19.95,304.0,buy
2024-05-06 11:06:01.727236653,19.95,70.0,sell
2024-05-06 11:06:01.844362298,19.94,218.0,sell
2024-05-06 11:06:02.027561004,19.99,161.0,buy
2024-05-06 11:06:02.349956195,20.0,124.0,buy
2024-05-06 11:06:02.648285331,20.0,118.0,buy
2024-05-06 11:06:03.264778705,20.0,188.0,sell
2024-05-06 11:06:03.753106751,20.04,185.0,buy
2024-05-06 11:06:04.270075742,20.05,315.0,buy
2024-05-06 11:06:04.896052469,20.07,213.0,buy
2024-05-06 11:06:05.069140966,20.1,91.0,buy
2024-05-06 11:06:05.263690827,20.13,259.0,buy
2024-05-06 11:06:05.551815538,20.14,169.0,buy
2024-05-06 11:06:05.735511747,20.14,174.0,sell
2024-05-06 11:06:07.833297529,20.15,222.0,buy
2024-05-06 11:06:08.674441439,20.15,99.0,buy
2024-05-06 11:06:08.764396485,20.17,168.0,buy
2024-05-06 11:06:08.767201416,20.17,151.0,buy
2024-05-06 11:06:08.789064137,20.2,215.0,buy
2024-05-06 11:06:08.928963056,20.2,331.0,buy
2024-05-06 11:06:08.989646629,20.25,82.0,buy
2024-05-06 11:06:09.370721778,20.25,105.0,buy
2024-05-06 11:06:10.346669068,20.26,158.0,buy
2024-05-06 11:06:11.013995052,20.25,217.0,sell
2024-05-06 11:06:11.135418921,20.24,262.0,sell
2024-05-06 11:06:11.390248120,20.25,134.0,buy
2024-05-06 11:06:11.744778902,20.25,109.0,sell
2024-05-06 11:06:12.575686509,20.23,214.0,sell
2024-05-06 11:06:13.489239758,20.24,122.0,buy
2024-05-06 11:06:14.691650072,20.27,236.0,buy
2024-05-06 11:06:15.047555456,20.27,203.0,buy
2024-05-06 11:06:15.640089678,20.29,135.0,buy
2024-05-06 11:06:15.699369055,20.3,157.0,buy
2024-05-06 11:06:16.115905928,20.31,132.0,buy
2024-05-06 11:06:16.258875597,20.33,148.0,buy
2024-05-06 11:06:16.541443368,20.34,191.0,buy
2024-05-06 11:06:17.044073346,20.36,153.0,buy
2024-05-06 11:06:17.192593500,20.38,170.0,buy
2024-05-06 11:06:17.219391502,20.38,93.0,buy
2024-05-06 11:06:17.224534793,20.41,54.0,buy
2024-05-06 11:06:17.235739167,20.42,106.0,buy
2024-05-06 11:06:17.239931563,20.45,443.0,buy
2024-05-06 11:06:17.298397980,20.46,270.0,buy
2024-05-06 11:06:17.435280144,20.46,333.0,buy
2024-05-06 11:06:17.560294460,20.46,113.0,sell
2024-05-06 11:06:19.723934693,20.46,159.0,buy
2024-05-06 11:06:19.906580751,20.47,415.0,buy
2024-05-06 11:06:19.974731669,20.47,188.0,buy
2024-05-06 11:06:20.369079162,20.46,334.0,sell
2024-05-06 11:06:21.344893490,20.46,88.0,buy
2024-05-06 11:06:21.911589118,20.45,320.0,sell
2024-05-06 11:06:22.087135885,20.47,137.0,buy
2024-05-06 11:06:22.499466087,20.5,198.0,buy
2024-05-06 11:06:23.126846523,20.53,556.0,buy
2024-05-06 11:06:23.778015248,20.54,229.0,buy
2024-05-06 11:06:24.327129113,20.53,357.0,sell
2024-05-06 11:06:25.350366302,20.55,97.0,buy
2024-05-06 11:06:26.370882490,20.55,205.0,buy
2024-05-06 11:06:26.803368373,20.56,195.0,buy
2024-05-06 11:06:27.084301856,20.56,120.0,sell
2024-05-06 11:06:27.597313216,20.56,180.0,buy
2024-05-06 11:06:28.449770273,20.56,178.0,buy
2024-05-06 11:06:28.452604342,20.58,322.0,buy
2024-05-06 11:06:30.866574309,20.59,149.0,buy
2024-05-06 11:06:30.967567395,20.61,151.0,buy
2024-05-06 11:06:31.285241478,20.6,488.0,sell
2024-05-06 11:06:32.313220151,20.61,83.0,buy
2024-05-06 11:06:32.440692340,20.61,78.0,buy
2024-05-06 11:06:32.764583515,20.59,204.0,sell
2024-05-06 11:06:32.835700767,20.64,310.0,buy
2024-05-06 11:06:33.087027261,20.65,236.0,buy
2024-05-06 11:06:33.184509100,20.65,64.0,sell
2024-05-06 11:06:33.410494893,20.67,171.0,buy
2024-05-06 11:06:33.644269588,20.65,54.0,sell
2024-05-06 11:06:36.137542698,20.65,231.0,buy
2024-05-06 11:06:38.768345414,20.64,114.0,sell
2024-05-06 11:06:38.829308499,20.63,42.0,sell
2024-05-06 11:06:39.476565117,20.63,159.0,buy
2024-05-06 11:06:39.503131283,20.63,147.0,buy
2024-05-06 11:06:39.518459872,20.65,216.0,buy
2024-05-06 11:06:39.574112221,20.65,170.0,buy
2024-05-06 11:06:41.257302372,20.65,65.0,buy
2024-05-06 11:06:42.671256251,20.64,294.0,sell
2024-05-06 11:06:42.779047245,20.62,198.0,sell
2024-05-06 11:06:42.867220369,20.64,241.0,buy
2024-05-06 11:06:43.004790946,20.68,228.0,buy
2024-05-06 11:06:43.367158370,20.7,157.0,buy
2024-05-06 11:06:43.788800072,20.73,122.0,buy
2024-05-06 11:06:43.914053226,20.74,189.0,buy
2024-05-06 11:06:44.620624589,20.79,187.0,buy
2024-05-06 11:06:44.805832745,20.78,103.0,sell
2024-05-06 11:06:46.082198511,20.79,250.0,buy
2024-05-06 11:06:46.616806872,20.78,249.0,sell
2024-05-06 11:06:46.903468825,20.79,144.0,buy
2024-05-06 11:06:47.683583223,20.8,51.0,buy
2024-05-06 11:06:48.535223030,20.8,106.0,buy
2024-05-06 11:06:48.706807459,20.78,215.0,sell
2024-05-06 11:06:48.914348973,20.78,124.0,sell
2024-05-06 11:06:50.288434832,20.77,107.0,sell
2024-05-06 11:06:50.378441566,20.78,156.0,buy
2024-05-06 11:06:50.399973829,20.78,132.0,buy
2024-05-06 11:06:50.702592644,20.8,174.0,buy
2024-05-06 11:06:51.510345536,20.8,80.0,sell
2024-05-06 11:06:52.248823055,20.81,128.0,buy
2024-05-06 11:06:53.508762379,20.81,278.0,buy
2024-05-06 11:06:53.889690281,20.81,92.0,buy
2024-05-06 11:06:53.942406468,20.81,148.0,sell
2024-05-06 11:06:54.386609267,20.81,283.0,sell
2024-05-06 11:06:55.140040034,20.86,55.0,buy
2024-05-06 11:06:55.189027363,20.86,156.0,buy
2024-05-06 11:06:55.283795564,20.84,196.0,sell
2024-05-06 11:06:55.289978972,20.86,395.0,buy
2024-05-06 11:06:55.740252357,20.9,199.0,buy
2024-05-06 11:06:56.829262210,20.9,121.0,buy
2024-05-06 11:06:57.384599558,20.93,359.0,buy
2024-05-06 11:06:59.394406104,20.92,78.0,sell
2024-05-06 11:06:59.426960060,20.95,206.0,buy
2024-05-06 11:07:00.593487804,20.99,105.0,buy
2024-05-06 11:07:01.434675709,21.0,82.0,buy
2024-05-06 11:07:01.623290601,21.03,135.0,buy
2024-05-06 11:07:03.439097103,21.03,203.0,buy
2024-05-06 11:07:03.608892073,21.04,363.0,buy
2024-05-06 11:07:04.709379129,21.04,279.0,sell
2024-05-06 11:07:05.772639737,21.04,213.0,sell
2024-05-06 11:07:06.481341610,21.05,141.0,buy
2024-05-06 11:07:06.895791241,21.09,317.0,buy
2024-05-06 11:07:06.959709489,21.09,94.0,buy
2024-05-06 11:07:07.339322784,21.11,197.0,buy
2024-05-06 11:07:07.559969654,21.12,142.0,buy
2024-05-06 11:07:08.345600240,21.14,133.0,buy
2024-05-06 11:07:09.055276043,21.15,167.0,buy
2024-05-06 11:07:10.262663298,21.15,318.0,buy
2024-05-06 11:07:10.270133913,21.15,89.0,sell
2024-05-06 11:07:11.098145112,21.17,203.0,buy
2024-05-06 11:07:12.492195748,21.17,66.0,buy
2024-05-06 11:07:13.270856793,21.18,83.0,buy
2024-05-06 11:07:13.340599598,21.17,363.0,sell
2024-05-06 11:07:13.382986052,21.17,105.0,buy
2024-05-06 11:07:13.393518836,21.18,115.0,buy
2024-05-06 11:07:13.888952201,21.21,171.0,buy
2024-05-06 11:07:14.385636171,21.21,134.0,sell
2024-05-06 11:07:16.553731413,21.24,115.0,buy
2024-05-06 11:07:16.807516190,21.26,134.0,buy
2024-05-06 11:07:17.009179601,21.25,193.0,sell
2024-05-06 11:07:17.498828051,21.26,217.0,buy
2024-05-06 11:07:18.372054800,21.26,93.0,buy
2024-05-06 11:07:19.752574235,21.32,47.0,buy
2024-05-06 11:07:20.565165252,21.33,346.0,buy
2024-05-06 11:07:20.843315630,21.34,389.0,buy
2024-05-06 11:07:21.347127121,21.33,208.0,sell
2024-05-06 11:07:22.317138521,21.35,228.0,buy
2024-05-06 11:07:22.654408889,21.37,133.0,buy
2024-05-06 11:07:22.776520120,21.39,109.0,buy
2024-05-06 11:07:22.869518335,21.43,157.0,buy
2024-05-06 11:07:22.869597213,21.43,100.0,sell
2024-05-06 11:07:23.502943472,21.48,129.0,buy
2024-05-06 11:07:23.561827170,21.51,144.0,buy
2024-05-06 11:07:23.701577717,21.52,106.0,buy
2024-05-06 11:07:23.878400580,21.55,156.0,buy
2024-05-06 11:07:24.289322701,21.58,189.0,buy
2024-05-06 11:07:24.543036135,21.57,149.0,sell
2024-05-06 11:07:25.104499884,21.59,87.0,buy
2024-05-06 11:07:25.133123089,21.57,37.0,sell
2024-05-06 11:07:25.199282978,21.61,203.0,buy
2024-05-06 11:07:25.545068693,21.64,79.0,buy
2024-05-06 11:07:25.750532283,21.63,237.0,sell
2024-05-06 11:07:25.925888207,21.65,94.0,buy
2024-05-06 11:07:25.960578294,21.69,152.0,buy
2024-05-06 11:07:27.090912182,21.68,138.0,sell
2024-05-06 11:07:27.679445514,21.7,203.0,buy
2024-05-06 11:07:27.744282453,21.7,280.0,buy
2024-05-06 11:07:27.777911405,21.7,156.0,buy
2024-05-06 11:07:29.619808278,21.73,171.0,buy
2024-05-06 11:07:30.191360894,21.72,103.0,sell
2024-05-06 11:07:30.461536235,21.71,198.0,sell
2024-05-06 11:07:31.066416061,21.72,119.0,buy
2024-05-06 11:07:31.772389941,21.74,145.0,buy
2024-05-06 11:07:32.529367911,21.77,243.0,buy
2024-05-06 11:07:32.854294247,21.79,111.0,buy
2024-05-06 11:07:33.135250873,21.81,136.0,buy
2024-05-06 11:07:33.140795545,21.85,232.0,buy
2024-05-06 11:07:34.446419171,21.84,196.0,sell
2024-05-06 11:07:34.908716577,21.88,513.0,buy
2024-05-06 11:07:35.022263459,21.89,94.0,buy
2024-05-06 11:07:36.282655276,21.89,109.0,buy
2024-05-06 11:07:37.514806870,21.92,144.0,buy
2024-05-06 11:07:39.778178848,21.93,94.0,buy
2024-05-06 11:07:40.814140041,21.93,166.0,buy
2024-05-06 11:07:43.870253308,21.94,127.0,buy
2024-05-06 11:07:44.010564294,21.95,94.0,buy
2024-05-06 11:07:44.933934868,21.96,153.0,buy
2024-05-06 11:07:45.799817616,21.96,58.0,buy
2024-05-06 11:07:45.931110994,21.96,273.0,sell
2024-05-06 11:07:45.982923976,21.94,126.0,sell
2024-05-06 11:07:47.924654231,21.94,524.0,buy
2024-05-06 11:07:48.100160130,21.97,122.0,buy
2024-05-06 11:07:49.123712326,21.99,164.0,buy
2024-05-06 11:07:49.125780173,21.98,149.0,sell
2024-05-06 11:07:49.136404661,22.0,105.0,buy
2024-05-06 11:07:49.449963898,22.01,495.0,buy
2024-05-06 11:07:49.586337433,21.98,219.0,sell
2024-05-06 11:07:50.171672995,22.0,177.0,buy
2024-05-06 11:07:50.588526690,22.01,109.0,buy
2024-05-06 11:07:50.628852943,22.04,203.0,buy
2024-05-06 11:07:50.717596552,22.06,214.0,buy
2024-05-06 11:07:50.963148305,22.07,105.0,buy
2024-05-06 11:07:51.065802616,22.08,105.0,buy
2024-05-06 11:07:51.851445991,22.08,355.0,sell
2024-05-06 11:07:52.120433276,22.08,111.0,sell
2024-05-06 11:07:52.169477821,22.11,178.0,buy
2024-05-06 11:07:52.500634457,22.13,114.0,buy
2024-05-06 11:07:52.548250549,22.15,302.0,buy
2024-05-06 11:07:52.617271211,22.17,140.0,buy
2024-05-06 11:07:52.754233011,22.22,191.0,buy
2024-05-06 11:07:53.735605511,22.24,182.0,buy
2024-05-06 11:07:55.028162625,22.25,62.0,buy
2024-05-06 11:07:55.903253766,22.22,134.0,sell
2024-05-06 11:07:56.106544544,22.22,287.0,sell
2024-05-06 11:07:56.265578374,22.22,182.0,buy
2024-05-06 11:07:56.663894981,22.26,266.0,buy
2024-05-06 11:07:57.303698034,22.3,154.0,buy
2024-05-06 11:07:59.811983584,22.26,176.0,sell
2024-05-06 11:07:59.882518141,22.28,137.0,buy
2024-05-06 11:07:59.907792295,22.29,128.0,buy
2024-05-06 11:08:00.500459240,22.28,182.0,sell
2024-05-06 11:08:01.393027316,22.31,190.0,buy
2024-05-06 11:08:02.329562341,22.32,119.0,buy
2024-05-06 11:08:02.896884523,22.34,90.0,buy
2024-05-06 11:08:04.436613278,22.34,92.0,sell
2024-05-06 11:08:04.794314543,22.34,150.0,sell
2024-05-06 11:08:06.019942939,22.34,189.0,buy
2024-05-06 11:08:07.738025850,22.38,267.0,buy
2024-05-06 11:08:08.677199359,22.4,164.0,buy
2024-05-06 11:08:08.862556276,22.43,280.0,buy
2024-05-06 11:08:08.971768411,22.45,141.0,buy
2024-05-06 11:08:09.368937793,22.44,141.0,sell
2024-05-06 11:08:09.670604514,22.47,174.0,buy
2024-05-06 11:08:10.721482210,22.47,174.0,buy
2024-05-06 11:08:10.774180063,22.52,285.0,buy
2024-05-06 11:08:10.923207951,22.55,449.0,buy
2024-05-06 11:08:11.619966028,22.57,88.0,buy
2024-05-06 11:08:11.669868817,22.59,403.0,buy
2024-05-06 11:08:11.863262443,22.6,114.0,buy
2024-05-06 11:08:12.108084379,22.63,105.0,buy
2024-05-06 11:08:12.595300984,22.65,151.0,buy
2024-05-06 11:08:12.681367391,22.63,238.0,sell
2024-05-06 11:08:13.666587387,22.63,306.0,sell
2024-05-06 11:08:13.963276534,22.63,138.0,buy
2024-05-06 11:08:15.207864681,22.65,77.0,buy
2024-05-06 11:08:15.523298328,22.62,147.0,sell
2024-05-06 11:08:15.684117907,22.65,275.0,buy
2024-05-06 11:08:15.760593756,22.68,155.0,buy
2024-05-06 11:08:15.762469819,22.73,124.0,buy
2024-05-06 11:08:16.142281592,22.72,262.0,sell
2024-05-06 11:08:16.198953685,22.74,147.0,buy
2024-05-06 11:08:16.447520055,22.74,285.0,sell
2024-05-06 11:08:16.892431806,22.75,192.0,buy
2024-05-06 11:08:17.053696874,22.79,162.0,buy
2024-05-06 11:08:17.150018774,22.78,133.0,sell
2024-05-06 11:08:17.895227978,22.77,245.0,sell
2024-05-06 11:08:19.361993459,22.81,305.0,buy
2024-05-06 11:08:19.414918454,22.79,224.0,sell
2024-05-06 11:08:19.499477206,22.79,83.0,buy
2024-05-06 11:08:21.109073359,22.8,229.0,buy
2024-05-06 11:08:21.128331635,22.83,144.0,buy
2024-05-06 11:08:23.028401114,22.83,204.0,buy
2024-05-06 11:08:23.030728765,22.84,346.0,buy
2024-05-06 11:08:24.065152319,22.86,112.0,buy
2024-05-06 11:08:24.248749632,22.86,68.0,sell
2024-05-06 11:08:25.643831631,22.87,276.0,buy
2024-05-06 11:08:25.834421790,22.9,161.0,buy
2024-05-06 11:08:26.365522899,22.92,135.0,buy
2024-05-06 11:08:26.407231405,22.91,100.0,sell
2024-05-06 11:08:26.545984953,22.92,192.0,sell
2024-05-06 11:08:27.288886185,22.93,72.0,buy
2024-05-06 11:08:27.665001400,22.92,112.0,sell
2024-05-06 11:08:28.980331177,22.94,64.0,sell
2024-05-06 11:08:29.260296578,22.94,247.0,sell
2024-05-06 11:08:30.279685843,22.95,71.0,buy
2024-05-06 11:08:30.577655642,22.93,72.0,sell
2024-05-06 11:08:32.515218682,22.9,63.0,buy
2024-05-06 11:08:34.122590636,22.92,54.0,buy
2024-05-06 11:08:34.322185585,22.92,106.0,sell
2024-05-06 11:08:35.407629333,22.91,183.0,buy
2024-05-06 11:08:36.348289969,22.91,108.0,buy
2024-05-06 11:08:36.466581953,22.88,57.0,buy
2024-05-06 11:08:36.956051341,22.87,76.0,buy
2024-05-06 11:08:36.993780876,22.85,28.0,buy
2024-05-06 11:08:37.899896842,22.85,197.0,sell
2024-05-06 11:08:37.995807642,22.84,64.0,sell
2024-05-06 11:08:38.032531192,22.85,85.0,sell
2024-05-06 11:08:38.288126616,22.88,262.0,sell
2024-05-06 11:08:38.718226140,22.88,87.0,sell
2024-05-06 11:08:39.683450641,22.87,85.0,sell
2024-05-06 11:08:41.512965852,22.87,70.0,sell
2024-05-06 11:08:41.802422191,22.91,69.0,sell
2024-05-06 11:08:41.833597675,22.89,137.0,sell
2024-05-06 11:08:42.524979135,22.89,41.0,sell
2024-05-06 11:08:42.941382943,22.91,130.0,buy
2024-05-06 11:08:43.238388150,22.94,177.0,sell
2024-05-06 11:08:43.423390473,22.93,149.0,sell
2024-05-06 11:08:43.772368363,22.91,40.0,buy
2024-05-06 11:08:43.979126784,22.92,108.0,sell
2024-05-06 11:08:44.686498122,22.94,140.0,sell
2024-05-06 11:08:45.079012809,22.93,116.0,sell
2024-05-06 11:08:46.126179849,22.94,210.0,buy
2024-05-06 11:08:46.518311239,22.95,75.0,buy
2024-05-06 11:08:46.654387819,22.93,91.0,sell
2024-05-06 11:08:47.606600730,22.93,125.0,sell
2024-05-06 11:08:48.013940775,22.92,85.0,buy
2024-05-06 11:08:48.129806585,22.93,201.0,buy
2024-05-06 11:08:48.618235573,22.94,104.0,sell
2024-05-06 11:08:48.839598521,22.96,86.0,buy
2024-05-06 11:08:49.769849890,22.99,112.0,sell
2024-05-06 11:08:50.071777187,23.02,130.0,buy
2024-05-06 11:08:50.719896821,23.06,124.0,sell
2024-05-06 11:08:50.770103324,23.06,126.0,buy
2024-05-06 11:08:51.022214019,23.06,159.0,buy
2024-05-06 11:08:53.066636967,23.02,101.0,sell
2024-05-06 11:08:53.892967030,22.99,132.0,buy
2024-05-06 11:08:53.980108488,23.05,136.0,buy
2024-05-06 11:08:54.142810184,23.06,108.0,sell
2024-05-06 11:08:54.342911530,23.09,60.0,sell
2024-05-06 11:08:54.868345095,23.09,258.0,sell
2024-05-06 11:08:55.575681230,23.09,71.0,sell
2024-05-06 11:08:56.267882522,23.09,104.0,buy
2024-05-06 11:08:56.624428970,23.05,104.0,sell
2024-05-06 11:08:57.456958559,23.03,49.0,buy
2024-05-06 11:08:57.744265735,23.04,161.0,sell
2024-05-06 11:08:57.810392163,23.01,121.0,buy
2024-05-06 11:08:58.225955637,23.02,146.0,sell
2024-05-06 11:08:59.747382091,22.99,75.0,sell
2024-05-06 11:09:00.534884999,22.99,42.0,buy
2024-05-06 11:09:00.967090823,22.97,62.0,sell
2024-05-06 11:09:01.487459241,22.94,99.0,sell
2024-05-06 11:09:02.821119941,22.94,203.0,sell
2024-05-06 11:09:03.100727821,22.9,122.0,buy
2024-05-06 11:09:03.302008090,22.94,120.0,sell
2024-05-06 11:09:05.193417807,22.9,62.0,buy
2024-05-06 11:09:06.188924880,22.86,75.0,buy
2024-05-06 11:09:06.383999074,22.87,159.0,sell
2024-05-06 11:09:06.695605008,22.88,154.0,sell
2024-05-06 11:09:06.963743505,22.89,87.0,sell
2024-05-06 11:09:07.044471299,22.88,151.0,buy
2024-05-06 11:09:08.627367835,22.82,212.0,buy
2024-05-06 11:09:08.886387317,22.8,115.0,sell
2024-05-06 11:09:09.927426154,22.81,120.0,buy
2024-05-06 11:09:10.032389437,22.81,112.0,buy
2024-05-06 11:09:10.429283098,22.83,144.0,sell
2024-05-06 11:09:10.441409663,22.83,86.0,sell
2024-05-06 11:09:11.163838745,22.8,204.0,buy
2024-05-06 11:09:11.598678188,22.82,136.0,buy
2024-05-06 11:09:12.089879545,22.82,166.0,sell
2024-05-06 11:09:12.116432741,22.83,65.0,buy
2024-05-06 11:09:12.234951511,22.8,107.0,sell
2024-05-06 11:09:12.273570722,22.74,59.0,sell
2024-05-06 11:09:12.444051894,22.76,116.0,buy
2024-05-06 11:09:12.937729152,22.69,124.0,sell
2024-05-06 11:09:13.355298838,22.71,96.0,buy
2024-05-06 11:09:13.828866914,22.67,142.0,sell
2024-05-06 11:09:14.227289533,22.69,94.0,sell
2024-05-06 11:09:14.386723739,22.69,99.0,buy
2024-05-06 11:09:14.526916449,22.71,87.0,buy
2024-05-06 11:09:14.600621324,22.7,156.0,buy
2024-05-06 11:09:15.546093785,22.7,49.0,sell
2024-05-06 11:09:16.025274703,22.68,48.0,sell
2024-05-06 11:09:16.128486148,22.71,74.0,buy
2024-05-06 11:09:16.226012908,22.75,51.0,buy
2024-05-06 11:09:17.257937187,22.77,230.0,sell
2024-05-06 11:09:17.936753447,22.75,118.0,buy
2024-05-06 11:09:18.475275352,22.76,40.0,sell
2024-05-06 11:09:18.736441224,22.76,147.0,sell
2024-05-06 11:09:18.888330397,22.73,49.0,sell
2024-05-06 11:09:20.830796133,22.67,75.0,sell
2024-05-06 11:09:21.628661218,22.67,69.0,sell
2024-05-06 11:09:21.808271181,22.67,82.0,buy
2024-05-06 11:09:22.748779015,22.66,61.0,buy
2024-05-06 11:09:23.460117022,22.66,74.0,sell
2024-05-06 11:09:23.636373509,22.66,104.0,sell
2024-05-06 11:09:23.914418263,22.66,127.0,sell
2024-05-06 11:09:24.017287124,22.65,114.0,sell
2024-05-06 11:09:24.076145643,22.65,106.0,buy
2024-05-06 11:09:24.717585170,22.61,74.0,buy
2024-05-06 11:09:24.873239233,22.64,178.0,sell
2024-05-06 11:09:25.730803379,22.67,158.0,sell
2024-05-06 11:09:28.444869674,22.69,232.0,sell
2024-05-06 11:09:28.484726787,22.71,89.0,sell
2024-05-06 11:09:28.805037479,22.75,149.0,sell
2024-05-06 11:09:29.614939606,22.71,81.0,buy
2024-05-06 11:09:30.392771834,22.74,90.0,sell
2024-05-06 11:09:31.106324091,22.71,89.0,buy
2024-05-06 11:09:31.320943020,22.71,73.0,sell
2024-05-06 11:09:31.623376808,22.71,117.0,buy
2024-05-06 11:09:32.075271851,22.68,85.0,sell
2024-05-06 11:09:33.898959901,22.66,163.0,buy
2024-05-06 11:09:34.097371632,22.7,53.0,sell
2024-05-06 11:09:35.380281770,22.7,76.0,buy
2024-05-06 11:09:35.537196870,22.73,89.0,buy
2024-05-06 11:09:37.795523176,22.72,100.0,buy
2024-05-06 11:09:38.350254173,22.71,159.0,sell
2024-05-06 11:09:38.661609231,22.68,104.0,sell
2024-05-06 11:09:39.136779208,22.67,102.0,buy
2024-05-06 11:09:39.295871270,22.71,92.0,sell
2024-05-06 11:09:39.456093653,22.7,160.0,buy
2024-05-06 11:09:39.516361494,22.71,119.0,buy
2024-05-06 11:09:39.576909044,22.7,168.0,sell
2024-05-06 11:09:39.790512734,22.69,67.0,sell
2024-05-06 11:09:40.510055496,22.69,71.0,buy
2024-05-06 11:09:40.978265442,22.7,60.0,buy
2024-05-06 11:09:41.032383632,22.69,91.0,buy
2024-05-06 11:09:41.988454845,22.68,154.0,sell
2024-05-06 11:09:42.448312674,22.64,56.0,sell
2024-05-06 11:09:44.068561330,22.61,137.0,buy
2024-05-06 11:09:44.623173733,22.63,115.0,buy
2024-05-06 11:09:44.719465669,22.64,101.0,buy
2024-05-06 11:09:45.040486815,22.61,56.0,sell
2024-05-06 11:09:45.563256181,22.57,107.0,sell
2024-05-06 11:09:45.577592100,22.53,48.0,buy
2024-05-06 11:09:45.585103370,22.55,149.0,buy
2024-05-06 11:09:45.654391418,22.58,70.0,sell
2024-05-06 11:09:45.799343311,22.63,226.0,buy
2024-05-06 11:09:46.080007420,22.64,101.0,buy
2024-05-06 11:09:46.414176633,22.66,227.0,sell
2024-05-06 11:09:46.488442652,22.7,173.0,sell
2024-05-06 11:09:47.047939310,22.67,137.0,buy
2024-05-06 11:09:47.501280407,22.66,86.0,sell
2024-05-06 11:09:47.675679219,22.65,83.0,sell
2024-05-06 11:09:47.682556238,22.67,97.0,buy
2024-05-06 11:09:47.722970367,22.68,57.0,sell
2024-05-06 11:09:47.971509621,22.71,46.0,sell
2024-05-06 11:09:48.055112422,22.71,161.0,buy
2024-05-06 11:09:48.291572045,22.68,116.0,sell
2024-05-06 11:09:48.786248254,22.7,125.0,buy
2024-05-06 11:09:49.182441961,22.71,61.0,buy
2024-05-06 11:09:49.313888487,22.71,38.0,buy
2024-05-06 11:09:49.524550454,22.71,172.0,buy
2024-05-06 11:09:50.000549823,22.71,101.0,sell
2024-05-06 11:09:50.986669286,22.63,86.0,buy
2024-05-06 11:09:51.686285006,22.63,119.0,buy
2024-05-06 11:09:52.089331006,22.62,189.0,sell
2024-05-06 11:09:52.314269179,22.58,80.0,sell
2024-05-06 11:09:52.541374697,22.59,45.0,buy
2024-05-06 11:09:53.599084466,22.64,156.0,buy
2024-05-06 11:09:53.619101648,22.63,108.0,sell
2024-05-06 11:09:55.829803336,22.62,55.0,sell
2024-05-06 11:09:56.375684355,22.65,96.0,sell
2024-05-06 11:09:56.947182319,22.64,260.0,sell
2024-05-06 11:09:56.966551609,22.64,74.0,sell
2024-05-06 11:09:57.431656783,22.66,117.0,sell
2024-05-06 11:09:57.763235543,22.64,80.0,buy
2024-05-06 11:09:57.819136657,22.69,120.0,sell
2024-05-06 11:09:57.981947720,22.66,96.0,buy
2024-05-06 11:09:59.087016570,22.66,57.0,buy
2024-05-06 11:09:59.486257547,22.67,80.0,sell
2024-05-06 11:09:59.752977737,22.68,96.0,buy
2024-05-06 11:09:59.790707186,22.68,83.0,sell
2024-05-06 11:10:00.416801426,22.7,119.0,sell
2024-05-06 11:10:01.023561920,22.71,113.0,sell
2024-05-06 11:10:01.499577364,22.71,106.0,sell
2024-05-06 11:10:01.856520386,22.68,65.0,sell
2024-05-06 11:10:02.140910565,22.69,77.0,sell
2024-05-06 11:10:02.590714761,22.66,176.0,buy
2024-05-06 11:10:02.723606857,22.65,81.0,sell
2024-05-06 11:10:04.140916068,22.63,111.0,buy
2024-05-06 11:10:04.585247198,22.65,95.0,sell
2024-05-06 11:10:04.771643877,22.64,96.0,sell
2024-05-06 11:10:05.070271417,22.63,116.0,buy
2024-05-06 11:10:05.889408236,22.64,113.0,sell
2024-05-06 11:10:05.977547797,22.63,92.0,buy
2024-05-06 11:10:06.150793867,22.59,230.0,buy
2024-05-06 11:10:06.719742885,22.61,83.0,buy
2024-05-06 11:10:06.909268318,22.6,97.0,buy
2024-05-06 11:10:07.695584340,22.61,124.0,buy
2024-05-06 11:10:07.765476067,22.62,112.0,sell
2024-05-06 11:10:08.484661986,22.57,83.0,sell
2024-05-06 11:10:08.520061942,22.54,106.0,sell
2024-05-06 11:10:08.526398228,22.54,74.0,sell
2024-05-06 11:10:09.668886343,22.55,145.0,buy
2024-05-06 11:10:10.104233480,22.59,127.0,sell
2024-05-06 11:10:10.321032222,22.57,116.0,sell
2024-05-06 11:10:10.453402279,22.6,219.0,sell
2024-05-06 11:10:10.933113338,22.62,96.0,sell
2024-05-06 11:10:11.288771137,22.62,255.0,buy
2024-05-06 11:10:13.678400532,22.6,102.0,sell
2024-05-06 11:10:15.722064748,22.59,136.0,buy
2024-05-06 11:10:16.226027364,22.59,58.0,sell
2024-05-06 11:10:16.518506154,22.53,145.0,sell
2024-05-06 11:10:16.856298282,22.52,50.0,buy
2024-05-06 11:10:17.429904047,22.51,59.0,buy
2024-05-06 11:10:17.483459818,22.51,57.0,buy
2024-05-06 11:10:17.682470315,22.53,128.0,buy
2024-05-06 11:10:17.721598265,22.53,184.0,buy
2024-05-06 11:10:17.759693744,22.55,212.0,buy
2024-05-06 11:10:17.868671785,22.54,66.0,sell
2024-05-06 11:10:18.200711913,22.57,70.0,sell
2024-05-06 11:10:18.968745979,22.61,155.0,buy
2024-05-06 11:10:19.301021848,22.62,114.0,buy
2024-05-06 11:10:19.505364449,22.61,156.0,sell
2024-05-06 11:10:19.548335691,22.66,77.0,sell
2024-05-06 11:10:19.947918006,22.66,89.0,buy
2024-05-06 11:10:20.106143029,22.66,62.0,buy
2024-05-06 11:10:20.583313525,22.7,61.0,buy
2024-05-06 11:10:22.473542090,22.71,142.0,sell
2024-05-06 11:10:22.532547927,22.7,228.0,buy
2024-05-06 11:10:22.651756096,22.72,75.0,buy
2024-05-06 11:10:22.972123164,22.73,74.0,sell
2024-05-06 11:10:24.702816895,22.71,75.0,sell
2024-05-06 11:10:25.441604736,22.72,113.0,sell
2024-05-06 11:10:26.584120729,22.75,100.0,sell
2024-05-06 11:10:26.787139502,22.75,58.0,sell
2024-05-06 11:10:29.203706782,22.77,125.0,sell
2024-05-06 11:10:29.257963308,22.75,74.0,sell
2024-05-06 11:10:29.285177097,22.72,159.0,buy
2024-05-06 11:10:30.252770219,22.7,111.0,sell
2024-05-06 11:10:31.563235617,22.72,135.0,buy
2024-05-06 11:10:31.610712685,22.71,145.0,buy
2024-05-06 11:10:31.670908831,22.65,76.0,buy
2024-05-06 11:10:31.687777282,22.64,79.0,sell
2024-05-06 11:10:31.742968033,22.67,106.0,sell
2024-05-06 11:10:31.860462130,22.7,73.0,buy
2024-05-06 11:10:33.615019694,22.7,132.0,sell
2024-05-06 11:10:34.166119385,22.72,136.0,buy
2024-05-06 11:10:34.919905440,22.7,81.0,buy
2024-05-06 11:10:35.668271320,22.68,153.0,buy
2024-05-06 11:10:36.051209563,22.67,110.0,sell
2024-05-06 11:10:36.849690045,22.65,195.0,buy
2024-05-06 11:10:37.302622100,22.67,71.0,buy
2024-05-06 11:10:37.491459114,22.67,111.0,buy
2024-05-06 11:10:37.903212471,22.66,85.0,buy
2024-05-06 11:10:38.284470303,22.67,129.0,buy
2024-05-06 11:10:39.151554530,22.65,69.0,sell
2024-05-06 11:10:41.152725838,22.63,105.0,sell
2024-05-06 11:10:41.417426520,22.66,113.0,sell
2024-05-06 11:10:42.138098985,22.63,214.0,buy
2024-05-06 11:10:42.190647596,22.66,195.0,buy
2024-05-06 11:10:42.940561397,22.64,114.0,sell
2024-05-06 11:10:43.172704927,22.62,122.0,buy
2024-05-06 11:10:43.192798402,22.63,147.0,sell
2024-05-06 11:10:43.418484483,22.64,71.0,sell
2024-05-06 11:10:43.890113473,22.66,72.0,sell
2024-05-06 11:10:43.953604299,22.61,95.0,sell
2024-05-06 11:10:45.242342244,22.6,97.0,buy
2024-05-06 11:10:45.282769653,22.6,98.0,sell
2024-05-06 11:10:46.612447672,22.56,127.0,buy
2024-05-06 11:10:47.226473735,22.55,88.0,sell
2024-05-06 11:10:47.426497770,22.51,143.0,sell
2024-05-06 11:10:47.674261348,22.5,107.0,buy
2024-05-06 11:10:48.349357070,22.5,78.0,sell
2024-05-06 11:10:48.809344702,22.49,100.0,buy
2024-05-06 11:10:49.366171507,22.46,120.0,buy
2024-05-06 11:10:49.612635395,22.45,126.0,sell
2024-05-06 11:10:49.947168609,22.46,80.0,sell
2024-05-06 11:10:52.243171421,22.44,100.0,sell
2024-05-06 11:10:52.363521602,22.43,99.0,sell
2024-05-06 11:10:52.634040482,22.46,99.0,sell
2024-05-06 11:10:52.806571223,22.43,34.0,buy
2024-05-06 11:10:53.530893418,22.41,70.0,sell
2024-05-06 11:10:54.252881905,22.44,174.0,sell
2024-05-06 11:10:54.425852187,22.47,85.0,sell
2024-05-06 11:10:54.468299170,22.46,85.0,buy
2024-05-06 11:10:54.474048436,22.45,195.0,buy
2024-05-06 11:10:54.752876507,22.48,115.0,sell
2024-05-06 11:10:55.016979057,22.51,231.0,buy
2024-05-06 11:10:57.244918072,22.52,135.0,sell
2024-05-06 11:10:57.562170522,22.52,103.0,buy
2024-05-06 11:10:57.710308886,22.52,62.0,buy
2024-05-06 11:10:58.819566175,22.52,70.0,buy
2024-05-06 11:10:59.157286559,22.5,249.0,sell
2024-05-06 11:10:59.614402530,22.51,138.0,buy
2024-05-06 11:10:59.664682287,22.47,141.0,sell
2024-05-06 11:10:59.906057678,22.49,52.0,buy
2024-05-06 11:11:01.349260565,22.48,89.0,sell
2024-05-06 11:11:01.794456798,22.49,194.0,buy
2024-05-06 11:11:02.005636701,22.49,136.0,sell
2024-05-06 11:11:02.496941694,22.45,63.0,sell
2024-05-06 11:11:03.703203561,22.49,53.0,sell
2024-05-06 11:11:03.863299719,22.49,61.0,buy
2024-05-06 11:11:04.215016389,22.45,116.0,buy
2024-05-06 11:11:05.808349643,22.44,70.0,sell
2024-05-06 11:11:05.902959979,22.42,143.0,buy
2024-05-06 11:11:06.538843044,22.42,152.0,buy
2024-05-06 11:11:07.015425455,22.43,95.0,sell
2024-05-06 11:11:07.584635246,22.45,106.0,sell
2024-05-06 11:11:07.800965763,22.48,125.0,buy
2024-05-06 11:11:07.989316676,22.48,85.0,sell
2024-05-06 11:11:08.565655076,22.49,133.0,sell
2024-05-06 11:11:08.687037018,22.48,149.0,buy
2024-05-06 11:11:08.959103061,22.46,66.0,buy
2024-05-06 11:11:09.063338082,22.46,79.0,sell
2024-05-06 11:11:09.067507842,22.5,109.0,sell
2024-05-06 11:11:10.821743706,22.5,88.0,buy
2024-05-06 11:11:11.104299242,22.48,134.0,sell
2024-05-06 11:11:12.846854260,22.51,84.0,sell
2024-05-06 11:11:12.922453833,22.51,72.0,buy
2024-05-06 11:11:13.365051917,22.5,152.0,sell
2024-05-06 11:11:13.477232834,22.53,79.0,buy
2024-05-06 11:11:14.257733231,22.51,147.0,buy
2024-05-06 11:11:15.023284614,22.51,142.0,buy
2024-05-06 11:11:15.083018362,22.51,104.0,sell
2024-05-06 11:11:16.298593938,22.54,85.0,buy
2024-05-06 11:11:16.406820459,22.48,107.0,sell
2024-05-06 11:11:16.881456478,22.48,87.0,sell
2024-05-06 11:11:19.002888743,22.52,117.0,sell
2024-05-06 11:11:20.073107132,22.54,129.0,buy
2024-05-06 11:11:21.641339654,22.52,86.0,buy
2024-05-06 11:11:21.851070028,22.55,85.0,buy
2024-05-06 11:11:21.906857500,22.55,159.0,sell
2024-05-06 11:11:22.011198607,22.54,47.0,buy
2024-05-06 11:11:22.358267337,22.52,153.0,sell
2024-05-06 11:11:23.146340667,22.54,55.0,buy
2024-05-06 11:11:23.227690519,22.51,95.0,buy
2024-05-06 11:11:23.766700700,22.51,99.0,buy
2024-05-06 11:11:23.962169476,22.52,130.0,sell
2024-05-06 11:11:24.170838689,22.54,52.0,buy
2024-05-06 11:11:24.713071694,22.56,89.0,buy
2024-05-06 11:11:25.027688077,22.55,39.0,sell
2024-05-06 11:11:25.863433288,22.53,89.0,sell
2024-05-06 11:11:25.948186407,22.53,118.0,buy
2024-05-06 11:11:26.728387129,22.51,59.0,buy
2024-05-06 11:11:26.761582713,22.51,120.0,buy
2024-05-06 11:11:26.869451906,22.52,157.0,sell
2024-05-06 11:11:27.403226373,22.52,65.0,sell
2024-05-06 11:11:28.368480850,22.52,102.0,buy
2024-05-06 11:11:28.514111504,22.51,103.0,buy
2024-05-06 11:11:28.712258851,22.56,125.0,buy
2024-05-06 11:11:29.097403378,22.56,139.0,buy
2024-05-06 11:11:29.216260984,22.57,119.0,buy
2024-05-06 11:11:30.049678677,22.57,118.0,buy
2024-05-06 11:11:30.792485580,22.54,132.0,sell
2024-05-06 11:11:30.870983106,22.54,108.0,buy
2024-05-06 11:11:31.182634858,22.52,177.0,sell
2024-05-06 11:11:31.928079702,22.5,64.0,buy
2024-05-06 11:11:32.133818422,22.49,109.0,sell
2024-05-06 11:11:32.635160695,22.5,83.0,buy
2024-05-06 11:11:32.660919524,22.5,124.0,sell
2024-05-06 11:11:33.130045536,22.51,79.0,sell
2024-05-06 11:11:33.212868019,22.53,135.0,buy
2024-05-06 11:11:34.100565052,22.56,79.0,buy
2024-05-06 11:11:34.320166076,22.56,139.0,sell
2024-05-06 11:11:34.485498347,22.58,60.0,buy
2024-05-06 11:11:35.404574877,22.59,132.0,sell
2024-05-06 11:11:35.430297332,22.57,160.0,sell
2024-05-06 11:11:35.682892100,22.58,34.0,buy
2024-05-06 11:11:35.913912639,22.59,57.0,buy
2024-05-06 11:11:36.081509429,22.61,135.0,buy
2024-05-06 11:11:37.295324765,22.6,84.0,buy
2024-05-06 11:11:37.990332188,22.63,105.0,sell
2024-05-06 11:11:38.023361047,22.68,112.0,sell
2024-05-06 11:11:38.650446062,22.69,88.0,buy
2024-05-06 11:11:39.025092316,22.69,163.0,buy
2024-05-06 11:11:40.180743275,22.67,232.0,sell
2024-05-06 11:11:40.368414190,22.69,103.0,buy
2024-05-06 11:11:40.795262333,22.71,120.0,buy
2024-05-06 11:11:41.142591769,22.68,195.0,buy
2024-05-06 11:11:41.478833747,22.65,69.0,sell
2024-05-06 11:11:41.783333647,22.64,64.0,buy
2024-05-06 11:11:41.898436282,22.65,102.0,sell
2024-05-06 11:11:42.603135741,22.62,180.0,buy
2024-05-06 11:11:42.903270294,22.65,71.0,buy
2024-05-06 11:11:44.494497343,22.67,148.0,buy
2024-05-06 11:11:44.645596423,22.71,53.0,sell
2024-05-06 11:11:45.219619300,22.7,76.0,sell
2024-05-06 11:11:46.632336318,22.69,111.0,sell
2024-05-06 11:11:47.176852959,22.66,139.0,sell
2024-05-06 11:11:48.201883298,22.68,98.0,sell
2024-05-06 11:11:49.080507134,22.7,50.0,buy
2024-05-06 11:11:49.303742659,22.66,36.0,buy
2024-05-06 11:11:49.762042973,22.63,100.0,buy
2024-05-06 11:11:49.846999212,22.64,87.0,sell
2024-05-06 11:11:50.230423934,22.64,120.0,buy
2024-05-06 11:11:50.361380399,22.61,101.0,buy
2024-05-06 11:11:51.042155547,22.62,42.0,buy
2024-05-06 11:11:51.417605585,22.61,95.0,sell
2024-05-06 11:11:51.682463177,22.63,55.0,buy
2024-05-06 11:11:51.838995321,22.61,65.0,buy
2024-05-06 11:11:55.161107261,22.64,121.0,buy
2024-05-06 11:11:55.198313090,22.64,78.0,buy
2024-05-06 11:11:55.220582056,22.62,139.0,buy
2024-05-06 11:11:55.343057742,22.66,127.0,sell
2024-05-06 11:11:57.114538317,22.65,133.0,buy
2024-05-06 11:11:59.051857814,22.66,58.0,sell
2024-05-06 11:11:59.583858523,22.64,135.0,buy
2024-05-06 11:12:00.644434936,22.64,74.0,sell
2024-05-06 11:12:00.764809835,22.63,98.0,buy
2024-05-06 11:12:02.553337467,22.66,80.0,buy
2024-05-06 11:12:02.630370638,22.68,79.0,sell
2024-05-06 11:12:02.683676391,22.67,88.0,buy
2024-05-06 11:12:02.743187284,22.66,108.0,buy
2024-05-06 11:12:03.168822732,22.64,93.0,buy
2024-05-06 11:12:03.928106064,22.65,149.0,buy
2024-05-06 11:12:04.156485669,22.65,61.0,sell
2024-05-06 11:12:06.062483738,22.67,166.0,buy
2024-05-06 11:12:06.347435623,22.68,164.0,sell
2024-05-06 11:12:06.428959011,22.69,87.0,buy
2024-05-06 11:12:06.742607597,22.62,153.0,sell
2024-05-06 11:12:07.310822569,22.6,184.0,sell
2024-05-06 11:12:08.203390636,22.66,75.0,buy
2024-05-06 11:12:08.510344531,22.64,106.0,buy
2024-05-06 11:12:08.960561622,22.62,182.0,buy
2024-05-06 11:12:09.116101604,22.6,71.0,buy
2024-05-06 11:12:09.635212900,22.6,69.0,sell
2024-05-06 11:12:11.768560876,22.62,108.0,sell
2024-05-06 11:12:11.793709651,22.61,166.0,sell
2024-05-06 11:12:12.881821004,22.64,63.0,buy
2024-05-06 11:12:13.294911784,22.63,88.0,sell
2024-05-06 11:12:13.440153887,22.65,119.0,sell
2024-05-06 11:12:14.989476337,22.63,110.0,sell
2024-05-06 11:12:15.319675310,22.63,94.0,buy
2024-05-06 11:12:15.521177067,22.64,80.0,sell
2024-05-06 11:12:15.621316561,22.62,63.0,sell
2024-05-06 11:12:15.761472682,22.64,72.0,sell
2024-05-06 11:12:16.655901649,22.62,108.0,buy
2024-05-06 11:12:17.132391985,22.61,109.0,buy
2024-05-06 11:12:18.354729169,22.6,76.0,buy
2024-05-06 11:12:18.486691403,22.57,65.0,buy
2024-05-06 11:12:18.551255425,22.58,94.0,buy
2024-05-06 11:12:18.554308492,22.58,89.0,buy
2024-05-06 11:12:18.908806588,22.55,68.0,buy
2024-05-06 11:12:22.099412615,22.58,83.0,buy
2024-05-06 11:12:22.693077433,22.58,113.0,buy
2024-05-06 11:12:22.877447286,22.59,117.0,buy
2024-05-06 11:12:23.924658213,22.66,359.0,buy
2024-05-06 11:12:24.685651721,22.67,186.0,sell
2024-05-06 11:12:24.693419329,22.67,71.0,buy
2024-05-06 11:12:25.542172837,22.65,110.0,buy
2024-05-06 11:12:25.720886705,22.68,69.0,buy
2024-05-06 11:12:25.801954127,22.66,136.0,sell
2024-05-06 11:12:25.930259596,22.67,46.0,sell
2024-05-06 11:12:26.246360717,22.68,72.0,buy
2024-05-06 11:12:26.522938504,22.65,219.0,buy
2024-05-06 11:12:26.693400679,22.66,90.0,sell
2024-05-06 11:12:26.787903596,22.65,95.0,buy
2024-05-06 11:12:27.506130985,22.67,110.0,buy
2024-05-06 11:12:29.814235620,22.7,112.0,sell
2024-05-06 11:12:30.566305375,22.71,212.0,sell
2024-05-06 11:12:30.741749071,22.72,124.0,buy
2024-05-06 11:12:30.882141336,22.72,85.0,buy
2024-05-06 11:12:31.004878017,22.74,173.0,buy
2024-05-06 11:12:31.078371676,22.75,98.0,buy
2024-05-06 11:12:31.479106103,22.74,77.0,buy
2024-05-06 11:12:31.944047917,22.78,75.0,sell
2024-05-06 11:12:32.555290572,22.78,126.0,sell
2024-05-06 11:12:33.125341217,22.76,162.0,buy
2024-05-06 11:12:33.298232254,22.76,73.0,buy
2024-05-06 11:12:33.498703185,22.78,75.0,buy
2024-05-06 11:12:34.070792406,22.77,111.0,sell
2024-05-06 11:12:34.285759153,22.76,123.0,buy
2024-05-06 11:12:34.405283329,22.81,97.0,sell
2024-05-06 11:12:34.639754348,22.83,113.0,sell
2024-05-06 11:12:34.798539267,22.81,121.0,sell
2024-05-06 11:12:34.844768389,22.8,116.0,sell
2024-05-06 11:12:35.731155513,22.83,100.0,buy
2024-05-06 11:12:36.690195878,22.79,44.0,buy
2024-05-06 11:12:36.814266519,22.8,62.0,sell
2024-05-06 11:12:36.847749090,22.8,160.0,buy
2024-05-06 11:12:37.519036056,22.82,109.0,buy
2024-05-06 11:12:37.637865644,22.79,173.0,sell
2024-05-06 11:12:37.887837740,22.77,110.0,buy
2024-05-06 11:12:37.920979896,22.83,143.0,buy
2024-05-06 11:12:38.049245780,22.83,56.0,sell
2024-05-06 11:12:38.836528036,22.82,106.0,sell
2024-05-06 11:12:39.652360714,22.76,136.0,sell
2024-05-06 11:12:39.768380229,22.74,103.0,buy
2024-05-06 11:12:39.973051922,22.75,185.0,buy
2024-05-06 11:12:40.045124782,22.75,175.0,buy
2024-05-06 11:12:40.083658525,22.74,50.0,buy
2024-05-06 11:12:42.508664401,22.7,50.0,buy
2024-05-06 11:12:43.041631373,22.67,154.0,buy
2024-05-06 11:12:43.432179791,22.73,95.0,buy
2024-05-06 11:12:44.157326439,22.75,122.0,sell
2024-05-06 11:12:45.073858353,22.73,133.0,sell
2024-05-06 11:12:45.895652501,22.75,88.0,sell
2024-05-06 11:12:45.903991377,22.71,96.0,sell
2024-05-06 11:12:46.007385332,22.69,154.0,buy
2024-05-06 11:12:46.539353539,22.66,56.0,buy
2024-05-06 11:12:46.774963201,22.65,192.0,buy
2024-05-06 11:12:48.797244962,22.65,129.0,buy
2024-05-06 11:12:49.344661869,22.71,139.0,sell
2024-05-06 11:12:50.912721525,22.75,101.0,sell
2024-05-06 11:12:51.025198170,22.74,114.0,buy
2024-05-06 11:12:52.022590406,22.72,155.0,buy
2024-05-06 11:12:52.216416979,22.75,86.0,buy
2024-05-06 11:12:54.497702660,22.74,159.0,buy
2024-05-06 11:12:54.583505453,22.71,77.0,sell
2024-05-06 11:12:54.946691815,22.69,87.0,sell
2024-05-06 11:12:55.733834676,22.69,81.0,sell
2024-05-06 11:12:56.017217490,22.7,95.0,sell
2024-05-06 11:12:56.332852395,22.68,149.0,sell
2024-05-06 11:12:58.480072609,22.67,167.0,sell
2024-05-06 11:12:58.757033256,22.67,75.0,sell
2024-05-06 11:12:59.220294835,22.64,93.0,sell
2024-05-06 11:12:59.248336504,22.6,61.0,buy
2024-05-06 11:13:00.171581880,22.56,70.0,sell
2024-05-06 11:13:00.693882695,22.56,103.0,buy
2024-05-06 11:13:00.952656866,22.53,206.0,buy
2024-05-06 11:13:00.960807713,22.53,70.0,buy
2024-05-06 11:13:01.408646072,22.53,181.0,sell
2024-05-06 11:13:01.415015383,22.55,78.0,sell
2024-05-06 11:13:01.415617552,22.55,131.0,sell
2024-05-06 11:13:01.894302268,22.57,32.0,sell
2024-05-06 11:13:01.999056403,22.54,86.0,sell
2024-05-06 11:13:02.105583433,22.55,78.0,sell
2024-05-06 11:13:02.635190141,22.59,64.0,buy
2024-05-06 11:13:02.662786473,22.63,89.0,buy
2024-05-06 11:13:02.850792222,22.62,113.0,sell
2024-05-06 11:13:02.931717623,22.62,146.0,buy
2024-05-06 11:13:03.365677915,22.59,72.0,buy
2024-05-06 11:13:03.907685323,22.59,48.0,buy
2024-05-06 11:13:04.546200596,22.56,123.0,buy
2024-05-06 11:13:04.693541329,22.56,68.0,sell
2024-05-06 11:13:04.740284615,22.54,123.0,sell
2024-05-06 11:13:04.781260527,22.56,130.0,buy
2024-05-06 11:13:05.058955496,22.54,170.0,sell
2024-05-06 11:13:06.516902526,22.51,163.0,sell
2024-05-06 11:13:06.639679575,22.5,115.0,buy
2024-05-06 11:13:06.788035333,22.55,149.0,sell
2024-05-06 11:13:06.841209614,22.56,147.0,buy
2024-05-06 11:13:07.306366758,22.58,46.0,sell
2024-05-06 11:13:07.875885305,22.57,102.0,sell
2024-05-06 11:13:08.390798716,22.59,73.0,buy
2024-05-06 11:13:09.377908108,22.57,151.0,buy
2024-05-06 11:13:09.711088523,22.56,67.0,buy
2024-05-06 11:13:09.783287658,22.56,153.0,buy
2024-05-06 11:13:09.954114066,22.55,63.0,sell
2024-05-06 11:13:10.497105218,22.54,171.0,sell
2024-05-06 11:13:10.971928125,22.52,130.0,buy
2024-05-06 11:13:11.350507717,22.56,131.0,buy
2024-05-06 11:13:11.924878351,22.55,96.0,buy
2024-05-06 11:13:12.432093224,22.54,83.0,buy
2024-05-06 11:13:13.497776066,22.56,82.0,sell
2024-05-06 11:13:13.938740498,22.53,53.0,buy
2024-05-06 11:13:14.692635696,22.54,97.0,buy
2024-05-06 11:13:14.835615578,22.54,73.0,buy
2024-05-06 11:13:15.402501042,22.57,81.0,sell
2024-05-06 11:13:16.564886324,22.56,131.0,sell
2024-05-06 11:13:16.808548573,22.56,80.0,sell
2024-05-06 11:13:17.563580635,22.55,87.0,buy
2024-05-06 11:13:18.208689784,22.55,172.0,sell
2024-05-06 11:13:18.239375526,22.53,90.0,sell
2024-05-06 11:13:18.674924649,22.52,100.0,buy
2024-05-06 11:13:18.744664516,22.54,128.0,buy
2024-05-06 11:13:20.455147856,22.54,72.0,sell
2024-05-06 11:13:21.289231201,22.53,116.0,buy
2024-05-06 11:13:21.347342965,22.55,155.0,buy
2024-05-06 11:13:21.412256097,22.57,91.0,buy
2024-05-06 11:13:21.863541062,22.61,112.0,buy
2024-05-06 11:13:22.075016491,22.59,79.0,buy
2024-05-06 11:13:22.092781305,22.58,167.0,buy
2024-05-06 11:13:22.482833138,22.58,156.0,buy
2024-05-06 11:13:22.728218100,22.6,154.0,sell
2024-05-06 11:13:22.781496767,22.58,121.0,sell
2024-05-06 11:13:23.591039902,22.57,128.0,sell
2024-05-06 11:13:24.824043678,22.59,90.0,buy
2024-05-06 11:13:25.530555766,22.58,78.0,buy
2024-05-06 11:13:26.394729304,22.57,83.0,buy
2024-05-06 11:13:26.516715393,22.54,239.0,buy
2024-05-06 11:13:26.669687942,22.52,122.0,sell
2024-05-06 11:13:26.786618040,22.51,122.0,buy
2024-05-06 11:13:27.510837901,22.51,35.0,buy
2024-05-06 11:13:28.988296998,22.52,81.0,sell
2024-05-06 11:13:29.619163651,22.53,54.0,buy
2024-05-06 11:13:30.685444597,22.51,47.0,buy
2024-05-06 11:13:31.194466665,22.49,78.0,buy
2024-05-06 11:13:31.439700382,22.43,116.0,buy
2024-05-06 11:13:31.717055714,22.43,115.0,sell
2024-05-06 11:13:31.756210262,22.4,194.0,sell
2024-05-06 11:13:31.772191562,22.39,109.0,buy
2024-05-06 11:13:32.366693600,22.41,79.0,sell
2024-05-06 11:13:32.655202037,22.44,92.0,sell
2024-05-06 11:13:33.056923149,22.42,219.0,sell
2024-05-06 11:13:33.464762791,22.38,96.0,sell
2024-05-06 11:13:33.627195785,22.39,154.0,sell
2024-05-06 11:13:33.950225027,22.36,274.0,buy
2024-05-06 11:13:34.268381868,22.38,105.0,sell
2024-05-06 11:13:34.514242525,22.35,148.0,sell
2024-05-06 11:13:35.373521333,22.32,86.0,buy
2024-05-06 11:13:35.673499140,22.28,104.0,buy
2024-05-06 11:13:36.136221042,22.27,93.0,sell
2024-05-06 11:13:37.265601425,22.25,132.0,buy
2024-05-06 11:13:38.271431652,22.25,121.0,buy
2024-05-06 11:13:39.376991910,22.29,205.0,buy
2024-05-06 11:13:39.534350703,22.3,79.0,sell
2024-05-06 11:13:39.552155220,22.29,74.0,buy
2024-05-06 11:13:39.703429097,22.27,83.0,buy
2024-05-06 11:13:39.866784259,22.3,153.0,buy
2024-05-06 11:13:41.067215892,22.31,48.0,buy
2024-05-06 11:13:41.591046313,22.34,94.0,sell
2024-05-06 11:13:41.633664041,22.36,61.0,sell
2024-05-06 11:13:41.706395816,22.34,127.0,sell
2024-05-06 11:13:41.791005377,22.33,187.0,sell
2024-05-06 11:13:42.288701768,22.33,76.0,buy
2024-05-06 11:13:42.953496286,22.34,95.0,buy
2024-05-06 11:13:43.935282581,22.31,72.0,sell
2024-05-06 11:13:45.347320868,22.31,203.0,sell
2024-05-06 11:13:45.459959129,22.31,194.0,buy
2024-05-06 11:13:45.645326131,22.3,74.0,sell
2024-05-06 11:13:45.782757020,22.28,64.0,buy
2024-05-06 11:13:46.004933981,22.28,83.0,sell
2024-05-06 11:13:47.235519907,22.27,103.0,sell
2024-05-06 11:13:47.663485411,22.29,95.0,buy
2024-05-06 11:13:48.333557149,22.31,66.0,sell
2024-05-06 11:13:48.670346337,22.33,150.0,buy
2024-05-06 11:13:48.684987583,22.37,118.0,buy
2024-05-06 11:13:48.718161921,22.37,56.0,buy
2024-05-06 11:13:49.104173823,22.37,93.0,sell
2024-05-06 11:13:49.738498886,22.36,167.0,buy
2024-05-06 11:13:49.859745238,22.32,114.0,sell
2024-05-06 11:13:50.499649710,22.34,134.0,buy
2024-05-06 11:13:51.331770426,22.32,148.0,buy
2024-05-06 11:13:51.597197421,22.31,67.0,buy
2024-05-06 11:13:52.283233870,22.32,76.0,sell
2024-05-06 11:13:52.542016303,22.33,113.0,sell
2024-05-06 11:13:53.109162922,22.35,87.0,buy
2024-05-06 11:13:53.831118407,22.36,133.0,buy
2024-05-06 11:13:56.240709827,22.34,97.0,sell
2024-05-06 11:13:56.452572736,22.34,146.0,buy
2024-05-06 11:13:56.717271903,22.39,68.0,sell
2024-05-06 11:13:56.807805111,22.41,81.0,buy
2024-05-06 11:13:56.921929051,22.37,161.0,buy
2024-05-06 11:13:57.513026557,22.33,86.0,sell
2024-05-06 11:13:58.757758608,22.31,98.0,sell
2024-05-06 11:13:59.008695639,22.3,88.0,buy
2024-05-06 11:13:59.107826268,22.3,97.0,sell
2024-05-06 11:13:59.275632221,22.28,94.0,sell
2024-05-06 11:13:59.579164401,22.28,77.0,sell
2024-05-06 11:13:59.750867743,22.27,96.0,sell
2024-05-06 11:13:59.883879624,22.29,125.0,sell
2024-05-06 11:14:00.549753335,22.27,104.0,buy
2024-05-06 11:14:00.553691262,22.29,84.0,sell
2024-05-06 11:14:00.941119972,22.27,62.0,sell
2024-05-06 11:14:01.730493845,22.24,106.0,buy
2024-05-06 11:14:01.885272503,22.25,105.0,buy
2024-05-06 11:14:02.347549279,22.21,60.0,sell
2024-05-06 11:14:02.900216856,22.23,125.0,sell
2024-05-06 11:14:03.432358080,22.23,142.0,buy
2024-05-06 11:14:03.727517685,22.23,116.0,sell
2024-05-06 11:14:03.940283731,22.25,133.0,sell
2024-05-06 11:14:04.843996726,22.25,99.0,buy
2024-05-06 11:14:05.554327751,22.29,102.0,sell
2024-05-06 11:14:05.748082766,22.29,45.0,sell
2024-05-06 11:14:05.802443173,22.31,166.0,sell
2024-05-06 11:14:05.839701264,22.3,239.0,sell
2024-05-06 11:14:05.889211579,22.31,115.0,sell
2024-05-06 11:14:06.326389491,22.28,100.0,buy
2024-05-06 11:14:06.352911734,22.3,74.0,sell
2024-05-06 11:14:06.558346734,22.32,96.0,sell
2024-05-06 11:14:07.257934624,22.34,57.0,buy
2024-05-06 11:14:07.432251282,22.36,129.0,sell
2024-05-06 11:14:08.152749226,22.34,138.0,sell
2024-05-06 11:14:08.836911694,22.36,121.0,buy
2024-05-06 11:14:08.977978529,22.36,72.0,buy
2024-05-06 11:14:09.630468784,22.36,134.0,buy
2024-05-06 11:14:10.319188898,22.39,77.0,sell
2024-05-06 11:14:10.572484471,22.45,41.0,sell
2024-05-06 11:14:10.690611837,22.48,170.0,sell
2024-05-06 11:14:11.058921937,22.5,190.0,sell
2024-05-06 11:14:12.330598384,22.51,154.0,sell
2024-05-06 11:14:12.840891975,22.51,101.0,buy
2024-05-06 11:14:12.935820411,22.46,146.0,buy
2024-05-06 11:14:13.509863910,22.41,101.0,sell
2024-05-06 11:14:13.788475886,22.39,56.0,sell
2024-05-06 11:14:14.236142817,22.39,165.0,sell
2024-05-06 11:14:14.898392683,22.41,61.0,sell
2024-05-06 11:14:15.260141603,22.42,107.0,sell
2024-05-06 11:14:16.101102829,22.43,64.0,sell
2024-05-06 11:14:16.741449809,22.42,134.0,buy
2024-05-06 11:14:17.218801037,22.42,140.0,sell
2024-05-06 11:14:17.300527081,22.4,104.0,sell
2024-05-06 11:14:18.204316381,22.44,128.0,sell
2024-05-06 11:14:19.578015408,22.45,67.0,sell
2024-05-06 11:14:19.651665496,22.44,163.0,buy
2024-05-06 11:14:19.986616356,22.43,80.0,sell
2024-05-06 11:14:20.136418616,22.41,46.0,sell
2024-05-06 11:14:20.838695253,22.4,135.0,buy
2024-05-06 11:14:21.478096657,22.38,65.0,sell
2024-05-06 11:14:21.554022972,22.37,151.0,buy
2024-05-06 11:14:22.601919305,22.36,83.0,buy
2024-05-06 11:14:22.701738458,22.35,47.0,sell
2024-05-06 11:14:23.499651510,22.33,56.0,buy
2024-05-06 11:14:23.804956405,22.34,197.0,sell
2024-05-06 11:14:24.003907514,22.33,48.0,buy
2024-05-06 11:14:24.090037247,22.37,128.0,sell
2024-05-06 11:14:24.181766902,22.36,114.0,sell
2024-05-06 11:14:24.723959719,22.34,87.0,buy
2024-05-06 11:14:25.123692005,22.32,41.0,buy
2024-05-06 11:14:25.188794995,22.3,98.0,buy
2024-05-06 11:14:25.248579857,22.28,97.0,sell
2024-05-06 11:14:25.286108994,22.24,102.0,sell
2024-05-06 11:14:25.966943718,22.27,63.0,buy
2024-05-06 11:14:26.589136446,22.26,64.0,sell
2024-05-06 11:14:26.619240264,22.23,103.0,sell
2024-05-06 11:14:27.030037539,22.23,114.0,buy
2024-05-06 11:14:27.074276213,22.24,99.0,sell
2024-05-06 11:14:28.244657395,22.26,98.0,sell
2024-05-06 11:14:29.432866973,22.24,76.0,sell
2024-05-06 11:14:30.031916997,22.22,63.0,buy
2024-05-06 11:14:31.335040218,22.21,56.0,sell
2024-05-06 11:14:32.169244282,22.2,129.0,buy
2024-05-06 11:14:33.050942767,22.18,148.0,buy
2024-05-06 11:14:33.472588209,22.21,49.0,buy
2024-05-06 11:14:33.655272520,22.23,76.0,sell
2024-05-06 11:14:33.778094363,22.2,87.0,sell
2024-05-06 11:14:33.976247965,22.17,66.0,sell
2024-05-06 11:14:34.471345021,22.15,102.0,sell
2024-05-06 11:14:34.566112700,22.13,63.0,buy
2024-05-06 11:14:34.715747330,22.16,104.0,sell
2024-05-06 11:14:35.031360430,22.17,73.0,sell
2024-05-06 11:14:35.164027329,22.15,75.0,sell
2024-05-06 11:14:35.608175057,22.15,204.0,buy
2024-05-06 11:14:36.891294336,22.09,139.0,buy
2024-05-06 11:14:37.580634776,22.09,102.0,sell
2024-05-06 11:14:38.129580970,22.05,50.0,buy
2024-05-06 11:14:38.566581650,21.98,101.0,sell
2024-05-06 11:14:38.901246109,22.0,136.0,buy
2024-05-06 11:14:39.004490037,21.99,183.0,buy
2024-05-06 11:14:40.130010615,21.99,83.0,sell
2024-05-06 11:14:40.272876604,22.0,45.0,buy
2024-05-06 11:14:40.320751625,22.0,66.0,sell
2024-05-06 11:14:41.013929165,22.0,88.0,sell
2024-05-06 11:14:41.110488302,21.99,145.0,buy
2024-05-06 11:14:41.343013062,22.0,77.0,buy
2024-05-06 11:14:41.357359389,21.99,143.0,sell
2024-05-06 11:14:41.431069048,21.99,56.0,sell
2024-05-06 11:14:41.526167470,21.98,173.0,sell
2024-05-06 11:14:41.554140641,22.02,57.0,buy
2024-05-06 11:14:42.088653244,22.02,40.0,buy
2024-05-06 11:14:42.995679697,22.05,100.0,sell
2024-05-06 11:14:43.229335649,22.08,87.0,buy
2024-05-06 11:14:44.267365191,22.08,72.0,buy
2024-05-06 11:14:44.387348942,22.11,47.0,buy
2024-05-06 11:14:44.584159522,22.13,146.0,sell
2024-05-06 11:14:44.665852700,22.17,167.0,buy
2024-05-06 11:14:45.150381039,22.17,153.0,sell
2024-05-06 11:14:45.422632217,22.18,112.0,sell
2024-05-06 11:14:45.897663726,22.16,141.0,buy
2024-05-06 11:14:46.614723522,22.16,96.0,buy
2024-05-06 11:14:47.009225595,22.16,134.0,buy
2024-05-06 11:14:47.503159719,22.13,64.0,sell
2024-05-06 11:14:48.871772936,22.1,162.0,buy
2024-05-06 11:14:49.049442504,22.09,67.0,sell
2024-05-06 11:14:49.271933309,22.09,78.0,buy
2024-05-06 11:14:49.904331735,22.04,95.0,buy
2024-05-06 11:14:50.376812552,22.04,86.0,sell
2024-05-06 11:14:50.475144250,22.02,163.0,buy
2024-05-06 11:14:50.711064757,22.02,143.0,sell
2024-05-06 11:14:51.026468431,22.03,85.0,sell
2024-05-06 11:14:51.298306294,21.99,95.0,buy
2024-05-06 11:14:51.396480922,21.98,102.0,sell
2024-05-06 11:14:52.687829479,22.02,107.0,buy
2024-05-06 11:14:53.406241898,22.03,74.0,buy
2024-05-06 11:14:53.734510519,22.07,111.0,sell
2024-05-06 11:14:54.304323027,22.09,69.0,buy
2024-05-06 11:14:55.442210253,22.1,72.0,sell
2024-05-06 11:14:55.515402295,22.07,167.0,buy
2024-05-06 11:14:55.659492094,22.07,55.0,buy
2024-05-06 11:14:56.050701282,22.05,71.0,sell
2024-05-06 11:14:56.852952267,22.02,141.0,buy
2024-05-06 11:14:56.871416484,21.97,95.0,sell
2024-05-06 11:14:58.939567278,21.96,97.0,sell
2024-05-06 11:14:59.242966342,21.99,73.0,sell
2024-05-06 11:14:59.465509582,21.97,61.0,sell
2024-05-06 11:14:59.638677046,21.98,154.0,sell
2024-05-06 11:14:59.734473270,21.96,154.0,sell
2024-05-06 11:15:00.518558659,21.92,84.0,sell
2024-05-06 11:15:02.073728192,21.9,91.0,buy
2024-05-06 11:15:02.340642919,21.9,298.0,buy
2024-05-06 11:15:03.863321607,21.9,78.0,buy
2024-05-06 11:15:04.731382623,21.92,118.0,sell
2024-05-06 11:15:05.059357579,21.92,103.0,buy
2024-05-06 11:15:05.619826682,21.94,61.0,buy
2024-05-06 11:15:05.905277455,21.95,55.0,buy
2024-05-06 11:15:06.314319159,21.96,79.0,sell
2024-05-06 11:15:06.344218757,21.96,167.0,sell
2024-05-06 11:15:06.940016081,21.97,122.0,sell
2024-05-06 11:15:06.967151598,21.98,194.0,buy
2024-05-06 11:15:07.816518310,21.96,103.0,sell
2024-05-06 11:15:08.687851355,21.96,69.0,sell
2024-05-06 11:15:08.823150629,21.98,115.0,sell
2024-05-06 11:15:09.018682370,21.94,53.0,buy
2024-05-06 11:15:09.346907174,21.91,220.0,sell
2024-05-06 11:15:09.800898477,21.87,98.0,sell
2024-05-06 11:15:09.970283478,21.88,119.0,sell
2024-05-06 11:15:10.419123970,21.88,118.0,sell
2024-05-06 11:15:10.595883273,21.86,75.0,buy
2024-05-06 11:15:10.624428157,21.88,62.0,sell
2024-05-06 11:15:10.625693532,21.89,128.0,buy
2024-05-06 11:15:10.679013675,21.88,127.0,sell
2024-05-06 11:15:11.464725283,21.89,88.0,sell
2024-05-06 11:15:13.092382550,21.89,60.0,buy
2024-05-06 11:15:13.370787837,21.91,89.0,buy
2024-05-06 11:15:13.730209037,21.92,161.0,sell
2024-05-06 11:15:13.809617913,21.9,201.0,sell
2024-05-06 11:15:14.210019024,21.92,57.0,buy
2024-05-06 11:15:14.288144158,21.93,154.0,buy
2024-05-06 11:15:14.760507691,21.9,121.0,sell
2024-05-06 11:15:16.113973112,21.93,137.0,sell
2024-05-06 11:15:16.222863676,21.92,232.0,sell
2024-05-06 11:15:16.946021160,21.93,147.0,sell
2024-05-06 11:15:16.957912665,21.93,111.0,sell
2024-05-06 11:15:17.193312431,21.89,79.0,sell
2024-05-06 11:15:17.252000026,21.9,94.0,buy
2024-05-06 11:15:17.469299305,21.88,94.0,buy
2024-05-06 11:15:17.564599321,21.87,76.0,buy
2024-05-06 11:15:17.798246964,21.86,55.0,buy
2024-05-06 11:15:18.068479587,21.89,51.0,buy
2024-05-06 11:15:18.247239468,21.87,74.0,buy
2024-05-06 11:15:18.781701093,21.89,166.0,sell
2024-05-06 11:15:20.037441724,21.86,146.0,sell
2024-05-06 11:15:20.293350928,21.88,62.0,buy
2024-05-06 11:15:20.400159932,21.89,70.0,buy
2024-05-06 11:15:20.558010590,21.88,44.0,buy
2024-05-06 11:15:21.520087739,21.89,111.0,buy
2024-05-06 11:15:21.943983073,21.89,61.0,sell
2024-05-06 11:15:22.247477937,21.86,119.0,buy
2024-05-06 11:15:22.328523754,21.9,93.0,buy
2024-05-06 11:15:22.627194414,21.88,122.0,sell
2024-05-06 11:15:22.790400323,21.87,60.0,sell
2024-05-06 11:15:24.224185326,21.9,162.0,buy
2024-05-06 11:15:25.301570157,21.92,164.0,sell
2024-05-06 11:15:25.345386420,21.91,79.0,sell
2024-05-06 11:15:25.708897154,21.9,76.0,buy
2024-05-06 11:15:25.836380923,21.9,81.0,sell
2024-05-06 11:15:26.100856278,21.9,131.0,buy
2024-05-06 11:15:27.148024228,21.89,91.0,buy
2024-05-06 11:15:27.522898359,21.88,101.0,buy
2024-05-06 11:15:27.726292821,21.88,136.0,sell
2024-05-06 11:15:27.842819286,21.93,68.0,sell
2024-05-06 11:15:28.648351052,21.93,119.0,sell
2024-05-06 11:15:29.138123444,21.98,79.0,buy
2024-05-06 11:15:29.453740866,21.99,77.0,sell
2024-05-06 11:15:29.576361547,22.0,241.0,buy
2024-05-06 11:15:29.779779351,22.03,146.0,sell
2024-05-06 11:15:31.387263918,22.02,215.0,sell
2024-05-06 11:15:31.754342199,22.05,126.0,buy
2024-05-06 11:15:32.010338086,22.03,192.0,sell
2024-05-06 11:15:32.378806166,22.01,88.0,buy
2024-05-06 11:15:33.133576450,22.02,155.0,buy
2024-05-06 11:15:33.341416707,22.02,53.0,buy
2024-05-06 11:15:33.439853847,22.03,181.0,buy
2024-05-06 11:15:33.879515267,22.05,140.0,buy
2024-05-06 11:15:34.426632365,22.05,121.0,buy
2024-05-06 11:15:35.050277854,22.08,101.0,buy
2024-05-06 11:15:36.118760603,22.1,164.0,buy
2024-05-06 11:15:36.350711044,22.08,60.0,sell
2024-05-06 11:15:36.389883687,22.05,85.0,sell
2024-05-06 11:15:37.979093639,22.06,102.0,buy
2024-05-06 11:15:38.264568968,22.03,215.0,sell
2024-05-06 11:15:38.752665656,22.01,78.0,sell
2024-05-06 11:15:39.301430078,21.99,76.0,sell
2024-05-06 11:15:39.696825198,21.95,115.0,buy
2024-05-06 11:15:39.811693774,21.98,68.0,sell
2024-05-06 11:15:40.515234333,21.96,71.0,sell
2024-05-06 11:15:41.329422324,22.0,131.0,buy
2024-05-06 11:15:41.731993358,22.0,131.0,sell
2024-05-06 11:15:42.067256994,22.0,63.0,sell
2024-05-06 11:15:42.127741273,22.0,145.0,buy
2024-05-06 11:15:42.171584346,21.99,73.0,sell
2024-05-06 11:15:42.379012515,21.96,97.0,sell
2024-05-06 11:15:42.565157888,21.98,106.0,buy
2024-05-06 11:15:44.100994476,21.97,100.0,sell
2024-05-06 11:15:44.866360392,22.01,165.0,buy
2024-05-06 11:15:45.405653904,21.96,165.0,sell
2024-05-06 11:15:45.770194567,21.97,101.0,buy
2024-05-06 11:15:45.861776041,21.93,135.0,buy
2024-05-06 11:15:47.780620603,21.9,75.0,sell
2024-05-06 11:15:48.015654977,21.88,62.0,sell
2024-05-06 11:15:48.072197672,21.87,61.0,buy
2024-05-06 11:15:48.412608297,21.87,126.0,buy
2024-05-06 11:15:49.448337093,21.86,132.0,buy
2024-05-06 11:15:50.539810102,21.88,65.0,sell
2024-05-06 11:15:50.545323344,21.9,106.0,buy
2024-05-06 11:15:51.632400571,21.9,127.0,sell
2024-05-06 11:15:51.790773566,21.91,235.0,buy
2024-05-06 11:15:51.810649622,21.91,94.0,sell
2024-05-06 11:15:52.751897577,21.9,38.0,sell
2024-05-06 11:15:53.748958146,21.88,81.0,buy
2024-05-06 11:15:54.202414418,21.88,43.0,sell
2024-05-06 11:15:54.629581748,21.86,69.0,buy
2024-05-06 11:15:55.468226767,21.86,179.0,buy
2024-05-06 11:15:56.239840177,21.87,79.0,buy
2024-05-06 11:15:57.343957288,21.86,81.0,sell
2024-05-06 11:15:57.746273213,21.89,355.0,sell
2024-05-06 11:15:59.461798910,21.94,92.0,buy
2024-05-06 11:16:02.241228577,21.93,174.0,buy
2024-05-06 11:16:02.303185818,21.93,93.0,buy
2024-05-06 11:16:03.250227317,21.92,68.0,buy
2024-05-06 11:16:03.596623196,21.92,81.0,buy
2024-05-06 11:16:03.841780521,21.91,186.0,buy
2024-05-06 11:16:04.316539247,21.89,110.0,buy
2024-05-06 11:16:04.345335560,21.89,71.0,sell
2024-05-06 11:16:04.698412379,21.88,70.0,buy
2024-05-06 11:16:05.721959849,21.88,98.0,sell
2024-05-06 11:16:05.842016662,21.85,96.0,buy
2024-05-06 11:16:06.119919348,21.82,81.0,buy
2024-05-06 11:16:07.522317378,21.79,145.0,buy
2024-05-06 11:16:07.802118630,21.81,62.0,sell
2024-05-06 11:16:08.023988517,21.82,97.0,sell
2024-05-06 11:16:08.314377145,21.84,117.0,buy
2024-05-06 11:16:08.680792022,21.84,95.0,buy
2024-05-06 11:16:09.180616432,21.82,113.0,sell
2024-05-06 11:16:09.987070397,21.83,92.0,buy
2024-05-06 11:16:10.287903655,21.83,103.0,sell
2024-05-06 11:16:11.138353979,21.85,143.0,sell
2024-05-06 11:16:11.519839171,21.84,62.0,buy
2024-05-06 11:16:11.726447088,21.83,53.0,buy
2024-05-06 11:16:12.262847475,21.87,107.0,sell
2024-05-06 11:16:12.895279365,21.81,68.0,buy
2024-05-06 11:16:13.303557469,21.8,127.0,buy
2024-05-06 11:16:13.332697859,21.82,110.0,sell
2024-05-06 11:16:13.425792096,21.83,86.0,sell
2024-05-06 11:16:13.593736704,21.8,199.0,sell
2024-05-06 11:16:13.759815408,21.78,57.0,sell
2024-05-06 11:16:14.319356801,21.75,117.0,buy
2024-05-06 11:16:14.328616345,21.78,67.0,sell
2024-05-06 11:16:15.033258200,21.76,55.0,buy
2024-05-06 11:16:15.187433620,21.78,78.0,buy
2024-05-06 11:16:15.372981292,21.77,122.0,buy
2024-05-06 11:16:15.748273926,21.75,211.0,sell
2024-05-06 11:16:15.869899610,21.79,129.0,buy
2024-05-06 11:16:16.949017816,21.8,115.0,sell
2024-05-06 11:16:16.993634982,21.79,71.0,buy
2024-05-06 11:16:17.287472444,21.81,132.0,sell
2024-05-06 11:16:18.234110367,21.8,61.0,buy
2024-05-06 11:16:18.712463509,21.83,94.0,sell
2024-05-06 11:16:18.885351865,21.86,137.0,sell
2024-05-06 11:16:19.158371234,21.86,122.0,buy
2024-05-06 11:16:19.771641305,21.88,86.0,sell
2024-05-06 11:16:21.582452559,21.89,108.0,buy
2024-05-06 11:16:22.700564418,21.9,95.0,buy
2024-05-06 11:16:22.910168582,21.92,113.0,buy
2024-05-06 11:16:26.069564149,21.94,176.0,buy
2024-05-06 11:16:26.071319559,21.92,160.0,sell
2024-05-06 11:16:26.085328878,21.92,120.0,sell
2024-05-06 11:16:26.953511643,21.89,95.0,buy
2024-05-06 11:16:27.064747710,21.9,34.0,buy
2024-05-06 11:16:27.096094765,21.93,59.0,buy
2024-05-06 11:16:27.231440432,21.97,72.0,sell
2024-05-06 11:16:27.509090622,21.94,96.0,sell
2024-05-06 11:16:28.164807033,21.93,156.0,sell
2024-05-06 11:16:28.654336479,21.91,58.0,buy
2024-05-06 11:16:28.789992358,21.9,56.0,buy
2024-05-06 11:16:29.139847139,21.92,96.0,sell
2024-05-06 11:16:30.443140987,21.9,82.0,sell
2024-05-06 11:16:31.286861733,21.92,66.0,buy
2024-05-06 11:16:31.482043922,21.94,131.0,buy
2024-05-06 11:16:33.498139151,21.88,133.0,sell
2024-05-06 11:16:34.114703349,21.9,84.0,sell
2024-05-06 11:16:34.146945600,21.9,92.0,buy
2024-05-06 11:16:34.164842466,21.87,97.0,sell
2024-05-06 11:16:34.257049107,21.85,88.0,sell
2024-05-06 11:16:34.907760835,21.84,62.0,sell
2024-05-06 11:16:35.009271351,21.83,95.0,buy
2024-05-06 11:16:35.367465713,21.78,55.0,buy
2024-05-06 11:16:35.416415544,21.78,129.0,sell
2024-05-06 11:16:36.684849255,21.74,178.0,sell
2024-05-06 11:16:36.895616481,21.76,98.0,sell
2024-05-06 11:16:38.089318047,21.73,63.0,sell
2024-05-06 11:16:39.538399841,21.76,66.0,sell
2024-05-06 11:16:39.541473594,21.74,154.0,sell
2024-05-06 11:16:39.853410276,21.73,121.0,sell
2024-05-06 11:16:39.865892829,21.72,138.0,sell
2024-05-06 11:16:41.062655461,21.7,39.0,buy
2024-05-06 11:16:41.427983987,21.69,40.0,buy
2024-05-06 11:16:41.466934496,21.65,77.0,sell
2024-05-06 11:16:41.525356893,21.63,103.0,sell
2024-05-06 11:16:41.767212691,21.62,84.0,sell
2024-05-06 11:16:43.175873475,21.6,128.0,sell
2024-05-06 11:16:43.766179301,21.59,61.0,sell
2024-05-06 11:16:44.777214371,21.6,59.0,buy
2024-05-06 11:16:45.005427794,21.59,180.0,buy
2024-05-06 11:16:45.027515401,21.61,69.0,buy
2024-05-06 11:16:46.858490798,21.62,73.0,buy
2024-05-06 11:16:46.867151877,21.63,131.0,sell
2024-05-06 11:16:48.342069337,21.61,69.0,buy
2024-05-06 11:16:48.572038503,21.58,82.0,buy
2024-05-06 11:16:48.577109332,21.55,72.0,buy
2024-05-06 11:16:49.161343364,21.54,221.0,sell
2024-05-06 11:16:51.131048275,21.56,108.0,buy
2024-05-06 11:16:52.816271652,21.57,99.0,buy
2024-05-06 11:16:52.904006402,21.56,58.0,buy
2024-05-06 11:16:53.003993308,21.55,212.0,sell
2024-05-06 11:16:53.420817758,21.55,200.0,buy
2024-05-06 11:16:53.927914028,21.55,61.0,buy
2024-05-06 11:16:54.600332706,21.56,183.0,buy
2024-05-06 11:16:54.700199050,21.54,67.0,buy
2024-05-06 11:16:56.297377087,21.54,74.0,buy
2024-05-06 11:16:56.806454737,21.55,53.0,sell
2024-05-06 11:16:57.745266769,21.5,75.0,sell
2024-05-06 11:16:58.133602598,21.52,100.0,buy
2024-05-06 11:16:58.401056617,21.54,59.0,sell
2024-05-06 11:17:00.291179274,21.52,121.0,sell
2024-05-06 11:17:00.727461399,21.5,112.0,sell
2024-05-06 11:17:01.735689447,21.53,54.0,buy
2024-05-06 11:17:03.267613600,21.52,101.0,buy
2024-05-06 11:17:03.830124528,21.52,72.0,sell
2024-05-06 11:17:04.228200518,21.52,107.0,buy
2024-05-06 11:17:04.229959032,21.52,95.0,buy
2024-05-06 11:17:04.250380259,21.51,151.0,sell
2024-05-06 11:17:04.362484328,21.53,95.0,sell
2024-05-06 11:17:04.465386964,21.55,108.0,buy
2024-05-06 11:17:04.612410638,21.56,146.0,buy
2024-05-06 11:17:04.794285334,21.59,127.0,buy
2024-05-06 11:17:05.017480055,21.58,201.0,buy
2024-05-06 11:17:05.290307383,21.63,117.0,sell
2024-05-06 11:17:05.342358225,21.67,145.0,buy
2024-05-06 11:17:05.364000911,21.68,112.0,sell
2024-05-06 11:17:05.924344667,21.7,89.0,sell
2024-05-06 11:17:06.309720492,21.7,108.0,sell
2024-05-06 11:17:06.603343679,21.71,91.0,buy
2024-05-06 11:17:07.106506026,21.77,74.0,sell
2024-05-06 11:17:07.985705339,21.79,40.0,buy
2024-05-06 11:17:08.264745118,21.79,66.0,sell
2024-05-06 11:17:08.777127977,21.78,93.0,buy
2024-05-06 11:17:10.312056665,21.79,121.0,buy
2024-05-06 11:17:11.227175321,21.78,111.0,buy
2024-05-06 11:17:11.504738967,21.82,146.0,buy
2024-05-06 11:17:12.022159052,21.83,149.0,buy
2024-05-06 11:17:12.119601680,21.82,126.0,sell
2024-05-06 11:17:12.530685701,21.82,231.0,sell
2024-05-06 11:17:14.521058598,21.85,62.0,buy
2024-05-06 11:17:14.886291171,21.89,125.0,buy
2024-05-06 11:17:16.199330228,21.85,42.0,sell
2024-05-06 11:17:16.460893143,21.89,105.0,buy
2024-05-06 11:17:19.842645804,21.89,69.0,buy
2024-05-06 11:17:20.275468419,21.91,86.0,buy
2024-05-06 11:17:20.297062583,21.91,65.0,buy
2024-05-06 11:17:20.738919658,21.9,83.0,sell
2024-05-06 11:17:20.899416864,21.87,133.0,sell
2024-05-06 11:17:20.915927139,21.86,117.0,buy
2024-05-06 11:17:21.775702280,21.86,66.0,sell
2024-05-06 11:17:21.936997543,21.83,180.0,buy
2024-05-06 11:17:22.733161492,21.82,103.0,sell
2024-05-06 11:17:22.903152996,21.81,58.0,buy
2024-05-06 11:17:23.011191258,21.78,81.0,buy
2024-05-06 11:17:24.834783201,21.78,93.0,sell
2024-05-06 11:17:25.059213820,21.78,73.0,buy
2024-05-06 11:17:25.519082417,21.78,139.0,buy
2024-05-06 11:17:25.989862960,21.74,124.0,buy
2024-05-06 11:17:26.400891574,21.8,194.0,sell
2024-05-06 11:17:27.631657036,21.78,164.0,buy
2024-05-06 11:17:28.192762933,21.73,108.0,buy
2024-05-06 11:17:28.451296299,21.76,150.0,buy
2024-05-06 11:17:29.442927204,21.73,77.0,sell
2024-05-06 11:17:29.542801203,21.73,145.0,sell
2024-05-06 11:17:29.935692108,21.72,79.0,sell
2024-05-06 11:17:31.439092479,21.72,143.0,buy
2024-05-06 11:17:31.930037560,21.68,94.0,buy
2024-05-06 11:17:32.779085930,21.68,145.0,sell
2024-05-06 11:17:33.309109794,21.7,58.0,sell
2024-05-06 11:17:34.223438330,21.68,107.0,buy
2024-05-06 11:17:35.669015281,21.68,60.0,sell
2024-05-06 11:17:35.828375852,21.66,65.0,buy
2024-05-06 11:17:35.921336515,21.69,94.0,buy
2024-05-06 11:17:36.252151809,21.72,178.0,sell
2024-05-06 11:17:36.857251931,21.72,107.0,buy
2024-05-06 11:17:36.986113769,21.7,56.0,sell
2024-05-06 11:17:36.988168712,21.71,119.0,buy
2024-05-06 11:17:37.198154965,21.73,65.0,sell
2024-05-06 11:17:38.932775352,21.76,274.0,buy
2024-05-06 11:17:39.526443762,21.76,192.0,sell
2024-05-06 11:17:39.782962333,21.81,84.0,buy
2024-05-06 11:17:39.889915566,21.79,114.0,buy
2024-05-06 11:17:40.110013470,21.78,72.0,sell
2024-05-06 11:17:40.203081541,21.73,105.0,buy
2024-05-06 11:17:40.259277362,21.75,134.0,buy
2024-05-06 11:17:41.445472078,21.74,75.0,sell
2024-05-06 11:17:44.472214053,21.74,50.0,buy
2024-05-06 11:17:44.561845835,21.71,62.0,buy
2024-05-06 11:17:44.589878461,21.71,48.0,buy
2024-05-06 11:17:44.789916618,21.7,109.0,buy
2024-05-06 11:17:45.099548331,21.67,68.0,sell
2024-05-06 11:17:45.214142503,21.68,95.0,sell
2024-05-06 11:17:45.393498806,21.66,86.0,sell
2024-05-06 11:17:45.505615088,21.65,104.0,sell
2024-05-06 11:17:46.249802039,21.68,66.0,sell
2024-05-06 11:17:46.873203820,21.67,64.0,sell
2024-05-06 11:17:47.377066371,21.67,124.0,buy
2024-05-06 11:17:47.621939271,21.67,59.0,sell
2024-05-06 11:17:48.820612160,21.67,102.0,buy
2024-05-06 11:17:50.566160211,21.71,207.0,sell
2024-05-06 11:17:50.661522177,21.68,106.0,buy
2024-05-06 11:17:50.787687776,21.63,99.0,sell
2024-05-06 11:17:51.160572695,21.6,126.0,buy
2024-05-06 11:17:51.208415634,21.61,40.0,buy
2024-05-06 11:17:51.495163822,21.6,87.0,buy
2024-05-06 11:17:51.931051125,21.56,94.0,buy
2024-05-06 11:17:52.300200361,21.57,119.0,buy
2024-05-06 11:17:52.501117651,21.59,47.0,buy
2024-05-06 11:17:52.892047624,21.56,56.0,buy
2024-05-06 11:17:54.486717716,21.55,96.0,sell
2024-05-06 11:17:54.602064585,21.51,92.0,sell
2024-05-06 11:17:55.133925667,21.49,95.0,sell
2024-05-06 11:17:55.156108913,21.51,54.0,sell
2024-05-06 11:17:55.190471298,21.47,59.0,sell
2024-05-06 11:17:55.591760644,21.48,127.0,sell
2024-05-06 11:17:55.647192448,21.45,89.0,sell
2024-05-06 11:17:55.658492579,21.44,125.0,sell
2024-05-06 11:17:55.752569644,21.46,59.0,buy
2024-05-06 11:17:56.168600931,21.48,243.0,sell
2024-05-06 11:17:56.776186829,21.52,78.0,buy
2024-05-06 11:17:56.889310112,21.51,65.0,buy
2024-05-06 11:17:57.441011138,21.5,114.0,buy
2024-05-06 11:17:57.541748850,21.54,60.0,sell
2024-05-06 11:17:58.017005483,21.55,59.0,sell
2024-05-06 11:17:58.282485364,21.54,56.0,sell
2024-05-06 11:17:58.812853973,21.57,113.0,sell
2024-05-06 11:18:01.467315930,21.55,73.0,sell
2024-05-06 11:18:02.856152465,21.57,69.0,buy
2024-05-06 11:18:02.858297940,21.59,147.0,sell
2024-05-06 11:18:03.941620835,21.58,147.0,sell
2024-05-06 11:18:03.976023063,21.56,86.0,buy
2024-05-06 11:18:05.505322744,21.57,205.0,buy
2024-05-06 11:18:05.670844221,21.59,116.0,sell
2024-05-06 11:18:05.911505813,21.59,75.0,sell
2024-05-06 11:18:05.959562076,21.62,97.0,buy
2024-05-06 11:18:06.019107448,21.62,80.0,sell
2024-05-06 11:18:06.667774260,21.62,92.0,sell
2024-05-06 11:18:08.111951279,21.58,95.0,buy
2024-05-06 11:18:08.583716080,21.52,139.0,buy
2024-05-06 11:18:09.212842613,21.48,102.0,sell
2024-05-06 11:18:09.930521358,21.47,96.0,sell
2024-05-06 11:18:10.082979066,21.46,115.0,buy
2024-05-06 11:18:10.106121276,21.51,114.0,buy
2024-05-06 11:18:10.107058526,21.5,123.0,sell
2024-05-06 11:18:10.322949682,21.55,160.0,buy
2024-05-06 11:18:10.461132342,21.54,160.0,sell
2024-05-06 11:18:10.493304398,21.52,129.0,sell
2024-05-06 11:18:10.592242324,21.56,229.0,buy
2024-05-06 11:18:10.658721758,21.51,144.0,sell
2024-05-06 11:18:11.890558873,21.52,324.0,sell
2024-05-06 11:18:11.966125698,21.48,86.0,buy
2024-05-06 11:18:12.351840587,21.47,125.0,buy
2024-05-06 11:18:12.801441817,21.5,98.0,sell
2024-05-06 11:18:13.193513559,21.48,123.0,buy
2024-05-06 11:18:13.245669888,21.48,81.0,buy
2024-05-06 11:18:13.437618351,21.46,60.0,sell
2024-05-06 11:18:13.463934042,21.46,60.0,buy
2024-05-06 11:18:13.715751407,21.44,96.0,sell
2024-05-06 11:18:13.820247812,21.44,122.0,buy
2024-05-06 11:18:14.232596690,21.46,137.0,sell
2024-05-06 11:18:14.822738491,21.42,56.0,sell
2024-05-06 11:18:15.202510055,21.42,177.0,buy
2024-05-06 11:18:15.487299795,21.42,87.0,sell
2024-05-06 11:18:15.732266999,21.44,109.0,sell
2024-05-06 11:18:16.653872654,21.44,79.0,buy
2024-05-06 11:18:16.777698412,21.44,134.0,buy
2024-05-06 11:18:17.440238478,21.44,115.0,sell
2024-05-06 11:18:18.148578820,21.4,97.0,sell
2024-05-06 11:18:18.420253234,21.41,56.0,buy
2024-05-06 11:18:18.596666270,21.43,66.0,buy
2024-05-06 11:18:18.914616504,21.45,89.0,sell
2024-05-06 11:18:18.963540862,21.44,87.0,buy
2024-05-06 11:18:18.987049997,21.46,60.0,sell
2024-05-06 11:18:19.046218391,21.44,132.0,buy
2024-05-06 11:18:19.149819679,21.41,99.0,sell
2024-05-06 11:18:19.500587633,21.42,140.0,sell
2024-05-06 11:18:20.446277997,21.41,60.0,sell
2024-05-06 11:18:20.580637720,21.4,70.0,sell
2024-05-06 11:18:21.948569517,21.42,90.0,sell
2024-05-06 11:18:23.498093723,21.41,119.0,sell
2024-05-06 11:18:25.094023325,21.4,129.0,buy
2024-05-06 11:18:26.002755031,21.38,96.0,buy
2024-05-06 11:18:26.228895861,21.33,95.0,buy
2024-05-06 11:18:26.266626256,21.31,42.0,sell
2024-05-06 11:18:26.687239607,21.33,129.0,buy
2024-05-06 11:18:27.096233765,21.33,62.0,sell
2024-05-06 11:18:28.044712987,21.31,73.0,buy
2024-05-06 11:18:30.804326064,21.31,104.0,sell
2024-05-06 11:18:31.159124235,21.32,122.0,buy
2024-05-06 11:18:31.370840030,21.3,133.0,sell
2024-05-06 11:18:31.473677116,21.3,115.0,sell
2024-05-06 11:18:31.476082807,21.31,126.0,buy
2024-05-06 11:18:31.831854172,21.33,108.0,buy
2024-05-06 11:18:32.237277782,21.38,107.0,buy
2024-05-06 11:18:33.108586694,21.39,129.0,buy
2024-05-06 11:18:33.459758329,21.41,48.0,sell
2024-05-06 11:18:34.701023160,21.42,154.0,buy
2024-05-06 11:18:35.195566084,21.44,137.0,sell
2024-05-06 11:18:36.112908666,21.48,116.0,buy
2024-05-06 11:18:36.193170148,21.5,136.0,sell
2024-05-06 11:18:37.159841332,21.49,72.0,buy
2024-05-06 11:18:37.722027744,21.49,87.0,buy
2024-05-06 11:18:37.815332934,21.49,84.0,buy
2024-05-06 11:18:37.920547519,21.48,116.0,buy
2024-05-06 11:18:39.225786666,21.46,125.0,buy
2024-05-06 11:18:39.242159515,21.47,144.0,sell
2024-05-06 11:18:39.552605280,21.48,318.0,sell
2024-05-06 11:18:39.740661811,21.42,102.0,sell
2024-05-06 11:18:40.287589780,21.39,124.0,sell
2024-05-06 11:18:41.202723687,21.4,204.0,sell
2024-05-06 11:18:41.426162733,21.43,74.0,sell
2024-05-06 11:18:41.704512083,21.43,123.0,buy
2024-05-06 11:18:43.710925279,21.41,247.0,buy
2024-05-06 11:18:44.476970488,21.4,100.0,sell
2024-05-06 11:18:45.614475543,21.39,78.0,buy
2024-05-06 11:18:45.903280850,21.37,208.0,buy
2024-05-06 11:18:46.036617149,21.37,59.0,buy
2024-05-06 11:18:46.302015227,21.36,148.0,buy
2024-05-06 11:18:46.931567601,21.32,82.0,sell
2024-05-06 11:18:46.989514614,21.35,69.0,buy
2024-05-06 11:18:47.147191395,21.33,135.0,buy
2024-05-06 11:18:47.171070591,21.3,84.0,sell
2024-05-06 11:18:47.454193722,21.35,123.0,sell
2024-05-06 11:18:48.332715481,21.34,236.0,buy
2024-05-06 11:18:48.345201948,21.33,72.0,sell
2024-05-06 11:18:48.907664977,21.36,69.0,sell
2024-05-06 11:18:50.255448259,21.38,139.0,buy
2024-05-06 11:18:50.390649613,21.41,131.0,buy
2024-05-06 11:18:50.982138392,21.42,275.0,sell
2024-05-06 11:18:52.828620305,21.46,145.0,buy
2024-05-06 11:18:54.467377003,21.44,94.0,buy
2024-05-06 11:18:54.601270449,21.43,94.0,sell
2024-05-06 11:18:54.654134659,21.44,111.0,buy
2024-05-06 11:18:54.734384871,21.43,96.0,sell
2024-05-06 11:18:55.339775617,21.38,145.0,sell
2024-05-06 11:18:55.986649389,21.34,145.0,sell
2024-05-06 11:18:56.547441294,21.35,66.0,sell
2024-05-06 11:18:56.752236889,21.34,78.0,sell
2024-05-06 11:18:56.845267322,21.33,93.0,sell
2024-05-06 11:18:57.279924490,21.34,208.0,buy
2024-05-06 11:18:57.610439197,21.3,97.0,sell
2024-05-06 11:18:58.262951518,21.31,170.0,sell
2024-05-06 11:18:58.554076599,21.3,145.0,buy
2024-05-06 11:18:58.760804847,21.29,66.0,buy
2024-05-06 11:18:58.934505725,21.33,104.0,buy
2024-05-06 11:18:59.053298341,21.3,97.0,buy
2024-05-06 11:18:59.207748727,21.3,284.0,sell
2024-05-06 11:18:59.257565223,21.35,93.0,sell
2024-05-06 11:18:59.470544824,21.37,195.0,sell
2024-05-06 11:18:59.489172450,21.36,177.0,buy
2024-05-06 11:18:59.592324177,21.3,215.0,sell
2024-05-06 11:19:00.279053611,21.34,58.0,buy
2024-05-06 11:19:00.475922424,21.32,85.0,sell
2024-05-06 11:19:01.027589660,21.31,117.0,sell
2024-05-06 11:19:01.658539256,21.33,168.0,buy
2024-05-06 11:19:02.093702657,21.33,86.0,buy
2024-05-06 11:19:03.687121703,21.36,107.0,buy
2024-05-06 11:19:03.697958223,21.35,126.0,sell
2024-05-06 11:19:04.368910681,21.37,180.0,sell
2024-05-06 11:19:05.963407130,21.33,110.0,sell
2024-05-06 11:19:06.954643424,21.31,112.0,sell
2024-05-06 11:19:07.046540360,21.34,91.0,buy
2024-05-06 11:19:07.244411850,21.32,176.0,sell
2024-05-06 11:19:07.339055837,21.33,58.0,buy
2024-05-06 11:19:07.798839338,21.34,99.0,sell
2024-05-06 11:19:08.421563202,21.35,136.0,buy
2024-05-06 11:19:08.612247418,21.35,140.0,sell
2024-05-06 11:19:08.999975768,21.34,120.0,buy
2024-05-06 11:19:09.587054258,21.33,109.0,sell
2024-05-06 11:19:09.860574196,21.32,81.0,buy
2024-05-06 11:19:10.822701714,21.27,93.0,buy
2024-05-06 11:19:11.560920528,21.26,99.0,sell
2024-05-06 11:19:11.594346081,21.27,162.0,sell
2024-05-06 11:19:12.079620948,21.28,161.0,sell
2024-05-06 11:19:12.213773494,21.27,64.0,sell
2024-05-06 11:19:12.621451540,21.23,72.0,buy
2024-05-06 11:19:14.193433623,21.25,217.0,buy
2024-05-06 11:19:15.249672272,21.27,53.0,sell
2024-05-06 11:19:15.508862990,21.26,133.0,buy
2024-05-06 11:19:15.681175380,21.32,136.0,sell
2024-05-06 11:19:15.814726851,21.3,89.0,sell
2024-05-06 11:19:16.194920720,21.29,47.0,sell
2024-05-06 11:19:16.255580114,21.3,79.0,buy
2024-05-06 11:19:16.654029064,21.32,116.0,buy
2024-05-06 11:19:16.654696329,21.28,78.0,sell
2024-05-06 11:19:16.850366223,21.31,63.0,buy
2024-05-06 11:19:16.974554798,21.29,94.0,buy
2024-05-06 11:19:18.748571065,21.3,92.0,buy
2024-05-06 11:19:19.398156813,21.27,99.0,sell
2024-05-06 11:19:19.613281711,21.27,82.0,buy
2024-05-06 11:19:19.662002734,21.31,67.0,buy
2024-05-06 11:19:20.025665666,21.33,74.0,buy
2024-05-06 11:19:20.145713812,21.36,139.0,buy
2024-05-06 11:19:20.530112261,21.37,91.0,sell
2024-05-06 11:19:21.432116415,21.38,88.0,buy
2024-05-06 11:19:21.910402737,21.4,189.0,buy
2024-05-06 11:19:22.412674749,21.43,35.0,buy
2024-05-06 11:19:22.802060279,21.43,76.0,buy
2024-05-06 11:19:24.112530918,21.39,83.0,sell
2024-05-06 11:19:25.455939660,21.37,155.0,buy
2024-05-06 11:19:25.815401131,21.37,77.0,sell
2024-05-06 11:19:25.997869540,21.37,214.0,buy
2024-05-06 11:19:26.305580354,21.38,62.0,sell
2024-05-06 11:19:26.408820626,21.34,144.0,buy
2024-05-06 11:19:26.914594516,21.34,57.0,buy
2024-05-06 11:19:27.261260451,21.32,171.0,buy
2024-05-06 11:19:27.315777678,21.29,147.0,sell
2024-05-06 11:19:27.425881474,21.32,89.0,sell
2024-05-06 11:19:27.752490944,21.3,150.0,sell
2024-05-06 11:19:28.845287644,21.31,50.0,buy
2024-05-06 11:19:29.263093358,21.33,82.0,buy
2024-05-06 11:19:29.835214708,21.34,149.0,sell
2024-05-06 11:19:30.042237024,21.35,124.0,buy
2024-05-06 11:19:30.465865914,21.36,72.0,sell
2024-05-06 11:19:30.762408090,21.35,78.0,buy
2024-05-06 11:19:31.300535015,21.38,76.0,sell
2024-05-06 11:19:31.326484684,21.39,129.0,buy
2024-05-06 11:19:31.666402980,21.4,53.0,buy
2024-05-06 11:19:31.841886204,21.4,68.0,sell
2024-05-06 11:19:32.039286093,21.4,152.0,buy
2024-05-06 11:19:33.660325458,21.41,92.0,buy
2024-05-06 11:19:33.761196812,21.41,135.0,sell
2024-05-06 11:19:33.947631825,21.43,48.0,buy
2024-05-06 11:19:34.304197164,21.42,64.0,sell
2024-05-06 11:19:35.298182701,21.42,185.0,buy
2024-05-06 11:19:35.567683880,21.41,57.0,sell
2024-05-06 11:19:36.248709744,21.37,37.0,buy
2024-05-06 11:19:37.218981376,21.41,94.0,sell
2024-05-06 11:19:37.404525068,21.44,243.0,sell
2024-05-06 11:19:37.653932575,21.42,77.0,sell
2024-05-06 11:19:37.874392889,21.4,73.0,sell
2024-05-06 11:19:38.768842098,21.42,87.0,sell
2024-05-06 11:19:38.791522227,21.43,251.0,sell
2024-05-06 11:19:38.975911236,21.43,106.0,buy
2024-05-06 11:19:39.544705102,21.43,63.0,sell
2024-05-06 11:19:39.961419755,21.41,105.0,buy
2024-05-06 11:19:40.248026859,21.4,50.0,sell
2024-05-06 11:19:40.636234982,21.39,106.0,buy
2024-05-06 11:19:40.746299398,21.36,76.0,buy
2024-05-06 11:19:41.027987868,21.34,172.0,buy
2024-05-06 11:19:41.376267350,21.35,112.0,sell
2024-05-06 11:19:42.533541139,21.36,102.0,sell
2024-05-06 11:19:42.684658303,21.33,110.0,buy
2024-05-06 11:19:43.696485790,21.34,99.0,sell
2024-05-06 11:19:44.213237225,21.35,72.0,buy
2024-05-06 11:19:44.223512503,21.36,204.0,buy
2024-05-06 11:19:44.868334746,21.38,114.0,sell
2024-05-06 11:19:44.886434363,21.38,124.0,sell
2024-05-06 11:19:47.858939931,21.34,170.0,buy
2024-05-06 11:19:48.889295706,21.4,101.0,sell
2024-05-06 11:19:49.065739444,21.39,67.0,sell
2024-05-06 11:19:49.214545875,21.38,130.0,sell
2024-05-06 11:19:49.454727291,21.41,74.0,buy
2024-05-06 11:19:49.674885216,21.39,133.0,sell
2024-05-06 11:19:49.907761808,21.4,49.0,buy
2024-05-06 11:19:50.099327407,21.39,95.0,sell
2024-05-06 11:19:50.584612973,21.37,263.0,buy
2024-05-06 11:19:50.674334024,21.39,147.0,buy
2024-05-06 11:19:51.609674628,21.36,222.0,buy
2024-05-06 11:19:52.446402869,21.39,238.0,buy
2024-05-06 11:19:52.769995956,21.41,198.0,sell
2024-05-06 11:19:53.727739659,21.42,58.0,buy
2024-05-06 11:19:53.869681022,21.42,81.0,buy
2024-05-06 11:19:53.878541801,21.4,108.0,buy
2024-05-06 11:19:54.361292695,21.4,97.0,buy
2024-05-06 11:19:54.667453768,21.43,105.0,buy
2024-05-06 11:19:55.086152587,21.38,129.0,buy
2024-05-06 11:19:56.234153040,21.39,223.0,buy
2024-05-06 11:19:57.986193084,21.4,113.0,buy
2024-05-06 11:19:58.489373484,21.41,125.0,buy
2024-05-06 11:19:59.211453010,21.41,102.0,sell
2024-05-06 11:19:59.255217911,21.43,71.0,buy
2024-05-06 11:19:59.342820730,21.43,190.0,sell
2024-05-06 11:20:00.003457717,21.44,108.0,buy
2024-05-06 11:20:00.285716382,21.45,79.0,sell
2024-05-06 11:20:00.580980335,21.41,98.0,buy
2024-05-06 11:20:00.765504266,21.38,99.0,sell
2024-05-06 11:20:01.232930719,21.41,89.0,sell
2024-05-06 11:20:01.335315567,21.4,100.0,sell
2024-05-06 11:20:01.828291783,21.43,116.0,buy
2024-05-06 11:20:01.923750293,21.42,275.0,buy
2024-05-06 11:20:01.956727273,21.4,167.0,sell
2024-05-06 11:20:02.157233060,21.39,71.0,buy
2024-05-06 11:20:02.288656472,21.38,104.0,sell
2024-05-06 11:20:03.387731348,21.34,161.0,sell
2024-05-06 11:20:03.415991897,21.4,91.0,buy
2024-05-06 11:20:03.513156797,21.43,95.0,sell
2024-05-06 11:20:03.910990005,21.47,92.0,buy
2024-05-06 11:20:04.238980438,21.45,52.0,buy
2024-05-06 11:20:04.262448689,21.46,117.0,sell
2024-05-06 11:20:04.266088116,21.44,115.0,sell
2024-05-06 11:20:06.480351390,21.46,115.0,sell
2024-05-06 11:20:07.018045475,21.48,85.0,buy
2024-05-06 11:20:07.245430506,21.46,102.0,buy
2024-05-06 11:20:07.563277589,21.48,93.0,sell
2024-05-06 11:20:07.718275596,21.54,122.0,buy
2024-05-06 11:20:07.929739279,21.53,109.0,buy
2024-05-06 11:20:08.453287154,21.5,45.0,sell
2024-05-06 11:20:09.525274194,21.5,93.0,buy
2024-05-06 11:20:09.627024334,21.51,118.0,sell
2024-05-06 11:20:10.544446048,21.52,111.0,sell
2024-05-06 11:20:10.609247965,21.49,182.0,sell
2024-05-06 11:20:10.730278793,21.49,105.0,sell
2024-05-06 11:20:10.749220746,21.5,70.0,sell
2024-05-06 11:20:10.825104427,21.55,72.0,sell
2024-05-06 11:20:12.071391283,21.54,180.0,buy
2024-05-06 11:20:12.378964944,21.57,104.0,buy
2024-05-06 11:20:12.419388801,21.58,73.0,buy
2024-05-06 11:20:14.025423795,21.61,77.0,buy
2024-05-06 11:20:15.081374377,21.62,113.0,sell
2024-05-06 11:20:15.783975414,21.63,317.0,buy
2024-05-06 11:20:17.139047550,21.65,131.0,buy
2024-05-06 11:20:17.263361198,21.72,70.0,buy
2024-05-06 11:20:18.168432787,21.72,89.0,buy
2024-05-06 11:20:18.754010078,21.74,128.0,sell
2024-05-06 11:20:19.773195386,21.77,97.0,sell
2024-05-06 11:20:20.570252265,21.77,101.0,sell
2024-05-06 11:20:20.782954860,21.75,69.0,sell
2024-05-06 11:20:21.527447498,21.71,83.0,buy
2024-05-06 11:20:21.679662469,21.69,146.0,buy
2024-05-06 11:20:21.878851730,21.67,174.0,sell
2024-05-06 11:20:21.935943457,21.64,60.0,buy
2024-05-06 11:20:23.303217162,21.67,52.0,buy
2024-05-06 11:20:23.475169411,21.68,86.0,buy
2024-05-06 11:20:23.842802820,21.65,144.0,sell
2024-05-06 11:20:24.091044665,21.66,86.0,buy
2024-05-06 11:20:25.699584891,21.68,127.0,buy
2024-05-06 11:20:25.903605982,21.69,115.0,buy
2024-05-06 11:20:26.657375772,21.67,116.0,buy
2024-05-06 11:20:27.624323620,21.66,80.0,buy
2024-05-06 11:20:27.910325405,21.62,65.0,buy
2024-05-06 11:20:28.147871132,21.64,78.0,sell
2024-05-06 11:20:28.836530158,21.6,62.0,sell
2024-05-06 11:20:30.056856281,21.61,115.0,sell
2024-05-06 11:20:30.759965515,21.61,117.0,buy
2024-05-06 11:20:30.888785374,21.62,164.0,buy
2024-05-06 11:20:31.984789341,21.63,78.0,sell
2024-05-06 11:20:32.229959181,21.64,97.0,buy
2024-05-06 11:20:32.659240699,21.63,68.0,buy
2024-05-06 11:20:33.549459459,21.59,146.0,sell
2024-05-06 11:20:33.653830071,21.57,75.0,buy
2024-05-06 11:20:34.421250773,21.54,93.0,sell
2024-05-06 11:20:34.874622497,21.54,235.0,buy
2024-05-06 11:20:35.993684730,21.54,108.0,buy
2024-05-06 11:20:36.088037920,21.54,51.0,sell
2024-05-06 11:20:36.360989989,21.54,140.0,sell
2024-05-06 11:20:37.255401161,21.54,109.0,sell
2024-05-06 11:20:37.265110680,21.54,116.0,sell
2024-05-06 11:20:37.324615843,21.55,94.0,buy
2024-05-06 11:20:39.656291668,21.54,126.0,buy
2024-05-06 11:20:39.820817512,21.54,82.0,buy
2024-05-06 11:20:41.676240875,21.55,58.0,sell
2024-05-06 11:20:41.777012361,21.55,130.0,buy
2024-05-06 11:20:42.001011678,21.55,42.0,sell
2024-05-06 11:20:42.699930936,21.55,186.0,sell
2024-05-06 11:20:43.236079346,21.54,136.0,buy
2024-05-06 11:20:43.671167609,21.52,111.0,sell
2024-05-06 11:20:44.048571653,21.53,115.0,buy
2024-05-06 11:20:44.975731048,21.53,143.0,buy
2024-05-06 11:20:45.109637152,21.54,114.0,sell
2024-05-06 11:20:45.401757466,21.53,107.0,buy
2024-05-06 11:20:45.486234492,21.56,146.0,buy
2024-05-06 11:20:45.939332416,21.57,62.0,sell
2024-05-06 11:20:46.083536533,21.57,89.0,buy
2024-05-06 11:20:46.286650781,21.59,158.0,buy
2024-05-06 11:20:46.605271233,21.59,129.0,sell
2024-05-06 11:20:46.618838955,21.59,65.0,buy
2024-05-06 11:20:46.667060230,21.58,107.0,sell
2024-05-06 11:20:47.246128684,21.58,80.0,sell
2024-05-06 11:20:47.526285432,21.59,129.0,buy
2024-05-06 11:20:48.526749330,21.62,118.0,buy
2024-05-06 11:20:49.119933671,21.6,150.0,sell
2024-05-06 11:20:49.124000638,21.57,139.0,buy
2024-05-06 11:20:49.603485376,21.56,89.0,sell
2024-05-06 11:20:49.652691546,21.55,103.0,buy
2024-05-06 11:20:50.411880786,21.6,91.0,buy
2024-05-06 11:20:52.796177800,21.65,86.0,sell
2024-05-06 11:20:53.174966035,21.69,157.0,buy
2024-05-06 11:20:53.749045116,21.72,116.0,buy
2024-05-06 11:20:53.884499655,21.73,141.0,buy
2024-05-06 11:20:54.172268618,21.74,71.0,sell
2024-05-06 11:20:55.141570732,21.75,93.0,sell
2024-05-06 11:20:55.233185485,21.73,88.0,sell
2024-05-06 11:20:55.387492366,21.72,195.0,sell
2024-05-06 11:20:55.682276799,21.71,111.0,buy
2024-05-06 11:20:56.305106490,21.7,116.0,sell
2024-05-06 11:20:56.540815969,21.67,122.0,sell
2024-05-06 11:20:57.854504828,21.71,216.0,sell
2024-05-06 11:20:57.904115114,21.69,100.0,buy
2024-05-06 11:20:58.135771504,21.66,111.0,buy
2024-05-06 11:20:58.752908690,21.66,107.0,buy
2024-05-06 11:20:58.880991844,21.68,70.0,buy
2024-05-06 11:20:59.415149501,21.71,104.0,sell
2024-05-06 11:20:59.504842611,21.71,132.0,sell
2024-05-06 11:20:59.533646725,21.75,183.0,sell
2024-05-06 11:20:59.598140856,21.74,54.0,sell
2024-05-06 11:21:00.927662194,21.74,103.0,buy
2024-05-06 11:21:01.328865262,21.76,169.0,sell
2024-05-06 11:21:02.124531113,21.77,177.0,buy
2024-05-06 11:21:02.326754801,21.74,79.0,buy
2024-05-06 11:21:02.775806672,21.73,115.0,buy
2024-05-06 11:21:03.117357707,21.75,88.0,buy
2024-05-06 11:21:04.574322890,21.73,105.0,sell
2024-05-06 11:21:05.262642721,21.71,71.0,sell
2024-05-06 11:21:05.918315265,21.74,41.0,buy
2024-05-06 11:21:05.942046255,21.76,95.0,sell
2024-05-06 11:21:06.340933203,21.72,145.0,sell
2024-05-06 11:21:06.655542113,21.71,141.0,buy
2024-05-06 11:21:07.969992521,21.7,56.0,buy
2024-05-06 11:21:08.118752331,21.69,192.0,sell
2024-05-06 11:21:08.275993643,21.69,330.0,buy
2024-05-06 11:21:08.540952207,21.72,65.0,buy
2024-05-06 11:21:08.680392476,21.71,86.0,buy
2024-05-06 11:21:08.749554716,21.73,110.0,sell
2024-05-06 11:21:09.723462662,21.68,169.0,sell
2024-05-06 11:21:10.131998268,21.64,71.0,buy
2024-05-06 11:21:11.119945391,21.65,92.0,buy
2024-05-06 11:21:12.009272546,21.65,92.0,sell
2024-05-06 11:21:12.174944897,21.68,45.0,buy
2024-05-06 11:21:12.571691093,21.66,120.0,sell
2024-05-06 11:21:12.615133715,21.65,71.0,sell
2024-05-06 11:21:13.849169596,21.65,72.0,sell
2024-05-06 11:21:14.108147349,21.64,314.0,sell
2024-05-06 11:21:14.358317892,21.63,152.0,sell
2024-05-06 11:21:14.538627370,21.6,64.0,buy
2024-05-06 11:21:14.847335396,21.63,96.0,buy
2024-05-06 11:21:14.992350734,21.68,85.0,sell
2024-05-06 11:21:15.227234381,21.69,68.0,sell
2024-05-06 11:21:16.031820976,21.69,91.0,buy
2024-05-06 11:21:16.930474904,21.71,130.0,sell
2024-05-06 11:21:17.111808821,21.71,80.0,sell
2024-05-06 11:21:17.428319038,21.73,71.0,buy
2024-05-06 11:21:18.463341061,21.74,74.0,sell
2024-05-06 11:21:18.490396709,21.74,79.0,buy
2024-05-06 11:21:19.590162656,21.71,200.0,buy
2024-05-06 11:21:19.713870754,21.71,175.0,buy
2024-05-06 11:21:20.281310658,21.71,80.0,sell
2024-05-06 11:21:20.718107941,21.69,78.0,buy
2024-05-06 11:21:21.120640010,21.68,83.0,buy
2024-05-06 11:21:22.101416732,21.67,114.0,buy
2024-05-06 11:21:22.154971167,21.7,271.0,sell
2024-05-06 11:21:22.368081701,21.7,87.0,buy
2024-05-06 11:21:22.754450505,21.66,92.0,sell
2024-05-06 11:21:23.588219385,21.67,112.0,sell
2024-05-06 11:21:23.710175173,21.68,162.0,sell
2024-05-06 11:21:24.522272912,21.67,50.0,sell
2024-05-06 11:21:24.777384550,21.68,253.0,sell
2024-05-06 11:21:24.882075056,21.66,159.0,sell
2024-05-06 11:21:25.593526098,21.66,62.0,buy
2024-05-06 11:21:25.641175583,21.66,96.0,sell
2024-05-06 11:21:26.002739014,21.63,212.0,buy
2024-05-06 11:21:26.035742565,21.62,125.0,sell
2024-05-06 11:21:26.256095369,21.62,113.0,sell
2024-05-06 11:21:26.715588548,21.61,120.0,sell
2024-05-06 11:21:27.121684038,21.62,108.0,buy
2024-05-06 11:21:27.380991494,21.63,64.0,sell
2024-05-06 11:21:27.661216556,21.66,190.0,sell
2024-05-06 11:21:27.789805634,21.67,83.0,buy
2024-05-06 11:21:28.094100746,21.66,116.0,sell
2024-05-06 11:21:29.625623194,21.64,74.0,sell
2024-05-06 11:21:30.575695196,21.63,60.0,buy
2024-05-06 11:21:30.654158300,21.65,152.0,sell
2024-05-06 11:21:30.669274920,21.68,143.0,sell
2024-05-06 11:21:32.024734422,21.66,117.0,sell
2024-05-06 11:21:32.398799902,21.67,109.0,sell
2024-05-06 11:21:32.784719611,21.67,207.0,buy
2024-05-06 11:21:33.543417954,21.69,81.0,buy
2024-05-06 11:21:33.732359200,21.7,128.0,sell
2024-05-06 11:21:34.061160007,21.7,117.0,buy
2024-05-06 11:21:35.792636506,21.74,82.0,sell
2024-05-06 11:21:36.350234050,21.75,158.0,sell
2024-05-06 11:21:36.433701342,21.75,68.0,buy
2024-05-06 11:21:36.505190276,21.74,140.0,buy
2024-05-06 11:21:36.619434656,21.76,67.0,sell
2024-05-06 11:21:37.347174727,21.75,99.0,sell
2024-05-06 11:21:37.522220915,21.75,174.0,sell
2024-05-06 11:21:37.533031366,21.76,36.0,buy
2024-05-06 11:21:38.975792406,21.76,169.0,buy
2024-05-06 11:21:39.068784584,21.8,89.0,buy
2024-05-06 11:21:39.073586664,21.82,79.0,sell
2024-05-06 11:21:39.208921535,21.82,163.0,sell
2024-05-06 11:21:39.342880073,21.83,50.0,sell
2024-05-06 11:21:39.616975321,21.84,126.0,buy
2024-05-06 11:21:40.882282045,21.84,64.0,sell
2024-05-06 11:21:41.939029119,21.83,152.0,buy
2024-05-06 11:21:42.244255014,21.83,65.0,sell
2024-05-06 11:21:42.508834598,21.88,72.0,buy
2024-05-06 11:21:42.913685306,21.88,103.0,sell
2024-05-06 11:21:43.053181285,21.88,123.0,buy
2024-05-06 11:21:43.079979252,21.87,208.0,buy
2024-05-06 11:21:44.480260525,21.89,105.0,sell
2024-05-06 11:21:44.583587518,21.88,102.0,buy
2024-05-06 11:21:44.694160747,21.91,72.0,buy
2024-05-06 11:21:45.013926352,21.91,68.0,sell
2024-05-06 11:21:45.352182847,21.92,96.0,sell
2024-05-06 11:21:45.361485965,21.9,47.0,sell
2024-05-06 11:21:45.441543780,21.93,147.0,sell
2024-05-06 11:21:45.679075841,21.94,114.0,sell
2024-05-06 11:21:46.254656437,21.92,91.0,buy
2024-05-06 11:21:46.384312896,21.89,93.0,buy
2024-05-06 11:21:46.659281921,21.9,118.0,sell
2024-05-06 11:21:47.066764291,21.87,75.0,buy
2024-05-06 11:21:48.164044581,21.86,120.0,buy
2024-05-06 11:21:48.361359470,21.82,128.0,sell
2024-05-06 11:21:48.433039677,21.83,124.0,sell
2024-05-06 11:21:48.768998958,21.85,90.0,buy
2024-05-06 11:21:49.455631962,21.83,161.0,sell
2024-05-06 11:21:49.513820088,21.82,69.0,buy
2024-05-06 11:21:49.790237558,21.84,71.0,buy
2024-05-06 11:21:49.799210157,21.84,99.0,buy
2024-05-06 11:21:49.816277764,21.86,99.0,sell
2024-05-06 11:21:50.146088865,21.86,106.0,buy
2024-05-06 11:21:50.323140348,21.86,68.0,sell
2024-05-06 11:21:51.255651675,21.9,89.0,buy
2024-05-06 11:21:51.716497201,21.88,98.0,buy
2024-05-06 11:21:52.019003966,21.89,80.0,sell
2024-05-06 11:21:52.281073706,21.91,97.0,buy
2024-05-06 11:21:52.624900336,21.9,34.0,sell
2024-05-06 11:21:52.645539944,21.9,103.0,sell
2024-05-06 11:21:53.762038473,21.89,69.0,sell
2024-05-06 11:21:56.951531006,21.89,147.0,buy
2024-05-06 11:21:57.051664082,21.88,87.0,sell
2024-05-06 11:21:57.115798409,21.9,131.0,sell
2024-05-06 11:21:57.193294113,21.96,63.0,buy
2024-05-06 11:21:57.734211609,21.93,102.0,buy
2024-05-06 11:21:58.275739822,21.96,76.0,buy
2024-05-06 11:21:59.217427797,21.97,171.0,sell
2024-05-06 11:21:59.914241163,21.96,109.0,buy
2024-05-06 11:22:00.212877628,21.99,146.0,buy
2024-05-06 11:22:00.687356084,22.01,90.0,sell
2024-05-06 11:22:01.270188541,21.99,104.0,sell
2024-05-06 11:22:01.629663627,22.03,206.0,sell
2024-05-06 11:22:01.952462505,22.04,115.0,buy
2024-05-06 11:22:02.470418516,22.03,229.0,buy
2024-05-06 11:22:02.878047166,22.02,132.0,buy
2024-05-06 11:22:03.394378415,22.0,95.0,buy
2024-05-06 11:22:03.868856113,21.97,50.0,buy
2024-05-06 11:22:04.503906292,21.97,202.0,sell
2024-05-06 11:22:05.018640918,21.95,96.0,sell
2024-05-06 11:22:05.385357334,21.91,114.0,sell
2024-05-06 11:22:05.957889905,21.86,84.0,sell
2024-05-06 11:22:06.256337686,21.85,93.0,buy
2024-05-06 11:22:06.394656811,21.84,106.0,sell
2024-05-06 11:22:06.395366424,21.83,208.0,sell
2024-05-06 11:22:06.805815960,21.83,107.0,sell
2024-05-06 11:22:07.252414715,21.8,52.0,sell
2024-05-06 11:22:09.041065237,21.8,99.0,buy
2024-05-06 11:22:09.265365071,21.79,161.0,buy
2024-05-06 11:22:09.515912667,21.78,123.0,sell
2024-05-06 11:22:09.628610448,21.79,36.0,sell
2024-05-06 11:22:09.665183133,21.82,158.0,sell
2024-05-06 11:22:10.406155316,21.84,74.0,buy
2024-05-06 11:22:10.549783774,21.83,109.0,buy
2024-05-06 11:22:11.019185987,21.81,74.0,buy
2024-05-06 11:22:11.601198440,21.83,76.0,buy
2024-05-06 11:22:11.919805626,21.82,122.0,buy
2024-05-06 11:22:12.964964312,21.85,54.0,sell
2024-05-06 11:22:13.258273343,21.8,100.0,sell
2024-05-06 11:22:13.425945816,21.84,88.0,buy
2024-05-06 11:22:14.557702641,21.83,210.0,sell
2024-05-06 11:22:15.546377244,21.81,84.0,sell
2024-05-06 11:22:15.635964470,21.82,125.0,buy
2024-05-06 11:22:15.649116447,21.81,49.0,sell
2024-05-06 11:22:15.696263850,21.78,118.0,buy
2024-05-06 11:22:15.865083488,21.8,74.0,buy
2024-05-06 11:22:17.657519847,21.77,121.0,sell
2024-05-06 11:22:18.066326769,21.72,97.0,sell
2024-05-06 11:22:18.299939900,21.74,51.0,sell
2024-05-06 11:22:19.397775219,21.74,123.0,buy
2024-05-06 11:22:19.699553090,21.76,46.0,sell
2024-05-06 11:22:19.888895522,21.75,106.0,sell
2024-05-06 11:22:21.305868322,21.73,37.0,sell
2024-05-06 11:22:22.252823115,21.71,58.0,sell
2024-05-06 11:22:23.180710980,21.72,123.0,sell
2024-05-06 11:22:23.539722746,21.73,158.0,buy
2024-05-06 11:22:24.318711260,21.73,66.0,sell
2024-05-06 11:22:24.417542591,21.74,173.0,buy
2024-05-06 11:22:24.843289367,21.66,89.0,buy
2024-05-06 11:22:26.906080770,21.67,223.0,sell
2024-05-06 11:22:27.078001331,21.65,148.0,sell
2024-05-06 11:22:27.868796786,21.68,157.0,sell
2024-05-06 11:22:28.205938310,21.67,133.0,buy
2024-05-06 11:22:28.226248111,21.72,88.0,buy
2024-05-06 11:22:28.946136605,21.7,86.0,buy
2024-05-06 11:22:29.038440175,21.68,199.0,buy
2024-05-06 11:22:29.537561594,21.71,149.0,sell
2024-05-06 11:22:29.582340281,21.72,120.0,buy
2024-05-06 11:22:31.049822559,21.7,116.0,buy
2024-05-06 11:22:31.222283194,21.69,137.0,sell
2024-05-06 11:22:31.350675176,21.69,182.0,buy
2024-05-06 11:22:31.419810136,21.71,79.0,buy
2024-05-06 11:22:32.879216061,21.69,80.0,sell
2024-05-06 11:22:33.501446375,21.71,62.0,buy
2024-05-06 11:22:34.178187461,21.69,93.0,sell
2024-05-06 11:22:34.524165966,21.68,109.0,sell
2024-05-06 11:22:34.846085290,21.67,88.0,buy
2024-05-06 11:22:34.904364133,21.67,94.0,buy
2024-05-06 11:22:35.314673868,21.64,170.0,buy
2024-05-06 11:22:35.456463449,21.62,158.0,sell
2024-05-06 11:22:37.345763413,21.61,100.0,buy
2024-05-06 11:22:38.142006959,21.65,176.0,buy
2024-05-06 11:22:38.408365426,21.66,108.0,buy
2024-05-06 11:22:38.490414490,21.63,101.0,buy
2024-05-06 11:22:39.259745085,21.62,64.0,sell
2024-05-06 11:22:39.324830048,21.56,184.0,buy
2024-05-06 11:22:39.429779470,21.57,104.0,sell
2024-05-06 11:22:39.548603917,21.58,102.0,sell
2024-05-06 11:22:39.955573253,21.6,112.0,buy
2024-05-06 11:22:40.728937818,21.6,119.0,buy
2024-05-06 11:22:40.917606200,21.6,77.0,buy
2024-05-06 11:22:40.961841410,21.63,87.0,buy
2024-05-06 11:22:41.274154519,21.63,117.0,buy
2024-05-06 11:22:41.963536395,21.67,111.0,sell
2024-05-06 11:22:42.088834780,21.66,135.0,sell
2024-05-06 11:22:42.213017096,21.66,104.0,buy
2024-05-06 11:22:43.683895146,21.67,167.0,buy
2024-05-06 11:22:45.225125833,21.67,92.0,buy
2024-05-06 11:22:47.551557242,21.71,118.0,buy
2024-05-06 11:22:48.375801526,21.73,151.0,sell
2024-05-06 11:22:48.480042413,21.69,48.0,buy
2024-05-06 11:22:48.599159283,21.67,79.0,buy
2024-05-06 11:22:48.807087671,21.66,55.0,sell
2024-05-06 11:22:48.998547655,21.64,72.0,sell
2024-05-06 11:22:50.566363882,21.67,38.0,sell
2024-05-06 11:22:51.344487801,21.67,158.0,sell
2024-05-06 11:22:51.988180935,21.68,94.0,sell
2024-05-06 11:22:52.091055803,21.67,94.0,sell
2024-05-06 11:22:53.292399749,21.66,149.0,buy
2024-05-06 11:22:54.172153488,21.63,272.0,buy
2024-05-06 11:22:54.261502657,21.62,77.0,buy
2024-05-06 11:22:55.286134732,21.61,89.0,sell
2024-05-06 11:22:55.445031887,21.61,66.0,buy
2024-05-06 11:22:55.487195603,21.58,52.0,sell
2024-05-06 11:22:56.021949058,21.55,82.0,sell
2024-05-06 11:22:56.552325105,21.52,84.0,sell
2024-05-06 11:22:56.602197711,21.54,121.0,sell
2024-05-06 11:22:56.794185405,21.53,87.0,sell
2024-05-06 11:22:59.262027865,21.5,90.0,sell
2024-05-06 11:22:59.829292697,21.52,147.0,sell
2024-05-06 11:23:00.484098574,21.52,83.0,sell
2024-05-06 11:23:00.603809542,21.55,61.0,buy
2024-05-06 11:23:00.644838866,21.54,100.0,buy
2024-05-06 11:23:00.806943911,21.52,141.0,buy
2024-05-06 11:23:00.950051076,21.5,178.0,sell
2024-05-06 11:23:01.083692914,21.49,81.0,buy
2024-05-06 11:23:01.190756526,21.54,77.0,sell
2024-05-06 11:23:01.618302241,21.57,82.0,buy
2024-05-06 11:23:01.817127707,21.54,98.0,sell
2024-05-06 11:23:02.675486216,21.59,157.0,buy
2024-05-06 11:23:02.777124459,21.59,95.0,buy
2024-05-06 11:23:03.089520315,21.63,68.0,sell
2024-05-06 11:23:03.096396296,21.6,153.0,buy
2024-05-06 11:23:03.424979770,21.59,90.0,sell
2024-05-06 11:23:03.453708646,21.6,79.0,buy
2024-05-06 11:23:05.355820396,21.62,125.0,buy
2024-05-06 11:23:06.137556092,21.61,104.0,buy
2024-05-06 11:23:06.474337671,21.59,121.0,sell
2024-05-06 11:23:06.519621440,21.61,97.0,sell
2024-05-06 11:23:06.968411674,21.62,101.0,sell
2024-05-06 11:23:07.679400943,21.61,156.0,buy
2024-05-06 11:23:07.785204404,21.6,100.0,sell
2024-05-06 11:23:08.205110442,21.58,69.0,buy
2024-05-06 11:23:09.046681998,21.62,87.0,buy
2024-05-06 11:23:09.777725240,21.59,84.0,buy
2024-05-06 11:23:10.589980757,21.58,66.0,sell
2024-05-06 11:23:11.647301379,21.62,81.0,sell
2024-05-06 11:23:13.035054684,21.62,132.0,sell
2024-05-06 11:23:13.295089758,21.63,70.0,buy
2024-05-06 11:23:13.715645562,21.61,98.0,sell
2024-05-06 11:23:14.497542207,21.63,135.0,buy
2024-05-06 11:23:15.094784213,21.65,67.0,buy
2024-05-06 11:23:17.798875806,21.65,41.0,buy
2024-05-06 11:23:17.805761832,21.65,53.0,sell
2024-05-06 11:23:18.025117591,21.67,113.0,sell
2024-05-06 11:23:18.190083973,21.67,155.0,sell
2024-05-06 11:23:18.342203736,21.65,171.0,sell
2024-05-06 11:23:18.468058707,21.7,73.0,sell
2024-05-06 11:23:19.085487543,21.7,88.0,buy
2024-05-06 11:23:19.129771732,21.69,190.0,sell
2024-05-06 11:23:19.806412079,21.67,72.0,buy
2024-05-06 11:23:20.397559880,21.67,88.0,buy
2024-05-06 11:23:20.541937292,21.65,59.0,buy
2024-05-06 11:23:20.687671095,21.68,172.0,sell
2024-05-06 11:23:21.183259848,21.69,201.0,sell
2024-05-06 11:23:21.901361745,21.7,80.0,buy
2024-05-06 11:23:22.947060564,21.68,100.0,buy
2024-05-06 11:23:23.902803788,21.7,115.0,buy
2024-05-06 11:23:25.577338673,21.71,78.0,sell
2024-05-06 11:23:26.012740366,21.69,107.0,sell
2024-05-06 11:23:27.209299304,21.71,84.0,sell
2024-05-06 11:23:28.035767697,21.71,192.0,sell
2024-05-06 11:23:29.161084920,21.74,41.0,sell
2024-05-06 11:23:29.166932279,21.74,165.0,buy
2024-05-06 11:23:30.856205097,21.75,89.0,sell
2024-05-06 11:23:31.176985717,21.71,87.0,sell
2024-05-06 11:23:31.977182657,21.7,73.0,sell
2024-05-06 11:23:32.045209439,21.71,55.0,sell
2024-05-06 11:23:32.297251220,21.72,41.0,buy
2024-05-06 11:23:32.455608049,21.72,69.0,buy
2024-05-06 11:23:32.628022719,21.72,184.0,sell
2024-05-06 11:23:32.693792619,21.67,81.0,buy
2024-05-06 11:23:33.513132869,21.66,69.0,buy
2024-05-06 11:23:33.517775514,21.71,87.0,buy
2024-05-06 11:23:33.705126208,21.67,106.0,buy
2024-05-06 11:23:33.800955035,21.74,53.0,buy
2024-05-06 11:23:34.245583443,21.75,137.0,sell
2024-05-06 11:23:34.392267482,21.72,129.0,buy
2024-05-06 11:23:34.542143766,21.73,179.0,buy
2024-05-06 11:23:34.877189420,21.71,81.0,buy
2024-05-06 11:23:35.405956800,21.71,111.0,buy
2024-05-06 11:23:35.470615346,21.68,92.0,sell
2024-05-06 11:23:35.567111359,21.7,79.0,sell
2024-05-06 11:23:35.709072431,21.71,93.0,sell
2024-05-06 11:23:37.529083060,21.7,71.0,buy
2024-05-06 11:23:37.782128568,21.69,94.0,buy
2024-05-06 11:23:38.239013138,21.69,219.0,buy
2024-05-06 11:23:38.377247601,21.7,76.0,sell
2024-05-06 11:23:38.714370596,21.71,191.0,buy
2024-05-06 11:23:38.752875471,21.7,166.0,sell
2024-05-06 11:23:38.770555475,21.69,132.0,buy
2024-05-06 11:23:39.086801250,21.68,131.0,sell
2024-05-06 11:23:39.341098048,21.67,69.0,buy
2024-05-06 11:23:39.414699007,21.67,70.0,sell
2024-05-06 11:23:39.996436724,21.69,95.0,sell
2024-05-06 11:23:42.470512870,21.69,117.0,sell
2024-05-06 11:23:42.722311130,21.7,132.0,sell
2024-05-06 11:23:43.212137617,21.74,76.0,sell
2024-05-06 11:23:44.860231302,21.74,150.0,buy
2024-05-06 11:23:45.750744854,21.78,65.0,buy
2024-05-06 11:23:46.062137885,21.76,115.0,buy
2024-05-06 11:23:46.730869954,21.77,60.0,sell
2024-05-06 11:23:46.799430319,21.75,214.0,sell
2024-05-06 11:23:47.158256676,21.73,70.0,sell
2024-05-06 11:23:47.321856550,21.78,83.0,buy
2024-05-06 11:23:47.409726395,21.79,109.0,buy
2024-05-06 11:23:47.687534088,21.77,118.0,buy
2024-05-06 11:23:47.757748539,21.72,106.0,sell
2024-05-06 11:23:48.358046310,21.72,104.0,sell
2024-05-06 11:23:48.662670003,21.73,94.0,sell
2024-05-06 11:23:49.041400475,21.75,148.0,buy
2024-05-06 11:23:49.120532670,21.78,93.0,sell
2024-05-06 11:23:49.195811378,21.79,50.0,sell
2024-05-06 11:23:49.633644278,21.75,123.0,buy
2024-05-06 11:23:51.733821851,21.76,67.0,sell
2024-05-06 11:23:51.784423426,21.75,75.0,sell
2024-05-06 11:23:51.952671545,21.73,116.0,sell
2024-05-06 11:23:52.970705954,21.73,68.0,buy
2024-05-06 11:23:53.008214307,21.77,93.0,sell
2024-05-06 11:23:54.051490574,21.8,41.0,sell
2024-05-06 11:23:54.422959780,21.83,72.0,buy
2024-05-06 11:23:54.685309468,21.83,251.0,buy
2024-05-06 11:23:54.870609888,21.83,191.0,buy
2024-05-06 11:23:55.046892415,21.82,175.0,buy
2024-05-06 11:23:55.229391863,21.82,80.0,sell
2024-05-06 11:23:56.309948001,21.84,52.0,sell
2024-05-06 11:23:56.953254385,21.85,95.0,sell
2024-05-06 11:23:57.507166189,21.85,75.0,buy
2024-05-06 11:23:58.308767755,21.86,39.0,buy
2024-05-06 11:23:58.457374541,21.85,130.0,sell
2024-05-06 11:23:58.938597916,21.84,77.0,sell
2024-05-06 11:23:59.246752322,21.85,131.0,buy
2024-05-06 11:24:00.009396382,21.86,99.0,buy
2024-05-06 11:24:00.194389463,21.89,82.0,sell
2024-05-06 11:24:00.709649437,21.86,163.0,sell
2024-05-06 11:24:01.779085626,21.88,127.0,sell
2024-05-06 11:24:02.036293720,21.83,122.0,sell
2024-05-06 11:24:02.070766275,21.87,120.0,sell
2024-05-06 11:24:02.433653966,21.82,86.0,buy
2024-05-06 11:24:02.645956897,21.8,89.0,sell
2024-05-06 11:24:03.203671418,21.82,105.0,sell
2024-05-06 11:24:04.711974988,21.83,72.0,sell
2024-05-06 11:24:05.044360126,21.83,78.0,buy
2024-05-06 11:24:05.358217996,21.82,190.0,sell
2024-05-06 11:24:05.889722050,21.81,83.0,sell
2024-05-06 11:24:05.944349151,21.81,136.0,buy
2024-05-06 11:24:06.090533127,21.82,80.0,buy
2024-05-06 11:24:07.347058585,21.82,88.0,sell
2024-05-06 11:24:07.901302956,21.82,182.0,buy
2024-05-06 11:24:07.908070572,21.83,77.0,sell
2024-05-06 11:24:08.022541658,21.85,120.0,buy
2024-05-06 11:24:08.596711798,21.84,83.0,buy
2024-05-06 11:24:09.319520020,21.82,195.0,sell
2024-05-06 11:24:10.235372109,21.83,206.0,sell
2024-05-06 11:24:10.408152578,21.87,87.0,sell
2024-05-06 11:24:11.745184227,21.85,78.0,sell
2024-05-06 11:24:12.147723170,21.85,128.0,sell
2024-05-06 11:24:12.743974296,21.84,139.0,buy
2024-05-06 11:24:13.198059768,21.83,125.0,buy
2024-05-06 11:24:13.263535731,21.86,83.0,buy
2024-05-06 11:24:14.913506271,21.86,118.0,buy
2024-05-06 11:24:14.979059485,21.88,108.0,buy
2024-05-06 11:24:15.126165797,21.84,111.0,buy
2024-05-06 11:24:15.966170777,21.85,170.0,buy
2024-05-06 11:24:16.448120087,21.87,79.0,buy
2024-05-06 11:24:17.358660158,21.84,143.0,sell
2024-05-06 11:24:17.721222886,21.82,80.0,sell
2024-05-06 11:24:17.957821837,21.82,60.0,buy
2024-05-06 11:24:19.232355655,21.79,114.0,sell
2024-05-06 11:24:19.250818533,21.8,86.0,sell
2024-05-06 11:24:20.220241883,21.83,110.0,buy
2024-05-06 11:24:20.351455576,21.81,89.0,buy
2024-05-06 11:24:21.295820972,21.79,99.0,sell
2024-05-06 11:24:21.370765549,21.78,112.0,buy
2024-05-06 11:24:21.804776572,21.75,201.0,sell
2024-05-06 11:24:22.899886790,21.74,153.0,sell
2024-05-06 11:24:23.220676416,21.75,146.0,sell
2024-05-06 11:24:23.907003668,21.75,166.0,sell
2024-05-06 11:24:24.723540231,21.78,221.0,sell
2024-05-06 11:24:25.390380197,21.75,92.0,sell
2024-05-06 11:24:26.687716872,21.74,190.0,buy
2024-05-06 11:24:26.983765652,21.7,52.0,sell
2024-05-06 11:24:27.078816789,21.69,74.0,buy
2024-05-06 11:24:27.103312690,21.72,65.0,sell
2024-05-06 11:24:27.244799192,21.71,44.0,buy
2024-05-06 11:24:27.322073115,21.7,187.0,buy
2024-05-06 11:24:27.730237832,21.71,132.0,buy
2024-05-06 11:24:27.832487881,21.71,114.0,buy
2024-05-06 11:24:27.852343825,21.7,126.0,sell
2024-05-06 11:24:27.870670542,21.69,53.0,sell
2024-05-06 11:24:28.761286576,21.69,96.0,sell
2024-05-06 11:24:29.208856978,21.71,151.0,buy
2024-05-06 11:24:29.430506905,21.72,91.0,sell
2024-05-06 11:24:30.553741829,21.73,102.0,sell
2024-05-06 11:24:30.590132892,21.72,176.0,buy
2024-05-06 11:24:32.554261749,21.73,91.0,sell
2024-05-06 11:24:33.033198192,21.71,105.0,sell
2024-05-06 11:24:33.134540486,21.72,124.0,sell
2024-05-06 11:24:33.702805206,21.73,93.0,buy
2024-05-06 11:24:34.423457769,21.73,71.0,sell
2024-05-06 11:24:34.703941054,21.76,130.0,sell
2024-05-06 11:24:35.692862483,21.77,106.0,buy
2024-05-06 11:24:35.774552961,21.74,69.0,sell
2024-05-06 11:24:35.937998412,21.76,123.0,sell
2024-05-06 11:24:35.987076323,21.77,90.0,buy
2024-05-06 11:24:36.105493394,21.76,60.0,buy
2024-05-06 11:24:36.241876208,21.78,92.0,sell
2024-05-06 11:24:37.490162571,21.74,69.0,sell
2024-05-06 11:24:37.530827085,21.79,59.0,buy
2024-05-06 11:24:37.809624232,21.76,72.0,sell
2024-05-06 11:24:38.189693853,21.76,67.0,sell
2024-05-06 11:24:39.334494003,21.78,63.0,buy
2024-05-06 11:24:42.371095726,21.82,102.0,sell
2024-05-06 11:24:43.071065473,21.86,83.0,buy
2024-05-06 11:24:44.837704510,21.87,110.0,sell
2024-05-06 11:24:45.611173524,21.8,98.0,buy
2024-05-06 11:24:47.262338124,21.79,105.0,buy
2024-05-06 11:24:47.876591663,21.79,79.0,sell
2024-05-06 11:24:47.918153911,21.82,99.0,buy
2024-05-06 11:24:48.175169444,21.81,104.0,sell
2024-05-06 11:24:48.695242961,21.79,95.0,sell
2024-05-06 11:24:48.911187424,21.76,96.0,sell
2024-05-06 11:24:49.070865937,21.73,103.0,sell
2024-05-06 11:24:49.501529656,21.72,110.0,sell
2024-05-06 11:24:50.856820434,21.68,117.0,buy
2024-05-06 11:24:50.874624631,21.7,102.0,buy
2024-05-06 11:24:51.607794106,21.7,83.0,sell
2024-05-06 11:24:52.249170957,21.72,97.0,sell
2024-05-06 11:24:53.910642675,21.68,124.0,buy
2024-05-06 11:24:55.245378838,21.64,107.0,buy
2024-05-06 11:24:55.963609955,21.64,61.0,sell
2024-05-06 11:24:56.331020520,21.64,125.0,buy
2024-05-06 11:24:56.445266656,21.61,97.0,buy
2024-05-06 11:24:56.839254684,21.57,142.0,buy
2024-05-06 11:24:57.564089052,21.57,107.0,sell
2024-05-06 11:24:58.694183441,21.53,91.0,sell
2024-05-06 11:24:59.473822093,21.58,153.0,sell
2024-05-06 11:24:59.582444419,21.59,106.0,sell
2024-05-06 11:25:00.040197832,21.59,58.0,buy
2024-05-06 11:25:00.242061236,21.6,35.0,buy
2024-05-06 11:25:00.246685387,21.63,162.0,sell
2024-05-06 11:25:00.358395267,21.66,121.0,sell
2024-05-06 11:25:00.418474810,21.67,77.0,buy
2024-05-06 11:25:01.343335835,21.65,69.0,buy
2024-05-06 11:25:01.492880110,21.64,148.0,buy
2024-05-06 11:25:01.660405312,21.64,54.0,sell
2024-05-06 11:25:03.269051000,21.59,82.0,buy
2024-05-06 11:25:03.507332929,21.59,138.0,sell
2024-05-06 11:25:03.512148868,21.59,53.0,buy
2024-05-06 11:25:03.679078997,21.55,80.0,sell
2024-05-06 11:25:03.742597876,21.54,137.0,buy
2024-05-06 11:25:03.796840885,21.57,105.0,buy
2024-05-06 11:25:03.837167948,21.61,109.0,buy
2024-05-06 11:25:04.286957856,21.63,73.0,sell
2024-05-06 11:25:04.391915894,21.66,144.0,buy
2024-05-06 11:25:04.616031322,21.63,123.0,buy
2024-05-06 11:25:05.606346312,21.66,119.0,buy
2024-05-06 11:25:05.882463731,21.63,128.0,buy
2024-05-06 11:25:07.119099136,21.62,61.0,buy
2024-05-06 11:25:07.463615020,21.62,222.0,sell
2024-05-06 11:25:07.718059283,21.58,193.0,sell
2024-05-06 11:25:08.411984923,21.55,132.0,sell
2024-05-06 11:25:08.449980233,21.57,174.0,buy
2024-05-06 11:25:08.496849052,21.58,115.0,buy
2024-05-06 11:25:09.024587685,21.58,101.0,buy
2024-05-06 11:25:09.358269621,21.56,124.0,sell
2024-05-06 11:25:10.139583165,21.57,109.0,buy
2024-05-06 11:25:11.379667137,21.58,104.0,sell
2024-05-06 11:25:11.625478462,21.61,70.0,sell
2024-05-06 11:25:12.079156379,21.64,97.0,sell
2024-05-06 11:25:12.426427083,21.64,160.0,buy
2024-05-06 11:25:14.424419029,21.63,142.0,buy
2024-05-06 11:25:15.313597099,21.62,62.0,buy
2024-05-06 11:25:16.527318254,21.62,85.0,buy
2024-05-06 11:25:16.674061086,21.61,141.0,buy
2024-05-06 11:25:17.414421683,21.59,124.0,buy
2024-05-06 11:25:17.568686098,21.62,46.0,buy
2024-05-06 11:25:17.685752033,21.58,114.0,buy
2024-05-06 11:25:19.129335918,21.6,87.0,sell
2024-05-06 11:25:19.139082508,21.56,170.0,buy
2024-05-06 11:25:20.820870091,21.56,118.0,sell
2024-05-06 11:25:20.901695566,21.59,57.0,buy
2024-05-06 11:25:21.757536328,21.59,105.0,buy
2024-05-06 11:25:21.918964788,21.58,140.0,buy
2024-05-06 11:25:22.134896790,21.6,126.0,buy
2024-05-06 11:25:22.257053388,21.61,120.0,sell
2024-05-06 11:25:22.697411479,21.6,100.0,sell
2024-05-06 11:25:22.911340116,21.58,139.0,buy
2024-05-06 11:25:23.446925804,21.55,66.0,buy
2024-05-06 11:25:23.454811319,21.59,39.0,sell
2024-05-06 11:25:23.488081518,21.65,238.0,sell
2024-05-06 11:25:23.540573563,21.65,118.0,sell
2024-05-06 11:25:23.812070390,21.65,73.0,buy
2024-05-06 11:25:24.655219535,21.63,114.0,buy
2024-05-06 11:25:25.750642613,21.61,102.0,sell
2024-05-06 11:25:25.891036056,21.6,87.0,sell
2024-05-06 11:25:26.318128160,21.61,98.0,sell
2024-05-06 11:25:27.049424355,21.61,85.0,buy
2024-05-06 11:25:27.219845843,21.59,103.0,buy
2024-05-06 11:25:27.482822019,21.6,133.0,sell
2024-05-06 11:25:27.853963635,21.65,260.0,buy
2024-05-06 11:25:27.926404183,21.64,175.0,sell
2024-05-06 11:25:27.939567081,21.66,132.0,buy
2024-05-06 11:25:28.022479752,21.67,78.0,sell
2024-05-06 11:25:28.515372002,21.69,123.0,buy
2024-05-06 11:25:28.553606444,21.69,105.0,sell
2024-05-06 11:25:28.658779566,21.73,109.0,buy
2024-05-06 11:25:28.864914081,21.74,155.0,sell
2024-05-06 11:25:28.905448650,21.75,169.0,sell
2024-05-06 11:25:29.011859200,21.79,48.0,sell
2024-05-06 11:25:30.222936625,21.78,54.0,buy
2024-05-06 11:25:30.232680521,21.77,85.0,sell
2024-05-06 11:25:30.762518527,21.78,203.0,sell
2024-05-06 11:25:31.005104720,21.82,46.0,buy
2024-05-06 11:25:31.563465466,21.84,111.0,buy
2024-05-06 11:25:32.007671603,21.9,143.0,sell
2024-05-06 11:25:32.134150119,21.91,209.0,sell
2024-05-06 11:25:33.073493867,21.91,171.0,sell
2024-05-06 11:25:33.412072108,21.86,125.0,buy
2024-05-06 11:25:34.276565915,21.89,146.0,buy
2024-05-06 11:25:34.537014447,21.89,109.0,sell
2024-05-06 11:25:36.626493801,21.87,112.0,sell
2024-05-06 11:25:37.362396742,21.9,71.0,sell
2024-05-06 11:25:39.052362377,21.92,113.0,sell
2024-05-06 11:25:39.413471701,21.94,154.0,sell
2024-05-06 11:25:39.734405220,21.95,96.0,sell
2024-05-06 11:25:40.438580755,21.91,139.0,buy
2024-05-06 11:25:41.499927594,21.9,117.0,buy
2024-05-06 11:25:43.164074818,21.92,197.0,sell
2024-05-06 11:25:43.360264301,21.94,113.0,sell
2024-05-06 11:25:44.161755135,21.93,75.0,sell
2024-05-06 11:25:44.280025075,21.91,57.0,buy
2024-05-06 11:25:44.674385554,21.9,128.0,buy
2024-05-06 11:25:44.773518439,21.91,88.0,buy
2024-05-06 11:25:44.986911865,21.93,59.0,sell
2024-05-06 11:25:46.326339883,21.94,126.0,sell
2024-05-06 11:25:46.405305032,21.92,77.0,sell
2024-05-06 11:25:46.905686194,21.92,66.0,sell
2024-05-06 11:25:47.355101068,21.92,79.0,buy
2024-05-06 11:25:47.419437448,21.91,162.0,buy
2024-05-06 11:25:47.616684486,21.91,30.0,sell
2024-05-06 11:25:48.030574367,21.85,97.0,buy
2024-05-06 11:25:48.134196309,21.83,199.0,buy
2024-05-06 11:25:48.940476842,21.87,93.0,buy
2024-05-06 11:25:50.731054880,21.87,114.0,sell
2024-05-06 11:25:50.851937436,21.9,288.0,buy
2024-05-06 11:25:50.955395381,21.87,229.0,buy
2024-05-06 11:25:51.258820559,21.9,137.0,buy
2024-05-06 11:25:51.947518152,21.91,191.0,sell
2024-05-06 11:25:52.112882958,21.9,86.0,buy
2024-05-06 11:25:52.122923044,21.94,66.0,sell
2024-05-06 11:25:52.512515972,21.92,49.0,sell
2024-05-06 11:25:54.081170432,21.9,90.0,buy
2024-05-06 11:25:54.329366293,21.91,141.0,buy
2024-05-06 11:25:54.601845889,21.9,154.0,sell
2024-05-06 11:25:56.337147226,21.91,126.0,sell
2024-05-06 11:25:56.930226131,21.88,102.0,sell
2024-05-06 11:25:57.565232442,21.89,86.0,sell
2024-05-06 11:25:57.978802645,21.9,93.0,sell
2024-05-06 11:25:59.815487047,21.88,64.0,buy
2024-05-06 11:26:00.399253621,21.87,62.0,sell
2024-05-06 11:26:01.526307070,21.88,139.0,sell
2024-05-06 11:26:02.127259318,21.87,61.0,buy
2024-05-06 11:26:02.791490630,21.89,139.0,sell
2024-05-06 11:26:02.963025250,21.91,109.0,buy
2024-05-06 11:26:03.143853701,21.91,151.0,buy
2024-05-06 11:26:03.907747295,21.88,112.0,sell
2024-05-06 11:26:04.083737634,21.9,79.0,sell
2024-05-06 11:26:04.497385669,21.88,57.0,buy
2024-05-06 11:26:04.640795098,21.88,61.0,buy
2024-05-06 11:26:05.489884256,21.89,69.0,sell
2024-05-06 11:26:05.548432901,21.91,67.0,buy
2024-05-06 11:26:06.432786435,21.94,103.0,sell
2024-05-06 11:26:06.894355749,21.95,176.0,sell
2024-05-06 11:26:06.997812200,21.93,97.0,sell
2024-05-06 11:26:07.388293879,21.92,149.0,sell
2024-05-06 11:26:07.554284234,21.93,191.0,buy
2024-05-06 11:26:07.749671508,21.91,91.0,sell
2024-05-06 11:26:07.966239766,21.89,87.0,buy
2024-05-06 11:26:07.998946150,21.85,75.0,sell
2024-05-06 11:26:10.131928578,21.81,95.0,buy
2024-05-06 11:26:10.147949855,21.82,101.0,buy
2024-05-06 11:26:10.691040107,21.87,91.0,sell
2024-05-06 11:26:10.923033111,21.87,117.0,sell
2024-05-06 11:26:11.442276829,21.87,106.0,buy
2024-05-06 11:26:11.662497886,21.84,186.0,sell
2024-05-06 11:26:12.222544536,21.79,89.0,buy
2024-05-06 11:26:12.875797474,21.8,80.0,sell
2024-05-06 11:26:13.462281115,21.78,82.0,buy
2024-05-06 11:26:13.522778824,21.79,101.0,sell
2024-05-06 11:26:14.057635630,21.79,114.0,buy
2024-05-06 11:26:14.221879018,21.8,167.0,sell
2024-05-06 11:26:14.236491153,21.82,109.0,buy
2024-05-06 11:26:14.504418163,21.8,80.0,buy
2024-05-06 11:26:14.788595308,21.82,91.0,sell
2024-05-06 11:26:15.103375614,21.81,165.0,buy
2024-05-06 11:26:15.713467640,21.86,184.0,sell
2024-05-06 11:26:15.898162362,21.88,84.0,sell
2024-05-06 11:26:16.087535379,21.86,69.0,buy
2024-05-06 11:26:16.118766920,21.89,130.0,sell
2024-05-06 11:26:16.699257448,21.9,95.0,sell
2024-05-06 11:26:17.118721051,21.9,76.0,sell
2024-05-06 11:26:17.333670484,21.92,97.0,sell
2024-05-06 11:26:17.944380851,21.91,76.0,sell
2024-05-06 11:26:18.329781451,21.94,218.0,sell
2024-05-06 11:26:18.646508779,21.9,171.0,sell
2024-05-06 11:26:19.004537128,21.88,63.0,buy
2024-05-06 11:26:19.510316257,21.88,159.0,buy
2024-05-06 11:26:20.049724917,21.89,79.0,sell
2024-05-06 11:26:20.220236680,21.88,80.0,buy
2024-05-06 11:26:20.296080500,21.92,26.0,buy
2024-05-06 11:26:20.381257733,21.89,181.0,buy
2024-05-06 11:26:20.891238080,21.93,128.0,sell
2024-05-06 11:26:21.922523550,21.92,86.0,sell
2024-05-06 11:26:22.185913220,21.94,104.0,sell
2024-05-06 11:26:22.278789033,21.94,109.0,sell
2024-05-06 11:26:22.985318714,21.94,270.0,sell
2024-05-06 11:26:23.878673259,21.92,98.0,sell
2024-05-06 11:26:24.941237782,21.93,107.0,sell
2024-05-06 11:26:25.407996195,21.92,220.0,sell
2024-05-06 11:26:26.393661415,21.92,103.0,sell
2024-05-06 11:26:26.401428917,21.92,158.0,sell
2024-05-06 11:26:26.458145311,21.92,96.0,sell
2024-05-06 11:26:26.506718079,21.94,63.0,buy
2024-05-06 11:26:27.130166382,21.98,157.0,buy
2024-05-06 11:26:27.166226931,21.94,111.0,sell
2024-05-06 11:26:27.509178048,21.94,165.0,sell
2024-05-06 11:26:27.829177406,21.94,96.0,sell
2024-05-06 11:26:28.015219306,21.94,108.0,buy
2024-05-06 11:26:29.036890500,21.94,139.0,buy
2024-05-06 11:26:29.130316322,21.99,186.0,sell
2024-05-06 11:26:29.347605828,22.0,108.0,sell
2024-05-06 11:26:30.091595536,22.01,99.0,buy
2024-05-06 11:26:30.107042875,22.01,116.0,buy
2024-05-06 11:26:30.665864595,21.99,93.0,sell
2024-05-06 11:26:31.513356303,21.99,92.0,sell
2024-05-06 11:26:32.859453382,21.95,92.0,sell
2024-05-06 11:26:33.904387803,21.95,65.0,sell
2024-05-06 11:26:34.096766393,21.94,135.0,sell
2024-05-06 11:26:34.538151023,21.95,98.0,buy
2024-05-06 11:26:34.578373059,21.96,97.0,sell
2024-05-06 11:26:34.727488486,21.97,85.0,sell
2024-05-06 11:26:34.776969213,21.97,74.0,buy
2024-05-06 11:26:34.966274161,21.99,73.0,buy
2024-05-06 11:26:36.006744347,22.01,147.0,buy
2024-05-06 11:26:36.219961186,22.02,128.0,sell
2024-05-06 11:26:36.632613064,22.04,62.0,sell
2024-05-06 11:26:36.916647009,22.1,78.0,buy
2024-05-06 11:26:37.223737865,22.1,185.0,buy
2024-05-06 11:26:38.969934738,22.12,78.0,buy
2024-05-06 11:26:39.145532919,22.15,59.0,buy
2024-05-06 11:26:39.639056484,22.15,101.0,sell
2024-05-06 11:26:39.911474100,22.15,37.0,sell
2024-05-06 11:26:39.943021845,22.11,27.0,buy
2024-05-06 11:26:40.279038504,22.1,61.0,buy
2024-05-06 11:26:41.118280671,22.13,93.0,buy
2024-05-06 11:26:41.170268613,22.12,81.0,sell
2024-05-06 11:26:41.206334571,22.15,142.0,sell
2024-05-06 11:26:41.289734800,22.14,43.0,buy
2024-05-06 11:26:42.012544950,22.14,135.0,buy
2024-05-06 11:26:42.656213795,22.1,62.0,sell
2024-05-06 11:26:43.072438843,22.1,81.0,sell
2024-05-06 11:26:43.388207569,22.09,97.0,buy
2024-05-06 11:26:44.484292423,22.07,118.0,sell
2024-05-06 11:26:45.212002809,22.11,78.0,buy
2024-05-06 11:26:46.047505904,22.09,62.0,buy
2024-05-06 11:26:46.886531067,22.1,103.0,buy
2024-05-06 11:26:47.401144831,22.06,105.0,sell
2024-05-06 11:26:47.707402961,22.05,110.0,buy
2024-05-06 11:26:48.707451125,22.07,105.0,sell
2024-05-06 11:26:50.009346339,22.11,99.0,buy
2024-05-06 11:26:50.021393332,22.11,67.0,sell
2024-05-06 11:26:50.047859004,22.11,122.0,buy
2024-05-06 11:26:51.641829844,22.08,75.0,sell
2024-05-06 11:26:51.804113959,22.08,68.0,buy
2024-05-06 11:26:52.837354662,22.06,54.0,sell
2024-05-06 11:26:53.083516190,22.07,60.0,buy
2024-05-06 11:26:53.146921806,22.05,113.0,sell
2024-05-06 11:26:53.188853538,22.07,130.0,buy
2024-05-06 11:26:53.273955909,22.03,99.0,sell
2024-05-06 11:26:53.417725747,22.0,52.0,sell
2024-05-06 11:26:53.752947535,22.01,82.0,buy
2024-05-06 11:26:54.357436692,22.04,106.0,sell
2024-05-06 11:26:56.506227102,22.05,98.0,buy
2024-05-06 11:26:56.797483470,22.06,148.0,sell
2024-05-06 11:26:57.162580938,22.11,106.0,buy
2024-05-06 11:26:57.531460467,22.09,38.0,sell
2024-05-06 11:26:57.919110409,22.08,111.0,buy
2024-05-06 11:26:58.283747036,22.09,66.0,buy
2024-05-06 11:26:58.288153776,22.12,135.0,buy
2024-05-06 11:26:58.289016931,22.12,149.0,sell
2024-05-06 11:26:58.340402377,22.09,73.0,sell
2024-05-06 11:26:58.393948163,22.11,172.0,sell
2024-05-06 11:26:59.004163425,22.09,81.0,sell
2024-05-06 11:26:59.118817200,22.07,83.0,buy
2024-05-06 11:27:00.244355108,22.07,157.0,sell
2024-05-06 11:27:01.564128140,22.06,88.0,sell
2024-05-06 11:27:03.426761660,22.02,58.0,sell
2024-05-06 11:27:04.825869246,22.03,118.0,buy
2024-05-06 11:27:04.984519665,22.07,129.0,buy
2024-05-06 11:27:05.340966951,22.07,121.0,buy
2024-05-06 11:27:05.437428713,22.07,85.0,buy
2024-05-06 11:27:06.257917914,22.09,66.0,sell
2024-05-06 11:27:07.354477097,22.08,80.0,sell
2024-05-06 11:27:08.307351783,22.11,118.0,buy
2024-05-06 11:27:08.591373463,22.11,86.0,buy
2024-05-06 11:27:09.302176506,22.1,124.0,sell
2024-05-06 11:27:09.353513663,22.12,122.0,sell
2024-05-06 11:27:09.374052162,22.12,104.0,sell
2024-05-06 11:27:10.073714433,22.11,91.0,buy
2024-05-06 11:27:10.350716082,22.11,78.0,buy
2024-05-06 11:27:13.058059067,22.11,82.0,buy
2024-05-06 11:27:13.109216211,22.13,132.0,sell
2024-05-06 11:27:14.076896097,22.14,71.0,sell
2024-05-06 11:27:14.403843048,22.13,145.0,buy
2024-05-06 11:27:15.281509170,22.12,117.0,buy
2024-05-06 11:27:16.130991619,22.13,113.0,buy
2024-05-06 11:27:17.369413251,22.17,104.0,buy
2024-05-06 11:27:17.546217370,22.13,112.0,sell
2024-05-06 11:27:19.042081056,22.13,51.0,sell
2024-05-06 11:27:19.124322049,22.15,153.0,buy
2024-05-06 11:27:19.167083988,22.16,77.0,buy
2024-05-06 11:27:19.449562579,22.15,115.0,sell
2024-05-06 11:27:20.330632725,22.15,187.0,buy
2024-05-06 11:27:20.651309805,22.12,72.0,sell
2024-05-06 11:27:21.535194607,22.15,218.0,buy
2024-05-06 11:27:22.189281615,22.15,112.0,buy
2024-05-06 11:27:22.306781131,22.17,75.0,buy
2024-05-06 11:27:23.793586759,22.15,111.0,buy
2024-05-06 11:27:23.824940149,22.13,80.0,sell
2024-05-06 11:27:24.967704381,22.11,108.0,buy
2024-05-06 11:27:25.149225861,22.08,111.0,sell
2024-05-06 11:27:25.495947557,22.07,58.0,sell
2024-05-06 11:27:25.770342743,22.09,156.0,buy
2024-05-06 11:27:25.864613910,22.07,280.0,buy
2024-05-06 11:27:26.086311792,22.08,74.0,buy
2024-05-06 11:27:26.193486977,22.09,124.0,buy
2024-05-06 11:27:26.307493720,22.09,103.0,sell
2024-05-06 11:27:26.411040760,22.11,47.0,buy
2024-05-06 11:27:26.746750611,22.1,103.0,sell
2024-05-06 11:27:27.546324548,22.12,220.0,sell
2024-05-06 11:27:27.967113380,22.09,91.0,sell
2024-05-06 11:27:29.085542903,22.08,44.0,buy
2024-05-06 11:27:29.591592092,22.09,74.0,buy
2024-05-06 11:27:30.176120385,22.08,40.0,sell
2024-05-06 11:27:30.726839368,22.07,49.0,sell
2024-05-06 11:27:31.025266467,22.11,102.0,sell
2024-05-06 11:27:31.609792678,22.07,93.0,buy
2024-05-06 11:27:31.645920923,22.1,108.0,buy
2024-05-06 11:27:32.628447175,22.1,79.0,sell
2024-05-06 11:27:33.380563202,22.12,216.0,buy
2024-05-06 11:27:33.521234281,22.17,170.0,sell
2024-05-06 11:27:34.251813184,22.19,120.0,buy
2024-05-06 11:27:34.258174783,22.21,89.0,buy
2024-05-06 11:27:34.380643553,22.25,73.0,sell
2024-05-06 11:27:34.414321323,22.23,112.0,sell
2024-05-06 11:27:35.171901175,22.23,90.0,sell
2024-05-06 11:27:35.876936881,22.26,79.0,buy
2024-05-06 11:27:36.716963710,22.25,89.0,buy
2024-05-06 11:27:36.719209593,22.21,134.0,buy
2024-05-06 11:27:37.067017432,22.24,76.0,buy
2024-05-06 11:27:37.677129839,22.18,100.0,buy
2024-05-06 11:27:37.761576575,22.17,107.0,buy
2024-05-06 11:27:38.286188766,22.19,87.0,buy
2024-05-06 11:27:38.330118325,22.18,219.0,sell
2024-05-06 11:27:38.430152897,22.16,86.0,buy
2024-05-06 11:27:38.753090853,22.17,124.0,sell
2024-05-06 11:27:39.283121108,22.19,284.0,sell
2024-05-06 11:27:39.361956533,22.19,210.0,sell
2024-05-06 11:27:39.464377147,22.21,103.0,sell
2024-05-06 11:27:39.578735654,22.24,106.0,sell
2024-05-06 11:27:39.715100072,22.24,75.0,buy
2024-05-06 11:27:39.843549687,22.28,181.0,sell
2024-05-06 11:27:40.094936342,22.29,54.0,buy
2024-05-06 11:27:40.625290714,22.3,112.0,sell
2024-05-06 11:27:40.913445706,22.3,158.0,buy
2024-05-06 11:27:41.661442084,22.24,108.0,sell
2024-05-06 11:27:42.296620385,22.25,68.0,sell
2024-05-06 11:27:42.364259366,22.23,206.0,sell
2024-05-06 11:27:42.389296713,22.21,60.0,sell
2024-05-06 11:27:43.440924396,22.22,66.0,sell
2024-05-06 11:27:43.482523397,22.24,113.0,sell
2024-05-06 11:27:43.562806862,22.24,119.0,sell
2024-05-06 11:27:43.573997808,22.26,191.0,buy
2024-05-06 11:27:44.068880829,22.26,90.0,sell
2024-05-06 11:27:44.505461206,22.27,87.0,buy
2024-05-06 11:27:46.673172690,22.24,53.0,buy
2024-05-06 11:27:47.763057379,22.24,56.0,sell
2024-05-06 11:27:48.027588818,22.26,148.0,sell
2024-05-06 11:27:48.259866738,22.25,89.0,buy
2024-05-06 11:27:48.435960704,22.24,71.0,sell
2024-05-06 11:27:48.518638013,22.25,73.0,buy
2024-05-06 11:27:48.592936544,22.25,98.0,buy
2024-05-06 11:27:48.663881779,22.2,196.0,sell
2024-05-06 11:27:48.724465709,22.23,70.0,buy
2024-05-06 11:27:48.862021115,22.18,164.0,sell
2024-05-06 11:27:49.045144729,22.16,89.0,buy
2024-05-06 11:27:50.674719899,22.11,91.0,buy
2024-05-06 11:27:51.106655920,22.14,70.0,sell
2024-05-06 11:27:53.301514970,22.14,119.0,sell
2024-05-06 11:27:53.534494437,22.13,89.0,buy
2024-05-06 11:27:53.840394760,22.17,86.0,sell
2024-05-06 11:27:54.036604047,22.19,136.0,buy
2024-05-06 11:27:54.137593387,22.19,97.0,buy
2024-05-06 11:27:54.214848172,22.16,71.0,sell
2024-05-06 11:27:55.665779718,22.14,121.0,sell
2024-05-06 11:27:57.829953720,22.14,93.0,buy
2024-05-06 11:27:57.852928307,22.15,151.0,sell
2024-05-06 11:27:57.934391269,22.16,69.0,sell
2024-05-06 11:27:58.209802135,22.18,109.0,sell
2024-05-06 11:27:58.312904471,22.18,62.0,buy
2024-05-06 11:27:58.539088808,22.16,77.0,sell
2024-05-06 11:27:58.608200772,22.15,114.0,sell
2024-05-06 11:27:58.913074374,22.1,46.0,sell
2024-05-06 11:27:59.071591792,22.13,138.0,buy
2024-05-06 11:27:59.288450829,22.13,100.0,buy
2024-05-06 11:27:59.337981390,22.09,114.0,buy
2024-05-06 11:27:59.617401479,22.09,66.0,sell
2024-05-06 11:28:01.662307234,22.12,82.0,sell
2024-05-06 11:28:01.861675914,22.14,59.0,sell
2024-05-06 11:28:02.907146721,22.18,136.0,sell
2024-05-06 11:28:03.833536069,22.2,125.0,buy
2024-05-06 11:28:05.352422098,22.21,107.0,buy
2024-05-06 11:28:06.133006782,22.19,76.0,sell
2024-05-06 11:28:06.671819064,22.2,126.0,sell
2024-05-06 11:28:07.642823503,22.2,69.0,sell
2024-05-06 11:28:07.682152871,22.2,52.0,sell
2024-05-06 11:28:07.992873814,22.2,193.0,sell
2024-05-06 11:28:10.259588828,22.22,47.0,buy
2024-05-06 11:28:10.993558332,22.2,99.0,sell
2024-05-06 11:28:12.629635692,22.19,151.0,buy
2024-05-06 11:28:13.385869240,22.2,113.0,sell
2024-05-06 11:28:14.425118103,22.19,64.0,sell
2024-05-06 11:28:15.038107407,22.18,113.0,buy
2024-05-06 11:28:15.752712522,22.15,206.0,sell
2024-05-06 11:28:16.123018544,22.15,103.0,sell
2024-05-06 11:28:17.413095785,22.12,88.0,buy
2024-05-06 11:28:18.284691623,22.07,100.0,buy
2024-05-06 11:28:19.213272695,22.08,118.0,buy
2024-05-06 11:28:19.772184165,22.08,102.0,buy
2024-05-06 11:28:19.953803777,22.07,73.0,sell
2024-05-06 11:28:19.971943791,22.1,142.0,sell
2024-05-06 11:28:21.343692821,22.12,105.0,sell
2024-05-06 11:28:21.784782843,22.11,113.0,sell
2024-05-06 11:28:21.961795623,22.09,77.0,buy
2024-05-06 11:28:22.042546586,22.11,86.0,buy
2024-05-06 11:28:22.927124516,22.12,111.0,buy
2024-05-06 11:28:23.832657421,22.1,146.0,buy
2024-05-06 11:28:24.675029097,22.12,54.0,sell
2024-05-06 11:28:25.192964323,22.1,118.0,buy
2024-05-06 11:28:25.420829621,22.11,119.0,buy
2024-05-06 11:28:25.602082924,22.14,76.0,buy
2024-05-06 11:28:25.606378710,22.17,75.0,buy
2024-05-06 11:28:26.503081799,22.16,76.0,buy
2024-05-06 11:28:26.548828519,22.15,89.0,sell
2024-05-06 11:28:27.046975965,22.14,180.0,sell
2024-05-06 11:28:27.397641198,22.14,80.0,sell
2024-05-06 11:28:27.771642878,22.16,99.0,buy
2024-05-06 11:28:29.078327842,22.18,50.0,buy
2024-05-06 11:28:29.094390620,22.22,85.0,sell
2024-05-06 11:28:29.836657929,22.27,178.0,buy
2024-05-06 11:28:29.863385954,22.31,143.0,buy
2024-05-06 11:28:29.882836212,22.31,120.0,buy
2024-05-06 11:28:30.163735782,22.3,97.0,sell
2024-05-06 11:28:30.196311897,22.3,91.0,sell
2024-05-06 11:28:30.974601703,22.28,69.0,sell
2024-05-06 11:28:31.351648417,22.31,118.0,sell
2024-05-06 11:28:31.366382793,22.31,136.0,sell
2024-05-06 11:28:31.387054632,22.3,132.0,sell
2024-05-06 11:28:31.861291853,22.33,70.0,sell
2024-05-06 11:28:32.681528685,22.35,74.0,buy
2024-05-06 11:28:32.969477079,22.37,91.0,buy
2024-05-06 11:28:33.373846643,22.36,124.0,sell
2024-05-06 11:28:34.178139417,22.35,88.0,sell
2024-05-06 11:28:34.649593049,22.37,55.0,buy
2024-05-06 11:28:34.776884512,22.37,79.0,buy
2024-05-06 11:28:35.251617027,22.39,73.0,sell
2024-05-06 11:28:35.746423497,22.43,119.0,buy
2024-05-06 11:28:36.408754115,22.38,71.0,sell
2024-05-06 11:28:36.893697700,22.45,140.0,sell
2024-05-06 11:28:38.634502398,22.46,77.0,sell
2024-05-06 11:28:38.744382233,22.48,138.0,sell
2024-05-06 11:28:40.253275882,22.51,131.0,sell
2024-05-06 11:28:40.639738625,22.48,174.0,sell
2024-05-06 11:28:41.197042606,22.44,129.0,buy
2024-05-06 11:28:41.249423841,22.41,56.0,sell
2024-05-06 11:28:41.488906426,22.38,43.0,buy
2024-05-06 11:28:42.222396548,22.38,70.0,sell
2024-05-06 11:28:42.836036054,22.37,96.0,sell
2024-05-06 11:28:42.856519655,22.4,84.0,buy
2024-05-06 11:28:43.252003599,22.44,96.0,buy
2024-05-06 11:28:43.298213785,22.42,80.0,sell
2024-05-06 11:28:46.041312458,22.45,109.0,sell
2024-05-06 11:28:47.179267430,22.43,100.0,sell
2024-05-06 11:28:47.189920445,22.44,122.0,buy
2024-05-06 11:28:48.168177053,22.44,155.0,buy
2024-05-06 11:28:49.427489028,22.41,87.0,sell
2024-05-06 11:28:49.645617365,22.38,191.0,sell
2024-05-06 11:28:50.281211092,22.36,75.0,buy
2024-05-06 11:28:50.573002222,22.35,110.0,buy
2024-05-06 11:28:51.105444700,22.37,89.0,sell
2024-05-06 11:28:51.313442938,22.42,128.0,sell
2024-05-06 11:28:51.508159520,22.45,93.0,sell
2024-05-06 11:28:51.784360111,22.45,86.0,sell
2024-05-06 11:28:51.863019149,22.44,196.0,buy
2024-05-06 11:28:52.752358737,22.43,126.0,sell
2024-05-06 11:28:52.966749578,22.45,64.0,sell
2024-05-06 11:28:53.222287034,22.44,170.0,sell
2024-05-06 11:28:54.344702800,22.44,104.0,buy
2024-05-06 11:28:54.687911552,22.47,55.0,buy
2024-05-06 11:28:55.080821273,22.46,76.0,buy
2024-05-06 11:28:56.648296890,22.49,159.0,buy
2024-05-06 11:28:57.737271389,22.51,63.0,sell
2024-05-06 11:28:57.830115022,22.5,69.0,buy
2024-05-06 11:28:58.150596442,22.49,111.0,buy
2024-05-06 11:28:59.925959800,22.49,76.0,sell
2024-05-06 11:29:00.158859080,22.49,113.0,buy
2024-05-06 11:29:00.391126870,22.48,156.0,sell
2024-05-06 11:29:00.499602149,22.43,63.0,sell
2024-05-06 11:29:00.560303691,22.45,201.0,buy
2024-05-06 11:29:01.234426995,22.47,92.0,buy
2024-05-06 11:29:01.969331220,22.46,118.0,sell
2024-05-06 11:29:03.706424390,22.46,81.0,buy
2024-05-06 11:29:04.448749040,22.48,70.0,sell
2024-05-06 11:29:04.588177930,22.49,51.0,buy
2024-05-06 11:29:04.608649649,22.48,121.0,buy
2024-05-06 11:29:06.723298452,22.49,124.0,buy
2024-05-06 11:29:06.931397727,22.5,123.0,buy
2024-05-06 11:29:07.118360267,22.52,107.0,sell
2024-05-06 11:29:08.300352326,22.5,93.0,sell
2024-05-06 11:29:08.740211079,22.51,118.0,buy
2024-05-06 11:29:08.861164812,22.5,105.0,buy
2024-05-06 11:29:09.960711064,22.54,95.0,buy
2024-05-06 11:29:12.468097113,22.5,162.0,sell
2024-05-06 11:29:12.513430809,22.49,145.0,sell
2024-05-06 11:29:13.504594134,22.47,77.0,sell
2024-05-06 11:29:13.752165177,22.47,59.0,buy
2024-05-06 11:29:14.123409995,22.51,142.0,buy
2024-05-06 11:29:15.354880680,22.53,60.0,sell
2024-05-06 11:29:17.167911808,22.52,102.0,buy
2024-05-06 11:29:17.319928598,22.54,100.0,sell
2024-05-06 11:29:17.439597313,22.56,91.0,buy
2024-05-06 11:29:17.481568935,22.56,80.0,buy
2024-05-06 11:29:17.894106411,22.59,95.0,sell
2024-05-06 11:29:17.900955302,22.57,89.0,sell
2024-05-06 11:29:18.166382994,22.59,126.0,buy
2024-05-06 11:29:18.204491022,22.64,164.0,sell
2024-05-06 11:29:18.464277728,22.66,75.0,sell
2024-05-06 11:29:18.484653409,22.65,76.0,buy
2024-05-06 11:29:19.386217111,22.65,83.0,buy
2024-05-06 11:29:19.503913111,22.66,72.0,sell
2024-05-06 11:29:19.702891328,22.65,68.0,sell
2024-05-06 11:29:20.723186379,22.65,67.0,buy
2024-05-06 11:29:21.408920902,22.65,110.0,buy
2024-05-06 11:29:21.532535526,22.64,103.0,buy
2024-05-06 11:29:21.569843110,22.67,125.0,sell
2024-05-06 11:29:22.198659624,22.64,90.0,buy
2024-05-06 11:29:22.446383978,22.63,91.0,sell
2024-05-06 11:29:23.172772027,22.66,153.0,buy
2024-05-06 11:29:23.467431241,22.63,129.0,buy
2024-05-06 11:29:23.679757049,22.67,152.0,buy
2024-05-06 11:29:23.979772578,22.71,80.0,sell
2024-05-06 11:29:24.670046004,22.7,89.0,buy
2024-05-06 11:29:25.832565080,22.73,236.0,buy
2024-05-06 11:29:25.858089214,22.76,107.0,buy
2024-05-06 11:29:26.229375106,22.78,100.0,sell
2024-05-06 11:29:26.246068411,22.81,52.0,sell
2024-05-06 11:29:26.562009365,22.81,95.0,sell
2024-05-06 11:29:27.644652147,22.81,164.0,buy
2024-05-06 11:29:27.869039640,22.78,95.0,buy
2024-05-06 11:29:29.216486364,22.82,116.0,sell
2024-05-06 11:29:29.714435436,22.82,74.0,sell
2024-05-06 11:29:31.074663939,22.85,137.0,sell
2024-05-06 11:29:31.782353825,22.88,98.0,sell
2024-05-06 11:29:31.836946160,22.89,123.0,buy
2024-05-06 11:29:31.968376743,22.91,157.0,buy
2024-05-06 11:29:32.218955048,22.89,81.0,buy
2024-05-06 11:29:32.312184228,22.87,126.0,sell
2024-05-06 11:29:32.653695141,22.88,135.0,buy
2024-05-06 11:29:32.972426659,22.9,84.0,sell
2024-05-06 11:29:34.537163623,22.93,86.0,buy
2024-05-06 11:29:34.821503895,22.96,108.0,sell
2024-05-06 11:29:35.591522334,22.95,87.0,buy
2024-05-06 11:29:37.014407897,22.96,74.0,sell
2024-05-06 11:29:38.062147959,22.92,186.0,buy
2024-05-06 11:29:38.179166560,22.88,81.0,buy
2024-05-06 11:29:38.521785723,22.89,91.0,buy
2024-05-06 11:29:38.735441568,22.9,106.0,buy
2024-05-06 11:29:38.990736640,22.94,113.0,buy
2024-05-06 11:29:39.214510922,22.92,75.0,sell
2024-05-06 11:29:40.089894192,22.9,89.0,sell
2024-05-06 11:29:40.390761079,22.9,164.0,sell
2024-05-06 11:29:40.761608815,22.91,110.0,buy
2024-05-06 11:29:42.782884187,22.93,151.0,sell
2024-05-06 11:29:42.813810864,22.98,81.0,buy
2024-05-06 11:29:43.148484825,22.98,89.0,buy
2024-05-06 11:29:43.892231503,22.99,73.0,buy
2024-05-06 11:29:43.974174941,22.95,177.0,sell
2024-05-06 11:29:44.446946659,23.0,95.0,buy
2024-05-06 11:29:44.583813087,22.98,148.0,sell
2024-05-06 11:29:45.594037698,22.97,120.0,sell
2024-05-06 11:29:45.792116724,22.95,111.0,buy
2024-05-06 11:29:45.991656605,22.95,84.0,sell
2024-05-06 11:29:46.447549401,22.95,197.0,buy
2024-05-06 11:29:46.548952109,22.92,94.0,sell
2024-05-06 11:29:46.716610608,22.89,147.0,sell
2024-05-06 11:29:46.986079017,22.84,150.0,sell
2024-05-06 11:29:47.204276691,22.84,141.0,buy
2024-05-06 11:29:47.576367701,22.85,227.0,buy
2024-05-06 11:29:48.034063449,22.8,139.0,sell
2024-05-06 11:29:48.452188370,22.76,78.0,buy
2024-05-06 11:29:48.983089906,22.76,119.0,buy
2024-05-06 11:29:49.166993616,22.73,170.0,buy
2024-05-06 11:29:49.234574964,22.72,53.0,sell
2024-05-06 11:29:49.949818356,22.73,130.0,buy
2024-05-06 11:29:50.900986414,22.77,89.0,buy
2024-05-06 11:29:51.049520226,22.78,137.0,buy
2024-05-06 11:29:51.310878206,22.75,67.0,buy
2024-05-06 11:29:51.656023057,22.75,51.0,buy
2024-05-06 11:29:52.037086129,22.74,107.0,buy
2024-05-06 11:29:52.575741772,22.76,74.0,buy
2024-05-06 11:29:52.596988485,22.77,108.0,buy
2024-05-06 11:29:53.236115952,22.74,58.0,sell
2024-05-06 11:29:53.268103162,22.73,134.0,sell
2024-05-06 11:29:53.583930342,22.73,119.0,sell
2024-05-06 11:29:54.463105654,22.74,83.0,sell
2024-05-06 11:29:54.763130207,22.71,166.0,buy
2024-05-06 11:29:54.843854517,22.67,118.0,sell
2024-05-06 11:29:56.944836497,22.69,126.0,sell
2024-05-06 11:29:58.045236557,22.68,133.0,buy
2024-05-06 11:29:58.782938453,22.67,142.0,buy
2024-05-06 11:29:59.048037488,22.68,94.0,buy
2024-05-06 11:29:59.149613428,22.66,103.0,buy
2024-05-06 11:30:00.568219133,22.65,117.0,sell
2024-05-06 11:30:00.948237901,22.62,70.0,buy
2024-05-06 11:30:01.904711727,22.65,131.0,buy
2024-05-06 11:30:02.114059099,22.6,170.0,buy
2024-05-06 11:30:02.318260045,22.55,50.0,sell
2024-05-06 11:30:04.436461197,22.54,58.0,buy
2024-05-06 11:30:04.805358866,22.52,118.0,sell
2024-05-06 11:30:04.881174790,22.58,147.0,buy
2024-05-06 11:30:05.005196974,22.55,44.0,sell
2024-05-06 11:30:05.334033211,22.59,130.0,sell
2024-05-06 11:30:05.355732799,22.61,52.0,buy
2024-05-06 11:30:05.666177674,22.59,87.0,buy
2024-05-06 11:30:05.937629028,22.61,114.0,sell
2024-05-06 11:30:06.693186677,22.6,94.0,buy
2024-05-06 11:30:06.912394171,22.61,109.0,sell
2024-05-06 11:30:08.936566502,22.61,44.0,sell
2024-05-06 11:30:09.036261655,22.61,332.0,sell
2024-05-06 11:30:09.483265439,22.63,134.0,buy
2024-05-06 11:30:09.530255583,22.66,136.0,buy
2024-05-06 11:30:10.192129466,22.72,149.0,buy
2024-05-06 11:30:12.817244434,22.71,121.0,buy
2024-05-06 11:30:13.672256682,22.67,140.0,buy
2024-05-06 11:30:14.077888301,22.71,115.0,sell
2024-05-06 11:30:14.409431444,22.7,113.0,buy
2024-05-06 11:30:15.310427147,22.74,140.0,sell
2024-05-06 11:30:16.684660822,22.77,95.0,buy
2024-05-06 11:30:18.949067606,22.77,126.0,sell
2024-05-06 11:30:19.201604727,22.77,120.0,buy
2024-05-06 11:30:21.552306236,22.79,179.0,sell
2024-05-06 11:30:21.637063941,22.76,47.0,buy
2024-05-06 11:30:21.783277112,22.74,101.0,sell
2024-05-06 11:30:21.829892153,22.75,95.0,sell
2024-05-06 11:30:21.988439710,22.77,96.0,buy
2024-05-06 11:30:22.718814095,22.8,82.0,sell
2024-05-06 11:30:23.677218222,22.82,40.0,buy
2024-05-06 11:30:24.431771686,22.81,146.0,sell
2024-05-06 11:30:24.930340141,22.84,74.0,buy
2024-05-06 11:30:25.291079018,22.86,218.0,buy
2024-05-06 11:30:25.907787188,22.85,110.0,sell
2024-05-06 11:30:26.155619053,22.87,77.0,buy
2024-05-06 11:30:27.076015192,22.85,92.0,buy
2024-05-06 11:30:27.641361019,22.84,105.0,sell
2024-05-06 11:30:28.239701908,22.83,169.0,buy
2024-05-06 11:30:28.623568303,22.83,76.0,sell
2024-05-06 11:30:29.705976454,22.83,212.0,sell
2024-05-06 11:30:29.851162454,22.84,104.0,sell
2024-05-06 11:30:30.091106739,22.85,77.0,sell
2024-05-06 11:30:30.842841311,22.88,83.0,buy
2024-05-06 11:30:31.182215873,22.88,162.0,sell
2024-05-06 11:30:32.282293367,22.85,73.0,sell
2024-05-06 11:30:32.494922714,22.83,110.0,sell
2024-05-06 11:30:32.725409115,22.79,85.0,buy
2024-05-06 11:30:33.823332930,22.8,137.0,sell
2024-05-06 11:30:34.135489056,22.79,157.0,buy
2024-05-06 11:30:34.498452961,22.76,95.0,sell
2024-05-06 11:30:34.700758484,22.74,116.0,sell
2024-05-06 11:30:34.862703309,22.77,61.0,buy
2024-05-06 11:30:35.396185577,22.75,110.0,buy
2024-05-06 11:30:35.460011738,22.73,170.0,sell
2024-05-06 11:30:36.517121992,22.73,159.0,sell
2024-05-06 11:30:37.272378078,22.7,140.0,sell
2024-05-06 11:30:37.378200698,22.67,70.0,buy
2024-05-06 11:30:37.970318379,22.64,147.0,buy
2024-05-06 11:30:38.431765776,22.62,197.0,sell
2024-05-06 11:30:38.533764195,22.62,98.0,sell
2024-05-06 11:30:38.693318578,22.59,107.0,sell
2024-05-06 11:30:38.956276791,22.58,99.0,sell
2024-05-06 11:30:39.557002676,22.57,93.0,buy
2024-05-06 11:30:40.066058391,22.52,83.0,sell
2024-05-06 11:30:40.445952853,22.56,206.0,sell
2024-05-06 11:30:41.177347381,22.51,64.0,sell
2024-05-06 11:30:41.886627537,22.52,80.0,sell
2024-05-06 11:30:42.367610553,22.5,163.0,buy
2024-05-06 11:30:43.140818832,22.52,95.0,buy
2024-05-06 11:30:43.344249404,22.53,62.0,sell
2024-05-06 11:30:44.409614836,22.54,144.0,buy
2024-05-06 11:30:44.886754050,22.55,69.0,sell
2024-05-06 11:30:45.750762065,22.48,234.0,buy
2024-05-06 11:30:46.145898584,22.51,108.0,buy
2024-05-06 11:30:46.269129139,22.49,45.0,sell
2024-05-06 11:30:46.660020126,22.52,172.0,sell
2024-05-06 11:30:46.891920908,22.52,103.0,buy
2024-05-06 11:30:47.489756315,22.57,75.0,sell
2024-05-06 11:30:47.812691388,22.56,184.0,buy
2024-05-06 11:30:48.716979849,22.52,98.0,buy
2024-05-06 11:30:49.283694325,22.48,165.0,buy
2024-05-06 11:30:49.860563046,22.47,116.0,buy
2024-05-06 11:30:49.982973538,22.47,245.0,sell
2024-05-06 11:30:52.058423582,22.43,123.0,sell
2024-05-06 11:30:52.979976941,22.42,68.0,sell
2024-05-06 11:30:53.757937089,22.42,73.0,buy
2024-05-06 11:30:53.958336514,22.41,102.0,buy
2024-05-06 11:30:54.341875109,22.41,89.0,buy
2024-05-06 11:30:54.415605191,22.38,64.0,sell
2024-05-06 11:30:54.802215777,22.37,50.0,buy
2024-05-06 11:30:54.881062980,22.38,114.0,sell
2024-05-06 11:30:55.283703655,22.36,51.0,sell
2024-05-06 11:30:55.806792157,22.36,57.0,sell
2024-05-06 11:30:56.054100973,22.4,141.0,sell
2024-05-06 11:30:56.399221555,22.39,74.0,buy
2024-05-06 11:30:57.441562731,22.41,75.0,sell
2024-05-06 11:30:57.499023068,22.41,103.0,sell
2024-05-06 11:30:58.283489995,22.45,120.0,sell
2024-05-06 11:30:58.377109540,22.47,85.0,buy
2024-05-06 11:30:58.395808878,22.49,105.0,buy
2024-05-06 11:30:58.498445102,22.46,202.0,buy
2024-05-06 11:30:59.222621887,22.44,62.0,buy
2024-05-06 11:30:59.482324778,22.43,164.0,buy
2024-05-06 11:31:00.512224700,22.42,59.0,sell
2024-05-06 11:31:00.884137181,22.42,76.0,buy
2024-05-06 11:31:00.895387994,22.42,105.0,sell
2024-05-06 11:31:01.526036450,22.38,104.0,sell
2024-05-06 11:31:01.584434223,22.37,75.0,sell
2024-05-06 11:31:02.363283211,22.33,165.0,buy
2024-05-06 11:31:02.455306263,22.35,60.0,buy
2024-05-06 11:31:02.667207153,22.35,53.0,sell
2024-05-06 11:31:03.383421184,22.34,103.0,sell
2024-05-06 11:31:04.925499226,22.32,63.0,buy
2024-05-06 11:31:05.157656309,22.31,150.0,sell
2024-05-06 11:31:06.041873776,22.36,140.0,buy
2024-05-06 11:31:06.147723584,22.36,178.0,buy
2024-05-06 11:31:06.970722072,22.36,106.0,buy
2024-05-06 11:31:07.506455210,22.4,74.0,sell
2024-05-06 11:31:07.613512123,22.41,144.0,sell
2024-05-06 11:31:07.793641344,22.41,166.0,sell
2024-05-06 11:31:07.864291167,22.4,96.0,sell
2024-05-06 11:31:08.105707562,22.38,84.0,sell
2024-05-06 11:31:08.219564955,22.4,93.0,buy
2024-05-06 11:31:08.735974355,22.39,120.0,buy
2024-05-06 11:31:11.337942184,22.42,141.0,sell
2024-05-06 11:31:11.343983111,22.45,111.0,sell
2024-05-06 11:31:11.733248304,22.43,109.0,buy
2024-05-06 11:31:12.159515106,22.42,103.0,sell
2024-05-06 11:31:13.387434467,22.41,78.0,sell
2024-05-06 11:31:13.740049747,22.37,135.0,buy
2024-05-06 11:31:14.132353698,22.32,145.0,buy
2024-05-06 11:31:14.451354518,22.32,90.0,sell
2024-05-06 11:31:14.607959976,22.33,260.0,buy
2024-05-06 11:31:14.636789964,22.3,98.0,sell
2024-05-06 11:31:14.899470069,22.25,53.0,sell
2024-05-06 11:31:14.926482513,22.26,161.0,sell
2024-05-06 11:31:15.326283849,22.26,100.0,sell
2024-05-06 11:31:15.509858397,22.29,186.0,buy
2024-05-06 11:31:15.891216794,22.3,101.0,sell
2024-05-06 11:31:15.963323466,22.3,75.0,sell
2024-05-06 11:31:17.312100944,22.32,67.0,sell
2024-05-06 11:31:18.436723797,22.41,85.0,sell
2024-05-06 11:31:18.542082158,22.41,78.0,sell
2024-05-06 11:31:18.752456018,22.38,148.0,sell
2024-05-06 11:31:19.227758372,22.37,126.0,sell
2024-05-06 11:31:19.278047804,22.39,87.0,sell
2024-05-06 11:31:19.496965375,22.36,138.0,buy
2024-05-06 11:31:19.641548486,22.38,82.0,sell
2024-05-06 11:31:20.877149355,22.33,58.0,sell
2024-05-06 11:31:21.834148963,22.32,51.0,buy
2024-05-06 11:31:22.267700169,22.32,79.0,sell
2024-05-06 11:31:22.635045654,22.35,159.0,sell
2024-05-06 11:31:23.969886983,22.37,155.0,sell
2024-05-06 11:31:25.317166169,22.36,154.0,sell
2024-05-06 11:31:27.059403363,22.4,91.0,sell
2024-05-06 11:31:27.126385611,22.36,149.0,sell
2024-05-06 11:31:27.213894445,22.33,110.0,buy
2024-05-06 11:31:27.778538502,22.36,110.0,sell
2024-05-06 11:31:28.168364546,22.44,66.0,sell
2024-05-06 11:31:28.177683810,22.44,98.0,buy
2024-05-06 11:31:28.209673169,22.44,137.0,buy
2024-05-06 11:31:29.304660351,22.44,62.0,sell
2024-05-06 11:31:30.320446425,22.45,118.0,sell
2024-05-06 11:31:30.541462417,22.47,233.0,buy
2024-05-06 11:31:31.649898357,22.47,148.0,buy
2024-05-06 11:31:32.100199422,22.45,227.0,sell
2024-05-06 11:31:32.919904863,22.45,83.0,buy
2024-05-06 11:31:33.198715939,22.47,91.0,sell
2024-05-06 11:31:33.258895674,22.43,145.0,sell
2024-05-06 11:31:33.543235222,22.47,60.0,buy
2024-05-06 11:31:33.848834334,22.49,120.0,sell
2024-05-06 11:31:34.249138389,22.47,77.0,sell
2024-05-06 11:31:34.304929813,22.5,47.0,sell
2024-05-06 11:31:36.683034680,22.42,112.0,buy
2024-05-06 11:31:36.822982129,22.39,156.0,sell
2024-05-06 11:31:36.933649975,22.44,113.0,sell
2024-05-06 11:31:37.307771632,22.47,78.0,sell
2024-05-06 11:31:37.693010611,22.47,81.0,buy
2024-05-06 11:31:37.982759829,22.45,131.0,buy
2024-05-06 11:31:38.721728189,22.47,191.0,buy
2024-05-06 11:31:39.085239866,22.49,50.0,buy
2024-05-06 11:31:39.555653846,22.52,124.0,buy
2024-05-06 11:31:40.198871817,22.49,110.0,sell
2024-05-06 11:31:40.211543594,22.52,157.0,sell
2024-05-06 11:31:40.634278240,22.48,57.0,buy
2024-05-06 11:31:41.712199725,22.41,156.0,sell
2024-05-06 11:31:41.720970577,22.38,87.0,buy
2024-05-06 11:31:41.980720565,22.36,123.0,buy
2024-05-06 11:31:43.284104851,22.37,59.0,sell
2024-05-06 11:31:43.501928679,22.33,76.0,sell
2024-05-06 11:31:43.808846117,22.32,137.0,buy
2024-05-06 11:31:45.804958375,22.31,84.0,buy
2024-05-06 11:31:45.916107741,22.27,154.0,sell
2024-05-06 11:31:45.949848599,22.29,267.0,sell
2024-05-06 11:31:46.930847093,22.3,167.0,buy
2024-05-06 11:31:47.945089541,22.31,109.0,buy
2024-05-06 11:31:48.264492751,22.29,132.0,sell
2024-05-06 11:31:48.625479267,22.29,86.0,sell
2024-05-06 11:31:49.528833703,22.29,145.0,buy
2024-05-06 11:31:50.199607978,22.28,77.0,buy
2024-05-06 11:31:50.353651740,22.3,63.0,buy
2024-05-06 11:31:50.362170578,22.32,118.0,buy
2024-05-06 11:31:50.688845589,22.31,94.0,sell
2024-05-06 11:31:51.668032480,22.32,63.0,sell
2024-05-06 11:31:52.798920477,22.32,144.0,buy
2024-05-06 11:31:54.363280351,22.3,114.0,buy
2024-05-06 11:31:55.421595580,22.32,116.0,buy
2024-05-06 11:31:55.855397718,22.29,135.0,sell
2024-05-06 11:31:56.149436111,22.31,89.0,buy
2024-05-06 11:31:56.894929986,22.33,29.0,buy
2024-05-06 11:31:57.568123917,22.37,145.0,sell
2024-05-06 11:31:57.954374362,22.4,78.0,sell
2024-05-06 11:31:58.000063377,22.39,69.0,buy
2024-05-06 11:31:59.302458413,22.41,154.0,sell
2024-05-06 11:31:59.606496248,22.38,63.0,sell
2024-05-06 11:31:59.832251123,22.39,81.0,buy
2024-05-06 11:32:00.328793000,22.34,144.0,buy
2024-05-06 11:32:00.888973485,22.33,119.0,buy
2024-05-06 11:32:01.007270232,22.3,156.0,sell
2024-05-06 11:32:01.914085214,22.33,67.0,buy
2024-05-06 11:32:02.085286070,22.29,200.0,buy
2024-05-06 11:32:02.188603805,22.28,112.0,buy
2024-05-06 11:32:02.449378475,22.25,86.0,buy
2024-05-06 11:32:03.105083399,22.25,85.0,sell
2024-05-06 11:32:04.787875634,22.26,50.0,buy
2024-05-06 11:32:05.616353396,22.18,232.0,sell
2024-05-06 11:32:07.025970363,22.18,80.0,buy
2024-05-06 11:32:07.101734143,22.15,133.0,sell
2024-05-06 11:32:07.138652578,22.15,111.0,sell
2024-05-06 11:32:07.546541408,22.15,43.0,buy
2024-05-06 11:32:07.717996102,22.15,80.0,buy
2024-05-06 11:32:08.598286333,22.15,109.0,buy
2024-05-06 11:32:09.155638680,22.13,91.0,sell
2024-05-06 11:32:10.921203407,22.13,168.0,buy
2024-05-06 11:32:11.068249598,22.12,89.0,sell
2024-05-06 11:32:11.400805643,22.15,95.0,buy
2024-05-06 11:32:11.748621252,22.16,63.0,sell
2024-05-06 11:32:11.885298386,22.19,108.0,buy
2024-05-06 11:32:12.331211361,22.18,76.0,sell
2024-05-06 11:32:12.624063166,22.19,93.0,buy
2024-05-06 11:32:12.920010110,22.22,72.0,buy
2024-05-06 11:32:13.145296252,22.21,117.0,sell
2024-05-06 11:32:13.153833398,22.21,150.0,sell
2024-05-06 11:32:13.523005301,22.22,102.0,buy
2024-05-06 11:32:13.727175798,22.24,84.0,sell
2024-05-06 11:32:13.727836168,22.24,128.0,buy
2024-05-06 11:32:13.911880158,22.23,111.0,sell
2024-05-06 11:32:14.075180551,22.25,175.0,sell
2024-05-06 11:32:14.325163086,22.26,90.0,buy
2024-05-06 11:32:14.395859616,22.26,116.0,sell
2024-05-06 11:32:14.750176684,22.25,170.0,sell
2024-05-06 11:32:15.339719801,22.25,53.0,buy
2024-05-06 11:32:15.837096770,22.27,99.0,buy
2024-05-06 11:32:16.651292336,22.32,68.0,buy
2024-05-06 11:32:16.952039895,22.3,76.0,sell
2024-05-06 11:32:17.318079262,22.31,182.0,buy
2024-05-06 11:32:18.149503725,22.32,130.0,buy
2024-05-06 11:32:18.428550722,22.31,123.0,buy
2024-05-06 11:32:19.033209838,22.31,119.0,sell
2024-05-06 11:32:19.318322850,22.3,93.0,sell
2024-05-06 11:32:19.588738680,22.31,64.0,sell
2024-05-06 11:32:20.302725426,22.31,165.0,buy
2024-05-06 11:32:20.398812543,22.28,42.0,sell
2024-05-06 11:32:20.605500177,22.3,121.0,buy
2024-05-06 11:32:20.732412572,22.33,57.0,sell
2024-05-06 11:32:20.954861250,22.29,79.0,sell
2024-05-06 11:32:21.085787082,22.29,106.0,sell
2024-05-06 11:32:21.518830284,22.26,174.0,sell
2024-05-06 11:32:22.318997032,22.27,165.0,sell
2024-05-06 11:32:23.091321106,22.28,83.0,buy
2024-05-06 11:32:23.317993459,22.26,45.0,sell
2024-05-06 11:32:25.562149733,22.25,67.0,sell
2024-05-06 11:32:26.012671471,22.22,119.0,buy
2024-05-06 11:32:26.267584783,22.24,105.0,buy
2024-05-06 11:32:27.170126542,22.22,139.0,sell
2024-05-06 11:32:27.824559946,22.2,86.0,buy
2024-05-06 11:32:28.516259896,22.17,148.0,buy
2024-05-06 11:32:28.625424570,22.14,107.0,sell
2024-05-06 11:32:28.941285358,22.18,106.0,sell
2024-05-06 11:32:29.930913828,22.16,112.0,buy
2024-05-06 11:32:30.281541819,22.14,55.0,sell
2024-05-06 11:32:30.856683189,22.13,87.0,sell
2024-05-06 11:32:31.299968739,22.16,120.0,buy
2024-05-06 11:32:32.223679214,22.22,106.0,sell
2024-05-06 11:32:32.391108571,22.21,186.0,buy
2024-05-06 11:32:32.819501089,22.17,135.0,sell
2024-05-06 11:32:32.885259041,22.16,98.0,buy
2024-05-06 11:32:33.471190610,22.21,53.0,sell
2024-05-06 11:32:34.129514759,22.24,116.0,sell
2024-05-06 11:32:34.151405716,22.22,169.0,buy
2024-05-06 11:32:34.714589115,22.22,81.0,sell
2024-05-06 11:32:34.982396075,22.2,96.0,sell
2024-05-06 11:32:35.048645967,22.22,69.0,buy
2024-05-06 11:32:35.320929861,22.22,146.0,buy
2024-05-06 11:32:35.428910147,22.21,201.0,buy
2024-05-06 11:32:35.697460325,22.23,125.0,buy
2024-05-06 11:32:35.939989743,22.21,89.0,buy
2024-05-06 11:32:36.610443089,22.24,179.0,sell
2024-05-06 11:32:37.354530355,22.21,209.0,sell
2024-05-06 11:32:37.821539646,22.18,63.0,buy
2024-05-06 11:32:37.833013720,22.19,71.0,sell
2024-05-06 11:32:39.169999575,22.16,115.0,sell
2024-05-06 11:32:39.749552325,22.18,43.0,sell
2024-05-06 11:32:39.766949222,22.19,59.0,sell
2024-05-06 11:32:40.621116955,22.2,104.0,sell
2024-05-06 11:32:40.732855105,22.17,132.0,sell
2024-05-06 11:32:41.165679092,22.2,108.0,buy
2024-05-06 11:32:41.479953144,22.21,72.0,buy
2024-05-06 11:32:41.752177771,22.19,107.0,buy
2024-05-06 11:32:42.854515646,22.16,107.0,buy
2024-05-06 11:32:43.142074437,22.15,105.0,buy
2024-05-06 11:32:43.181241252,22.15,115.0,sell
2024-05-06 11:32:44.646576264,22.16,176.0,sell
2024-05-06 11:32:45.912797022,22.19,79.0,buy
2024-05-06 11:32:46.489488659,22.18,137.0,buy
2024-05-06 11:32:46.804943557,22.19,202.0,sell
2024-05-06 11:32:46.853672509,22.23,170.0,sell
2024-05-06 11:32:47.635780798,22.24,126.0,sell
2024-05-06 11:32:47.675019968,22.27,154.0,sell
2024-05-06 11:32:47.710553721,22.28,97.0,sell
2024-05-06 11:32:48.095982522,22.27,93.0,buy
2024-05-06 11:32:48.183235555,22.24,230.0,buy
2024-05-06 11:32:48.187115705,22.21,54.0,buy
2024-05-06 11:32:48.462170515,22.23,89.0,buy
2024-05-06 11:32:48.535966683,22.23,102.0,buy
2024-05-06 11:32:48.623450266,22.23,132.0,buy
2024-05-06 11:32:48.663464882,22.18,80.0,buy
2024-05-06 11:32:48.778230432,22.21,90.0,buy
2024-05-06 11:32:49.406713642,22.24,84.0,sell
2024-05-06 11:32:50.234264309,22.21,105.0,sell
2024-05-06 11:32:50.535491442,22.26,61.0,sell
2024-05-06 11:32:50.888662181,22.25,73.0,buy
2024-05-06 11:32:50.905262236,22.2,156.0,buy
2024-05-06 11:32:50.941180116,22.2,62.0,buy
2024-05-06 11:32:51.090091929,22.2,188.0,sell
2024-05-06 11:32:51.482611795,22.19,84.0,sell
2024-05-06 11:32:52.155286188,22.23,89.0,buy
2024-05-06 11:32:52.619724820,22.25,71.0,buy
2024-05-06 11:32:52.868620173,22.26,104.0,buy
2024-05-06 11:32:52.931585533,22.22,107.0,sell
2024-05-06 11:32:53.690409847,22.25,158.0,sell
2024-05-06 11:32:53.916520035,22.25,219.0,buy
2024-05-06 11:32:54.582525434,22.23,96.0,sell
2024-05-06 11:32:54.942249289,22.24,69.0,sell
2024-05-06 11:32:55.613219737,22.27,115.0,sell
2024-05-06 11:32:56.802356840,22.29,116.0,sell
2024-05-06 11:32:58.071697399,22.26,115.0,sell
2024-05-06 11:32:58.454671166,22.28,81.0,buy
2024-05-06 11:32:58.812887631,22.33,180.0,buy
2024-05-06 11:32:58.967291776,22.31,50.0,sell
2024-05-06 11:33:00.340166498,22.28,38.0,buy
2024-05-06 11:33:00.646336573,22.29,108.0,sell
2024-05-06 11:33:00.714585174,22.26,77.0,sell
2024-05-06 11:33:00.998023013,22.29,39.0,buy
2024-05-06 11:33:01.065963374,22.26,185.0,sell
2024-05-06 11:33:01.415075080,22.25,78.0,sell
2024-05-06 11:33:01.827016910,22.22,124.0,buy
2024-05-06 11:33:02.033077335,22.27,58.0,sell
2024-05-06 11:33:02.070250897,22.28,92.0,sell
2024-05-06 11:33:03.507039507,22.3,125.0,buy
2024-05-06 11:33:04.249220526,22.29,187.0,buy
2024-05-06 11:33:05.162026805,22.3,72.0,sell
2024-05-06 11:33:05.390565290,22.3,82.0,buy
2024-05-06 11:33:06.105857785,22.26,126.0,sell
2024-05-06 11:33:06.438014139,22.25,133.0,sell
2024-05-06 11:33:06.550263554,22.28,41.0,sell
2024-05-06 11:33:06.616699860,22.31,117.0,buy
2024-05-06 11:33:06.828298715,22.31,115.0,buy
2024-05-06 11:33:06.902288990,22.32,137.0,buy
2024-05-06 11:33:10.081810118,22.33,71.0,sell
2024-05-06 11:33:10.107030100,22.32,119.0,buy
2024-05-06 11:33:10.397961463,22.33,111.0,sell
2024-05-06 11:33:10.698786796,22.34,85.0,buy
2024-05-06 11:33:10.877575850,22.32,84.0,buy
2024-05-06 11:33:11.301134948,22.32,141.0,buy
2024-05-06 11:33:11.382380898,22.3,112.0,sell
2024-05-06 11:33:12.148416552,22.23,120.0,sell
2024-05-06 11:33:12.350485335,22.25,101.0,buy
2024-05-06 11:33:12.797924386,22.26,72.0,buy
2024-05-06 11:33:13.426680162,22.29,55.0,buy
2024-05-06 11:33:14.525982456,22.26,83.0,sell
2024-05-06 11:33:15.429279242,22.26,80.0,buy
2024-05-06 11:33:15.897920285,22.26,202.0,sell
2024-05-06 11:33:16.143753113,22.28,174.0,buy
2024-05-06 11:33:16.493541687,22.27,91.0,buy
2024-05-06 11:33:17.225636760,22.29,40.0,sell
2024-05-06 11:33:18.275644807,22.3,77.0,buy
2024-05-06 11:33:18.330430563,22.27,46.0,buy
2024-05-06 11:33:18.573380223,22.26,57.0,buy
2024-05-06 11:33:19.321695168,22.24,192.0,buy
2024-05-06 11:33:19.604205645,22.25,154.0,buy
2024-05-06 11:33:19.806109709,22.27,81.0,buy
2024-05-06 11:33:20.071048268,22.25,123.0,sell
2024-05-06 11:33:20.532762273,22.23,87.0,sell
2024-05-06 11:33:24.804387483,22.23,102.0,sell
2024-05-06 11:33:25.144002154,22.23,130.0,sell
2024-05-06 11:33:25.260911363,22.21,91.0,sell
2024-05-06 11:33:25.349785325,22.22,42.0,buy
2024-05-06 11:33:25.371421649,22.24,67.0,buy
2024-05-06 11:33:25.780569677,22.23,225.0,sell
2024-05-06 11:33:26.173828599,22.21,62.0,buy
2024-05-06 11:33:26.288682327,22.22,230.0,sell
2024-05-06 11:33:26.882944380,22.2,56.0,buy
2024-05-06 11:33:27.558614676,22.24,70.0,sell
2024-05-06 11:33:27.708558272,22.27,95.0,sell
2024-05-06 11:33:27.919431563,22.22,198.0,buy
2024-05-06 11:33:30.246174592,22.22,130.0,buy
2024-05-06 11:33:30.480588327,22.22,183.0,buy
2024-05-06 11:33:31.195819450,22.23,157.0,sell
2024-05-06 11:33:31.497221770,22.27,109.0,sell
2024-05-06 11:33:32.285573625,22.31,33.0,buy
2024-05-06 11:33:33.018292712,22.29,107.0,buy
2024-05-06 11:33:33.569235570,22.29,123.0,sell
2024-05-06 11:33:34.533982599,22.28,170.0,sell
2024-05-06 11:33:35.934217463,22.29,67.0,sell
2024-05-06 11:33:36.367947891,22.3,145.0,sell
2024-05-06 11:33:36.503503888,22.32,115.0,buy
2024-05-06 11:33:36.757775471,22.32,58.0,buy
2024-05-06 11:33:37.467816286,22.32,259.0,sell
2024-05-06 11:33:37.993991066,22.32,90.0,sell
2024-05-06 11:33:38.091875858,22.29,92.0,sell
2024-05-06 11:33:38.118175321,22.28,121.0,sell
2024-05-06 11:33:38.692541499,22.27,156.0,buy
2024-05-06 11:33:38.837102403,22.24,76.0,buy
